paper_id,artifact_set_id,year,problem,stratum,source_route,marker_only_page_count,marker_count,fully_marker_only,formal_body_substantive_content_present,marker_semantics,page_boundary_preserved,structural_non_page_local,confirmed_missing_page_count,legitimate_blank_page_count,unresolved_page_count,governed_duplicate,shared_formal_path,shared_body_sha,formal_body_path,formal_body_sha256,source_path,source_sha256,identity_binding_valid,membership_binding_valid,artifact_binding_valid,source_binding_valid,classification,root_cause_category,repair_required,repair_layer,review_evidence_repair_required,human_rereview_required,confidence,notes
CUMCM-1992-A-001,derived/scale/papers/CUMCM-1992-A-001,1992,A,OTHER_FORMAL_DERIVED,PDF->pdf-inspector/native-markdown->Q0 per-page normalization->source_page marker assembly->paper.md,1,1,1,0,PAGE_LOCAL_STRICT_BOUNDARY,1,0,0,0,1,1,0,6D45B274DAC003D8F877953199BDDA67DE1BB71644F115208DB1E8E34A9CB7C2,derived/scale/papers/CUMCM-1992-A-001/paper.md,6D45B274DAC003D8F877953199BDDA67DE1BB71644F115208DB1E8E34A9CB7C2,1992年数学建模国赛优秀论文/1992年A题优秀论文③ 施肥效果分析.pdf,F784800B2EE0929904DA04B05C302B0E68D299A70818956AB615EE8D98DD6F2B,1,1,1,1,STILL_UNRESOLVED,UNRESOLVED_MARKER_ONLY_PAGE_CONTENT_CLASSIFICATION,0,UNRESOLVED,0,0,LOW,No existing page-level source evidence establishes substantive content or a legitimate blank-page explanation; retain unresolved.
CUMCM-1992-A-002,derived/scale/papers/CUMCM-1992-A-002,1992,A,OTHER_FORMAL_DERIVED,PDF->pdf-inspector/native-markdown->Q0 per-page normalization->source_page marker assembly->paper.md,6,6,1,0,PAGE_LOCAL_STRICT_BOUNDARY,1,0,0,0,6,1,0,3556B4100929F4D56319AA760B104EE0CA947F3D5B03F13F7A0DF601179225BE,derived/scale/papers/CUMCM-1992-A-002/paper.md,3556B4100929F4D56319AA760B104EE0CA947F3D5B03F13F7A0DF601179225BE,1992年数学建模国赛优秀论文/1992年A题优秀论文② 施肥方案对作物蔬菜的影响.pdf,65FB38A666A49FAC5A672F2B21BC8BC21DF5325A0D42E4BF6C7FB2E7D6CC74B7,1,1,1,1,STILL_UNRESOLVED,UNRESOLVED_MARKER_ONLY_PAGE_CONTENT_CLASSIFICATION,0,UNRESOLVED,0,0,LOW,No existing page-level source evidence establishes substantive content or a legitimate blank-page explanation; retain unresolved.
CUMCM-1992-A-003,derived/scale/papers/CUMCM-1992-A-003,1992,A,OTHER_FORMAL_DERIVED,PDF->pdf-inspector/native-markdown->Q0 per-page normalization->source_page marker assembly->paper.md,5,5,1,0,PAGE_LOCAL_STRICT_BOUNDARY,1,0,3,0,2,1,0,1D9182549363CD07A8F3D657C2AD60D5197D3991577AD22ACB1BFC0A2C456E59,derived/scale/papers/CUMCM-1992-A-003/paper.md,1D9182549363CD07A8F3D657C2AD60D5197D3991577AD22ACB1BFC0A2C456E59,1992年数学建模国赛优秀论文/1992年A题优秀论文③ 关于非线性交调的频率设计的评注.pdf,F24E48AE1113A02C6ADCF3339392D8B2C9A1449BE1A64FB2DE3D8543A8066E12,1,1,1,1,CONFIRMED_DEFECTIVE,FORMAL_ARTIFACT_PAGE_CONTENT_MISSING,1,FORMAL_BODY_RECONSTRUCTION_SERIALIZATION,0,1,HIGH,Confirmed by existing G11 selected-page PNG/excerpt evidence; 9 confirmed identities also retain additional unresolved marker-only pages.
CUMCM-1992-B-001,derived/scale/papers/CUMCM-1992-B-001,1992,B,OTHER_FORMAL_DERIVED,PDF->pdf-inspector/native-markdown->Q0 per-page normalization->source_page marker assembly->paper.md,2,2,1,0,PAGE_LOCAL_STRICT_BOUNDARY,1,0,0,0,2,1,0,96063CBA314A4F2CBA5DBE2319045D111F6D07789F83372C519D124C7AA4C1B2,derived/scale/papers/CUMCM-1992-B-001/paper.md,96063CBA314A4F2CBA5DBE2319045D111F6D07789F83372C519D124C7AA4C1B2,1992年数学建模国赛优秀论文/1992年B题优秀论文③ 关于蛋白质氨基酸的组合问题的评注.pdf,9EB60530CF596149C54862AABBBB732ABD9D095267273BEF5682EB79AEE2D99A,1,1,1,1,STILL_UNRESOLVED,UNRESOLVED_MARKER_ONLY_PAGE_CONTENT_CLASSIFICATION,0,UNRESOLVED,0,0,LOW,No existing page-level source evidence establishes substantive content or a legitimate blank-page explanation; retain unresolved.
CUMCM-1992-B-002,derived/scale/papers/CUMCM-1992-B-002,1992,B,OTHER_FORMAL_DERIVED,PDF->pdf-inspector/native-markdown->Q0 per-page normalization->source_page marker assembly->paper.md,9,9,1,0,PAGE_LOCAL_STRICT_BOUNDARY,1,0,0,0,9,1,0,1C2FC324063A906FF208763D2826E0A769B059290333B0542241C22CD9C91DE8,derived/scale/papers/CUMCM-1992-B-002/paper.md,1C2FC324063A906FF208763D2826E0A769B059290333B0542241C22CD9C91DE8,1992年数学建模国赛优秀论文/1992年B题优秀论文② 蛋白质氨基酸的组合问题.pdf,13312C02679947C9D2BD21B401E39EF740B095171B68E3302F7A7505B9BCBB99,1,1,1,1,STILL_UNRESOLVED,UNRESOLVED_MARKER_ONLY_PAGE_CONTENT_CLASSIFICATION,0,UNRESOLVED,0,0,LOW,No existing page-level source evidence establishes substantive content or a legitimate blank-page explanation; retain unresolved.
CUMCM-1993-B-001,derived/scale/papers/CUMCM-1993-B-001,1993,B,OTHER_FORMAL_DERIVED,PDF->pdf-inspector/native-markdown->Q0 per-page normalization->source_page marker assembly->paper.md,2,2,1,0,PAGE_LOCAL_STRICT_BOUNDARY,1,0,2,0,0,1,0,96063CBA314A4F2CBA5DBE2319045D111F6D07789F83372C519D124C7AA4C1B2,derived/scale/papers/CUMCM-1993-B-001/paper.md,96063CBA314A4F2CBA5DBE2319045D111F6D07789F83372C519D124C7AA4C1B2,1993年数学建模国赛真题+优秀论文/1993年国赛优秀论文/1993年B题优秀论文② 足球排名次问题.pdf,9754E4494E59EC79D460387BED3D9B8D8E2B915DCF9E192E7E1DD363F0086EDA,1,1,1,1,CONFIRMED_DEFECTIVE,FORMAL_ARTIFACT_PAGE_CONTENT_MISSING,1,FORMAL_BODY_RECONSTRUCTION_SERIALIZATION,0,1,HIGH,Confirmed by existing G11 selected-page PNG/excerpt evidence.
CUMCM-1996-B-001,derived/scale/papers/CUMCM-1996-B-001,1996,B,OTHER_FORMAL_DERIVED,PDF->pdf-inspector/native-markdown->Q0 per-page normalization->source_page marker assembly->paper.md,5,5,1,0,PAGE_LOCAL_STRICT_BOUNDARY,1,0,3,0,2,1,0,1D9182549363CD07A8F3D657C2AD60D5197D3991577AD22ACB1BFC0A2C456E59,derived/scale/papers/CUMCM-1996-B-001/paper.md,1D9182549363CD07A8F3D657C2AD60D5197D3991577AD22ACB1BFC0A2C456E59,1996年数学建模国赛真题+优秀论文/1996年国赛优秀论文/1996B：节水洗衣机问题数学建模及若干评注.pdf,6EF9201798BF3E216638A2B044038F05712CE4507B9E00192554895DC96D4278,1,1,1,1,CONFIRMED_DEFECTIVE,FORMAL_ARTIFACT_PAGE_CONTENT_MISSING,1,FORMAL_BODY_RECONSTRUCTION_SERIALIZATION,0,1,HIGH,Confirmed by existing G11 selected-page PNG/excerpt evidence; 9 confirmed identities also retain additional unresolved marker-only pages.
CUMCM-1996-B-003,derived/scale/papers/CUMCM-1996-B-003,1996,B,OTHER_FORMAL_DERIVED,PDF->pdf-inspector/native-markdown->Q0 per-page normalization->source_page marker assembly->paper.md,4,4,1,0,PAGE_LOCAL_STRICT_BOUNDARY,1,0,0,0,4,1,0,747914D495F481AEA94B89B6481B5B807695DFAC4C1C281DE639E2F58A4F0997,derived/scale/papers/CUMCM-1996-B-003/paper.md,747914D495F481AEA94B89B6481B5B807695DFAC4C1C281DE639E2F58A4F0997,1996年数学建模国赛真题+优秀论文/1996年国赛优秀论文/1996B：节水洗衣机的设计.pdf,96257EB5FD8EE017CBE33AAD705C4451E444DAEF10172DBA9DC2C8E3F20533CC,1,1,1,1,STILL_UNRESOLVED,UNRESOLVED_MARKER_ONLY_PAGE_CONTENT_CLASSIFICATION,0,UNRESOLVED,0,0,LOW,No existing page-level source evidence establishes substantive content or a legitimate blank-page explanation; retain unresolved.
CUMCM-1997-A-008,derived/scale/papers/CUMCM-1997-A-008,1997,A,OTHER_FORMAL_DERIVED,PDF->pdf-inspector/native-markdown->Q0 per-page normalization->source_page marker assembly->paper.md,5,5,1,0,PAGE_LOCAL_STRICT_BOUNDARY,1,0,3,0,2,1,0,1D9182549363CD07A8F3D657C2AD60D5197D3991577AD22ACB1BFC0A2C456E59,derived/scale/papers/CUMCM-1997-A-008/paper.md,1D9182549363CD07A8F3D657C2AD60D5197D3991577AD22ACB1BFC0A2C456E59,1997年数学建模国赛真题+优秀论文/1997年国赛优秀论文/1997A：零件的参数设计(1).pdf,7CE89B136265005FB597C7886D441E66504DB71F07101F0F67BC3B94C4543948,1,1,1,1,CONFIRMED_DEFECTIVE,FORMAL_ARTIFACT_PAGE_CONTENT_MISSING,1,FORMAL_BODY_RECONSTRUCTION_SERIALIZATION,0,1,HIGH,Confirmed by existing G11 selected-page PNG/excerpt evidence; 9 confirmed identities also retain additional unresolved marker-only pages.
CUMCM-1997-A-009,derived/scale/papers/CUMCM-1997-A-009,1997,A,OTHER_FORMAL_DERIVED,PDF->pdf-inspector/native-markdown->Q0 per-page normalization->source_page marker assembly->paper.md,5,5,1,0,PAGE_LOCAL_STRICT_BOUNDARY,1,0,0,0,5,1,0,1D9182549363CD07A8F3D657C2AD60D5197D3991577AD22ACB1BFC0A2C456E59,derived/scale/papers/CUMCM-1997-A-009/paper.md,1D9182549363CD07A8F3D657C2AD60D5197D3991577AD22ACB1BFC0A2C456E59,1997年数学建模国赛真题+优秀论文/1997年国赛优秀论文/1997A：关于零件参数问题的建模.pdf,FF068F978532B4A37B625C35EFCBF72E2BBD2EFDA2638E93BD0D77B8483EA314,1,1,1,1,STILL_UNRESOLVED,UNRESOLVED_MARKER_ONLY_PAGE_CONTENT_CLASSIFICATION,0,UNRESOLVED,0,0,LOW,No existing page-level source evidence establishes substantive content or a legitimate blank-page explanation; retain unresolved.
CUMCM-1997-B-004,derived/scale/papers/CUMCM-1997-B-004,1997,B,OTHER_FORMAL_DERIVED,PDF->pdf-inspector/native-markdown->Q0 per-page normalization->source_page marker assembly->paper.md,6,6,1,0,PAGE_LOCAL_STRICT_BOUNDARY,1,0,0,0,6,1,0,3556B4100929F4D56319AA760B104EE0CA947F3D5B03F13F7A0DF601179225BE,derived/scale/papers/CUMCM-1997-B-004/paper.md,3556B4100929F4D56319AA760B104EE0CA947F3D5B03F13F7A0DF601179225BE,1997年数学建模国赛真题+优秀论文/1997年国赛优秀论文/1997B：截断切割优化模型.pdf,5311A39013A7C9EB84307250394CABC5B7226BA33D38B07CD52D416354F63569,1,1,1,1,STILL_UNRESOLVED,UNRESOLVED_MARKER_ONLY_PAGE_CONTENT_CLASSIFICATION,0,UNRESOLVED,0,0,LOW,No existing page-level source evidence establishes substantive content or a legitimate blank-page explanation; retain unresolved.
CUMCM-1997-B-007,derived/scale/papers/CUMCM-1997-B-007,1997,B,OTHER_FORMAL_DERIVED,PDF->pdf-inspector/native-markdown->Q0 per-page normalization->source_page marker assembly->paper.md,6,6,1,0,PAGE_LOCAL_STRICT_BOUNDARY,1,0,0,0,6,1,0,3556B4100929F4D56319AA760B104EE0CA947F3D5B03F13F7A0DF601179225BE,derived/scale/papers/CUMCM-1997-B-007/paper.md,3556B4100929F4D56319AA760B104EE0CA947F3D5B03F13F7A0DF601179225BE,1997年数学建模国赛真题+优秀论文/1997年国赛优秀论文/1997B：长方体材料截断切割的优化设计.pdf,E2A86C0188B188DB135A87DD41AF498679DC95D2D6931A2CF18E554CC05A6635,1,1,1,1,STILL_UNRESOLVED,UNRESOLVED_MARKER_ONLY_PAGE_CONTENT_CLASSIFICATION,0,UNRESOLVED,0,0,LOW,No existing page-level source evidence establishes substantive content or a legitimate blank-page explanation; retain unresolved.
CUMCM-1998-A-001,derived/scale/papers/CUMCM-1998-A-001,1998,A,OTHER_FORMAL_DERIVED,PDF->pdf-inspector/native-markdown->Q0 per-page normalization->source_page marker assembly->paper.md,2,2,1,0,PAGE_LOCAL_STRICT_BOUNDARY,1,0,0,0,2,1,0,96063CBA314A4F2CBA5DBE2319045D111F6D07789F83372C519D124C7AA4C1B2,derived/scale/papers/CUMCM-1998-A-001/paper.md,96063CBA314A4F2CBA5DBE2319045D111F6D07789F83372C519D124C7AA4C1B2,1998年数学建模国赛真题+优秀论文/1998年国赛优秀论文/1998A：投资收益与风险的优化模型.pdf,4A2874E66796AC3E5CEF35A48C2A4BB0E73094E824DE2335C0091F86EE51AC27,1,1,1,1,STILL_UNRESOLVED,UNRESOLVED_MARKER_ONLY_PAGE_CONTENT_CLASSIFICATION,0,UNRESOLVED,0,0,LOW,No existing page-level source evidence establishes substantive content or a legitimate blank-page explanation; retain unresolved.
CUMCM-1998-A-005,derived/scale/papers/CUMCM-1998-A-005,1998,A,OTHER_FORMAL_DERIVED,PDF->pdf-inspector/native-markdown->Q0 per-page normalization->source_page marker assembly->paper.md,5,5,1,0,PAGE_LOCAL_STRICT_BOUNDARY,1,0,0,0,5,1,0,1D9182549363CD07A8F3D657C2AD60D5197D3991577AD22ACB1BFC0A2C456E59,derived/scale/papers/CUMCM-1998-A-005/paper.md,1D9182549363CD07A8F3D657C2AD60D5197D3991577AD22ACB1BFC0A2C456E59,1998年数学建模国赛真题+优秀论文/1998年国赛优秀论文/1998A：一类投资组合问题的建模与分析.pdf,ED7FFCBFAD82E9A6746032B986638F063D7AD9C1B7B155C0A773707C602297BB,1,1,1,1,STILL_UNRESOLVED,UNRESOLVED_MARKER_ONLY_PAGE_CONTENT_CLASSIFICATION,0,UNRESOLVED,0,0,LOW,No existing page-level source evidence establishes substantive content or a legitimate blank-page explanation; retain unresolved.
CUMCM-1998-A-007,derived/scale/papers/CUMCM-1998-A-007,1998,A,OTHER_FORMAL_DERIVED,PDF->pdf-inspector/native-markdown->Q0 per-page normalization->source_page marker assembly->paper.md,5,5,1,0,PAGE_LOCAL_STRICT_BOUNDARY,1,0,3,0,2,1,0,1D9182549363CD07A8F3D657C2AD60D5197D3991577AD22ACB1BFC0A2C456E59,derived/scale/papers/CUMCM-1998-A-007/paper.md,1D9182549363CD07A8F3D657C2AD60D5197D3991577AD22ACB1BFC0A2C456E59,1998年数学建模国赛真题+优秀论文/1998年国赛优秀论文/1998A：投资组合与模糊规划模型.pdf,9916DF219AE450DE559416FC928BC4DF0EE7FCB63B13887739C487F561D04B30,1,1,1,1,CONFIRMED_DEFECTIVE,FORMAL_ARTIFACT_PAGE_CONTENT_MISSING,1,FORMAL_BODY_RECONSTRUCTION_SERIALIZATION,0,1,HIGH,Confirmed by existing G11 selected-page PNG/excerpt evidence; 9 confirmed identities also retain additional unresolved marker-only pages.
CUMCM-1998-A-008,derived/scale/papers/CUMCM-1998-A-008,1998,A,OTHER_FORMAL_DERIVED,PDF->pdf-inspector/native-markdown->Q0 per-page normalization->source_page marker assembly->paper.md,4,4,1,0,PAGE_LOCAL_STRICT_BOUNDARY,1,0,0,0,4,1,0,747914D495F481AEA94B89B6481B5B807695DFAC4C1C281DE639E2F58A4F0997,derived/scale/papers/CUMCM-1998-A-008/paper.md,747914D495F481AEA94B89B6481B5B807695DFAC4C1C281DE639E2F58A4F0997,1998年数学建模国赛真题+优秀论文/1998年国赛优秀论文/1998A：风险投资组合的线性规划模型.pdf,80B961D364E4583CD89574C3B52804FDB1137CF8A1AB6F401A3995DCB99ECED2,1,1,1,1,STILL_UNRESOLVED,UNRESOLVED_MARKER_ONLY_PAGE_CONTENT_CLASSIFICATION,0,UNRESOLVED,0,0,LOW,No existing page-level source evidence establishes substantive content or a legitimate blank-page explanation; retain unresolved.
CUMCM-1998-B-001,derived/scale/papers/CUMCM-1998-B-001,1998,B,OTHER_FORMAL_DERIVED,PDF->pdf-inspector/native-markdown->Q0 per-page normalization->source_page marker assembly->paper.md,7,7,1,0,PAGE_LOCAL_STRICT_BOUNDARY,1,0,0,0,7,1,0,845EAC42B8D7C797245E742A556F6F7B87F8594979C758FB43031CD6D48DB563,derived/scale/papers/CUMCM-1998-B-001/paper.md,845EAC42B8D7C797245E742A556F6F7B87F8594979C758FB43031CD6D48DB563,1998年数学建模国赛真题+优秀论文/1998年国赛优秀论文/1998B：灾情巡视路线的设计.pdf,B4EC3677E59F66CF1C7673756505949CE68621D3DF90864635B908B73CF92AA5,1,1,1,1,STILL_UNRESOLVED,UNRESOLVED_MARKER_ONLY_PAGE_CONTENT_CLASSIFICATION,0,UNRESOLVED,0,0,LOW,No existing page-level source evidence establishes substantive content or a legitimate blank-page explanation; retain unresolved.
CUMCM-1998-B-002,derived/scale/papers/CUMCM-1998-B-002,1998,B,OTHER_FORMAL_DERIVED,PDF->pdf-inspector/native-markdown->Q0 per-page normalization->source_page marker assembly->paper.md,4,4,1,0,PAGE_LOCAL_STRICT_BOUNDARY,1,0,0,0,4,1,0,747914D495F481AEA94B89B6481B5B807695DFAC4C1C281DE639E2F58A4F0997,derived/scale/papers/CUMCM-1998-B-002/paper.md,747914D495F481AEA94B89B6481B5B807695DFAC4C1C281DE639E2F58A4F0997,1998年数学建模国赛真题+优秀论文/1998年国赛优秀论文/1998B：灾情巡视路线最优解的证明.pdf,AEA77C1928F637D91DEE5F427617A3930BAAC6EFD41FE5560427E03531CBC457,1,1,1,1,STILL_UNRESOLVED,UNRESOLVED_MARKER_ONLY_PAGE_CONTENT_CLASSIFICATION,0,UNRESOLVED,0,0,LOW,No existing page-level source evidence establishes substantive content or a legitimate blank-page explanation; retain unresolved.
CUMCM-1998-B-003,derived/scale/papers/CUMCM-1998-B-003,1998,B,OTHER_FORMAL_DERIVED,PDF->pdf-inspector/native-markdown->Q0 per-page normalization->source_page marker assembly->paper.md,5,5,1,0,PAGE_LOCAL_STRICT_BOUNDARY,1,0,0,0,5,1,0,1D9182549363CD07A8F3D657C2AD60D5197D3991577AD22ACB1BFC0A2C456E59,derived/scale/papers/CUMCM-1998-B-003/paper.md,1D9182549363CD07A8F3D657C2AD60D5197D3991577AD22ACB1BFC0A2C456E59,1998年数学建模国赛真题+优秀论文/1998年国赛优秀论文/1998B：灾情巡视的最佳路线.pdf,196EAF403EC3725632273A716DD2D9A4EABF8D108FFA44730D57631A553B117D,1,1,1,1,STILL_UNRESOLVED,UNRESOLVED_MARKER_ONLY_PAGE_CONTENT_CLASSIFICATION,0,UNRESOLVED,0,0,LOW,No existing page-level source evidence establishes substantive content or a legitimate blank-page explanation; retain unresolved.
CUMCM-1998-B-004,derived/scale/papers/CUMCM-1998-B-004,1998,B,OTHER_FORMAL_DERIVED,PDF->pdf-inspector/native-markdown->Q0 per-page normalization->source_page marker assembly->paper.md,6,6,1,0,PAGE_LOCAL_STRICT_BOUNDARY,1,0,0,0,6,1,0,3556B4100929F4D56319AA760B104EE0CA947F3D5B03F13F7A0DF601179225BE,derived/scale/papers/CUMCM-1998-B-004/paper.md,3556B4100929F4D56319AA760B104EE0CA947F3D5B03F13F7A0DF601179225BE,1998年数学建模国赛真题+优秀论文/1998年国赛优秀论文/1998B：灾情巡视路线寻优模型.pdf,1E452CF804FF317B9CAEB58EFEE88F69BE0C2BAB1F78613962DA4EA6E4147D2B,1,1,1,1,STILL_UNRESOLVED,UNRESOLVED_MARKER_ONLY_PAGE_CONTENT_CLASSIFICATION,0,UNRESOLVED,0,0,LOW,No existing page-level source evidence establishes substantive content or a legitimate blank-page explanation; retain unresolved.
CUMCM-1998-B-005,derived/scale/papers/CUMCM-1998-B-005,1998,B,OTHER_FORMAL_DERIVED,PDF->pdf-inspector/native-markdown->Q0 per-page normalization->source_page marker assembly->paper.md,10,10,1,0,PAGE_LOCAL_STRICT_BOUNDARY,1,0,0,0,10,1,0,D2C2B9A9C3053CBA6E8268335CA5BE7D0214F512AC81C7C8AE6302E692F1088E,derived/scale/papers/CUMCM-1998-B-005/paper.md,D2C2B9A9C3053CBA6E8268335CA5BE7D0214F512AC81C7C8AE6302E692F1088E,1998年数学建模国赛真题+优秀论文/1998年国赛优秀论文/1998B：最佳灾情巡视路线的数学模型.pdf,E9AC74ACABE68FB0BCBFAAACD49EEB9AB7D4DFDD9323F5DA9EF87F34C196B65D,1,1,1,1,STILL_UNRESOLVED,UNRESOLVED_MARKER_ONLY_PAGE_CONTENT_CLASSIFICATION,0,UNRESOLVED,0,0,LOW,No existing page-level source evidence establishes substantive content or a legitimate blank-page explanation; retain unresolved.
CUMCM-1998-B-006,derived/scale/papers/CUMCM-1998-B-006,1998,B,OTHER_FORMAL_DERIVED,PDF->pdf-inspector/native-markdown->Q0 per-page normalization->source_page marker assembly->paper.md,1,1,1,0,PAGE_LOCAL_STRICT_BOUNDARY,1,0,0,0,1,1,0,6D45B274DAC003D8F877953199BDDA67DE1BB71644F115208DB1E8E34A9CB7C2,derived/scale/papers/CUMCM-1998-B-006/paper.md,6D45B274DAC003D8F877953199BDDA67DE1BB71644F115208DB1E8E34A9CB7C2,1998年数学建模国赛真题+优秀论文/1998年国赛优秀论文/1998B：灾情巡视的最佳路线_节选_.pdf,A233A55AAA928E3572AB8F4884C44A712D7809725DFB7C4724E9A55959EE6510,1,1,1,1,STILL_UNRESOLVED,UNRESOLVED_MARKER_ONLY_PAGE_CONTENT_CLASSIFICATION,0,UNRESOLVED,0,0,LOW,No existing page-level source evidence establishes substantive content or a legitimate blank-page explanation; retain unresolved.
CUMCM-1999-A-001,derived/scale/papers/CUMCM-1999-A-001,1999,A,OTHER_FORMAL_DERIVED,PDF->pdf-inspector/native-markdown->Q0 per-page normalization->source_page marker assembly->paper.md,4,4,1,0,PAGE_LOCAL_STRICT_BOUNDARY,1,0,0,0,4,1,0,747914D495F481AEA94B89B6481B5B807695DFAC4C1C281DE639E2F58A4F0997,derived/scale/papers/CUMCM-1999-A-001/paper.md,747914D495F481AEA94B89B6481B5B807695DFAC4C1C281DE639E2F58A4F0997,1999年数学建模国赛真题+优秀论文/1999年国赛优秀论文/1999A：自动化车床管理的数学模型.pdf,0DA82270F0514BF9479127F148DA63F3BBDA07BECBC62759C5ABFF83D3100148,1,1,1,1,STILL_UNRESOLVED,UNRESOLVED_MARKER_ONLY_PAGE_CONTENT_CLASSIFICATION,0,UNRESOLVED,0,0,LOW,No existing page-level source evidence establishes substantive content or a legitimate blank-page explanation; retain unresolved.
CUMCM-1999-A-002,derived/scale/papers/CUMCM-1999-A-002,1999,A,OTHER_FORMAL_DERIVED,PDF->pdf-inspector/native-markdown->Q0 per-page normalization->source_page marker assembly->paper.md,6,6,1,0,PAGE_LOCAL_STRICT_BOUNDARY,1,0,0,0,6,1,0,3556B4100929F4D56319AA760B104EE0CA947F3D5B03F13F7A0DF601179225BE,derived/scale/papers/CUMCM-1999-A-002/paper.md,3556B4100929F4D56319AA760B104EE0CA947F3D5B03F13F7A0DF601179225BE,1999年数学建模国赛真题+优秀论文/1999年国赛优秀论文/1999A：车床管理优化模型.pdf,A22C580A257A249994051B719AE2391F6950A1752E14E3F7CFB2A6CD101EF2D1,1,1,1,1,STILL_UNRESOLVED,UNRESOLVED_MARKER_ONLY_PAGE_CONTENT_CLASSIFICATION,0,UNRESOLVED,0,0,LOW,No existing page-level source evidence establishes substantive content or a legitimate blank-page explanation; retain unresolved.
CUMCM-1999-A-003,derived/scale/papers/CUMCM-1999-A-003,1999,A,OTHER_FORMAL_DERIVED,PDF->pdf-inspector/native-markdown->Q0 per-page normalization->source_page marker assembly->paper.md,6,6,1,0,PAGE_LOCAL_STRICT_BOUNDARY,1,0,0,0,6,1,0,3556B4100929F4D56319AA760B104EE0CA947F3D5B03F13F7A0DF601179225BE,derived/scale/papers/CUMCM-1999-A-003/paper.md,3556B4100929F4D56319AA760B104EE0CA947F3D5B03F13F7A0DF601179225BE,1999年数学建模国赛真题+优秀论文/1999年国赛优秀论文/1999A：自动化车床管理（1）.pdf,47992C0891E70AB44181B6C7CFD63FAC6FFEE78B9BC3399188D1AD69A5396489,1,1,1,1,STILL_UNRESOLVED,UNRESOLVED_MARKER_ONLY_PAGE_CONTENT_CLASSIFICATION,0,UNRESOLVED,0,0,LOW,No existing page-level source evidence establishes substantive content or a legitimate blank-page explanation; retain unresolved.
CUMCM-1999-A-004,derived/scale/papers/CUMCM-1999-A-004,1999,A,OTHER_FORMAL_DERIVED,PDF->pdf-inspector/native-markdown->Q0 per-page normalization->source_page marker assembly->paper.md,5,5,1,0,PAGE_LOCAL_STRICT_BOUNDARY,1,0,0,0,5,1,0,1D9182549363CD07A8F3D657C2AD60D5197D3991577AD22ACB1BFC0A2C456E59,derived/scale/papers/CUMCM-1999-A-004/paper.md,1D9182549363CD07A8F3D657C2AD60D5197D3991577AD22ACB1BFC0A2C456E59,1999年数学建模国赛真题+优秀论文/1999年国赛优秀论文/1999A：最优刀具更换周期上界_检查间隔下界的证明.pdf,9B830266F4804B7CEF28C16E2462E58E9571704120A4AD0A63E286614E04DAF6,1,1,1,1,STILL_UNRESOLVED,UNRESOLVED_MARKER_ONLY_PAGE_CONTENT_CLASSIFICATION,0,UNRESOLVED,0,0,LOW,No existing page-level source evidence establishes substantive content or a legitimate blank-page explanation; retain unresolved.
CUMCM-1999-A-005,derived/scale/papers/CUMCM-1999-A-005,1999,A,OTHER_FORMAL_DERIVED,PDF->pdf-inspector/native-markdown->Q0 per-page normalization->source_page marker assembly->paper.md,6,6,1,0,PAGE_LOCAL_STRICT_BOUNDARY,1,0,0,0,6,1,0,3556B4100929F4D56319AA760B104EE0CA947F3D5B03F13F7A0DF601179225BE,derived/scale/papers/CUMCM-1999-A-005/paper.md,3556B4100929F4D56319AA760B104EE0CA947F3D5B03F13F7A0DF601179225BE,1999年数学建模国赛真题+优秀论文/1999年国赛优秀论文/1999A：刀具问题的仿真及灵敏度分析.pdf,1271CC5701D07F1261783D8B611F1C70483B30FA3C5A13967A6007DE00BF81AB,1,1,1,1,STILL_UNRESOLVED,UNRESOLVED_MARKER_ONLY_PAGE_CONTENT_CLASSIFICATION,0,UNRESOLVED,0,0,LOW,No existing page-level source evidence establishes substantive content or a legitimate blank-page explanation; retain unresolved.
CUMCM-1999-A-006,derived/scale/papers/CUMCM-1999-A-006,1999,A,OTHER_FORMAL_DERIVED,PDF->pdf-inspector/native-markdown->Q0 per-page normalization->source_page marker assembly->paper.md,6,6,1,0,PAGE_LOCAL_STRICT_BOUNDARY,1,0,0,0,6,1,0,3556B4100929F4D56319AA760B104EE0CA947F3D5B03F13F7A0DF601179225BE,derived/scale/papers/CUMCM-1999-A-006/paper.md,3556B4100929F4D56319AA760B104EE0CA947F3D5B03F13F7A0DF601179225BE,1999年数学建模国赛真题+优秀论文/1999年国赛优秀论文/1999A：自动化车床管理（2）.pdf,1EA295F860370EF0100DF5671619E75F4624C54AF13427D55E4EC631053F25CD,1,1,1,1,STILL_UNRESOLVED,UNRESOLVED_MARKER_ONLY_PAGE_CONTENT_CLASSIFICATION,0,UNRESOLVED,0,0,LOW,No existing page-level source evidence establishes substantive content or a legitimate blank-page explanation; retain unresolved.
CUMCM-1999-A-007,derived/scale/papers/CUMCM-1999-A-007,1999,A,OTHER_FORMAL_DERIVED,PDF->pdf-inspector/native-markdown->Q0 per-page normalization->source_page marker assembly->paper.md,5,5,1,0,PAGE_LOCAL_STRICT_BOUNDARY,1,0,0,0,5,1,0,1D9182549363CD07A8F3D657C2AD60D5197D3991577AD22ACB1BFC0A2C456E59,derived/scale/papers/CUMCM-1999-A-007/paper.md,1D9182549363CD07A8F3D657C2AD60D5197D3991577AD22ACB1BFC0A2C456E59,1999年数学建模国赛真题+优秀论文/1999年国赛优秀论文/1999A：自动化车床管理建模分析.pdf,A76062C58F420D3AEC27B8B2F395398ADBBCCB2DA1CD1273BD721B4057240631,1,1,1,1,STILL_UNRESOLVED,UNRESOLVED_MARKER_ONLY_PAGE_CONTENT_CLASSIFICATION,0,UNRESOLVED,0,0,LOW,No existing page-level source evidence establishes substantive content or a legitimate blank-page explanation; retain unresolved.
CUMCM-1999-A-008,derived/scale/papers/CUMCM-1999-A-008,1999,A,OTHER_FORMAL_DERIVED,PDF->pdf-inspector/native-markdown->Q0 per-page normalization->source_page marker assembly->paper.md,10,10,1,0,PAGE_LOCAL_STRICT_BOUNDARY,1,0,0,0,10,1,0,D2C2B9A9C3053CBA6E8268335CA5BE7D0214F512AC81C7C8AE6302E692F1088E,derived/scale/papers/CUMCM-1999-A-008/paper.md,D2C2B9A9C3053CBA6E8268335CA5BE7D0214F512AC81C7C8AE6302E692F1088E,1999年数学建模国赛真题+优秀论文/1999年国赛优秀论文/1999A：自动化车床最优刀具检测更换模型.pdf,38FE932B26C58644E9760A983C109B08E910A7CD95DA9F3D41F3E28E6462AE71,1,1,1,1,STILL_UNRESOLVED,UNRESOLVED_MARKER_ONLY_PAGE_CONTENT_CLASSIFICATION,0,UNRESOLVED,0,0,LOW,No existing page-level source evidence establishes substantive content or a legitimate blank-page explanation; retain unresolved.
CUMCM-1999-B-001,derived/scale/papers/CUMCM-1999-B-001,1999,B,OTHER_FORMAL_DERIVED,PDF->pdf-inspector/native-markdown->Q0 per-page normalization->source_page marker assembly->paper.md,7,7,1,0,PAGE_LOCAL_STRICT_BOUNDARY,1,0,0,0,7,1,0,845EAC42B8D7C797245E742A556F6F7B87F8594979C758FB43031CD6D48DB563,derived/scale/papers/CUMCM-1999-B-001/paper.md,845EAC42B8D7C797245E742A556F6F7B87F8594979C758FB43031CD6D48DB563,1999年数学建模国赛真题+优秀论文/1999年国赛优秀论文/1999B：钻井布局问题评述.pdf,DABADD2C7CCE310B927FBACF000A8B6B9BF370773DB7C2AF11000C960DA6930B,1,1,1,1,STILL_UNRESOLVED,UNRESOLVED_MARKER_ONLY_PAGE_CONTENT_CLASSIFICATION,0,UNRESOLVED,0,0,LOW,No existing page-level source evidence establishes substantive content or a legitimate blank-page explanation; retain unresolved.
CUMCM-1999-B-002,derived/scale/papers/CUMCM-1999-B-002,1999,B,OTHER_FORMAL_DERIVED,PDF->pdf-inspector/native-markdown->Q0 per-page normalization->source_page marker assembly->paper.md,7,7,1,0,PAGE_LOCAL_STRICT_BOUNDARY,1,0,0,0,7,1,0,845EAC42B8D7C797245E742A556F6F7B87F8594979C758FB43031CD6D48DB563,derived/scale/papers/CUMCM-1999-B-002/paper.md,845EAC42B8D7C797245E742A556F6F7B87F8594979C758FB43031CD6D48DB563,1999年数学建模国赛真题+优秀论文/1999年国赛优秀论文/1999B：钻井布局的设计.pdf,987DC0B7CD2DB40ADE3BF70B834F0ECE90B77BDECF647E625C464AD2E3A18DE9,1,1,1,1,STILL_UNRESOLVED,UNRESOLVED_MARKER_ONLY_PAGE_CONTENT_CLASSIFICATION,0,UNRESOLVED,0,0,LOW,No existing page-level source evidence establishes substantive content or a legitimate blank-page explanation; retain unresolved.
CUMCM-1999-B-003,derived/scale/papers/CUMCM-1999-B-003,1999,B,OTHER_FORMAL_DERIVED,PDF->pdf-inspector/native-markdown->Q0 per-page normalization->source_page marker assembly->paper.md,6,6,1,0,PAGE_LOCAL_STRICT_BOUNDARY,1,0,3,0,3,1,0,3556B4100929F4D56319AA760B104EE0CA947F3D5B03F13F7A0DF601179225BE,derived/scale/papers/CUMCM-1999-B-003/paper.md,3556B4100929F4D56319AA760B104EE0CA947F3D5B03F13F7A0DF601179225BE,1999年数学建模国赛真题+优秀论文/1999年国赛优秀论文/1999B：钻井布局.pdf,E837A050E1F8C8FBACEF5C9614A37002858951C7AD98B2E2F051456B010AC568,1,1,1,1,CONFIRMED_DEFECTIVE,FORMAL_ARTIFACT_PAGE_CONTENT_MISSING,1,FORMAL_BODY_RECONSTRUCTION_SERIALIZATION,0,1,HIGH,Confirmed by existing G11 selected-page PNG/excerpt evidence; 9 confirmed identities also retain additional unresolved marker-only pages.
CUMCM-1999-B-004,derived/scale/papers/CUMCM-1999-B-004,1999,B,OTHER_FORMAL_DERIVED,PDF->pdf-inspector/native-markdown->Q0 per-page normalization->source_page marker assembly->paper.md,7,7,1,0,PAGE_LOCAL_STRICT_BOUNDARY,1,0,0,0,7,1,0,845EAC42B8D7C797245E742A556F6F7B87F8594979C758FB43031CD6D48DB563,derived/scale/papers/CUMCM-1999-B-004/paper.md,845EAC42B8D7C797245E742A556F6F7B87F8594979C758FB43031CD6D48DB563,1999年数学建模国赛真题+优秀论文/1999年国赛优秀论文/1999B：钻井布局的数学模型.pdf,77236AD4159C4C496D375BDE74E0DCB91E2462F3C88FABC393B1863AC119131B,1,1,1,1,STILL_UNRESOLVED,UNRESOLVED_MARKER_ONLY_PAGE_CONTENT_CLASSIFICATION,0,UNRESOLVED,0,0,LOW,No existing page-level source evidence establishes substantive content or a legitimate blank-page explanation; retain unresolved.
CUMCM-1999-B-005,derived/scale/papers/CUMCM-1999-B-005,1999,B,OTHER_FORMAL_DERIVED,PDF->pdf-inspector/native-markdown->Q0 per-page normalization->source_page marker assembly->paper.md,10,10,1,0,PAGE_LOCAL_STRICT_BOUNDARY,1,0,0,0,10,1,0,D2C2B9A9C3053CBA6E8268335CA5BE7D0214F512AC81C7C8AE6302E692F1088E,derived/scale/papers/CUMCM-1999-B-005/paper.md,D2C2B9A9C3053CBA6E8268335CA5BE7D0214F512AC81C7C8AE6302E692F1088E,1999年数学建模国赛真题+优秀论文/1999年国赛优秀论文/1999B：钻井布局模型.pdf,41F221B3A0D6330F66AC2FA56787CFE553D6B9ED7191A5F64DAF2F4FE3D868F2,1,1,1,1,STILL_UNRESOLVED,UNRESOLVED_MARKER_ONLY_PAGE_CONTENT_CLASSIFICATION,0,UNRESOLVED,0,0,LOW,No existing page-level source evidence establishes substantive content or a legitimate blank-page explanation; retain unresolved.
CUMCM-1999-C-001,derived/scale/papers/CUMCM-1999-C-001,1999,C,OTHER_FORMAL_DERIVED,PDF->pdf-inspector/native-markdown->Q0 per-page normalization->source_page marker assembly->paper.md,7,7,1,0,PAGE_LOCAL_STRICT_BOUNDARY,1,0,0,0,7,1,0,845EAC42B8D7C797245E742A556F6F7B87F8594979C758FB43031CD6D48DB563,derived/scale/papers/CUMCM-1999-C-001/paper.md,845EAC42B8D7C797245E742A556F6F7B87F8594979C758FB43031CD6D48DB563,1999年数学建模国赛真题+优秀论文/1999年国赛优秀论文/1999C：煤矸石堆积模型.pdf,FD17ED40C59779200ED16509B7A56CFE60AB7492691994722E4A9F870A55915E,1,1,1,1,STILL_UNRESOLVED,UNRESOLVED_MARKER_ONLY_PAGE_CONTENT_CLASSIFICATION,0,UNRESOLVED,0,0,LOW,No existing page-level source evidence establishes substantive content or a legitimate blank-page explanation; retain unresolved.
CUMCM-1999-C-002,derived/scale/papers/CUMCM-1999-C-002,1999,C,OTHER_FORMAL_DERIVED,PDF->pdf-inspector/native-markdown->Q0 per-page normalization->source_page marker assembly->paper.md,6,6,1,0,PAGE_LOCAL_STRICT_BOUNDARY,1,0,0,0,6,1,0,3556B4100929F4D56319AA760B104EE0CA947F3D5B03F13F7A0DF601179225BE,derived/scale/papers/CUMCM-1999-C-002/paper.md,3556B4100929F4D56319AA760B104EE0CA947F3D5B03F13F7A0DF601179225BE,1999年数学建模国赛真题+优秀论文/1999年国赛优秀论文/1999C：煤矸石堆积经费问题的几点讨论.pdf,81CB981491CCE90C199762762D5C78A822FEAD102CBC2B3804C516EEB4596D56,1,1,1,1,STILL_UNRESOLVED,UNRESOLVED_MARKER_ONLY_PAGE_CONTENT_CLASSIFICATION,0,UNRESOLVED,0,0,LOW,No existing page-level source evidence establishes substantive content or a legitimate blank-page explanation; retain unresolved.
CUMCM-1999-C-003,derived/scale/papers/CUMCM-1999-C-003,1999,C,OTHER_FORMAL_DERIVED,PDF->pdf-inspector/native-markdown->Q0 per-page normalization->source_page marker assembly->paper.md,6,6,1,0,PAGE_LOCAL_STRICT_BOUNDARY,1,0,0,0,6,1,0,3556B4100929F4D56319AA760B104EE0CA947F3D5B03F13F7A0DF601179225BE,derived/scale/papers/CUMCM-1999-C-003/paper.md,3556B4100929F4D56319AA760B104EE0CA947F3D5B03F13F7A0DF601179225BE,1999年数学建模国赛真题+优秀论文/1999年国赛优秀论文/1999C：煤矸石堆积问题的解答及引出的思考.pdf,9B9598BBDB16239E94BD0C65F95282B417603644F4DD3715F5B453E213A109FD,1,1,1,1,STILL_UNRESOLVED,UNRESOLVED_MARKER_ONLY_PAGE_CONTENT_CLASSIFICATION,0,UNRESOLVED,0,0,LOW,No existing page-level source evidence establishes substantive content or a legitimate blank-page explanation; retain unresolved.
CUMCM-2000-A-001,derived/scale/papers/CUMCM-2000-A-001,2000,A,OTHER_FORMAL_DERIVED,PDF->pdf-inspector/native-markdown->Q0 per-page normalization->source_page marker assembly->paper.md,5,5,1,0,PAGE_LOCAL_STRICT_BOUNDARY,1,0,0,0,5,1,0,1D9182549363CD07A8F3D657C2AD60D5197D3991577AD22ACB1BFC0A2C456E59,derived/scale/papers/CUMCM-2000-A-001/paper.md,1D9182549363CD07A8F3D657C2AD60D5197D3991577AD22ACB1BFC0A2C456E59,2000年数学建模国赛真题+优秀论文/2000年国赛优秀论文/2000A：DNA序列中的结构与简化模型.pdf,2E34A9B0F2BBFFE14B0DAE78906E463A70E1E14041EDE10610D743EA3F0A3D70,1,1,1,1,STILL_UNRESOLVED,UNRESOLVED_MARKER_ONLY_PAGE_CONTENT_CLASSIFICATION,0,UNRESOLVED,0,0,LOW,No existing page-level source evidence establishes substantive content or a legitimate blank-page explanation; retain unresolved.
CUMCM-2000-A-002,derived/scale/papers/CUMCM-2000-A-002,2000,A,OTHER_FORMAL_DERIVED,PDF->pdf-inspector/native-markdown->Q0 per-page normalization->source_page marker assembly->paper.md,8,8,1,0,PAGE_LOCAL_STRICT_BOUNDARY,1,0,0,0,8,1,0,A77C45CA4996F487E50554AFAD7BFE22E0C6D461B26680CBB4AB637D01230D7C,derived/scale/papers/CUMCM-2000-A-002/paper.md,A77C45CA4996F487E50554AFAD7BFE22E0C6D461B26680CBB4AB637D01230D7C,2000年数学建模国赛真题+优秀论文/2000年国赛优秀论文/2000A：DNA序列分类的数学模型.pdf,AA35D645756CC6A9BDD408BB7B0FDE384D1B769E1D6A643A6239C20563687019,1,1,1,1,STILL_UNRESOLVED,UNRESOLVED_MARKER_ONLY_PAGE_CONTENT_CLASSIFICATION,0,UNRESOLVED,0,0,LOW,No existing page-level source evidence establishes substantive content or a legitimate blank-page explanation; retain unresolved.
CUMCM-2000-A-003,derived/scale/papers/CUMCM-2000-A-003,2000,A,OTHER_FORMAL_DERIVED,PDF->pdf-inspector/native-markdown->Q0 per-page normalization->source_page marker assembly->paper.md,7,7,1,0,PAGE_LOCAL_STRICT_BOUNDARY,1,0,0,0,7,1,0,845EAC42B8D7C797245E742A556F6F7B87F8594979C758FB43031CD6D48DB563,derived/scale/papers/CUMCM-2000-A-003/paper.md,845EAC42B8D7C797245E742A556F6F7B87F8594979C758FB43031CD6D48DB563,2000年数学建模国赛真题+优秀论文/2000年国赛优秀论文/2000A：关于DNA序列分类问题的模型.pdf,2C0F27DE600CEBFCF375ABB97BD39193A10486E810E46DD1A5EA0734DD1413E5,1,1,1,1,STILL_UNRESOLVED,UNRESOLVED_MARKER_ONLY_PAGE_CONTENT_CLASSIFICATION,0,UNRESOLVED,0,0,LOW,No existing page-level source evidence establishes substantive content or a legitimate blank-page explanation; retain unresolved.
CUMCM-2000-A-004,derived/scale/papers/CUMCM-2000-A-004,2000,A,OTHER_FORMAL_DERIVED,PDF->pdf-inspector/native-markdown->Q0 per-page normalization->source_page marker assembly->paper.md,8,8,1,0,PAGE_LOCAL_STRICT_BOUNDARY,1,0,0,0,8,1,0,A77C45CA4996F487E50554AFAD7BFE22E0C6D461B26680CBB4AB637D01230D7C,derived/scale/papers/CUMCM-2000-A-004/paper.md,A77C45CA4996F487E50554AFAD7BFE22E0C6D461B26680CBB4AB637D01230D7C,2000年数学建模国赛真题+优秀论文/2000年国赛优秀论文/2000A：DNA序列的分类.pdf,D192D4A8AB1379DF1B76EC2747B54CD2681D89ABE93B325C4509BCD4774F6B70,1,1,1,1,STILL_UNRESOLVED,UNRESOLVED_MARKER_ONLY_PAGE_CONTENT_CLASSIFICATION,0,UNRESOLVED,0,0,LOW,No existing page-level source evidence establishes substantive content or a legitimate blank-page explanation; retain unresolved.
CUMCM-2000-A-005,derived/scale/papers/CUMCM-2000-A-005,2000,A,OTHER_FORMAL_DERIVED,PDF->pdf-inspector/native-markdown->Q0 per-page normalization->source_page marker assembly->paper.md,9,9,1,0,PAGE_LOCAL_STRICT_BOUNDARY,1,0,3,0,6,1,0,1C2FC324063A906FF208763D2826E0A769B059290333B0542241C22CD9C91DE8,derived/scale/papers/CUMCM-2000-A-005/paper.md,1C2FC324063A906FF208763D2826E0A769B059290333B0542241C22CD9C91DE8,2000年数学建模国赛真题+优秀论文/2000年国赛优秀论文/2000A：DNA分类模型.pdf,FB22E1231902AA036AE4EA61EA9948CA636F2B780A29A5AD487B092251B25EA0,1,1,1,1,CONFIRMED_DEFECTIVE,FORMAL_ARTIFACT_PAGE_CONTENT_MISSING,1,FORMAL_BODY_RECONSTRUCTION_SERIALIZATION,0,1,HIGH,Confirmed by existing G11 selected-page PNG/excerpt evidence; 9 confirmed identities also retain additional unresolved marker-only pages.
CUMCM-2000-A-006,derived/scale/papers/CUMCM-2000-A-006,2000,A,OTHER_FORMAL_DERIVED,PDF->pdf-inspector/native-markdown->Q0 per-page normalization->source_page marker assembly->paper.md,9,9,1,0,PAGE_LOCAL_STRICT_BOUNDARY,1,0,0,0,9,1,0,1C2FC324063A906FF208763D2826E0A769B059290333B0542241C22CD9C91DE8,derived/scale/papers/CUMCM-2000-A-006/paper.md,1C2FC324063A906FF208763D2826E0A769B059290333B0542241C22CD9C91DE8,2000年数学建模国赛真题+优秀论文/2000年国赛优秀论文/2000A：DNA序列的分类模型.pdf,5528D87476102142BB539FCAF2866194D573E2F569EDEE683AE1EA25131824CA,1,1,1,1,STILL_UNRESOLVED,UNRESOLVED_MARKER_ONLY_PAGE_CONTENT_CLASSIFICATION,0,UNRESOLVED,0,0,LOW,No existing page-level source evidence establishes substantive content or a legitimate blank-page explanation; retain unresolved.
CUMCM-2000-B-001,derived/scale/papers/CUMCM-2000-B-001,2000,B,OTHER_FORMAL_DERIVED,PDF->pdf-inspector/native-markdown->Q0 per-page normalization->source_page marker assembly->paper.md,4,4,1,0,PAGE_LOCAL_STRICT_BOUNDARY,1,0,0,0,4,1,0,747914D495F481AEA94B89B6481B5B807695DFAC4C1C281DE639E2F58A4F0997,derived/scale/papers/CUMCM-2000-B-001/paper.md,747914D495F481AEA94B89B6481B5B807695DFAC4C1C281DE639E2F58A4F0997,2000年数学建模国赛真题+优秀论文/2000年国赛优秀论文/2000B：管道订购与运输问题.pdf,928130C1395319B8BB1B9877F91E08B6C53978ABE4FABB553B98041834D0DF1C,1,1,1,1,STILL_UNRESOLVED,UNRESOLVED_MARKER_ONLY_PAGE_CONTENT_CLASSIFICATION,0,UNRESOLVED,0,0,LOW,No existing page-level source evidence establishes substantive content or a legitimate blank-page explanation; retain unresolved.
CUMCM-2000-B-002,derived/scale/papers/CUMCM-2000-B-002,2000,B,OTHER_FORMAL_DERIVED,PDF->pdf-inspector/native-markdown->Q0 per-page normalization->source_page marker assembly->paper.md,4,4,1,0,PAGE_LOCAL_STRICT_BOUNDARY,1,0,0,0,4,1,0,747914D495F481AEA94B89B6481B5B807695DFAC4C1C281DE639E2F58A4F0997,derived/scale/papers/CUMCM-2000-B-002/paper.md,747914D495F481AEA94B89B6481B5B807695DFAC4C1C281DE639E2F58A4F0997,2000年数学建模国赛真题+优秀论文/2000年国赛优秀论文/2000B：管道订购和运输.pdf,576816C48E5D4E6B48C805842BA104AEFE6600A11D4EE442BEB1996EABE3DD8A,1,1,1,1,STILL_UNRESOLVED,UNRESOLVED_MARKER_ONLY_PAGE_CONTENT_CLASSIFICATION,0,UNRESOLVED,0,0,LOW,No existing page-level source evidence establishes substantive content or a legitimate blank-page explanation; retain unresolved.
CUMCM-2000-B-003,derived/scale/papers/CUMCM-2000-B-003,2000,B,OTHER_FORMAL_DERIVED,PDF->pdf-inspector/native-markdown->Q0 per-page normalization->source_page marker assembly->paper.md,6,6,1,0,PAGE_LOCAL_STRICT_BOUNDARY,1,0,0,0,6,1,0,3556B4100929F4D56319AA760B104EE0CA947F3D5B03F13F7A0DF601179225BE,derived/scale/papers/CUMCM-2000-B-003/paper.md,3556B4100929F4D56319AA760B104EE0CA947F3D5B03F13F7A0DF601179225BE,2000年数学建模国赛真题+优秀论文/2000年国赛优秀论文/2000B：一类运输问题的建模.pdf,AF422606A8FB74F50D39DECF7C7E6525E86C93BAE396787BAFDAAD0137986B8B,1,1,1,1,STILL_UNRESOLVED,UNRESOLVED_MARKER_ONLY_PAGE_CONTENT_CLASSIFICATION,0,UNRESOLVED,0,0,LOW,No existing page-level source evidence establishes substantive content or a legitimate blank-page explanation; retain unresolved.
CUMCM-2000-B-004,derived/scale/papers/CUMCM-2000-B-004,2000,B,OTHER_FORMAL_DERIVED,PDF->pdf-inspector/native-markdown->Q0 per-page normalization->source_page marker assembly->paper.md,4,4,1,0,PAGE_LOCAL_STRICT_BOUNDARY,1,0,0,0,4,1,0,747914D495F481AEA94B89B6481B5B807695DFAC4C1C281DE639E2F58A4F0997,derived/scale/papers/CUMCM-2000-B-004/paper.md,747914D495F481AEA94B89B6481B5B807695DFAC4C1C281DE639E2F58A4F0997,2000年数学建模国赛真题+优秀论文/2000年国赛优秀论文/2000B：钢管订购和运输策略.pdf,35E3A4582B1DFB5499A6AACA6153DADB175C9A5C6EE8299EDC2731D90CBF5975,1,1,1,1,STILL_UNRESOLVED,UNRESOLVED_MARKER_ONLY_PAGE_CONTENT_CLASSIFICATION,0,UNRESOLVED,0,0,LOW,No existing page-level source evidence establishes substantive content or a legitimate blank-page explanation; retain unresolved.
CUMCM-2000-B-005,derived/scale/papers/CUMCM-2000-B-005,2000,B,OTHER_FORMAL_DERIVED,PDF->pdf-inspector/native-markdown->Q0 per-page normalization->source_page marker assembly->paper.md,8,8,1,0,PAGE_LOCAL_STRICT_BOUNDARY,1,0,0,0,8,1,0,A77C45CA4996F487E50554AFAD7BFE22E0C6D461B26680CBB4AB637D01230D7C,derived/scale/papers/CUMCM-2000-B-005/paper.md,A77C45CA4996F487E50554AFAD7BFE22E0C6D461B26680CBB4AB637D01230D7C,2000年数学建模国赛真题+优秀论文/2000年国赛优秀论文/2000B：钢管的订购和运输解答模型.pdf,62EABCDF2FD130013F86DC1C638846661E127B7B7B3C3107C38F10DBB8BBA10A,1,1,1,1,STILL_UNRESOLVED,UNRESOLVED_MARKER_ONLY_PAGE_CONTENT_CLASSIFICATION,0,UNRESOLVED,0,0,LOW,No existing page-level source evidence establishes substantive content or a legitimate blank-page explanation; retain unresolved.
CUMCM-2000-B-006,derived/scale/papers/CUMCM-2000-B-006,2000,B,OTHER_FORMAL_DERIVED,PDF->pdf-inspector/native-markdown->Q0 per-page normalization->source_page marker assembly->paper.md,6,6,1,0,PAGE_LOCAL_STRICT_BOUNDARY,1,0,0,0,6,1,0,3556B4100929F4D56319AA760B104EE0CA947F3D5B03F13F7A0DF601179225BE,derived/scale/papers/CUMCM-2000-B-006/paper.md,3556B4100929F4D56319AA760B104EE0CA947F3D5B03F13F7A0DF601179225BE,2000年数学建模国赛真题+优秀论文/2000年国赛优秀论文/2000B：钢管的订购和运输.pdf,CC9509E9ACB2DC3135E9C37FF3240B82E0602930514B555881ABC41B023F6738,1,1,1,1,STILL_UNRESOLVED,UNRESOLVED_MARKER_ONLY_PAGE_CONTENT_CLASSIFICATION,0,UNRESOLVED,0,0,LOW,No existing page-level source evidence establishes substantive content or a legitimate blank-page explanation; retain unresolved.
CUMCM-2000-B-007,derived/scale/papers/CUMCM-2000-B-007,2000,B,OTHER_FORMAL_DERIVED,PDF->pdf-inspector/native-markdown->Q0 per-page normalization->source_page marker assembly->paper.md,6,6,1,0,PAGE_LOCAL_STRICT_BOUNDARY,1,0,0,0,6,1,0,3556B4100929F4D56319AA760B104EE0CA947F3D5B03F13F7A0DF601179225BE,derived/scale/papers/CUMCM-2000-B-007/paper.md,3556B4100929F4D56319AA760B104EE0CA947F3D5B03F13F7A0DF601179225BE,2000年数学建模国赛真题+优秀论文/2000年国赛优秀论文/2000B：一类运输问题的建模1.pdf,2F646E3328A2AE7A98AAF84EB23BC9105A588A25EFF75C4E7F04FD8ABAB23E7A,1,1,1,1,STILL_UNRESOLVED,UNRESOLVED_MARKER_ONLY_PAGE_CONTENT_CLASSIFICATION,0,UNRESOLVED,0,0,LOW,No existing page-level source evidence establishes substantive content or a legitimate blank-page explanation; retain unresolved.
CUMCM-2000-B-008,derived/scale/papers/CUMCM-2000-B-008,2000,B,OTHER_FORMAL_DERIVED,PDF->pdf-inspector/native-markdown->Q0 per-page normalization->source_page marker assembly->paper.md,5,5,1,0,PAGE_LOCAL_STRICT_BOUNDARY,1,0,0,0,5,1,0,1D9182549363CD07A8F3D657C2AD60D5197D3991577AD22ACB1BFC0A2C456E59,derived/scale/papers/CUMCM-2000-B-008/paper.md,1D9182549363CD07A8F3D657C2AD60D5197D3991577AD22ACB1BFC0A2C456E59,2000年数学建模国赛真题+优秀论文/2000年国赛优秀论文/2000B：订购和运输钢管的最优方案.pdf,C8BEA21E1D4C7E419611D42EEAA75DBDD64C89EE6A4AD7FE71988E6B1C21B8EA,1,1,1,1,STILL_UNRESOLVED,UNRESOLVED_MARKER_ONLY_PAGE_CONTENT_CLASSIFICATION,0,UNRESOLVED,0,0,LOW,No existing page-level source evidence establishes substantive content or a legitimate blank-page explanation; retain unresolved.
CUMCM-2000-C-001,derived/scale/papers/CUMCM-2000-C-001,2000,C,OTHER_FORMAL_DERIVED,PDF->pdf-inspector/native-markdown->Q0 per-page normalization->source_page marker assembly->paper.md,8,8,1,0,PAGE_LOCAL_STRICT_BOUNDARY,1,0,0,0,8,1,0,A77C45CA4996F487E50554AFAD7BFE22E0C6D461B26680CBB4AB637D01230D7C,derived/scale/papers/CUMCM-2000-C-001/paper.md,A77C45CA4996F487E50554AFAD7BFE22E0C6D461B26680CBB4AB637D01230D7C,2000年数学建模国赛真题+优秀论文/2000年国赛优秀论文/2000C：飞越北极的数学模型 (2).pdf,62544533E41E9C720FFB383DAB90B099CC7DAD5E9290B892470C3BE782D5FA69,1,1,1,1,STILL_UNRESOLVED,UNRESOLVED_MARKER_ONLY_PAGE_CONTENT_CLASSIFICATION,0,UNRESOLVED,0,0,LOW,No existing page-level source evidence establishes substantive content or a legitimate blank-page explanation; retain unresolved.
CUMCM-2000-C-002,derived/scale/papers/CUMCM-2000-C-002,2000,C,OTHER_FORMAL_DERIVED,PDF->pdf-inspector/native-markdown->Q0 per-page normalization->source_page marker assembly->paper.md,3,3,1,0,PAGE_LOCAL_STRICT_BOUNDARY,1,0,0,0,3,1,0,750BD75CEFFE5D543A1A964F76D8BC65F0B6D50162147B5966FC514A31D8227D,derived/scale/papers/CUMCM-2000-C-002/paper.md,750BD75CEFFE5D543A1A964F76D8BC65F0B6D50162147B5966FC514A31D8227D,2000年数学建模国赛真题+优秀论文/2000年国赛优秀论文/2000C：航程计算的数学模型.pdf,14693C3541FED988CB9DD335005DB7C7A551F93416BCD0ADF632945F69A25539,1,1,1,1,STILL_UNRESOLVED,UNRESOLVED_MARKER_ONLY_PAGE_CONTENT_CLASSIFICATION,0,UNRESOLVED,0,0,LOW,No existing page-level source evidence establishes substantive content or a legitimate blank-page explanation; retain unresolved.
CUMCM-2000-C-003,derived/scale/papers/CUMCM-2000-C-003,2000,C,OTHER_FORMAL_DERIVED,PDF->pdf-inspector/native-markdown->Q0 per-page normalization->source_page marker assembly->paper.md,6,6,1,0,PAGE_LOCAL_STRICT_BOUNDARY,1,0,0,0,6,1,0,3556B4100929F4D56319AA760B104EE0CA947F3D5B03F13F7A0DF601179225BE,derived/scale/papers/CUMCM-2000-C-003/paper.md,3556B4100929F4D56319AA760B104EE0CA947F3D5B03F13F7A0DF601179225BE,2000年数学建模国赛真题+优秀论文/2000年国赛优秀论文/2000C：飞越北极的数学模型.pdf,FE1189FCB24C06827E73D5B9AE76E00DC392BE05C05F489FB4361200FE9C6C9F,1,1,1,1,STILL_UNRESOLVED,UNRESOLVED_MARKER_ONLY_PAGE_CONTENT_CLASSIFICATION,0,UNRESOLVED,0,0,LOW,No existing page-level source evidence establishes substantive content or a legitimate blank-page explanation; retain unresolved.
CUMCM-2000-C-004,derived/scale/papers/CUMCM-2000-C-004,2000,C,OTHER_FORMAL_DERIVED,PDF->pdf-inspector/native-markdown->Q0 per-page normalization->source_page marker assembly->paper.md,5,5,1,0,PAGE_LOCAL_STRICT_BOUNDARY,1,0,0,0,5,1,0,1D9182549363CD07A8F3D657C2AD60D5197D3991577AD22ACB1BFC0A2C456E59,derived/scale/papers/CUMCM-2000-C-004/paper.md,1D9182549363CD07A8F3D657C2AD60D5197D3991577AD22ACB1BFC0A2C456E59,2000年数学建模国赛真题+优秀论文/2000年国赛优秀论文/2000C：飞越北极.pdf,A7C1B084B5C214E7D64AA4C6041D0A72009D85B72829960A3EA0EDDA4E737E3A,1,1,1,1,STILL_UNRESOLVED,UNRESOLVED_MARKER_ONLY_PAGE_CONTENT_CLASSIFICATION,0,UNRESOLVED,0,0,LOW,No existing page-level source evidence establishes substantive content or a legitimate blank-page explanation; retain unresolved.
CUMCM-2000-D-001,derived/scale/papers/CUMCM-2000-D-001,2000,D,OTHER_FORMAL_DERIVED,PDF->pdf-inspector/native-markdown->Q0 per-page normalization->source_page marker assembly->paper.md,5,5,1,0,PAGE_LOCAL_STRICT_BOUNDARY,1,0,0,0,5,1,0,1D9182549363CD07A8F3D657C2AD60D5197D3991577AD22ACB1BFC0A2C456E59,derived/scale/papers/CUMCM-2000-D-001/paper.md,1D9182549363CD07A8F3D657C2AD60D5197D3991577AD22ACB1BFC0A2C456E59,2000年数学建模国赛真题+优秀论文/2000年国赛优秀论文/2000D：空洞探测.pdf,3B7F493312C1DDF3A379EC9CB2B01C2B2AD3E10AA543FD8A2D4A3B34D0219C86,1,1,1,1,STILL_UNRESOLVED,UNRESOLVED_MARKER_ONLY_PAGE_CONTENT_CLASSIFICATION,0,UNRESOLVED,0,0,LOW,No existing page-level source evidence establishes substantive content or a legitimate blank-page explanation; retain unresolved.
CUMCM-2000-D-002,derived/scale/papers/CUMCM-2000-D-002,2000,D,OTHER_FORMAL_DERIVED,PDF->pdf-inspector/native-markdown->Q0 per-page normalization->source_page marker assembly->paper.md,3,3,1,0,PAGE_LOCAL_STRICT_BOUNDARY,1,0,0,0,3,1,0,750BD75CEFFE5D543A1A964F76D8BC65F0B6D50162147B5966FC514A31D8227D,derived/scale/papers/CUMCM-2000-D-002/paper.md,750BD75CEFFE5D543A1A964F76D8BC65F0B6D50162147B5966FC514A31D8227D,2000年数学建模国赛真题+优秀论文/2000年国赛优秀论文/2000D：空洞探测问题及有关情况.pdf,596EA1C71B52E148BD9C187C5E6B55C6C0286D7A3CCDC8281D595FE2686DE3FD,1,1,1,1,STILL_UNRESOLVED,UNRESOLVED_MARKER_ONLY_PAGE_CONTENT_CLASSIFICATION,0,UNRESOLVED,0,0,LOW,No existing page-level source evidence establishes substantive content or a legitimate blank-page explanation; retain unresolved.
CUMCM-2000-D-003,derived/scale/papers/CUMCM-2000-D-003,2000,D,OTHER_FORMAL_DERIVED,PDF->pdf-inspector/native-markdown->Q0 per-page normalization->source_page marker assembly->paper.md,3,3,1,0,PAGE_LOCAL_STRICT_BOUNDARY,1,0,0,0,3,1,0,750BD75CEFFE5D543A1A964F76D8BC65F0B6D50162147B5966FC514A31D8227D,derived/scale/papers/CUMCM-2000-D-003/paper.md,750BD75CEFFE5D543A1A964F76D8BC65F0B6D50162147B5966FC514A31D8227D,2000年数学建模国赛真题+优秀论文/2000年国赛优秀论文/2000D：空洞探测的最优解法.pdf,730A766E1DF02D427CD8BACDF7B80B120ABEFE434290A4284E958EE9DD38D6EA,1,1,1,1,STILL_UNRESOLVED,UNRESOLVED_MARKER_ONLY_PAGE_CONTENT_CLASSIFICATION,0,UNRESOLVED,0,0,LOW,No existing page-level source evidence establishes substantive content or a legitimate blank-page explanation; retain unresolved.
CUMCM-2001-A-001,derived/scale/papers/CUMCM-2001-A-001,2001,A,OTHER_FORMAL_DERIVED,PDF->pdf-inspector/native-markdown->Q0 per-page normalization->source_page marker assembly->paper.md,6,6,1,0,PAGE_LOCAL_STRICT_BOUNDARY,1,0,3,0,3,1,0,3556B4100929F4D56319AA760B104EE0CA947F3D5B03F13F7A0DF601179225BE,derived/scale/papers/CUMCM-2001-A-001/paper.md,3556B4100929F4D56319AA760B104EE0CA947F3D5B03F13F7A0DF601179225BE,2001年数学建模国赛真题+优秀论文/2001年国赛优秀论文/2001A：血管切片的三维重建.pdf,1B2A5BE4A875E37494661432EA4FB9B0945500C9AF8D24CA374CDDE1C211AADB,1,1,1,1,CONFIRMED_DEFECTIVE,FORMAL_ARTIFACT_PAGE_CONTENT_MISSING,1,FORMAL_BODY_RECONSTRUCTION_SERIALIZATION,0,1,HIGH,Confirmed by existing G11 selected-page PNG/excerpt evidence; 9 confirmed identities also retain additional unresolved marker-only pages.
CUMCM-2001-A-002,derived/scale/papers/CUMCM-2001-A-002,2001,A,OTHER_FORMAL_DERIVED,PDF->pdf-inspector/native-markdown->Q0 per-page normalization->source_page marker assembly->paper.md,5,5,1,0,PAGE_LOCAL_STRICT_BOUNDARY,1,0,0,0,5,1,0,1D9182549363CD07A8F3D657C2AD60D5197D3991577AD22ACB1BFC0A2C456E59,derived/scale/papers/CUMCM-2001-A-002/paper.md,1D9182549363CD07A8F3D657C2AD60D5197D3991577AD22ACB1BFC0A2C456E59,2001年数学建模国赛真题+优秀论文/2001年国赛优秀论文/2001A：血管三维重建的问题.pdf,6AAB07C9A698931E3B7F6B8E60906E643D98E5A51677904FA79138793321AC8F,1,1,1,1,STILL_UNRESOLVED,UNRESOLVED_MARKER_ONLY_PAGE_CONTENT_CLASSIFICATION,0,UNRESOLVED,0,0,LOW,No existing page-level source evidence establishes substantive content or a legitimate blank-page explanation; retain unresolved.
CUMCM-2001-A-003,derived/scale/papers/CUMCM-2001-A-003,2001,A,OTHER_FORMAL_DERIVED,PDF->pdf-inspector/native-markdown->Q0 per-page normalization->source_page marker assembly->paper.md,6,6,1,0,PAGE_LOCAL_STRICT_BOUNDARY,1,0,0,0,6,1,0,3556B4100929F4D56319AA760B104EE0CA947F3D5B03F13F7A0DF601179225BE,derived/scale/papers/CUMCM-2001-A-003/paper.md,3556B4100929F4D56319AA760B104EE0CA947F3D5B03F13F7A0DF601179225BE,2001年数学建模国赛真题+优秀论文/2001年国赛优秀论文/2001A：利用切片的二维空间相关操作实现血管的三维重建.pdf,18A6A74D30B7CD29755E3D5554050A17B596A8774C7AB6BFAAAA0D01D2FD4E01,1,1,1,1,STILL_UNRESOLVED,UNRESOLVED_MARKER_ONLY_PAGE_CONTENT_CLASSIFICATION,0,UNRESOLVED,0,0,LOW,No existing page-level source evidence establishes substantive content or a legitimate blank-page explanation; retain unresolved.
CUMCM-2001-A-004,derived/scale/papers/CUMCM-2001-A-004,2001,A,OTHER_FORMAL_DERIVED,PDF->pdf-inspector/native-markdown->Q0 per-page normalization->source_page marker assembly->paper.md,6,6,1,0,PAGE_LOCAL_STRICT_BOUNDARY,1,0,0,0,6,1,0,3556B4100929F4D56319AA760B104EE0CA947F3D5B03F13F7A0DF601179225BE,derived/scale/papers/CUMCM-2001-A-004/paper.md,3556B4100929F4D56319AA760B104EE0CA947F3D5B03F13F7A0DF601179225BE,2001年数学建模国赛真题+优秀论文/2001年国赛优秀论文/2001A：血管的三维重建.pdf,837CAB0005C66E81BEA3920EB9DADCB3FBDB7283AE336CE37DE9DFF663E114E3,1,1,1,1,STILL_UNRESOLVED,UNRESOLVED_MARKER_ONLY_PAGE_CONTENT_CLASSIFICATION,0,UNRESOLVED,0,0,LOW,No existing page-level source evidence establishes substantive content or a legitimate blank-page explanation; retain unresolved.
CUMCM-2001-A-005,derived/scale/papers/CUMCM-2001-A-005,2001,A,OTHER_FORMAL_DERIVED,PDF->pdf-inspector/native-markdown->Q0 per-page normalization->source_page marker assembly->paper.md,7,7,1,0,PAGE_LOCAL_STRICT_BOUNDARY,1,0,0,0,7,1,0,845EAC42B8D7C797245E742A556F6F7B87F8594979C758FB43031CD6D48DB563,derived/scale/papers/CUMCM-2001-A-005/paper.md,845EAC42B8D7C797245E742A556F6F7B87F8594979C758FB43031CD6D48DB563,2001年数学建模国赛真题+优秀论文/2001年国赛优秀论文/2001A：管道切片的三维重建.pdf,8EB51A5D0FD04F9201EF7115341250090E6F5368B508F1184D0579C529DFCE2E,1,1,1,1,STILL_UNRESOLVED,UNRESOLVED_MARKER_ONLY_PAGE_CONTENT_CLASSIFICATION,0,UNRESOLVED,0,0,LOW,No existing page-level source evidence establishes substantive content or a legitimate blank-page explanation; retain unresolved.
CUMCM-2001-A-006,derived/scale/papers/CUMCM-2001-A-006,2001,A,OTHER_FORMAL_DERIVED,PDF->pdf-inspector/native-markdown->Q0 per-page normalization->source_page marker assembly->paper.md,7,7,1,0,PAGE_LOCAL_STRICT_BOUNDARY,1,0,0,0,7,1,0,845EAC42B8D7C797245E742A556F6F7B87F8594979C758FB43031CD6D48DB563,derived/scale/papers/CUMCM-2001-A-006/paper.md,845EAC42B8D7C797245E742A556F6F7B87F8594979C758FB43031CD6D48DB563,2001年数学建模国赛真题+优秀论文/2001年国赛优秀论文/2001A：管道切片的三维重建 (2).pdf,B63712168694F7462D2A58BBB4501C3C3B2A2261084CDF33D78D4866CB19D2F2,1,1,1,1,STILL_UNRESOLVED,UNRESOLVED_MARKER_ONLY_PAGE_CONTENT_CLASSIFICATION,0,UNRESOLVED,0,0,LOW,No existing page-level source evidence establishes substantive content or a legitimate blank-page explanation; retain unresolved.
CUMCM-2001-A-007,derived/scale/papers/CUMCM-2001-A-007,2001,A,OTHER_FORMAL_DERIVED,PDF->pdf-inspector/native-markdown->Q0 per-page normalization->source_page marker assembly->paper.md,8,8,1,0,PAGE_LOCAL_STRICT_BOUNDARY,1,0,0,0,8,1,0,A77C45CA4996F487E50554AFAD7BFE22E0C6D461B26680CBB4AB637D01230D7C,derived/scale/papers/CUMCM-2001-A-007/paper.md,A77C45CA4996F487E50554AFAD7BFE22E0C6D461B26680CBB4AB637D01230D7C,2001年数学建模国赛真题+优秀论文/2001年国赛优秀论文/2001A：血管管道的三维重建 (2).pdf,36F46A8E11DE707CF269E8EC69AF8854674EB9D51188ECCA28C8E063C21FDB41,1,1,1,1,STILL_UNRESOLVED,UNRESOLVED_MARKER_ONLY_PAGE_CONTENT_CLASSIFICATION,0,UNRESOLVED,0,0,LOW,No existing page-level source evidence establishes substantive content or a legitimate blank-page explanation; retain unresolved.
CUMCM-2001-A-008,derived/scale/papers/CUMCM-2001-A-008,2001,A,OTHER_FORMAL_DERIVED,PDF->pdf-inspector/native-markdown->Q0 per-page normalization->source_page marker assembly->paper.md,5,5,1,0,PAGE_LOCAL_STRICT_BOUNDARY,1,0,0,0,5,1,0,1D9182549363CD07A8F3D657C2AD60D5197D3991577AD22ACB1BFC0A2C456E59,derived/scale/papers/CUMCM-2001-A-008/paper.md,1D9182549363CD07A8F3D657C2AD60D5197D3991577AD22ACB1BFC0A2C456E59,2001年数学建模国赛真题+优秀论文/2001年国赛优秀论文/2001A：血管三维重建的问题A.pdf,1BDA1352B4F91D5D01A0154A63BAC28CA8765B1A811649E63A44F72E9966B5CE,1,1,1,1,STILL_UNRESOLVED,UNRESOLVED_MARKER_ONLY_PAGE_CONTENT_CLASSIFICATION,0,UNRESOLVED,0,0,LOW,No existing page-level source evidence establishes substantive content or a legitimate blank-page explanation; retain unresolved.
CUMCM-2001-A-009,derived/scale/papers/CUMCM-2001-A-009,2001,A,OTHER_FORMAL_DERIVED,PDF->pdf-inspector/native-markdown->Q0 per-page normalization->source_page marker assembly->paper.md,6,6,1,0,PAGE_LOCAL_STRICT_BOUNDARY,1,0,0,0,6,1,0,3556B4100929F4D56319AA760B104EE0CA947F3D5B03F13F7A0DF601179225BE,derived/scale/papers/CUMCM-2001-A-009/paper.md,3556B4100929F4D56319AA760B104EE0CA947F3D5B03F13F7A0DF601179225BE,2001年数学建模国赛真题+优秀论文/2001年国赛优秀论文/2001A：血管切片的三维重建 (2).pdf,81DEAC31BCAB1054F91AC5F9E82EF8628921F39F470091C0FA392AD82F33E3DF,1,1,1,1,STILL_UNRESOLVED,UNRESOLVED_MARKER_ONLY_PAGE_CONTENT_CLASSIFICATION,0,UNRESOLVED,0,0,LOW,No existing page-level source evidence establishes substantive content or a legitimate blank-page explanation; retain unresolved.
CUMCM-2001-A-010,derived/scale/papers/CUMCM-2001-A-010,2001,A,OTHER_FORMAL_DERIVED,PDF->pdf-inspector/native-markdown->Q0 per-page normalization->source_page marker assembly->paper.md,5,5,1,0,PAGE_LOCAL_STRICT_BOUNDARY,1,0,0,0,5,1,0,1D9182549363CD07A8F3D657C2AD60D5197D3991577AD22ACB1BFC0A2C456E59,derived/scale/papers/CUMCM-2001-A-010/paper.md,1D9182549363CD07A8F3D657C2AD60D5197D3991577AD22ACB1BFC0A2C456E59,2001年数学建模国赛真题+优秀论文/2001年国赛优秀论文/2001A：旋转抛物面聚光效果的研究.pdf,273DBE3935179F856B622443EA7D2BAAED27F48DC46CF71F0DC99E0F6A7D450E,1,1,1,1,STILL_UNRESOLVED,UNRESOLVED_MARKER_ONLY_PAGE_CONTENT_CLASSIFICATION,0,UNRESOLVED,0,0,LOW,No existing page-level source evidence establishes substantive content or a legitimate blank-page explanation; retain unresolved.
CUMCM-2001-A-011,derived/scale/papers/CUMCM-2001-A-011,2001,A,OTHER_FORMAL_DERIVED,PDF->pdf-inspector/native-markdown->Q0 per-page normalization->source_page marker assembly->paper.md,8,8,1,0,PAGE_LOCAL_STRICT_BOUNDARY,1,0,0,0,8,1,0,A77C45CA4996F487E50554AFAD7BFE22E0C6D461B26680CBB4AB637D01230D7C,derived/scale/papers/CUMCM-2001-A-011/paper.md,A77C45CA4996F487E50554AFAD7BFE22E0C6D461B26680CBB4AB637D01230D7C,2001年数学建模国赛真题+优秀论文/2001年国赛优秀论文/2001A：血管管道的三维重建.pdf,E38825A5B771F57B2D91665C29C79C7DDC0E63AA740D103DA83FEF3C7ADA1196,1,1,1,1,STILL_UNRESOLVED,UNRESOLVED_MARKER_ONLY_PAGE_CONTENT_CLASSIFICATION,0,UNRESOLVED,0,0,LOW,No existing page-level source evidence establishes substantive content or a legitimate blank-page explanation; retain unresolved.
CUMCM-2001-A-012,derived/scale/papers/CUMCM-2001-A-012,2001,A,OTHER_FORMAL_DERIVED,PDF->pdf-inspector/native-markdown->Q0 per-page normalization->source_page marker assembly->paper.md,6,6,1,0,PAGE_LOCAL_STRICT_BOUNDARY,1,0,0,0,6,1,0,3556B4100929F4D56319AA760B104EE0CA947F3D5B03F13F7A0DF601179225BE,derived/scale/papers/CUMCM-2001-A-012/paper.md,3556B4100929F4D56319AA760B104EE0CA947F3D5B03F13F7A0DF601179225BE,2001年数学建模国赛真题+优秀论文/2001年国赛优秀论文/2001A：血管的三维重建 (2).pdf,B8901C32246F2042BF38A39F4668D6D1E186469C2F2A5610F765A676BA75FFBF,1,1,1,1,STILL_UNRESOLVED,UNRESOLVED_MARKER_ONLY_PAGE_CONTENT_CLASSIFICATION,0,UNRESOLVED,0,0,LOW,No existing page-level source evidence establishes substantive content or a legitimate blank-page explanation; retain unresolved.
CUMCM-2001-B-001,derived/scale/papers/CUMCM-2001-B-001,2001,B,OTHER_FORMAL_DERIVED,PDF->pdf-inspector/native-markdown->Q0 per-page normalization->source_page marker assembly->paper.md,6,6,1,0,PAGE_LOCAL_STRICT_BOUNDARY,1,0,0,0,6,1,0,3556B4100929F4D56319AA760B104EE0CA947F3D5B03F13F7A0DF601179225BE,derived/scale/papers/CUMCM-2001-B-001/paper.md,3556B4100929F4D56319AA760B104EE0CA947F3D5B03F13F7A0DF601179225BE,2001年数学建模国赛真题+优秀论文/2001年国赛优秀论文/2001B：公交车调度优化模型.pdf,BA89E0F687DE3A8DEF4607B21F4D8979DBCC8D775FE9F4F7FB613AB1EC44C254,1,1,1,1,STILL_UNRESOLVED,UNRESOLVED_MARKER_ONLY_PAGE_CONTENT_CLASSIFICATION,0,UNRESOLVED,0,0,LOW,No existing page-level source evidence establishes substantive content or a legitimate blank-page explanation; retain unresolved.
CUMCM-2001-B-002,derived/scale/papers/CUMCM-2001-B-002,2001,B,OTHER_FORMAL_DERIVED,PDF->pdf-inspector/native-markdown->Q0 per-page normalization->source_page marker assembly->paper.md,8,8,1,0,PAGE_LOCAL_STRICT_BOUNDARY,1,0,0,0,8,1,0,A77C45CA4996F487E50554AFAD7BFE22E0C6D461B26680CBB4AB637D01230D7C,derived/scale/papers/CUMCM-2001-B-002/paper.md,A77C45CA4996F487E50554AFAD7BFE22E0C6D461B26680CBB4AB637D01230D7C,2001年数学建模国赛真题+优秀论文/2001年国赛优秀论文/2001B：对于公交汽车调度问题的求解.pdf,89768B6C78A6018D0295F036222D968ADAD1387F555EE25E9ED6650D56533DD4,1,1,1,1,STILL_UNRESOLVED,UNRESOLVED_MARKER_ONLY_PAGE_CONTENT_CLASSIFICATION,0,UNRESOLVED,0,0,LOW,No existing page-level source evidence establishes substantive content or a legitimate blank-page explanation; retain unresolved.
CUMCM-2001-B-003,derived/scale/papers/CUMCM-2001-B-003,2001,B,OTHER_FORMAL_DERIVED,PDF->pdf-inspector/native-markdown->Q0 per-page normalization->source_page marker assembly->paper.md,7,7,1,0,PAGE_LOCAL_STRICT_BOUNDARY,1,0,0,0,7,1,0,845EAC42B8D7C797245E742A556F6F7B87F8594979C758FB43031CD6D48DB563,derived/scale/papers/CUMCM-2001-B-003/paper.md,845EAC42B8D7C797245E742A556F6F7B87F8594979C758FB43031CD6D48DB563,2001年数学建模国赛真题+优秀论文/2001年国赛优秀论文/2001B：关于公交车调度的优化问题.pdf,F907B8F8C14DC155E919A328CC6F9A2AB01842534B552DDBEF377B1C40B5031D,1,1,1,1,STILL_UNRESOLVED,UNRESOLVED_MARKER_ONLY_PAGE_CONTENT_CLASSIFICATION,0,UNRESOLVED,0,0,LOW,No existing page-level source evidence establishes substantive content or a legitimate blank-page explanation; retain unresolved.
CUMCM-2001-B-004,derived/scale/papers/CUMCM-2001-B-004,2001,B,OTHER_FORMAL_DERIVED,PDF->pdf-inspector/native-markdown->Q0 per-page normalization->source_page marker assembly->paper.md,8,8,1,0,PAGE_LOCAL_STRICT_BOUNDARY,1,0,0,0,8,1,0,A77C45CA4996F487E50554AFAD7BFE22E0C6D461B26680CBB4AB637D01230D7C,derived/scale/papers/CUMCM-2001-B-004/paper.md,A77C45CA4996F487E50554AFAD7BFE22E0C6D461B26680CBB4AB637D01230D7C,2001年数学建模国赛真题+优秀论文/2001年国赛优秀论文/2001B：公交车调度的规划数学模型.pdf,0571A6E99D80D7A738CDD1E6542750D71F2FAAA2C81DF0B8D4B7050CF5916077,1,1,1,1,STILL_UNRESOLVED,UNRESOLVED_MARKER_ONLY_PAGE_CONTENT_CLASSIFICATION,0,UNRESOLVED,0,0,LOW,No existing page-level source evidence establishes substantive content or a legitimate blank-page explanation; retain unresolved.
CUMCM-2001-B-005,derived/scale/papers/CUMCM-2001-B-005,2001,B,OTHER_FORMAL_DERIVED,PDF->pdf-inspector/native-markdown->Q0 per-page normalization->source_page marker assembly->paper.md,6,6,1,0,PAGE_LOCAL_STRICT_BOUNDARY,1,0,0,0,6,1,0,3556B4100929F4D56319AA760B104EE0CA947F3D5B03F13F7A0DF601179225BE,derived/scale/papers/CUMCM-2001-B-005/paper.md,3556B4100929F4D56319AA760B104EE0CA947F3D5B03F13F7A0DF601179225BE,2001年数学建模国赛真题+优秀论文/2001年国赛优秀论文/2001B：公交车调度问题的数学模型.pdf,F983E991091A5AE70734083C0935DBBCC957F00DF44C6D3982D044A766A0ED53,1,1,1,1,STILL_UNRESOLVED,UNRESOLVED_MARKER_ONLY_PAGE_CONTENT_CLASSIFICATION,0,UNRESOLVED,0,0,LOW,No existing page-level source evidence establishes substantive content or a legitimate blank-page explanation; retain unresolved.
CUMCM-2001-B-006,derived/scale/papers/CUMCM-2001-B-006,2001,B,OTHER_FORMAL_DERIVED,PDF->pdf-inspector/native-markdown->Q0 per-page normalization->source_page marker assembly->paper.md,6,6,1,0,PAGE_LOCAL_STRICT_BOUNDARY,1,0,0,0,6,1,0,3556B4100929F4D56319AA760B104EE0CA947F3D5B03F13F7A0DF601179225BE,derived/scale/papers/CUMCM-2001-B-006/paper.md,3556B4100929F4D56319AA760B104EE0CA947F3D5B03F13F7A0DF601179225BE,2001年数学建模国赛真题+优秀论文/2001年国赛优秀论文/2001B：公交车调度.pdf,230B17BEA31423FAF14C1B6789005A24298DDE71181C0E097C49626590B9FF66,1,1,1,1,STILL_UNRESOLVED,UNRESOLVED_MARKER_ONLY_PAGE_CONTENT_CLASSIFICATION,0,UNRESOLVED,0,0,LOW,No existing page-level source evidence establishes substantive content or a legitimate blank-page explanation; retain unresolved.
CUMCM-2001-B-007,derived/scale/papers/CUMCM-2001-B-007,2001,B,OTHER_FORMAL_DERIVED,PDF->pdf-inspector/native-markdown->Q0 per-page normalization->source_page marker assembly->paper.md,8,8,1,0,PAGE_LOCAL_STRICT_BOUNDARY,1,0,0,0,8,1,0,A77C45CA4996F487E50554AFAD7BFE22E0C6D461B26680CBB4AB637D01230D7C,derived/scale/papers/CUMCM-2001-B-007/paper.md,A77C45CA4996F487E50554AFAD7BFE22E0C6D461B26680CBB4AB637D01230D7C,2001年数学建模国赛真题+优秀论文/2001年国赛优秀论文/2001B：公交车调度问题的研究.pdf,044F8116300A68D7DD1EB481A9F8C2A2717981DE03A8463C5233D038054A6CBD,1,1,1,1,STILL_UNRESOLVED,UNRESOLVED_MARKER_ONLY_PAGE_CONTENT_CLASSIFICATION,0,UNRESOLVED,0,0,LOW,No existing page-level source evidence establishes substantive content or a legitimate blank-page explanation; retain unresolved.
CUMCM-2001-B-008,derived/scale/papers/CUMCM-2001-B-008,2001,B,OTHER_FORMAL_DERIVED,PDF->pdf-inspector/native-markdown->Q0 per-page normalization->source_page marker assembly->paper.md,7,7,1,0,PAGE_LOCAL_STRICT_BOUNDARY,1,0,0,0,7,1,0,845EAC42B8D7C797245E742A556F6F7B87F8594979C758FB43031CD6D48DB563,derived/scale/papers/CUMCM-2001-B-008/paper.md,845EAC42B8D7C797245E742A556F6F7B87F8594979C758FB43031CD6D48DB563,2001年数学建模国赛真题+优秀论文/2001年国赛优秀论文/2001B：关于公交车调度的优化问题 (2).pdf,C23BF865B0681B4147D658586BBCE37C3F0853EDBA5144BD107328DF8481FCEC,1,1,1,1,STILL_UNRESOLVED,UNRESOLVED_MARKER_ONLY_PAGE_CONTENT_CLASSIFICATION,0,UNRESOLVED,0,0,LOW,No existing page-level source evidence establishes substantive content or a legitimate blank-page explanation; retain unresolved.
CUMCM-2001-C-001,derived/scale/papers/CUMCM-2001-C-001,2001,C,OTHER_FORMAL_DERIVED,PDF->pdf-inspector/native-markdown->Q0 per-page normalization->source_page marker assembly->paper.md,7,7,1,0,PAGE_LOCAL_STRICT_BOUNDARY,1,0,0,0,7,1,0,845EAC42B8D7C797245E742A556F6F7B87F8594979C758FB43031CD6D48DB563,derived/scale/papers/CUMCM-2001-C-001/paper.md,845EAC42B8D7C797245E742A556F6F7B87F8594979C758FB43031CD6D48DB563,2001年数学建模国赛真题+优秀论文/2001年国赛优秀论文/2001C：基金存储方案.pdf,801FA9B4555CFFC18C5E39E9CF91B957A10A7B87DD067E488CA08FD1530E5FD1,1,1,1,1,STILL_UNRESOLVED,UNRESOLVED_MARKER_ONLY_PAGE_CONTENT_CLASSIFICATION,0,UNRESOLVED,0,0,LOW,No existing page-level source evidence establishes substantive content or a legitimate blank-page explanation; retain unresolved.
CUMCM-2001-C-002,derived/scale/papers/CUMCM-2001-C-002,2001,C,OTHER_FORMAL_DERIVED,PDF->pdf-inspector/native-markdown->Q0 per-page normalization->source_page marker assembly->paper.md,7,7,1,0,PAGE_LOCAL_STRICT_BOUNDARY,1,0,0,0,7,1,0,845EAC42B8D7C797245E742A556F6F7B87F8594979C758FB43031CD6D48DB563,derived/scale/papers/CUMCM-2001-C-002/paper.md,845EAC42B8D7C797245E742A556F6F7B87F8594979C758FB43031CD6D48DB563,2001年数学建模国赛真题+优秀论文/2001年国赛优秀论文/2001C：“基金使用计划”模型和评述.pdf,7572379FF6B8A6B78B7CE51ABCC631C1DF6059601AD45C0FB96409340DB2F780,1,1,1,1,STILL_UNRESOLVED,UNRESOLVED_MARKER_ONLY_PAGE_CONTENT_CLASSIFICATION,0,UNRESOLVED,0,0,LOW,No existing page-level source evidence establishes substantive content or a legitimate blank-page explanation; retain unresolved.
CUMCM-2001-C-003,derived/scale/papers/CUMCM-2001-C-003,2001,C,OTHER_FORMAL_DERIVED,PDF->pdf-inspector/native-markdown->Q0 per-page normalization->source_page marker assembly->paper.md,8,8,1,0,PAGE_LOCAL_STRICT_BOUNDARY,1,0,0,0,8,1,0,A77C45CA4996F487E50554AFAD7BFE22E0C6D461B26680CBB4AB637D01230D7C,derived/scale/papers/CUMCM-2001-C-003/paper.md,A77C45CA4996F487E50554AFAD7BFE22E0C6D461B26680CBB4AB637D01230D7C,2001年数学建模国赛真题+优秀论文/2001年国赛优秀论文/2001C：基金最佳使用计划.pdf,7229B6C376D7469D0442A6D5998AC07B70DA60A77E4DDE20012CD46AE7D190B7,1,1,1,1,STILL_UNRESOLVED,UNRESOLVED_MARKER_ONLY_PAGE_CONTENT_CLASSIFICATION,0,UNRESOLVED,0,0,LOW,No existing page-level source evidence establishes substantive content or a legitimate blank-page explanation; retain unresolved.
CUMCM-2002-A-002,derived/scale/papers/CUMCM-2002-A-002,2002,A,OTHER_FORMAL_DERIVED,PDF->pdf-inspector/native-markdown->Q0 per-page normalization->source_page marker assembly->paper.md,10,10,1,0,PAGE_LOCAL_STRICT_BOUNDARY,1,0,0,0,10,1,0,D2C2B9A9C3053CBA6E8268335CA5BE7D0214F512AC81C7C8AE6302E692F1088E,derived/scale/papers/CUMCM-2002-A-002/paper.md,D2C2B9A9C3053CBA6E8268335CA5BE7D0214F512AC81C7C8AE6302E692F1088E,2002年数学建模国赛真题+优秀论文/2002年优秀论文/2002A：车灯线光源的优化设计方案.pdf,8E981B48894748BD7C77F8BC20987C633A743CF674A0DFC7F718B87B3ED850B9,1,1,1,1,STILL_UNRESOLVED,UNRESOLVED_MARKER_ONLY_PAGE_CONTENT_CLASSIFICATION,0,UNRESOLVED,0,0,LOW,No existing page-level source evidence establishes substantive content or a legitimate blank-page explanation; retain unresolved.
CUMCM-2002-A-003,derived/scale/papers/CUMCM-2002-A-003,2002,A,OTHER_FORMAL_DERIVED,PDF->pdf-inspector/native-markdown->Q0 per-page normalization->source_page marker assembly->paper.md,12,12,1,0,PAGE_LOCAL_STRICT_BOUNDARY,1,0,0,0,12,1,0,6B55BA4F2EED923562339D385F92366AD7892213C511BABE88BE16AA6BB6940E,derived/scale/papers/CUMCM-2002-A-003/paper.md,6B55BA4F2EED923562339D385F92366AD7892213C511BABE88BE16AA6BB6940E,2002年数学建模国赛真题+优秀论文/2002年优秀论文/2002A：车灯线光源的优化设计.pdf,654FDAE1F1D62D35C5956A2A6912B3919CE04E4A7BC901543ABF6A69E2909033,1,1,1,1,STILL_UNRESOLVED,UNRESOLVED_MARKER_ONLY_PAGE_CONTENT_CLASSIFICATION,0,UNRESOLVED,0,0,LOW,No existing page-level source evidence establishes substantive content or a legitimate blank-page explanation; retain unresolved.
CUMCM-2002-A-004,derived/scale/papers/CUMCM-2002-A-004,2002,A,OTHER_FORMAL_DERIVED,PDF->pdf-inspector/native-markdown->Q0 per-page normalization->source_page marker assembly->paper.md,5,5,1,0,PAGE_LOCAL_STRICT_BOUNDARY,1,0,0,0,5,1,0,1D9182549363CD07A8F3D657C2AD60D5197D3991577AD22ACB1BFC0A2C456E59,derived/scale/papers/CUMCM-2002-A-004/paper.md,1D9182549363CD07A8F3D657C2AD60D5197D3991577AD22ACB1BFC0A2C456E59,2002年数学建模国赛真题+优秀论文/2002年优秀论文/2002A：车灯线光源的优化设计(1).pdf,08F6F1C51837E3D9C12D40DD967F15B2C2148E1C1312C08AF6701A52AF748CFD,1,1,1,1,STILL_UNRESOLVED,UNRESOLVED_MARKER_ONLY_PAGE_CONTENT_CLASSIFICATION,0,UNRESOLVED,0,0,LOW,No existing page-level source evidence establishes substantive content or a legitimate blank-page explanation; retain unresolved.
CUMCM-2002-A-005,derived/scale/papers/CUMCM-2002-A-005,2002,A,OTHER_FORMAL_DERIVED,PDF->pdf-inspector/native-markdown->Q0 per-page normalization->source_page marker assembly->paper.md,9,9,1,0,PAGE_LOCAL_STRICT_BOUNDARY,1,0,0,0,9,1,0,1C2FC324063A906FF208763D2826E0A769B059290333B0542241C22CD9C91DE8,derived/scale/papers/CUMCM-2002-A-005/paper.md,1C2FC324063A906FF208763D2826E0A769B059290333B0542241C22CD9C91DE8,2002年数学建模国赛真题+优秀论文/2002年优秀论文/2002A：车灯线光源的优化设计问题.pdf,520A0E302BA4417CF6C4762B147DD359C6BD74700EA1CFE31A9163E5AAEDF58C,1,1,1,1,STILL_UNRESOLVED,UNRESOLVED_MARKER_ONLY_PAGE_CONTENT_CLASSIFICATION,0,UNRESOLVED,0,0,LOW,No existing page-level source evidence establishes substantive content or a legitimate blank-page explanation; retain unresolved.
CUMCM-2002-A-008,derived/scale/papers/CUMCM-2002-A-008,2002,A,OTHER_FORMAL_DERIVED,PDF->pdf-inspector/native-markdown->Q0 per-page normalization->source_page marker assembly->paper.md,3,3,1,0,PAGE_LOCAL_STRICT_BOUNDARY,1,0,0,0,3,1,0,750BD75CEFFE5D543A1A964F76D8BC65F0B6D50162147B5966FC514A31D8227D,derived/scale/papers/CUMCM-2002-A-008/paper.md,750BD75CEFFE5D543A1A964F76D8BC65F0B6D50162147B5966FC514A31D8227D,2002年数学建模国赛真题+优秀论文/2002年优秀论文/2002A：关于“车灯线光源的优化设计”问题的光学思路.pdf,9EE3BC47014B395358680DB98AAB34ABFACC80F6FA12D40BC8C252DC9D221519,1,1,1,1,STILL_UNRESOLVED,UNRESOLVED_MARKER_ONLY_PAGE_CONTENT_CLASSIFICATION,0,UNRESOLVED,0,0,LOW,No existing page-level source evidence establishes substantive content or a legitimate blank-page explanation; retain unresolved.
CUMCM-2002-A-009,derived/scale/papers/CUMCM-2002-A-009,2002,A,OTHER_FORMAL_DERIVED,PDF->pdf-inspector/native-markdown->Q0 per-page normalization->source_page marker assembly->paper.md,6,6,1,0,PAGE_LOCAL_STRICT_BOUNDARY,1,0,0,0,6,1,0,3556B4100929F4D56319AA760B104EE0CA947F3D5B03F13F7A0DF601179225BE,derived/scale/papers/CUMCM-2002-A-009/paper.md,3556B4100929F4D56319AA760B104EE0CA947F3D5B03F13F7A0DF601179225BE,2002年数学建模国赛真题+优秀论文/2002年优秀论文/2002A：车灯灯丝长度优化设计的数学模型和数值模拟.pdf,B5217584F6B1DB53C1F4013BD7582A69B99EF6CBF3C3F7177FFC478443E5A024,1,1,1,1,STILL_UNRESOLVED,UNRESOLVED_MARKER_ONLY_PAGE_CONTENT_CLASSIFICATION,0,UNRESOLVED,0,0,LOW,No existing page-level source evidence establishes substantive content or a legitimate blank-page explanation; retain unresolved.
CUMCM-2002-A-011,derived/scale/papers/CUMCM-2002-A-011,2002,A,OTHER_FORMAL_DERIVED,PDF->pdf-inspector/native-markdown->Q0 per-page normalization->source_page marker assembly->paper.md,8,8,1,0,PAGE_LOCAL_STRICT_BOUNDARY,1,0,0,0,8,1,0,A77C45CA4996F487E50554AFAD7BFE22E0C6D461B26680CBB4AB637D01230D7C,derived/scale/papers/CUMCM-2002-A-011/paper.md,A77C45CA4996F487E50554AFAD7BFE22E0C6D461B26680CBB4AB637D01230D7C,2002年数学建模国赛真题+优秀论文/2002年优秀论文/2002A：车灯线光源的优化设计模型.pdf,918DAA2D8C6C3070BAA93F4CDE8CA3419D093A373A897DF5422CF3B4CD6AC89A,1,1,1,1,STILL_UNRESOLVED,UNRESOLVED_MARKER_ONLY_PAGE_CONTENT_CLASSIFICATION,0,UNRESOLVED,0,0,LOW,No existing page-level source evidence establishes substantive content or a legitimate blank-page explanation; retain unresolved.
CUMCM-2002-A-012,derived/scale/papers/CUMCM-2002-A-012,2002,A,OTHER_FORMAL_DERIVED,PDF->pdf-inspector/native-markdown->Q0 per-page normalization->source_page marker assembly->paper.md,7,7,1,0,PAGE_LOCAL_STRICT_BOUNDARY,1,0,0,0,7,1,0,845EAC42B8D7C797245E742A556F6F7B87F8594979C758FB43031CD6D48DB563,derived/scale/papers/CUMCM-2002-A-012/paper.md,845EAC42B8D7C797245E742A556F6F7B87F8594979C758FB43031CD6D48DB563,2002年数学建模国赛真题+优秀论文/2002年优秀论文/2002A：车灯光源优化问题的探讨.pdf,39800EA2CA3CA428E9394E255858B8A4E9369582FCB4A6541677BED254F5DCCB,1,1,1,1,STILL_UNRESOLVED,UNRESOLVED_MARKER_ONLY_PAGE_CONTENT_CLASSIFICATION,0,UNRESOLVED,0,0,LOW,No existing page-level source evidence establishes substantive content or a legitimate blank-page explanation; retain unresolved.
CUMCM-2002-B-001,derived/scale/papers/CUMCM-2002-B-001,2002,B,OTHER_FORMAL_DERIVED,PDF->pdf-inspector/native-markdown->Q0 per-page normalization->source_page marker assembly->paper.md,7,7,1,0,PAGE_LOCAL_STRICT_BOUNDARY,1,0,0,0,7,1,0,845EAC42B8D7C797245E742A556F6F7B87F8594979C758FB43031CD6D48DB563,derived/scale/papers/CUMCM-2002-B-001/paper.md,845EAC42B8D7C797245E742A556F6F7B87F8594979C758FB43031CD6D48DB563,2002年数学建模国赛真题+优秀论文/2002年优秀论文/2002B：彩票方案的评价.pdf,0ACA3F7090683F9B8E5FB9D24765CE3E4ED11F7F44DE277EF6FA0F1D7EA8A448,1,1,1,1,STILL_UNRESOLVED,UNRESOLVED_MARKER_ONLY_PAGE_CONTENT_CLASSIFICATION,0,UNRESOLVED,0,0,LOW,No existing page-level source evidence establishes substantive content or a legitimate blank-page explanation; retain unresolved.
CUMCM-2002-B-002,derived/scale/papers/CUMCM-2002-B-002,2002,B,OTHER_FORMAL_DERIVED,PDF->pdf-inspector/native-markdown->Q0 per-page normalization->source_page marker assembly->paper.md,10,10,1,0,PAGE_LOCAL_STRICT_BOUNDARY,1,0,0,0,10,1,0,D2C2B9A9C3053CBA6E8268335CA5BE7D0214F512AC81C7C8AE6302E692F1088E,derived/scale/papers/CUMCM-2002-B-002/paper.md,D2C2B9A9C3053CBA6E8268335CA5BE7D0214F512AC81C7C8AE6302E692F1088E,2002年数学建模国赛真题+优秀论文/2002年优秀论文/2002B：“彩票中的数学”问题的优化模型与评述.pdf,1A469B56C54C92E4FC4A4E61A8AD08E19AB7905FFBC6E1B5D2E9A61848817E37,1,1,1,1,STILL_UNRESOLVED,UNRESOLVED_MARKER_ONLY_PAGE_CONTENT_CLASSIFICATION,0,UNRESOLVED,0,0,LOW,No existing page-level source evidence establishes substantive content or a legitimate blank-page explanation; retain unresolved.
CUMCM-2002-B-003,derived/scale/papers/CUMCM-2002-B-003,2002,B,OTHER_FORMAL_DERIVED,PDF->pdf-inspector/native-markdown->Q0 per-page normalization->source_page marker assembly->paper.md,7,7,1,0,PAGE_LOCAL_STRICT_BOUNDARY,1,0,0,0,7,1,0,845EAC42B8D7C797245E742A556F6F7B87F8594979C758FB43031CD6D48DB563,derived/scale/papers/CUMCM-2002-B-003/paper.md,845EAC42B8D7C797245E742A556F6F7B87F8594979C758FB43031CD6D48DB563,2002年数学建模国赛真题+优秀论文/2002年优秀论文/2002B：彩票方案的优选模型.pdf,2A0E809E04613E25B703B280D67CF89F6E6CE573B330A2220C20F926588D2F74,1,1,1,1,STILL_UNRESOLVED,UNRESOLVED_MARKER_ONLY_PAGE_CONTENT_CLASSIFICATION,0,UNRESOLVED,0,0,LOW,No existing page-level source evidence establishes substantive content or a legitimate blank-page explanation; retain unresolved.
CUMCM-2002-B-004,derived/scale/papers/CUMCM-2002-B-004,2002,B,OTHER_FORMAL_DERIVED,PDF->pdf-inspector/native-markdown->Q0 per-page normalization->source_page marker assembly->paper.md,6,6,1,0,PAGE_LOCAL_STRICT_BOUNDARY,1,0,0,0,6,1,0,3556B4100929F4D56319AA760B104EE0CA947F3D5B03F13F7A0DF601179225BE,derived/scale/papers/CUMCM-2002-B-004/paper.md,3556B4100929F4D56319AA760B104EE0CA947F3D5B03F13F7A0DF601179225BE,2002年数学建模国赛真题+优秀论文/2002年优秀论文/2002B：彩票运行方案的合理性研究1.pdf,4BC54A962A329FA9768093ECEF5FA95A91BFD78FDD464FFB92C61456B5BEDFDB,1,1,1,1,STILL_UNRESOLVED,UNRESOLVED_MARKER_ONLY_PAGE_CONTENT_CLASSIFICATION,0,UNRESOLVED,0,0,LOW,No existing page-level source evidence establishes substantive content or a legitimate blank-page explanation; retain unresolved.
CUMCM-2002-B-005,derived/scale/papers/CUMCM-2002-B-005,2002,B,OTHER_FORMAL_DERIVED,PDF->pdf-inspector/native-markdown->Q0 per-page normalization->source_page marker assembly->paper.md,7,7,1,0,PAGE_LOCAL_STRICT_BOUNDARY,1,0,3,0,4,1,0,845EAC42B8D7C797245E742A556F6F7B87F8594979C758FB43031CD6D48DB563,derived/scale/papers/CUMCM-2002-B-005/paper.md,845EAC42B8D7C797245E742A556F6F7B87F8594979C758FB43031CD6D48DB563,2002年数学建模国赛真题+优秀论文/2002年优秀论文/2002B：彩票中的数学.pdf,FA279E682B35EA23D320073F6818B6DA538A4AE5BC86B6D86A0D384FE8E6A06F,1,1,1,1,CONFIRMED_DEFECTIVE,FORMAL_ARTIFACT_PAGE_CONTENT_MISSING,1,FORMAL_BODY_RECONSTRUCTION_SERIALIZATION,0,1,HIGH,Confirmed by existing G11 selected-page PNG/excerpt evidence; 9 confirmed identities also retain additional unresolved marker-only pages.
CUMCM-2002-B-006,derived/scale/papers/CUMCM-2002-B-006,2002,B,OTHER_FORMAL_DERIVED,PDF->pdf-inspector/native-markdown->Q0 per-page normalization->source_page marker assembly->paper.md,6,6,1,0,PAGE_LOCAL_STRICT_BOUNDARY,1,0,0,0,6,1,0,3556B4100929F4D56319AA760B104EE0CA947F3D5B03F13F7A0DF601179225BE,derived/scale/papers/CUMCM-2002-B-006/paper.md,3556B4100929F4D56319AA760B104EE0CA947F3D5B03F13F7A0DF601179225BE,2002年数学建模国赛真题+优秀论文/2002年优秀论文/2002B：彩票方案的合理性优化.pdf,BDC843CB35F6AFE4EECE26DC99D74E3D7281B7698E7900CF0F7121042C49F9EC,1,1,1,1,STILL_UNRESOLVED,UNRESOLVED_MARKER_ONLY_PAGE_CONTENT_CLASSIFICATION,0,UNRESOLVED,0,0,LOW,No existing page-level source evidence establishes substantive content or a legitimate blank-page explanation; retain unresolved.
CUMCM-2002-B-008,derived/scale/papers/CUMCM-2002-B-008,2002,B,OTHER_FORMAL_DERIVED,PDF->pdf-inspector/native-markdown->Q0 per-page normalization->source_page marker assembly->paper.md,6,6,1,0,PAGE_LOCAL_STRICT_BOUNDARY,1,0,0,0,6,1,0,3556B4100929F4D56319AA760B104EE0CA947F3D5B03F13F7A0DF601179225BE,derived/scale/papers/CUMCM-2002-B-008/paper.md,3556B4100929F4D56319AA760B104EE0CA947F3D5B03F13F7A0DF601179225BE,2002年数学建模国赛真题+优秀论文/2002年优秀论文/2002B：彩票方案的合理性优化1.pdf,BA2835F2FF6187D5F52CF41DD2BBA2CC41F3D45533B5DA4CFDD9E7A8D173BC2C,1,1,1,1,STILL_UNRESOLVED,UNRESOLVED_MARKER_ONLY_PAGE_CONTENT_CLASSIFICATION,0,UNRESOLVED,0,0,LOW,No existing page-level source evidence establishes substantive content or a legitimate blank-page explanation; retain unresolved.
CUMCM-2002-B-009,derived/scale/papers/CUMCM-2002-B-009,2002,B,OTHER_FORMAL_DERIVED,PDF->pdf-inspector/native-markdown->Q0 per-page normalization->source_page marker assembly->paper.md,6,6,1,0,PAGE_LOCAL_STRICT_BOUNDARY,1,0,0,0,6,1,0,3556B4100929F4D56319AA760B104EE0CA947F3D5B03F13F7A0DF601179225BE,derived/scale/papers/CUMCM-2002-B-009/paper.md,3556B4100929F4D56319AA760B104EE0CA947F3D5B03F13F7A0DF601179225BE,2002年数学建模国赛真题+优秀论文/2002年优秀论文/2002B：彩票运行方案的合理性研究.pdf,61C8C7D4F04E5208725BAB828918292D3FCF2B964D252F21A30EB0875E50D095,1,1,1,1,STILL_UNRESOLVED,UNRESOLVED_MARKER_ONLY_PAGE_CONTENT_CLASSIFICATION,0,UNRESOLVED,0,0,LOW,No existing page-level source evidence establishes substantive content or a legitimate blank-page explanation; retain unresolved.
CUMCM-2003-A-002,derived/scale/papers/CUMCM-2003-A-002,2003,A,OTHER_FORMAL_DERIVED,PDF->pdf-inspector/native-markdown->Q0 per-page normalization->source_page marker assembly->paper.md,10,10,1,0,PAGE_LOCAL_STRICT_BOUNDARY,1,0,0,0,10,1,0,D2C2B9A9C3053CBA6E8268335CA5BE7D0214F512AC81C7C8AE6302E692F1088E,derived/scale/papers/CUMCM-2003-A-002/paper.md,D2C2B9A9C3053CBA6E8268335CA5BE7D0214F512AC81C7C8AE6302E692F1088E,2003年数学建模国赛真题+优秀论文/2003年优秀论文/2003A：SARS传播预测的数学模型.pdf,09FAC486AFB2A0AF905E373CF070497044B24FC21413D803B5DF8AC174CF61FC,1,1,1,1,STILL_UNRESOLVED,UNRESOLVED_MARKER_ONLY_PAGE_CONTENT_CLASSIFICATION,0,UNRESOLVED,0,0,LOW,No existing page-level source evidence establishes substantive content or a legitimate blank-page explanation; retain unresolved.
CUMCM-2003-A-003,derived/scale/papers/CUMCM-2003-A-003,2003,A,OTHER_FORMAL_DERIVED,PDF->pdf-inspector/native-markdown->Q0 per-page normalization->source_page marker assembly->paper.md,9,9,1,0,PAGE_LOCAL_STRICT_BOUNDARY,1,0,0,0,9,1,0,1C2FC324063A906FF208763D2826E0A769B059290333B0542241C22CD9C91DE8,derived/scale/papers/CUMCM-2003-A-003/paper.md,1C2FC324063A906FF208763D2826E0A769B059290333B0542241C22CD9C91DE8,2003年数学建模国赛真题+优秀论文/2003年优秀论文/2003A：非典数学模型的建立与分析.pdf,449B791365B07B013DD19F36985266781C7A24942C0E1CF71757C74C8CEF04B3,1,1,1,1,STILL_UNRESOLVED,UNRESOLVED_MARKER_ONLY_PAGE_CONTENT_CLASSIFICATION,0,UNRESOLVED,0,0,LOW,No existing page-level source evidence establishes substantive content or a legitimate blank-page explanation; retain unresolved.
CUMCM-2003-A-005,derived/scale/papers/CUMCM-2003-A-005,2003,A,OTHER_FORMAL_DERIVED,PDF->pdf-inspector/native-markdown->Q0 per-page normalization->source_page marker assembly->paper.md,10,10,1,0,PAGE_LOCAL_STRICT_BOUNDARY,1,0,0,0,10,1,0,D2C2B9A9C3053CBA6E8268335CA5BE7D0214F512AC81C7C8AE6302E692F1088E,derived/scale/papers/CUMCM-2003-A-005/paper.md,D2C2B9A9C3053CBA6E8268335CA5BE7D0214F512AC81C7C8AE6302E692F1088E,2003年数学建模国赛真题+优秀论文/2003年优秀论文/2003A：SARS传播的研究.pdf,E858C1C86EC51C6F169A2588AB16880A025B5006775DA2ECFC337D76207FD6BA,1,1,1,1,STILL_UNRESOLVED,UNRESOLVED_MARKER_ONLY_PAGE_CONTENT_CLASSIFICATION,0,UNRESOLVED,0,0,LOW,No existing page-level source evidence establishes substantive content or a legitimate blank-page explanation; retain unresolved.
CUMCM-2003-A-006,derived/scale/papers/CUMCM-2003-A-006,2003,A,OTHER_FORMAL_DERIVED,PDF->pdf-inspector/native-markdown->Q0 per-page normalization->source_page marker assembly->paper.md,6,6,1,0,PAGE_LOCAL_STRICT_BOUNDARY,1,0,0,0,6,1,0,3556B4100929F4D56319AA760B104EE0CA947F3D5B03F13F7A0DF601179225BE,derived/scale/papers/CUMCM-2003-A-006/paper.md,3556B4100929F4D56319AA760B104EE0CA947F3D5B03F13F7A0DF601179225BE,2003年数学建模国赛真题+优秀论文/2003年优秀论文/2003A：SARS传播的数学原理及预测与控制.pdf,9C75E95CB0D79C1011479EEF85FDF9071BED1D157761CF9CA3B31798FF41FB45,1,1,1,1,STILL_UNRESOLVED,UNRESOLVED_MARKER_ONLY_PAGE_CONTENT_CLASSIFICATION,0,UNRESOLVED,0,0,LOW,No existing page-level source evidence establishes substantive content or a legitimate blank-page explanation; retain unresolved.
CUMCM-2003-A-008,derived/scale/papers/CUMCM-2003-A-008,2003,A,OTHER_FORMAL_DERIVED,PDF->pdf-inspector/native-markdown->Q0 per-page normalization->source_page marker assembly->paper.md,10,10,1,0,PAGE_LOCAL_STRICT_BOUNDARY,1,0,0,0,10,1,0,D2C2B9A9C3053CBA6E8268335CA5BE7D0214F512AC81C7C8AE6302E692F1088E,derived/scale/papers/CUMCM-2003-A-008/paper.md,D2C2B9A9C3053CBA6E8268335CA5BE7D0214F512AC81C7C8AE6302E692F1088E,2003年数学建模国赛真题+优秀论文/2003年优秀论文/2003A：考虑自愈的SARS的传播模型.pdf,B61160B3FB6ECD4A627F9E5521C3492EA870B1BE014F52C600DBAE7C3F92EAC2,1,1,1,1,STILL_UNRESOLVED,UNRESOLVED_MARKER_ONLY_PAGE_CONTENT_CLASSIFICATION,0,UNRESOLVED,0,0,LOW,No existing page-level source evidence establishes substantive content or a legitimate blank-page explanation; retain unresolved.
CUMCM-2003-B-001,derived/scale/papers/CUMCM-2003-B-001,2003,B,OTHER_FORMAL_DERIVED,PDF->pdf-inspector/native-markdown->Q0 per-page normalization->source_page marker assembly->paper.md,8,8,1,0,PAGE_LOCAL_STRICT_BOUNDARY,1,0,0,0,8,1,0,A77C45CA4996F487E50554AFAD7BFE22E0C6D461B26680CBB4AB637D01230D7C,derived/scale/papers/CUMCM-2003-B-001/paper.md,A77C45CA4996F487E50554AFAD7BFE22E0C6D461B26680CBB4AB637D01230D7C,2003年数学建模国赛真题+优秀论文/2003年优秀论文/2003B：露天矿生产的车辆安排(2).pdf,6267B72836B37E1E0AA2957A176FB267E927B9EBEAC6F7DA2B808B13D873ABA9,1,1,1,1,STILL_UNRESOLVED,UNRESOLVED_MARKER_ONLY_PAGE_CONTENT_CLASSIFICATION,0,UNRESOLVED,0,0,LOW,No existing page-level source evidence establishes substantive content or a legitimate blank-page explanation; retain unresolved.
CUMCM-2003-B-005,derived/scale/papers/CUMCM-2003-B-005,2003,B,OTHER_FORMAL_DERIVED,PDF->pdf-inspector/native-markdown->Q0 per-page normalization->source_page marker assembly->paper.md,7,7,1,0,PAGE_LOCAL_STRICT_BOUNDARY,1,0,0,0,7,1,0,845EAC42B8D7C797245E742A556F6F7B87F8594979C758FB43031CD6D48DB563,derived/scale/papers/CUMCM-2003-B-005/paper.md,845EAC42B8D7C797245E742A556F6F7B87F8594979C758FB43031CD6D48DB563,2003年数学建模国赛真题+优秀论文/2003年优秀论文/2003B：露天矿生产的车辆安排(1).pdf,32B3E6759B9C7DEA213340A1A6159CE39859D45DF8C51B3CEC6E3D523A9571DF,1,1,1,1,STILL_UNRESOLVED,UNRESOLVED_MARKER_ONLY_PAGE_CONTENT_CLASSIFICATION,0,UNRESOLVED,0,0,LOW,No existing page-level source evidence establishes substantive content or a legitimate blank-page explanation; retain unresolved.
CUMCM-2003-B-007,derived/scale/papers/CUMCM-2003-B-007,2003,B,OTHER_FORMAL_DERIVED,PDF->pdf-inspector/native-markdown->Q0 per-page normalization->source_page marker assembly->paper.md,7,7,1,0,PAGE_LOCAL_STRICT_BOUNDARY,1,0,0,0,7,1,0,845EAC42B8D7C797245E742A556F6F7B87F8594979C758FB43031CD6D48DB563,derived/scale/papers/CUMCM-2003-B-007/paper.md,845EAC42B8D7C797245E742A556F6F7B87F8594979C758FB43031CD6D48DB563,2003年数学建模国赛真题+优秀论文/2003年优秀论文/2003B：露天矿生产的车辆安排.pdf,0D1C178148BD8F1B322323FA3EEA6B75A39E96CBEB3813AF050454927B3657D4,1,1,1,1,STILL_UNRESOLVED,UNRESOLVED_MARKER_ONLY_PAGE_CONTENT_CLASSIFICATION,0,UNRESOLVED,0,0,LOW,No existing page-level source evidence establishes substantive content or a legitimate blank-page explanation; retain unresolved.
CUMCM-2003-B-008,derived/scale/papers/CUMCM-2003-B-008,2003,B,OTHER_FORMAL_DERIVED,PDF->pdf-inspector/native-markdown->Q0 per-page normalization->source_page marker assembly->paper.md,8,8,1,0,PAGE_LOCAL_STRICT_BOUNDARY,1,0,0,0,8,1,0,A77C45CA4996F487E50554AFAD7BFE22E0C6D461B26680CBB4AB637D01230D7C,derived/scale/papers/CUMCM-2003-B-008/paper.md,A77C45CA4996F487E50554AFAD7BFE22E0C6D461B26680CBB4AB637D01230D7C,2003年数学建模国赛真题+优秀论文/2003年优秀论文/2003B：露天矿生产车辆安排计划优化设计.pdf,5D402BC651664DDC43C452E28D01ABF3DAE1B9A99EB3BD1BC37DEA2D412139EF,1,1,1,1,STILL_UNRESOLVED,UNRESOLVED_MARKER_ONLY_PAGE_CONTENT_CLASSIFICATION,0,UNRESOLVED,0,0,LOW,No existing page-level source evidence establishes substantive content or a legitimate blank-page explanation; retain unresolved.
CUMCM-2003-B-009,derived/scale/papers/CUMCM-2003-B-009,2003,B,OTHER_FORMAL_DERIVED,PDF->pdf-inspector/native-markdown->Q0 per-page normalization->source_page marker assembly->paper.md,10,10,1,0,PAGE_LOCAL_STRICT_BOUNDARY,1,0,0,0,10,1,0,D2C2B9A9C3053CBA6E8268335CA5BE7D0214F512AC81C7C8AE6302E692F1088E,derived/scale/papers/CUMCM-2003-B-009/paper.md,D2C2B9A9C3053CBA6E8268335CA5BE7D0214F512AC81C7C8AE6302E692F1088E,2003年数学建模国赛真题+优秀论文/2003年优秀论文/2003B：“露天矿生产的车辆安排”的模型和评述.pdf,55DAC0E775C731ADC346F37AF46F39AE6C93F5D3CFC7B3FB4E08FEEFAF38ED61,1,1,1,1,STILL_UNRESOLVED,UNRESOLVED_MARKER_ONLY_PAGE_CONTENT_CLASSIFICATION,0,UNRESOLVED,0,0,LOW,No existing page-level source evidence establishes substantive content or a legitimate blank-page explanation; retain unresolved.
CUMCM-2003-D-001,derived/scale/papers/CUMCM-2003-D-001,2003,D,OTHER_FORMAL_DERIVED,PDF->pdf-inspector/native-markdown->Q0 per-page normalization->source_page marker assembly->paper.md,7,7,1,0,PAGE_LOCAL_STRICT_BOUNDARY,1,0,0,0,7,1,0,845EAC42B8D7C797245E742A556F6F7B87F8594979C758FB43031CD6D48DB563,derived/scale/papers/CUMCM-2003-D-001/paper.md,845EAC42B8D7C797245E742A556F6F7B87F8594979C758FB43031CD6D48DB563,2003年数学建模国赛真题+优秀论文/2003年优秀论文/2003D：抢渡长江的数学模型（2）.pdf,4AAE7A6D1021D49FAFD1CDC63020EF7F72BB95C359E692E76C84B1DD39784647,1,1,1,1,STILL_UNRESOLVED,UNRESOLVED_MARKER_ONLY_PAGE_CONTENT_CLASSIFICATION,0,UNRESOLVED,0,0,LOW,No existing page-level source evidence establishes substantive content or a legitimate blank-page explanation; retain unresolved.
CUMCM-2003-D-002,derived/scale/papers/CUMCM-2003-D-002,2003,D,OTHER_FORMAL_DERIVED,PDF->pdf-inspector/native-markdown->Q0 per-page normalization->source_page marker assembly->paper.md,8,8,1,0,PAGE_LOCAL_STRICT_BOUNDARY,1,0,0,0,8,1,0,A77C45CA4996F487E50554AFAD7BFE22E0C6D461B26680CBB4AB637D01230D7C,derived/scale/papers/CUMCM-2003-D-002/paper.md,A77C45CA4996F487E50554AFAD7BFE22E0C6D461B26680CBB4AB637D01230D7C,2003年数学建模国赛真题+优秀论文/2003年优秀论文/2003D：“抢渡长江”问题的数学建模和求解.pdf,E5BD4B776E1AABB5E2EFABADF931D41C3156A2405DCDEB8DFAF4BEB705865D6C,1,1,1,1,STILL_UNRESOLVED,UNRESOLVED_MARKER_ONLY_PAGE_CONTENT_CLASSIFICATION,0,UNRESOLVED,0,0,LOW,No existing page-level source evidence establishes substantive content or a legitimate blank-page explanation; retain unresolved.
CUMCM-2003-D-003,derived/scale/papers/CUMCM-2003-D-003,2003,D,OTHER_FORMAL_DERIVED,PDF->pdf-inspector/native-markdown->Q0 per-page normalization->source_page marker assembly->paper.md,8,8,1,0,PAGE_LOCAL_STRICT_BOUNDARY,1,0,0,0,8,1,0,A77C45CA4996F487E50554AFAD7BFE22E0C6D461B26680CBB4AB637D01230D7C,derived/scale/papers/CUMCM-2003-D-003/paper.md,A77C45CA4996F487E50554AFAD7BFE22E0C6D461B26680CBB4AB637D01230D7C,2003年数学建模国赛真题+优秀论文/2003年优秀论文/2003D：抢渡长江的数学模型（1）.pdf,12EAC6CD1F19D37349302C5C762B6B9D15219905B0DB0C721480BB150C07577A,1,1,1,1,STILL_UNRESOLVED,UNRESOLVED_MARKER_ONLY_PAGE_CONTENT_CLASSIFICATION,0,UNRESOLVED,0,0,LOW,No existing page-level source evidence establishes substantive content or a legitimate blank-page explanation; retain unresolved.
CUMCM-2003-D-004,derived/scale/papers/CUMCM-2003-D-004,2003,D,OTHER_FORMAL_DERIVED,PDF->pdf-inspector/native-markdown->Q0 per-page normalization->source_page marker assembly->paper.md,7,7,1,0,PAGE_LOCAL_STRICT_BOUNDARY,1,0,0,0,7,1,0,845EAC42B8D7C797245E742A556F6F7B87F8594979C758FB43031CD6D48DB563,derived/scale/papers/CUMCM-2003-D-004/paper.md,845EAC42B8D7C797245E742A556F6F7B87F8594979C758FB43031CD6D48DB563,2003年数学建模国赛真题+优秀论文/2003年优秀论文/2003D：江河竞渡的优化模型.pdf,AAB993534D403DC6FF5EF8FAA52919C3EBD266336B0BA36FF50114404D35A719,1,1,1,1,STILL_UNRESOLVED,UNRESOLVED_MARKER_ONLY_PAGE_CONTENT_CLASSIFICATION,0,UNRESOLVED,0,0,LOW,No existing page-level source evidence establishes substantive content or a legitimate blank-page explanation; retain unresolved.
CUMCM-2004-B-001,derived/scale/papers/CUMCM-2004-B-001,2004,B,OTHER_FORMAL_DERIVED,PDF->pdf-inspector/native-markdown->Q0 per-page normalization->source_page marker assembly->paper.md,14,14,1,0,PAGE_LOCAL_STRICT_BOUNDARY,1,0,0,0,14,1,0,F501017C13D9B29686DD922D65EDC0CD658E90E82A5785E427A2D829537C8626,derived/scale/papers/CUMCM-2004-B-001/paper.md,F501017C13D9B29686DD922D65EDC0CD658E90E82A5785E427A2D829537C8626,2004年数学建模国赛真题+优秀论文/2004优秀论文/2004B：电力市场输电阻塞管理模型(特等奖).pdf,EF2F3C0652EE1718FA7D6ABE0F05FF2A0EC96721AA49459394137C05475BB1E8,1,1,1,1,STILL_UNRESOLVED,UNRESOLVED_MARKER_ONLY_PAGE_CONTENT_CLASSIFICATION,0,UNRESOLVED,0,0,LOW,No existing page-level source evidence establishes substantive content or a legitimate blank-page explanation; retain unresolved.
CUMCM-2005-A-001,derived/scale/papers/CUMCM-2005-A-001,2005,A,OTHER_FORMAL_DERIVED,PDF->pdf-inspector/native-markdown->Q0 per-page normalization->source_page marker assembly->paper.md,11,11,1,0,PAGE_LOCAL_STRICT_BOUNDARY,1,0,0,0,11,1,0,2EEBBD295DAA69E745D4D3A60E17C0CEEF5CCD2C3D4B962C1E8FD4F59535AFD8,derived/scale/papers/CUMCM-2005-A-001/paper.md,2EEBBD295DAA69E745D4D3A60E17C0CEEF5CCD2C3D4B962C1E8FD4F59535AFD8,2005年数学建模国赛真题+优秀论文/2005年国赛优秀论文/2005A：长江水质综合评价与预测的数学模型.pdf,4733466C8FCF3B9C3D3AD25EF33E3F4ABBC5F1CFD1DB0AE73337E1712B94F79F,1,1,1,1,STILL_UNRESOLVED,UNRESOLVED_MARKER_ONLY_PAGE_CONTENT_CLASSIFICATION,0,UNRESOLVED,0,0,LOW,No existing page-level source evidence establishes substantive content or a legitimate blank-page explanation; retain unresolved.
CUMCM-2005-A-002,derived/scale/papers/CUMCM-2005-A-002,2005,A,OTHER_FORMAL_DERIVED,PDF->pdf-inspector/native-markdown->Q0 per-page normalization->source_page marker assembly->paper.md,6,6,1,0,PAGE_LOCAL_STRICT_BOUNDARY,1,0,0,0,6,1,0,3556B4100929F4D56319AA760B104EE0CA947F3D5B03F13F7A0DF601179225BE,derived/scale/papers/CUMCM-2005-A-002/paper.md,3556B4100929F4D56319AA760B104EE0CA947F3D5B03F13F7A0DF601179225BE,2005年数学建模国赛真题+优秀论文/2005年国赛优秀论文/2005A：基于回归分析的长江水质预测与控制.pdf,57A42DA17752D25A81D08F67DB6C47AC5EB3EE26FB6F77EBD3952C5A6CAF2D4D,1,1,1,1,STILL_UNRESOLVED,UNRESOLVED_MARKER_ONLY_PAGE_CONTENT_CLASSIFICATION,0,UNRESOLVED,0,0,LOW,No existing page-level source evidence establishes substantive content or a legitimate blank-page explanation; retain unresolved.
CUMCM-2005-A-003,derived/scale/papers/CUMCM-2005-A-003,2005,A,OTHER_FORMAL_DERIVED,PDF->pdf-inspector/native-markdown->Q0 per-page normalization->source_page marker assembly->paper.md,9,9,1,0,PAGE_LOCAL_STRICT_BOUNDARY,1,0,0,0,9,1,0,1C2FC324063A906FF208763D2826E0A769B059290333B0542241C22CD9C91DE8,derived/scale/papers/CUMCM-2005-A-003/paper.md,1C2FC324063A906FF208763D2826E0A769B059290333B0542241C22CD9C91DE8,2005年数学建模国赛真题+优秀论文/2005年国赛优秀论文/2005A：长江水质的评价和预测.pdf,27B1D68EFF81F79FCD3DEDC31C5D4020D1D2CE42D541837283493558C52DE507,1,1,1,1,STILL_UNRESOLVED,UNRESOLVED_MARKER_ONLY_PAGE_CONTENT_CLASSIFICATION,0,UNRESOLVED,0,0,LOW,No existing page-level source evidence establishes substantive content or a legitimate blank-page explanation; retain unresolved.
CUMCM-2005-A-004,derived/scale/papers/CUMCM-2005-A-004,2005,A,OTHER_FORMAL_DERIVED,PDF->pdf-inspector/native-markdown->Q0 per-page normalization->source_page marker assembly->paper.md,6,6,1,0,PAGE_LOCAL_STRICT_BOUNDARY,1,0,0,0,6,1,0,3556B4100929F4D56319AA760B104EE0CA947F3D5B03F13F7A0DF601179225BE,derived/scale/papers/CUMCM-2005-A-004/paper.md,3556B4100929F4D56319AA760B104EE0CA947F3D5B03F13F7A0DF601179225BE,2005年数学建模国赛真题+优秀论文/2005年国赛优秀论文/2005A：水质的评价和预测模型.pdf,FE254AD18F2480EE95CEFF0A7D1BC833EDA5920305C942DFFD632BE556024B04,1,1,1,1,STILL_UNRESOLVED,UNRESOLVED_MARKER_ONLY_PAGE_CONTENT_CLASSIFICATION,0,UNRESOLVED,0,0,LOW,No existing page-level source evidence establishes substantive content or a legitimate blank-page explanation; retain unresolved.
CUMCM-2005-A-005,derived/scale/papers/CUMCM-2005-A-005,2005,A,OTHER_FORMAL_DERIVED,PDF->pdf-inspector/native-markdown->Q0 per-page normalization->source_page marker assembly->paper.md,6,6,1,0,PAGE_LOCAL_STRICT_BOUNDARY,1,0,0,0,6,1,0,3556B4100929F4D56319AA760B104EE0CA947F3D5B03F13F7A0DF601179225BE,derived/scale/papers/CUMCM-2005-A-005/paper.md,3556B4100929F4D56319AA760B104EE0CA947F3D5B03F13F7A0DF601179225BE,2005年数学建模国赛真题+优秀论文/2005年国赛优秀论文/2005A：长江水质的评价预测模型.pdf,95E931005A51089948CBEDDB05C879D2396ACD60599E3BFFF3FD14C1D99CAE9C,1,1,1,1,STILL_UNRESOLVED,UNRESOLVED_MARKER_ONLY_PAGE_CONTENT_CLASSIFICATION,0,UNRESOLVED,0,0,LOW,No existing page-level source evidence establishes substantive content or a legitimate blank-page explanation; retain unresolved.
CUMCM-2005-A-006,derived/scale/papers/CUMCM-2005-A-006,2005,A,OTHER_FORMAL_DERIVED,PDF->pdf-inspector/native-markdown->Q0 per-page normalization->source_page marker assembly->paper.md,6,6,1,0,PAGE_LOCAL_STRICT_BOUNDARY,1,0,0,0,6,1,0,3556B4100929F4D56319AA760B104EE0CA947F3D5B03F13F7A0DF601179225BE,derived/scale/papers/CUMCM-2005-A-006/paper.md,3556B4100929F4D56319AA760B104EE0CA947F3D5B03F13F7A0DF601179225BE,2005年数学建模国赛真题+优秀论文/2005年国赛优秀论文/2005A：长江水质评价和预测研究.pdf,4B40C968EB0ED030461450F7EE197149FC5233739113D90FF72D5A2A4FFCA206,1,1,1,1,STILL_UNRESOLVED,UNRESOLVED_MARKER_ONLY_PAGE_CONTENT_CLASSIFICATION,0,UNRESOLVED,0,0,LOW,No existing page-level source evidence establishes substantive content or a legitimate blank-page explanation; retain unresolved.
CUMCM-2005-A-007,derived/scale/papers/CUMCM-2005-A-007,2005,A,OTHER_FORMAL_DERIVED,PDF->pdf-inspector/native-markdown->Q0 per-page normalization->source_page marker assembly->paper.md,6,6,1,0,PAGE_LOCAL_STRICT_BOUNDARY,1,0,0,0,6,1,0,3556B4100929F4D56319AA760B104EE0CA947F3D5B03F13F7A0DF601179225BE,derived/scale/papers/CUMCM-2005-A-007/paper.md,3556B4100929F4D56319AA760B104EE0CA947F3D5B03F13F7A0DF601179225BE,2005年数学建模国赛真题+优秀论文/2005年国赛优秀论文/2005A：长江水质的评价预测模型及其实用性研究.pdf,5193A89D12EC64538AE253CCAEF15300D8742FEAA62AE4F48B1829B9F82C29A2,1,1,1,1,STILL_UNRESOLVED,UNRESOLVED_MARKER_ONLY_PAGE_CONTENT_CLASSIFICATION,0,UNRESOLVED,0,0,LOW,No existing page-level source evidence establishes substantive content or a legitimate blank-page explanation; retain unresolved.
CUMCM-2005-B-002,derived/scale/papers/CUMCM-2005-B-002,2005,B,OTHER_FORMAL_DERIVED,PDF->pdf-inspector/native-markdown->Q0 per-page normalization->source_page marker assembly->paper.md,7,7,1,0,PAGE_LOCAL_STRICT_BOUNDARY,1,0,0,0,7,1,0,845EAC42B8D7C797245E742A556F6F7B87F8594979C758FB43031CD6D48DB563,derived/scale/papers/CUMCM-2005-B-002/paper.md,845EAC42B8D7C797245E742A556F6F7B87F8594979C758FB43031CD6D48DB563,2005年数学建模国赛真题+优秀论文/2005年国赛优秀论文/2005B：DVD在线租赁系统的优化设计.pdf,130F5D4D0078B38BE1A83849E943EB5B5F79AFFF37CF5198D16B16A9BEA5F030,1,1,1,1,STILL_UNRESOLVED,UNRESOLVED_MARKER_ONLY_PAGE_CONTENT_CLASSIFICATION,0,UNRESOLVED,0,0,LOW,No existing page-level source evidence establishes substantive content or a legitimate blank-page explanation; retain unresolved.
CUMCM-2005-B-003,derived/scale/papers/CUMCM-2005-B-003,2005,B,OTHER_FORMAL_DERIVED,PDF->pdf-inspector/native-markdown->Q0 per-page normalization->source_page marker assembly->paper.md,5,5,1,0,PAGE_LOCAL_STRICT_BOUNDARY,1,0,0,0,5,1,0,1D9182549363CD07A8F3D657C2AD60D5197D3991577AD22ACB1BFC0A2C456E59,derived/scale/papers/CUMCM-2005-B-003/paper.md,1D9182549363CD07A8F3D657C2AD60D5197D3991577AD22ACB1BFC0A2C456E59,2005年数学建模国赛真题+优秀论文/2005年国赛优秀论文/2005B：DVD在线租赁.pdf,E13295621F58DE3994CFCA45FCCFEEE50243157C32E7A14B88E91E86318F9BAF,1,1,1,1,STILL_UNRESOLVED,UNRESOLVED_MARKER_ONLY_PAGE_CONTENT_CLASSIFICATION,0,UNRESOLVED,0,0,LOW,No existing page-level source evidence establishes substantive content or a legitimate blank-page explanation; retain unresolved.
CUMCM-2005-B-004,derived/scale/papers/CUMCM-2005-B-004,2005,B,OTHER_FORMAL_DERIVED,PDF->pdf-inspector/native-markdown->Q0 per-page normalization->source_page marker assembly->paper.md,7,7,1,0,PAGE_LOCAL_STRICT_BOUNDARY,1,0,0,0,7,1,0,845EAC42B8D7C797245E742A556F6F7B87F8594979C758FB43031CD6D48DB563,derived/scale/papers/CUMCM-2005-B-004/paper.md,845EAC42B8D7C797245E742A556F6F7B87F8594979C758FB43031CD6D48DB563,2005年数学建模国赛真题+优秀论文/2005年国赛优秀论文/2005B：DVD在线租赁问题.pdf,23D1D011AAA360A297302090DF300AEF2165AD4EE9739F759D1B8CB63146E0C2,1,1,1,1,STILL_UNRESOLVED,UNRESOLVED_MARKER_ONLY_PAGE_CONTENT_CLASSIFICATION,0,UNRESOLVED,0,0,LOW,No existing page-level source evidence establishes substantive content or a legitimate blank-page explanation; retain unresolved.
CUMCM-2005-B-005,derived/scale/papers/CUMCM-2005-B-005,2005,B,OTHER_FORMAL_DERIVED,PDF->pdf-inspector/native-markdown->Q0 per-page normalization->source_page marker assembly->paper.md,9,9,1,0,PAGE_LOCAL_STRICT_BOUNDARY,1,0,0,0,9,1,0,1C2FC324063A906FF208763D2826E0A769B059290333B0542241C22CD9C91DE8,derived/scale/papers/CUMCM-2005-B-005/paper.md,1C2FC324063A906FF208763D2826E0A769B059290333B0542241C22CD9C91DE8,2005年数学建模国赛真题+优秀论文/2005年国赛优秀论文/2005B：DVD租赁优化方案.pdf,A2EB60BEE5DD0395D2DB678F7A138BFA698DA1A2AC02616005765B2ED7AF0B33,1,1,1,1,STILL_UNRESOLVED,UNRESOLVED_MARKER_ONLY_PAGE_CONTENT_CLASSIFICATION,0,UNRESOLVED,0,0,LOW,No existing page-level source evidence establishes substantive content or a legitimate blank-page explanation; retain unresolved.
CUMCM-2005-B-006,derived/scale/papers/CUMCM-2005-B-006,2005,B,OTHER_FORMAL_DERIVED,PDF->pdf-inspector/native-markdown->Q0 per-page normalization->source_page marker assembly->paper.md,4,4,1,0,PAGE_LOCAL_STRICT_BOUNDARY,1,0,0,0,4,1,0,747914D495F481AEA94B89B6481B5B807695DFAC4C1C281DE639E2F58A4F0997,derived/scale/papers/CUMCM-2005-B-006/paper.md,747914D495F481AEA94B89B6481B5B807695DFAC4C1C281DE639E2F58A4F0997,2005年数学建模国赛真题+优秀论文/2005年国赛优秀论文/2005B：DVD在线租赁业务中的数学模型.pdf,D4E3BB3EF9EF885429E43413401CD7A28AE46D4E2BC29C08DD98FA8C39CEEC71,1,1,1,1,STILL_UNRESOLVED,UNRESOLVED_MARKER_ONLY_PAGE_CONTENT_CLASSIFICATION,0,UNRESOLVED,0,0,LOW,No existing page-level source evidence establishes substantive content or a legitimate blank-page explanation; retain unresolved.
CUMCM-2005-B-007,derived/scale/papers/CUMCM-2005-B-007,2005,B,OTHER_FORMAL_DERIVED,PDF->pdf-inspector/native-markdown->Q0 per-page normalization->source_page marker assembly->paper.md,9,9,1,0,PAGE_LOCAL_STRICT_BOUNDARY,1,0,0,0,9,1,0,1C2FC324063A906FF208763D2826E0A769B059290333B0542241C22CD9C91DE8,derived/scale/papers/CUMCM-2005-B-007/paper.md,1C2FC324063A906FF208763D2826E0A769B059290333B0542241C22CD9C91DE8,2005年数学建模国赛真题+优秀论文/2005年国赛优秀论文/2005B：DVD租赁问题的模型设计及求解.pdf,B08ED8E84DB2A52D5AF734A27DD786BCFB4E242CAF72C2CC337BC09250B77FF6,1,1,1,1,STILL_UNRESOLVED,UNRESOLVED_MARKER_ONLY_PAGE_CONTENT_CLASSIFICATION,0,UNRESOLVED,0,0,LOW,No existing page-level source evidence establishes substantive content or a legitimate blank-page explanation; retain unresolved.
CUMCM-2005-C-001,derived/scale/papers/CUMCM-2005-C-001,2005,C,OTHER_FORMAL_DERIVED,PDF->pdf-inspector/native-markdown->Q0 per-page normalization->source_page marker assembly->paper.md,4,4,1,0,PAGE_LOCAL_STRICT_BOUNDARY,1,0,0,0,4,1,0,747914D495F481AEA94B89B6481B5B807695DFAC4C1C281DE639E2F58A4F0997,derived/scale/papers/CUMCM-2005-C-001/paper.md,747914D495F481AEA94B89B6481B5B807695DFAC4C1C281DE639E2F58A4F0997,2005年数学建模国赛真题+优秀论文/2005年国赛优秀论文/2005C：基于插值的雨量预报评价模型.pdf,93292CE8BB60BFC1D7CAE1FA4D731AD0398D968658D5C88C7BACD2A3BDEE7E3E,1,1,1,1,STILL_UNRESOLVED,UNRESOLVED_MARKER_ONLY_PAGE_CONTENT_CLASSIFICATION,0,UNRESOLVED,0,0,LOW,No existing page-level source evidence establishes substantive content or a legitimate blank-page explanation; retain unresolved.
CUMCM-2005-C-002,derived/scale/papers/CUMCM-2005-C-002,2005,C,OTHER_FORMAL_DERIVED,PDF->pdf-inspector/native-markdown->Q0 per-page normalization->source_page marker assembly->paper.md,5,5,1,0,PAGE_LOCAL_STRICT_BOUNDARY,1,0,0,0,5,1,0,1D9182549363CD07A8F3D657C2AD60D5197D3991577AD22ACB1BFC0A2C456E59,derived/scale/papers/CUMCM-2005-C-002/paper.md,1D9182549363CD07A8F3D657C2AD60D5197D3991577AD22ACB1BFC0A2C456E59,2005年数学建模国赛真题+优秀论文/2005年国赛优秀论文/2005C：雨量预报方法优劣的评价模型.pdf,F2C6856969C2FA17BA298F19966886261AC2D859DE3BA46B10227F326BC773D3,1,1,1,1,STILL_UNRESOLVED,UNRESOLVED_MARKER_ONLY_PAGE_CONTENT_CLASSIFICATION,0,UNRESOLVED,0,0,LOW,No existing page-level source evidence establishes substantive content or a legitimate blank-page explanation; retain unresolved.
CUMCM-2005-C-004,derived/scale/papers/CUMCM-2005-C-004,2005,C,OTHER_FORMAL_DERIVED,PDF->pdf-inspector/native-markdown->Q0 per-page normalization->source_page marker assembly->paper.md,6,6,1,0,PAGE_LOCAL_STRICT_BOUNDARY,1,0,0,0,6,1,0,3556B4100929F4D56319AA760B104EE0CA947F3D5B03F13F7A0DF601179225BE,derived/scale/papers/CUMCM-2005-C-004/paper.md,3556B4100929F4D56319AA760B104EE0CA947F3D5B03F13F7A0DF601179225BE,2005年数学建模国赛真题+优秀论文/2005年国赛优秀论文/2005C：雨量预报方法的评价模型.pdf,FD068FDBA017130A32760B4EAF2BD23EC4A4947D808960877231C74FF31DEB4C,1,1,1,1,STILL_UNRESOLVED,UNRESOLVED_MARKER_ONLY_PAGE_CONTENT_CLASSIFICATION,0,UNRESOLVED,0,0,LOW,No existing page-level source evidence establishes substantive content or a legitimate blank-page explanation; retain unresolved.
CUMCM-2005-C-005,derived/scale/papers/CUMCM-2005-C-005,2005,C,OTHER_FORMAL_DERIVED,PDF->pdf-inspector/native-markdown->Q0 per-page normalization->source_page marker assembly->paper.md,4,4,1,0,PAGE_LOCAL_STRICT_BOUNDARY,1,0,0,0,4,1,0,747914D495F481AEA94B89B6481B5B807695DFAC4C1C281DE639E2F58A4F0997,derived/scale/papers/CUMCM-2005-C-005/paper.md,747914D495F481AEA94B89B6481B5B807695DFAC4C1C281DE639E2F58A4F0997,2005年数学建模国赛真题+优秀论文/2005年国赛优秀论文/2005C：雨量预报方法的评价.pdf,8560486309D7DF9C5CDE18642312618FE1EB62E70013BE39A43F03A83459CFFE,1,1,1,1,STILL_UNRESOLVED,UNRESOLVED_MARKER_ONLY_PAGE_CONTENT_CLASSIFICATION,0,UNRESOLVED,0,0,LOW,No existing page-level source evidence establishes substantive content or a legitimate blank-page explanation; retain unresolved.
CUMCM-2005-C-006,derived/scale/papers/CUMCM-2005-C-006,2005,C,OTHER_FORMAL_DERIVED,PDF->pdf-inspector/native-markdown->Q0 per-page normalization->source_page marker assembly->paper.md,2,2,1,0,PAGE_LOCAL_STRICT_BOUNDARY,1,0,0,0,2,1,0,96063CBA314A4F2CBA5DBE2319045D111F6D07789F83372C519D124C7AA4C1B2,derived/scale/papers/CUMCM-2005-C-006/paper.md,96063CBA314A4F2CBA5DBE2319045D111F6D07789F83372C519D124C7AA4C1B2,2005年数学建模国赛真题+优秀论文/2005年国赛优秀论文/2005C：雨量预报方法的评价(1).pdf,4BEB492D0753340DA256E2738EE99D389CFC69678BA6702160E167DA43E54E51,1,1,1,1,STILL_UNRESOLVED,UNRESOLVED_MARKER_ONLY_PAGE_CONTENT_CLASSIFICATION,0,UNRESOLVED,0,0,LOW,No existing page-level source evidence establishes substantive content or a legitimate blank-page explanation; retain unresolved.
CUMCM-2006-A-001,derived/scale/papers/CUMCM-2006-A-001,2006,A,OTHER_FORMAL_DERIVED,PDF->pdf-inspector/native-markdown->Q0 per-page normalization->source_page marker assembly->paper.md,17,17,1,0,PAGE_LOCAL_STRICT_BOUNDARY,1,0,0,0,17,1,0,F711F303D778F4FCC8FBC4213E499B268F53ABFF7CCB69BACDD3DD5D6C2676CE,derived/scale/papers/CUMCM-2006-A-001/paper.md,F711F303D778F4FCC8FBC4213E499B268F53ABFF7CCB69BACDD3DD5D6C2676CE,2006年数学建模国赛真题+优秀论文/2006年优秀论文/2006A：出版社的资源配置方案.pdf,CC9E85F867A88EDEF5247AFFEA2B1BB850CC1ED0EBA5099851521799BCA94C22,1,1,1,1,STILL_UNRESOLVED,UNRESOLVED_MARKER_ONLY_PAGE_CONTENT_CLASSIFICATION,0,UNRESOLVED,0,0,LOW,No existing page-level source evidence establishes substantive content or a legitimate blank-page explanation; retain unresolved.
CUMCM-2006-A-002,derived/scale/papers/CUMCM-2006-A-002,2006,A,OTHER_FORMAL_DERIVED,PDF->pdf-inspector/native-markdown->Q0 per-page normalization->source_page marker assembly->paper.md,25,25,1,0,PAGE_LOCAL_STRICT_BOUNDARY,1,0,0,0,25,1,0,B6404540EF2A74C970DEAC82C803AE4DC23ED95E434CAB505B84EB569E9013BF,derived/scale/papers/CUMCM-2006-A-002/paper.md,B6404540EF2A74C970DEAC82C803AE4DC23ED95E434CAB505B84EB569E9013BF,2006年数学建模国赛真题+优秀论文/2006年优秀论文/2006A：层次分析思想在出版社资源配置中的应用.pdf,90A884D6E6B981A09FCE4A9CCC60D66C5E80581203E285889E74945EDABBF0AB,1,1,1,1,STILL_UNRESOLVED,UNRESOLVED_MARKER_ONLY_PAGE_CONTENT_CLASSIFICATION,0,UNRESOLVED,0,0,LOW,No existing page-level source evidence establishes substantive content or a legitimate blank-page explanation; retain unresolved.
CUMCM-2006-A-003,derived/scale/papers/CUMCM-2006-A-003,2006,A,OTHER_FORMAL_DERIVED,PDF->pdf-inspector/native-markdown->Q0 per-page normalization->source_page marker assembly->paper.md,16,16,1,0,PAGE_LOCAL_STRICT_BOUNDARY,1,0,0,0,16,1,0,57E1B342397333BC57B3F19314DAC820604D6C4F3FBAD2940F036442A24A1209,derived/scale/papers/CUMCM-2006-A-003/paper.md,57E1B342397333BC57B3F19314DAC820604D6C4F3FBAD2940F036442A24A1209,2006年数学建模国赛真题+优秀论文/2006年优秀论文/2006A：出版社资源的优化配置.pdf,00D9921397BC0F4719B302446A92E20DB8734A7359F56E8CF411C6494841F423,1,1,1,1,STILL_UNRESOLVED,UNRESOLVED_MARKER_ONLY_PAGE_CONTENT_CLASSIFICATION,0,UNRESOLVED,0,0,LOW,No existing page-level source evidence establishes substantive content or a legitimate blank-page explanation; retain unresolved.
CUMCM-2006-A-004,derived/scale/papers/CUMCM-2006-A-004,2006,A,OTHER_FORMAL_DERIVED,PDF->pdf-inspector/native-markdown->Q0 per-page normalization->source_page marker assembly->paper.md,30,30,1,0,PAGE_LOCAL_STRICT_BOUNDARY,1,0,0,0,30,1,0,F455474AB5D561BFD69A7BFC38BBE1409CF1AAC62F2E3B513A7F9F4AFBA850DE,derived/scale/papers/CUMCM-2006-A-004/paper.md,F455474AB5D561BFD69A7BFC38BBE1409CF1AAC62F2E3B513A7F9F4AFBA850DE,2006年数学建模国赛真题+优秀论文/2006年优秀论文/2006A：出版社书号的优化配置.pdf,475CF35EC24E1C7485A759127AD292B08C6BDE4AE9FE987E492B458DDFF3FCDD,1,1,1,1,STILL_UNRESOLVED,UNRESOLVED_MARKER_ONLY_PAGE_CONTENT_CLASSIFICATION,0,UNRESOLVED,0,0,LOW,No existing page-level source evidence establishes substantive content or a legitimate blank-page explanation; retain unresolved.
CUMCM-2006-A-007,derived/scale/papers/CUMCM-2006-A-007,2006,A,OTHER_FORMAL_DERIVED,PDF->pdf-inspector/native-markdown->Q0 per-page normalization->source_page marker assembly->paper.md,19,19,1,0,PAGE_LOCAL_STRICT_BOUNDARY,1,0,0,0,19,1,0,B3246C36293AD4E1270D5F165CC589A0C25142FF400E1BC33C539B75F456AC31,derived/scale/papers/CUMCM-2006-A-007/paper.md,B3246C36293AD4E1270D5F165CC589A0C25142FF400E1BC33C539B75F456AC31,2006年数学建模国赛真题+优秀论文/2006年优秀论文/2006A：出版社资源配置的问题研究.pdf,5DA1C664C8BA938C77E93AAB4334AF736D04763AAA8129A33A9565F25494FC97,1,1,1,1,STILL_UNRESOLVED,UNRESOLVED_MARKER_ONLY_PAGE_CONTENT_CLASSIFICATION,0,UNRESOLVED,0,0,LOW,No existing page-level source evidence establishes substantive content or a legitimate blank-page explanation; retain unresolved.
CUMCM-2006-B-001,derived/scale/papers/CUMCM-2006-B-001,2006,B,OTHER_FORMAL_DERIVED,PDF->pdf-inspector/native-markdown->Q0 per-page normalization->source_page marker assembly->paper.md,11,11,1,0,PAGE_LOCAL_STRICT_BOUNDARY,1,0,0,0,11,1,0,2EEBBD295DAA69E745D4D3A60E17C0CEEF5CCD2C3D4B962C1E8FD4F59535AFD8,derived/scale/papers/CUMCM-2006-B-001/paper.md,2EEBBD295DAA69E745D4D3A60E17C0CEEF5CCD2C3D4B962C1E8FD4F59535AFD8,2006年数学建模国赛真题+优秀论文/2006年优秀论文/2006B：艾滋病疗法的评价及疗效的预.pdf,9D23F968712A90CE22A25CD158585EABE82B510AFDE711E1EF28C09AD998CB33,1,1,1,1,STILL_UNRESOLVED,UNRESOLVED_MARKER_ONLY_PAGE_CONTENT_CLASSIFICATION,0,UNRESOLVED,0,0,LOW,No existing page-level source evidence establishes substantive content or a legitimate blank-page explanation; retain unresolved.
CUMCM-2006-B-002,derived/scale/papers/CUMCM-2006-B-002,2006,B,OTHER_FORMAL_DERIVED,PDF->pdf-inspector/native-markdown->Q0 per-page normalization->source_page marker assembly->paper.md,17,17,1,0,PAGE_LOCAL_STRICT_BOUNDARY,1,0,0,0,17,1,0,F711F303D778F4FCC8FBC4213E499B268F53ABFF7CCB69BACDD3DD5D6C2676CE,derived/scale/papers/CUMCM-2006-B-002/paper.md,F711F303D778F4FCC8FBC4213E499B268F53ABFF7CCB69BACDD3DD5D6C2676CE,2006年数学建模国赛真题+优秀论文/2006年优秀论文/2006B：艾滋病药物治疗的研究.pdf,E5A0B83765C71A9DC7620D68C3DE4CE6468DCF5EB9C83AB38DD2D85B6159F714,1,1,1,1,STILL_UNRESOLVED,UNRESOLVED_MARKER_ONLY_PAGE_CONTENT_CLASSIFICATION,0,UNRESOLVED,0,0,LOW,No existing page-level source evidence establishes substantive content or a legitimate blank-page explanation; retain unresolved.
CUMCM-2006-B-003,derived/scale/papers/CUMCM-2006-B-003,2006,B,OTHER_FORMAL_DERIVED,PDF->pdf-inspector/native-markdown->Q0 per-page normalization->source_page marker assembly->paper.md,29,29,1,0,PAGE_LOCAL_STRICT_BOUNDARY,1,0,0,0,29,1,0,6E52BB601D33510DA169F61B0E1C18631BEEC5D9221889662F04E1364B3CFA04,derived/scale/papers/CUMCM-2006-B-003/paper.md,6E52BB601D33510DA169F61B0E1C18631BEEC5D9221889662F04E1364B3CFA04,2006年数学建模国赛真题+优秀论文/2006年优秀论文/2006B：艾滋病疗法的评价及疗效的预测（2）.pdf,3E09A80A11C3330E8F410E47E398E02E2E9BE207C8B6BB88AAEEDE8883FE0FB2,1,1,1,1,STILL_UNRESOLVED,UNRESOLVED_MARKER_ONLY_PAGE_CONTENT_CLASSIFICATION,0,UNRESOLVED,0,0,LOW,No existing page-level source evidence establishes substantive content or a legitimate blank-page explanation; retain unresolved.
CUMCM-2006-B-004,derived/scale/papers/CUMCM-2006-B-004,2006,B,OTHER_FORMAL_DERIVED,PDF->pdf-inspector/native-markdown->Q0 per-page normalization->source_page marker assembly->paper.md,24,24,1,0,PAGE_LOCAL_STRICT_BOUNDARY,1,0,0,0,24,1,0,B1528F2EBA4BA48539DE1B6F0BD32C20EC358577E8B0E841E24563E04A40C30D,derived/scale/papers/CUMCM-2006-B-004/paper.md,B1528F2EBA4BA48539DE1B6F0BD32C20EC358577E8B0E841E24563E04A40C30D,2006年数学建模国赛真题+优秀论文/2006年优秀论文/2006B：艾滋病疗法的评价及疗效的预测.pdf,DD31E04056200D18830B0CF84E7ACD5B2A4E51A769C3E645B6A8A67AC08368DE,1,1,1,1,STILL_UNRESOLVED,UNRESOLVED_MARKER_ONLY_PAGE_CONTENT_CLASSIFICATION,0,UNRESOLVED,0,0,LOW,No existing page-level source evidence establishes substantive content or a legitimate blank-page explanation; retain unresolved.
CUMCM-2006-B-005,derived/scale/papers/CUMCM-2006-B-005,2006,B,OTHER_FORMAL_DERIVED,PDF->pdf-inspector/native-markdown->Q0 per-page normalization->source_page marker assembly->paper.md,10,10,1,0,PAGE_LOCAL_STRICT_BOUNDARY,1,0,0,0,10,1,0,D2C2B9A9C3053CBA6E8268335CA5BE7D0214F512AC81C7C8AE6302E692F1088E,derived/scale/papers/CUMCM-2006-B-005/paper.md,D2C2B9A9C3053CBA6E8268335CA5BE7D0214F512AC81C7C8AE6302E692F1088E,2006年数学建模国赛真题+优秀论文/2006年优秀论文/2006B：艾滋病疗法的评价以及疗效的预测.pdf,CA2C17F10B0CA102C43A36136553E3A5BBB927A78AD5FD6058AE38C3B2565B3C,1,1,1,1,STILL_UNRESOLVED,UNRESOLVED_MARKER_ONLY_PAGE_CONTENT_CLASSIFICATION,0,UNRESOLVED,0,0,LOW,No existing page-level source evidence establishes substantive content or a legitimate blank-page explanation; retain unresolved.
CUMCM-2007-A-001,derived/scale/papers/CUMCM-2007-A-001,2007,A,OTHER_FORMAL_DERIVED,PDF->pdf-inspector/native-markdown->Q0 per-page normalization->source_page marker assembly->paper.md,24,24,1,0,PAGE_LOCAL_STRICT_BOUNDARY,1,0,0,0,24,1,0,B1528F2EBA4BA48539DE1B6F0BD32C20EC358577E8B0E841E24563E04A40C30D,derived/scale/papers/CUMCM-2007-A-001/paper.md,B1528F2EBA4BA48539DE1B6F0BD32C20EC358577E8B0E841E24563E04A40C30D,2007年数学建模国赛真题+优秀论文/2007年优秀论文/2007A：《中国人口增长预测模型》 (3).pdf,88E3E71E000B6FF6DF5B4D0F47A7003C72698795524DBF97F78D4D7A97E7DB2E,1,1,1,1,STILL_UNRESOLVED,UNRESOLVED_MARKER_ONLY_PAGE_CONTENT_CLASSIFICATION,0,UNRESOLVED,0,0,LOW,No existing page-level source evidence establishes substantive content or a legitimate blank-page explanation; retain unresolved.
CUMCM-2007-A-003,derived/scale/papers/CUMCM-2007-A-003,2007,A,OTHER_FORMAL_DERIVED,PDF->pdf-inspector/native-markdown->Q0 per-page normalization->source_page marker assembly->paper.md,19,19,1,0,PAGE_LOCAL_STRICT_BOUNDARY,1,0,0,0,19,1,0,B3246C36293AD4E1270D5F165CC589A0C25142FF400E1BC33C539B75F456AC31,derived/scale/papers/CUMCM-2007-A-003/paper.md,B3246C36293AD4E1270D5F165CC589A0C25142FF400E1BC33C539B75F456AC31,2007年数学建模国赛真题+优秀论文/2007年优秀论文/2007A：《中国人口增长预测模型的建立与分析》.pdf,27AE164C866FB604263728077B526476AFF89C1C83CA5DDE9E5A574FBA704F91,1,1,1,1,STILL_UNRESOLVED,UNRESOLVED_MARKER_ONLY_PAGE_CONTENT_CLASSIFICATION,0,UNRESOLVED,0,0,LOW,No existing page-level source evidence establishes substantive content or a legitimate blank-page explanation; retain unresolved.
CUMCM-2007-A-004,derived/scale/papers/CUMCM-2007-A-004,2007,A,OTHER_FORMAL_DERIVED,PDF->pdf-inspector/native-markdown->Q0 per-page normalization->source_page marker assembly->paper.md,15,15,1,0,PAGE_LOCAL_STRICT_BOUNDARY,1,0,0,0,15,1,0,2DF3EA63A1E4C006F318187DD9AF70A89087EF7786A5332F190F6B65FC1600DF,derived/scale/papers/CUMCM-2007-A-004/paper.md,2DF3EA63A1E4C006F318187DD9AF70A89087EF7786A5332F190F6B65FC1600DF,2007年数学建模国赛真题+优秀论文/2007年优秀论文/2007A：《基于差分方程的人口预测模型》.pdf,89894D242EEDC9F7FA8E895E15354C92A3EA0D396E7846DE3BBCDC9EA22FA414,1,1,1,1,STILL_UNRESOLVED,UNRESOLVED_MARKER_ONLY_PAGE_CONTENT_CLASSIFICATION,0,UNRESOLVED,0,0,LOW,No existing page-level source evidence establishes substantive content or a legitimate blank-page explanation; retain unresolved.
CUMCM-2007-A-006,derived/scale/papers/CUMCM-2007-A-006,2007,A,OTHER_FORMAL_DERIVED,PDF->pdf-inspector/native-markdown->Q0 per-page normalization->source_page marker assembly->paper.md,20,20,1,0,PAGE_LOCAL_STRICT_BOUNDARY,1,0,0,0,20,1,0,423134DFB9C28BE94131469DE903502B83FA4E46EF32803069457656C5762736,derived/scale/papers/CUMCM-2007-A-006/paper.md,423134DFB9C28BE94131469DE903502B83FA4E46EF32803069457656C5762736,2007年数学建模国赛真题+优秀论文/2007年优秀论文/2007A：《中国人口增长预测模型》 (4).pdf,D9B1D3CF1B98C0A89A2BDF812BDEC4114960ACB8CEF7D2EC59B04357ACD0D63D,1,1,1,1,STILL_UNRESOLVED,UNRESOLVED_MARKER_ONLY_PAGE_CONTENT_CLASSIFICATION,0,UNRESOLVED,0,0,LOW,No existing page-level source evidence establishes substantive content or a legitimate blank-page explanation; retain unresolved.
CUMCM-2007-A-007,derived/scale/papers/CUMCM-2007-A-007,2007,A,OTHER_FORMAL_DERIVED,PDF->pdf-inspector/native-markdown->Q0 per-page normalization->source_page marker assembly->paper.md,26,26,1,0,PAGE_LOCAL_STRICT_BOUNDARY,1,0,0,0,26,1,0,EB0D297A039AC63BD08595BD032C1536AF8E9BA67BFF62B216F4BCDD1280B685,derived/scale/papers/CUMCM-2007-A-007/paper.md,EB0D297A039AC63BD08595BD032C1536AF8E9BA67BFF62B216F4BCDD1280B685,2007年数学建模国赛真题+优秀论文/2007年优秀论文/2007A：《中国人口增长预测模型》 (2).pdf,0FBE0E7B2FA777AAD8D9ED9B79E39C542C07E05D8A3DD4677C0BD2EAE02F1904,1,1,1,1,STILL_UNRESOLVED,UNRESOLVED_MARKER_ONLY_PAGE_CONTENT_CLASSIFICATION,0,UNRESOLVED,0,0,LOW,No existing page-level source evidence establishes substantive content or a legitimate blank-page explanation; retain unresolved.
CUMCM-2007-A-010,derived/scale/papers/CUMCM-2007-A-010,2007,A,OTHER_FORMAL_DERIVED,PDF->pdf-inspector/native-markdown->Q0 per-page normalization->source_page marker assembly->paper.md,15,15,1,0,PAGE_LOCAL_STRICT_BOUNDARY,1,0,0,0,15,1,0,2DF3EA63A1E4C006F318187DD9AF70A89087EF7786A5332F190F6B65FC1600DF,derived/scale/papers/CUMCM-2007-A-010/paper.md,2DF3EA63A1E4C006F318187DD9AF70A89087EF7786A5332F190F6B65FC1600DF,2007年数学建模国赛真题+优秀论文/2007年优秀论文/2007A：《中国人口增长预测》.pdf,6CE9DD33C8C41EFC5818BE3D7E997FFD2EBECFF86F78083A4D44C241689EAD05,1,1,1,1,STILL_UNRESOLVED,UNRESOLVED_MARKER_ONLY_PAGE_CONTENT_CLASSIFICATION,0,UNRESOLVED,0,0,LOW,No existing page-level source evidence establishes substantive content or a legitimate blank-page explanation; retain unresolved.
CUMCM-2007-A-013,derived/scale/papers/CUMCM-2007-A-013,2007,A,OTHER_FORMAL_DERIVED,PDF->pdf-inspector/native-markdown->Q0 per-page normalization->source_page marker assembly->paper.md,18,18,1,0,PAGE_LOCAL_STRICT_BOUNDARY,1,0,0,0,18,1,0,208166FB79B192713C7AD5CC758781852BE08942280C5162E31033121D0F0291,derived/scale/papers/CUMCM-2007-A-013/paper.md,208166FB79B192713C7AD5CC758781852BE08942280C5162E31033121D0F0291,2007年数学建模国赛真题+优秀论文/2007年优秀论文/2007A：《中国人口发展趋势的分析与预测》.pdf,A03A69F7290068D58765A23BF5D09BA76FB24F7F8D77D5985453B453670852D0,1,1,1,1,STILL_UNRESOLVED,UNRESOLVED_MARKER_ONLY_PAGE_CONTENT_CLASSIFICATION,0,UNRESOLVED,0,0,LOW,No existing page-level source evidence establishes substantive content or a legitimate blank-page explanation; retain unresolved.
CUMCM-2007-B-001,derived/scale/papers/CUMCM-2007-B-001,2007,B,OTHER_FORMAL_DERIVED,PDF->pdf-inspector/native-markdown->Q0 per-page normalization->source_page marker assembly->paper.md,16,16,1,0,PAGE_LOCAL_STRICT_BOUNDARY,1,0,0,0,16,1,0,57E1B342397333BC57B3F19314DAC820604D6C4F3FBAD2940F036442A24A1209,derived/scale/papers/CUMCM-2007-B-001/paper.md,57E1B342397333BC57B3F19314DAC820604D6C4F3FBAD2940F036442A24A1209,2007年数学建模国赛真题+优秀论文/2007年优秀论文/2007B：《关于多目标道路寻优问题的研究》.pdf,6C7B5426E3F021AB4B7FA0D467F9D656767F63EDB4887F3AA019A1C6776A4029,1,1,1,1,STILL_UNRESOLVED,UNRESOLVED_MARKER_ONLY_PAGE_CONTENT_CLASSIFICATION,0,UNRESOLVED,0,0,LOW,No existing page-level source evidence establishes substantive content or a legitimate blank-page explanation; retain unresolved.
CUMCM-2007-B-002,derived/scale/papers/CUMCM-2007-B-002,2007,B,OTHER_FORMAL_DERIVED,PDF->pdf-inspector/native-markdown->Q0 per-page normalization->source_page marker assembly->paper.md,59,59,1,0,PAGE_LOCAL_STRICT_BOUNDARY,1,0,0,0,59,0,0,2E91C2443FA864D176823D7EF3A31C2038A96DE9E286F9365B2BF87870173EA7,derived/scale/papers/CUMCM-2007-B-002/paper.md,2E91C2443FA864D176823D7EF3A31C2038A96DE9E286F9365B2BF87870173EA7,2007年数学建模国赛真题+优秀论文/2007年优秀论文/2007B：《乘公交，看奥运》.pdf,FAAFFB689075638CB91A13DC006110A81E7010847674F752CF7869C3BA64DD25,1,1,1,1,STILL_UNRESOLVED,UNRESOLVED_MARKER_ONLY_PAGE_CONTENT_CLASSIFICATION,0,UNRESOLVED,0,0,LOW,No existing page-level source evidence establishes substantive content or a legitimate blank-page explanation; retain unresolved.
CUMCM-2007-B-003,derived/scale/papers/CUMCM-2007-B-003,2007,B,OTHER_FORMAL_DERIVED,PDF->pdf-inspector/native-markdown->Q0 per-page normalization->source_page marker assembly->paper.md,19,19,1,0,PAGE_LOCAL_STRICT_BOUNDARY,1,0,0,0,19,1,0,B3246C36293AD4E1270D5F165CC589A0C25142FF400E1BC33C539B75F456AC31,derived/scale/papers/CUMCM-2007-B-003/paper.md,B3246C36293AD4E1270D5F165CC589A0C25142FF400E1BC33C539B75F456AC31,2007年数学建模国赛真题+优秀论文/2007年优秀论文/2007B：《公交路线的最优化选择》.pdf,13BA8B530BBE6E25821298EEF9117807A86F9606319C463D4F9BEE4A94D4E3D2,1,1,1,1,STILL_UNRESOLVED,UNRESOLVED_MARKER_ONLY_PAGE_CONTENT_CLASSIFICATION,0,UNRESOLVED,0,0,LOW,No existing page-level source evidence establishes substantive content or a legitimate blank-page explanation; retain unresolved.
CUMCM-2007-B-004,derived/scale/papers/CUMCM-2007-B-004,2007,B,OTHER_FORMAL_DERIVED,PDF->pdf-inspector/native-markdown->Q0 per-page normalization->source_page marker assembly->paper.md,18,18,1,0,PAGE_LOCAL_STRICT_BOUNDARY,1,0,0,0,18,1,0,208166FB79B192713C7AD5CC758781852BE08942280C5162E31033121D0F0291,derived/scale/papers/CUMCM-2007-B-004/paper.md,208166FB79B192713C7AD5CC758781852BE08942280C5162E31033121D0F0291,2007年数学建模国赛真题+优秀论文/2007年优秀论文/2007B：《基于生成树算法的公交地铁线路选择模型》.pdf,40B9EDF62E954CBFDCCD310C2B11DBF1F80EAA94A72001CA1D39310851865D83,1,1,1,1,STILL_UNRESOLVED,UNRESOLVED_MARKER_ONLY_PAGE_CONTENT_CLASSIFICATION,0,UNRESOLVED,0,0,LOW,No existing page-level source evidence establishes substantive content or a legitimate blank-page explanation; retain unresolved.
CUMCM-2007-B-006,derived/scale/papers/CUMCM-2007-B-006,2007,B,OTHER_FORMAL_DERIVED,PDF->pdf-inspector/native-markdown->Q0 per-page normalization->source_page marker assembly->paper.md,41,41,1,0,PAGE_LOCAL_STRICT_BOUNDARY,1,0,0,0,41,1,0,048CAF52A02816FCAD3649490E2A9B3B8D2CB85C62D2D3D1412328CE43A67A30,derived/scale/papers/CUMCM-2007-B-006/paper.md,048CAF52A02816FCAD3649490E2A9B3B8D2CB85C62D2D3D1412328CE43A67A30,2007年数学建模国赛真题+优秀论文/2007年优秀论文/2007B：《公交查询系统的最佳乘车方案研究与设计》.pdf,73857127F8E496EFAF5270EAE9967E5C14EF024539D4976E6577A8B57F118696,1,1,1,1,STILL_UNRESOLVED,UNRESOLVED_MARKER_ONLY_PAGE_CONTENT_CLASSIFICATION,0,UNRESOLVED,0,0,LOW,No existing page-level source evidence establishes substantive content or a legitimate blank-page explanation; retain unresolved.
CUMCM-2007-B-009,derived/scale/papers/CUMCM-2007-B-009,2007,B,OTHER_FORMAL_DERIVED,PDF->pdf-inspector/native-markdown->Q0 per-page normalization->source_page marker assembly->paper.md,26,26,1,0,PAGE_LOCAL_STRICT_BOUNDARY,1,0,0,0,26,1,0,EB0D297A039AC63BD08595BD032C1536AF8E9BA67BFF62B216F4BCDD1280B685,derived/scale/papers/CUMCM-2007-B-009/paper.md,EB0D297A039AC63BD08595BD032C1536AF8E9BA67BFF62B216F4BCDD1280B685,2007年数学建模国赛真题+优秀论文/2007年优秀论文/2007B：《基于最小换乘次数的公交路线选择研究》.pdf,625464F9C85991CAA331A8F2C31D2FB82B9B46F5E1910AD102D0655A8D06BB11,1,1,1,1,STILL_UNRESOLVED,UNRESOLVED_MARKER_ONLY_PAGE_CONTENT_CLASSIFICATION,0,UNRESOLVED,0,0,LOW,No existing page-level source evidence establishes substantive content or a legitimate blank-page explanation; retain unresolved.
CUMCM-2007-B-011,derived/scale/papers/CUMCM-2007-B-011,2007,B,OTHER_FORMAL_DERIVED,PDF->pdf-inspector/native-markdown->Q0 per-page normalization->source_page marker assembly->paper.md,25,25,1,0,PAGE_LOCAL_STRICT_BOUNDARY,1,0,0,0,25,1,0,B6404540EF2A74C970DEAC82C803AE4DC23ED95E434CAB505B84EB569E9013BF,derived/scale/papers/CUMCM-2007-B-011/paper.md,B6404540EF2A74C970DEAC82C803AE4DC23ED95E434CAB505B84EB569E9013BF,2007年数学建模国赛真题+优秀论文/2007年优秀论文/2007B：《基于多种评价方案的公交线路选择优化模型》.pdf,951DDC6AFABB3C693C09C9C9C92149827FA888E872439E3DD53A9E3FBE3A3794,1,1,1,1,STILL_UNRESOLVED,UNRESOLVED_MARKER_ONLY_PAGE_CONTENT_CLASSIFICATION,0,UNRESOLVED,0,0,LOW,No existing page-level source evidence establishes substantive content or a legitimate blank-page explanation; retain unresolved.
CUMCM-2007-B-012,derived/scale/papers/CUMCM-2007-B-012,2007,B,OTHER_FORMAL_DERIVED,PDF->pdf-inspector/native-markdown->Q0 per-page normalization->source_page marker assembly->paper.md,18,18,1,0,PAGE_LOCAL_STRICT_BOUNDARY,1,0,0,0,18,1,0,208166FB79B192713C7AD5CC758781852BE08942280C5162E31033121D0F0291,derived/scale/papers/CUMCM-2007-B-012/paper.md,208166FB79B192713C7AD5CC758781852BE08942280C5162E31033121D0F0291,2007年数学建模国赛真题+优秀论文/2007年优秀论文/2007B：《公交线路的综合选择》.pdf,14A15A05719CD6E28F81FCCD62C92ECC929776345A587DA5FF72A7E1E60F4EFD,1,1,1,1,STILL_UNRESOLVED,UNRESOLVED_MARKER_ONLY_PAGE_CONTENT_CLASSIFICATION,0,UNRESOLVED,0,0,LOW,No existing page-level source evidence establishes substantive content or a legitimate blank-page explanation; retain unresolved.
CUMCM-2008-A-002,derived/scale/papers/CUMCM-2008-A-002,2008,A,OTHER_FORMAL_DERIVED,PDF->pdf-inspector/native-markdown->Q0 per-page normalization->source_page marker assembly->paper.md,27,27,1,0,PAGE_LOCAL_STRICT_BOUNDARY,1,0,0,0,27,1,0,91909AF98ACD1C70122CAFB384AB8E68F927C0A2D3D0A97B3203A72B01315F36,derived/scale/papers/CUMCM-2008-A-002/paper.md,91909AF98ACD1C70122CAFB384AB8E68F927C0A2D3D0A97B3203A72B01315F36,2008年数学建模国赛真题+优秀论文/2008年优秀论文/2008A：数码相机定位 (2).pdf,71D2F1578C19C361500DAEC8DF01DE19BA5BE94F862199D53FFA13228DB71637,1,1,1,1,STILL_UNRESOLVED,UNRESOLVED_MARKER_ONLY_PAGE_CONTENT_CLASSIFICATION,0,UNRESOLVED,0,0,LOW,No existing page-level source evidence establishes substantive content or a legitimate blank-page explanation; retain unresolved.
CUMCM-2008-A-003,derived/scale/papers/CUMCM-2008-A-003,2008,A,OTHER_FORMAL_DERIVED,PDF->pdf-inspector/native-markdown->Q0 per-page normalization->source_page marker assembly->paper.md,39,39,1,0,PAGE_LOCAL_STRICT_BOUNDARY,1,0,0,0,39,0,0,B7177AC4DB6DE426C5778870CE8530255CC4D7AFCF91025CF37EC7B9F0EF23A5,derived/scale/papers/CUMCM-2008-A-003/paper.md,B7177AC4DB6DE426C5778870CE8530255CC4D7AFCF91025CF37EC7B9F0EF23A5,2008年数学建模国赛真题+优秀论文/2008年优秀论文/2008A：《数码相机定位算法研究》.pdf,BCA8769C5E3ED6FEAD02FE86B91BE0669D3EF5742739243DBEC821DA40250B61,1,1,1,1,STILL_UNRESOLVED,UNRESOLVED_MARKER_ONLY_PAGE_CONTENT_CLASSIFICATION,0,UNRESOLVED,0,0,LOW,No existing page-level source evidence establishes substantive content or a legitimate blank-page explanation; retain unresolved.
CUMCM-2008-A-004,derived/scale/papers/CUMCM-2008-A-004,2008,A,OTHER_FORMAL_DERIVED,PDF->pdf-inspector/native-markdown->Q0 per-page normalization->source_page marker assembly->paper.md,18,18,1,0,PAGE_LOCAL_STRICT_BOUNDARY,1,0,0,0,18,1,0,208166FB79B192713C7AD5CC758781852BE08942280C5162E31033121D0F0291,derived/scale/papers/CUMCM-2008-A-004/paper.md,208166FB79B192713C7AD5CC758781852BE08942280C5162E31033121D0F0291,2008年数学建模国赛真题+优秀论文/2008年优秀论文/2008A：《数码相机相对位置定位方法》.pdf,60E7499C28CB9250E93CF737DE9B452C80793472ABFED53E6C5FED369249D7A3,1,1,1,1,STILL_UNRESOLVED,UNRESOLVED_MARKER_ONLY_PAGE_CONTENT_CLASSIFICATION,0,UNRESOLVED,0,0,LOW,No existing page-level source evidence establishes substantive content or a legitimate blank-page explanation; retain unresolved.
CUMCM-2008-A-008,derived/scale/papers/CUMCM-2008-A-008,2008,A,OTHER_FORMAL_DERIVED,PDF->pdf-inspector/native-markdown->Q0 per-page normalization->source_page marker assembly->paper.md,29,29,1,0,PAGE_LOCAL_STRICT_BOUNDARY,1,0,0,0,29,1,0,6E52BB601D33510DA169F61B0E1C18631BEEC5D9221889662F04E1364B3CFA04,derived/scale/papers/CUMCM-2008-A-008/paper.md,6E52BB601D33510DA169F61B0E1C18631BEEC5D9221889662F04E1364B3CFA04,2008年数学建模国赛真题+优秀论文/2008A：《数码相机定位》/论文/数码相机定位.pdf,9CBFF6FB0F86B81497C328399E130F9656CE7995AA0E3D863488F78E906EC5E6,1,1,1,1,STILL_UNRESOLVED,UNRESOLVED_MARKER_ONLY_PAGE_CONTENT_CLASSIFICATION,0,UNRESOLVED,0,0,LOW,No existing page-level source evidence establishes substantive content or a legitimate blank-page explanation; retain unresolved.
CUMCM-2008-A-009,derived/scale/papers/CUMCM-2008-A-009,2008,A,OTHER_FORMAL_DERIVED,PDF->pdf-inspector/native-markdown->Q0 per-page normalization->source_page marker assembly->paper.md,17,17,1,0,PAGE_LOCAL_STRICT_BOUNDARY,1,0,0,0,17,1,0,F711F303D778F4FCC8FBC4213E499B268F53ABFF7CCB69BACDD3DD5D6C2676CE,derived/scale/papers/CUMCM-2008-A-009/paper.md,F711F303D778F4FCC8FBC4213E499B268F53ABFF7CCB69BACDD3DD5D6C2676CE,2008年数学建模国赛真题+优秀论文/2008年优秀论文/2008A：数码相机定位.pdf,68A91825D3AAF2E9603A45FC0A86B8BB014C6F10919734B71E04F7E51B75F354,1,1,1,1,STILL_UNRESOLVED,UNRESOLVED_MARKER_ONLY_PAGE_CONTENT_CLASSIFICATION,0,UNRESOLVED,0,0,LOW,No existing page-level source evidence establishes substantive content or a legitimate blank-page explanation; retain unresolved.
CUMCM-2008-B-001,derived/scale/papers/CUMCM-2008-B-001,2008,B,OTHER_FORMAL_DERIVED,PDF->pdf-inspector/native-markdown->Q0 per-page normalization->source_page marker assembly->paper.md,26,26,1,0,PAGE_LOCAL_STRICT_BOUNDARY,1,0,0,0,26,1,0,EB0D297A039AC63BD08595BD032C1536AF8E9BA67BFF62B216F4BCDD1280B685,derived/scale/papers/CUMCM-2008-B-001/paper.md,EB0D297A039AC63BD08595BD032C1536AF8E9BA67BFF62B216F4BCDD1280B685,2008年数学建模国赛真题+优秀论文/2008年优秀论文/2008B：《高校学费合理性研究》.PDF,460E5C8E11DB978CC8C6D7163078862BC83F2A9D71C1FA2FCEA5984633E72EFB,1,1,1,1,STILL_UNRESOLVED,UNRESOLVED_MARKER_ONLY_PAGE_CONTENT_CLASSIFICATION,0,UNRESOLVED,0,0,LOW,No existing page-level source evidence establishes substantive content or a legitimate blank-page explanation; retain unresolved.
CUMCM-2008-B-002,derived/scale/papers/CUMCM-2008-B-002,2008,B,OTHER_FORMAL_DERIVED,PDF->pdf-inspector/native-markdown->Q0 per-page normalization->source_page marker assembly->paper.md,16,16,1,0,PAGE_LOCAL_STRICT_BOUNDARY,1,0,0,0,16,1,0,57E1B342397333BC57B3F19314DAC820604D6C4F3FBAD2940F036442A24A1209,derived/scale/papers/CUMCM-2008-B-002/paper.md,57E1B342397333BC57B3F19314DAC820604D6C4F3FBAD2940F036442A24A1209,2008年数学建模国赛真题+优秀论文/2008年优秀论文/2008B：《高等教育学费标准探讨的最优化模型》.PDF,4930440A3A4E47D7B0E7BF0F65EE6B6BE8288F9B00A113E1A04E2E0709C60725,1,1,1,1,STILL_UNRESOLVED,UNRESOLVED_MARKER_ONLY_PAGE_CONTENT_CLASSIFICATION,0,UNRESOLVED,0,0,LOW,No existing page-level source evidence establishes substantive content or a legitimate blank-page explanation; retain unresolved.
CUMCM-2008-B-003,derived/scale/papers/CUMCM-2008-B-003,2008,B,OTHER_FORMAL_DERIVED,PDF->pdf-inspector/native-markdown->Q0 per-page normalization->source_page marker assembly->paper.md,24,24,1,0,PAGE_LOCAL_STRICT_BOUNDARY,1,0,0,0,24,1,0,B1528F2EBA4BA48539DE1B6F0BD32C20EC358577E8B0E841E24563E04A40C30D,derived/scale/papers/CUMCM-2008-B-003/paper.md,B1528F2EBA4BA48539DE1B6F0BD32C20EC358577E8B0E841E24563E04A40C30D,2008年数学建模国赛真题+优秀论文/2008年优秀论文/2008B：《高等教育学费标准探讨》 (4).pdf,E43FAB23BC6AAC56C295E35DB086D97EC060B4570109AF7432221CAC9D614E8C,1,1,1,1,STILL_UNRESOLVED,UNRESOLVED_MARKER_ONLY_PAGE_CONTENT_CLASSIFICATION,0,UNRESOLVED,0,0,LOW,No existing page-level source evidence establishes substantive content or a legitimate blank-page explanation; retain unresolved.
CUMCM-2008-B-004,derived/scale/papers/CUMCM-2008-B-004,2008,B,OTHER_FORMAL_DERIVED,PDF->pdf-inspector/native-markdown->Q0 per-page normalization->source_page marker assembly->paper.md,41,41,1,0,PAGE_LOCAL_STRICT_BOUNDARY,1,0,0,0,41,1,0,048CAF52A02816FCAD3649490E2A9B3B8D2CB85C62D2D3D1412328CE43A67A30,derived/scale/papers/CUMCM-2008-B-004/paper.md,048CAF52A02816FCAD3649490E2A9B3B8D2CB85C62D2D3D1412328CE43A67A30,2008年数学建模国赛真题+优秀论文/2008年优秀论文/2008B：《高等教育学费标准的探讨》.pdf,E6F3372C6239AC933B750CB4A0B04F8F0ABAF1F922DC0A02E712FE431A2994A8,1,1,1,1,STILL_UNRESOLVED,UNRESOLVED_MARKER_ONLY_PAGE_CONTENT_CLASSIFICATION,0,UNRESOLVED,0,0,LOW,No existing page-level source evidence establishes substantive content or a legitimate blank-page explanation; retain unresolved.
CUMCM-2008-B-005,derived/scale/papers/CUMCM-2008-B-005,2008,B,OTHER_FORMAL_DERIVED,PDF->pdf-inspector/native-markdown->Q0 per-page normalization->source_page marker assembly->paper.md,43,43,1,0,PAGE_LOCAL_STRICT_BOUNDARY,1,0,0,0,43,1,0,FC0CE6F93AE95349134AC3D9D9B5C1D0655B331D0AB5FF2278460D6EC256B394,derived/scale/papers/CUMCM-2008-B-005/paper.md,FC0CE6F93AE95349134AC3D9D9B5C1D0655B331D0AB5FF2278460D6EC256B394,2008年数学建模国赛真题+优秀论文/2008年优秀论文/2008B：《高等教育学费标准探讨》.pdf,25A533F44A49BD4206447798EBCCD788965D2F78FBDD187A1BDED668E83BD91E,1,1,1,1,STILL_UNRESOLVED,UNRESOLVED_MARKER_ONLY_PAGE_CONTENT_CLASSIFICATION,0,UNRESOLVED,0,0,LOW,No existing page-level source evidence establishes substantive content or a legitimate blank-page explanation; retain unresolved.
CUMCM-2008-B-006,derived/scale/papers/CUMCM-2008-B-006,2008,B,OTHER_FORMAL_DERIVED,PDF->pdf-inspector/native-markdown->Q0 per-page normalization->source_page marker assembly->paper.md,13,13,1,0,PAGE_LOCAL_STRICT_BOUNDARY,1,0,0,0,13,1,0,1888E6C51576B4658EBCF999D9BD0EEBBE0358F2C4F7C7B817AD03495849659F,derived/scale/papers/CUMCM-2008-B-006/paper.md,1888E6C51576B4658EBCF999D9BD0EEBBE0358F2C4F7C7B817AD03495849659F,2008年数学建模国赛真题+优秀论文/2008年优秀论文/2008B：《我国高等教育收费问题的探究》.pdf,14C2ACB426CFB34D527001FAD92FEC00F5954206548C767345C4AED90DC44C37,1,1,1,1,STILL_UNRESOLVED,UNRESOLVED_MARKER_ONLY_PAGE_CONTENT_CLASSIFICATION,0,UNRESOLVED,0,0,LOW,No existing page-level source evidence establishes substantive content or a legitimate blank-page explanation; retain unresolved.
CUMCM-2008-B-007,derived/scale/papers/CUMCM-2008-B-007,2008,B,OTHER_FORMAL_DERIVED,PDF->pdf-inspector/native-markdown->Q0 per-page normalization->source_page marker assembly->paper.md,28,28,1,0,PAGE_LOCAL_STRICT_BOUNDARY,1,0,0,0,28,1,0,7B81F60C64673BF02976FB19BFDC188CDEE3BBD8DEB3E5F3EE1EBFBFCE56229D,derived/scale/papers/CUMCM-2008-B-007/paper.md,7B81F60C64673BF02976FB19BFDC188CDEE3BBD8DEB3E5F3EE1EBFBFCE56229D,2008年数学建模国赛真题+优秀论文/2008年优秀论文/2008B：《关于高等教育学费标准的评价及建议》.PDF,D0252C6DF05D1E1BD6867F16CCBAC97D45A0930C2FCEA7C2B98160EF73E6C221,1,1,1,1,STILL_UNRESOLVED,UNRESOLVED_MARKER_ONLY_PAGE_CONTENT_CLASSIFICATION,0,UNRESOLVED,0,0,LOW,No existing page-level source evidence establishes substantive content or a legitimate blank-page explanation; retain unresolved.
CUMCM-2008-B-009,derived/scale/papers/CUMCM-2008-B-009,2008,B,OTHER_FORMAL_DERIVED,PDF->pdf-inspector/native-markdown->Q0 per-page normalization->source_page marker assembly->paper.md,19,19,1,0,PAGE_LOCAL_STRICT_BOUNDARY,1,0,0,0,19,1,0,B3246C36293AD4E1270D5F165CC589A0C25142FF400E1BC33C539B75F456AC31,derived/scale/papers/CUMCM-2008-B-009/paper.md,B3246C36293AD4E1270D5F165CC589A0C25142FF400E1BC33C539B75F456AC31,2008年数学建模国赛真题+优秀论文/2008年优秀论文/2008B：《高等教育学费标准探讨》 (3).pdf,91454BF12F28EDF3E290E286F9A975680480265C4AE11933D4DF9A7398BB61D8,1,1,1,1,STILL_UNRESOLVED,UNRESOLVED_MARKER_ONLY_PAGE_CONTENT_CLASSIFICATION,0,UNRESOLVED,0,0,LOW,No existing page-level source evidence establishes substantive content or a legitimate blank-page explanation; retain unresolved.
CUMCM-2008-B-010,derived/scale/papers/CUMCM-2008-B-010,2008,B,OTHER_FORMAL_DERIVED,PDF->pdf-inspector/native-markdown->Q0 per-page normalization->source_page marker assembly->paper.md,30,30,1,0,PAGE_LOCAL_STRICT_BOUNDARY,1,0,0,0,30,1,0,F455474AB5D561BFD69A7BFC38BBE1409CF1AAC62F2E3B513A7F9F4AFBA850DE,derived/scale/papers/CUMCM-2008-B-010/paper.md,F455474AB5D561BFD69A7BFC38BBE1409CF1AAC62F2E3B513A7F9F4AFBA850DE,2008年数学建模国赛真题+优秀论文/2008年优秀论文/2008B：《基于BP神经网络的我国高等教育学费模型研究》.pdf,45AE15568B5842ECEAB6A21D3730CE7FE9CE9783AD737020D2CEA3DF8D9280B1,1,1,1,1,STILL_UNRESOLVED,UNRESOLVED_MARKER_ONLY_PAGE_CONTENT_CLASSIFICATION,0,UNRESOLVED,0,0,LOW,No existing page-level source evidence establishes substantive content or a legitimate blank-page explanation; retain unresolved.
CUMCM-2008-B-011,derived/scale/papers/CUMCM-2008-B-011,2008,B,OTHER_FORMAL_DERIVED,PDF->pdf-inspector/native-markdown->Q0 per-page normalization->source_page marker assembly->paper.md,35,35,1,0,PAGE_LOCAL_STRICT_BOUNDARY,1,0,0,0,35,0,0,10EA49AD90208C8AE39843E330A5BBACB934A4B5AF1DB5FF1A3EB6442A5B0617,derived/scale/papers/CUMCM-2008-B-011/paper.md,10EA49AD90208C8AE39843E330A5BBACB934A4B5AF1DB5FF1A3EB6442A5B0617,2008年数学建模国赛真题+优秀论文/2008年优秀论文/2008B：《高等教育学费标准探讨》 (2).pdf,8B61310B6F8757EC251F85073C017A12389C7CEB576B2256C151EBBD0B62C7D9,1,1,1,1,STILL_UNRESOLVED,UNRESOLVED_MARKER_ONLY_PAGE_CONTENT_CLASSIFICATION,0,UNRESOLVED,0,0,LOW,No existing page-level source evidence establishes substantive content or a legitimate blank-page explanation; retain unresolved.
CUMCM-2008-B-012,derived/scale/papers/CUMCM-2008-B-012,2008,B,OTHER_FORMAL_DERIVED,PDF->pdf-inspector/native-markdown->Q0 per-page normalization->source_page marker assembly->paper.md,24,24,1,0,PAGE_LOCAL_STRICT_BOUNDARY,1,0,0,0,24,1,0,B1528F2EBA4BA48539DE1B6F0BD32C20EC358577E8B0E841E24563E04A40C30D,derived/scale/papers/CUMCM-2008-B-012/paper.md,B1528F2EBA4BA48539DE1B6F0BD32C20EC358577E8B0E841E24563E04A40C30D,2008年数学建模国赛真题+优秀论文/2008年优秀论文/2008B：《高等教育学费的优化模型》.pdf,DD681E5CAA215549354144F8CA038A8A68B0233A8E8EFA895C715C6B7E0A14AC,1,1,1,1,STILL_UNRESOLVED,UNRESOLVED_MARKER_ONLY_PAGE_CONTENT_CLASSIFICATION,0,UNRESOLVED,0,0,LOW,No existing page-level source evidence establishes substantive content or a legitimate blank-page explanation; retain unresolved.
CUMCM-2008-B-013,derived/scale/papers/CUMCM-2008-B-013,2008,B,OTHER_FORMAL_DERIVED,PDF->pdf-inspector/native-markdown->Q0 per-page normalization->source_page marker assembly->paper.md,24,24,1,0,PAGE_LOCAL_STRICT_BOUNDARY,1,0,0,0,24,1,0,B1528F2EBA4BA48539DE1B6F0BD32C20EC358577E8B0E841E24563E04A40C30D,derived/scale/papers/CUMCM-2008-B-013/paper.md,B1528F2EBA4BA48539DE1B6F0BD32C20EC358577E8B0E841E24563E04A40C30D,2008年数学建模国赛真题+优秀论文/2008年优秀论文/2008B：《高等教育学费标准问题的研究》.pdf,4053E6EE1485F50AC1DA1903102DE46C713C1ED1800D7B9AE1C247E952641E5B,1,1,1,1,STILL_UNRESOLVED,UNRESOLVED_MARKER_ONLY_PAGE_CONTENT_CLASSIFICATION,0,UNRESOLVED,0,0,LOW,No existing page-level source evidence establishes substantive content or a legitimate blank-page explanation; retain unresolved.
CUMCM-2008-B-014,derived/scale/papers/CUMCM-2008-B-014,2008,B,OTHER_FORMAL_DERIVED,PDF->pdf-inspector/native-markdown->Q0 per-page normalization->source_page marker assembly->paper.md,20,20,1,0,PAGE_LOCAL_STRICT_BOUNDARY,1,0,0,0,20,1,0,423134DFB9C28BE94131469DE903502B83FA4E46EF32803069457656C5762736,derived/scale/papers/CUMCM-2008-B-014/paper.md,423134DFB9C28BE94131469DE903502B83FA4E46EF32803069457656C5762736,2008年数学建模国赛真题+优秀论文/2008年优秀论文/2008B：《多因子影响下的高等教育学费模型》.pdf,E2837F0567248DB23A4642067E3955F92A0C4E7CA7AD434C50445AC3AA60D2F7,1,1,1,1,STILL_UNRESOLVED,UNRESOLVED_MARKER_ONLY_PAGE_CONTENT_CLASSIFICATION,0,UNRESOLVED,0,0,LOW,No existing page-level source evidence establishes substantive content or a legitimate blank-page explanation; retain unresolved.
CUMCM-2008-C-001,derived/scale/papers/CUMCM-2008-C-001,2008,C,OTHER_FORMAL_DERIVED,PDF->pdf-inspector/native-markdown->Q0 per-page normalization->source_page marker assembly->paper.md,9,9,1,0,PAGE_LOCAL_STRICT_BOUNDARY,1,0,0,0,9,1,0,1C2FC324063A906FF208763D2826E0A769B059290333B0542241C22CD9C91DE8,derived/scale/papers/CUMCM-2008-C-001/paper.md,1C2FC324063A906FF208763D2826E0A769B059290333B0542241C22CD9C91DE8,2008年数学建模国赛真题+优秀论文/2008年优秀论文/2008C：《地面搜索的安排计划》.pdf,8A9D26961D3D8192C9A4C7E86CA635D140F7DB561E8D5870D31FD415420D6657,1,1,1,1,STILL_UNRESOLVED,UNRESOLVED_MARKER_ONLY_PAGE_CONTENT_CLASSIFICATION,0,UNRESOLVED,0,0,LOW,No existing page-level source evidence establishes substantive content or a legitimate blank-page explanation; retain unresolved.
CUMCM-2008-C-004,derived/scale/papers/CUMCM-2008-C-004,2008,C,OTHER_FORMAL_DERIVED,PDF->pdf-inspector/native-markdown->Q0 per-page normalization->source_page marker assembly->paper.md,14,14,1,0,PAGE_LOCAL_STRICT_BOUNDARY,1,0,3,0,11,1,0,F501017C13D9B29686DD922D65EDC0CD658E90E82A5785E427A2D829537C8626,derived/scale/papers/CUMCM-2008-C-004/paper.md,F501017C13D9B29686DD922D65EDC0CD658E90E82A5785E427A2D829537C8626,2008年数学建模国赛真题+优秀论文/2008年优秀论文/2008C：《地面搜索的优化模型》.pdf,73FEE41DA723C0FA080D0E3050B8585405510151FB6AEF69FEE292972D29F045,1,1,1,1,CONFIRMED_DEFECTIVE,FORMAL_ARTIFACT_PAGE_CONTENT_MISSING,1,FORMAL_BODY_RECONSTRUCTION_SERIALIZATION,0,1,HIGH,Confirmed by existing G11 selected-page PNG/excerpt evidence; 9 confirmed identities also retain additional unresolved marker-only pages.
CUMCM-2008-D-003,derived/scale/papers/CUMCM-2008-D-003,2008,D,OTHER_FORMAL_DERIVED,PDF->pdf-inspector/native-markdown->Q0 per-page normalization->source_page marker assembly->paper.md,18,18,1,0,PAGE_LOCAL_STRICT_BOUNDARY,1,0,0,0,18,1,0,208166FB79B192713C7AD5CC758781852BE08942280C5162E31033121D0F0291,derived/scale/papers/CUMCM-2008-D-003/paper.md,208166FB79B192713C7AD5CC758781852BE08942280C5162E31033121D0F0291,2008年数学建模国赛真题+优秀论文/2008年优秀论文/2008D：《NBA赛程的分析与评价》 (3).pdf,3AF5BEA0275D01BD81D53D6570C5EB573671CC31F445C7C6B430E38906C6363C,1,1,1,1,STILL_UNRESOLVED,UNRESOLVED_MARKER_ONLY_PAGE_CONTENT_CLASSIFICATION,0,UNRESOLVED,0,0,LOW,No existing page-level source evidence establishes substantive content or a legitimate blank-page explanation; retain unresolved.
CUMCM-2008-D-004,derived/scale/papers/CUMCM-2008-D-004,2008,D,OTHER_FORMAL_DERIVED,PDF->pdf-inspector/native-markdown->Q0 per-page normalization->source_page marker assembly->paper.md,31,31,1,0,PAGE_LOCAL_STRICT_BOUNDARY,1,0,0,0,31,1,0,C603D33FCDC6A8963EB4D9A5B48E40618F3E8B87F583458474931C9FA4D3C61C,derived/scale/papers/CUMCM-2008-D-004/paper.md,C603D33FCDC6A8963EB4D9A5B48E40618F3E8B87F583458474931C9FA4D3C61C,2008年数学建模国赛真题+优秀论文/2008年优秀论文/2008D：《NBA赛程的分析与评价》.pdf,FF98577611810052296A7FF2B879A4F03C82E7CE8FFDF5CA713DEAA261D67124,1,1,1,1,STILL_UNRESOLVED,UNRESOLVED_MARKER_ONLY_PAGE_CONTENT_CLASSIFICATION,0,UNRESOLVED,0,0,LOW,No existing page-level source evidence establishes substantive content or a legitimate blank-page explanation; retain unresolved.
CUMCM-2008-D-005,derived/scale/papers/CUMCM-2008-D-005,2008,D,OTHER_FORMAL_DERIVED,PDF->pdf-inspector/native-markdown->Q0 per-page normalization->source_page marker assembly->paper.md,12,12,1,0,PAGE_LOCAL_STRICT_BOUNDARY,1,0,0,0,12,1,0,6B55BA4F2EED923562339D385F92366AD7892213C511BABE88BE16AA6BB6940E,derived/scale/papers/CUMCM-2008-D-005/paper.md,6B55BA4F2EED923562339D385F92366AD7892213C511BABE88BE16AA6BB6940E,2008年数学建模国赛真题+优秀论文/2008年优秀论文/2008D：《NBA赛程的分析与评价》 (2).pdf,00788685A073E8589D096AB1AABAC95F95B787BA54A748D1BFDC163018CD2B28,1,1,1,1,STILL_UNRESOLVED,UNRESOLVED_MARKER_ONLY_PAGE_CONTENT_CLASSIFICATION,0,UNRESOLVED,0,0,LOW,No existing page-level source evidence establishes substantive content or a legitimate blank-page explanation; retain unresolved.
CUMCM-2009-A-001,derived/scale/papers/CUMCM-2009-A-001,2009,A,OTHER_FORMAL_DERIVED,PDF->pdf-inspector/native-markdown->Q0 per-page normalization->source_page marker assembly->paper.md,20,20,1,0,PAGE_LOCAL_STRICT_BOUNDARY,1,0,0,0,20,1,0,423134DFB9C28BE94131469DE903502B83FA4E46EF32803069457656C5762736,derived/scale/papers/CUMCM-2009-A-001/paper.md,423134DFB9C28BE94131469DE903502B83FA4E46EF32803069457656C5762736,2009年数学建模国赛真题+优秀论文/2009年优秀论文/2009A：制动器试验台的控制方法分析.pdf,310B218EA9B95B2B8F1596866705FB6415222D00E941765151A7F72372AC0B38,1,1,1,1,STILL_UNRESOLVED,UNRESOLVED_MARKER_ONLY_PAGE_CONTENT_CLASSIFICATION,0,UNRESOLVED,0,0,LOW,No existing page-level source evidence establishes substantive content or a legitimate blank-page explanation; retain unresolved.
CUMCM-2009-A-002,derived/scale/papers/CUMCM-2009-A-002,2009,A,OTHER_FORMAL_DERIVED,PDF->pdf-inspector/native-markdown->Q0 per-page normalization->source_page marker assembly->paper.md,17,17,1,0,PAGE_LOCAL_STRICT_BOUNDARY,1,0,0,0,17,1,0,F711F303D778F4FCC8FBC4213E499B268F53ABFF7CCB69BACDD3DD5D6C2676CE,derived/scale/papers/CUMCM-2009-A-002/paper.md,F711F303D778F4FCC8FBC4213E499B268F53ABFF7CCB69BACDD3DD5D6C2676CE,2009年数学建模国赛真题+优秀论文/2009年优秀论文/2009A：制动器试验台的控制方法分析 (2).pdf,8E58AF615344BEE7088741380D59380AE7A131888D64DE7442BA34C56F861290,1,1,1,1,STILL_UNRESOLVED,UNRESOLVED_MARKER_ONLY_PAGE_CONTENT_CLASSIFICATION,0,UNRESOLVED,0,0,LOW,No existing page-level source evidence establishes substantive content or a legitimate blank-page explanation; retain unresolved.
CUMCM-2009-A-003,derived/scale/papers/CUMCM-2009-A-003,2009,A,OTHER_FORMAL_DERIVED,PDF->pdf-inspector/native-markdown->Q0 per-page normalization->source_page marker assembly->paper.md,18,18,1,0,PAGE_LOCAL_STRICT_BOUNDARY,1,0,0,0,18,1,0,208166FB79B192713C7AD5CC758781852BE08942280C5162E31033121D0F0291,derived/scale/papers/CUMCM-2009-A-003/paper.md,208166FB79B192713C7AD5CC758781852BE08942280C5162E31033121D0F0291,2009年数学建模国赛真题+优秀论文/2009年优秀论文/2009A：制动器试验台的计算机控制方法分析与设计.pdf,F06CECC7A087E3B06DD4E6098F8E5574A8C3202BF23ABE8C29E7E33A64C389DE,1,1,1,1,STILL_UNRESOLVED,UNRESOLVED_MARKER_ONLY_PAGE_CONTENT_CLASSIFICATION,0,UNRESOLVED,0,0,LOW,No existing page-level source evidence establishes substantive content or a legitimate blank-page explanation; retain unresolved.
CUMCM-2009-A-004,derived/scale/papers/CUMCM-2009-A-004,2009,A,OTHER_FORMAL_DERIVED,PDF->pdf-inspector/native-markdown->Q0 per-page normalization->source_page marker assembly->paper.md,18,18,1,0,PAGE_LOCAL_STRICT_BOUNDARY,1,0,0,0,18,1,0,208166FB79B192713C7AD5CC758781852BE08942280C5162E31033121D0F0291,derived/scale/papers/CUMCM-2009-A-004/paper.md,208166FB79B192713C7AD5CC758781852BE08942280C5162E31033121D0F0291,2009年数学建模国赛真题+优秀论文/2009年优秀论文/2009A：制动器试验台混合电模拟控制方法分析.pdf,BEA0E96DB3B07CCA8BEDA2A58037DCE7194ACE3B8E08DAC4547DBC21AC06100B,1,1,1,1,STILL_UNRESOLVED,UNRESOLVED_MARKER_ONLY_PAGE_CONTENT_CLASSIFICATION,0,UNRESOLVED,0,0,LOW,No existing page-level source evidence establishes substantive content or a legitimate blank-page explanation; retain unresolved.
CUMCM-2009-A-005,derived/scale/papers/CUMCM-2009-A-005,2009,A,OTHER_FORMAL_DERIVED,PDF->pdf-inspector/native-markdown->Q0 per-page normalization->source_page marker assembly->paper.md,14,14,1,0,PAGE_LOCAL_STRICT_BOUNDARY,1,0,0,0,14,1,0,F501017C13D9B29686DD922D65EDC0CD658E90E82A5785E427A2D829537C8626,derived/scale/papers/CUMCM-2009-A-005/paper.md,F501017C13D9B29686DD922D65EDC0CD658E90E82A5785E427A2D829537C8626,2009年数学建模国赛真题+优秀论文/2009年优秀论文/2009A：制动机控制方法分析.pdf,CC88847CEF5F852FB62C8551127B6F22FCFA5406CD372BA2A40947189C5E113B,1,1,1,1,STILL_UNRESOLVED,UNRESOLVED_MARKER_ONLY_PAGE_CONTENT_CLASSIFICATION,0,UNRESOLVED,0,0,LOW,No existing page-level source evidence establishes substantive content or a legitimate blank-page explanation; retain unresolved.
CUMCM-2009-A-007,derived/scale/papers/CUMCM-2009-A-007,2009,A,OTHER_FORMAL_DERIVED,PDF->pdf-inspector/native-markdown->Q0 per-page normalization->source_page marker assembly->paper.md,15,15,1,0,PAGE_LOCAL_STRICT_BOUNDARY,1,0,0,0,15,1,0,2DF3EA63A1E4C006F318187DD9AF70A89087EF7786A5332F190F6B65FC1600DF,derived/scale/papers/CUMCM-2009-A-007/paper.md,2DF3EA63A1E4C006F318187DD9AF70A89087EF7786A5332F190F6B65FC1600DF,2009年数学建模国赛真题+优秀论文/2009年优秀论文/2009A：联合制动器试验台电流控制方法的实现及改进.pdf,059F98140D4B67DB0EB9B7BFB1A4268A3386116EDE96D569757D8F1173018EFE,1,1,1,1,STILL_UNRESOLVED,UNRESOLVED_MARKER_ONLY_PAGE_CONTENT_CLASSIFICATION,0,UNRESOLVED,0,0,LOW,No existing page-level source evidence establishes substantive content or a legitimate blank-page explanation; retain unresolved.
CUMCM-2009-B-001,derived/scale/papers/CUMCM-2009-B-001,2009,B,OTHER_FORMAL_DERIVED,PDF->pdf-inspector/native-markdown->Q0 per-page normalization->source_page marker assembly->paper.md,17,17,1,0,PAGE_LOCAL_STRICT_BOUNDARY,1,0,0,0,17,1,0,F711F303D778F4FCC8FBC4213E499B268F53ABFF7CCB69BACDD3DD5D6C2676CE,derived/scale/papers/CUMCM-2009-B-001/paper.md,F711F303D778F4FCC8FBC4213E499B268F53ABFF7CCB69BACDD3DD5D6C2676CE,2009年数学建模国赛真题+优秀论文/2009年优秀论文/2009B：制动器试验台的控制方法分析.pdf,A3C68EA3D8F9F8D503C2EF5E257FE96BE380C5DBDE35994AEFF8EDF0D6A5D218,1,1,1,1,STILL_UNRESOLVED,UNRESOLVED_MARKER_ONLY_PAGE_CONTENT_CLASSIFICATION,0,UNRESOLVED,0,0,LOW,No existing page-level source evidence establishes substantive content or a legitimate blank-page explanation; retain unresolved.
CUMCM-2009-B-003,derived/scale/papers/CUMCM-2009-B-003,2009,B,OTHER_FORMAL_DERIVED,PDF->pdf-inspector/native-markdown->Q0 per-page normalization->source_page marker assembly->paper.md,20,20,1,0,PAGE_LOCAL_STRICT_BOUNDARY,1,0,0,0,20,1,0,423134DFB9C28BE94131469DE903502B83FA4E46EF32803069457656C5762736,derived/scale/papers/CUMCM-2009-B-003/paper.md,423134DFB9C28BE94131469DE903502B83FA4E46EF32803069457656C5762736,2009年数学建模国赛真题+优秀论文/2009年优秀论文/2009B：基于蒙特卡洛模拟的眼科病床安排排队模型.pdf,DE41E612717B5E37C9D393899924C0BD62F2304121B0177F83C91CA9827FC094,1,1,1,1,STILL_UNRESOLVED,UNRESOLVED_MARKER_ONLY_PAGE_CONTENT_CLASSIFICATION,0,UNRESOLVED,0,0,LOW,No existing page-level source evidence establishes substantive content or a legitimate blank-page explanation; retain unresolved.
CUMCM-2009-B-004,derived/scale/papers/CUMCM-2009-B-004,2009,B,OTHER_FORMAL_DERIVED,PDF->pdf-inspector/native-markdown->Q0 per-page normalization->source_page marker assembly->paper.md,28,28,1,0,PAGE_LOCAL_STRICT_BOUNDARY,1,0,0,0,28,1,0,7B81F60C64673BF02976FB19BFDC188CDEE3BBD8DEB3E5F3EE1EBFBFCE56229D,derived/scale/papers/CUMCM-2009-B-004/paper.md,7B81F60C64673BF02976FB19BFDC188CDEE3BBD8DEB3E5F3EE1EBFBFCE56229D,2009年数学建模国赛真题+优秀论文/2009年优秀论文/2009B：医院病床合理安排模型探讨.pdf,030228C8469E41E3D89943D3D8CF6C1584E8E7D146B289C9087ACD9469312FEC,1,1,1,1,STILL_UNRESOLVED,UNRESOLVED_MARKER_ONLY_PAGE_CONTENT_CLASSIFICATION,0,UNRESOLVED,0,0,LOW,No existing page-level source evidence establishes substantive content or a legitimate blank-page explanation; retain unresolved.
CUMCM-2009-B-005,derived/scale/papers/CUMCM-2009-B-005,2009,B,OTHER_FORMAL_DERIVED,PDF->pdf-inspector/native-markdown->Q0 per-page normalization->source_page marker assembly->paper.md,2,2,1,0,PAGE_LOCAL_STRICT_BOUNDARY,1,0,0,0,2,1,0,96063CBA314A4F2CBA5DBE2319045D111F6D07789F83372C519D124C7AA4C1B2,derived/scale/papers/CUMCM-2009-B-005/paper.md,96063CBA314A4F2CBA5DBE2319045D111F6D07789F83372C519D124C7AA4C1B2,2009年数学建模国赛真题+优秀论文/2009年优秀论文/2009B：基于排队论的病床安排模型的研究.pdf,69EC746ECFABBF2C291F9944263CD269F1D4E8CAD8194C1070CF0A7699875D4F,1,1,1,1,STILL_UNRESOLVED,UNRESOLVED_MARKER_ONLY_PAGE_CONTENT_CLASSIFICATION,0,UNRESOLVED,0,0,LOW,No existing page-level source evidence establishes substantive content or a legitimate blank-page explanation; retain unresolved.
CUMCM-2009-B-006,derived/scale/papers/CUMCM-2009-B-006,2009,B,OTHER_FORMAL_DERIVED,PDF->pdf-inspector/native-markdown->Q0 per-page normalization->source_page marker assembly->paper.md,23,23,1,0,PAGE_LOCAL_STRICT_BOUNDARY,1,0,0,0,23,0,0,2AB94C88C175AED4EC84BD9E6954705D96A2319D6A83886C05337DD7758FFDD4,derived/scale/papers/CUMCM-2009-B-006/paper.md,2AB94C88C175AED4EC84BD9E6954705D96A2319D6A83886C05337DD7758FFDD4,2009年数学建模国赛真题+优秀论文/2009年优秀论文/2009B：眼科病床的合理安排.pdf,94D3FF32EFBE5DA31CF322E9702E3B1BE9A02AC012CBD6CAA3A2D9E0D85FCDCB,1,1,1,1,STILL_UNRESOLVED,UNRESOLVED_MARKER_ONLY_PAGE_CONTENT_CLASSIFICATION,0,UNRESOLVED,0,0,LOW,No existing page-level source evidence establishes substantive content or a legitimate blank-page explanation; retain unresolved.
CUMCM-2009-B-007,derived/scale/papers/CUMCM-2009-B-007,2009,B,OTHER_FORMAL_DERIVED,PDF->pdf-inspector/native-markdown->Q0 per-page normalization->source_page marker assembly->paper.md,38,38,1,0,PAGE_LOCAL_STRICT_BOUNDARY,1,0,0,0,38,0,0,621C891925FDFEC4D5FB9C0D83441ACBD553F890081FFCD6046C386071FB4FD7,derived/scale/papers/CUMCM-2009-B-007/paper.md,621C891925FDFEC4D5FB9C0D83441ACBD553F890081FFCD6046C386071FB4FD7,2009年数学建模国赛真题+优秀论文/2009年优秀论文/2009B：眼科病床合理安排问题的模型探讨.pdf,B2C462CA52FD6A06B1A15B3ADB6BB3DA875951A1BEA773CF9F3178E58E8F37B0,1,1,1,1,STILL_UNRESOLVED,UNRESOLVED_MARKER_ONLY_PAGE_CONTENT_CLASSIFICATION,0,UNRESOLVED,0,0,LOW,No existing page-level source evidence establishes substantive content or a legitimate blank-page explanation; retain unresolved.
CUMCM-2009-B-008,derived/scale/papers/CUMCM-2009-B-008,2009,B,OTHER_FORMAL_DERIVED,PDF->pdf-inspector/native-markdown->Q0 per-page normalization->source_page marker assembly->paper.md,17,17,1,0,PAGE_LOCAL_STRICT_BOUNDARY,1,0,0,0,17,1,0,F711F303D778F4FCC8FBC4213E499B268F53ABFF7CCB69BACDD3DD5D6C2676CE,derived/scale/papers/CUMCM-2009-B-008/paper.md,F711F303D778F4FCC8FBC4213E499B268F53ABFF7CCB69BACDD3DD5D6C2676CE,2009年数学建模国赛真题+优秀论文/2009年优秀论文/2009B：眼科病床的合理安排模型.pdf,025BCFD5A5FC8CBC1B01112EDA08FD0D270C67FB838D3B2BC11E4723BCD680D7,1,1,1,1,STILL_UNRESOLVED,UNRESOLVED_MARKER_ONLY_PAGE_CONTENT_CLASSIFICATION,0,UNRESOLVED,0,0,LOW,No existing page-level source evidence establishes substantive content or a legitimate blank-page explanation; retain unresolved.
CUMCM-2010-A-003,derived/scale/papers/CUMCM-2010-A-003,2010,A,OTHER_FORMAL_DERIVED,PDF->pdf-inspector/native-markdown->Q0 per-page normalization->source_page marker assembly->paper.md,21,21,1,0,PAGE_LOCAL_STRICT_BOUNDARY,1,0,0,0,21,0,0,528665FD4EB22D20ECA8272AA7A39F94E769443BDB96781AD6FB7BD18781021D,derived/scale/papers/CUMCM-2010-A-003/paper.md,528665FD4EB22D20ECA8272AA7A39F94E769443BDB96781AD6FB7BD18781021D,2010年数学建模国赛真题+优秀论文/2010年优秀论文/2010A：倾斜卧式储油罐油量标定的实用方法.pdf,88C6C782ABD276280B59807B2108D4BECD2C6B25D1F3E861F44B8047635C81C1,1,1,1,1,STILL_UNRESOLVED,UNRESOLVED_MARKER_ONLY_PAGE_CONTENT_CLASSIFICATION,0,UNRESOLVED,0,0,LOW,No existing page-level source evidence establishes substantive content or a legitimate blank-page explanation; retain unresolved.
CUMCM-2010-A-004,derived/scale/papers/CUMCM-2010-A-004,2010,A,OTHER_FORMAL_DERIVED,PDF->pdf-inspector/native-markdown->Q0 per-page normalization->source_page marker assembly->paper.md,32,32,1,0,PAGE_LOCAL_STRICT_BOUNDARY,1,0,0,0,32,1,0,10D8417B9907543BA3D31CADAAFA596A847C428A80292A624B9727669ED22F5E,derived/scale/papers/CUMCM-2010-A-004/paper.md,10D8417B9907543BA3D31CADAAFA596A847C428A80292A624B9727669ED22F5E,2010年数学建模国赛真题+优秀论文/2010年优秀论文/2010A：储油罐的变位识别与罐容表标定 (3).pdf,91816D1197A09392ECD177171037E1BF302F4E1D87E769DBCC750015D8ACA997,1,1,1,1,STILL_UNRESOLVED,UNRESOLVED_MARKER_ONLY_PAGE_CONTENT_CLASSIFICATION,0,UNRESOLVED,0,0,LOW,No existing page-level source evidence establishes substantive content or a legitimate blank-page explanation; retain unresolved.
CUMCM-2010-A-007,derived/scale/papers/CUMCM-2010-A-007,2010,A,OTHER_FORMAL_DERIVED,PDF->pdf-inspector/native-markdown->Q0 per-page normalization->source_page marker assembly->paper.md,20,20,1,0,PAGE_LOCAL_STRICT_BOUNDARY,1,0,0,0,20,1,0,423134DFB9C28BE94131469DE903502B83FA4E46EF32803069457656C5762736,derived/scale/papers/CUMCM-2010-A-007/paper.md,423134DFB9C28BE94131469DE903502B83FA4E46EF32803069457656C5762736,2010年数学建模国赛真题+优秀论文/2010年优秀论文/2010A：储油罐的变位识别与罐容表标定 (4).pdf,C01DFFA58041769DC6DCDA69D53D63709B059106443632F6552D9F7199C6AF03,1,1,1,1,STILL_UNRESOLVED,UNRESOLVED_MARKER_ONLY_PAGE_CONTENT_CLASSIFICATION,0,UNRESOLVED,0,0,LOW,No existing page-level source evidence establishes substantive content or a legitimate blank-page explanation; retain unresolved.
CUMCM-2010-B-003,derived/scale/papers/CUMCM-2010-B-003,2010,B,OTHER_FORMAL_DERIVED,PDF->pdf-inspector/native-markdown->Q0 per-page normalization->source_page marker assembly->paper.md,25,25,1,0,PAGE_LOCAL_STRICT_BOUNDARY,1,0,0,0,25,1,0,B6404540EF2A74C970DEAC82C803AE4DC23ED95E434CAB505B84EB569E9013BF,derived/scale/papers/CUMCM-2010-B-003/paper.md,B6404540EF2A74C970DEAC82C803AE4DC23ED95E434CAB505B84EB569E9013BF,2010年数学建模国赛真题+优秀论文/2010年优秀论文/2010B：对上海世博会文化影响力的定量评估.pdf,1ED4643567C104D6041EEB982EE6848A57D779DDB9BC319424E82BA6E95AD764,1,1,1,1,STILL_UNRESOLVED,UNRESOLVED_MARKER_ONLY_PAGE_CONTENT_CLASSIFICATION,0,UNRESOLVED,0,0,LOW,No existing page-level source evidence establishes substantive content or a legitimate blank-page explanation; retain unresolved.
CUMCM-2010-B-004,derived/scale/papers/CUMCM-2010-B-004,2010,B,OTHER_FORMAL_DERIVED,PDF->pdf-inspector/native-markdown->Q0 per-page normalization->source_page marker assembly->paper.md,11,11,1,0,PAGE_LOCAL_STRICT_BOUNDARY,1,0,0,0,11,1,0,2EEBBD295DAA69E745D4D3A60E17C0CEEF5CCD2C3D4B962C1E8FD4F59535AFD8,derived/scale/papers/CUMCM-2010-B-004/paper.md,2EEBBD295DAA69E745D4D3A60E17C0CEEF5CCD2C3D4B962C1E8FD4F59535AFD8,2010年数学建模国赛真题+优秀论文/2010年优秀论文/2010B：世博会参观线路设计.pdf,1ADCC76250C40CF4057EDBC71883F7290C4105D17D05381C742183DA15E80D24,1,1,1,1,STILL_UNRESOLVED,UNRESOLVED_MARKER_ONLY_PAGE_CONTENT_CLASSIFICATION,0,UNRESOLVED,0,0,LOW,No existing page-level source evidence establishes substantive content or a legitimate blank-page explanation; retain unresolved.
CUMCM-2010-B-005,derived/scale/papers/CUMCM-2010-B-005,2010,B,OTHER_FORMAL_DERIVED,PDF->pdf-inspector/native-markdown->Q0 per-page normalization->source_page marker assembly->paper.md,28,28,1,0,PAGE_LOCAL_STRICT_BOUNDARY,1,0,0,0,28,1,0,7B81F60C64673BF02976FB19BFDC188CDEE3BBD8DEB3E5F3EE1EBFBFCE56229D,derived/scale/papers/CUMCM-2010-B-005/paper.md,7B81F60C64673BF02976FB19BFDC188CDEE3BBD8DEB3E5F3EE1EBFBFCE56229D,2010年数学建模国赛真题+优秀论文/2010年优秀论文/2010B：世博会对上海旅游业的影响研究.pdf,63064D423C44843DA905AEC4A0AC07A49A0ADA9D0CDB480495F4921A938457FA,1,1,1,1,STILL_UNRESOLVED,UNRESOLVED_MARKER_ONLY_PAGE_CONTENT_CLASSIFICATION,0,UNRESOLVED,0,0,LOW,No existing page-level source evidence establishes substantive content or a legitimate blank-page explanation; retain unresolved.
CUMCM-2010-B-006,derived/scale/papers/CUMCM-2010-B-006,2010,B,OTHER_FORMAL_DERIVED,PDF->pdf-inspector/native-markdown->Q0 per-page normalization->source_page marker assembly->paper.md,31,31,1,0,PAGE_LOCAL_STRICT_BOUNDARY,1,0,0,0,31,1,0,C603D33FCDC6A8963EB4D9A5B48E40618F3E8B87F583458474931C9FA4D3C61C,derived/scale/papers/CUMCM-2010-B-006/paper.md,C603D33FCDC6A8963EB4D9A5B48E40618F3E8B87F583458474931C9FA4D3C61C,2010年数学建模国赛真题+优秀论文/2010年优秀论文/2010B：上海世博会于文化方面影响力评估.pdf,F084DF33B5DED56E794A494305239DC534E981BA749E55138D56D1EB7FAA6C20,1,1,1,1,STILL_UNRESOLVED,UNRESOLVED_MARKER_ONLY_PAGE_CONTENT_CLASSIFICATION,0,UNRESOLVED,0,0,LOW,No existing page-level source evidence establishes substantive content or a legitimate blank-page explanation; retain unresolved.
CUMCM-2010-C-001,derived/scale/papers/CUMCM-2010-C-001,2010,C,OTHER_FORMAL_DERIVED,PDF->pdf-inspector/native-markdown->Q0 per-page normalization->source_page marker assembly->paper.md,20,20,1,0,PAGE_LOCAL_STRICT_BOUNDARY,1,0,0,0,20,1,0,423134DFB9C28BE94131469DE903502B83FA4E46EF32803069457656C5762736,derived/scale/papers/CUMCM-2010-C-001/paper.md,423134DFB9C28BE94131469DE903502B83FA4E46EF32803069457656C5762736,2010年数学建模国赛真题+优秀论文/2010年优秀论文/2010C：输油管的布置（2）.pdf,FD7FBA7652C85FF2D40866F4F992039E8DA731EBF08E630DE9226D4D51972D3C,1,1,1,1,STILL_UNRESOLVED,UNRESOLVED_MARKER_ONLY_PAGE_CONTENT_CLASSIFICATION,0,UNRESOLVED,0,0,LOW,No existing page-level source evidence establishes substantive content or a legitimate blank-page explanation; retain unresolved.
CUMCM-2010-C-002,derived/scale/papers/CUMCM-2010-C-002,2010,C,OTHER_FORMAL_DERIVED,PDF->pdf-inspector/native-markdown->Q0 per-page normalization->source_page marker assembly->paper.md,14,14,1,0,PAGE_LOCAL_STRICT_BOUNDARY,1,0,0,0,14,1,0,F501017C13D9B29686DD922D65EDC0CD658E90E82A5785E427A2D829537C8626,derived/scale/papers/CUMCM-2010-C-002/paper.md,F501017C13D9B29686DD922D65EDC0CD658E90E82A5785E427A2D829537C8626,2010年数学建模国赛真题+优秀论文/2010年优秀论文/2010C：输油管的布置.pdf,59A9FEB40E7440F2AE910AA3B77B6C97E7F1DE601AFBE61FC44E2D557679ECD5,1,1,1,1,STILL_UNRESOLVED,UNRESOLVED_MARKER_ONLY_PAGE_CONTENT_CLASSIFICATION,0,UNRESOLVED,0,0,LOW,No existing page-level source evidence establishes substantive content or a legitimate blank-page explanation; retain unresolved.
CUMCM-2010-C-004,derived/scale/papers/CUMCM-2010-C-004,2010,C,OTHER_FORMAL_DERIVED,PDF->pdf-inspector/native-markdown->Q0 per-page normalization->source_page marker assembly->paper.md,14,14,1,0,PAGE_LOCAL_STRICT_BOUNDARY,1,0,0,0,14,1,0,F501017C13D9B29686DD922D65EDC0CD658E90E82A5785E427A2D829537C8626,derived/scale/papers/CUMCM-2010-C-004/paper.md,F501017C13D9B29686DD922D65EDC0CD658E90E82A5785E427A2D829537C8626,2010年数学建模国赛真题+优秀论文/2010年优秀论文/2010C：输油管布置问题的优化模型.pdf,C5B80D92915BF6F03994B4CB054684A3F7F08293D8FDAD9268E9BCFD96183AE9,1,1,1,1,STILL_UNRESOLVED,UNRESOLVED_MARKER_ONLY_PAGE_CONTENT_CLASSIFICATION,0,UNRESOLVED,0,0,LOW,No existing page-level source evidence establishes substantive content or a legitimate blank-page explanation; retain unresolved.
CUMCM-2010-D-002,derived/scale/papers/CUMCM-2010-D-002,2010,D,OTHER_FORMAL_DERIVED,PDF->pdf-inspector/native-markdown->Q0 per-page normalization->source_page marker assembly->paper.md,13,13,1,0,PAGE_LOCAL_STRICT_BOUNDARY,1,0,0,0,13,1,0,1888E6C51576B4658EBCF999D9BD0EEBBE0358F2C4F7C7B817AD03495849659F,derived/scale/papers/CUMCM-2010-D-002/paper.md,1888E6C51576B4658EBCF999D9BD0EEBBE0358F2C4F7C7B817AD03495849659F,2010年数学建模国赛真题+优秀论文/2010年优秀论文/2010D：对学生宿舍设计方案的评价 (2).pdf,6BEA2106138EFF593DD0979E6220BBCE06BCB26F816DF4378422DE178F397AFE,1,1,1,1,STILL_UNRESOLVED,UNRESOLVED_MARKER_ONLY_PAGE_CONTENT_CLASSIFICATION,0,UNRESOLVED,0,0,LOW,No existing page-level source evidence establishes substantive content or a legitimate blank-page explanation; retain unresolved.
CUMCM-2010-D-004,derived/scale/papers/CUMCM-2010-D-004,2010,D,OTHER_FORMAL_DERIVED,PDF->pdf-inspector/native-markdown->Q0 per-page normalization->source_page marker assembly->paper.md,20,20,1,0,PAGE_LOCAL_STRICT_BOUNDARY,1,0,0,0,20,1,0,423134DFB9C28BE94131469DE903502B83FA4E46EF32803069457656C5762736,derived/scale/papers/CUMCM-2010-D-004/paper.md,423134DFB9C28BE94131469DE903502B83FA4E46EF32803069457656C5762736,2010年数学建模国赛真题+优秀论文/2010年优秀论文/2010D：对学生宿舍设计方案的评价.pdf,90C8BD61A03A9EEDC28CFFF554F3CD4BCD29A183D1833869F6DD059AF5FAD37E,1,1,1,1,STILL_UNRESOLVED,UNRESOLVED_MARKER_ONLY_PAGE_CONTENT_CLASSIFICATION,0,UNRESOLVED,0,0,LOW,No existing page-level source evidence establishes substantive content or a legitimate blank-page explanation; retain unresolved.
CUMCM-2010-D-005,derived/scale/papers/CUMCM-2010-D-005,2010,D,OTHER_FORMAL_DERIVED,PDF->pdf-inspector/native-markdown->Q0 per-page normalization->source_page marker assembly->paper.md,32,32,1,0,PAGE_LOCAL_STRICT_BOUNDARY,1,0,0,0,32,1,0,10D8417B9907543BA3D31CADAAFA596A847C428A80292A624B9727669ED22F5E,derived/scale/papers/CUMCM-2010-D-005/paper.md,10D8417B9907543BA3D31CADAAFA596A847C428A80292A624B9727669ED22F5E,2010年数学建模国赛真题+优秀论文/2010年优秀论文/2010D：学生宿舍设计方案的评价.pdf,9D46A3D73FC99E838924785A04553909A97908E634CFAB6303AC4E2B45D353B2,1,1,1,1,STILL_UNRESOLVED,UNRESOLVED_MARKER_ONLY_PAGE_CONTENT_CLASSIFICATION,0,UNRESOLVED,0,0,LOW,No existing page-level source evidence establishes substantive content or a legitimate blank-page explanation; retain unresolved.
CUMCM-2011-A-001,derived/scale/papers/CUMCM-2011-A-001,2011,A,OTHER_FORMAL_DERIVED,PDF->pdf-inspector/native-markdown->Q0 per-page normalization->source_page marker assembly->paper.md,2,19,0,1,PAGE_LOCAL_STRICT_BOUNDARY,1,0,0,0,2,0,0,7CBE95CD215BF4DBF1145D77C8F5E68E78913851E3F43515D25039DD4BDDBC3E,derived/scale/papers/CUMCM-2011-A-001/paper.md,7CBE95CD215BF4DBF1145D77C8F5E68E78913851E3F43515D25039DD4BDDBC3E,2011年数学建模国赛真题+优秀论文/2011年优秀论文/2011A：城市表层土壤重金属污染分析（7）.pdf,3D58DB4E99A3E3202142EB77E537132421D37B81F6636360331B0A7D19E17F0E,1,1,1,1,STILL_UNRESOLVED,UNRESOLVED_MARKER_ONLY_PAGE_CONTENT_CLASSIFICATION,0,UNRESOLVED,0,0,LOW,No existing page-level source evidence establishes substantive content or a legitimate blank-page explanation; retain unresolved.
CUMCM-2011-A-002,derived/scale/papers/CUMCM-2011-A-002,2011,A,OTHER_FORMAL_DERIVED,PDF->pdf-inspector/native-markdown->Q0 per-page normalization->source_page marker assembly->paper.md,1,21,0,1,PAGE_LOCAL_STRICT_BOUNDARY,1,0,0,0,1,0,0,0DC7FA87A91063A75E5F6EB4E7DF93003F2810C3C2B255BADA26123C31E167C8,derived/scale/papers/CUMCM-2011-A-002/paper.md,0DC7FA87A91063A75E5F6EB4E7DF93003F2810C3C2B255BADA26123C31E167C8,2011年数学建模国赛真题+优秀论文/2011年优秀论文/2011A：城市表层土壤重金属污染分析（8）.pdf,AAD869BC1AB3C69E03518C673BA1163A29DCB24D15F8C57943783A004BAD317D,1,1,1,1,STILL_UNRESOLVED,UNRESOLVED_MARKER_ONLY_PAGE_CONTENT_CLASSIFICATION,0,UNRESOLVED,0,0,LOW,No existing page-level source evidence establishes substantive content or a legitimate blank-page explanation; retain unresolved.
CUMCM-2011-A-004,derived/scale/papers/CUMCM-2011-A-004,2011,A,OTHER_FORMAL_DERIVED,PDF->pdf-inspector/native-markdown->Q0 per-page normalization->source_page marker assembly->paper.md,1,24,0,1,PAGE_LOCAL_STRICT_BOUNDARY,1,0,0,0,1,0,0,BC31A761D966D535532F56685708E9046DD03DE154AD8808530C902FF887CA2C,derived/scale/papers/CUMCM-2011-A-004/paper.md,BC31A761D966D535532F56685708E9046DD03DE154AD8808530C902FF887CA2C,2011年数学建模国赛真题+优秀论文/2011年优秀论文/2011A：城市表层土壤重金属污染分析（1）.pdf,72719EF517A3254F0BD852882843C1310882D092883DA60C3B5F88542953E157,1,1,1,1,STILL_UNRESOLVED,UNRESOLVED_MARKER_ONLY_PAGE_CONTENT_CLASSIFICATION,0,UNRESOLVED,0,0,LOW,No existing page-level source evidence establishes substantive content or a legitimate blank-page explanation; retain unresolved.
CUMCM-2011-A-005,derived/scale/papers/CUMCM-2011-A-005,2011,A,OTHER_FORMAL_DERIVED,PDF->pdf-inspector/native-markdown->Q0 per-page normalization->source_page marker assembly->paper.md,6,29,0,1,PAGE_LOCAL_STRICT_BOUNDARY,1,0,0,0,6,0,0,35E4CF3B6B9BAB76CEBC0220F86B8278A06D595435C117091539A9A84D151CA2,derived/scale/papers/CUMCM-2011-A-005/paper.md,35E4CF3B6B9BAB76CEBC0220F86B8278A06D595435C117091539A9A84D151CA2,2011年数学建模国赛真题+优秀论文/2011年优秀论文/2011A：城市表层土壤重金属污染分析（3）.pdf,5CFE1213D56FE2D9AEF5F2A08FC9A3CAC379DD2DA7B1600D7BC7089979D6FDB3,1,1,1,1,STILL_UNRESOLVED,UNRESOLVED_MARKER_ONLY_PAGE_CONTENT_CLASSIFICATION,0,UNRESOLVED,0,0,LOW,No existing page-level source evidence establishes substantive content or a legitimate blank-page explanation; retain unresolved.
CUMCM-2011-A-007,derived/scale/papers/CUMCM-2011-A-007,2011,A,OTHER_FORMAL_DERIVED,PDF->pdf-inspector/native-markdown->Q0 per-page normalization->source_page marker assembly->paper.md,3,21,0,1,PAGE_LOCAL_STRICT_BOUNDARY,1,0,0,0,3,0,0,ACCABFC155FB8F7EADABB10768DF3C9458A86A3C41C9F8A3D6487B58A7713E65,derived/scale/papers/CUMCM-2011-A-007/paper.md,ACCABFC155FB8F7EADABB10768DF3C9458A86A3C41C9F8A3D6487B58A7713E65,2011年数学建模国赛真题+优秀论文/2011年优秀论文/2011A：城市表层土壤重金属污染分析（5）.pdf,F5AFFBB6F8AA0323F3452708D2F16470293AB43E52CF1A7899DFF51F205F5FC3,1,1,1,1,STILL_UNRESOLVED,UNRESOLVED_MARKER_ONLY_PAGE_CONTENT_CLASSIFICATION,0,UNRESOLVED,0,0,LOW,No existing page-level source evidence establishes substantive content or a legitimate blank-page explanation; retain unresolved.
CUMCM-2012-B-B149,derived/scale/papers/CUMCM-2012-B-B149,2012,B,OTHER_FORMAL_DERIVED,PDF->pdf-inspector/native-markdown->Q0 per-page normalization->source_page marker assembly->paper.md,1,30,0,1,PAGE_LOCAL_STRICT_BOUNDARY,1,0,0,0,1,0,0,7A5DF53096876F3C887CAE76705332FABCD4CDF2822B78235FB28C4CD81A0DB7,derived/scale/papers/CUMCM-2012-B-B149/paper.md,7A5DF53096876F3C887CAE76705332FABCD4CDF2822B78235FB28C4CD81A0DB7,2012年数学建模国赛真题+优秀论文/2012年优秀论文/2012B：太阳能小屋的设计 (4)/B149答卷.pdf,90C31398DACDA50949D10FA75F60E736B124E3947F908667F32FDD5C81F24CE8,1,1,1,1,STILL_UNRESOLVED,UNRESOLVED_MARKER_ONLY_PAGE_CONTENT_CLASSIFICATION,0,UNRESOLVED,0,0,LOW,No existing page-level source evidence establishes substantive content or a legitimate blank-page explanation; retain unresolved.
CUMCM-2013-A-001,derived/scale/papers/CUMCM-2013-A-001,2013,A,OTHER_FORMAL_DERIVED,PDF->pdf-inspector/native-markdown->Q0 per-page normalization->source_page marker assembly->paper.md,9,46,0,1,PAGE_LOCAL_STRICT_BOUNDARY,1,0,0,0,9,0,0,938F0ACD508FAA30697563EE082CC8EFF2496DBA9834B219CA6519AB720EA181,derived/scale/papers/CUMCM-2013-A-001/paper.md,938F0ACD508FAA30697563EE082CC8EFF2496DBA9834B219CA6519AB720EA181,2013年数学建模国赛真题+优秀论文/2013A：车道被占用对城市道路通行能力的影响 (5)/基于差分方程和元胞自动机的交通阻塞模型.pdf,89F1BC8CE60F82D85A723CDA3435920801F4D7292E2571649256A42F84046132,1,1,1,1,STILL_UNRESOLVED,UNRESOLVED_MARKER_ONLY_PAGE_CONTENT_CLASSIFICATION,0,UNRESOLVED,0,0,LOW,No existing page-level source evidence establishes substantive content or a legitimate blank-page explanation; retain unresolved.
CUMCM-2013-A-004,derived/scale/papers/CUMCM-2013-A-004,2013,A,OTHER_FORMAL_DERIVED,PDF->pdf-inspector/native-markdown->Q0 per-page normalization->source_page marker assembly->paper.md,1,40,0,1,PAGE_LOCAL_STRICT_BOUNDARY,1,0,0,0,1,0,0,BAC9F628007AB22CD754BDCB73A3E5030F19650591E32B051E7A8532CEA4A6D2,derived/scale/papers/CUMCM-2013-A-004/paper.md,BAC9F628007AB22CD754BDCB73A3E5030F19650591E32B051E7A8532CEA4A6D2,2013年数学建模国赛真题+优秀论文/2013A：车道被占用对城市道路通行能力的影响 (3)/A-13241002-黄小敏，黄程，王露.pdf,EABCE38647FBE0FACB29330177B5EAE63A61A5FD67FAEFF867B24E91AF49C7D4,1,1,1,1,STILL_UNRESOLVED,UNRESOLVED_MARKER_ONLY_PAGE_CONTENT_CLASSIFICATION,0,UNRESOLVED,0,0,LOW,No existing page-level source evidence establishes substantive content or a legitimate blank-page explanation; retain unresolved.
CUMCM-2013-A-005,derived/scale/papers/CUMCM-2013-A-005,2013,A,OTHER_FORMAL_DERIVED,PDF->pdf-inspector/native-markdown->Q0 per-page normalization->source_page marker assembly->paper.md,1,44,0,1,PAGE_LOCAL_STRICT_BOUNDARY,1,0,0,0,1,0,0,909D7B75C28732F82B5F74DF15BEE808F6B53AB1DD1572F400E14AEB034CB9F8,derived/scale/papers/CUMCM-2013-A-005/paper.md,909D7B75C28732F82B5F74DF15BEE808F6B53AB1DD1572F400E14AEB034CB9F8,2013年数学建模国赛真题+优秀论文/2013A：车道被占用对城市道路通行能力的影响 (2)/周晨阳周登岳孔垂烨A.pdf,B7CE9B63F4E2542ADC12AD6E3497A36E29DE57B29AFD3356B01371FCD8D5F5A1,1,1,1,1,STILL_UNRESOLVED,UNRESOLVED_MARKER_ONLY_PAGE_CONTENT_CLASSIFICATION,0,UNRESOLVED,0,0,LOW,No existing page-level source evidence establishes substantive content or a legitimate blank-page explanation; retain unresolved.
CUMCM-2013-A-A0114,derived/scale/papers/CUMCM-2013-A-A0114,2013,A,OTHER_FORMAL_DERIVED,PDF->pdf-inspector/native-markdown->Q0 per-page normalization->source_page marker assembly->paper.md,2,32,0,1,PAGE_LOCAL_STRICT_BOUNDARY,1,0,0,0,2,0,0,A9CD4970C89EEEFADD67324F2CECBB14FEA65FE2AB4AF6DC3E1E1B768A02AFDC,derived/scale/papers/CUMCM-2013-A-A0114/paper.md,A9CD4970C89EEEFADD67324F2CECBB14FEA65FE2AB4AF6DC3E1E1B768A02AFDC,2013年数学建模国赛真题+优秀论文/2013A：车道被占用对城市道路通行能力的影响/A0114.pdf,B9100E7F93C38C9E3A61E81F1DFE978A076493905BFE19F41951CEE69BB2D89A,1,1,1,1,STILL_UNRESOLVED,UNRESOLVED_MARKER_ONLY_PAGE_CONTENT_CLASSIFICATION,0,UNRESOLVED,0,0,LOW,No existing page-level source evidence establishes substantive content or a legitimate blank-page explanation; retain unresolved.
CUMCM-2014-A-A1501,derived/scale/papers/CUMCM-2014-A-A1501,2014,A,OTHER_FORMAL_DERIVED,PDF->pdf-inspector/native-markdown->Q0 per-page normalization->source_page marker assembly->paper.md,2,32,0,1,PAGE_LOCAL_STRICT_BOUNDARY,1,0,0,0,2,0,0,4D15A604013AE9D54AAB97D156EBBF597455456A96A2AEA2F9915605BD9AE96F,derived/scale/papers/CUMCM-2014-A-A1501/paper.md,4D15A604013AE9D54AAB97D156EBBF597455456A96A2AEA2F9915605BD9AE96F,2014年数学建模国赛真题+优秀论文/2014优秀论文/2014A：嫦娥三号软着陆轨道设计与控制策略 (5)/A15010142_王子硕_吴鹏飞_陶立.pdf,CA6C94BB50E5B0D982A7D54F154AB68A8E5465BB3858D1274356BFD5381FD2CC,1,1,1,1,STILL_UNRESOLVED,UNRESOLVED_MARKER_ONLY_PAGE_CONTENT_CLASSIFICATION,0,UNRESOLVED,0,0,LOW,No existing page-level source evidence establishes substantive content or a legitimate blank-page explanation; retain unresolved.
CUMCM-2014-A-A2302,derived/scale/papers/CUMCM-2014-A-A2302,2014,A,OTHER_FORMAL_DERIVED,PDF->pdf-inspector/native-markdown->Q0 per-page normalization->source_page marker assembly->paper.md,1,29,0,1,PAGE_LOCAL_STRICT_BOUNDARY,1,0,0,0,1,0,0,78B516C2BF30429E2588493BEEBCDE86D1EFF19BBDB5A2108BB2F7BF81708F2E,derived/scale/papers/CUMCM-2014-A-A2302/paper.md,78B516C2BF30429E2588493BEEBCDE86D1EFF19BBDB5A2108BB2F7BF81708F2E,2014年数学建模国赛真题+优秀论文/2014优秀论文/2014A：嫦娥三号软着陆轨道设计与控制策略/A23022014_杜磊_江启文_汪鑫 .pdf,A5CE222DB27F1A47800723DB92BC76A8CCF2CA053A6F62CD7B5CEFBE8018A237,1,1,1,1,STILL_UNRESOLVED,UNRESOLVED_MARKER_ONLY_PAGE_CONTENT_CLASSIFICATION,0,UNRESOLVED,0,0,LOW,No existing page-level source evidence establishes substantive content or a legitimate blank-page explanation; retain unresolved.
CUMCM-2014-D-D2202,derived/scale/papers/CUMCM-2014-D-D2202,2014,D,OTHER_FORMAL_DERIVED,PDF->pdf-inspector/native-markdown->Q0 per-page normalization->source_page marker assembly->paper.md,2,23,0,1,PAGE_LOCAL_STRICT_BOUNDARY,1,0,0,0,2,0,0,57051683F95933F92246D65FA12FBF1C295B2698186D8662E92BCF59FA2B31BB,derived/scale/papers/CUMCM-2014-D-D2202/paper.md,57051683F95933F92246D65FA12FBF1C295B2698186D8662E92BCF59FA2B31BB,2014年数学建模国赛真题+优秀论文/2014优秀论文/2014D：储药槽的设计 (3)/D22022011_阎发静_周靖_杨峰.pdf,9E3E34F7E3E8DAFA6A6043EACF081E942E3A7576F47E2D238016403F904E4388,1,1,1,1,STILL_UNRESOLVED,UNRESOLVED_MARKER_ONLY_PAGE_CONTENT_CLASSIFICATION,0,UNRESOLVED,0,0,LOW,No existing page-level source evidence establishes substantive content or a legitimate blank-page explanation; retain unresolved.
CUMCM-2016-A-002,derived/scale/papers/CUMCM-2016-A-002,2016,A,OTHER_FORMAL_DERIVED,PDF->pdf-inspector/native-markdown->Q0 per-page normalization->source_page marker assembly->paper.md,11,36,0,1,PAGE_LOCAL_STRICT_BOUNDARY,1,0,0,0,11,0,0,6476B043B8C64C883E82E7E21FCA22A743BD4DC9F7504E46077EA6EDEFFF52B6,derived/scale/papers/CUMCM-2016-A-002/paper.md,6476B043B8C64C883E82E7E21FCA22A743BD4DC9F7504E46077EA6EDEFFF52B6,2016年数学建模国赛真题+优秀论文/2016年优秀论文/2016A：基于极值系泊系统设计 (1).pdf,63177FF9A2A01AEDF149DFD2315FF9CD74EAD4FCE55F2E8D0B5D3958BD75403D,1,1,1,1,STILL_UNRESOLVED,UNRESOLVED_MARKER_ONLY_PAGE_CONTENT_CLASSIFICATION,0,UNRESOLVED,0,0,LOW,No existing page-level source evidence establishes substantive content or a legitimate blank-page explanation; retain unresolved.
CUMCM-2016-A-003,derived/scale/papers/CUMCM-2016-A-003,2016,A,OTHER_FORMAL_DERIVED,PDF->pdf-inspector/native-markdown->Q0 per-page normalization->source_page marker assembly->paper.md,18,44,0,1,PAGE_LOCAL_STRICT_BOUNDARY,1,0,0,0,18,0,0,D083054E00F18895F0A0E71ED367BB5995CF0FA8CCF683667B6C362B3C3F11B4,derived/scale/papers/CUMCM-2016-A-003/paper.md,D083054E00F18895F0A0E71ED367BB5995CF0FA8CCF683667B6C362B3C3F11B4,2016年数学建模国赛真题+优秀论文/2016年优秀论文/2016A：基于极值系泊系统设计 (5).pdf,0AE8DC792DEC17F18DE3F2F6A060DD2DA71CD3C96AD4B8EF628822DD66E2C81D,1,1,1,1,STILL_UNRESOLVED,UNRESOLVED_MARKER_ONLY_PAGE_CONTENT_CLASSIFICATION,0,UNRESOLVED,0,0,LOW,No existing page-level source evidence establishes substantive content or a legitimate blank-page explanation; retain unresolved.
CUMCM-2016-A-004,derived/scale/papers/CUMCM-2016-A-004,2016,A,OTHER_FORMAL_DERIVED,PDF->pdf-inspector/native-markdown->Q0 per-page normalization->source_page marker assembly->paper.md,2,37,0,1,PAGE_LOCAL_STRICT_BOUNDARY,1,0,0,0,2,0,0,906D3C95C5A9F195A085E4909B159F85F2445F2FBE03B10255A5DB9037642AC9,derived/scale/papers/CUMCM-2016-A-004/paper.md,906D3C95C5A9F195A085E4909B159F85F2445F2FBE03B10255A5DB9037642AC9,2016年数学建模国赛真题+优秀论文/2016年优秀论文/2016A：基于极值系泊系统设计 (2).pdf,20F72872C499F57A38E7D0121C98C270A4C1E518C399DE506F69928F45A86EF9,1,1,1,1,STILL_UNRESOLVED,UNRESOLVED_MARKER_ONLY_PAGE_CONTENT_CLASSIFICATION,0,UNRESOLVED,0,0,LOW,No existing page-level source evidence establishes substantive content or a legitimate blank-page explanation; retain unresolved.
CUMCM-2016-A-005,derived/scale/papers/CUMCM-2016-A-005,2016,A,OTHER_FORMAL_DERIVED,PDF->pdf-inspector/native-markdown->Q0 per-page normalization->source_page marker assembly->paper.md,1,46,0,1,PAGE_LOCAL_STRICT_BOUNDARY,1,0,0,0,1,0,0,A5D69A10622361925FC785EFBCF3BF8A488DAC1601268444C1B0F93652FDA48D,derived/scale/papers/CUMCM-2016-A-005/paper.md,A5D69A10622361925FC785EFBCF3BF8A488DAC1601268444C1B0F93652FDA48D,2016年数学建模国赛真题+优秀论文/2016年优秀论文/2016A：基于极值系泊系统设计 (4).pdf,60A24DC1D9D5C453DA3966CBE5A53EEBA73E5190145ED3518EBDFA98A59FB062,1,1,1,1,STILL_UNRESOLVED,UNRESOLVED_MARKER_ONLY_PAGE_CONTENT_CLASSIFICATION,0,UNRESOLVED,0,0,LOW,No existing page-level source evidence establishes substantive content or a legitimate blank-page explanation; retain unresolved.
CUMCM-2016-A-006,derived/scale/papers/CUMCM-2016-A-006,2016,A,OTHER_FORMAL_DERIVED,PDF->pdf-inspector/native-markdown->Q0 per-page normalization->source_page marker assembly->paper.md,15,39,0,1,PAGE_LOCAL_STRICT_BOUNDARY,1,0,0,0,15,0,0,ABBD1413BE583D39053C245EB768BCC55E7AF594C0EBA3B13108D567E168779B,derived/scale/papers/CUMCM-2016-A-006/paper.md,ABBD1413BE583D39053C245EB768BCC55E7AF594C0EBA3B13108D567E168779B,2016年数学建模国赛真题+优秀论文/2016年优秀论文/2016A：基于极值系泊系统设计 (3).pdf,8782CBFC3FE587AB513CBF29A72FA6B7F1C3A175831D16D906AF854D564CB3B0,1,1,1,1,STILL_UNRESOLVED,UNRESOLVED_MARKER_ONLY_PAGE_CONTENT_CLASSIFICATION,0,UNRESOLVED,0,0,LOW,No existing page-level source evidence establishes substantive content or a legitimate blank-page explanation; retain unresolved.
CUMCM-2016-B-002,derived/scale/papers/CUMCM-2016-B-002,2016,B,OTHER_FORMAL_DERIVED,PDF->pdf-inspector/native-markdown->Q0 per-page normalization->source_page marker assembly->paper.md,1,26,0,1,PAGE_LOCAL_STRICT_BOUNDARY,1,0,0,0,1,0,0,3F081ACE47C54A29445EB0E93AE7D848C6DFA7424670BCAD884753CB74EC92B2,derived/scale/papers/CUMCM-2016-B-002/paper.md,3F081ACE47C54A29445EB0E93AE7D848C6DFA7424670BCAD884753CB74EC92B2,2016年数学建模国赛真题+优秀论文/2016年优秀论文/2016B：小区开放道路通行影响 (5).pdf,F04CE73B087241F00E6C5E8902BEC95AFA48201F9384C58125E2F4600EDAA41B,1,1,1,1,STILL_UNRESOLVED,UNRESOLVED_MARKER_ONLY_PAGE_CONTENT_CLASSIFICATION,0,UNRESOLVED,0,0,LOW,No existing page-level source evidence establishes substantive content or a legitimate blank-page explanation; retain unresolved.
CUMCM-2016-C-001,derived/scale/papers/CUMCM-2016-C-001,2016,C,OTHER_FORMAL_DERIVED,PDF->pdf-inspector/native-markdown->Q0 per-page normalization->source_page marker assembly->paper.md,1,22,0,1,PAGE_LOCAL_STRICT_BOUNDARY,1,0,0,0,1,0,0,54AC594DA4C1C5CBC43EAF28DF45AD7A77843A6F2F948DE73D112F330D4D01B4,derived/scale/papers/CUMCM-2016-C-001/paper.md,54AC594DA4C1C5CBC43EAF28DF45AD7A77843A6F2F948DE73D112F330D4D01B4,2016年数学建模国赛真题+优秀论文/2016年优秀论文/2016C：电池剩余放电时间预测 (2).pdf,E1703EA2108D2998D3FAA92C19245504BEB7DD5E3B8C84D51935706302035F57,1,1,1,1,STILL_UNRESOLVED,UNRESOLVED_MARKER_ONLY_PAGE_CONTENT_CLASSIFICATION,0,UNRESOLVED,0,0,LOW,No existing page-level source evidence establishes substantive content or a legitimate blank-page explanation; retain unresolved.
CUMCM-2016-D-002,derived/scale/papers/CUMCM-2016-D-002,2016,D,OTHER_FORMAL_DERIVED,PDF->pdf-inspector/native-markdown->Q0 per-page normalization->source_page marker assembly->paper.md,1,48,0,1,PAGE_LOCAL_STRICT_BOUNDARY,1,0,0,0,1,0,0,8AED4E746221FBDBC080FBCC13A2ADAC6904ECA075E2CE9BF1FB80BDD637292E,derived/scale/papers/CUMCM-2016-D-002/paper.md,8AED4E746221FBDBC080FBCC13A2ADAC6904ECA075E2CE9BF1FB80BDD637292E,2016年数学建模国赛真题+优秀论文/2016年优秀论文/2016D：风电场运行状况分析及维护计划优化 (2).pdf,89AB698EB82BCE52B6844AF057D40433341C15F612A68796019A29EECB5235ED,1,1,1,1,STILL_UNRESOLVED,UNRESOLVED_MARKER_ONLY_PAGE_CONTENT_CLASSIFICATION,0,UNRESOLVED,0,0,LOW,No existing page-level source evidence establishes substantive content or a legitimate blank-page explanation; retain unresolved.
CUMCM-2016-D-003,derived/scale/papers/CUMCM-2016-D-003,2016,D,OTHER_FORMAL_DERIVED,PDF->pdf-inspector/native-markdown->Q0 per-page normalization->source_page marker assembly->paper.md,1,24,0,1,PAGE_LOCAL_STRICT_BOUNDARY,1,0,0,0,1,0,0,29C94A82B813AD1F8A54D6EF634FF4B90CCD4CE346D774301F13ABA67CC47467,derived/scale/papers/CUMCM-2016-D-003/paper.md,29C94A82B813AD1F8A54D6EF634FF4B90CCD4CE346D774301F13ABA67CC47467,2016年数学建模国赛真题+优秀论文/2016年优秀论文/2016D：风电场运行状况分析及维护计划优化 (3).pdf,6C820E1039671B5C6B5E739CDE208CCDA3A91779D72837318608AFA843FBF61B,1,1,1,1,STILL_UNRESOLVED,UNRESOLVED_MARKER_ONLY_PAGE_CONTENT_CLASSIFICATION,0,UNRESOLVED,0,0,LOW,No existing page-level source evidence establishes substantive content or a legitimate blank-page explanation; retain unresolved.
CUMCM-2017-A-002,derived/scale/papers/CUMCM-2017-A-002,2017,A,OTHER_FORMAL_DERIVED,PDF->pdf-inspector/native-markdown->Q0 per-page normalization->source_page marker assembly->paper.md,12,29,0,1,PAGE_LOCAL_STRICT_BOUNDARY,1,0,0,0,12,0,0,AFA6B3F110AC40647BAA65BBE652C59EB054036816EB213F0A34E9A582BB684C,derived/scale/papers/CUMCM-2017-A-002/paper.md,AFA6B3F110AC40647BAA65BBE652C59EB054036816EB213F0A34E9A582BB684C,2017年数学建模国赛真题+优秀论文/2017年优秀论文/2017A：CT系统参数标定及成像  (5).pdf,60D2FAD35BC8C320AF9A1BACE782AA300B1F57F30105D6BB2311684001B7EC50,1,1,1,1,STILL_UNRESOLVED,UNRESOLVED_MARKER_ONLY_PAGE_CONTENT_CLASSIFICATION,0,UNRESOLVED,0,0,LOW,No existing page-level source evidence establishes substantive content or a legitimate blank-page explanation; retain unresolved.
CUMCM-2017-B-004,derived/scale/papers/CUMCM-2017-B-004,2017,B,OTHER_FORMAL_DERIVED,PDF->pdf-inspector/native-markdown->Q0 per-page normalization->source_page marker assembly->paper.md,1,25,0,1,PAGE_LOCAL_STRICT_BOUNDARY,1,0,0,0,1,0,0,EE6791AC97E2CA07D964A8A62ABBF6EFBF42C587EEF5BF8FF9BCAB9A54CE95D6,derived/scale/papers/CUMCM-2017-B-004/paper.md,EE6791AC97E2CA07D964A8A62ABBF6EFBF42C587EEF5BF8FF9BCAB9A54CE95D6,2017年数学建模国赛真题+优秀论文/2017年优秀论文/2017B：“拍照赚钱”的任务定价 (6).pdf,D5FF068F7AB3C1568BB42C34C89B699211C32C6401F9DC92141CFCD72391F91F,1,1,1,1,STILL_UNRESOLVED,UNRESOLVED_MARKER_ONLY_PAGE_CONTENT_CLASSIFICATION,0,UNRESOLVED,0,0,LOW,No existing page-level source evidence establishes substantive content or a legitimate blank-page explanation; retain unresolved.
CUMCM-2017-B-005,derived/scale/papers/CUMCM-2017-B-005,2017,B,OTHER_FORMAL_DERIVED,PDF->pdf-inspector/native-markdown->Q0 per-page normalization->source_page marker assembly->paper.md,2,28,0,1,PAGE_LOCAL_STRICT_BOUNDARY,1,0,0,0,2,0,0,C7644040983117DCAE5A47DB122222D8AEFED199FDD5DCA0F19A9BA4E5963FB2,derived/scale/papers/CUMCM-2017-B-005/paper.md,C7644040983117DCAE5A47DB122222D8AEFED199FDD5DCA0F19A9BA4E5963FB2,2017年数学建模国赛真题+优秀论文/2017年优秀论文/2017B：“拍照赚钱”的任务定价 (1).pdf,0399FF482573C91755201A82F9DDC12DBB2039254D51B79C86D33F2E019DF16E,1,1,1,1,STILL_UNRESOLVED,UNRESOLVED_MARKER_ONLY_PAGE_CONTENT_CLASSIFICATION,0,UNRESOLVED,0,0,LOW,No existing page-level source evidence establishes substantive content or a legitimate blank-page explanation; retain unresolved.
CUMCM-2017-B-006,derived/scale/papers/CUMCM-2017-B-006,2017,B,OTHER_FORMAL_DERIVED,PDF->pdf-inspector/native-markdown->Q0 per-page normalization->source_page marker assembly->paper.md,5,45,0,1,PAGE_LOCAL_STRICT_BOUNDARY,1,0,0,0,5,0,0,AE636068419ADE22DD75A419D193CAAFC7F98FD2B33C5C81282A3A99FE43DDD2,derived/scale/papers/CUMCM-2017-B-006/paper.md,AE636068419ADE22DD75A419D193CAAFC7F98FD2B33C5C81282A3A99FE43DDD2,2017年数学建模国赛真题+优秀论文/2017年优秀论文/2017B：“拍照赚钱”的任务定价 (5).pdf,61CDA5C0DD3460DD96D182A5EC8DB098E61A79DF1DED0569A95FDECF6C354209,1,1,1,1,STILL_UNRESOLVED,UNRESOLVED_MARKER_ONLY_PAGE_CONTENT_CLASSIFICATION,0,UNRESOLVED,0,0,LOW,No existing page-level source evidence establishes substantive content or a legitimate blank-page explanation; retain unresolved.
CUMCM-2017-B-007,derived/scale/papers/CUMCM-2017-B-007,2017,B,OTHER_FORMAL_DERIVED,PDF->pdf-inspector/native-markdown->Q0 per-page normalization->source_page marker assembly->paper.md,2,35,0,1,PAGE_LOCAL_STRICT_BOUNDARY,1,0,0,0,2,0,0,C17AC07D68CC06EB43B2CC7695B35F11135B8C6A23CAD80E4733D93AF65EA3D3,derived/scale/papers/CUMCM-2017-B-007/paper.md,C17AC07D68CC06EB43B2CC7695B35F11135B8C6A23CAD80E4733D93AF65EA3D3,2017年数学建模国赛真题+优秀论文/2017年优秀论文/2017B：“拍照赚钱”的任务定价 (4).pdf,3B4C1A41A6B4BCEC27513FE4E07177467B40E773EB43E7B86672B590F7220E9E,1,1,1,1,STILL_UNRESOLVED,UNRESOLVED_MARKER_ONLY_PAGE_CONTENT_CLASSIFICATION,0,UNRESOLVED,0,0,LOW,No existing page-level source evidence establishes substantive content or a legitimate blank-page explanation; retain unresolved.
CUMCM-2017-D-001,derived/scale/papers/CUMCM-2017-D-001,2017,D,OTHER_FORMAL_DERIVED,PDF->pdf-inspector/native-markdown->Q0 per-page normalization->source_page marker assembly->paper.md,8,48,0,1,PAGE_LOCAL_STRICT_BOUNDARY,1,0,0,0,8,0,0,913ADA85CFE16F0446DA2F66F78DB67575C024F34151BF16F02C98ADACAA41C5,derived/scale/papers/CUMCM-2017-D-001/paper.md,913ADA85CFE16F0446DA2F66F78DB67575C024F34151BF16F02C98ADACAA41C5,2017年数学建模国赛真题+优秀论文/2017年优秀论文/2017D：巡检线路的排班 (2).pdf,2876DA7516A25484B0C09B89235496AA4D5E1D3957AF6D1CF4D8B21C61FAF65B,1,1,1,1,STILL_UNRESOLVED,UNRESOLVED_MARKER_ONLY_PAGE_CONTENT_CLASSIFICATION,0,UNRESOLVED,0,0,LOW,No existing page-level source evidence establishes substantive content or a legitimate blank-page explanation; retain unresolved.
CUMCM-2017-D-003,derived/scale/papers/CUMCM-2017-D-003,2017,D,OTHER_FORMAL_DERIVED,PDF->pdf-inspector/native-markdown->Q0 per-page normalization->source_page marker assembly->paper.md,1,26,0,1,PAGE_LOCAL_STRICT_BOUNDARY,1,0,0,0,1,0,0,798419A131B4A76AB46A43428081E8365E98DD6A47A6500D618DC42D7FFEA03A,derived/scale/papers/CUMCM-2017-D-003/paper.md,798419A131B4A76AB46A43428081E8365E98DD6A47A6500D618DC42D7FFEA03A,2017年数学建模国赛真题+优秀论文/2017年优秀论文/2017D：巡检线路的排班 (1).pdf,397CC22AEE381F5E884A61A90FB67C80D4A2FBAE6AB8F317C7C68DC40219BF5E,1,1,1,1,STILL_UNRESOLVED,UNRESOLVED_MARKER_ONLY_PAGE_CONTENT_CLASSIFICATION,0,UNRESOLVED,0,0,LOW,No existing page-level source evidence establishes substantive content or a legitimate blank-page explanation; retain unresolved.
CUMCM-2017-D-004,derived/scale/papers/CUMCM-2017-D-004,2017,D,OTHER_FORMAL_DERIVED,PDF->pdf-inspector/native-markdown->Q0 per-page normalization->source_page marker assembly->paper.md,4,30,0,1,PAGE_LOCAL_STRICT_BOUNDARY,1,0,0,0,4,0,0,2A52B4D870A8401529C90E2BCD6F48BAD4EA4D7A4D769475978FDA870A78A1FB,derived/scale/papers/CUMCM-2017-D-004/paper.md,2A52B4D870A8401529C90E2BCD6F48BAD4EA4D7A4D769475978FDA870A78A1FB,2017年数学建模国赛真题+优秀论文/2017年优秀论文/2017D：巡检线路的排班 (3).pdf,71AA15F0EA4EE6F196F1F1BBF38C1528C0C0A1E3FB10A917EDBCD291F8B417D9,1,1,1,1,STILL_UNRESOLVED,UNRESOLVED_MARKER_ONLY_PAGE_CONTENT_CLASSIFICATION,0,UNRESOLVED,0,0,LOW,No existing page-level source evidence establishes substantive content or a legitimate blank-page explanation; retain unresolved.
CUMCM-2018-A-001,derived/scale/papers/CUMCM-2018-A-001,2018,A,OTHER_FORMAL_DERIVED,PDF->pdf-inspector/native-markdown->Q0 per-page normalization->source_page marker assembly->paper.md,28,28,1,0,PAGE_LOCAL_STRICT_BOUNDARY,1,0,0,0,28,1,0,7B81F60C64673BF02976FB19BFDC188CDEE3BBD8DEB3E5F3EE1EBFBFCE56229D,derived/scale/papers/CUMCM-2018-A-001/paper.md,7B81F60C64673BF02976FB19BFDC188CDEE3BBD8DEB3E5F3EE1EBFBFCE56229D,2018年数学建模国赛真题+优秀论文/2018年优秀论文/2018A：基于非稳态导热的高温作业专用服装设计.pdf,AE162485AC1BF99FC7BC1F2062B19DCA546597111226A5DED5A1EF08D74491A7,1,1,1,1,STILL_UNRESOLVED,UNRESOLVED_MARKER_ONLY_PAGE_CONTENT_CLASSIFICATION,0,UNRESOLVED,0,0,LOW,No existing page-level source evidence establishes substantive content or a legitimate blank-page explanation; retain unresolved.
CUMCM-2018-A-002,derived/scale/papers/CUMCM-2018-A-002,2018,A,OTHER_FORMAL_DERIVED,PDF->pdf-inspector/native-markdown->Q0 per-page normalization->source_page marker assembly->paper.md,43,43,1,0,PAGE_LOCAL_STRICT_BOUNDARY,1,0,0,0,43,1,0,FC0CE6F93AE95349134AC3D9D9B5C1D0655B331D0AB5FF2278460D6EC256B394,derived/scale/papers/CUMCM-2018-A-002/paper.md,FC0CE6F93AE95349134AC3D9D9B5C1D0655B331D0AB5FF2278460D6EC256B394,2018年数学建模国赛真题+优秀论文/2018年优秀论文/2018A：高温作业专用服装设计.pdf,EEF9B9FB1DCCF67C1DAB44779AD25A7F28C57401162B04473F31D60492337EC3,1,1,1,1,STILL_UNRESOLVED,UNRESOLVED_MARKER_ONLY_PAGE_CONTENT_CLASSIFICATION,0,UNRESOLVED,0,0,LOW,No existing page-level source evidence establishes substantive content or a legitimate blank-page explanation; retain unresolved.
CUMCM-2018-A-003,derived/scale/papers/CUMCM-2018-A-003,2018,A,OTHER_FORMAL_DERIVED,PDF->pdf-inspector/native-markdown->Q0 per-page normalization->source_page marker assembly->paper.md,45,45,1,0,PAGE_LOCAL_STRICT_BOUNDARY,1,0,0,0,45,0,0,0A7F87DA0F0FCD1451D51C690DDC0232A780292454C5911A4FE6E816A25C0D29,derived/scale/papers/CUMCM-2018-A-003/paper.md,0A7F87DA0F0FCD1451D51C690DDC0232A780292454C5911A4FE6E816A25C0D29,2018年数学建模国赛真题+优秀论文/2018年优秀论文/2018A：基于多原则比较和蒙特卡洛模拟的 RGV 动态调度模型.pdf,FF5FEA82381FC3877F8FEA031CD47426B54759284A9EFE2FBC26873CEE585689,1,1,1,1,STILL_UNRESOLVED,UNRESOLVED_MARKER_ONLY_PAGE_CONTENT_CLASSIFICATION,0,UNRESOLVED,0,0,LOW,No existing page-level source evidence establishes substantive content or a legitimate blank-page explanation; retain unresolved.
CUMCM-2018-A-005,derived/scale/papers/CUMCM-2018-A-005,2018,A,OTHER_FORMAL_DERIVED,PDF->pdf-inspector/native-markdown->Q0 per-page normalization->source_page marker assembly->paper.md,31,31,1,0,PAGE_LOCAL_STRICT_BOUNDARY,1,0,0,0,31,1,0,C603D33FCDC6A8963EB4D9A5B48E40618F3E8B87F583458474931C9FA4D3C61C,derived/scale/papers/CUMCM-2018-A-005/paper.md,C603D33FCDC6A8963EB4D9A5B48E40618F3E8B87F583458474931C9FA4D3C61C,2018年数学建模国赛真题+优秀论文/2018年优秀论文/2018A：高温作业服设计.pdf,B313A36C2F3D65102850C3BAD2A89262A6BC403D25DBDF6035581E3CF2CAE2AA,1,1,1,1,STILL_UNRESOLVED,UNRESOLVED_MARKER_ONLY_PAGE_CONTENT_CLASSIFICATION,0,UNRESOLVED,0,0,LOW,No existing page-level source evidence establishes substantive content or a legitimate blank-page explanation; retain unresolved.
CUMCM-2018-B-003,derived/scale/papers/CUMCM-2018-B-003,2018,B,OTHER_FORMAL_DERIVED,PDF->pdf-inspector/native-markdown->Q0 per-page normalization->source_page marker assembly->paper.md,99,99,1,0,PAGE_LOCAL_STRICT_BOUNDARY,1,0,0,0,99,0,0,EFABD5B13320897C7A1A00C53A6733FE6B1AF309AFCAF9BD3BDBC9CACFCE38D7,derived/scale/papers/CUMCM-2018-B-003/paper.md,EFABD5B13320897C7A1A00C53A6733FE6B1AF309AFCAF9BD3BDBC9CACFCE38D7,2018年数学建模国赛真题+优秀论文/2018年优秀论文/2018B：智能 RGV 的动态调度策略.pdf,225D97F5F63CA088C2F83113F698C454D2AF9846F5BB4F79A6FB53CFE135C8D6,1,1,1,1,STILL_UNRESOLVED,UNRESOLVED_MARKER_ONLY_PAGE_CONTENT_CLASSIFICATION,0,UNRESOLVED,0,0,LOW,No existing page-level source evidence establishes substantive content or a legitimate blank-page explanation; retain unresolved.
CUMCM-2018-B-004,derived/scale/papers/CUMCM-2018-B-004,2018,B,OTHER_FORMAL_DERIVED,PDF->pdf-inspector/native-markdown->Q0 per-page normalization->source_page marker assembly->paper.md,56,56,1,0,PAGE_LOCAL_STRICT_BOUNDARY,1,0,0,0,56,0,0,BDFE652E4DAF669C02DD8A230062040372F7FE46C0B541D261E1D830A6389A5F,derived/scale/papers/CUMCM-2018-B-004/paper.md,BDFE652E4DAF669C02DD8A230062040372F7FE46C0B541D261E1D830A6389A5F,2018年数学建模国赛真题+优秀论文/2018年优秀论文/2018B：基于 0-1 规划的单 RGV 动态调度模型.pdf,FE929769CD2910351FF17517E814D2F238D45CA08A261CA9FAE9425C8791CC30,1,1,1,1,STILL_UNRESOLVED,UNRESOLVED_MARKER_ONLY_PAGE_CONTENT_CLASSIFICATION,0,UNRESOLVED,0,0,LOW,No existing page-level source evidence establishes substantive content or a legitimate blank-page explanation; retain unresolved.
CUMCM-2018-C-002,derived/scale/papers/CUMCM-2018-C-002,2018,C,OTHER_FORMAL_DERIVED,PDF->pdf-inspector/native-markdown->Q0 per-page normalization->source_page marker assembly->paper.md,15,15,1,0,PAGE_LOCAL_STRICT_BOUNDARY,1,0,0,0,15,1,0,2DF3EA63A1E4C006F318187DD9AF70A89087EF7786A5332F190F6B65FC1600DF,derived/scale/papers/CUMCM-2018-C-002/paper.md,2DF3EA63A1E4C006F318187DD9AF70A89087EF7786A5332F190F6B65FC1600DF,2018年数学建模国赛真题+优秀论文/2018年优秀论文/2018C：大型百货商场会员画像描述.pdf,13F2064CB213F797F83BBA49F19EC22DCA83F1924B51D7AF4EC0A1759C74BF24,1,1,1,1,STILL_UNRESOLVED,UNRESOLVED_MARKER_ONLY_PAGE_CONTENT_CLASSIFICATION,0,UNRESOLVED,0,0,LOW,No existing page-level source evidence establishes substantive content or a legitimate blank-page explanation; retain unresolved.
CUMCM-2018-C-003,derived/scale/papers/CUMCM-2018-C-003,2018,C,OTHER_FORMAL_DERIVED,PDF->pdf-inspector/native-markdown->Q0 per-page normalization->source_page marker assembly->paper.md,27,27,1,0,PAGE_LOCAL_STRICT_BOUNDARY,1,0,0,0,27,1,0,91909AF98ACD1C70122CAFB384AB8E68F927C0A2D3D0A97B3203A72B01315F36,derived/scale/papers/CUMCM-2018-C-003/paper.md,91909AF98ACD1C70122CAFB384AB8E68F927C0A2D3D0A97B3203A72B01315F36,2018年数学建模国赛真题+优秀论文/2018年优秀论文/2018C：基于 RFMT 模型的百货商场会员画像描绘.pdf,8C8AD6F12EB321A51291EC8616EC087A765BB177057B0EB4D0F7B7FE1C0032CE,1,1,1,1,STILL_UNRESOLVED,UNRESOLVED_MARKER_ONLY_PAGE_CONTENT_CLASSIFICATION,0,UNRESOLVED,0,0,LOW,No existing page-level source evidence establishes substantive content or a legitimate blank-page explanation; retain unresolved.
CUMCM-2018-D-002,derived/scale/papers/CUMCM-2018-D-002,2018,D,OTHER_FORMAL_DERIVED,PDF->pdf-inspector/native-markdown->Q0 per-page normalization->source_page marker assembly->paper.md,61,61,1,0,PAGE_LOCAL_STRICT_BOUNDARY,1,0,0,0,61,0,0,E7A05FA95E6CB257EE749AB40ECCE81AF6322DE5734504AC42F7E8460C77ADCC,derived/scale/papers/CUMCM-2018-D-002/paper.md,E7A05FA95E6CB257EE749AB40ECCE81AF6322DE5734504AC42F7E8460C77ADCC,2018年数学建模国赛真题+优秀论文/2018年优秀论文/2018D：确定汽车装配顺序问题的算法.pdf,6C59EBD3A2E07B948865071E545E26B1CA5985CD2D41249E10DB390268F4A378,1,1,1,1,STILL_UNRESOLVED,UNRESOLVED_MARKER_ONLY_PAGE_CONTENT_CLASSIFICATION,0,UNRESOLVED,0,0,LOW,No existing page-level source evidence establishes substantive content or a legitimate blank-page explanation; retain unresolved.
CUMCM-2018-D-003,derived/scale/papers/CUMCM-2018-D-003,2018,D,OTHER_FORMAL_DERIVED,PDF->pdf-inspector/native-markdown->Q0 per-page normalization->source_page marker assembly->paper.md,28,28,1,0,PAGE_LOCAL_STRICT_BOUNDARY,1,0,0,0,28,1,0,7B81F60C64673BF02976FB19BFDC188CDEE3BBD8DEB3E5F3EE1EBFBFCE56229D,derived/scale/papers/CUMCM-2018-D-003/paper.md,7B81F60C64673BF02976FB19BFDC188CDEE3BBD8DEB3E5F3EE1EBFBFCE56229D,2018年数学建模国赛真题+优秀论文/2018年优秀论文/2018D：汽车总装线配置方案.pdf,C0E72628B5A316E06775A381F15293B26D0888D5676F16BC17FB051E5307E992,1,1,1,1,STILL_UNRESOLVED,UNRESOLVED_MARKER_ONLY_PAGE_CONTENT_CLASSIFICATION,0,UNRESOLVED,0,0,LOW,No existing page-level source evidence establishes substantive content or a legitimate blank-page explanation; retain unresolved.
