paper_id,artifact_set_id,repair_attempt_id,source_path,source_sha256,route_categories,repair_layer,repaired_pages,current_paper_sha256,candidate_paper_sha256,artifact_paths,artifact_hashes_before,artifact_hashes_after,requires_index_refresh,requires_g10_revalidation,status
CUMCM-1992-A-001,derived/scale/papers/CUMCM-1992-A-001,20260905T045418589698Z_557724fba657,1992年数学建模国赛优秀论文/1992年A题优秀论文③ 施肥效果分析.pdf,F784800B2EE0929904DA04B05C302B0E68D299A70818956AB615EE8D98DD6F2B,MARKER_ONLY_EXISTING_TRUSTED_TEXT_RECONSTRUCTION,G11_MARKER_ONLY_PAGE_LOCAL_FORMAL_BODY,1,6D45B274DAC003D8F877953199BDDA67DE1BB71644F115208DB1E8E34A9CB7C2,153BC44E97CF4BAF2944059396BBDF0AF9B037E11720B77034F4C62A79049113,derived/scale/papers/CUMCM-1992-A-001/paper.md;derived/scale/papers/CUMCM-1992-A-001/metadata.yaml;derived/scale/papers/CUMCM-1992-A-001/knowledge_card.md,6D45B274DAC003D8F877953199BDDA67DE1BB71644F115208DB1E8E34A9CB7C2;2773A4254A5290E79E12EB65618D35021DED2C5DE982EF176CD68AF582C2CD4C;6B9411329D77B34EC06E11C1B72FD54C334081F0AEF5B3EB973F5C48A04A2B3A,153BC44E97CF4BAF2944059396BBDF0AF9B037E11720B77034F4C62A79049113;5D5DF9B182B9B3DE24E36863312F2E763501CA7E7DFCF1166BBEBB68D26AE66A;3E90D934C5EC519735903D36A1C31A4384CF5B75F60F478FE98712ACCC19915C,1,1,READY_FOR_G9_REFRESH
CUMCM-1992-A-002,derived/scale/papers/CUMCM-1992-A-002,20260905T045418589698Z_557724fba657,1992年数学建模国赛优秀论文/1992年A题优秀论文② 施肥方案对作物蔬菜的影响.pdf,65FB38A666A49FAC5A672F2B21BC8BC21DF5325A0D42E4BF6C7FB2E7D6CC74B7,MARKER_ONLY_DIAGNOSTIC_OCR_REUSE,G11_MARKER_ONLY_PAGE_LOCAL_FORMAL_BODY,1;2;3;4;5;6,3556B4100929F4D56319AA760B104EE0CA947F3D5B03F13F7A0DF601179225BE,8D3FD720ADF4F2F336E07CA157326B8BEB0B8FB13444FBB81274C30554642F05,derived/scale/papers/CUMCM-1992-A-002/paper.md;derived/scale/papers/CUMCM-1992-A-002/metadata.yaml;derived/scale/papers/CUMCM-1992-A-002/knowledge_card.md,3556B4100929F4D56319AA760B104EE0CA947F3D5B03F13F7A0DF601179225BE;063EADE190C2DE02A583B256C000A159A7CC7E962C24444C7A971E62115C742A;D446B23845084B70A7D688F0EDD4BAE92C03023E930E2D18D560D9C20B61CB83,8D3FD720ADF4F2F336E07CA157326B8BEB0B8FB13444FBB81274C30554642F05;727FCFE358B5C521CC440BCCCE496102CDEC6DC5F680837381AB219DC8BE914A;364D697082EB55518A252AB92F6EF99F9D9CEA32E302AF5E2E3C295319C352F8,1,1,READY_FOR_G9_REFRESH
CUMCM-1992-A-003,derived/scale/papers/CUMCM-1992-A-003,20260905T045418589698Z_557724fba657,1992年数学建模国赛优秀论文/1992年A题优秀论文③ 关于非线性交调的频率设计的评注.pdf,F24E48AE1113A02C6ADCF3339392D8B2C9A1449BE1A64FB2DE3D8543A8066E12,DOC_EXISTING_EXTRACTION_RECONSTRUCTION;MARKER_ONLY_DIAGNOSTIC_OCR_REUSE,G11_MARKER_ONLY_PAGE_LOCAL_FORMAL_BODY,1;2;3;4;5,1D9182549363CD07A8F3D657C2AD60D5197D3991577AD22ACB1BFC0A2C456E59,B537B4905E726561A593EFECC57A16E22F7923DAED30A910BB1BFB28A545DEFC,derived/scale/papers/CUMCM-1992-A-003/paper.md;derived/scale/papers/CUMCM-1992-A-003/metadata.yaml;derived/scale/papers/CUMCM-1992-A-003/knowledge_card.md,1D9182549363CD07A8F3D657C2AD60D5197D3991577AD22ACB1BFC0A2C456E59;FC84A5087668D2840A31204F479CD82421B19371D1241CCA6C9EF5BA1521D388;83B7793FA64668294E4F6C940B2C0558A9AE36CE6B7F83F66F66151EB4F8944D,B537B4905E726561A593EFECC57A16E22F7923DAED30A910BB1BFB28A545DEFC;29EABE25505329526896D20E19175458BC9B39563A8ED488275B702B9AF4FD24;DAD0FE053E1FC48829399CE768AF836BE424E9389B9EACF8B95D0EEEF92013D4,1,1,READY_FOR_G9_REFRESH
CUMCM-1992-B-001,derived/scale/papers/CUMCM-1992-B-001,20260905T045418589698Z_557724fba657,1992年数学建模国赛优秀论文/1992年B题优秀论文③ 关于蛋白质氨基酸的组合问题的评注.pdf,9EB60530CF596149C54862AABBBB732ABD9D095267273BEF5682EB79AEE2D99A,MARKER_ONLY_DIAGNOSTIC_OCR_REUSE,G11_MARKER_ONLY_PAGE_LOCAL_FORMAL_BODY,1;2,96063CBA314A4F2CBA5DBE2319045D111F6D07789F83372C519D124C7AA4C1B2,A72BC9B6EC33CDC102DBFFC2F3BD36D462CA56EED117F8D1B94F9E0A902EA47C,derived/scale/papers/CUMCM-1992-B-001/paper.md;derived/scale/papers/CUMCM-1992-B-001/metadata.yaml;derived/scale/papers/CUMCM-1992-B-001/knowledge_card.md,96063CBA314A4F2CBA5DBE2319045D111F6D07789F83372C519D124C7AA4C1B2;93B12BB8E8769923C76875B9FD3CD1B1519EEF883A697653F68F584FF7B9730F;91D28CC35E5F8E17F97D118E90F44955BB3D344D574CDE944094F90FDAFE2660,A72BC9B6EC33CDC102DBFFC2F3BD36D462CA56EED117F8D1B94F9E0A902EA47C;D89E385A524727E9B571F04583085626EE73C64341588B4D3FEFF2021FD89D59;105AD114668E1A8B00CFD63817F0D92F0DA83D4EB71DDBE12C9B7D93ECB91D88,1,1,READY_FOR_G9_REFRESH
CUMCM-1992-B-002,derived/scale/papers/CUMCM-1992-B-002,20260905T045418589698Z_557724fba657,1992年数学建模国赛优秀论文/1992年B题优秀论文② 蛋白质氨基酸的组合问题.pdf,13312C02679947C9D2BD21B401E39EF740B095171B68E3302F7A7505B9BCBB99,MARKER_ONLY_DIAGNOSTIC_OCR_REUSE,G11_MARKER_ONLY_PAGE_LOCAL_FORMAL_BODY,1;2;3;4;5;6;7;8;9,1C2FC324063A906FF208763D2826E0A769B059290333B0542241C22CD9C91DE8,75CC7CAC153691342DBFFD96C8A62E10C1F35E44413E40BF46643AF53E6C6DBE,derived/scale/papers/CUMCM-1992-B-002/paper.md;derived/scale/papers/CUMCM-1992-B-002/metadata.yaml;derived/scale/papers/CUMCM-1992-B-002/knowledge_card.md,1C2FC324063A906FF208763D2826E0A769B059290333B0542241C22CD9C91DE8;E35ECA780AFE24C15F5FA54827463D58E5E2FA9B1576C8DF6E2814CDE43CC194;3F0AD73759D2C95324492FBB7960F3E6A0BC40A89D154E9F8DFED0E2A3759CC4,75CC7CAC153691342DBFFD96C8A62E10C1F35E44413E40BF46643AF53E6C6DBE;9914BD67BA87F88AA198B951BEA358D3A924DFD4E7D0F0BE585ECED8446B540B;88776A0131F05E24F15D891E63FC81C8F062EF43CFE4976108193878B7D2A6E3,1,1,READY_FOR_G9_REFRESH
CUMCM-1993-B-001,derived/scale/papers/CUMCM-1993-B-001,20260905T045418589698Z_557724fba657,1993年数学建模国赛真题+优秀论文/1993年国赛优秀论文/1993年B题优秀论文② 足球排名次问题.pdf,9754E4494E59EC79D460387BED3D9B8D8E2B915DCF9E192E7E1DD363F0086EDA,DOC_EXISTING_EXTRACTION_RECONSTRUCTION,G11_MARKER_ONLY_PAGE_LOCAL_FORMAL_BODY,1;2,96063CBA314A4F2CBA5DBE2319045D111F6D07789F83372C519D124C7AA4C1B2,A5B822F55F4D8F254D78C8256213B1BCEC17A3CA617486EEEEF5D1194CB2FFC9,derived/scale/papers/CUMCM-1993-B-001/paper.md;derived/scale/papers/CUMCM-1993-B-001/metadata.yaml;derived/scale/papers/CUMCM-1993-B-001/knowledge_card.md,96063CBA314A4F2CBA5DBE2319045D111F6D07789F83372C519D124C7AA4C1B2;C795F1371E5EBFB9546FC7E689B24326B1DA3E9D9856350CCE061A0080D44723;2BAD501084A2859486F5C61E68E0E25D49B1969DE58542335581323EE3F87C56,A5B822F55F4D8F254D78C8256213B1BCEC17A3CA617486EEEEF5D1194CB2FFC9;8D633856715A1CCD307AA73789DBBB6F25801F7023471AA6FA318B6572B05B66;A5C5210B5EEFBA3165C973B2594C668C9E5BB6ADDA6A3E1E31A3E966065869FE,1,1,READY_FOR_G9_REFRESH
CUMCM-1996-B-001,derived/scale/papers/CUMCM-1996-B-001,20260905T045418589698Z_557724fba657,1996年数学建模国赛真题+优秀论文/1996年国赛优秀论文/1996B：节水洗衣机问题数学建模及若干评注.pdf,6EF9201798BF3E216638A2B044038F05712CE4507B9E00192554895DC96D4278,DOC_EXISTING_EXTRACTION_RECONSTRUCTION;MARKER_ONLY_DIAGNOSTIC_OCR_REUSE,G11_MARKER_ONLY_PAGE_LOCAL_FORMAL_BODY,1;2;3;4;5,1D9182549363CD07A8F3D657C2AD60D5197D3991577AD22ACB1BFC0A2C456E59,C0E0C7FB83EF4607F0545A1D026AD455AB54F15DD405A38DD5D6654B44C00E62,derived/scale/papers/CUMCM-1996-B-001/paper.md;derived/scale/papers/CUMCM-1996-B-001/metadata.yaml;derived/scale/papers/CUMCM-1996-B-001/knowledge_card.md,1D9182549363CD07A8F3D657C2AD60D5197D3991577AD22ACB1BFC0A2C456E59;F3A6103C25336756BD6465585E9610D55892EDA2D072EE642AFBD777558F72A2;D7A04AB3DC919E33562FF156C2C11B160CC9B6B8EE42F6A4B96AE9284217A869,C0E0C7FB83EF4607F0545A1D026AD455AB54F15DD405A38DD5D6654B44C00E62;B6704DD016E16DC9B0738A4231E950DCC0A89B0102CF550C09A1DC03D36FBF3F;F29156CD6B4F81E411E7753598FD2080C99E4CFDA84A988E1CA30B568FF3B0CA,1,1,READY_FOR_G9_REFRESH
CUMCM-1996-B-003,derived/scale/papers/CUMCM-1996-B-003,20260905T045418589698Z_557724fba657,1996年数学建模国赛真题+优秀论文/1996年国赛优秀论文/1996B：节水洗衣机的设计.pdf,96257EB5FD8EE017CBE33AAD705C4451E444DAEF10172DBA9DC2C8E3F20533CC,MARKER_ONLY_DIAGNOSTIC_OCR_REUSE;MARKER_ONLY_EXISTING_TRUSTED_TEXT_RECONSTRUCTION,G11_MARKER_ONLY_PAGE_LOCAL_FORMAL_BODY,1;2;3;4,747914D495F481AEA94B89B6481B5B807695DFAC4C1C281DE639E2F58A4F0997,C1B28D37714CAC71CE928142CFAB44A01320944B556D5465191EA3C1A9E5DA9D,derived/scale/papers/CUMCM-1996-B-003/paper.md;derived/scale/papers/CUMCM-1996-B-003/metadata.yaml;derived/scale/papers/CUMCM-1996-B-003/knowledge_card.md,747914D495F481AEA94B89B6481B5B807695DFAC4C1C281DE639E2F58A4F0997;2A06CDABCA76F8D15FC639A2F4ACD38A4BDB8F81B3FC418937F6605E4B982231;A3DF066B74B81310C316C181A3D7E0203A9A45B80CFFF0329B44AA6364D8F2DA,C1B28D37714CAC71CE928142CFAB44A01320944B556D5465191EA3C1A9E5DA9D;1F6F9D85CEB50A7DA8B6EA9137ED1889A7D5AEEDB14372DD7D828EADD37D3539;FE8C23F92859D32A79B0C1546C3EE68AEDAFF115244EA38DFEF24DAD3D9CD36C,1,1,READY_FOR_G9_REFRESH
CUMCM-1997-A-008,derived/scale/papers/CUMCM-1997-A-008,20260905T045418589698Z_557724fba657,1997年数学建模国赛真题+优秀论文/1997年国赛优秀论文/1997A：零件的参数设计(1).pdf,7CE89B136265005FB597C7886D441E66504DB71F07101F0F67BC3B94C4543948,DOC_EXISTING_EXTRACTION_RECONSTRUCTION;MARKER_ONLY_DIAGNOSTIC_OCR_REUSE,G11_MARKER_ONLY_PAGE_LOCAL_FORMAL_BODY,1;2;3;4;5,1D9182549363CD07A8F3D657C2AD60D5197D3991577AD22ACB1BFC0A2C456E59,B222A793AF8346A5E568837E9D9BC95B69DBC29AFA500759EE26E9CAD53AAB66,derived/scale/papers/CUMCM-1997-A-008/paper.md;derived/scale/papers/CUMCM-1997-A-008/metadata.yaml;derived/scale/papers/CUMCM-1997-A-008/knowledge_card.md,1D9182549363CD07A8F3D657C2AD60D5197D3991577AD22ACB1BFC0A2C456E59;A454BA4E5ACF8B22601987B069178023F8A8024C99EA479593EBDA2F690883A4;659816B33678CDE1DAA547E28B4F852C60806C840B97BC1C50422ED841542463,B222A793AF8346A5E568837E9D9BC95B69DBC29AFA500759EE26E9CAD53AAB66;E42AAA701192EBE152967FDBCB7EA9DB6390C2C2C52974F5F4105AB3A8F08EC8;387A5AF8E4C96CD0A69D74B5D4E1D2C33DCEE31FE571359580A5FEDE40AA2537,1,1,READY_FOR_G9_REFRESH
CUMCM-1997-A-009,derived/scale/papers/CUMCM-1997-A-009,20260905T045418589698Z_557724fba657,1997年数学建模国赛真题+优秀论文/1997年国赛优秀论文/1997A：关于零件参数问题的建模.pdf,FF068F978532B4A37B625C35EFCBF72E2BBD2EFDA2638E93BD0D77B8483EA314,MARKER_ONLY_DIAGNOSTIC_OCR_REUSE;MARKER_ONLY_EXISTING_TRUSTED_TEXT_RECONSTRUCTION,G11_MARKER_ONLY_PAGE_LOCAL_FORMAL_BODY,1;2;3;4;5,1D9182549363CD07A8F3D657C2AD60D5197D3991577AD22ACB1BFC0A2C456E59,A75811B1D4763377692C5760EB7C8A9E545759D1652BA717C8012BB2704C65B7,derived/scale/papers/CUMCM-1997-A-009/paper.md;derived/scale/papers/CUMCM-1997-A-009/metadata.yaml;derived/scale/papers/CUMCM-1997-A-009/knowledge_card.md,1D9182549363CD07A8F3D657C2AD60D5197D3991577AD22ACB1BFC0A2C456E59;62F66090FE77986ED17BEC0E33A6E40FD34DABD561FF05FD6D821B9DF09777B9;322B3D882689646F06E4953E0EFBAE6197DBF1BE075EAE76429D9341AFDCDD6C,A75811B1D4763377692C5760EB7C8A9E545759D1652BA717C8012BB2704C65B7;F07AB77E32EA4F091E70B443F483B54A6720EF74B0E052C57E22C5EEB986E32B;5D09F8220F26C3E2BF4859740F515AB38C16522FF5F7510D3E0072616A4C60BE,1,1,READY_FOR_G9_REFRESH
CUMCM-1997-B-004,derived/scale/papers/CUMCM-1997-B-004,20260905T045418589698Z_557724fba657,1997年数学建模国赛真题+优秀论文/1997年国赛优秀论文/1997B：截断切割优化模型.pdf,5311A39013A7C9EB84307250394CABC5B7226BA33D38B07CD52D416354F63569,MARKER_ONLY_DIAGNOSTIC_OCR_REUSE,G11_MARKER_ONLY_PAGE_LOCAL_FORMAL_BODY,1;2;3;4;5;6,3556B4100929F4D56319AA760B104EE0CA947F3D5B03F13F7A0DF601179225BE,2665733208DFAEBB270B0CEE3E17798FF5D8537FB846747CF4356E6C238D86F5,derived/scale/papers/CUMCM-1997-B-004/paper.md;derived/scale/papers/CUMCM-1997-B-004/metadata.yaml;derived/scale/papers/CUMCM-1997-B-004/knowledge_card.md,3556B4100929F4D56319AA760B104EE0CA947F3D5B03F13F7A0DF601179225BE;22520813361D3AA686E2C28C770B63DB74EDF74750AD4746EE7A6524B3B058B2;761508BF2E7C3A74D60EF139C11B4D4AA0C4AD9C794A67258C1192BFACDF92B2,2665733208DFAEBB270B0CEE3E17798FF5D8537FB846747CF4356E6C238D86F5;633CBCBF45870B4083A9798939EDD7B922B0E267BD57CE4ED98923BBA431B806;33DF2306382B7B973999DA06733C98001061B0C6C018769F02E113BE94AB3607,1,1,READY_FOR_G9_REFRESH
CUMCM-1997-B-007,derived/scale/papers/CUMCM-1997-B-007,20260905T045418589698Z_557724fba657,1997年数学建模国赛真题+优秀论文/1997年国赛优秀论文/1997B：长方体材料截断切割的优化设计.pdf,E2A86C0188B188DB135A87DD41AF498679DC95D2D6931A2CF18E554CC05A6635,MARKER_ONLY_DIAGNOSTIC_OCR_REUSE,G11_MARKER_ONLY_PAGE_LOCAL_FORMAL_BODY,1;2;3;4;5;6,3556B4100929F4D56319AA760B104EE0CA947F3D5B03F13F7A0DF601179225BE,29F0CA9A2D5051B18DE203CB87A810C5FEF21F1DF88884934E2E9536C792F823,derived/scale/papers/CUMCM-1997-B-007/paper.md;derived/scale/papers/CUMCM-1997-B-007/metadata.yaml;derived/scale/papers/CUMCM-1997-B-007/knowledge_card.md,3556B4100929F4D56319AA760B104EE0CA947F3D5B03F13F7A0DF601179225BE;E15FE9026FDC97197CFDF081121F3AF937DAB610FFFF816048DBB017DF97CAE6;7C4DB6B62E2E3CEBBE8058EDC7A1E2D76E74F3D2E5C4D1ACE1B941EB77A42A4E,29F0CA9A2D5051B18DE203CB87A810C5FEF21F1DF88884934E2E9536C792F823;5F0462471E004C002F46AD8D7237E01A45E37A43B752545086EB4E914F4FDB61;BBDD8E7322BCDB099571E3DE8D8C501F53AA0255D7D63448FC2E3FC0229BAB06,1,1,READY_FOR_G9_REFRESH
CUMCM-1998-A-001,derived/scale/papers/CUMCM-1998-A-001,20260905T045418589698Z_557724fba657,1998年数学建模国赛真题+优秀论文/1998年国赛优秀论文/1998A：投资收益与风险的优化模型.pdf,4A2874E66796AC3E5CEF35A48C2A4BB0E73094E824DE2335C0091F86EE51AC27,MARKER_ONLY_EXISTING_TRUSTED_TEXT_RECONSTRUCTION,G11_MARKER_ONLY_PAGE_LOCAL_FORMAL_BODY,1;2,96063CBA314A4F2CBA5DBE2319045D111F6D07789F83372C519D124C7AA4C1B2,1FCB373E9141F088299B68B17C91B058B69444E195C0FDB167FC3B1857FA6F08,derived/scale/papers/CUMCM-1998-A-001/paper.md;derived/scale/papers/CUMCM-1998-A-001/metadata.yaml;derived/scale/papers/CUMCM-1998-A-001/knowledge_card.md,96063CBA314A4F2CBA5DBE2319045D111F6D07789F83372C519D124C7AA4C1B2;048578CE384E328507C22FA67AA712811355EE98EBD9DA53C7111A8F987BB936;03E378ABFD26572CEEAB3983E7EB0A1DC18ACC764CBFD41030DB870EBF97DE80,1FCB373E9141F088299B68B17C91B058B69444E195C0FDB167FC3B1857FA6F08;0525B229ABC4A09B27376EF266EAC47DBC8AE802C9767A46A60A7AA2A140568B;FF33AC0FD6556ADCAE624431EB8EE9A0235BE96BD70F4C0678AB03A8FDE0B8DD,1,1,READY_FOR_G9_REFRESH
CUMCM-1998-A-005,derived/scale/papers/CUMCM-1998-A-005,20260905T045418589698Z_557724fba657,1998年数学建模国赛真题+优秀论文/1998年国赛优秀论文/1998A：一类投资组合问题的建模与分析.pdf,ED7FFCBFAD82E9A6746032B986638F063D7AD9C1B7B155C0A773707C602297BB,MARKER_ONLY_DIAGNOSTIC_OCR_REUSE,G11_MARKER_ONLY_PAGE_LOCAL_FORMAL_BODY,1;2;3;4;5,1D9182549363CD07A8F3D657C2AD60D5197D3991577AD22ACB1BFC0A2C456E59,08B58F102F39377C2258D57B4BA5C1F0150673558F3A6932907D3F15CBA5AC58,derived/scale/papers/CUMCM-1998-A-005/paper.md;derived/scale/papers/CUMCM-1998-A-005/metadata.yaml;derived/scale/papers/CUMCM-1998-A-005/knowledge_card.md,1D9182549363CD07A8F3D657C2AD60D5197D3991577AD22ACB1BFC0A2C456E59;D48B85541435F4EF9700DD9170EF2C754D79B7419FC5F1F3F36BFD0A97CE8608;FA15AD6E33A8806E5913588B69AB486659936B9E9EDBC85B04174C16523574F4,08B58F102F39377C2258D57B4BA5C1F0150673558F3A6932907D3F15CBA5AC58;BE2307704A6277D6F61A5C32E1459489F08A50D3FBF153796908CE42F2295BB8;DBE47AF356C86DADF36ABEDBC39AA684D3CA4EC460BBF53F806F2FF22065C014,1,1,READY_FOR_G9_REFRESH
CUMCM-1998-A-007,derived/scale/papers/CUMCM-1998-A-007,20260905T045418589698Z_557724fba657,1998年数学建模国赛真题+优秀论文/1998年国赛优秀论文/1998A：投资组合与模糊规划模型.pdf,9916DF219AE450DE559416FC928BC4DF0EE7FCB63B13887739C487F561D04B30,DOC_EXISTING_EXTRACTION_RECONSTRUCTION;MARKER_ONLY_DIAGNOSTIC_OCR_REUSE,G11_MARKER_ONLY_PAGE_LOCAL_FORMAL_BODY,1;2;3;4;5,1D9182549363CD07A8F3D657C2AD60D5197D3991577AD22ACB1BFC0A2C456E59,34FFD0C7AF3CCAEA34794C03CC2D9EA755C84976D568974A83B0E6C37C3BE72C,derived/scale/papers/CUMCM-1998-A-007/paper.md;derived/scale/papers/CUMCM-1998-A-007/metadata.yaml;derived/scale/papers/CUMCM-1998-A-007/knowledge_card.md,1D9182549363CD07A8F3D657C2AD60D5197D3991577AD22ACB1BFC0A2C456E59;2051DDDD8F24CF4B5F6972C5ABD6C28694488E2F8AF25B84065EB46C9F8E2242;FCF2ACC52F294DD1541E2A674F01A86E3F440AD4E48CE652754EB7D987E17128,34FFD0C7AF3CCAEA34794C03CC2D9EA755C84976D568974A83B0E6C37C3BE72C;34407E74F32F428B8779E2C65DFAC9D9FA6F03F601DCC8C826C21ABAB78FC566;3A3BF8A63722CB9237B4813EB55E767681EA5D8BCC94DD257521D133D0C8A2D7,1,1,READY_FOR_G9_REFRESH
CUMCM-1998-A-008,derived/scale/papers/CUMCM-1998-A-008,20260905T045418589698Z_557724fba657,1998年数学建模国赛真题+优秀论文/1998年国赛优秀论文/1998A：风险投资组合的线性规划模型.pdf,80B961D364E4583CD89574C3B52804FDB1137CF8A1AB6F401A3995DCB99ECED2,MARKER_ONLY_DIAGNOSTIC_OCR_REUSE,G11_MARKER_ONLY_PAGE_LOCAL_FORMAL_BODY,1;2;3;4,747914D495F481AEA94B89B6481B5B807695DFAC4C1C281DE639E2F58A4F0997,EFED89D3382F33CE773EB21AFF1D87313B07685B9BDF06A2E329DAC245555150,derived/scale/papers/CUMCM-1998-A-008/paper.md;derived/scale/papers/CUMCM-1998-A-008/metadata.yaml;derived/scale/papers/CUMCM-1998-A-008/knowledge_card.md,747914D495F481AEA94B89B6481B5B807695DFAC4C1C281DE639E2F58A4F0997;6A15C790D0C89CA55E68BD6CC38F7CD8413C3CE597A19CAD74175CC5E5F63341;6640E38AA648E19AB5F6A5B2B0E31D9C1E953018EBF1E63D41B35BED3CBB23C2,EFED89D3382F33CE773EB21AFF1D87313B07685B9BDF06A2E329DAC245555150;46F8722C3799C4E3FDFF3222E7CEC9C13AB9599CCEC7AED600439970C937FD24;6183037EC5F45D058D803A1C6E3CE78226BB4E491BF2118385C24AC8EEAB475B,1,1,READY_FOR_G9_REFRESH
CUMCM-1998-B-001,derived/scale/papers/CUMCM-1998-B-001,20260905T045418589698Z_557724fba657,1998年数学建模国赛真题+优秀论文/1998年国赛优秀论文/1998B：灾情巡视路线的设计.pdf,B4EC3677E59F66CF1C7673756505949CE68621D3DF90864635B908B73CF92AA5,MARKER_ONLY_DIAGNOSTIC_OCR_REUSE,G11_MARKER_ONLY_PAGE_LOCAL_FORMAL_BODY,1;2;3;4;5;6;7,845EAC42B8D7C797245E742A556F6F7B87F8594979C758FB43031CD6D48DB563,92106AF3F5F80A13F58C52542F1BB5B4D9166643720EDC0B1EE98AEF41C360AB,derived/scale/papers/CUMCM-1998-B-001/paper.md;derived/scale/papers/CUMCM-1998-B-001/metadata.yaml;derived/scale/papers/CUMCM-1998-B-001/knowledge_card.md,845EAC42B8D7C797245E742A556F6F7B87F8594979C758FB43031CD6D48DB563;02F2F375C48EDFBC8CE8B1F29381EC609CD2D56410C4BCC6C6851BF98CFD8DAC;3C9CC2BEAF21C98A3956E29EACD80BEF48BCC5AD6E0472566E4763A1CAC3E915,92106AF3F5F80A13F58C52542F1BB5B4D9166643720EDC0B1EE98AEF41C360AB;13EF19A46825E7A190B4B3A8258C25EBE60AC0D506FBB104FBE07038D74870CA;02173D458C03739A14E80C4D6E4134FBF3C77B51B93FBFCAEE7EB7A87EE9F63E,1,1,READY_FOR_G9_REFRESH
CUMCM-1998-B-002,derived/scale/papers/CUMCM-1998-B-002,20260905T045418589698Z_557724fba657,1998年数学建模国赛真题+优秀论文/1998年国赛优秀论文/1998B：灾情巡视路线最优解的证明.pdf,AEA77C1928F637D91DEE5F427617A3930BAAC6EFD41FE5560427E03531CBC457,MARKER_ONLY_DIAGNOSTIC_OCR_REUSE,G11_MARKER_ONLY_PAGE_LOCAL_FORMAL_BODY,1;2;3;4,747914D495F481AEA94B89B6481B5B807695DFAC4C1C281DE639E2F58A4F0997,3A097FA8E144DE6EFD1E87EF5CAAC7F7B532236558AB3D5B2228989B6716AA60,derived/scale/papers/CUMCM-1998-B-002/paper.md;derived/scale/papers/CUMCM-1998-B-002/metadata.yaml;derived/scale/papers/CUMCM-1998-B-002/knowledge_card.md,747914D495F481AEA94B89B6481B5B807695DFAC4C1C281DE639E2F58A4F0997;B1CB439FE5CFE23C5854F701CF13E8D7B7E03D9C9850E43101ECFBDEC0A905FD;AF87601A37D68E7452D1A8B641B8299A9FC95358C639980FE25904A1A1E68BDB,3A097FA8E144DE6EFD1E87EF5CAAC7F7B532236558AB3D5B2228989B6716AA60;FBEE76C4EEBA59FBF2EC273FF6F3786F8CE24C278C71048F51950BFA58AA5DCF;F8BEE19FB888CEADE886C924EE13E4B024E988967ADBD2EE56EBE06BE974504D,1,1,READY_FOR_G9_REFRESH
CUMCM-1998-B-003,derived/scale/papers/CUMCM-1998-B-003,20260905T045418589698Z_557724fba657,1998年数学建模国赛真题+优秀论文/1998年国赛优秀论文/1998B：灾情巡视的最佳路线.pdf,196EAF403EC3725632273A716DD2D9A4EABF8D108FFA44730D57631A553B117D,MARKER_ONLY_DIAGNOSTIC_OCR_REUSE,G11_MARKER_ONLY_PAGE_LOCAL_FORMAL_BODY,1;2;3;4;5,1D9182549363CD07A8F3D657C2AD60D5197D3991577AD22ACB1BFC0A2C456E59,02148AAFBAA725949392C1846C3DDFD39D19E59AF21CDA58167C7221C9ED36F7,derived/scale/papers/CUMCM-1998-B-003/paper.md;derived/scale/papers/CUMCM-1998-B-003/metadata.yaml;derived/scale/papers/CUMCM-1998-B-003/knowledge_card.md,1D9182549363CD07A8F3D657C2AD60D5197D3991577AD22ACB1BFC0A2C456E59;5B87869AA534EBE33A985C6DBD85E6F7F2AE7CDCA2159E1DD558563F0D3D7659;9D6626C93A4D6F199168F67ABB8C2C723B06724325E8778BA237BCD4D7653A6A,02148AAFBAA725949392C1846C3DDFD39D19E59AF21CDA58167C7221C9ED36F7;464B6FE5A96747BF80CAD91053D913C62287164201B605E28D8D2448C6C2E159;23C6D633983EA4B650475A2407B91C15BA1F8215D59FB92D5F5F208AC0312124,1,1,READY_FOR_G9_REFRESH
CUMCM-1998-B-004,derived/scale/papers/CUMCM-1998-B-004,20260905T045418589698Z_557724fba657,1998年数学建模国赛真题+优秀论文/1998年国赛优秀论文/1998B：灾情巡视路线寻优模型.pdf,1E452CF804FF317B9CAEB58EFEE88F69BE0C2BAB1F78613962DA4EA6E4147D2B,MARKER_ONLY_DIAGNOSTIC_OCR_REUSE,G11_MARKER_ONLY_PAGE_LOCAL_FORMAL_BODY,1;2;3;4;5;6,3556B4100929F4D56319AA760B104EE0CA947F3D5B03F13F7A0DF601179225BE,96EF7E52BB27618771BD84FA957A580CD0ABD49531356AEA367E7B26998CB5C1,derived/scale/papers/CUMCM-1998-B-004/paper.md;derived/scale/papers/CUMCM-1998-B-004/metadata.yaml;derived/scale/papers/CUMCM-1998-B-004/knowledge_card.md,3556B4100929F4D56319AA760B104EE0CA947F3D5B03F13F7A0DF601179225BE;E988437BC9B604EC859E302A76AFEAC8E895AC994EF63E4A5DAD414EE234A059;CB3F8C91CFC85F20ACA647E36B52B00CD9B725FB2EFC65F9E5ABCFA3EE0D6869,96EF7E52BB27618771BD84FA957A580CD0ABD49531356AEA367E7B26998CB5C1;DC9057C1BBA2087626416B838CAF7D29884D74AA49357638E61ABE3E094980B9;3CD2E57625038F931119E421B0E12FB7AE000ABF19A057F8B34944965B655F1B,1,1,READY_FOR_G9_REFRESH
CUMCM-1998-B-005,derived/scale/papers/CUMCM-1998-B-005,20260905T045418589698Z_557724fba657,1998年数学建模国赛真题+优秀论文/1998年国赛优秀论文/1998B：最佳灾情巡视路线的数学模型.pdf,E9AC74ACABE68FB0BCBFAAACD49EEB9AB7D4DFDD9323F5DA9EF87F34C196B65D,MARKER_ONLY_DIAGNOSTIC_OCR_REUSE,G11_MARKER_ONLY_PAGE_LOCAL_FORMAL_BODY,1;2;3;4;5;6;7;8;9;10,D2C2B9A9C3053CBA6E8268335CA5BE7D0214F512AC81C7C8AE6302E692F1088E,6C1D1AD2B0A75FD45235DAAD7660CF235D1D80EEBB6AC568F1ED8BEA6B209C95,derived/scale/papers/CUMCM-1998-B-005/paper.md;derived/scale/papers/CUMCM-1998-B-005/metadata.yaml;derived/scale/papers/CUMCM-1998-B-005/knowledge_card.md,D2C2B9A9C3053CBA6E8268335CA5BE7D0214F512AC81C7C8AE6302E692F1088E;214096323BCC5DBCD932D72C847AB84DD0ACE3E52B8738CBFDE1E12B553714D5;5E7D71B08F9F36C003517FE8B67CAD82B74CB53A9981DBC2F56AC9427AADBA3E,6C1D1AD2B0A75FD45235DAAD7660CF235D1D80EEBB6AC568F1ED8BEA6B209C95;F476CE9C96F9D0934D679952254469FA2F9244847E0B9B5B95388704B6A02A05;8DEEF50C4765AE01E3A95B8A4EE56A6839C23B37AB4AC604DD5F63DFB757C528,1,1,READY_FOR_G9_REFRESH
CUMCM-1998-B-006,derived/scale/papers/CUMCM-1998-B-006,20260905T045418589698Z_557724fba657,1998年数学建模国赛真题+优秀论文/1998年国赛优秀论文/1998B：灾情巡视的最佳路线_节选_.pdf,A233A55AAA928E3572AB8F4884C44A712D7809725DFB7C4724E9A55959EE6510,MARKER_ONLY_DIAGNOSTIC_OCR_REUSE,G11_MARKER_ONLY_PAGE_LOCAL_FORMAL_BODY,1,6D45B274DAC003D8F877953199BDDA67DE1BB71644F115208DB1E8E34A9CB7C2,160D6E8820BE91913873F05ABF0A0BEE54FF079A5F90E5E048B10D6DA7675E9B,derived/scale/papers/CUMCM-1998-B-006/paper.md;derived/scale/papers/CUMCM-1998-B-006/metadata.yaml;derived/scale/papers/CUMCM-1998-B-006/knowledge_card.md,6D45B274DAC003D8F877953199BDDA67DE1BB71644F115208DB1E8E34A9CB7C2;BD0FBCFA5F14FB94C9A25C353D31592B01B081BFFD6BD93DA866B409DCA13BA2;04D89491A6E2A388823FD929653B115645C3BD1A0DED17E7F686D061A4267D7D,160D6E8820BE91913873F05ABF0A0BEE54FF079A5F90E5E048B10D6DA7675E9B;BF8BE7A25435B56793C025BCC716DB293C436F147A9F3D668C1607AE3C969F6C;418584454CADAFF4E7EA2AAE6BC078B1722B7E6EDAF02715E704AF7986365E1E,1,1,READY_FOR_G9_REFRESH
CUMCM-1999-A-001,derived/scale/papers/CUMCM-1999-A-001,20260905T045418589698Z_557724fba657,1999年数学建模国赛真题+优秀论文/1999年国赛优秀论文/1999A：自动化车床管理的数学模型.pdf,0DA82270F0514BF9479127F148DA63F3BBDA07BECBC62759C5ABFF83D3100148,MARKER_ONLY_DIAGNOSTIC_OCR_REUSE,G11_MARKER_ONLY_PAGE_LOCAL_FORMAL_BODY,1;2;3;4,747914D495F481AEA94B89B6481B5B807695DFAC4C1C281DE639E2F58A4F0997,C3BA053C4D22480D3215A11B8003624A8DD7517A8531A4A770DAB020CCB0A71A,derived/scale/papers/CUMCM-1999-A-001/paper.md;derived/scale/papers/CUMCM-1999-A-001/metadata.yaml;derived/scale/papers/CUMCM-1999-A-001/knowledge_card.md,747914D495F481AEA94B89B6481B5B807695DFAC4C1C281DE639E2F58A4F0997;6B1AF5C9C1279F1A9825A3B2A13FF83F557A4D3B59EE0110CF219989FB4EF0C6;5AB544B3596AA16F051100E16B41FF3060E4E3BDECC5F72575986E71FC8F32D2,C3BA053C4D22480D3215A11B8003624A8DD7517A8531A4A770DAB020CCB0A71A;6CBF38A16E50083A1D78D19365A1437987AFFF7872BBC897A7517B1FAFFAF68C;D19137EA7DD925EDF788C2AF3F889EC2D9F5B3FA8AD02214D8518C705D3F5164,1,1,READY_FOR_G9_REFRESH
CUMCM-1999-A-002,derived/scale/papers/CUMCM-1999-A-002,20260905T045418589698Z_557724fba657,1999年数学建模国赛真题+优秀论文/1999年国赛优秀论文/1999A：车床管理优化模型.pdf,A22C580A257A249994051B719AE2391F6950A1752E14E3F7CFB2A6CD101EF2D1,MARKER_ONLY_DIAGNOSTIC_OCR_REUSE,G11_MARKER_ONLY_PAGE_LOCAL_FORMAL_BODY,1;2;3;4;5;6,3556B4100929F4D56319AA760B104EE0CA947F3D5B03F13F7A0DF601179225BE,B0A0920D490202A0379F0C67FEB0C13168C0DF4FF4EF169770C89B55FF9B3DD7,derived/scale/papers/CUMCM-1999-A-002/paper.md;derived/scale/papers/CUMCM-1999-A-002/metadata.yaml;derived/scale/papers/CUMCM-1999-A-002/knowledge_card.md,3556B4100929F4D56319AA760B104EE0CA947F3D5B03F13F7A0DF601179225BE;13924F1A56CFFE573CE4EDAE7677232169EFF7DD316E9816DBF5BCB11C50B6E0;92C70E0E4FF621859423D524DBE21D75D9911F91B80A0E90040EE7240BD6FCD1,B0A0920D490202A0379F0C67FEB0C13168C0DF4FF4EF169770C89B55FF9B3DD7;542B0729DC219AD81E4EE86D4ECB8EAEFAE327EE9C2D7579E6B4671ECFC4D278;5B4C5FF55FD467CC141DFD75CFC64628AD58200CF739CDF1A72CBB2027376D85,1,1,READY_FOR_G9_REFRESH
CUMCM-1999-A-003,derived/scale/papers/CUMCM-1999-A-003,20260905T045418589698Z_557724fba657,1999年数学建模国赛真题+优秀论文/1999年国赛优秀论文/1999A：自动化车床管理（1）.pdf,47992C0891E70AB44181B6C7CFD63FAC6FFEE78B9BC3399188D1AD69A5396489,MARKER_ONLY_DIAGNOSTIC_OCR_REUSE,G11_MARKER_ONLY_PAGE_LOCAL_FORMAL_BODY,1;2;3;4;5;6,3556B4100929F4D56319AA760B104EE0CA947F3D5B03F13F7A0DF601179225BE,F42F6BB8FD3B2D330360F3A4D1FCF6FD6EC7674FBD30FEE745F2EFB2EE630A3B,derived/scale/papers/CUMCM-1999-A-003/paper.md;derived/scale/papers/CUMCM-1999-A-003/metadata.yaml;derived/scale/papers/CUMCM-1999-A-003/knowledge_card.md,3556B4100929F4D56319AA760B104EE0CA947F3D5B03F13F7A0DF601179225BE;005A0B615AEEA629A057A340EBFD51FAF11CA0728E1D0DEF1B691C0B31A8431F;3B06B8E459504CE20C1DE90CEA0CACF0D47271F2435F786DDCBAC89FB6A604EA,F42F6BB8FD3B2D330360F3A4D1FCF6FD6EC7674FBD30FEE745F2EFB2EE630A3B;E044B0F2FE46952D295AAAF008D5BA9E7C58B6637B572630A15987F52C350357;91F5F96263AB35A7555603777FFDD4A21D51AEAEB9350EB82E2D060F84848C42,1,1,READY_FOR_G9_REFRESH
CUMCM-1999-A-004,derived/scale/papers/CUMCM-1999-A-004,20260905T045418589698Z_557724fba657,1999年数学建模国赛真题+优秀论文/1999年国赛优秀论文/1999A：最优刀具更换周期上界_检查间隔下界的证明.pdf,9B830266F4804B7CEF28C16E2462E58E9571704120A4AD0A63E286614E04DAF6,MARKER_ONLY_DIAGNOSTIC_OCR_REUSE,G11_MARKER_ONLY_PAGE_LOCAL_FORMAL_BODY,1;2;3;4;5,1D9182549363CD07A8F3D657C2AD60D5197D3991577AD22ACB1BFC0A2C456E59,CC2E392DE88063E2B6289E7B81CF2BA79CFD74B0189AB76D992464CD5DDD50EF,derived/scale/papers/CUMCM-1999-A-004/paper.md;derived/scale/papers/CUMCM-1999-A-004/metadata.yaml;derived/scale/papers/CUMCM-1999-A-004/knowledge_card.md,1D9182549363CD07A8F3D657C2AD60D5197D3991577AD22ACB1BFC0A2C456E59;8DF7F4A4F72D16AD563D148ACEC7AA5C008DF88071B62568D4CBA30CBC95460F;78CB90FFA1BD466A742B5D5172FCC5BF1E663446C27C69F49CAC7C71D606617F,CC2E392DE88063E2B6289E7B81CF2BA79CFD74B0189AB76D992464CD5DDD50EF;B8FC99F80C5185C8E6732087B44E5B55510203503A9A5E6AEFE4657935270641;D634FEDF6CDE9E478E2CB619072D623E58D4B2FD7C70EDEAA09EC1498A953E69,1,1,READY_FOR_G9_REFRESH
CUMCM-1999-A-005,derived/scale/papers/CUMCM-1999-A-005,20260905T045418589698Z_557724fba657,1999年数学建模国赛真题+优秀论文/1999年国赛优秀论文/1999A：刀具问题的仿真及灵敏度分析.pdf,1271CC5701D07F1261783D8B611F1C70483B30FA3C5A13967A6007DE00BF81AB,MARKER_ONLY_DIAGNOSTIC_OCR_REUSE,G11_MARKER_ONLY_PAGE_LOCAL_FORMAL_BODY,1;2;3;4;5;6,3556B4100929F4D56319AA760B104EE0CA947F3D5B03F13F7A0DF601179225BE,BAEE488DCB47C6BEA79453A7B5CD9D3620A012088D7E1934A342FFFECC7CE22C,derived/scale/papers/CUMCM-1999-A-005/paper.md;derived/scale/papers/CUMCM-1999-A-005/metadata.yaml;derived/scale/papers/CUMCM-1999-A-005/knowledge_card.md,3556B4100929F4D56319AA760B104EE0CA947F3D5B03F13F7A0DF601179225BE;FE501F796A11FE65FEAF94BC4ED6A04A1119E630234C74ACD7D48C013614BEB6;9651CBA506AD53676636BCAB0F55CCFACA5670924DE4CE55C03466567A0DC19C,BAEE488DCB47C6BEA79453A7B5CD9D3620A012088D7E1934A342FFFECC7CE22C;359800EF8781907DA0F744D0679EA3404317AB39C25452B7F9B9BE7D936D2566;E8AC44C8C1A1014FBA49CD93B1A55E18BAB96832EBD524CBC8EE26BC942F4DC9,1,1,READY_FOR_G9_REFRESH
CUMCM-1999-A-006,derived/scale/papers/CUMCM-1999-A-006,20260905T045418589698Z_557724fba657,1999年数学建模国赛真题+优秀论文/1999年国赛优秀论文/1999A：自动化车床管理（2）.pdf,1EA295F860370EF0100DF5671619E75F4624C54AF13427D55E4EC631053F25CD,MARKER_ONLY_DIAGNOSTIC_OCR_REUSE,G11_MARKER_ONLY_PAGE_LOCAL_FORMAL_BODY,1;2;3;4;5;6,3556B4100929F4D56319AA760B104EE0CA947F3D5B03F13F7A0DF601179225BE,5B5986DAF87896BB52C2B9C76C47ED37CC83E6875BC3DF4155233DF3C70EA68C,derived/scale/papers/CUMCM-1999-A-006/paper.md;derived/scale/papers/CUMCM-1999-A-006/metadata.yaml;derived/scale/papers/CUMCM-1999-A-006/knowledge_card.md,3556B4100929F4D56319AA760B104EE0CA947F3D5B03F13F7A0DF601179225BE;A18A057E8A4CAB21394DEC1AFF08778074290E27CAB2B074FC969EBAD5BBA588;BC83413181D4BFF0E031357DB30D5502F38E3E1A6ED9FEF8AEB13FDF5D599978,5B5986DAF87896BB52C2B9C76C47ED37CC83E6875BC3DF4155233DF3C70EA68C;4E95ACBEEFD4842F7043C788D994C8D29A7A69BB2E9C42446A508CF0BE0D780D;FB321DAE229D3A3A0F6619771F01F806267EC48898633D43301C2ED12ABEAEC1,1,1,READY_FOR_G9_REFRESH
CUMCM-1999-A-007,derived/scale/papers/CUMCM-1999-A-007,20260905T045418589698Z_557724fba657,1999年数学建模国赛真题+优秀论文/1999年国赛优秀论文/1999A：自动化车床管理建模分析.pdf,A76062C58F420D3AEC27B8B2F395398ADBBCCB2DA1CD1273BD721B4057240631,MARKER_ONLY_DIAGNOSTIC_OCR_REUSE,G11_MARKER_ONLY_PAGE_LOCAL_FORMAL_BODY,1;2;3;4;5,1D9182549363CD07A8F3D657C2AD60D5197D3991577AD22ACB1BFC0A2C456E59,92E655740249CB3B75CB59EDA0D5091453064BA0CE049E89016E3F39FE17DA92,derived/scale/papers/CUMCM-1999-A-007/paper.md;derived/scale/papers/CUMCM-1999-A-007/metadata.yaml;derived/scale/papers/CUMCM-1999-A-007/knowledge_card.md,1D9182549363CD07A8F3D657C2AD60D5197D3991577AD22ACB1BFC0A2C456E59;AF87D14C768851D4F0A1764D20A71AF399D723032C45364903115713D1902D60;9EB252690C6F16CABF40463A3DEAAA91C38F0C8FBC7D9E86839027BDC9717A29,92E655740249CB3B75CB59EDA0D5091453064BA0CE049E89016E3F39FE17DA92;F98789343CA3938FDC224753C3CC8BEA2E9D50168A06C57BA41581A5546170CD;EF5B2B941902F6253AC9662303234E23F39BC0B189878397FAB4B23E031AE67B,1,1,READY_FOR_G9_REFRESH
CUMCM-1999-A-008,derived/scale/papers/CUMCM-1999-A-008,20260905T045418589698Z_557724fba657,1999年数学建模国赛真题+优秀论文/1999年国赛优秀论文/1999A：自动化车床最优刀具检测更换模型.pdf,38FE932B26C58644E9760A983C109B08E910A7CD95DA9F3D41F3E28E6462AE71,MARKER_ONLY_DIAGNOSTIC_OCR_REUSE,G11_MARKER_ONLY_PAGE_LOCAL_FORMAL_BODY,1;2;3;4;5;6;7;8;9;10,D2C2B9A9C3053CBA6E8268335CA5BE7D0214F512AC81C7C8AE6302E692F1088E,8A3237489BFA33487820285BF6B1A6734D205C6F4EEA5EC7BAEC983DDF4D38FF,derived/scale/papers/CUMCM-1999-A-008/paper.md;derived/scale/papers/CUMCM-1999-A-008/metadata.yaml;derived/scale/papers/CUMCM-1999-A-008/knowledge_card.md,D2C2B9A9C3053CBA6E8268335CA5BE7D0214F512AC81C7C8AE6302E692F1088E;5149C36217AFF78D06A1712B234242496F6F4B8F4C5A0D96B55597DD6A0D8738;54DB8A51F8326B768E770B94C63CC6ABCDEC7500BA2D0812A8A139E0D4B18A3D,8A3237489BFA33487820285BF6B1A6734D205C6F4EEA5EC7BAEC983DDF4D38FF;C2DDF8B6F40971AE2FF91445D573566FC1072EE55FBDC18D458552011863F513;7272D09D3889877A245EA662FA987E98A60616DE08D61099C9E48756F3AA9C7D,1,1,READY_FOR_G9_REFRESH
CUMCM-1999-B-001,derived/scale/papers/CUMCM-1999-B-001,20260905T045418589698Z_557724fba657,1999年数学建模国赛真题+优秀论文/1999年国赛优秀论文/1999B：钻井布局问题评述.pdf,DABADD2C7CCE310B927FBACF000A8B6B9BF370773DB7C2AF11000C960DA6930B,MARKER_ONLY_DIAGNOSTIC_OCR_REUSE,G11_MARKER_ONLY_PAGE_LOCAL_FORMAL_BODY,1;2;3;4;5;6;7,845EAC42B8D7C797245E742A556F6F7B87F8594979C758FB43031CD6D48DB563,B53E84F83BD7CFEC7BE54EBF488BD20B5594D7E96E37662CE14679AEB58D659E,derived/scale/papers/CUMCM-1999-B-001/paper.md;derived/scale/papers/CUMCM-1999-B-001/metadata.yaml;derived/scale/papers/CUMCM-1999-B-001/knowledge_card.md,845EAC42B8D7C797245E742A556F6F7B87F8594979C758FB43031CD6D48DB563;485399F6C6C28B0C2284DFB4D72F3A0C54620057101B57F6E17D682210712879;A0F115A53BD05F6B8AB6C0FC54BA4D52DB749905096890E653EB283A2642F08D,B53E84F83BD7CFEC7BE54EBF488BD20B5594D7E96E37662CE14679AEB58D659E;6BF29637DE70F004E15E30B21BF90272D49E3C4BD109EB4EE1AC8A8100DDAD44;3250EECE041D7D258C399A0355A39F401DB3A595C4E30C392877BC052DCF1C05,1,1,READY_FOR_G9_REFRESH
CUMCM-1999-B-002,derived/scale/papers/CUMCM-1999-B-002,20260905T045418589698Z_557724fba657,1999年数学建模国赛真题+优秀论文/1999年国赛优秀论文/1999B：钻井布局的设计.pdf,987DC0B7CD2DB40ADE3BF70B834F0ECE90B77BDECF647E625C464AD2E3A18DE9,MARKER_ONLY_DIAGNOSTIC_OCR_REUSE,G11_MARKER_ONLY_PAGE_LOCAL_FORMAL_BODY,1;2;3;4;5;6;7,845EAC42B8D7C797245E742A556F6F7B87F8594979C758FB43031CD6D48DB563,ECF69F488FEC02D87AE79930DE1315892630E1841971522C3295A5F2056F1D59,derived/scale/papers/CUMCM-1999-B-002/paper.md;derived/scale/papers/CUMCM-1999-B-002/metadata.yaml;derived/scale/papers/CUMCM-1999-B-002/knowledge_card.md,845EAC42B8D7C797245E742A556F6F7B87F8594979C758FB43031CD6D48DB563;99CBE06BFCCA924E5DFFF8040ABAC6F8D7319CFD1DB973EF365DD0CEE02EABE9;8239390480FC19B5B9F2B5574B08B48E323C44E234E55EB4FB7AE8FAAB6A8A5A,ECF69F488FEC02D87AE79930DE1315892630E1841971522C3295A5F2056F1D59;523582E5C5A27E04E4EE73EDC6BC1ACC27BFCE30AB17A8C6619F67FFBD2A1279;8B6B45D090EA4DD95B240AD5A0472F6FA509F97AB6C272D18179D6C6AB4636F9,1,1,READY_FOR_G9_REFRESH
CUMCM-1999-B-003,derived/scale/papers/CUMCM-1999-B-003,20260905T045418589698Z_557724fba657,1999年数学建模国赛真题+优秀论文/1999年国赛优秀论文/1999B：钻井布局.pdf,E837A050E1F8C8FBACEF5C9614A37002858951C7AD98B2E2F051456B010AC568,DOC_EXISTING_EXTRACTION_RECONSTRUCTION;MARKER_ONLY_DIAGNOSTIC_OCR_REUSE,G11_MARKER_ONLY_PAGE_LOCAL_FORMAL_BODY,1;2;3;4;5;6,3556B4100929F4D56319AA760B104EE0CA947F3D5B03F13F7A0DF601179225BE,5AF0061C03FA255BA04B35F28021E9090E4CDF772FF87BCB7E617B6A4A634CF9,derived/scale/papers/CUMCM-1999-B-003/paper.md;derived/scale/papers/CUMCM-1999-B-003/metadata.yaml;derived/scale/papers/CUMCM-1999-B-003/knowledge_card.md,3556B4100929F4D56319AA760B104EE0CA947F3D5B03F13F7A0DF601179225BE;32C0EFA5095A9A6FCE8D89DE820978C59A6B6E83EF55CDB89E419C2D22034EA0;2C773CDED137BCF5E8636ADE03522F6EF7D774D5B96C018BBDB6ADF695EB792C,5AF0061C03FA255BA04B35F28021E9090E4CDF772FF87BCB7E617B6A4A634CF9;09508F8936497EBF462EC88678986AC9617E577581E395C3170E2EB726FC8457;E806C4D7440C9F4B01A2FA67E5A6CF5E9A539C03BA6ECC0C46DCD1B03334642C,1,1,READY_FOR_G9_REFRESH
CUMCM-1999-B-004,derived/scale/papers/CUMCM-1999-B-004,20260905T045418589698Z_557724fba657,1999年数学建模国赛真题+优秀论文/1999年国赛优秀论文/1999B：钻井布局的数学模型.pdf,77236AD4159C4C496D375BDE74E0DCB91E2462F3C88FABC393B1863AC119131B,MARKER_ONLY_DIAGNOSTIC_OCR_REUSE,G11_MARKER_ONLY_PAGE_LOCAL_FORMAL_BODY,1;2;3;4;5;6;7,845EAC42B8D7C797245E742A556F6F7B87F8594979C758FB43031CD6D48DB563,CF8C2990DCE98628B3AAA35608E71E8210A14525A793B17D000B9AE33351C73A,derived/scale/papers/CUMCM-1999-B-004/paper.md;derived/scale/papers/CUMCM-1999-B-004/metadata.yaml;derived/scale/papers/CUMCM-1999-B-004/knowledge_card.md,845EAC42B8D7C797245E742A556F6F7B87F8594979C758FB43031CD6D48DB563;FC71DE9AA39C41F8FE40A60B280E24B9ABFF9A5523465751DCEE4F81306F878A;D5F5AB22D4DCBA3A2FD97D6FD45B766C0E0AC2D7E65D5AC267251C5F0BBFBD02,CF8C2990DCE98628B3AAA35608E71E8210A14525A793B17D000B9AE33351C73A;BB9894BD13CB68539EAF625D17A1AA78312D320F986B3B8D42520642E6F7FBBA;222922C68D2E35326A5E02C8AB4F9CE41FA0A5DCEF0F74A008B93DFC1AA3FDFE,1,1,READY_FOR_G9_REFRESH
CUMCM-1999-B-005,derived/scale/papers/CUMCM-1999-B-005,20260905T045418589698Z_557724fba657,1999年数学建模国赛真题+优秀论文/1999年国赛优秀论文/1999B：钻井布局模型.pdf,41F221B3A0D6330F66AC2FA56787CFE553D6B9ED7191A5F64DAF2F4FE3D868F2,MARKER_ONLY_DIAGNOSTIC_OCR_REUSE,G11_MARKER_ONLY_PAGE_LOCAL_FORMAL_BODY,1;2;3;4;5;6;7;8;9;10,D2C2B9A9C3053CBA6E8268335CA5BE7D0214F512AC81C7C8AE6302E692F1088E,14BEC7F500DF71808F2DA55C261732DE530D58F206C32ECA349BE32B8BCE6548,derived/scale/papers/CUMCM-1999-B-005/paper.md;derived/scale/papers/CUMCM-1999-B-005/metadata.yaml;derived/scale/papers/CUMCM-1999-B-005/knowledge_card.md,D2C2B9A9C3053CBA6E8268335CA5BE7D0214F512AC81C7C8AE6302E692F1088E;00E876C793F5A0EE3AE6BA6A7ECD89572BB7A708E3804892741283477E28E152;3C3CD4B36F07C6711652AFE5F242A2DC329573AD60A14A5D5D71C95B2B9E861A,14BEC7F500DF71808F2DA55C261732DE530D58F206C32ECA349BE32B8BCE6548;65C37C166B7101F2E1A21710EEF453D42F67A6B9A116D2E63EEBE45F3348DF7A;6F97F49BF457374262C071252F17DA5F5A2226AD8B812E6B303364BE47B402E4,1,1,READY_FOR_G9_REFRESH
CUMCM-1999-C-001,derived/scale/papers/CUMCM-1999-C-001,20260905T045418589698Z_557724fba657,1999年数学建模国赛真题+优秀论文/1999年国赛优秀论文/1999C：煤矸石堆积模型.pdf,FD17ED40C59779200ED16509B7A56CFE60AB7492691994722E4A9F870A55915E,MARKER_ONLY_DIAGNOSTIC_OCR_REUSE;MARKER_ONLY_EXISTING_TRUSTED_TEXT_RECONSTRUCTION,G11_MARKER_ONLY_PAGE_LOCAL_FORMAL_BODY,1;2;3;4;5;6;7,845EAC42B8D7C797245E742A556F6F7B87F8594979C758FB43031CD6D48DB563,5BF82A4E278D79A238F91973AE86B25743F94E26E97477A13C7A94670C6A3DFB,derived/scale/papers/CUMCM-1999-C-001/paper.md;derived/scale/papers/CUMCM-1999-C-001/metadata.yaml;derived/scale/papers/CUMCM-1999-C-001/knowledge_card.md,845EAC42B8D7C797245E742A556F6F7B87F8594979C758FB43031CD6D48DB563;A40A49959BDE2B4A5017BEC2BAE23B3E3204FB406A7A08DDA1FCC56E9426C4FF;A673422F702325110A203B7E21AF2E2AC8686B73F3190BC7E7DA3FABA57AEF56,5BF82A4E278D79A238F91973AE86B25743F94E26E97477A13C7A94670C6A3DFB;AD8630DC2A111E12E109E2D194D048F05BF03ACB3DBF3ABB21845F211F98F45B;559D8DE816B02218FA1187396D9BC53D7E80FA3622CF3B8BD9CA61B5C9DD7D24,1,1,READY_FOR_G9_REFRESH
CUMCM-1999-C-002,derived/scale/papers/CUMCM-1999-C-002,20260905T045418589698Z_557724fba657,1999年数学建模国赛真题+优秀论文/1999年国赛优秀论文/1999C：煤矸石堆积经费问题的几点讨论.pdf,81CB981491CCE90C199762762D5C78A822FEAD102CBC2B3804C516EEB4596D56,MARKER_ONLY_DIAGNOSTIC_OCR_REUSE,G11_MARKER_ONLY_PAGE_LOCAL_FORMAL_BODY,1;2;3;4;5;6,3556B4100929F4D56319AA760B104EE0CA947F3D5B03F13F7A0DF601179225BE,0A0DC439BCB64C0BC83CBF8F9738528C8C06963CA1D038E9534E8D39AB5855CD,derived/scale/papers/CUMCM-1999-C-002/paper.md;derived/scale/papers/CUMCM-1999-C-002/metadata.yaml;derived/scale/papers/CUMCM-1999-C-002/knowledge_card.md,3556B4100929F4D56319AA760B104EE0CA947F3D5B03F13F7A0DF601179225BE;06D705798447C20E1CF739A2579FDA2473CAC1205AA7E640AE268A6F83AE9710;6BDC25A9E9C1D913AE3992DE88E5C2ED8A1B2C515D630682CBA6DB459993B74E,0A0DC439BCB64C0BC83CBF8F9738528C8C06963CA1D038E9534E8D39AB5855CD;457BC334E6A0EAA2FB596DC77AFBB7FECD384B6F82B4063D22B499F31720751A;C823198B6D5D29F99F4B303EE3EDE162B1BB083DD586C632DEEF276406E0A12A,1,1,READY_FOR_G9_REFRESH
CUMCM-1999-C-003,derived/scale/papers/CUMCM-1999-C-003,20260905T045418589698Z_557724fba657,1999年数学建模国赛真题+优秀论文/1999年国赛优秀论文/1999C：煤矸石堆积问题的解答及引出的思考.pdf,9B9598BBDB16239E94BD0C65F95282B417603644F4DD3715F5B453E213A109FD,MARKER_ONLY_DIAGNOSTIC_OCR_REUSE,G11_MARKER_ONLY_PAGE_LOCAL_FORMAL_BODY,1;2;3;4;5;6,3556B4100929F4D56319AA760B104EE0CA947F3D5B03F13F7A0DF601179225BE,CC62B1E7D63CFCAD14D9B64268D15994652E8A4822341EEC10CFB12EC64973C4,derived/scale/papers/CUMCM-1999-C-003/paper.md;derived/scale/papers/CUMCM-1999-C-003/metadata.yaml;derived/scale/papers/CUMCM-1999-C-003/knowledge_card.md,3556B4100929F4D56319AA760B104EE0CA947F3D5B03F13F7A0DF601179225BE;9C298592950EE5E5FBD540C97A3D8D9CB3CBA60CAA0177CFD87AEC3636343F1F;A20C5A309E1DB6B1A7331814418B988B06AFBD004C9E6BCF7A2D1E4A8E15301E,CC62B1E7D63CFCAD14D9B64268D15994652E8A4822341EEC10CFB12EC64973C4;51C6A1C992E630BB0C716CF0FB1E0EA28B59E861E9B7F63CE7249B6787CD4319;F18FF050C03A56134C10D51FBA1B799D8488AF04364B574414D422B340A7E7DE,1,1,READY_FOR_G9_REFRESH
CUMCM-2000-A-001,derived/scale/papers/CUMCM-2000-A-001,20260905T045418589698Z_557724fba657,2000年数学建模国赛真题+优秀论文/2000年国赛优秀论文/2000A：DNA序列中的结构与简化模型.pdf,2E34A9B0F2BBFFE14B0DAE78906E463A70E1E14041EDE10610D743EA3F0A3D70,MARKER_ONLY_DIAGNOSTIC_OCR_REUSE,G11_MARKER_ONLY_PAGE_LOCAL_FORMAL_BODY,1;2;3;4;5,1D9182549363CD07A8F3D657C2AD60D5197D3991577AD22ACB1BFC0A2C456E59,CCE2CCA141CB566030581B55617EDEC6E1686D5409796F67B75DEC0729AA9A49,derived/scale/papers/CUMCM-2000-A-001/paper.md;derived/scale/papers/CUMCM-2000-A-001/metadata.yaml;derived/scale/papers/CUMCM-2000-A-001/knowledge_card.md,1D9182549363CD07A8F3D657C2AD60D5197D3991577AD22ACB1BFC0A2C456E59;8A6ADDE5304F39334DD09B7CBF11DFB70C416B2CC2B2C0909A5E1CFBFA8B54AF;A23BCD99D013E0FA41C8F8D4A4DD9EB53312CA733B32EFBAD638DAB0C5EAF36A,CCE2CCA141CB566030581B55617EDEC6E1686D5409796F67B75DEC0729AA9A49;1436633400DEE89E2A1FC8E2C9485AA5510651750323045A77C87BC8A91CBE8A;E75704B25F3F01448452C4D27B68B25C5DA17FFA46A31EC2EB9DA17CBE122B9C,1,1,READY_FOR_G9_REFRESH
CUMCM-2000-A-002,derived/scale/papers/CUMCM-2000-A-002,20260905T045418589698Z_557724fba657,2000年数学建模国赛真题+优秀论文/2000年国赛优秀论文/2000A：DNA序列分类的数学模型.pdf,AA35D645756CC6A9BDD408BB7B0FDE384D1B769E1D6A643A6239C20563687019,MARKER_ONLY_DIAGNOSTIC_OCR_REUSE,G11_MARKER_ONLY_PAGE_LOCAL_FORMAL_BODY,1;2;3;4;5;6;7;8,A77C45CA4996F487E50554AFAD7BFE22E0C6D461B26680CBB4AB637D01230D7C,4B7113A08E0A6AC250C52456E991BBEB8F54AD0597C164F704BB471C86F2B0FC,derived/scale/papers/CUMCM-2000-A-002/paper.md;derived/scale/papers/CUMCM-2000-A-002/metadata.yaml;derived/scale/papers/CUMCM-2000-A-002/knowledge_card.md,A77C45CA4996F487E50554AFAD7BFE22E0C6D461B26680CBB4AB637D01230D7C;13632027EBBEAB2BE28636417B57F03A176CF48D76E3D5E1E0F2DE80EAE9789F;E939EA98814594133930468D42FE6BD3030F691F84279D60C9AF46C896A9C4EE,4B7113A08E0A6AC250C52456E991BBEB8F54AD0597C164F704BB471C86F2B0FC;0D87D11B39403F1B687E2B3D111EFF12A2F8C85702CA96DE4E6C9D4D67AE6E0D;C79EED5131F2E95F7505C562DA9CA6581EA57CA43C77203D2E3D4F6F36208811,1,1,READY_FOR_G9_REFRESH
CUMCM-2000-A-003,derived/scale/papers/CUMCM-2000-A-003,20260905T045418589698Z_557724fba657,2000年数学建模国赛真题+优秀论文/2000年国赛优秀论文/2000A：关于DNA序列分类问题的模型.pdf,2C0F27DE600CEBFCF375ABB97BD39193A10486E810E46DD1A5EA0734DD1413E5,MARKER_ONLY_DIAGNOSTIC_OCR_REUSE,G11_MARKER_ONLY_PAGE_LOCAL_FORMAL_BODY,1;2;3;4;5;6;7,845EAC42B8D7C797245E742A556F6F7B87F8594979C758FB43031CD6D48DB563,6592DD526F756723E029663585995D8BA5D4843501E3CA7F0F7B315D8B8C29D4,derived/scale/papers/CUMCM-2000-A-003/paper.md;derived/scale/papers/CUMCM-2000-A-003/metadata.yaml;derived/scale/papers/CUMCM-2000-A-003/knowledge_card.md,845EAC42B8D7C797245E742A556F6F7B87F8594979C758FB43031CD6D48DB563;51896056000565B93447030EBE5EA690719CBF45D39EF6B768DDBADEC23B7888;DA4D1EC8C2EB36002F39785F2EAC62F57D4AFA53EB32F628BD5334877B1A8246,6592DD526F756723E029663585995D8BA5D4843501E3CA7F0F7B315D8B8C29D4;10EC4D925A4821DD15E39A75E4FDA5FD77AE99A213F18F767B247E72D17FD60B;A3CDCB43A70F4C3558C647BC6344746FB550EA13684146EEEEB9F8716368E217,1,1,READY_FOR_G9_REFRESH
CUMCM-2000-A-004,derived/scale/papers/CUMCM-2000-A-004,20260905T045418589698Z_557724fba657,2000年数学建模国赛真题+优秀论文/2000年国赛优秀论文/2000A：DNA序列的分类.pdf,D192D4A8AB1379DF1B76EC2747B54CD2681D89ABE93B325C4509BCD4774F6B70,MARKER_ONLY_DIAGNOSTIC_OCR_REUSE,G11_MARKER_ONLY_PAGE_LOCAL_FORMAL_BODY,1;2;3;4;5;6;7;8,A77C45CA4996F487E50554AFAD7BFE22E0C6D461B26680CBB4AB637D01230D7C,B5865D7DBC12E7D193CF74F16D2FC3ABD8A52495A615E7B8E71B75FA1C052984,derived/scale/papers/CUMCM-2000-A-004/paper.md;derived/scale/papers/CUMCM-2000-A-004/metadata.yaml;derived/scale/papers/CUMCM-2000-A-004/knowledge_card.md,A77C45CA4996F487E50554AFAD7BFE22E0C6D461B26680CBB4AB637D01230D7C;9449613340CB7A477000C632B87AFC465D081FAC722BA4A2C223F4F81D77570E;059D5E2248545E673F7318DED50C72771068B1B6BB6110F43DCB17694174F4E9,B5865D7DBC12E7D193CF74F16D2FC3ABD8A52495A615E7B8E71B75FA1C052984;1B0D756107DE8CFCD09A0F1913A61350D6EB070EBB49CB68CF64E9D8DC9E8AD4;89B904BA5582AD28C74B66F5FE14B7D091C57AC8B40C56B43DA833CAF1627865,1,1,READY_FOR_G9_REFRESH
CUMCM-2000-A-005,derived/scale/papers/CUMCM-2000-A-005,20260905T045418589698Z_557724fba657,2000年数学建模国赛真题+优秀论文/2000年国赛优秀论文/2000A：DNA分类模型.pdf,FB22E1231902AA036AE4EA61EA9948CA636F2B780A29A5AD487B092251B25EA0,DOC_EXISTING_EXTRACTION_RECONSTRUCTION;MARKER_ONLY_DIAGNOSTIC_OCR_REUSE,G11_MARKER_ONLY_PAGE_LOCAL_FORMAL_BODY,1;2;3;4;5;6;7;8;9,1C2FC324063A906FF208763D2826E0A769B059290333B0542241C22CD9C91DE8,272BC28FCA3DF8069B06A102EB847BF285E515FBE39D50823F9832A430987E36,derived/scale/papers/CUMCM-2000-A-005/paper.md;derived/scale/papers/CUMCM-2000-A-005/metadata.yaml;derived/scale/papers/CUMCM-2000-A-005/knowledge_card.md,1C2FC324063A906FF208763D2826E0A769B059290333B0542241C22CD9C91DE8;904DF7559EDBEFA6036A440E1DB8F1641B39E0073147F8DF443804062E0CB644;358599EB603D8C461DD100E8BDD61678EDF9F924CE39248F4D9B5144880E0685,272BC28FCA3DF8069B06A102EB847BF285E515FBE39D50823F9832A430987E36;32F0EC31443944704B29B4FF5743398B83B2014844608731C9D55AC34E218BC9;8B6DBEBBD3100149CC52650D434209EACF0A27794C9C4726289248D71A31EF81,1,1,READY_FOR_G9_REFRESH
CUMCM-2000-A-006,derived/scale/papers/CUMCM-2000-A-006,20260905T045418589698Z_557724fba657,2000年数学建模国赛真题+优秀论文/2000年国赛优秀论文/2000A：DNA序列的分类模型.pdf,5528D87476102142BB539FCAF2866194D573E2F569EDEE683AE1EA25131824CA,MARKER_ONLY_DIAGNOSTIC_OCR_REUSE,G11_MARKER_ONLY_PAGE_LOCAL_FORMAL_BODY,1;2;3;4;5;6;7;8;9,1C2FC324063A906FF208763D2826E0A769B059290333B0542241C22CD9C91DE8,9BBBD27D700622E6EDEAE52A1DE2401A1A1C5132A418EB9FDAD5470690B3463C,derived/scale/papers/CUMCM-2000-A-006/paper.md;derived/scale/papers/CUMCM-2000-A-006/metadata.yaml;derived/scale/papers/CUMCM-2000-A-006/knowledge_card.md,1C2FC324063A906FF208763D2826E0A769B059290333B0542241C22CD9C91DE8;1A1DEF736AFD5E638DDCB3C475718154416C9FBFD39F9D7C9CA462D5FCEAB828;FEA02856C83EA412B75F57E398891281E8892C8FD8953CD096FAC5615A2114CC,9BBBD27D700622E6EDEAE52A1DE2401A1A1C5132A418EB9FDAD5470690B3463C;97F61AB3CC53EF8D1F5AA348D36C974E0DF6403B8BE2AF2CC2879494483D67F6;5F24DBB26F624DE66E24C9EA3A6017AB89090426862656AF947F9467CA7A89B6,1,1,READY_FOR_G9_REFRESH
CUMCM-2000-B-001,derived/scale/papers/CUMCM-2000-B-001,20260905T045418589698Z_557724fba657,2000年数学建模国赛真题+优秀论文/2000年国赛优秀论文/2000B：管道订购与运输问题.pdf,928130C1395319B8BB1B9877F91E08B6C53978ABE4FABB553B98041834D0DF1C,MARKER_ONLY_DIAGNOSTIC_OCR_REUSE,G11_MARKER_ONLY_PAGE_LOCAL_FORMAL_BODY,1;2;3;4,747914D495F481AEA94B89B6481B5B807695DFAC4C1C281DE639E2F58A4F0997,17019E3F3FA1C5133C0F3E80E6A26DE3F15D970E81AB39BF4F826EBB8E5F64E3,derived/scale/papers/CUMCM-2000-B-001/paper.md;derived/scale/papers/CUMCM-2000-B-001/metadata.yaml;derived/scale/papers/CUMCM-2000-B-001/knowledge_card.md,747914D495F481AEA94B89B6481B5B807695DFAC4C1C281DE639E2F58A4F0997;4173BC9F656784FB9728B63D694AFF9D3D2D48F213FF0A6D20A9F67F38374CB9;63BC8AB592ED929BC1E5FD93C50F1C0BE4B153759DEC0AD0A4190246E43A489B,17019E3F3FA1C5133C0F3E80E6A26DE3F15D970E81AB39BF4F826EBB8E5F64E3;28A5359025A3D13328C4E0D388F219ABF5034F4B48BACD49E41B80F913510C40;D53C044D241527D4497E2C1399CA3FE5CABD834D005B54E9D66B7579A02D4F55,1,1,READY_FOR_G9_REFRESH
CUMCM-2000-B-002,derived/scale/papers/CUMCM-2000-B-002,20260905T045418589698Z_557724fba657,2000年数学建模国赛真题+优秀论文/2000年国赛优秀论文/2000B：管道订购和运输.pdf,576816C48E5D4E6B48C805842BA104AEFE6600A11D4EE442BEB1996EABE3DD8A,MARKER_ONLY_DIAGNOSTIC_OCR_REUSE,G11_MARKER_ONLY_PAGE_LOCAL_FORMAL_BODY,1;2;3;4,747914D495F481AEA94B89B6481B5B807695DFAC4C1C281DE639E2F58A4F0997,899F8DE1DDFEFAB56B0B79E452157CE64DC484DBB68746998511D20AC197FE8D,derived/scale/papers/CUMCM-2000-B-002/paper.md;derived/scale/papers/CUMCM-2000-B-002/metadata.yaml;derived/scale/papers/CUMCM-2000-B-002/knowledge_card.md,747914D495F481AEA94B89B6481B5B807695DFAC4C1C281DE639E2F58A4F0997;4B8542D40F69EA5B0F74AA54B883CA2856F8A08E092B7C1135734DBFBAAD4A3E;F22400401598342F296BB5D0526A7E3CD453C4D9EBCF87529270A9613E530BBE,899F8DE1DDFEFAB56B0B79E452157CE64DC484DBB68746998511D20AC197FE8D;84B722EA90F8CD9E0934B7C3DF447E2865C3C5735DE83CFA55451168752D894C;C3D0A3C42421474442B117547225698A1035AE9FA497EE79AE5C01FA47DCBCEA,1,1,READY_FOR_G9_REFRESH
CUMCM-2000-B-003,derived/scale/papers/CUMCM-2000-B-003,20260905T045418589698Z_557724fba657,2000年数学建模国赛真题+优秀论文/2000年国赛优秀论文/2000B：一类运输问题的建模.pdf,AF422606A8FB74F50D39DECF7C7E6525E86C93BAE396787BAFDAAD0137986B8B,MARKER_ONLY_DIAGNOSTIC_OCR_REUSE,G11_MARKER_ONLY_PAGE_LOCAL_FORMAL_BODY,1;2;3;4;5;6,3556B4100929F4D56319AA760B104EE0CA947F3D5B03F13F7A0DF601179225BE,AA836F2CB4F8D8A4DC9026ED04DDAD02651B6C9DE653D10F8B3EF48C5785EB9E,derived/scale/papers/CUMCM-2000-B-003/paper.md;derived/scale/papers/CUMCM-2000-B-003/metadata.yaml;derived/scale/papers/CUMCM-2000-B-003/knowledge_card.md,3556B4100929F4D56319AA760B104EE0CA947F3D5B03F13F7A0DF601179225BE;46FAF9A01D3C8CB0FA10B19B1488A0BC0F3F22796C75380F0E74472640AF5017;0CAF7E7F4EFDDF1C9BF4CB4E64667FD89A272238BAF938A8A7941A2560E2B928,AA836F2CB4F8D8A4DC9026ED04DDAD02651B6C9DE653D10F8B3EF48C5785EB9E;8F5C0BC069E11A5EA7F2B85189FC0FDAD7BDEC7D94ED036DA0BF95A8BCB6BD2B;F162FC7239BFD740C64AA8CBE72B08C3CE3EC7208E345EF835BFE8253D2A4B38,1,1,READY_FOR_G9_REFRESH
CUMCM-2000-B-004,derived/scale/papers/CUMCM-2000-B-004,20260905T045418589698Z_557724fba657,2000年数学建模国赛真题+优秀论文/2000年国赛优秀论文/2000B：钢管订购和运输策略.pdf,35E3A4582B1DFB5499A6AACA6153DADB175C9A5C6EE8299EDC2731D90CBF5975,MARKER_ONLY_DIAGNOSTIC_OCR_REUSE,G11_MARKER_ONLY_PAGE_LOCAL_FORMAL_BODY,1;2;3;4,747914D495F481AEA94B89B6481B5B807695DFAC4C1C281DE639E2F58A4F0997,5262108DA5FAF7AA8D5565CAD89FD8EA53BC3F25CD148AB8F28D7B2ECD5A29BA,derived/scale/papers/CUMCM-2000-B-004/paper.md;derived/scale/papers/CUMCM-2000-B-004/metadata.yaml;derived/scale/papers/CUMCM-2000-B-004/knowledge_card.md,747914D495F481AEA94B89B6481B5B807695DFAC4C1C281DE639E2F58A4F0997;5C1436E73B1D8F356B10A77BA20A86E742E8165B3DE9CB4F42467F9BEFF23635;6A92300C05C314A50280ADF5B66130CACFE8ABB823DB98BD7226FE12A63EC000,5262108DA5FAF7AA8D5565CAD89FD8EA53BC3F25CD148AB8F28D7B2ECD5A29BA;A27C9D88688365D7C90D8C8D7E70E7913CF22A081145703F707C7CA7B5ACAD0A;0E8F0261810C97C238A289997517239C38E8966E8B11A0B9A3BF8E86EA9DB714,1,1,READY_FOR_G9_REFRESH
CUMCM-2000-B-005,derived/scale/papers/CUMCM-2000-B-005,20260905T045418589698Z_557724fba657,2000年数学建模国赛真题+优秀论文/2000年国赛优秀论文/2000B：钢管的订购和运输解答模型.pdf,62EABCDF2FD130013F86DC1C638846661E127B7B7B3C3107C38F10DBB8BBA10A,MARKER_ONLY_DIAGNOSTIC_OCR_REUSE,G11_MARKER_ONLY_PAGE_LOCAL_FORMAL_BODY,1;2;3;4;5;6;7;8,A77C45CA4996F487E50554AFAD7BFE22E0C6D461B26680CBB4AB637D01230D7C,862B2A574A12D4E4818A728E12A5E2AB99B42F18E5D1D2A78940864FF425E756,derived/scale/papers/CUMCM-2000-B-005/paper.md;derived/scale/papers/CUMCM-2000-B-005/metadata.yaml;derived/scale/papers/CUMCM-2000-B-005/knowledge_card.md,A77C45CA4996F487E50554AFAD7BFE22E0C6D461B26680CBB4AB637D01230D7C;D4FCFC41EB46A5716F6E7E6B1D3F2588ED65D3FB58D2B4BBA9C5C45296FC0775;10A50A35028F92429E90C3783676CBB1A5AE88326EC2BC19F8ACF7A46251A13E,862B2A574A12D4E4818A728E12A5E2AB99B42F18E5D1D2A78940864FF425E756;1D736EA0A0FF081AFA640A46DF5AA6175141C97717DFDD7428BB34C596A6F5C5;8F5AB87D435575591F2C4BBB123FEEA53061820AD666A28DC358738D64B220E4,1,1,READY_FOR_G9_REFRESH
CUMCM-2000-B-006,derived/scale/papers/CUMCM-2000-B-006,20260905T045418589698Z_557724fba657,2000年数学建模国赛真题+优秀论文/2000年国赛优秀论文/2000B：钢管的订购和运输.pdf,CC9509E9ACB2DC3135E9C37FF3240B82E0602930514B555881ABC41B023F6738,MARKER_ONLY_DIAGNOSTIC_OCR_REUSE,G11_MARKER_ONLY_PAGE_LOCAL_FORMAL_BODY,1;2;3;4;5;6,3556B4100929F4D56319AA760B104EE0CA947F3D5B03F13F7A0DF601179225BE,643F771BA58D3F1D0E9DD693A4F6564E0738A3C81F35A9BEEB14A55BCD89D6D1,derived/scale/papers/CUMCM-2000-B-006/paper.md;derived/scale/papers/CUMCM-2000-B-006/metadata.yaml;derived/scale/papers/CUMCM-2000-B-006/knowledge_card.md,3556B4100929F4D56319AA760B104EE0CA947F3D5B03F13F7A0DF601179225BE;8308BD8D7983EFF352B8E771879B63EFB54789BB038CDCD9B9CD87061919019F;4CA3CD82E74FD2EEDD8CD7B30ADF3D843BD5D50AB08CABD67B398371D4522049,643F771BA58D3F1D0E9DD693A4F6564E0738A3C81F35A9BEEB14A55BCD89D6D1;1B5AF107B510C403E7F00DBEE175A364FCE96474A6AFFDAB8E078F76C1652656;0FAE1D649C352A904637D40F3B62518CA08266B956EF8DC6D38860DD437AF6A5,1,1,READY_FOR_G9_REFRESH
CUMCM-2000-B-007,derived/scale/papers/CUMCM-2000-B-007,20260905T045418589698Z_557724fba657,2000年数学建模国赛真题+优秀论文/2000年国赛优秀论文/2000B：一类运输问题的建模1.pdf,2F646E3328A2AE7A98AAF84EB23BC9105A588A25EFF75C4E7F04FD8ABAB23E7A,MARKER_ONLY_DIAGNOSTIC_OCR_REUSE,G11_MARKER_ONLY_PAGE_LOCAL_FORMAL_BODY,1;2;3;4;5;6,3556B4100929F4D56319AA760B104EE0CA947F3D5B03F13F7A0DF601179225BE,AA836F2CB4F8D8A4DC9026ED04DDAD02651B6C9DE653D10F8B3EF48C5785EB9E,derived/scale/papers/CUMCM-2000-B-007/paper.md;derived/scale/papers/CUMCM-2000-B-007/metadata.yaml;derived/scale/papers/CUMCM-2000-B-007/knowledge_card.md,3556B4100929F4D56319AA760B104EE0CA947F3D5B03F13F7A0DF601179225BE;1F37499AD065877D82C874621BC3A1EB083130EDA524EB1C0B8A9CC75147511D;CF487245B6EA355EBED9A73C7E1B47F02285FF1B778F130C093825A17B32B224,AA836F2CB4F8D8A4DC9026ED04DDAD02651B6C9DE653D10F8B3EF48C5785EB9E;AFB0EE119EBE7FA5B9F31D5ACF16908CB17923975107C45CA24B544486718AD6;28682783337FEBEE6468CD5AEDEE504C8693EFB6F8EEE1EB921627ECB7A3E217,1,1,READY_FOR_G9_REFRESH
CUMCM-2000-B-008,derived/scale/papers/CUMCM-2000-B-008,20260905T045418589698Z_557724fba657,2000年数学建模国赛真题+优秀论文/2000年国赛优秀论文/2000B：订购和运输钢管的最优方案.pdf,C8BEA21E1D4C7E419611D42EEAA75DBDD64C89EE6A4AD7FE71988E6B1C21B8EA,MARKER_ONLY_DIAGNOSTIC_OCR_REUSE,G11_MARKER_ONLY_PAGE_LOCAL_FORMAL_BODY,1;2;3;4;5,1D9182549363CD07A8F3D657C2AD60D5197D3991577AD22ACB1BFC0A2C456E59,0FB24F85574986BB5FF5866EA3600EF4E59AD27BF8EA3B45AE079044D0FBCC53,derived/scale/papers/CUMCM-2000-B-008/paper.md;derived/scale/papers/CUMCM-2000-B-008/metadata.yaml;derived/scale/papers/CUMCM-2000-B-008/knowledge_card.md,1D9182549363CD07A8F3D657C2AD60D5197D3991577AD22ACB1BFC0A2C456E59;4AF61F281E7F8ACC15C735E32FC7B6E03F95F64B782D88937D55A054BADC8DB2;4C3915EF9B05C8723C93D416CAB5121DF8204D4B94D58E21136D6E96EF099BA0,0FB24F85574986BB5FF5866EA3600EF4E59AD27BF8EA3B45AE079044D0FBCC53;9B2E5BE0E6791E7ABE8F1C808B8B64022CA44D55FE54491DD93C5EC435EA2EBC;3A05E4714A16DA139B6AB44EEC1E537B657A59998091B019E93E086A8AFB4803,1,1,READY_FOR_G9_REFRESH
CUMCM-2000-C-001,derived/scale/papers/CUMCM-2000-C-001,20260905T045418589698Z_557724fba657,2000年数学建模国赛真题+优秀论文/2000年国赛优秀论文/2000C：飞越北极的数学模型 (2).pdf,62544533E41E9C720FFB383DAB90B099CC7DAD5E9290B892470C3BE782D5FA69,MARKER_ONLY_DIAGNOSTIC_OCR_REUSE,G11_MARKER_ONLY_PAGE_LOCAL_FORMAL_BODY,1;2;3;4;5;6;7;8,A77C45CA4996F487E50554AFAD7BFE22E0C6D461B26680CBB4AB637D01230D7C,D35CB975878CCEADBC29E723B9C8C17402206C060119CC6283FCB4BF2FE989CD,derived/scale/papers/CUMCM-2000-C-001/paper.md;derived/scale/papers/CUMCM-2000-C-001/metadata.yaml;derived/scale/papers/CUMCM-2000-C-001/knowledge_card.md,A77C45CA4996F487E50554AFAD7BFE22E0C6D461B26680CBB4AB637D01230D7C;4233B56E221A296B4A82F6F871E8826DAD6D82D00A1D5EE3DBE5ED6B7F5C5966;998A5DE93574B3EAB8F5AF71D7DBBCA9AACAC15CA9E7B89B4E5B3CFCAE79F19A,D35CB975878CCEADBC29E723B9C8C17402206C060119CC6283FCB4BF2FE989CD;69AD0E23BCD9BC2A26F9F6C59019F5FC6925DF4692F0D496443F49CB8BCEDD38;C183DD7ABEC5696C977A0C301F9659192D6D572BBA73437133856932E58E1722,1,1,READY_FOR_G9_REFRESH
CUMCM-2000-C-002,derived/scale/papers/CUMCM-2000-C-002,20260905T045418589698Z_557724fba657,2000年数学建模国赛真题+优秀论文/2000年国赛优秀论文/2000C：航程计算的数学模型.pdf,14693C3541FED988CB9DD335005DB7C7A551F93416BCD0ADF632945F69A25539,MARKER_ONLY_DIAGNOSTIC_OCR_REUSE,G11_MARKER_ONLY_PAGE_LOCAL_FORMAL_BODY,1;2;3,750BD75CEFFE5D543A1A964F76D8BC65F0B6D50162147B5966FC514A31D8227D,A83FC63335ED50C6EB6F2CD3235571CD9012895CF0DC8E0E74313F5B53DAE4BC,derived/scale/papers/CUMCM-2000-C-002/paper.md;derived/scale/papers/CUMCM-2000-C-002/metadata.yaml;derived/scale/papers/CUMCM-2000-C-002/knowledge_card.md,750BD75CEFFE5D543A1A964F76D8BC65F0B6D50162147B5966FC514A31D8227D;E969E5AF3103717D9B71231BBB16DFF80641203BFD6FF82D5FAFFF60E9FEC18B;CB22645AA10E9EAA52F338EB03C4B540029AA2DCAEDC49AD50F86B446EA0F605,A83FC63335ED50C6EB6F2CD3235571CD9012895CF0DC8E0E74313F5B53DAE4BC;CF7329C887DD1AD7598226F38FB2C8988034967209F1EF99AC70FE2D20218BCF;DAFCFD5418D0F4A5839DD608B067E6F1D41238BF3D1BEE2F0E0DECBDF7ECA6D5,1,1,READY_FOR_G9_REFRESH
CUMCM-2000-C-003,derived/scale/papers/CUMCM-2000-C-003,20260905T045418589698Z_557724fba657,2000年数学建模国赛真题+优秀论文/2000年国赛优秀论文/2000C：飞越北极的数学模型.pdf,FE1189FCB24C06827E73D5B9AE76E00DC392BE05C05F489FB4361200FE9C6C9F,MARKER_ONLY_DIAGNOSTIC_OCR_REUSE,G11_MARKER_ONLY_PAGE_LOCAL_FORMAL_BODY,1;2;3;4;5;6,3556B4100929F4D56319AA760B104EE0CA947F3D5B03F13F7A0DF601179225BE,84FF298B26E7A14670FE06EF4870C4453FA5C7DE2596E238D0785A61C28D90DC,derived/scale/papers/CUMCM-2000-C-003/paper.md;derived/scale/papers/CUMCM-2000-C-003/metadata.yaml;derived/scale/papers/CUMCM-2000-C-003/knowledge_card.md,3556B4100929F4D56319AA760B104EE0CA947F3D5B03F13F7A0DF601179225BE;9BF824FED8E979278FC688DC275CFC55F0B38CB9FBF19D105C9170B356BC1BFA;DFDE8B1EFE6941632C4C608E3F32C45018C72D84D086D30BCA38E712182D811D,84FF298B26E7A14670FE06EF4870C4453FA5C7DE2596E238D0785A61C28D90DC;9C580A873327FA1E4CB273448997BC0547E7AFEBB2C6CB7AA17A5AE07E1ADAF1;E2EB0645C35C3CC2AD5D22E2F3003262E8D42B15283958C475771EA5BDE6E2F8,1,1,READY_FOR_G9_REFRESH
CUMCM-2000-C-004,derived/scale/papers/CUMCM-2000-C-004,20260905T045418589698Z_557724fba657,2000年数学建模国赛真题+优秀论文/2000年国赛优秀论文/2000C：飞越北极.pdf,A7C1B084B5C214E7D64AA4C6041D0A72009D85B72829960A3EA0EDDA4E737E3A,MARKER_ONLY_DIAGNOSTIC_OCR_REUSE,G11_MARKER_ONLY_PAGE_LOCAL_FORMAL_BODY,1;2;3;4;5,1D9182549363CD07A8F3D657C2AD60D5197D3991577AD22ACB1BFC0A2C456E59,6168DE407D4A4DCE622552FED05440A250C3D5561D51EEA21775177F84FF1235,derived/scale/papers/CUMCM-2000-C-004/paper.md;derived/scale/papers/CUMCM-2000-C-004/metadata.yaml;derived/scale/papers/CUMCM-2000-C-004/knowledge_card.md,1D9182549363CD07A8F3D657C2AD60D5197D3991577AD22ACB1BFC0A2C456E59;CC5CE576D47A38D2B041685CCF1F9CCD74111C9912C22EE9C16D4DA4BB4C8948;02781987CCD7399CD1BB1A69C612BDB75C6350E437D0F31BFA4C92C59900E16E,6168DE407D4A4DCE622552FED05440A250C3D5561D51EEA21775177F84FF1235;FB7A9C9E63354ADFC65958B528D163171E2E1871113A872A64FB9C29344E20EF;CA9456551CB43BE5611DF74740C917E222E3D6775727CE6F0635F5A42E6D2F91,1,1,READY_FOR_G9_REFRESH
CUMCM-2000-D-001,derived/scale/papers/CUMCM-2000-D-001,20260905T045418589698Z_557724fba657,2000年数学建模国赛真题+优秀论文/2000年国赛优秀论文/2000D：空洞探测.pdf,3B7F493312C1DDF3A379EC9CB2B01C2B2AD3E10AA543FD8A2D4A3B34D0219C86,MARKER_ONLY_DIAGNOSTIC_OCR_REUSE,G11_MARKER_ONLY_PAGE_LOCAL_FORMAL_BODY,1;2;3;4;5,1D9182549363CD07A8F3D657C2AD60D5197D3991577AD22ACB1BFC0A2C456E59,23B46C7219B10872B5478D11B9A45CDFBCB5C37F5A6F2502F0467055F5ABB2CB,derived/scale/papers/CUMCM-2000-D-001/paper.md;derived/scale/papers/CUMCM-2000-D-001/metadata.yaml;derived/scale/papers/CUMCM-2000-D-001/knowledge_card.md,1D9182549363CD07A8F3D657C2AD60D5197D3991577AD22ACB1BFC0A2C456E59;3DF7768CC94375728CCD9C420F427669CD87134C0F05A1BC053099CF1C5DB536;4CAD69B4163EF8F3D3D06F3D18DD09EC822897968CC7BE8338CC6FBB53129DF3,23B46C7219B10872B5478D11B9A45CDFBCB5C37F5A6F2502F0467055F5ABB2CB;C331EE74E0B96D98FE6296FF77F832E875AB62F39EDA5108442F0C7228FAC220;62B678ACC7343D80A6BFBE286DA0B4FFDFF214587BA89CA0707C771C72EEDF86,1,1,READY_FOR_G9_REFRESH
CUMCM-2000-D-002,derived/scale/papers/CUMCM-2000-D-002,20260905T045418589698Z_557724fba657,2000年数学建模国赛真题+优秀论文/2000年国赛优秀论文/2000D：空洞探测问题及有关情况.pdf,596EA1C71B52E148BD9C187C5E6B55C6C0286D7A3CCDC8281D595FE2686DE3FD,MARKER_ONLY_EXISTING_TRUSTED_TEXT_RECONSTRUCTION,G11_MARKER_ONLY_PAGE_LOCAL_FORMAL_BODY,1;2;3,750BD75CEFFE5D543A1A964F76D8BC65F0B6D50162147B5966FC514A31D8227D,626AFD94F88C835B42FE026FF7A1CC4146424972B495CB42FE31F99ABEDD74FC,derived/scale/papers/CUMCM-2000-D-002/paper.md;derived/scale/papers/CUMCM-2000-D-002/metadata.yaml;derived/scale/papers/CUMCM-2000-D-002/knowledge_card.md,750BD75CEFFE5D543A1A964F76D8BC65F0B6D50162147B5966FC514A31D8227D;07131993F5B9445A46898F509C61973CAB757FBF1BF412BD31C58DBCCBF163B5;3D09C76ECF50248D8800F4A8FB56A97E4ED4445D255E445014E8157834596247,626AFD94F88C835B42FE026FF7A1CC4146424972B495CB42FE31F99ABEDD74FC;36EE5DF443DFAE695EB2EFDA1F7D51BD24FB80EAA4B7D258C6BA084631839C26;808E32875929F94639995C141ABA85AF537726687646A3ECCD3C3F7F5D1794F8,1,1,READY_FOR_G9_REFRESH
CUMCM-2000-D-003,derived/scale/papers/CUMCM-2000-D-003,20260905T045418589698Z_557724fba657,2000年数学建模国赛真题+优秀论文/2000年国赛优秀论文/2000D：空洞探测的最优解法.pdf,730A766E1DF02D427CD8BACDF7B80B120ABEFE434290A4284E958EE9DD38D6EA,MARKER_ONLY_DIAGNOSTIC_OCR_REUSE,G11_MARKER_ONLY_PAGE_LOCAL_FORMAL_BODY,1;2;3,750BD75CEFFE5D543A1A964F76D8BC65F0B6D50162147B5966FC514A31D8227D,471BA0E439CB5BE7A12424409336485A65D013DC2119730A2B0EF5AEB4D18744,derived/scale/papers/CUMCM-2000-D-003/paper.md;derived/scale/papers/CUMCM-2000-D-003/metadata.yaml;derived/scale/papers/CUMCM-2000-D-003/knowledge_card.md,750BD75CEFFE5D543A1A964F76D8BC65F0B6D50162147B5966FC514A31D8227D;B2B6788F7D4666DD3CBDD636AE257743F9C8E671AE700A413EF50E58011DB156;4476D4C36247D6B9600217A042D3C5BCBD108A41BB5F858BCDDDD80B045FBEB9,471BA0E439CB5BE7A12424409336485A65D013DC2119730A2B0EF5AEB4D18744;D71F747E1B4A136C72E829F2D0D8FA0378B1DD2C4E076353EE0462BDB1984A83;718D26ED085695DED68510538494CB85EA502D7EA962FAF348753020BA42575F,1,1,READY_FOR_G9_REFRESH
CUMCM-2001-A-001,derived/scale/papers/CUMCM-2001-A-001,20260905T045418589698Z_557724fba657,2001年数学建模国赛真题+优秀论文/2001年国赛优秀论文/2001A：血管切片的三维重建.pdf,1B2A5BE4A875E37494661432EA4FB9B0945500C9AF8D24CA374CDDE1C211AADB,DOC_EXISTING_EXTRACTION_RECONSTRUCTION;MARKER_ONLY_DIAGNOSTIC_OCR_REUSE,G11_MARKER_ONLY_PAGE_LOCAL_FORMAL_BODY,1;2;3;4;5;6,3556B4100929F4D56319AA760B104EE0CA947F3D5B03F13F7A0DF601179225BE,25E382CD5CE4F99D69F070B726A4A72EB33EDE0E295075941C1F42856F80AC3E,derived/scale/papers/CUMCM-2001-A-001/paper.md;derived/scale/papers/CUMCM-2001-A-001/metadata.yaml;derived/scale/papers/CUMCM-2001-A-001/knowledge_card.md,3556B4100929F4D56319AA760B104EE0CA947F3D5B03F13F7A0DF601179225BE;919C37DAABACA6CCFA2A15801818FFC8F5CF027B62A093FEB206968DE5DE8413;0B33E3199B0CCBB291424EBA349C4796AFEB467B60452FADFB0F20AB04610C4C,25E382CD5CE4F99D69F070B726A4A72EB33EDE0E295075941C1F42856F80AC3E;5AA5BB5E39DEFEAB0433E785076DC8E0DAB1037DA1DEFF5AE19C1DDEFACC5F7C;A4B4D46F0478228DF3A1E4ABB28B10597CF7ACA432E23B5D363DF5C37D9678E7,1,1,READY_FOR_G9_REFRESH
CUMCM-2001-A-002,derived/scale/papers/CUMCM-2001-A-002,20260905T045418589698Z_557724fba657,2001年数学建模国赛真题+优秀论文/2001年国赛优秀论文/2001A：血管三维重建的问题.pdf,6AAB07C9A698931E3B7F6B8E60906E643D98E5A51677904FA79138793321AC8F,MARKER_ONLY_DIAGNOSTIC_OCR_REUSE;MARKER_ONLY_EXISTING_TRUSTED_TEXT_RECONSTRUCTION,G11_MARKER_ONLY_PAGE_LOCAL_FORMAL_BODY,1;2;3;4;5,1D9182549363CD07A8F3D657C2AD60D5197D3991577AD22ACB1BFC0A2C456E59,1C654C6E808AEE6041DDF77FDDF83471CDA17693EB09659B195E4CD24E205DFC,derived/scale/papers/CUMCM-2001-A-002/paper.md;derived/scale/papers/CUMCM-2001-A-002/metadata.yaml;derived/scale/papers/CUMCM-2001-A-002/knowledge_card.md,1D9182549363CD07A8F3D657C2AD60D5197D3991577AD22ACB1BFC0A2C456E59;0473405CDF073C522DC291844E889BC07AF773D2CA886C597F75699B2EC15EFA;CA72F03456D5FC9E3F800DF581FEA7011183F264C6BF2A70F78034F043FBB67A,1C654C6E808AEE6041DDF77FDDF83471CDA17693EB09659B195E4CD24E205DFC;076EE11BAC6CDDBB59A674E24A37810430AC63F81F17BD9B89D551C2D53622C8;71ABD70E5E81794BB324F29975BEB32CEBE4A6214F254F4E3C66204237B377C9,1,1,READY_FOR_G9_REFRESH
CUMCM-2001-A-003,derived/scale/papers/CUMCM-2001-A-003,20260905T045418589698Z_557724fba657,2001年数学建模国赛真题+优秀论文/2001年国赛优秀论文/2001A：利用切片的二维空间相关操作实现血管的三维重建.pdf,18A6A74D30B7CD29755E3D5554050A17B596A8774C7AB6BFAAAA0D01D2FD4E01,MARKER_ONLY_DIAGNOSTIC_OCR_REUSE,G11_MARKER_ONLY_PAGE_LOCAL_FORMAL_BODY,1;2;3;4;5;6,3556B4100929F4D56319AA760B104EE0CA947F3D5B03F13F7A0DF601179225BE,4288201C9D61D4399DE34727DE73888F2C2251009F0F1F2E81C74465ADC5DCB9,derived/scale/papers/CUMCM-2001-A-003/paper.md;derived/scale/papers/CUMCM-2001-A-003/metadata.yaml;derived/scale/papers/CUMCM-2001-A-003/knowledge_card.md,3556B4100929F4D56319AA760B104EE0CA947F3D5B03F13F7A0DF601179225BE;01AFB8A35AFF9DF9180C8FE039C7AC4083A79E819B03E0905B90E81A51D6F14E;ED6C0BBFE9B38A9FB9150D17E0746D4426F1186E48B55C263C896789A1A10315,4288201C9D61D4399DE34727DE73888F2C2251009F0F1F2E81C74465ADC5DCB9;298CEF7D36DA5589DF034FA91C6ABAD0CE37260C3924A9AAD6709BCC42059403;FBDAEF352AF883EBE3CAA0848072E70D294590070E7433FEDEC2F9205B475092,1,1,READY_FOR_G9_REFRESH
CUMCM-2001-A-004,derived/scale/papers/CUMCM-2001-A-004,20260905T045418589698Z_557724fba657,2001年数学建模国赛真题+优秀论文/2001年国赛优秀论文/2001A：血管的三维重建.pdf,837CAB0005C66E81BEA3920EB9DADCB3FBDB7283AE336CE37DE9DFF663E114E3,MARKER_ONLY_DIAGNOSTIC_OCR_REUSE,G11_MARKER_ONLY_PAGE_LOCAL_FORMAL_BODY,1;2;3;4;5;6,3556B4100929F4D56319AA760B104EE0CA947F3D5B03F13F7A0DF601179225BE,255D2D9DF675DBCEA778C6B114738035613E0EBB15650951F9995A78095638D2,derived/scale/papers/CUMCM-2001-A-004/paper.md;derived/scale/papers/CUMCM-2001-A-004/metadata.yaml;derived/scale/papers/CUMCM-2001-A-004/knowledge_card.md,3556B4100929F4D56319AA760B104EE0CA947F3D5B03F13F7A0DF601179225BE;4EB09BAB3879EC45048A9512DF3CB353B6341AF079738B2B2858126CCABEE265;5CDDD9B8A7AE36781C2162709EC3174E9E1A58E2E78218CE67F300B691450E00,255D2D9DF675DBCEA778C6B114738035613E0EBB15650951F9995A78095638D2;45B139674A695A9490E3F92DCFF0C25A00A6A441531CB551A5C3DF5248A55384;2F906B30DB5E690E4E55010A20B9372EA4F7218EE4A85C31B1FABFB2CC9D8961,1,1,READY_FOR_G9_REFRESH
CUMCM-2001-A-005,derived/scale/papers/CUMCM-2001-A-005,20260905T045418589698Z_557724fba657,2001年数学建模国赛真题+优秀论文/2001年国赛优秀论文/2001A：管道切片的三维重建.pdf,8EB51A5D0FD04F9201EF7115341250090E6F5368B508F1184D0579C529DFCE2E,MARKER_ONLY_DIAGNOSTIC_OCR_REUSE,G11_MARKER_ONLY_PAGE_LOCAL_FORMAL_BODY,1;2;3;4;5;6;7,845EAC42B8D7C797245E742A556F6F7B87F8594979C758FB43031CD6D48DB563,D890C064F5D63C80129DE067D3A7592F2316B705B3D1D0DCF0B29CCF8CD1B9AD,derived/scale/papers/CUMCM-2001-A-005/paper.md;derived/scale/papers/CUMCM-2001-A-005/metadata.yaml;derived/scale/papers/CUMCM-2001-A-005/knowledge_card.md,845EAC42B8D7C797245E742A556F6F7B87F8594979C758FB43031CD6D48DB563;1224536CF3A8E2A001530C11A08F5C3D5ABB4253D7321966E502AD21648307F7;B01744B5FA09C5C776AF23DF3E70322C465288D01ACA728C4CA44FD74A8CB051,D890C064F5D63C80129DE067D3A7592F2316B705B3D1D0DCF0B29CCF8CD1B9AD;77B71EF21E9A897BBD87AD6FDD9215861664E6832AEBA920752C3AA09B889739;2FD7A148A2FD806B66EDE05D211F42BA4BDE2F5860CF3F2EF7F95B7CEA363551,1,1,READY_FOR_G9_REFRESH
CUMCM-2001-A-006,derived/scale/papers/CUMCM-2001-A-006,20260905T045418589698Z_557724fba657,2001年数学建模国赛真题+优秀论文/2001年国赛优秀论文/2001A：管道切片的三维重建 (2).pdf,B63712168694F7462D2A58BBB4501C3C3B2A2261084CDF33D78D4866CB19D2F2,MARKER_ONLY_DIAGNOSTIC_OCR_REUSE,G11_MARKER_ONLY_PAGE_LOCAL_FORMAL_BODY,1;2;3;4;5;6;7,845EAC42B8D7C797245E742A556F6F7B87F8594979C758FB43031CD6D48DB563,FACEA02E4DDB1617421526745B423E7C20C7B5AE557C87FFC57BB336036D9353,derived/scale/papers/CUMCM-2001-A-006/paper.md;derived/scale/papers/CUMCM-2001-A-006/metadata.yaml;derived/scale/papers/CUMCM-2001-A-006/knowledge_card.md,845EAC42B8D7C797245E742A556F6F7B87F8594979C758FB43031CD6D48DB563;DBD0A17F07468A3ED600A718A81C31D657F89D07B99D04A0BFB14EDB51EEC699;82AAE5EBD1E97129C1484E32FF129F63CA029DBF23FC321F02A80E1C5624E49F,FACEA02E4DDB1617421526745B423E7C20C7B5AE557C87FFC57BB336036D9353;89A7FD311841F257D2628917000FBB7159A349C6FF1D9AAECBC48D3FA4C5BFCA;D3020FCA3FCCC86E6A24AAABB46BE1E8B0E58147B520171D346C5EF03C26D098,1,1,READY_FOR_G9_REFRESH
CUMCM-2001-A-007,derived/scale/papers/CUMCM-2001-A-007,20260905T045418589698Z_557724fba657,2001年数学建模国赛真题+优秀论文/2001年国赛优秀论文/2001A：血管管道的三维重建 (2).pdf,36F46A8E11DE707CF269E8EC69AF8854674EB9D51188ECCA28C8E063C21FDB41,MARKER_ONLY_DIAGNOSTIC_OCR_REUSE,G11_MARKER_ONLY_PAGE_LOCAL_FORMAL_BODY,1;2;3;4;5;6;7;8,A77C45CA4996F487E50554AFAD7BFE22E0C6D461B26680CBB4AB637D01230D7C,7A8F9AD8F9AFC45DB9A227D85AA16B0515A8BDC130935BAD822854E91603AD22,derived/scale/papers/CUMCM-2001-A-007/paper.md;derived/scale/papers/CUMCM-2001-A-007/metadata.yaml;derived/scale/papers/CUMCM-2001-A-007/knowledge_card.md,A77C45CA4996F487E50554AFAD7BFE22E0C6D461B26680CBB4AB637D01230D7C;E8F6131D2CA80467ECFE8AA5600ABBDAFF4E275F5452CA97F7EEF79BA98DDD76;44906272EA7E023E80AFCBA8CB530BB0816870004A32DDB5B02DA98048DABD70,7A8F9AD8F9AFC45DB9A227D85AA16B0515A8BDC130935BAD822854E91603AD22;64FD2C1A73F6E8CFA3BE259CA8B6B5DB610FC92F18946E0C84BCB1E992AE0377;1BB73D510554AB03CA370E6BCB4136853F1FAAE369C9A15E850EE0D52503B034,1,1,READY_FOR_G9_REFRESH
CUMCM-2001-A-008,derived/scale/papers/CUMCM-2001-A-008,20260905T045418589698Z_557724fba657,2001年数学建模国赛真题+优秀论文/2001年国赛优秀论文/2001A：血管三维重建的问题A.pdf,1BDA1352B4F91D5D01A0154A63BAC28CA8765B1A811649E63A44F72E9966B5CE,MARKER_ONLY_DIAGNOSTIC_OCR_REUSE,G11_MARKER_ONLY_PAGE_LOCAL_FORMAL_BODY,1;2;3;4;5,1D9182549363CD07A8F3D657C2AD60D5197D3991577AD22ACB1BFC0A2C456E59,B2F8BC086EB01AC96CFD5E29AFF4D3D0EE55EC650D09F34AFCE9B9D88AEEB9C7,derived/scale/papers/CUMCM-2001-A-008/paper.md;derived/scale/papers/CUMCM-2001-A-008/metadata.yaml;derived/scale/papers/CUMCM-2001-A-008/knowledge_card.md,1D9182549363CD07A8F3D657C2AD60D5197D3991577AD22ACB1BFC0A2C456E59;B3676101F18D561F8AFCDCD72563891D831664CEF7959CE27FE4F89F8AE78387;849D81374F5023009991C35835B361CC9C3E1660C3BA585714D7CF8FE31D44B2,B2F8BC086EB01AC96CFD5E29AFF4D3D0EE55EC650D09F34AFCE9B9D88AEEB9C7;CBE2387985BA6D1953DCAD2DACE7EFCA8832A6521B15D811832343C8BBDB2800;C1BEBB47518C8B8B0201A69B3E5572B9B4399EFF1C9F842DFFB03480D3BACDE1,1,1,READY_FOR_G9_REFRESH
CUMCM-2001-A-009,derived/scale/papers/CUMCM-2001-A-009,20260905T045418589698Z_557724fba657,2001年数学建模国赛真题+优秀论文/2001年国赛优秀论文/2001A：血管切片的三维重建 (2).pdf,81DEAC31BCAB1054F91AC5F9E82EF8628921F39F470091C0FA392AD82F33E3DF,MARKER_ONLY_DIAGNOSTIC_OCR_REUSE,G11_MARKER_ONLY_PAGE_LOCAL_FORMAL_BODY,1;2;3;4;5;6,3556B4100929F4D56319AA760B104EE0CA947F3D5B03F13F7A0DF601179225BE,CEC41E220F8682E1EFBB7004AB7F30B741863FC7F93FFBDD7ADF645ED2B9026F,derived/scale/papers/CUMCM-2001-A-009/paper.md;derived/scale/papers/CUMCM-2001-A-009/metadata.yaml;derived/scale/papers/CUMCM-2001-A-009/knowledge_card.md,3556B4100929F4D56319AA760B104EE0CA947F3D5B03F13F7A0DF601179225BE;07473C3E03EB55D1932E8F491DC53972951289F17124DF3E222DAAA13D8ABE39;D94EA6AB7960D11B1956F6B8263F854287017BF818AF11894DDA2F793BB7496D,CEC41E220F8682E1EFBB7004AB7F30B741863FC7F93FFBDD7ADF645ED2B9026F;B9C8F62EA32EEBAB99A8FC4CBEDFB542548674B2526B55F7B0A24A9FC9BEE118;C77E7EA3FD38B55546ADFF984E8CB625E155EF3294525AE6901DE8F8C341510D,1,1,READY_FOR_G9_REFRESH
CUMCM-2001-A-010,derived/scale/papers/CUMCM-2001-A-010,20260905T045418589698Z_557724fba657,2001年数学建模国赛真题+优秀论文/2001年国赛优秀论文/2001A：旋转抛物面聚光效果的研究.pdf,273DBE3935179F856B622443EA7D2BAAED27F48DC46CF71F0DC99E0F6A7D450E,MARKER_ONLY_DIAGNOSTIC_OCR_REUSE,G11_MARKER_ONLY_PAGE_LOCAL_FORMAL_BODY,1;2;3;4;5,1D9182549363CD07A8F3D657C2AD60D5197D3991577AD22ACB1BFC0A2C456E59,E7454078B87D2A4E56E656FAA4C3D0BF3F434F2F12AFC402467FC14018AE21D6,derived/scale/papers/CUMCM-2001-A-010/paper.md;derived/scale/papers/CUMCM-2001-A-010/metadata.yaml;derived/scale/papers/CUMCM-2001-A-010/knowledge_card.md,1D9182549363CD07A8F3D657C2AD60D5197D3991577AD22ACB1BFC0A2C456E59;F01D0695C43ACA798632A991870B8DE1EA869CDD728256AB1D730EDF424C6475;89083A037241C0DCD3CAD8762C618DDE6D3B38313DFF0740F00C445362EB4EBB,E7454078B87D2A4E56E656FAA4C3D0BF3F434F2F12AFC402467FC14018AE21D6;1166F2E01668AE3E8E22FA0B530BEC55F84788410182B8BB48E6233CEC22769F;96E9721665AA5CCC62999C324DAD68B05DAF8D6A1D947AFBBE38D9F0B38EA327,1,1,READY_FOR_G9_REFRESH
CUMCM-2001-A-011,derived/scale/papers/CUMCM-2001-A-011,20260905T045418589698Z_557724fba657,2001年数学建模国赛真题+优秀论文/2001年国赛优秀论文/2001A：血管管道的三维重建.pdf,E38825A5B771F57B2D91665C29C79C7DDC0E63AA740D103DA83FEF3C7ADA1196,MARKER_ONLY_DIAGNOSTIC_OCR_REUSE,G11_MARKER_ONLY_PAGE_LOCAL_FORMAL_BODY,1;2;3;4;5;6;7;8,A77C45CA4996F487E50554AFAD7BFE22E0C6D461B26680CBB4AB637D01230D7C,79E93BE21FE6ADCD45ACEA495334C74AEA73C93226782142F0BA10D9C0FCEF55,derived/scale/papers/CUMCM-2001-A-011/paper.md;derived/scale/papers/CUMCM-2001-A-011/metadata.yaml;derived/scale/papers/CUMCM-2001-A-011/knowledge_card.md,A77C45CA4996F487E50554AFAD7BFE22E0C6D461B26680CBB4AB637D01230D7C;FDE14426254D925E6815584205EF0B2FA30328E7C7FFC56DA99F639EAFB36ACD;D6F8C2A5BB7530BD0E8167735A7DFDF090FCC7FFD5DDE0F1489FCB73C035AABE,79E93BE21FE6ADCD45ACEA495334C74AEA73C93226782142F0BA10D9C0FCEF55;64A494767D74920E9BAB89398F9B2AC7F308270372C3E0E68777150BF6099BCE;6242FB685456B7E2E74AE8379D9A9C0FFBB1CFCAA38B01D5FDD8B832879B2D54,1,1,READY_FOR_G9_REFRESH
CUMCM-2001-A-012,derived/scale/papers/CUMCM-2001-A-012,20260905T045418589698Z_557724fba657,2001年数学建模国赛真题+优秀论文/2001年国赛优秀论文/2001A：血管的三维重建 (2).pdf,B8901C32246F2042BF38A39F4668D6D1E186469C2F2A5610F765A676BA75FFBF,MARKER_ONLY_DIAGNOSTIC_OCR_REUSE,G11_MARKER_ONLY_PAGE_LOCAL_FORMAL_BODY,1;2;3;4;5;6,3556B4100929F4D56319AA760B104EE0CA947F3D5B03F13F7A0DF601179225BE,2BE84B93AA0F52EBACBB47C7C07F1759305FDBA9389C5495E20CEF90E503F5F9,derived/scale/papers/CUMCM-2001-A-012/paper.md;derived/scale/papers/CUMCM-2001-A-012/metadata.yaml;derived/scale/papers/CUMCM-2001-A-012/knowledge_card.md,3556B4100929F4D56319AA760B104EE0CA947F3D5B03F13F7A0DF601179225BE;6BFB2E4E8553A0DA90A00EE24B266A56DA3C03D9CCF95DE026D7D19D38E0DCE6;0AD59C80BD6F645E382432B84BA9C58E9F31D12B3396EE4D30CE0449AA68AC9B,2BE84B93AA0F52EBACBB47C7C07F1759305FDBA9389C5495E20CEF90E503F5F9;15F40F3BB7458AF1D21E2E128C04BFAE1A5FE610BBF95A7AA5A126CDFE5059D1;BAFB47C0605FF8B4169FEFD516417FF8C4A878CDAF0C87D05E45BF7205383BE0,1,1,READY_FOR_G9_REFRESH
CUMCM-2001-B-001,derived/scale/papers/CUMCM-2001-B-001,20260905T045418589698Z_557724fba657,2001年数学建模国赛真题+优秀论文/2001年国赛优秀论文/2001B：公交车调度优化模型.pdf,BA89E0F687DE3A8DEF4607B21F4D8979DBCC8D775FE9F4F7FB613AB1EC44C254,MARKER_ONLY_DIAGNOSTIC_OCR_REUSE,G11_MARKER_ONLY_PAGE_LOCAL_FORMAL_BODY,1;2;3;4;5;6,3556B4100929F4D56319AA760B104EE0CA947F3D5B03F13F7A0DF601179225BE,08B2609C7AB5AE33A420EC2257F32AD7390C8090E0304289FDF0DF3B5DC2336B,derived/scale/papers/CUMCM-2001-B-001/paper.md;derived/scale/papers/CUMCM-2001-B-001/metadata.yaml;derived/scale/papers/CUMCM-2001-B-001/knowledge_card.md,3556B4100929F4D56319AA760B104EE0CA947F3D5B03F13F7A0DF601179225BE;CE818DE599784724E70BF2654E556011620F824B0138B0408810F2C85B012E03;7BCCE3A8047C838D8EA4EEE6CFBDA5E44AD1EF44B0ECDB82F0169E8ECE4991C0,08B2609C7AB5AE33A420EC2257F32AD7390C8090E0304289FDF0DF3B5DC2336B;7B054575044665F4201CEAEBB4BBEAF2E429D702FB5E3FEDF22301FE16A71F11;FB3289C607FB15E6DB1ACF53B3B3C1D241436AC09312E90E8D32F72832734C49,1,1,READY_FOR_G9_REFRESH
CUMCM-2001-B-002,derived/scale/papers/CUMCM-2001-B-002,20260905T045418589698Z_557724fba657,2001年数学建模国赛真题+优秀论文/2001年国赛优秀论文/2001B：对于公交汽车调度问题的求解.pdf,89768B6C78A6018D0295F036222D968ADAD1387F555EE25E9ED6650D56533DD4,MARKER_ONLY_DIAGNOSTIC_OCR_REUSE,G11_MARKER_ONLY_PAGE_LOCAL_FORMAL_BODY,1;2;3;4;5;6;7;8,A77C45CA4996F487E50554AFAD7BFE22E0C6D461B26680CBB4AB637D01230D7C,C3F1191C4D2E4C935F86F80CDA7FECBFB9EE156B1E744745BB3046F728BD5FFE,derived/scale/papers/CUMCM-2001-B-002/paper.md;derived/scale/papers/CUMCM-2001-B-002/metadata.yaml;derived/scale/papers/CUMCM-2001-B-002/knowledge_card.md,A77C45CA4996F487E50554AFAD7BFE22E0C6D461B26680CBB4AB637D01230D7C;1108D44CC40FA29704FF161FD085E0F8E0E47AC5AADA69814AC968FEDFD699C5;2EDE27CA4AD42898A477A6245E8A2CAFCF7A0889639C9B815C42B9CD0E1E464F,C3F1191C4D2E4C935F86F80CDA7FECBFB9EE156B1E744745BB3046F728BD5FFE;8F9BB24CC1BA46FB822BB728CCF819D0E0823B628A3C92062429FEFFF0503430;C56F9EE50E2939F3B77D32A385FE16A6B0BAC6FDA86153C65CB9EE5E998595CB,1,1,READY_FOR_G9_REFRESH
CUMCM-2001-B-003,derived/scale/papers/CUMCM-2001-B-003,20260905T045418589698Z_557724fba657,2001年数学建模国赛真题+优秀论文/2001年国赛优秀论文/2001B：关于公交车调度的优化问题.pdf,F907B8F8C14DC155E919A328CC6F9A2AB01842534B552DDBEF377B1C40B5031D,MARKER_ONLY_DIAGNOSTIC_OCR_REUSE,G11_MARKER_ONLY_PAGE_LOCAL_FORMAL_BODY,1;2;3;4;5;6;7,845EAC42B8D7C797245E742A556F6F7B87F8594979C758FB43031CD6D48DB563,7B154111D9053AC9EB9A44D0FB189704D57A22739DCC2CAF4BE71A8DBFB8640F,derived/scale/papers/CUMCM-2001-B-003/paper.md;derived/scale/papers/CUMCM-2001-B-003/metadata.yaml;derived/scale/papers/CUMCM-2001-B-003/knowledge_card.md,845EAC42B8D7C797245E742A556F6F7B87F8594979C758FB43031CD6D48DB563;72A030193ABA3464953F5AC05BA73EB125F6EE13266D73E7B9F020780BC478D8;B98E749C484C79AF6151F8505789A80CE7BF86F3C91FC2F395164CF4CC73DC78,7B154111D9053AC9EB9A44D0FB189704D57A22739DCC2CAF4BE71A8DBFB8640F;5D3F898F302B0F49B72A2AE3B61F7740263DE6E18E82B301D647DF335B9E61C3;2DE71B00434FF7C031F3969E959D0070110059EA07B7638FDB75028C749CA33F,1,1,READY_FOR_G9_REFRESH
CUMCM-2001-B-004,derived/scale/papers/CUMCM-2001-B-004,20260905T045418589698Z_557724fba657,2001年数学建模国赛真题+优秀论文/2001年国赛优秀论文/2001B：公交车调度的规划数学模型.pdf,0571A6E99D80D7A738CDD1E6542750D71F2FAAA2C81DF0B8D4B7050CF5916077,MARKER_ONLY_DIAGNOSTIC_OCR_REUSE,G11_MARKER_ONLY_PAGE_LOCAL_FORMAL_BODY,1;2;3;4;5;6;7;8,A77C45CA4996F487E50554AFAD7BFE22E0C6D461B26680CBB4AB637D01230D7C,A1F5434EF50E3A903AAF1CFC0E4DA376472588501C9A603E7459B9A9718BEAE1,derived/scale/papers/CUMCM-2001-B-004/paper.md;derived/scale/papers/CUMCM-2001-B-004/metadata.yaml;derived/scale/papers/CUMCM-2001-B-004/knowledge_card.md,A77C45CA4996F487E50554AFAD7BFE22E0C6D461B26680CBB4AB637D01230D7C;F292A0101E6F78719BB5534252E689E05D6EE15F5D94F29D33A0060AE9B026A5;A5038ACBB828FF0277D35E9F2E4CC9990AD7CAB75E2A39B6E843003F0193866A,A1F5434EF50E3A903AAF1CFC0E4DA376472588501C9A603E7459B9A9718BEAE1;F3F16B8B141CC5153C93DB56D2A69438E32BAA1031F6395A2B58B12C1DC6319B;1F57D54A286F19BA2920575352A6570A7DB84266B762A5D194E1E3D9F2849D8F,1,1,READY_FOR_G9_REFRESH
CUMCM-2001-B-005,derived/scale/papers/CUMCM-2001-B-005,20260905T045418589698Z_557724fba657,2001年数学建模国赛真题+优秀论文/2001年国赛优秀论文/2001B：公交车调度问题的数学模型.pdf,F983E991091A5AE70734083C0935DBBCC957F00DF44C6D3982D044A766A0ED53,MARKER_ONLY_DIAGNOSTIC_OCR_REUSE,G11_MARKER_ONLY_PAGE_LOCAL_FORMAL_BODY,1;2;3;4;5;6,3556B4100929F4D56319AA760B104EE0CA947F3D5B03F13F7A0DF601179225BE,A2EBB77606C04D9F47EDCE2FCC1AA0A0B6EB591132DB46B6767879400F644A3A,derived/scale/papers/CUMCM-2001-B-005/paper.md;derived/scale/papers/CUMCM-2001-B-005/metadata.yaml;derived/scale/papers/CUMCM-2001-B-005/knowledge_card.md,3556B4100929F4D56319AA760B104EE0CA947F3D5B03F13F7A0DF601179225BE;5A99728C43073CCAAC66011AE990C465D58225C9833B6864345E9460A3E8464F;3B6DE0066540B620AAD01B90FF76368DB81AC39EE735E639FD7123683D88156E,A2EBB77606C04D9F47EDCE2FCC1AA0A0B6EB591132DB46B6767879400F644A3A;0D2B6E81FC9D4667C8879F2AD04AF0B162306D6D8DEA063EC9439B702D69B16D;CE0FE0D6D3C2812BC6FEE52A027FC0CF7691A5D64A8BF22116D33A7FC0C09CD6,1,1,READY_FOR_G9_REFRESH
CUMCM-2001-B-006,derived/scale/papers/CUMCM-2001-B-006,20260905T045418589698Z_557724fba657,2001年数学建模国赛真题+优秀论文/2001年国赛优秀论文/2001B：公交车调度.pdf,230B17BEA31423FAF14C1B6789005A24298DDE71181C0E097C49626590B9FF66,MARKER_ONLY_DIAGNOSTIC_OCR_REUSE,G11_MARKER_ONLY_PAGE_LOCAL_FORMAL_BODY,1;2;3;4;5;6,3556B4100929F4D56319AA760B104EE0CA947F3D5B03F13F7A0DF601179225BE,2EC2F3A8E7E13EB634CDCAB92CFF93195FAC79D8537F28243CB7B3683F3CA3CD,derived/scale/papers/CUMCM-2001-B-006/paper.md;derived/scale/papers/CUMCM-2001-B-006/metadata.yaml;derived/scale/papers/CUMCM-2001-B-006/knowledge_card.md,3556B4100929F4D56319AA760B104EE0CA947F3D5B03F13F7A0DF601179225BE;E001D9B6A3C95E510C77F84AD51C16835FE5F8C77024D12B15871D906649C0E3;C30243834A971D954AE28F905810E9A2157E4FC774EE5D142F3BE6AC9A810EA7,2EC2F3A8E7E13EB634CDCAB92CFF93195FAC79D8537F28243CB7B3683F3CA3CD;5EF14511C1F34093BBAE3D6C1A4EB33F37E807804FA83AF1105ED601C8ACC068;91D4E643947E73AC8831BFBBF1030DC78931E012017E4091D579806BDBB4FA56,1,1,READY_FOR_G9_REFRESH
CUMCM-2001-B-007,derived/scale/papers/CUMCM-2001-B-007,20260905T045418589698Z_557724fba657,2001年数学建模国赛真题+优秀论文/2001年国赛优秀论文/2001B：公交车调度问题的研究.pdf,044F8116300A68D7DD1EB481A9F8C2A2717981DE03A8463C5233D038054A6CBD,MARKER_ONLY_DIAGNOSTIC_OCR_REUSE,G11_MARKER_ONLY_PAGE_LOCAL_FORMAL_BODY,1;2;3;4;5;6;7;8,A77C45CA4996F487E50554AFAD7BFE22E0C6D461B26680CBB4AB637D01230D7C,3615F517D935C70D69F0698145B3E08B93086AE6D7A6128007FD9A7AF4DE60E8,derived/scale/papers/CUMCM-2001-B-007/paper.md;derived/scale/papers/CUMCM-2001-B-007/metadata.yaml;derived/scale/papers/CUMCM-2001-B-007/knowledge_card.md,A77C45CA4996F487E50554AFAD7BFE22E0C6D461B26680CBB4AB637D01230D7C;F85DABD066006D3B1B724D62D83C6DF90BB543A4A317F2E261087442B2C7CE7B;55C3D4CC016559BD89620ED49562A9F764A9F25859170EB3E4163F9E7428E118,3615F517D935C70D69F0698145B3E08B93086AE6D7A6128007FD9A7AF4DE60E8;ECE3CA287C7DC414890EE8729AA6ADD486EC80178BDD76B5ED8695A240978200;A6C905E5842A1BE6B4417CD3D42F1215317ABCF93B8A01FCAC2F54AD2766692F,1,1,READY_FOR_G9_REFRESH
CUMCM-2001-B-008,derived/scale/papers/CUMCM-2001-B-008,20260905T045418589698Z_557724fba657,2001年数学建模国赛真题+优秀论文/2001年国赛优秀论文/2001B：关于公交车调度的优化问题 (2).pdf,C23BF865B0681B4147D658586BBCE37C3F0853EDBA5144BD107328DF8481FCEC,MARKER_ONLY_DIAGNOSTIC_OCR_REUSE,G11_MARKER_ONLY_PAGE_LOCAL_FORMAL_BODY,1;2;3;4;5;6;7,845EAC42B8D7C797245E742A556F6F7B87F8594979C758FB43031CD6D48DB563,8ABDBEC28BCFD39A81A84BFF9FCE2334BBD83897916BC7AC1F9C440A19FC7852,derived/scale/papers/CUMCM-2001-B-008/paper.md;derived/scale/papers/CUMCM-2001-B-008/metadata.yaml;derived/scale/papers/CUMCM-2001-B-008/knowledge_card.md,845EAC42B8D7C797245E742A556F6F7B87F8594979C758FB43031CD6D48DB563;E65C392E81374900B26A0A8D73B911A3C0F244AE13502A2DA4B6297C0A0E8F65;F210F03872C948C12E7D853BBDB6C949578D392F176BBCD33E7BAC4DCD98E38C,8ABDBEC28BCFD39A81A84BFF9FCE2334BBD83897916BC7AC1F9C440A19FC7852;5B616807090B864E2B99D127D657ADBD0442981CE42CB55853D254983D027425;48BC9F56F6A962C845F3D93B7FABCAA3CB1370B2805919CB58B6AEFA8673BF4A,1,1,READY_FOR_G9_REFRESH
CUMCM-2001-C-001,derived/scale/papers/CUMCM-2001-C-001,20260905T045418589698Z_557724fba657,2001年数学建模国赛真题+优秀论文/2001年国赛优秀论文/2001C：基金存储方案.pdf,801FA9B4555CFFC18C5E39E9CF91B957A10A7B87DD067E488CA08FD1530E5FD1,MARKER_ONLY_DIAGNOSTIC_OCR_REUSE,G11_MARKER_ONLY_PAGE_LOCAL_FORMAL_BODY,1;2;3;4;5;6;7,845EAC42B8D7C797245E742A556F6F7B87F8594979C758FB43031CD6D48DB563,06CCCE16015694FCB66FC0ECC7918A2331FBEEDF7CF133BF26DDD6116032A309,derived/scale/papers/CUMCM-2001-C-001/paper.md;derived/scale/papers/CUMCM-2001-C-001/metadata.yaml;derived/scale/papers/CUMCM-2001-C-001/knowledge_card.md,845EAC42B8D7C797245E742A556F6F7B87F8594979C758FB43031CD6D48DB563;BF27DC976F361394DEDB6929F268462A3CF945B73DD994731A6E015B458635A4;69B1F935A439F851847409E7DF9DEDB945CCD467B8C1B630EA95F80E94D90C58,06CCCE16015694FCB66FC0ECC7918A2331FBEEDF7CF133BF26DDD6116032A309;569C6B5BF676DABC15123ACF851ACA8D673FC70D2D0F91B86F620E847E1DAADC;CBB082AC4EF3DFE9CADA3BB5FF9361BF61263DA457493330E1AFACA483FF2006,1,1,READY_FOR_G9_REFRESH
CUMCM-2001-C-002,derived/scale/papers/CUMCM-2001-C-002,20260905T045418589698Z_557724fba657,2001年数学建模国赛真题+优秀论文/2001年国赛优秀论文/2001C：“基金使用计划”模型和评述.pdf,7572379FF6B8A6B78B7CE51ABCC631C1DF6059601AD45C0FB96409340DB2F780,MARKER_ONLY_DIAGNOSTIC_OCR_REUSE,G11_MARKER_ONLY_PAGE_LOCAL_FORMAL_BODY,1;2;3;4;5;6;7,845EAC42B8D7C797245E742A556F6F7B87F8594979C758FB43031CD6D48DB563,AEFFEB768F8A0E8CCE551B1DFF12A2D450FD25DACE2F2CE4143DEC35A6FD4B93,derived/scale/papers/CUMCM-2001-C-002/paper.md;derived/scale/papers/CUMCM-2001-C-002/metadata.yaml;derived/scale/papers/CUMCM-2001-C-002/knowledge_card.md,845EAC42B8D7C797245E742A556F6F7B87F8594979C758FB43031CD6D48DB563;7185AC5C5E8FD14B019A3BD2CE5A936D2B30C8BC4654F24EAA878EB15C6867CF;666274F6DCD56B8564B2145D26B35D4A8BB3842A5E6EB54F40A9726308F4E766,AEFFEB768F8A0E8CCE551B1DFF12A2D450FD25DACE2F2CE4143DEC35A6FD4B93;5C39CFD9D250AC9617C57DFF59B054E5D7C82E55BEF8B2E1563E34F73E680CBB;BD344578975528EAEF456502FA6BFC94AFB1D9F96D95F630E3E2E2A1C3451B74,1,1,READY_FOR_G9_REFRESH
CUMCM-2001-C-003,derived/scale/papers/CUMCM-2001-C-003,20260905T045418589698Z_557724fba657,2001年数学建模国赛真题+优秀论文/2001年国赛优秀论文/2001C：基金最佳使用计划.pdf,7229B6C376D7469D0442A6D5998AC07B70DA60A77E4DDE20012CD46AE7D190B7,MARKER_ONLY_DIAGNOSTIC_OCR_REUSE,G11_MARKER_ONLY_PAGE_LOCAL_FORMAL_BODY,1;2;3;4;5;6;7;8,A77C45CA4996F487E50554AFAD7BFE22E0C6D461B26680CBB4AB637D01230D7C,10D13D47D25F59D9DCC0EA1290F4A6E49FD24E138202899822EAC385074391B4,derived/scale/papers/CUMCM-2001-C-003/paper.md;derived/scale/papers/CUMCM-2001-C-003/metadata.yaml;derived/scale/papers/CUMCM-2001-C-003/knowledge_card.md,A77C45CA4996F487E50554AFAD7BFE22E0C6D461B26680CBB4AB637D01230D7C;EE61DE236291CDB4853271073A8E4B09D0BAF1EB30783C13AA03A0A2F9155F9C;D5E49FB2EE8381C913A3F774D9103EB9843FED6CE00BF0D84F1207324150491E,10D13D47D25F59D9DCC0EA1290F4A6E49FD24E138202899822EAC385074391B4;C5CA880C34A9EA0880051F285177C6F43E99C02E8FC455A1F963ED28E2E6A676;FA0549ACA03DC7850419F99310DABA9A4139EEE12BD2CF7EE487E840C3682349,1,1,READY_FOR_G9_REFRESH
CUMCM-2002-A-002,derived/scale/papers/CUMCM-2002-A-002,20260905T045418589698Z_557724fba657,2002年数学建模国赛真题+优秀论文/2002年优秀论文/2002A：车灯线光源的优化设计方案.pdf,8E981B48894748BD7C77F8BC20987C633A743CF674A0DFC7F718B87B3ED850B9,MARKER_ONLY_DIAGNOSTIC_OCR_REUSE;MARKER_ONLY_EXISTING_TRUSTED_TEXT_RECONSTRUCTION,G11_MARKER_ONLY_PAGE_LOCAL_FORMAL_BODY,1;2;3;4;5;6;7;8;9;10,D2C2B9A9C3053CBA6E8268335CA5BE7D0214F512AC81C7C8AE6302E692F1088E,8FB239D88A67120E43AB2B38E93808EAEB2FB94B8830D624370AA69090772DDE,derived/scale/papers/CUMCM-2002-A-002/paper.md;derived/scale/papers/CUMCM-2002-A-002/metadata.yaml;derived/scale/papers/CUMCM-2002-A-002/knowledge_card.md,D2C2B9A9C3053CBA6E8268335CA5BE7D0214F512AC81C7C8AE6302E692F1088E;2B85837408958964FBA1F5FB1631531E3DBB700BC043761300649044220A80F6;B783C25A2D374CE0D82A116DB32A5FDAABB0DB5D474166C436FFFB394077FDBC,8FB239D88A67120E43AB2B38E93808EAEB2FB94B8830D624370AA69090772DDE;27DE69AE54E3E6313ED868EA473CABB627F9086EC45FB6904FA54A3711C6CE0A;2D6BBA7DD5B09DAD5C7C803B5170C1A0DA1A31DDC091052E55F28280A56124AA,1,1,READY_FOR_G9_REFRESH
CUMCM-2002-A-003,derived/scale/papers/CUMCM-2002-A-003,20260905T045418589698Z_557724fba657,2002年数学建模国赛真题+优秀论文/2002年优秀论文/2002A：车灯线光源的优化设计.pdf,654FDAE1F1D62D35C5956A2A6912B3919CE04E4A7BC901543ABF6A69E2909033,MARKER_ONLY_DIAGNOSTIC_OCR_REUSE,G11_MARKER_ONLY_PAGE_LOCAL_FORMAL_BODY,1;2;3;4;5;6;7;8;9;10;11;12,6B55BA4F2EED923562339D385F92366AD7892213C511BABE88BE16AA6BB6940E,44A496232A1FB3617E1BA9EDEF17EE8B7833B01BBEADE89DB01879C0E0748F70,derived/scale/papers/CUMCM-2002-A-003/paper.md;derived/scale/papers/CUMCM-2002-A-003/metadata.yaml;derived/scale/papers/CUMCM-2002-A-003/knowledge_card.md,6B55BA4F2EED923562339D385F92366AD7892213C511BABE88BE16AA6BB6940E;67C2CC63446D56C66C2EF8338FFDEF48169451DC764684AEB342B2CA8AB2CAD0;0F1BEDC2847C8C739EC2333FB77C5E54F5FABEFFF2E9D6060E0B1E6C943FF9A1,44A496232A1FB3617E1BA9EDEF17EE8B7833B01BBEADE89DB01879C0E0748F70;9F69E9142E637123820558372B2388A4BAA2D231E5684BE01B764F94271B7D0E;A25EB074A3DA66DF2ECD6A29A097777F26153658E49A929A91D1680947979FEE,1,1,READY_FOR_G9_REFRESH
CUMCM-2002-A-004,derived/scale/papers/CUMCM-2002-A-004,20260905T045418589698Z_557724fba657,2002年数学建模国赛真题+优秀论文/2002年优秀论文/2002A：车灯线光源的优化设计(1).pdf,08F6F1C51837E3D9C12D40DD967F15B2C2148E1C1312C08AF6701A52AF748CFD,MARKER_ONLY_DIAGNOSTIC_OCR_REUSE,G11_MARKER_ONLY_PAGE_LOCAL_FORMAL_BODY,1;2;3;4;5,1D9182549363CD07A8F3D657C2AD60D5197D3991577AD22ACB1BFC0A2C456E59,07BB406C148789FD15E3F801826A313BFDC4DB3D65237A86C70791D6CA6D2158,derived/scale/papers/CUMCM-2002-A-004/paper.md;derived/scale/papers/CUMCM-2002-A-004/metadata.yaml;derived/scale/papers/CUMCM-2002-A-004/knowledge_card.md,1D9182549363CD07A8F3D657C2AD60D5197D3991577AD22ACB1BFC0A2C456E59;BB20C5C1EFACFCE9AA62C85F71628AC5A1C555BBD5379AF2E7F095A96A708C8A;AECCA2A367D44AE320645C98186B99D748475CD2725AB126EAF6E6786BDBB112,07BB406C148789FD15E3F801826A313BFDC4DB3D65237A86C70791D6CA6D2158;A427621F0418A02FCFC2A63C1EE0706E314D2D31784103F92866253CFBF55167;DCE1DE52BC229A3F40976A59227320C2D3B7FA1B9E638C1390F2BDA7323CB89F,1,1,READY_FOR_G9_REFRESH
CUMCM-2002-A-005,derived/scale/papers/CUMCM-2002-A-005,20260905T045418589698Z_557724fba657,2002年数学建模国赛真题+优秀论文/2002年优秀论文/2002A：车灯线光源的优化设计问题.pdf,520A0E302BA4417CF6C4762B147DD359C6BD74700EA1CFE31A9163E5AAEDF58C,MARKER_ONLY_DIAGNOSTIC_OCR_REUSE,G11_MARKER_ONLY_PAGE_LOCAL_FORMAL_BODY,1;2;3;4;5;6;7;8;9,1C2FC324063A906FF208763D2826E0A769B059290333B0542241C22CD9C91DE8,CACABBD69F02477E085B2FE01D44E2B98331C31F8DECC9CFE5462566D9BE3B7F,derived/scale/papers/CUMCM-2002-A-005/paper.md;derived/scale/papers/CUMCM-2002-A-005/metadata.yaml;derived/scale/papers/CUMCM-2002-A-005/knowledge_card.md,1C2FC324063A906FF208763D2826E0A769B059290333B0542241C22CD9C91DE8;DF58A14182E784B48731A15637FFB7077775EC4854E700C2BFE487FD9237F322;67C5A8E84A1FCE5340B5690ED316F6E6A6818513BE72D7E305B59D2C86A3C29B,CACABBD69F02477E085B2FE01D44E2B98331C31F8DECC9CFE5462566D9BE3B7F;9EAF54019AE18B2974FD11194B325B20426A67D14C5B8EABABE9338878554F37;F16D44AD06723A37A708F75A6DD7168AAAD01449A63DFE310E5CF651363DBBB6,1,1,READY_FOR_G9_REFRESH
CUMCM-2002-A-008,derived/scale/papers/CUMCM-2002-A-008,20260905T045418589698Z_557724fba657,2002年数学建模国赛真题+优秀论文/2002年优秀论文/2002A：关于“车灯线光源的优化设计”问题的光学思路.pdf,9EE3BC47014B395358680DB98AAB34ABFACC80F6FA12D40BC8C252DC9D221519,MARKER_ONLY_DIAGNOSTIC_OCR_REUSE,G11_MARKER_ONLY_PAGE_LOCAL_FORMAL_BODY,1;2;3,750BD75CEFFE5D543A1A964F76D8BC65F0B6D50162147B5966FC514A31D8227D,B9094DA7441EEDDA0014341E7416D2E6951744E10F825B881035384E858E9654,derived/scale/papers/CUMCM-2002-A-008/paper.md;derived/scale/papers/CUMCM-2002-A-008/metadata.yaml;derived/scale/papers/CUMCM-2002-A-008/knowledge_card.md,750BD75CEFFE5D543A1A964F76D8BC65F0B6D50162147B5966FC514A31D8227D;CEA7E38FC7B3D1263DBF124EAED64B94F646FF62AFF500F762E50C0D243BBA1C;691A1F85D0CCDED4C0159A244FC1F490C028378449BB2DBCED294B53C469BBF9,B9094DA7441EEDDA0014341E7416D2E6951744E10F825B881035384E858E9654;B89DC8B57BAD75B937FC32D5CF3ED21D1A70F8920980E4E5193587ED1E9CE344;AFB4B52E5D8C0BF12B3106F0D9B1EA01345FB0C34396F4FE331C3A2C74D1FED4,1,1,READY_FOR_G9_REFRESH
CUMCM-2002-A-009,derived/scale/papers/CUMCM-2002-A-009,20260905T045418589698Z_557724fba657,2002年数学建模国赛真题+优秀论文/2002年优秀论文/2002A：车灯灯丝长度优化设计的数学模型和数值模拟.pdf,B5217584F6B1DB53C1F4013BD7582A69B99EF6CBF3C3F7177FFC478443E5A024,MARKER_ONLY_DIAGNOSTIC_OCR_REUSE,G11_MARKER_ONLY_PAGE_LOCAL_FORMAL_BODY,1;2;3;4;5;6,3556B4100929F4D56319AA760B104EE0CA947F3D5B03F13F7A0DF601179225BE,8225C5DC5FE467C8C8EEEBE750CA935B18449A92D64255F1B0EFC1C6F0F1636E,derived/scale/papers/CUMCM-2002-A-009/paper.md;derived/scale/papers/CUMCM-2002-A-009/metadata.yaml;derived/scale/papers/CUMCM-2002-A-009/knowledge_card.md,3556B4100929F4D56319AA760B104EE0CA947F3D5B03F13F7A0DF601179225BE;1BEDBD051B2CF3A711E6E6FCBC41A450DE0BDA2A98521B236EB173524D2DE48F;0DCD2C46DE5ADB6EF3418F8ACE8E9F46F0188FAC520A7F4BFF1708362D037A98,8225C5DC5FE467C8C8EEEBE750CA935B18449A92D64255F1B0EFC1C6F0F1636E;73C19B30F5970A83840F0CDF9B89209C699F142CF588EEAF34C626756703070A;DEB5280EBF225C3794CD160452828CA32487548233087698CF124C5DFCDFE612,1,1,READY_FOR_G9_REFRESH
CUMCM-2002-A-011,derived/scale/papers/CUMCM-2002-A-011,20260905T045418589698Z_557724fba657,2002年数学建模国赛真题+优秀论文/2002年优秀论文/2002A：车灯线光源的优化设计模型.pdf,918DAA2D8C6C3070BAA93F4CDE8CA3419D093A373A897DF5422CF3B4CD6AC89A,MARKER_ONLY_DIAGNOSTIC_OCR_REUSE,G11_MARKER_ONLY_PAGE_LOCAL_FORMAL_BODY,1;2;3;4;5;6;7;8,A77C45CA4996F487E50554AFAD7BFE22E0C6D461B26680CBB4AB637D01230D7C,402FABD9F1AAC783F981990CFCCA93FA36299D3BF30DB7ACB2DB28E51EEB5FEC,derived/scale/papers/CUMCM-2002-A-011/paper.md;derived/scale/papers/CUMCM-2002-A-011/metadata.yaml;derived/scale/papers/CUMCM-2002-A-011/knowledge_card.md,A77C45CA4996F487E50554AFAD7BFE22E0C6D461B26680CBB4AB637D01230D7C;62F65E0AE4F76EE4F236E2D50A6DDCA679FAAC41D050E0E09AC6FBCD13DCBCF2;692E269CCD325B28B511B7882675A1B77C46EFC3F7A7CEB0B4D5F563220655E8,402FABD9F1AAC783F981990CFCCA93FA36299D3BF30DB7ACB2DB28E51EEB5FEC;2E67483940540FDD266F3C92D7DAE639DF56ADC6D363E9A937503BD6A4B16A8D;82BEF47752057E5B9C463F7DBD9E653FB1077CC9EA45A58B45889B309FF87ACF,1,1,READY_FOR_G9_REFRESH
CUMCM-2002-A-012,derived/scale/papers/CUMCM-2002-A-012,20260905T045418589698Z_557724fba657,2002年数学建模国赛真题+优秀论文/2002年优秀论文/2002A：车灯光源优化问题的探讨.pdf,39800EA2CA3CA428E9394E255858B8A4E9369582FCB4A6541677BED254F5DCCB,MARKER_ONLY_DIAGNOSTIC_OCR_REUSE,G11_MARKER_ONLY_PAGE_LOCAL_FORMAL_BODY,1;2;3;4;5;6;7,845EAC42B8D7C797245E742A556F6F7B87F8594979C758FB43031CD6D48DB563,CA97B91BB5FA532F05292C7FA1074AF19139770E528E9080F0D4F4D8071594F0,derived/scale/papers/CUMCM-2002-A-012/paper.md;derived/scale/papers/CUMCM-2002-A-012/metadata.yaml;derived/scale/papers/CUMCM-2002-A-012/knowledge_card.md,845EAC42B8D7C797245E742A556F6F7B87F8594979C758FB43031CD6D48DB563;B5FA3F788D709C3DB13C2D5CD03AD27559CE5D47E8FBCD8F6790DD68EA02649C;97E75D35885865D53F4807AD168D06648EBE2B4E6CAEBBF4A868E37B3A90B7F3,CA97B91BB5FA532F05292C7FA1074AF19139770E528E9080F0D4F4D8071594F0;4FB9FABD10367E66D1E68C792508F5E2BCB2EA1B0031C67FBC07BF28B968C1F2;3EC9E2937E6C642D68C595B5DFC34C75EFAE445233F043D2C7B2421420996F33,1,1,READY_FOR_G9_REFRESH
CUMCM-2002-B-001,derived/scale/papers/CUMCM-2002-B-001,20260905T045418589698Z_557724fba657,2002年数学建模国赛真题+优秀论文/2002年优秀论文/2002B：彩票方案的评价.pdf,0ACA3F7090683F9B8E5FB9D24765CE3E4ED11F7F44DE277EF6FA0F1D7EA8A448,MARKER_ONLY_DIAGNOSTIC_OCR_REUSE,G11_MARKER_ONLY_PAGE_LOCAL_FORMAL_BODY,1;2;3;4;5;6;7,845EAC42B8D7C797245E742A556F6F7B87F8594979C758FB43031CD6D48DB563,AE56B6801AD06418FDD6DED9FDE3B638A25CEB23E09D2C289CBD01DBEF6378C7,derived/scale/papers/CUMCM-2002-B-001/paper.md;derived/scale/papers/CUMCM-2002-B-001/metadata.yaml;derived/scale/papers/CUMCM-2002-B-001/knowledge_card.md,845EAC42B8D7C797245E742A556F6F7B87F8594979C758FB43031CD6D48DB563;E19F5CCDAD2468D53DCC91F2FD7198312CD08D498A2192B6C4B9408A6C587CF3;A0D754C3AC52E69F8A4A15CE16123F060F794F81271AB22D71F33D788EEA41B0,AE56B6801AD06418FDD6DED9FDE3B638A25CEB23E09D2C289CBD01DBEF6378C7;4CE160424FACC87A0D269C6D50F6D41C5D85300602E8A809AB0709724E9FEF57;3034F7053C6D5F01D5EAA4CBB38D4373B6199D865D88379CB4449C3BE4B051E7,1,1,READY_FOR_G9_REFRESH
CUMCM-2002-B-002,derived/scale/papers/CUMCM-2002-B-002,20260905T045418589698Z_557724fba657,2002年数学建模国赛真题+优秀论文/2002年优秀论文/2002B：“彩票中的数学”问题的优化模型与评述.pdf,1A469B56C54C92E4FC4A4E61A8AD08E19AB7905FFBC6E1B5D2E9A61848817E37,MARKER_ONLY_DIAGNOSTIC_OCR_REUSE,G11_MARKER_ONLY_PAGE_LOCAL_FORMAL_BODY,1;2;3;4;5;6;7;8;9;10,D2C2B9A9C3053CBA6E8268335CA5BE7D0214F512AC81C7C8AE6302E692F1088E,CADBF36E3768E55B02213FD63193C0E951B4680977D1496B935902A3E3BD0BAF,derived/scale/papers/CUMCM-2002-B-002/paper.md;derived/scale/papers/CUMCM-2002-B-002/metadata.yaml;derived/scale/papers/CUMCM-2002-B-002/knowledge_card.md,D2C2B9A9C3053CBA6E8268335CA5BE7D0214F512AC81C7C8AE6302E692F1088E;92C1E69A1E069D3F01D212CC84AC48EE3F5B26F4A271A2FB393914AAC76AF0DC;44DF6E15B10E66F287B8E3EC08CD643D22D97841683F95CB56095AB3F9442926,CADBF36E3768E55B02213FD63193C0E951B4680977D1496B935902A3E3BD0BAF;F87331FB5D208F6357E1A175803E30C40705CDE8AA87704F62F8313AA79F8A00;8F1E8011B111AABCD5A9F62663B9E61F63A196A834FF0461FB346E3B48136CEE,1,1,READY_FOR_G9_REFRESH
CUMCM-2002-B-003,derived/scale/papers/CUMCM-2002-B-003,20260905T045418589698Z_557724fba657,2002年数学建模国赛真题+优秀论文/2002年优秀论文/2002B：彩票方案的优选模型.pdf,2A0E809E04613E25B703B280D67CF89F6E6CE573B330A2220C20F926588D2F74,MARKER_ONLY_DIAGNOSTIC_OCR_REUSE,G11_MARKER_ONLY_PAGE_LOCAL_FORMAL_BODY,1;2;3;4;5;6;7,845EAC42B8D7C797245E742A556F6F7B87F8594979C758FB43031CD6D48DB563,D15631DD8BBD7F272F6C366F2E491BD946CEB01C5A2F587692FF5F42CDB20157,derived/scale/papers/CUMCM-2002-B-003/paper.md;derived/scale/papers/CUMCM-2002-B-003/metadata.yaml;derived/scale/papers/CUMCM-2002-B-003/knowledge_card.md,845EAC42B8D7C797245E742A556F6F7B87F8594979C758FB43031CD6D48DB563;F711D156AF0AD2B126569E37CF3F5B566D2CB54D6D8A602B609EA5F9378E2FDE;7CC91505A6EC0986482AD8556D8357C2994419133693E7C2AC7F2669090FD551,D15631DD8BBD7F272F6C366F2E491BD946CEB01C5A2F587692FF5F42CDB20157;026EFB44C1B21D6EA465312E88A244B20BFD5767F789C19C3AF8C07B6E807F18;268DA4FBED98C4625DC65864C6A6D02F415D4D53CD6D9864623A65A38C990F70,1,1,READY_FOR_G9_REFRESH
CUMCM-2002-B-004,derived/scale/papers/CUMCM-2002-B-004,20260905T045418589698Z_557724fba657,2002年数学建模国赛真题+优秀论文/2002年优秀论文/2002B：彩票运行方案的合理性研究1.pdf,4BC54A962A329FA9768093ECEF5FA95A91BFD78FDD464FFB92C61456B5BEDFDB,MARKER_ONLY_DIAGNOSTIC_OCR_REUSE,G11_MARKER_ONLY_PAGE_LOCAL_FORMAL_BODY,1;2;3;4;5;6,3556B4100929F4D56319AA760B104EE0CA947F3D5B03F13F7A0DF601179225BE,1D778389CA1761513E9908605F6907CC0D2173562133C0B36457E50E7E148152,derived/scale/papers/CUMCM-2002-B-004/paper.md;derived/scale/papers/CUMCM-2002-B-004/metadata.yaml;derived/scale/papers/CUMCM-2002-B-004/knowledge_card.md,3556B4100929F4D56319AA760B104EE0CA947F3D5B03F13F7A0DF601179225BE;09E9B9660987C4E45EE46C934ECF671CD5C69F0048EE1CFACEA8DE6A138BA1DB;58B7EDD162542386B678E93297DBB2993E580383C29987EE47E34A61C44E9805,1D778389CA1761513E9908605F6907CC0D2173562133C0B36457E50E7E148152;D1CBA637B361C35C525BF920C53534FDED591E3172447BC518417BA980A31B54;66DEB4247010BD7BC2F8438AC22643D06F4EE5C36BFBB7AF72B4C5ABCFDA0DD1,1,1,READY_FOR_G9_REFRESH
CUMCM-2002-B-005,derived/scale/papers/CUMCM-2002-B-005,20260905T045418589698Z_557724fba657,2002年数学建模国赛真题+优秀论文/2002年优秀论文/2002B：彩票中的数学.pdf,FA279E682B35EA23D320073F6818B6DA538A4AE5BC86B6D86A0D384FE8E6A06F,DOC_EXISTING_EXTRACTION_RECONSTRUCTION;MARKER_ONLY_DIAGNOSTIC_OCR_REUSE,G11_MARKER_ONLY_PAGE_LOCAL_FORMAL_BODY,1;2;3;4;5;6;7,845EAC42B8D7C797245E742A556F6F7B87F8594979C758FB43031CD6D48DB563,28F3388B2889E9ABCBDDB342B37A2816BC36EFE30A7725B7D6C78ECBBD250502,derived/scale/papers/CUMCM-2002-B-005/paper.md;derived/scale/papers/CUMCM-2002-B-005/metadata.yaml;derived/scale/papers/CUMCM-2002-B-005/knowledge_card.md,845EAC42B8D7C797245E742A556F6F7B87F8594979C758FB43031CD6D48DB563;20AC5103CB3A179E162347CE9AFD603E48A2A1477A4C54261770062BAF39E8EE;499AED974BCC4F8C00CD694BC51FC2D5DFFA857C3F6AEB6571BF5067E388E595,28F3388B2889E9ABCBDDB342B37A2816BC36EFE30A7725B7D6C78ECBBD250502;66A50E0CE8B3CF0EAF38A11C88354D2BFDE229DFF8D2062E4D0FBD02E6396429;83B480512D98E5BD112EDCE7F65D2170B790694B4104223E94F6D43DE015C83D,1,1,READY_FOR_G9_REFRESH
CUMCM-2002-B-006,derived/scale/papers/CUMCM-2002-B-006,20260905T045418589698Z_557724fba657,2002年数学建模国赛真题+优秀论文/2002年优秀论文/2002B：彩票方案的合理性优化.pdf,BDC843CB35F6AFE4EECE26DC99D74E3D7281B7698E7900CF0F7121042C49F9EC,MARKER_ONLY_DIAGNOSTIC_OCR_REUSE,G11_MARKER_ONLY_PAGE_LOCAL_FORMAL_BODY,1;2;3;4;5;6,3556B4100929F4D56319AA760B104EE0CA947F3D5B03F13F7A0DF601179225BE,16E8C4D880E3DB2AC542377A1FAC8E929723D829A61F619BD342B8FEFFE7E7DE,derived/scale/papers/CUMCM-2002-B-006/paper.md;derived/scale/papers/CUMCM-2002-B-006/metadata.yaml;derived/scale/papers/CUMCM-2002-B-006/knowledge_card.md,3556B4100929F4D56319AA760B104EE0CA947F3D5B03F13F7A0DF601179225BE;3EE3ADB805F6860FC73EDFDC0E8E79F7EB1AC13A0B56F6C7DA5B83DC57BCF677;343437EE9AC5F5D397335997583E7D0D92C0007484BC62F5E8F67D6F45EEC604,16E8C4D880E3DB2AC542377A1FAC8E929723D829A61F619BD342B8FEFFE7E7DE;9D21E87EFEC66FAD0C3F276AA1D7E1D362CB01569B738947A68C38B1667B2123;C5B03DD2FF7446CDDCF7F5663628B778E77E0E75B8ADF8A12380F3B111E49376,1,1,READY_FOR_G9_REFRESH
CUMCM-2002-B-008,derived/scale/papers/CUMCM-2002-B-008,20260905T045418589698Z_557724fba657,2002年数学建模国赛真题+优秀论文/2002年优秀论文/2002B：彩票方案的合理性优化1.pdf,BA2835F2FF6187D5F52CF41DD2BBA2CC41F3D45533B5DA4CFDD9E7A8D173BC2C,MARKER_ONLY_DIAGNOSTIC_OCR_REUSE,G11_MARKER_ONLY_PAGE_LOCAL_FORMAL_BODY,1;2;3;4;5;6,3556B4100929F4D56319AA760B104EE0CA947F3D5B03F13F7A0DF601179225BE,16E8C4D880E3DB2AC542377A1FAC8E929723D829A61F619BD342B8FEFFE7E7DE,derived/scale/papers/CUMCM-2002-B-008/paper.md;derived/scale/papers/CUMCM-2002-B-008/metadata.yaml;derived/scale/papers/CUMCM-2002-B-008/knowledge_card.md,3556B4100929F4D56319AA760B104EE0CA947F3D5B03F13F7A0DF601179225BE;729B6CA1F08E453C6A98792228FB30DEE6134C994CD0D1FFA7177C86BAC2BDC6;152E6BA62A44A456FD0D74DD4D75C60113DCE14F7BD1DC9BE75653A14591C33A,16E8C4D880E3DB2AC542377A1FAC8E929723D829A61F619BD342B8FEFFE7E7DE;F575EFC6D411D04961A8B9D0A7FCF9E67EE2733F99C91A9DFA76BF17CF08D56E;2E782E10E2855C6DE61497352037383BE6D656DD71BE4D04D806D5AA5D053487,1,1,READY_FOR_G9_REFRESH
CUMCM-2002-B-009,derived/scale/papers/CUMCM-2002-B-009,20260905T045418589698Z_557724fba657,2002年数学建模国赛真题+优秀论文/2002年优秀论文/2002B：彩票运行方案的合理性研究.pdf,61C8C7D4F04E5208725BAB828918292D3FCF2B964D252F21A30EB0875E50D095,MARKER_ONLY_DIAGNOSTIC_OCR_REUSE,G11_MARKER_ONLY_PAGE_LOCAL_FORMAL_BODY,1;2;3;4;5;6,3556B4100929F4D56319AA760B104EE0CA947F3D5B03F13F7A0DF601179225BE,1D778389CA1761513E9908605F6907CC0D2173562133C0B36457E50E7E148152,derived/scale/papers/CUMCM-2002-B-009/paper.md;derived/scale/papers/CUMCM-2002-B-009/metadata.yaml;derived/scale/papers/CUMCM-2002-B-009/knowledge_card.md,3556B4100929F4D56319AA760B104EE0CA947F3D5B03F13F7A0DF601179225BE;D12DFE282DC98426265571B6783B2E7E4BC898B89F61068246B8A44CD471D8B6;28A86B33391C8E0A4C36B7DF197FDC1AF3263AF8270421E2A4F8D4C7EB7B4928,1D778389CA1761513E9908605F6907CC0D2173562133C0B36457E50E7E148152;0C0D0F3A3C4A91040A51EE906DE682A52C0B5DB146F44FDE8BCCBF60A3C9F2D2;2D0E56C3DED2FC60EC103BF1880326405DF4885747DEB417A10F6F3692E2C300,1,1,READY_FOR_G9_REFRESH
CUMCM-2003-A-002,derived/scale/papers/CUMCM-2003-A-002,20260905T045418589698Z_557724fba657,2003年数学建模国赛真题+优秀论文/2003年优秀论文/2003A：SARS传播预测的数学模型.pdf,09FAC486AFB2A0AF905E373CF070497044B24FC21413D803B5DF8AC174CF61FC,MARKER_ONLY_DIAGNOSTIC_OCR_REUSE;MARKER_ONLY_EXISTING_TRUSTED_TEXT_RECONSTRUCTION,G11_MARKER_ONLY_PAGE_LOCAL_FORMAL_BODY,1;2;3;4;5;6;7;8;9;10,D2C2B9A9C3053CBA6E8268335CA5BE7D0214F512AC81C7C8AE6302E692F1088E,A5A8D15A6047DAB35C99FEB551D792DFD6E6DA0B5E12B561863D0F8C043F5E52,derived/scale/papers/CUMCM-2003-A-002/paper.md;derived/scale/papers/CUMCM-2003-A-002/metadata.yaml;derived/scale/papers/CUMCM-2003-A-002/knowledge_card.md,D2C2B9A9C3053CBA6E8268335CA5BE7D0214F512AC81C7C8AE6302E692F1088E;DD485EAED1554C2912632A66FF9A8D6F1D1651118F002135426A30BBC1FDB6E8;A02D198849DEADACB307A74580377516E193F8CFC0A6736C48D9B31E7D805324,A5A8D15A6047DAB35C99FEB551D792DFD6E6DA0B5E12B561863D0F8C043F5E52;68D1793D8F43C8714FEA827174654FBAD9DCF0D146C8067AFC74CC1B2F7D1C63;9C68BE54AB9E911EDD77E69C26F060DFF7388F97615A0922C4EAE01D3A96C71C,1,1,READY_FOR_G9_REFRESH
CUMCM-2003-A-003,derived/scale/papers/CUMCM-2003-A-003,20260905T045418589698Z_557724fba657,2003年数学建模国赛真题+优秀论文/2003年优秀论文/2003A：非典数学模型的建立与分析.pdf,449B791365B07B013DD19F36985266781C7A24942C0E1CF71757C74C8CEF04B3,MARKER_ONLY_DIAGNOSTIC_OCR_REUSE,G11_MARKER_ONLY_PAGE_LOCAL_FORMAL_BODY,1;2;3;4;5;6;7;8;9,1C2FC324063A906FF208763D2826E0A769B059290333B0542241C22CD9C91DE8,13750EE2D242D9689E44394A00A14A2C81754EAA66D9FF99EDF556E13FC546C7,derived/scale/papers/CUMCM-2003-A-003/paper.md;derived/scale/papers/CUMCM-2003-A-003/metadata.yaml;derived/scale/papers/CUMCM-2003-A-003/knowledge_card.md,1C2FC324063A906FF208763D2826E0A769B059290333B0542241C22CD9C91DE8;3507CE73D0C38ECC885B431A42941FDD25617DF2DE42DC212066441EB212D27F;02266579A33347EA83D271EA75CE5080975AC1BB6F7B2768CD59E056694DED75,13750EE2D242D9689E44394A00A14A2C81754EAA66D9FF99EDF556E13FC546C7;452D2C090398483490F699F42CC472596BE7A89051BB41E9D4EA7412156F816B;5D3E62DC1B9BCE3D6A4B22F715F962340BA23252A044BED7B459C15EDD8384F6,1,1,READY_FOR_G9_REFRESH
CUMCM-2003-A-005,derived/scale/papers/CUMCM-2003-A-005,20260905T045418589698Z_557724fba657,2003年数学建模国赛真题+优秀论文/2003年优秀论文/2003A：SARS传播的研究.pdf,E858C1C86EC51C6F169A2588AB16880A025B5006775DA2ECFC337D76207FD6BA,MARKER_ONLY_DIAGNOSTIC_OCR_REUSE,G11_MARKER_ONLY_PAGE_LOCAL_FORMAL_BODY,1;2;3;4;5;6;7;8;9;10,D2C2B9A9C3053CBA6E8268335CA5BE7D0214F512AC81C7C8AE6302E692F1088E,CC2D603ACA49D2F05E9CEFE9DE23347CFA31C2D1DAD84A2D99127E4E0BD29086,derived/scale/papers/CUMCM-2003-A-005/paper.md;derived/scale/papers/CUMCM-2003-A-005/metadata.yaml;derived/scale/papers/CUMCM-2003-A-005/knowledge_card.md,D2C2B9A9C3053CBA6E8268335CA5BE7D0214F512AC81C7C8AE6302E692F1088E;54C92CDEA5EB1C793087C1DBB1A5C8395D6A56C126DBA3EBF4732D090BA80E24;5E514CC0F73434734E02DE7228A73BC0DB033136A4BB0EE7311FFD1F2A8ABE1E,CC2D603ACA49D2F05E9CEFE9DE23347CFA31C2D1DAD84A2D99127E4E0BD29086;973CB04302809A1A4017C3EB78A494966CA5E3C15B0A3A4C111ADBBC7CF3630E;49D95D0C02F01F711825402438FB7CE0383DD4C84E79F7EA66684A21AA4130A3,1,1,READY_FOR_G9_REFRESH
CUMCM-2003-A-006,derived/scale/papers/CUMCM-2003-A-006,20260905T045418589698Z_557724fba657,2003年数学建模国赛真题+优秀论文/2003年优秀论文/2003A：SARS传播的数学原理及预测与控制.pdf,9C75E95CB0D79C1011479EEF85FDF9071BED1D157761CF9CA3B31798FF41FB45,MARKER_ONLY_DIAGNOSTIC_OCR_REUSE,G11_MARKER_ONLY_PAGE_LOCAL_FORMAL_BODY,1;2;3;4;5;6,3556B4100929F4D56319AA760B104EE0CA947F3D5B03F13F7A0DF601179225BE,E79987E566D04377737CB411EB3CF9807B395CC55DABEEF7B3A037B44FC594E0,derived/scale/papers/CUMCM-2003-A-006/paper.md;derived/scale/papers/CUMCM-2003-A-006/metadata.yaml;derived/scale/papers/CUMCM-2003-A-006/knowledge_card.md,3556B4100929F4D56319AA760B104EE0CA947F3D5B03F13F7A0DF601179225BE;CD4D415BC8E182ABC64C1DE40E77B35451919EE954E5EF862C8674929F203240;7B51E283C0C253A659868A3FD7B8C28C520A14D550F7EF24226C852EE53D009D,E79987E566D04377737CB411EB3CF9807B395CC55DABEEF7B3A037B44FC594E0;23A6DE63C87356742D08B68ED42DBCC6874514B78449387E1763A5469316D382;3E230FA2B282B9D9D6E32C1BA06AB12707D4D754B12AFABFE01283160427170B,1,1,READY_FOR_G9_REFRESH
CUMCM-2003-A-008,derived/scale/papers/CUMCM-2003-A-008,20260905T045418589698Z_557724fba657,2003年数学建模国赛真题+优秀论文/2003年优秀论文/2003A：考虑自愈的SARS的传播模型.pdf,B61160B3FB6ECD4A627F9E5521C3492EA870B1BE014F52C600DBAE7C3F92EAC2,MARKER_ONLY_DIAGNOSTIC_OCR_REUSE,G11_MARKER_ONLY_PAGE_LOCAL_FORMAL_BODY,1;2;3;4;5;6;7;8;9;10,D2C2B9A9C3053CBA6E8268335CA5BE7D0214F512AC81C7C8AE6302E692F1088E,F12F064C03F9CEC5E3E011EFC82CF6F3DCBAB511431D4B1528EB8CE095EAADB0,derived/scale/papers/CUMCM-2003-A-008/paper.md;derived/scale/papers/CUMCM-2003-A-008/metadata.yaml;derived/scale/papers/CUMCM-2003-A-008/knowledge_card.md,D2C2B9A9C3053CBA6E8268335CA5BE7D0214F512AC81C7C8AE6302E692F1088E;A10D5F78F1188704D2D03B7ABC1ED9B5BB6CABB05E65B54E0E042E99A8B5F09F;40525D6819953A47DFD84610789C9DEEA64333D8EF324A4AE2A82F461D6B7B3B,F12F064C03F9CEC5E3E011EFC82CF6F3DCBAB511431D4B1528EB8CE095EAADB0;DAEA4C51134EE051564D90D76DF79AD48ED0285443E4529B33EFC34F3C64ACDB;CF811626B735458130D9A2131253CF30B6E87EFBF5B1B96DF85CB3913044F591,1,1,READY_FOR_G9_REFRESH
CUMCM-2003-B-001,derived/scale/papers/CUMCM-2003-B-001,20260905T045418589698Z_557724fba657,2003年数学建模国赛真题+优秀论文/2003年优秀论文/2003B：露天矿生产的车辆安排(2).pdf,6267B72836B37E1E0AA2957A176FB267E927B9EBEAC6F7DA2B808B13D873ABA9,MARKER_ONLY_DIAGNOSTIC_OCR_REUSE,G11_MARKER_ONLY_PAGE_LOCAL_FORMAL_BODY,1;2;3;4;5;6;7;8,A77C45CA4996F487E50554AFAD7BFE22E0C6D461B26680CBB4AB637D01230D7C,336B1CB7D331E535E4AAC6CE5419343645036F2D007DE6E019BED6F1F4BBA05A,derived/scale/papers/CUMCM-2003-B-001/paper.md;derived/scale/papers/CUMCM-2003-B-001/metadata.yaml;derived/scale/papers/CUMCM-2003-B-001/knowledge_card.md,A77C45CA4996F487E50554AFAD7BFE22E0C6D461B26680CBB4AB637D01230D7C;3DD7E50520C2B2CBA7B0FFC2E85740CE9896D137A09942077FED241EB92FB0D4;4DEB86464B409F8414DED71CF9CBEDB5DDE7B0ADB90BA9AD8EF61B187B064B36,336B1CB7D331E535E4AAC6CE5419343645036F2D007DE6E019BED6F1F4BBA05A;122B4C3687786A62EC073B312ABD6CFE86DBEB0F64A8AD391FC6B315B6343F8E;E9848FE12987BBD481A4E5DCE7A141D652F9A4305A21D222958FBD81AB8C9D88,1,1,READY_FOR_G9_REFRESH
CUMCM-2003-B-005,derived/scale/papers/CUMCM-2003-B-005,20260905T045418589698Z_557724fba657,2003年数学建模国赛真题+优秀论文/2003年优秀论文/2003B：露天矿生产的车辆安排(1).pdf,32B3E6759B9C7DEA213340A1A6159CE39859D45DF8C51B3CEC6E3D523A9571DF,MARKER_ONLY_DIAGNOSTIC_OCR_REUSE,G11_MARKER_ONLY_PAGE_LOCAL_FORMAL_BODY,1;2;3;4;5;6;7,845EAC42B8D7C797245E742A556F6F7B87F8594979C758FB43031CD6D48DB563,E36F7340C7F24A36BAF15F1F2F58DB9987A7A1FF9E8D1B73C6887E4F612BA177,derived/scale/papers/CUMCM-2003-B-005/paper.md;derived/scale/papers/CUMCM-2003-B-005/metadata.yaml;derived/scale/papers/CUMCM-2003-B-005/knowledge_card.md,845EAC42B8D7C797245E742A556F6F7B87F8594979C758FB43031CD6D48DB563;344576AFD9C3D1F14BB78BAFD614B6DFFBD91A191EDE8896818A81EDCE20AE26;2F65DC09DADEEE961E72E92AB820C5580B2E7C3B7C8CAFBC7779BBA4E7BE409A,E36F7340C7F24A36BAF15F1F2F58DB9987A7A1FF9E8D1B73C6887E4F612BA177;9685C1D78CA6960C2A8C9259994DC65E27963BB4A0624620B8358085AE502B25;24D3BB92989DCD3DD88988C839A7A348491043FB25F44C664D671982B6837C97,1,1,READY_FOR_G9_REFRESH
CUMCM-2003-B-007,derived/scale/papers/CUMCM-2003-B-007,20260905T045418589698Z_557724fba657,2003年数学建模国赛真题+优秀论文/2003年优秀论文/2003B：露天矿生产的车辆安排.pdf,0D1C178148BD8F1B322323FA3EEA6B75A39E96CBEB3813AF050454927B3657D4,MARKER_ONLY_DIAGNOSTIC_OCR_REUSE,G11_MARKER_ONLY_PAGE_LOCAL_FORMAL_BODY,1;2;3;4;5;6;7,845EAC42B8D7C797245E742A556F6F7B87F8594979C758FB43031CD6D48DB563,086EDB508C76EA955D9347E0C516D499D77DE26002039625DA933E2714A09912,derived/scale/papers/CUMCM-2003-B-007/paper.md;derived/scale/papers/CUMCM-2003-B-007/metadata.yaml;derived/scale/papers/CUMCM-2003-B-007/knowledge_card.md,845EAC42B8D7C797245E742A556F6F7B87F8594979C758FB43031CD6D48DB563;7F0973C26AA30F6E1AFD913D5F62D51C3C6E4F950BD26B293DE40A70B559ED63;14F5491BD016A88F8BDFF9024DB931C8869CAF747B6FB559D21971882233CA7B,086EDB508C76EA955D9347E0C516D499D77DE26002039625DA933E2714A09912;83BCB0F0BEFD8B3CF4FDE502A65420D2D05842103D49C995BA61F804EB045867;A2E98F3BBB135C1B5B0BE516D48949E36F6425B7812D46908568E8F866B38FFC,1,1,READY_FOR_G9_REFRESH
CUMCM-2003-B-008,derived/scale/papers/CUMCM-2003-B-008,20260905T045418589698Z_557724fba657,2003年数学建模国赛真题+优秀论文/2003年优秀论文/2003B：露天矿生产车辆安排计划优化设计.pdf,5D402BC651664DDC43C452E28D01ABF3DAE1B9A99EB3BD1BC37DEA2D412139EF,MARKER_ONLY_DIAGNOSTIC_OCR_REUSE,G11_MARKER_ONLY_PAGE_LOCAL_FORMAL_BODY,1;2;3;4;5;6;7;8,A77C45CA4996F487E50554AFAD7BFE22E0C6D461B26680CBB4AB637D01230D7C,A2C5A75A071D411E72ECD2E6CFDC5B6CCA282F4A6FCE00C3F1B41AAF68CB71CB,derived/scale/papers/CUMCM-2003-B-008/paper.md;derived/scale/papers/CUMCM-2003-B-008/metadata.yaml;derived/scale/papers/CUMCM-2003-B-008/knowledge_card.md,A77C45CA4996F487E50554AFAD7BFE22E0C6D461B26680CBB4AB637D01230D7C;6328EC91A4364DF9CE99D964B06F0EE62CD693AE4AD751132ED6F9BB590290F2;A3DC123C8EC02099FFB2CE3A257DBF90D90353BC8FF31362610C0B7709BCBA45,A2C5A75A071D411E72ECD2E6CFDC5B6CCA282F4A6FCE00C3F1B41AAF68CB71CB;8843FE1E9D4D7CEA2BA68484068B1D61CC069925F8947D73B4E264C4CFF693A0;DD847857E61ED84964AFB83189D7B6159266FDC6AD8F385FACF2EAB01D764677,1,1,READY_FOR_G9_REFRESH
CUMCM-2003-B-009,derived/scale/papers/CUMCM-2003-B-009,20260905T045418589698Z_557724fba657,2003年数学建模国赛真题+优秀论文/2003年优秀论文/2003B：“露天矿生产的车辆安排”的模型和评述.pdf,55DAC0E775C731ADC346F37AF46F39AE6C93F5D3CFC7B3FB4E08FEEFAF38ED61,MARKER_ONLY_DIAGNOSTIC_OCR_REUSE,G11_MARKER_ONLY_PAGE_LOCAL_FORMAL_BODY,1;2;3;4;5;6;7;8;9;10,D2C2B9A9C3053CBA6E8268335CA5BE7D0214F512AC81C7C8AE6302E692F1088E,C42AF89D5A06615D8373DF09BF7B1E32DCA700B7559F5A5FCFCFA48E64E0F634,derived/scale/papers/CUMCM-2003-B-009/paper.md;derived/scale/papers/CUMCM-2003-B-009/metadata.yaml;derived/scale/papers/CUMCM-2003-B-009/knowledge_card.md,D2C2B9A9C3053CBA6E8268335CA5BE7D0214F512AC81C7C8AE6302E692F1088E;84EFBEB6257A4E7BBC0A2C22B1ADF54898522D35FDA7D73945D67DEB250EDB99;A75C81A8D65C95BB0DEBB3FEA2BCB7C7C576E1407C7D8B526351701B846A79CD,C42AF89D5A06615D8373DF09BF7B1E32DCA700B7559F5A5FCFCFA48E64E0F634;1481B24E12D98C61ADA927A0EF09CC0DFB230E97BCFBE08D1DFC54428B6146AF;D796827F8750BE57BFF59D8A802BADA429FE8E703CFFAF23C95563BDF04AAE76,1,1,READY_FOR_G9_REFRESH
CUMCM-2003-D-001,derived/scale/papers/CUMCM-2003-D-001,20260905T045418589698Z_557724fba657,2003年数学建模国赛真题+优秀论文/2003年优秀论文/2003D：抢渡长江的数学模型（2）.pdf,4AAE7A6D1021D49FAFD1CDC63020EF7F72BB95C359E692E76C84B1DD39784647,MARKER_ONLY_DIAGNOSTIC_OCR_REUSE,G11_MARKER_ONLY_PAGE_LOCAL_FORMAL_BODY,1;2;3;4;5;6;7,845EAC42B8D7C797245E742A556F6F7B87F8594979C758FB43031CD6D48DB563,D7AD063BEFC4D5C8187325898109BE3ACBA61BE3E92DE0C28405E46CFD793BA7,derived/scale/papers/CUMCM-2003-D-001/paper.md;derived/scale/papers/CUMCM-2003-D-001/metadata.yaml;derived/scale/papers/CUMCM-2003-D-001/knowledge_card.md,845EAC42B8D7C797245E742A556F6F7B87F8594979C758FB43031CD6D48DB563;D1C7509B51C4F095F8BF5C0D195C2D89C82C619B331C201F9FE6D23F04F8E715;31B1DB761C271EF60C72E3FB68DBB6DE2294AD11E08FD6ADFDE8F2B9E116B952,D7AD063BEFC4D5C8187325898109BE3ACBA61BE3E92DE0C28405E46CFD793BA7;9866D767F7A47C8225F532D5FDEE792F8D3B278C3ACC3C5D0233F2528B7610E6;06566DB2A4D1B7D854ADB3685994457E107950B9BDF072FCE0E48B9D67D5CC94,1,1,READY_FOR_G9_REFRESH
CUMCM-2003-D-002,derived/scale/papers/CUMCM-2003-D-002,20260905T045418589698Z_557724fba657,2003年数学建模国赛真题+优秀论文/2003年优秀论文/2003D：“抢渡长江”问题的数学建模和求解.pdf,E5BD4B776E1AABB5E2EFABADF931D41C3156A2405DCDEB8DFAF4BEB705865D6C,MARKER_ONLY_DIAGNOSTIC_OCR_REUSE,G11_MARKER_ONLY_PAGE_LOCAL_FORMAL_BODY,1;2;3;4;5;6;7;8,A77C45CA4996F487E50554AFAD7BFE22E0C6D461B26680CBB4AB637D01230D7C,199AF27B0C744D69E397E67CA9D92B9748C9BB276F6CB3076B6B007E23FBA596,derived/scale/papers/CUMCM-2003-D-002/paper.md;derived/scale/papers/CUMCM-2003-D-002/metadata.yaml;derived/scale/papers/CUMCM-2003-D-002/knowledge_card.md,A77C45CA4996F487E50554AFAD7BFE22E0C6D461B26680CBB4AB637D01230D7C;4441C4C8E66B9FC8CE740449646690962FDE082EEFC623FB680878034FD62D0F;C4099334FCF29C06E29F65CA6D5084FE75531EB54E605F092028588588F89698,199AF27B0C744D69E397E67CA9D92B9748C9BB276F6CB3076B6B007E23FBA596;88E513E92118325CC3AA1549D59B667015A24C226BF37DC20983022E6046AD3E;F70DF590D04CFFDE14636CCDBB8FAFF1A3B24034BC3311DFD3ECEFD5C3BA6D2D,1,1,READY_FOR_G9_REFRESH
CUMCM-2003-D-003,derived/scale/papers/CUMCM-2003-D-003,20260905T045418589698Z_557724fba657,2003年数学建模国赛真题+优秀论文/2003年优秀论文/2003D：抢渡长江的数学模型（1）.pdf,12EAC6CD1F19D37349302C5C762B6B9D15219905B0DB0C721480BB150C07577A,MARKER_ONLY_DIAGNOSTIC_OCR_REUSE,G11_MARKER_ONLY_PAGE_LOCAL_FORMAL_BODY,1;2;3;4;5;6;7;8,A77C45CA4996F487E50554AFAD7BFE22E0C6D461B26680CBB4AB637D01230D7C,3938E93A522171F32C713B7D10D73F602AB51D12BF8F7A1280C5013A6647B6C7,derived/scale/papers/CUMCM-2003-D-003/paper.md;derived/scale/papers/CUMCM-2003-D-003/metadata.yaml;derived/scale/papers/CUMCM-2003-D-003/knowledge_card.md,A77C45CA4996F487E50554AFAD7BFE22E0C6D461B26680CBB4AB637D01230D7C;0E6875A0BD4297871D5E990424409549CB8E193BD713F1CA0B3B254ADE200BF7;E01139A54775A446A385B2268F21DFDCCB98A1445B1BA5F27FBC44ED893C2049,3938E93A522171F32C713B7D10D73F602AB51D12BF8F7A1280C5013A6647B6C7;7D05DADBDAD20EB9D6A4971B5E92804656C119115EE975C882D8EC17B1DE9C32;191628704802F38B8565F2C40511270506043C98AF6CBF63F74B5D46B5F49DA6,1,1,READY_FOR_G9_REFRESH
CUMCM-2003-D-004,derived/scale/papers/CUMCM-2003-D-004,20260905T045418589698Z_557724fba657,2003年数学建模国赛真题+优秀论文/2003年优秀论文/2003D：江河竞渡的优化模型.pdf,AAB993534D403DC6FF5EF8FAA52919C3EBD266336B0BA36FF50114404D35A719,MARKER_ONLY_DIAGNOSTIC_OCR_REUSE,G11_MARKER_ONLY_PAGE_LOCAL_FORMAL_BODY,1;2;3;4;5;6;7,845EAC42B8D7C797245E742A556F6F7B87F8594979C758FB43031CD6D48DB563,1B19DCE1864EEE8E8893A28FD8D32C01E35E79E5F8CF673D8B47D023D8BE75D5,derived/scale/papers/CUMCM-2003-D-004/paper.md;derived/scale/papers/CUMCM-2003-D-004/metadata.yaml;derived/scale/papers/CUMCM-2003-D-004/knowledge_card.md,845EAC42B8D7C797245E742A556F6F7B87F8594979C758FB43031CD6D48DB563;54ED582F060BDEE8B45D67FC3A055073CB8609A8CA2E27150DDC31E08A4284DF;FFD45B9013C0B1D306A824289D3AED11587D80AF05666FACE35A031A01601D67,1B19DCE1864EEE8E8893A28FD8D32C01E35E79E5F8CF673D8B47D023D8BE75D5;FC9504617A1016B2A72C34F9D889F0D68AE447B1EC5206A95FB363F930A69CFD;22789F1BF417131401C6660CFAE7AD2794A184B0A2629CFB218DC4B735C44280,1,1,READY_FOR_G9_REFRESH
CUMCM-2004-B-001,derived/scale/papers/CUMCM-2004-B-001,20260905T045418589698Z_557724fba657,2004年数学建模国赛真题+优秀论文/2004优秀论文/2004B：电力市场输电阻塞管理模型(特等奖).pdf,EF2F3C0652EE1718FA7D6ABE0F05FF2A0EC96721AA49459394137C05475BB1E8,MARKER_ONLY_DIAGNOSTIC_OCR_REUSE;MARKER_ONLY_EXISTING_TRUSTED_TEXT_RECONSTRUCTION,G11_MARKER_ONLY_PAGE_LOCAL_FORMAL_BODY,1;2;3;4;5;6;7;8;9;10;11;12;13;14,F501017C13D9B29686DD922D65EDC0CD658E90E82A5785E427A2D829537C8626,5D9812E6C088200178550AA4E2EB96B17E2DD2494327B8792E01093DB4C2097D,derived/scale/papers/CUMCM-2004-B-001/paper.md;derived/scale/papers/CUMCM-2004-B-001/metadata.yaml;derived/scale/papers/CUMCM-2004-B-001/knowledge_card.md,F501017C13D9B29686DD922D65EDC0CD658E90E82A5785E427A2D829537C8626;4AE6CDE0A509CAAA0E3F138A1F70841CD4B6FAD992C3317C67C65CB086882C45;42F0C3A4223048F6FC66E2C70F53F0A8CD51A5B1B611D48329A07FF169F91D18,5D9812E6C088200178550AA4E2EB96B17E2DD2494327B8792E01093DB4C2097D;BF38589FD35A28AC898F13DA01FC1CDFE35C9CBFC6BFD82E570E1E28362BB9DF;227710FBE1EED5EEBDBD9A70093850B855FFE58534E57DF8E9D4612BA575FE52,1,1,READY_FOR_G9_REFRESH
CUMCM-2005-A-001,derived/scale/papers/CUMCM-2005-A-001,20260905T045418589698Z_557724fba657,2005年数学建模国赛真题+优秀论文/2005年国赛优秀论文/2005A：长江水质综合评价与预测的数学模型.pdf,4733466C8FCF3B9C3D3AD25EF33E3F4ABBC5F1CFD1DB0AE73337E1712B94F79F,MARKER_ONLY_DIAGNOSTIC_OCR_REUSE;MARKER_ONLY_EXISTING_TRUSTED_TEXT_RECONSTRUCTION,G11_MARKER_ONLY_PAGE_LOCAL_FORMAL_BODY,1;2;3;4;5;6;7;8;9;10;11,2EEBBD295DAA69E745D4D3A60E17C0CEEF5CCD2C3D4B962C1E8FD4F59535AFD8,3CBBD81CD069BE1CB00FD332E11B2C3F19A6B54C04C5054CBC1FDE60949A237F,derived/scale/papers/CUMCM-2005-A-001/paper.md;derived/scale/papers/CUMCM-2005-A-001/metadata.yaml;derived/scale/papers/CUMCM-2005-A-001/knowledge_card.md,2EEBBD295DAA69E745D4D3A60E17C0CEEF5CCD2C3D4B962C1E8FD4F59535AFD8;E8BCE3A46873E31C0E8B200CF3F5EEBF8CCD12EF9DB261A433047C92C3CC5B26;FC2C2B917AE8573DCEAC72A45A9E93D2FB43414B47F3AAA3F4155A14B776F5D8,3CBBD81CD069BE1CB00FD332E11B2C3F19A6B54C04C5054CBC1FDE60949A237F;317FB45911643F159F53F2594AA7915A501CB72FD3597E615C41707E4A01666F;5FD3C71D7854F74C2C86FCAEB51B9261AEDA4050CBD30BAFEDD69857D5F77C4A,1,1,READY_FOR_G9_REFRESH
CUMCM-2005-A-002,derived/scale/papers/CUMCM-2005-A-002,20260905T045418589698Z_557724fba657,2005年数学建模国赛真题+优秀论文/2005年国赛优秀论文/2005A：基于回归分析的长江水质预测与控制.pdf,57A42DA17752D25A81D08F67DB6C47AC5EB3EE26FB6F77EBD3952C5A6CAF2D4D,MARKER_ONLY_DIAGNOSTIC_OCR_REUSE,G11_MARKER_ONLY_PAGE_LOCAL_FORMAL_BODY,1;2;3;4;5;6,3556B4100929F4D56319AA760B104EE0CA947F3D5B03F13F7A0DF601179225BE,AC7CF0ED9753C389DF77DFDEAAC05C964C03969D71443DCB2B593A9BCF8CD1E6,derived/scale/papers/CUMCM-2005-A-002/paper.md;derived/scale/papers/CUMCM-2005-A-002/metadata.yaml;derived/scale/papers/CUMCM-2005-A-002/knowledge_card.md,3556B4100929F4D56319AA760B104EE0CA947F3D5B03F13F7A0DF601179225BE;E15452A0057E57B8704F1B835A3D451CF61855AE2995968B82AB6F639AA4323E;2E3931FD9FE1DA71550C6B4EED352BEAEE6F456EF0C3F386A707BBB42F950383,AC7CF0ED9753C389DF77DFDEAAC05C964C03969D71443DCB2B593A9BCF8CD1E6;E9549F69FC7F361B7C19933C6D86CADA960463CDE869E89C752B7AA3FA5B6D99;3842BF20730A1D8BEACBE11892E566D4B26760F8A936F4238020C5FF87B76D30,1,1,READY_FOR_G9_REFRESH
CUMCM-2005-A-003,derived/scale/papers/CUMCM-2005-A-003,20260905T045418589698Z_557724fba657,2005年数学建模国赛真题+优秀论文/2005年国赛优秀论文/2005A：长江水质的评价和预测.pdf,27B1D68EFF81F79FCD3DEDC31C5D4020D1D2CE42D541837283493558C52DE507,MARKER_ONLY_DIAGNOSTIC_OCR_REUSE,G11_MARKER_ONLY_PAGE_LOCAL_FORMAL_BODY,1;2;3;4;5;6;7;8;9,1C2FC324063A906FF208763D2826E0A769B059290333B0542241C22CD9C91DE8,B394BB63947221170678C2E4AC5C30D016347272A9315E86745178E92E73C6A6,derived/scale/papers/CUMCM-2005-A-003/paper.md;derived/scale/papers/CUMCM-2005-A-003/metadata.yaml;derived/scale/papers/CUMCM-2005-A-003/knowledge_card.md,1C2FC324063A906FF208763D2826E0A769B059290333B0542241C22CD9C91DE8;1DF269F22A945F798841B061ECBBA7FAFEF3121C27141A04148B85DDCD21A388;B0D1207AC1496B5202E7189A9F3EC5747FD757FE53F9D3A7DF88A40170686117,B394BB63947221170678C2E4AC5C30D016347272A9315E86745178E92E73C6A6;409400AC9F4B37087241A4E59ED94DACF3F7D58B63CF904F39D59D6FF4B29E09;43D4E852EC4FC67E76FB33FAF166E7E91ECC2A6CB8282C0BC46208BEBCADEF37,1,1,READY_FOR_G9_REFRESH
CUMCM-2005-A-004,derived/scale/papers/CUMCM-2005-A-004,20260905T045418589698Z_557724fba657,2005年数学建模国赛真题+优秀论文/2005年国赛优秀论文/2005A：水质的评价和预测模型.pdf,FE254AD18F2480EE95CEFF0A7D1BC833EDA5920305C942DFFD632BE556024B04,MARKER_ONLY_DIAGNOSTIC_OCR_REUSE,G11_MARKER_ONLY_PAGE_LOCAL_FORMAL_BODY,1;2;3;4;5;6,3556B4100929F4D56319AA760B104EE0CA947F3D5B03F13F7A0DF601179225BE,21607BDAB59FA878D1763B7DA5A90679CFAEDEC2D65647B67BFE4F8E0011D8F3,derived/scale/papers/CUMCM-2005-A-004/paper.md;derived/scale/papers/CUMCM-2005-A-004/metadata.yaml;derived/scale/papers/CUMCM-2005-A-004/knowledge_card.md,3556B4100929F4D56319AA760B104EE0CA947F3D5B03F13F7A0DF601179225BE;54489EA8030335EBCF8A2D190593BBFEAC620D9539183223FA5CEC4A185DFC5F;FB5066BC9312C1DD4C3EE5E8F30EB2631E8C334ABF884C34AB3A2728298E952F,21607BDAB59FA878D1763B7DA5A90679CFAEDEC2D65647B67BFE4F8E0011D8F3;10862353D4E550F84974B06ADD3A0CE6A40DD8139367A08E88F5B8804815DBCE;EA8FA730078F854E42BFF62822929E5E72EDD250A59DDD555B7484B5F3E58844,1,1,READY_FOR_G9_REFRESH
CUMCM-2005-A-005,derived/scale/papers/CUMCM-2005-A-005,20260905T045418589698Z_557724fba657,2005年数学建模国赛真题+优秀论文/2005年国赛优秀论文/2005A：长江水质的评价预测模型.pdf,95E931005A51089948CBEDDB05C879D2396ACD60599E3BFFF3FD14C1D99CAE9C,MARKER_ONLY_DIAGNOSTIC_OCR_REUSE,G11_MARKER_ONLY_PAGE_LOCAL_FORMAL_BODY,1;2;3;4;5;6,3556B4100929F4D56319AA760B104EE0CA947F3D5B03F13F7A0DF601179225BE,D881EA71BFA78A907D6A1B11B11E59224F1D5EC8806FE325641EF47000E32E30,derived/scale/papers/CUMCM-2005-A-005/paper.md;derived/scale/papers/CUMCM-2005-A-005/metadata.yaml;derived/scale/papers/CUMCM-2005-A-005/knowledge_card.md,3556B4100929F4D56319AA760B104EE0CA947F3D5B03F13F7A0DF601179225BE;CF923C4EB3DFA29FE43F5B3955DA790F7A6607EF621129E3C4CB75AA2FA80163;F44D0A8AAD268C6AFF42E18B4935FF85B4C0C657EAEA83CAECBD1310D4B71785,D881EA71BFA78A907D6A1B11B11E59224F1D5EC8806FE325641EF47000E32E30;503FA7A301DC7644F7FC36268E95C4369A4EAD4DAAEECEDC5FC34B00ADF0C33B;57E8DB2C3591DCEB089C15488D0DBCDE503C715923A82E3877F346B830ABB567,1,1,READY_FOR_G9_REFRESH
CUMCM-2005-A-006,derived/scale/papers/CUMCM-2005-A-006,20260905T045418589698Z_557724fba657,2005年数学建模国赛真题+优秀论文/2005年国赛优秀论文/2005A：长江水质评价和预测研究.pdf,4B40C968EB0ED030461450F7EE197149FC5233739113D90FF72D5A2A4FFCA206,MARKER_ONLY_DIAGNOSTIC_OCR_REUSE,G11_MARKER_ONLY_PAGE_LOCAL_FORMAL_BODY,1;2;3;4;5;6,3556B4100929F4D56319AA760B104EE0CA947F3D5B03F13F7A0DF601179225BE,D5C2C27F143E79757E9EB41FC2CF770140E1910C53D85609A2AACA47641EB67A,derived/scale/papers/CUMCM-2005-A-006/paper.md;derived/scale/papers/CUMCM-2005-A-006/metadata.yaml;derived/scale/papers/CUMCM-2005-A-006/knowledge_card.md,3556B4100929F4D56319AA760B104EE0CA947F3D5B03F13F7A0DF601179225BE;F074C31572AB5FAE54C686C55150D83325EFAB459078F7EF7F7F782803133CA7;B40C0D429C49B37C2A0C33480A11223190FE6C613F6AB3B0257D0500AA633940,D5C2C27F143E79757E9EB41FC2CF770140E1910C53D85609A2AACA47641EB67A;CC9DBDEEF1B2513214BFE1F6A3B62BE48775E52A9A39C6CF24CD6B67BB6852D4;4964692C466E3C0C08C9B703FC88AF0357431F4CB1CB0537320790DF8066D3EA,1,1,READY_FOR_G9_REFRESH
CUMCM-2005-A-007,derived/scale/papers/CUMCM-2005-A-007,20260905T045418589698Z_557724fba657,2005年数学建模国赛真题+优秀论文/2005年国赛优秀论文/2005A：长江水质的评价预测模型及其实用性研究.pdf,5193A89D12EC64538AE253CCAEF15300D8742FEAA62AE4F48B1829B9F82C29A2,MARKER_ONLY_DIAGNOSTIC_OCR_REUSE,G11_MARKER_ONLY_PAGE_LOCAL_FORMAL_BODY,1;2;3;4;5;6,3556B4100929F4D56319AA760B104EE0CA947F3D5B03F13F7A0DF601179225BE,676D89DD24AB52FFB672C2F8519AEB7AD36D3D47D8AECC63F3E07518449C1112,derived/scale/papers/CUMCM-2005-A-007/paper.md;derived/scale/papers/CUMCM-2005-A-007/metadata.yaml;derived/scale/papers/CUMCM-2005-A-007/knowledge_card.md,3556B4100929F4D56319AA760B104EE0CA947F3D5B03F13F7A0DF601179225BE;3B233760D0668216EBA2347E1DE2DCB1D8B0DE5446A651200BEC845D580AC819;F9663EFCB60712255BA22994B40D223AC8EA234597E636F0A2DFE802FC53EF03,676D89DD24AB52FFB672C2F8519AEB7AD36D3D47D8AECC63F3E07518449C1112;96814D4581FA9662AE95352E5A638D554719DB5BFCED411E890365D1B8A0CC69;67F6A19200F418376E2A8188915B89C64E26F981969A5DE7E65D73E497C876EC,1,1,READY_FOR_G9_REFRESH
CUMCM-2005-B-002,derived/scale/papers/CUMCM-2005-B-002,20260905T045418589698Z_557724fba657,2005年数学建模国赛真题+优秀论文/2005年国赛优秀论文/2005B：DVD在线租赁系统的优化设计.pdf,130F5D4D0078B38BE1A83849E943EB5B5F79AFFF37CF5198D16B16A9BEA5F030,MARKER_ONLY_DIAGNOSTIC_OCR_REUSE,G11_MARKER_ONLY_PAGE_LOCAL_FORMAL_BODY,1;2;3;4;5;6;7,845EAC42B8D7C797245E742A556F6F7B87F8594979C758FB43031CD6D48DB563,22B6FE8575AE3523304E4B90ACDD6F6901E338E1CC9ADC9F90BA1E850BB76438,derived/scale/papers/CUMCM-2005-B-002/paper.md;derived/scale/papers/CUMCM-2005-B-002/metadata.yaml;derived/scale/papers/CUMCM-2005-B-002/knowledge_card.md,845EAC42B8D7C797245E742A556F6F7B87F8594979C758FB43031CD6D48DB563;7FBCBD83BCED3F835DF1FA30148A1F02A5709A43ACDE0890764C03CF56638E18;3296390FA5D1403BB3AF8E9EFB6980B4B6EA54BDA70DAE3680D68EC997F1FD68,22B6FE8575AE3523304E4B90ACDD6F6901E338E1CC9ADC9F90BA1E850BB76438;A4E6AE8075FC2CBC56F6D2514A8C1A7E69A6471CE55516730CF6E59E5B9D4364;090FD15E4E585AE01CDA5616531E2E7643F1ED34F539F2EC3DFE6925B7EFD3D7,1,1,READY_FOR_G9_REFRESH
CUMCM-2005-B-003,derived/scale/papers/CUMCM-2005-B-003,20260905T045418589698Z_557724fba657,2005年数学建模国赛真题+优秀论文/2005年国赛优秀论文/2005B：DVD在线租赁.pdf,E13295621F58DE3994CFCA45FCCFEEE50243157C32E7A14B88E91E86318F9BAF,MARKER_ONLY_DIAGNOSTIC_OCR_REUSE,G11_MARKER_ONLY_PAGE_LOCAL_FORMAL_BODY,1;2;3;4;5,1D9182549363CD07A8F3D657C2AD60D5197D3991577AD22ACB1BFC0A2C456E59,862446AED95BD12711D41C6A5B4726D9464FB99C0BD11BED39DCA1CDCD383228,derived/scale/papers/CUMCM-2005-B-003/paper.md;derived/scale/papers/CUMCM-2005-B-003/metadata.yaml;derived/scale/papers/CUMCM-2005-B-003/knowledge_card.md,1D9182549363CD07A8F3D657C2AD60D5197D3991577AD22ACB1BFC0A2C456E59;D3E5F563F899AABE87351D44C3C6F4A9C4E6E1B78A34FC72114FCAC45B8B16DC;A207547572D42EFC36E07F06553C17B88859E71B3B363A040D58714045306992,862446AED95BD12711D41C6A5B4726D9464FB99C0BD11BED39DCA1CDCD383228;1201E06DEFF8E640CDAFA0DA85B033CBB3E5706C3F8F8EE862D16D2C51AD8A2C;BE044F375C3EB0D8EE12C8D5D47DCB4655C15BCB71CADCF6494EFD43C361C216,1,1,READY_FOR_G9_REFRESH
CUMCM-2005-B-004,derived/scale/papers/CUMCM-2005-B-004,20260905T045418589698Z_557724fba657,2005年数学建模国赛真题+优秀论文/2005年国赛优秀论文/2005B：DVD在线租赁问题.pdf,23D1D011AAA360A297302090DF300AEF2165AD4EE9739F759D1B8CB63146E0C2,MARKER_ONLY_DIAGNOSTIC_OCR_REUSE,G11_MARKER_ONLY_PAGE_LOCAL_FORMAL_BODY,1;2;3;4;5;6;7,845EAC42B8D7C797245E742A556F6F7B87F8594979C758FB43031CD6D48DB563,BCD1596D9653F5E07D7819EF6BE7E4C80771A01CC01C8B554C2707D368736429,derived/scale/papers/CUMCM-2005-B-004/paper.md;derived/scale/papers/CUMCM-2005-B-004/metadata.yaml;derived/scale/papers/CUMCM-2005-B-004/knowledge_card.md,845EAC42B8D7C797245E742A556F6F7B87F8594979C758FB43031CD6D48DB563;70790FDDCD6597B3F4806922F908092A512F1C3E9BF26D29840E720DC48C5A6A;F254D8A7A5B4FE1362776FB3126C9B2B117AFC1B475CB9F213E084EFFF320336,BCD1596D9653F5E07D7819EF6BE7E4C80771A01CC01C8B554C2707D368736429;81D35038EFC0F26E7F6623E65D2019C32C06A8604A3DEFDCABACB223CB8232B9;9E0D2802D85D154BAF3B00D8C94971395F7BBC739D14E417D92E87818E4760F9,1,1,READY_FOR_G9_REFRESH
CUMCM-2005-B-005,derived/scale/papers/CUMCM-2005-B-005,20260905T045418589698Z_557724fba657,2005年数学建模国赛真题+优秀论文/2005年国赛优秀论文/2005B：DVD租赁优化方案.pdf,A2EB60BEE5DD0395D2DB678F7A138BFA698DA1A2AC02616005765B2ED7AF0B33,MARKER_ONLY_DIAGNOSTIC_OCR_REUSE,G11_MARKER_ONLY_PAGE_LOCAL_FORMAL_BODY,1;2;3;4;5;6;7;8;9,1C2FC324063A906FF208763D2826E0A769B059290333B0542241C22CD9C91DE8,04901979F660FC256EACB8071A2D98AA1243AED388653163C8FDBED078317B48,derived/scale/papers/CUMCM-2005-B-005/paper.md;derived/scale/papers/CUMCM-2005-B-005/metadata.yaml;derived/scale/papers/CUMCM-2005-B-005/knowledge_card.md,1C2FC324063A906FF208763D2826E0A769B059290333B0542241C22CD9C91DE8;5D472FE5F16DCFF2D96D280FAA8510498D552515D26957EFF9CD7B4906D5B9D1;B715079133F26D23E4E03912DE9D90A1921E7DB46080D8F73516090048FAF46E,04901979F660FC256EACB8071A2D98AA1243AED388653163C8FDBED078317B48;BE6DD35BCA2666ADDA3EB9D8BC5295C7A59A476A866083E43DE02084BA963180;622D9D2374C8D8190160B9C3BE6F19B8D07471E3BAA766FDE4693A7B6EB26BE0,1,1,READY_FOR_G9_REFRESH
CUMCM-2005-B-006,derived/scale/papers/CUMCM-2005-B-006,20260905T045418589698Z_557724fba657,2005年数学建模国赛真题+优秀论文/2005年国赛优秀论文/2005B：DVD在线租赁业务中的数学模型.pdf,D4E3BB3EF9EF885429E43413401CD7A28AE46D4E2BC29C08DD98FA8C39CEEC71,MARKER_ONLY_DIAGNOSTIC_OCR_REUSE,G11_MARKER_ONLY_PAGE_LOCAL_FORMAL_BODY,1;2;3;4,747914D495F481AEA94B89B6481B5B807695DFAC4C1C281DE639E2F58A4F0997,160938937CCDB8EB465844DD3C900693FFE5AA38EF507153E86E5FD1360C56F3,derived/scale/papers/CUMCM-2005-B-006/paper.md;derived/scale/papers/CUMCM-2005-B-006/metadata.yaml;derived/scale/papers/CUMCM-2005-B-006/knowledge_card.md,747914D495F481AEA94B89B6481B5B807695DFAC4C1C281DE639E2F58A4F0997;CA0B8125E734B6FD508F1777B534F0640E23D17DD1BB5772BDC823929B58BE27;1BD0F64159599D8C3DE8F05647159313A02F751D4A48A4C964C83110AC82C6BA,160938937CCDB8EB465844DD3C900693FFE5AA38EF507153E86E5FD1360C56F3;285E129BB5D28DD5D342B9E110BEA6390F1F426E687B1D4E5E4ED68AE77AFBB6;2CB44E00F3D091D972D97925B658A0A69EB95D2265009D6BEA3E2D1F1C046B70,1,1,READY_FOR_G9_REFRESH
CUMCM-2005-B-007,derived/scale/papers/CUMCM-2005-B-007,20260905T045418589698Z_557724fba657,2005年数学建模国赛真题+优秀论文/2005年国赛优秀论文/2005B：DVD租赁问题的模型设计及求解.pdf,B08ED8E84DB2A52D5AF734A27DD786BCFB4E242CAF72C2CC337BC09250B77FF6,MARKER_ONLY_DIAGNOSTIC_OCR_REUSE,G11_MARKER_ONLY_PAGE_LOCAL_FORMAL_BODY,1;2;3;4;5;6;7;8;9,1C2FC324063A906FF208763D2826E0A769B059290333B0542241C22CD9C91DE8,A56F15CD9F93E58BA982BB25CE695482AA82B68850640655305079969911065C,derived/scale/papers/CUMCM-2005-B-007/paper.md;derived/scale/papers/CUMCM-2005-B-007/metadata.yaml;derived/scale/papers/CUMCM-2005-B-007/knowledge_card.md,1C2FC324063A906FF208763D2826E0A769B059290333B0542241C22CD9C91DE8;8DFAFBDD58C80C58381AA6716743CB792AA71360D25198021032BA3D8CC10BFD;94EACB3260E8C11A7CB7C160D9656C569167916956F9470B892D9739F0349C9B,A56F15CD9F93E58BA982BB25CE695482AA82B68850640655305079969911065C;44D53F61C5E73DA6926BF1C1E25F39B286A4ECAC478A88ACBC7A8FED86D662E9;FEABA455B7C481B07932153F4026424311C75AA65C942CC2F82A03C09BF8EF66,1,1,READY_FOR_G9_REFRESH
CUMCM-2005-C-001,derived/scale/papers/CUMCM-2005-C-001,20260905T045418589698Z_557724fba657,2005年数学建模国赛真题+优秀论文/2005年国赛优秀论文/2005C：基于插值的雨量预报评价模型.pdf,93292CE8BB60BFC1D7CAE1FA4D731AD0398D968658D5C88C7BACD2A3BDEE7E3E,MARKER_ONLY_DIAGNOSTIC_OCR_REUSE,G11_MARKER_ONLY_PAGE_LOCAL_FORMAL_BODY,1;2;3;4,747914D495F481AEA94B89B6481B5B807695DFAC4C1C281DE639E2F58A4F0997,B4CB27BF89EBA66C7A66ADB50BAB4F7943D02FA2C05C8DF3B700068B0F73E055,derived/scale/papers/CUMCM-2005-C-001/paper.md;derived/scale/papers/CUMCM-2005-C-001/metadata.yaml;derived/scale/papers/CUMCM-2005-C-001/knowledge_card.md,747914D495F481AEA94B89B6481B5B807695DFAC4C1C281DE639E2F58A4F0997;0423CDE8E24F00531F4AF4787DB74F27C0E34FFE8601688993E5582D5C7B14D4;FC5919196F0F46C240F2ECE50EF0297219780CC54EAE9CA4D651ADF6BC860AAD,B4CB27BF89EBA66C7A66ADB50BAB4F7943D02FA2C05C8DF3B700068B0F73E055;D2C77CE43F6C46DD7771DC47190F4692E4280842BE9CDFA925E35DBAEAA20149;89D887D01C597855BC8610E0F431E0C8D51E8B4E089980907E5C7E74E4B2F782,1,1,READY_FOR_G9_REFRESH
CUMCM-2005-C-002,derived/scale/papers/CUMCM-2005-C-002,20260905T045418589698Z_557724fba657,2005年数学建模国赛真题+优秀论文/2005年国赛优秀论文/2005C：雨量预报方法优劣的评价模型.pdf,F2C6856969C2FA17BA298F19966886261AC2D859DE3BA46B10227F326BC773D3,MARKER_ONLY_DIAGNOSTIC_OCR_REUSE,G11_MARKER_ONLY_PAGE_LOCAL_FORMAL_BODY,1;2;3;4;5,1D9182549363CD07A8F3D657C2AD60D5197D3991577AD22ACB1BFC0A2C456E59,993C693BD0946A6876761A0648E6377B19302AF4F22D2A5039573631661000A5,derived/scale/papers/CUMCM-2005-C-002/paper.md;derived/scale/papers/CUMCM-2005-C-002/metadata.yaml;derived/scale/papers/CUMCM-2005-C-002/knowledge_card.md,1D9182549363CD07A8F3D657C2AD60D5197D3991577AD22ACB1BFC0A2C456E59;6251DA58A6DE19F7BE6D6AA8162BD46456075C02C83C94636364BEA3B7A6C81C;D20992AE89497F6507119DC49BC77F04CACE9595A3230F3E66034C9889E48082,993C693BD0946A6876761A0648E6377B19302AF4F22D2A5039573631661000A5;24D1AED8D7D34FCAE8C0A51847B28D50662B073469729254DB375E44CC3FFF9E;7AFBB1CBD7E6ABEE45EB93875C7E401926B665C97B33140BFD012FCB61CD112E,1,1,READY_FOR_G9_REFRESH
CUMCM-2005-C-004,derived/scale/papers/CUMCM-2005-C-004,20260905T045418589698Z_557724fba657,2005年数学建模国赛真题+优秀论文/2005年国赛优秀论文/2005C：雨量预报方法的评价模型.pdf,FD068FDBA017130A32760B4EAF2BD23EC4A4947D808960877231C74FF31DEB4C,MARKER_ONLY_DIAGNOSTIC_OCR_REUSE,G11_MARKER_ONLY_PAGE_LOCAL_FORMAL_BODY,1;2;3;4;5;6,3556B4100929F4D56319AA760B104EE0CA947F3D5B03F13F7A0DF601179225BE,56EDCF76519AF510ADA292F8905D37D9CAFF1201091B799EBF914E52404F1F97,derived/scale/papers/CUMCM-2005-C-004/paper.md;derived/scale/papers/CUMCM-2005-C-004/metadata.yaml;derived/scale/papers/CUMCM-2005-C-004/knowledge_card.md,3556B4100929F4D56319AA760B104EE0CA947F3D5B03F13F7A0DF601179225BE;75C8B6358ECBF4CD568D97A3A40BAE70F786BB0491580B2A62A2666938C8D65C;0E30E449EE1771BDB00332398988017681B167A42AB734505FAE3EEB206EF92D,56EDCF76519AF510ADA292F8905D37D9CAFF1201091B799EBF914E52404F1F97;7E917BAF85DA43154FE8389014660A255B751CD3443E29598F124B902E554B47;5B386048D02A8CFF9582D011824E881510855350C7B6B2FAB4653DEC27259FE1,1,1,READY_FOR_G9_REFRESH
CUMCM-2005-C-005,derived/scale/papers/CUMCM-2005-C-005,20260905T045418589698Z_557724fba657,2005年数学建模国赛真题+优秀论文/2005年国赛优秀论文/2005C：雨量预报方法的评价.pdf,8560486309D7DF9C5CDE18642312618FE1EB62E70013BE39A43F03A83459CFFE,MARKER_ONLY_DIAGNOSTIC_OCR_REUSE,G11_MARKER_ONLY_PAGE_LOCAL_FORMAL_BODY,1;2;3;4,747914D495F481AEA94B89B6481B5B807695DFAC4C1C281DE639E2F58A4F0997,02318F028DA6F76F5125E2E532E20E5D2F1206CDBE9F424961D41CEC511EA547,derived/scale/papers/CUMCM-2005-C-005/paper.md;derived/scale/papers/CUMCM-2005-C-005/metadata.yaml;derived/scale/papers/CUMCM-2005-C-005/knowledge_card.md,747914D495F481AEA94B89B6481B5B807695DFAC4C1C281DE639E2F58A4F0997;86B69F404B073E56445505BC216B583DEE1ECAC7C65F3FE148ECC78853092583;E42E5D7167706E772D8839C84152E0458714697EB6BDC51CBB3855B7D8FD703B,02318F028DA6F76F5125E2E532E20E5D2F1206CDBE9F424961D41CEC511EA547;F31A3B82C72532225D7510E5D79B55CE99DD74C9C2CCC7841421F1C945C89CC2;9050EBEB95B3FBA701B165A90DCF8D575429B3548B89690E9480C8ADAD92465D,1,1,READY_FOR_G9_REFRESH
CUMCM-2005-C-006,derived/scale/papers/CUMCM-2005-C-006,20260905T045418589698Z_557724fba657,2005年数学建模国赛真题+优秀论文/2005年国赛优秀论文/2005C：雨量预报方法的评价(1).pdf,4BEB492D0753340DA256E2738EE99D389CFC69678BA6702160E167DA43E54E51,MARKER_ONLY_DIAGNOSTIC_OCR_REUSE,G11_MARKER_ONLY_PAGE_LOCAL_FORMAL_BODY,1;2,96063CBA314A4F2CBA5DBE2319045D111F6D07789F83372C519D124C7AA4C1B2,EE1E5EF0E5571FD065FF9DB0D3E2453ACC3A86D126EBC1AC53939403CDF9713C,derived/scale/papers/CUMCM-2005-C-006/paper.md;derived/scale/papers/CUMCM-2005-C-006/metadata.yaml;derived/scale/papers/CUMCM-2005-C-006/knowledge_card.md,96063CBA314A4F2CBA5DBE2319045D111F6D07789F83372C519D124C7AA4C1B2;4FDB5725760E61E21B12ED18D42CAEBC6AE2BBFEFDCD63A63EAC532B1EABFC4E;ADE6AAB5EACA787A0F324954BDA486FF28FEAB6D9EEFA9370872AB014722D43F,EE1E5EF0E5571FD065FF9DB0D3E2453ACC3A86D126EBC1AC53939403CDF9713C;0943110A2FDCB11BCC1161DA142B5D0D32EF80A684A891AD44421661B421B0DB;FD19CDA009564D093DFC62165C4078AC6EA165BA1713A52425462DECDF778024,1,1,READY_FOR_G9_REFRESH
CUMCM-2006-A-001,derived/scale/papers/CUMCM-2006-A-001,20260905T045418589698Z_557724fba657,2006年数学建模国赛真题+优秀论文/2006年优秀论文/2006A：出版社的资源配置方案.pdf,CC9E85F867A88EDEF5247AFFEA2B1BB850CC1ED0EBA5099851521799BCA94C22,MARKER_ONLY_DIAGNOSTIC_OCR_REUSE;MARKER_ONLY_EXISTING_TRUSTED_TEXT_RECONSTRUCTION,G11_MARKER_ONLY_PAGE_LOCAL_FORMAL_BODY,1;2;3;4;5;6;7;8;9;10;11;12;13;14;15;16;17,F711F303D778F4FCC8FBC4213E499B268F53ABFF7CCB69BACDD3DD5D6C2676CE,8E15632E2321CA89933F7AF70697AA614199806CCE7C25694314C86243B13FCB,derived/scale/papers/CUMCM-2006-A-001/paper.md;derived/scale/papers/CUMCM-2006-A-001/metadata.yaml;derived/scale/papers/CUMCM-2006-A-001/knowledge_card.md,F711F303D778F4FCC8FBC4213E499B268F53ABFF7CCB69BACDD3DD5D6C2676CE;E6C58F3C154A91DFDE31B79BF3639BAF7F2951D7CE1B131C4DD28799747EF7FC;1F4A545D10A34F5071DEBF84694EB4B5D691EEC150060445775347EFA9CBA7DF,8E15632E2321CA89933F7AF70697AA614199806CCE7C25694314C86243B13FCB;226E60911B7133B3D766033F21167B329822E118BFC292B21F436E3B8F503D95;67116F82E713D62BD41226FA4DEBE4634640E40794B97119501C616221379413,1,1,READY_FOR_G9_REFRESH
CUMCM-2006-A-002,derived/scale/papers/CUMCM-2006-A-002,20260905T045418589698Z_557724fba657,2006年数学建模国赛真题+优秀论文/2006年优秀论文/2006A：层次分析思想在出版社资源配置中的应用.pdf,90A884D6E6B981A09FCE4A9CCC60D66C5E80581203E285889E74945EDABBF0AB,MARKER_ONLY_DIAGNOSTIC_OCR_REUSE,G11_MARKER_ONLY_PAGE_LOCAL_FORMAL_BODY,1;2;3;4;5;6;7;8;9;10;11;12;13;14;15;16;17;18;19;20;21;22;23;24;25,B6404540EF2A74C970DEAC82C803AE4DC23ED95E434CAB505B84EB569E9013BF,D80E6E789C5F1ED9E57B390E4FEDF8B2DBC02FA6939A5272F76CA563EA234148,derived/scale/papers/CUMCM-2006-A-002/paper.md;derived/scale/papers/CUMCM-2006-A-002/metadata.yaml;derived/scale/papers/CUMCM-2006-A-002/knowledge_card.md,B6404540EF2A74C970DEAC82C803AE4DC23ED95E434CAB505B84EB569E9013BF;18F339D56B91EF3730058A4EC7015E4A4B8B629ED934D8ABB00076738D1B96FC;73452D9BD513DC4939B4A66B97991A97768010FB8AD885A2990FB513F08F103B,D80E6E789C5F1ED9E57B390E4FEDF8B2DBC02FA6939A5272F76CA563EA234148;6533A7211F4CD1D014A57E3793857B61A295C4AD2CC15A9AF4E7FBAEA924E22B;6F74C75F9E111231A45F54E0CEF4168AC5E1A82317B532647F1C989456E88D29,1,1,READY_FOR_G9_REFRESH
CUMCM-2006-A-003,derived/scale/papers/CUMCM-2006-A-003,20260905T045418589698Z_557724fba657,2006年数学建模国赛真题+优秀论文/2006年优秀论文/2006A：出版社资源的优化配置.pdf,00D9921397BC0F4719B302446A92E20DB8734A7359F56E8CF411C6494841F423,MARKER_ONLY_DIAGNOSTIC_OCR_REUSE,G11_MARKER_ONLY_PAGE_LOCAL_FORMAL_BODY,1;2;3;4;5;6;7;8;9;10;11;12;13;14;15;16,57E1B342397333BC57B3F19314DAC820604D6C4F3FBAD2940F036442A24A1209,A9D9AEB015F9385CADE278DA4516DE4926198707AC3430B22870D2D49E1BB03D,derived/scale/papers/CUMCM-2006-A-003/paper.md;derived/scale/papers/CUMCM-2006-A-003/metadata.yaml;derived/scale/papers/CUMCM-2006-A-003/knowledge_card.md,57E1B342397333BC57B3F19314DAC820604D6C4F3FBAD2940F036442A24A1209;4DDCE9DF96798CFBC560BAB79E5CF7B1C0C57E45DC75DD49EE8CEAA2AA8F1AC8;266E1A04F8285B4BDA94D4B64E38FEABD5517B4E0F3C545914372FC69CDF0680,A9D9AEB015F9385CADE278DA4516DE4926198707AC3430B22870D2D49E1BB03D;788383A616F95F6B5930203C51A616CB5FAB082DB8332E6D4E1D0A23E75B6A83;6F82F79026BA4A6B69548283269E543AC0703176F2000986E142C7111287E899,1,1,READY_FOR_G9_REFRESH
CUMCM-2006-A-004,derived/scale/papers/CUMCM-2006-A-004,20260905T045418589698Z_557724fba657,2006年数学建模国赛真题+优秀论文/2006年优秀论文/2006A：出版社书号的优化配置.pdf,475CF35EC24E1C7485A759127AD292B08C6BDE4AE9FE987E492B458DDFF3FCDD,MARKER_ONLY_DIAGNOSTIC_OCR_REUSE,G11_MARKER_ONLY_PAGE_LOCAL_FORMAL_BODY,1;2;3;4;5;6;7;8;9;10;11;12;13;14;15;16;17;18;19;20;21;22;23;24;25;26;27;28;29;30,F455474AB5D561BFD69A7BFC38BBE1409CF1AAC62F2E3B513A7F9F4AFBA850DE,63990C2707E810EF1F04BCDB9B6A3042C11139B25398583F582444A9089D463E,derived/scale/papers/CUMCM-2006-A-004/paper.md;derived/scale/papers/CUMCM-2006-A-004/metadata.yaml;derived/scale/papers/CUMCM-2006-A-004/knowledge_card.md,F455474AB5D561BFD69A7BFC38BBE1409CF1AAC62F2E3B513A7F9F4AFBA850DE;F56BBA80899DAF73798F8C1B0EDDF9D0F0EE79BBCD335AA10711F228670F9B49;AB130BA7CC0FEC75502A52989953B36FB965FC37188D143F25B1D2F931A3B0E6,63990C2707E810EF1F04BCDB9B6A3042C11139B25398583F582444A9089D463E;C6EB2C9D81FE36872F09D97DF42C01B2196CFFA0B412CB80C47A5063B0164490;47F46CC377CEE04A1B63161685C2C2A63FDF94708431E139BA6A05714597D844,1,1,READY_FOR_G9_REFRESH
CUMCM-2006-A-007,derived/scale/papers/CUMCM-2006-A-007,20260905T045418589698Z_557724fba657,2006年数学建模国赛真题+优秀论文/2006年优秀论文/2006A：出版社资源配置的问题研究.pdf,5DA1C664C8BA938C77E93AAB4334AF736D04763AAA8129A33A9565F25494FC97,MARKER_ONLY_DIAGNOSTIC_OCR_REUSE,G11_MARKER_ONLY_PAGE_LOCAL_FORMAL_BODY,1;2;3;4;5;6;7;8;9;10;11;12;13;14;15;16;17;18;19,B3246C36293AD4E1270D5F165CC589A0C25142FF400E1BC33C539B75F456AC31,1FE21EEA408133487C5B2F74F1BF7725942FC2916FD30AFD7F22FE962763ADDC,derived/scale/papers/CUMCM-2006-A-007/paper.md;derived/scale/papers/CUMCM-2006-A-007/metadata.yaml;derived/scale/papers/CUMCM-2006-A-007/knowledge_card.md,B3246C36293AD4E1270D5F165CC589A0C25142FF400E1BC33C539B75F456AC31;23CCFA6611FA496052BE08440DFB49CC7D97F0DF403954467BBE2A30A62473A7;EF7DDB9F998CA862B0BFCC1B90C23A5A875B87F1318DDD1174D7AF6705FEABFE,1FE21EEA408133487C5B2F74F1BF7725942FC2916FD30AFD7F22FE962763ADDC;5C2065DDEFFC641F20A2885563BDDBBBECD944DC7F8BF3CF0C49BE89C2334ADB;2ABC5795150B808E30B290539C407D4A5871FEE5EDE8C02857BFAA81416A11A9,1,1,READY_FOR_G9_REFRESH
CUMCM-2006-B-001,derived/scale/papers/CUMCM-2006-B-001,20260905T045418589698Z_557724fba657,2006年数学建模国赛真题+优秀论文/2006年优秀论文/2006B：艾滋病疗法的评价及疗效的预.pdf,9D23F968712A90CE22A25CD158585EABE82B510AFDE711E1EF28C09AD998CB33,MARKER_ONLY_DIAGNOSTIC_OCR_REUSE,G11_MARKER_ONLY_PAGE_LOCAL_FORMAL_BODY,1;2;3;4;5;6;7;8;9;10;11,2EEBBD295DAA69E745D4D3A60E17C0CEEF5CCD2C3D4B962C1E8FD4F59535AFD8,81CC4ACD1A6B24009B6B47B48AE198E2AFFF8A7FE21C7459EE31E80DADB12C21,derived/scale/papers/CUMCM-2006-B-001/paper.md;derived/scale/papers/CUMCM-2006-B-001/metadata.yaml;derived/scale/papers/CUMCM-2006-B-001/knowledge_card.md,2EEBBD295DAA69E745D4D3A60E17C0CEEF5CCD2C3D4B962C1E8FD4F59535AFD8;F871E163AED17934CA628C67417362B7D31FE89CFD2B2850DE792D96014FA322;352E3EC290D3C89DE4F8EE7321CBD952E8711E7AC83BB36F4CE5E4E8B9472278,81CC4ACD1A6B24009B6B47B48AE198E2AFFF8A7FE21C7459EE31E80DADB12C21;0BC5870EB1C5719A8267D30F6C2589840F3BE65D827636C10B8803F8A5E97D7B;93F523A665EF61525BCC9C6160082BD0DDE4BD928CF0A848CEC3E268800D6199,1,1,READY_FOR_G9_REFRESH
CUMCM-2006-B-002,derived/scale/papers/CUMCM-2006-B-002,20260905T045418589698Z_557724fba657,2006年数学建模国赛真题+优秀论文/2006年优秀论文/2006B：艾滋病药物治疗的研究.pdf,E5A0B83765C71A9DC7620D68C3DE4CE6468DCF5EB9C83AB38DD2D85B6159F714,MARKER_ONLY_DIAGNOSTIC_OCR_REUSE,G11_MARKER_ONLY_PAGE_LOCAL_FORMAL_BODY,1;2;3;4;5;6;7;8;9;10;11;12;13;14;15;16;17,F711F303D778F4FCC8FBC4213E499B268F53ABFF7CCB69BACDD3DD5D6C2676CE,941A9303F87590727C52CE4D8E4EF0793F6D001255E1198BD78C93F50988D317,derived/scale/papers/CUMCM-2006-B-002/paper.md;derived/scale/papers/CUMCM-2006-B-002/metadata.yaml;derived/scale/papers/CUMCM-2006-B-002/knowledge_card.md,F711F303D778F4FCC8FBC4213E499B268F53ABFF7CCB69BACDD3DD5D6C2676CE;B592BFB0DEF890568EE4AC5D85B442E408ABCCC35221074F8B4D60605587D864;EE54B6E75E336DF56F715784B760D74DCB86390B14955455A7CBDC214EC3C70C,941A9303F87590727C52CE4D8E4EF0793F6D001255E1198BD78C93F50988D317;1552169B5F39BA5794090DDD9B1BFE0535D3D5C43E21F05B7CCEA7B611C076B9;FACE7FC7691657B740331DC1790F8823B474B327E4A2414133D4189052FAE0D0,1,1,READY_FOR_G9_REFRESH
CUMCM-2006-B-003,derived/scale/papers/CUMCM-2006-B-003,20260905T045418589698Z_557724fba657,2006年数学建模国赛真题+优秀论文/2006年优秀论文/2006B：艾滋病疗法的评价及疗效的预测（2）.pdf,3E09A80A11C3330E8F410E47E398E02E2E9BE207C8B6BB88AAEEDE8883FE0FB2,MARKER_ONLY_DIAGNOSTIC_OCR_REUSE,G11_MARKER_ONLY_PAGE_LOCAL_FORMAL_BODY,1;2;3;4;5;6;7;8;9;10;11;12;13;14;15;16;17;18;19;20;21;22;23;24;25;26;27;28;29,6E52BB601D33510DA169F61B0E1C18631BEEC5D9221889662F04E1364B3CFA04,D9F113F7FD01012C3858BA463687B21D90684A13384DD039DD210E93E14C93DB,derived/scale/papers/CUMCM-2006-B-003/paper.md;derived/scale/papers/CUMCM-2006-B-003/metadata.yaml;derived/scale/papers/CUMCM-2006-B-003/knowledge_card.md,6E52BB601D33510DA169F61B0E1C18631BEEC5D9221889662F04E1364B3CFA04;36D7704F4BF6D06F5405C0BA92E288EF2B8D4E9F1E86261808D3FDB5289928E2;D792CC40900FE5F2A8BCD4AC751E234BBCE79572D7CAA6E5CA25FBEE2F5BCBC5,D9F113F7FD01012C3858BA463687B21D90684A13384DD039DD210E93E14C93DB;182A75D2ABBE2D4E0C27EE0874FA8CA73F8D5FF4EAC28BB77517E66C3DAE422C;0B7279CA8B1631160602A6EB1BECB68E34327AA74BA14791F4834928D141F1AA,1,1,READY_FOR_G9_REFRESH
CUMCM-2006-B-004,derived/scale/papers/CUMCM-2006-B-004,20260905T045418589698Z_557724fba657,2006年数学建模国赛真题+优秀论文/2006年优秀论文/2006B：艾滋病疗法的评价及疗效的预测.pdf,DD31E04056200D18830B0CF84E7ACD5B2A4E51A769C3E645B6A8A67AC08368DE,MARKER_ONLY_DIAGNOSTIC_OCR_REUSE,G11_MARKER_ONLY_PAGE_LOCAL_FORMAL_BODY,1;2;3;4;5;6;7;8;9;10;11;12;13;14;15;16;17;18;19;20;21;22;23;24,B1528F2EBA4BA48539DE1B6F0BD32C20EC358577E8B0E841E24563E04A40C30D,ADBBF0AEEF2D2C6431E9353207A01E413DEBF8E8488BF73589250D6F39335822,derived/scale/papers/CUMCM-2006-B-004/paper.md;derived/scale/papers/CUMCM-2006-B-004/metadata.yaml;derived/scale/papers/CUMCM-2006-B-004/knowledge_card.md,B1528F2EBA4BA48539DE1B6F0BD32C20EC358577E8B0E841E24563E04A40C30D;CED416F04BD2C6AF542C9D13C0C28BFA188D68558ECBD68943A638835A99AF6D;6B4D9C958A6B7866955187E446671DED298370B6B83A5FA4143348EFBA7156DC,ADBBF0AEEF2D2C6431E9353207A01E413DEBF8E8488BF73589250D6F39335822;B2EFA1A5E9B1645CE8541292E66A247504728CE07FC2FE12D4B8F05059B16BCB;59B8129D66FD46DD983D3145C2B3033BC429A1B1DABE52B50ECCFB35C494DDCD,1,1,READY_FOR_G9_REFRESH
CUMCM-2006-B-005,derived/scale/papers/CUMCM-2006-B-005,20260905T045418589698Z_557724fba657,2006年数学建模国赛真题+优秀论文/2006年优秀论文/2006B：艾滋病疗法的评价以及疗效的预测.pdf,CA2C17F10B0CA102C43A36136553E3A5BBB927A78AD5FD6058AE38C3B2565B3C,MARKER_ONLY_DIAGNOSTIC_OCR_REUSE,G11_MARKER_ONLY_PAGE_LOCAL_FORMAL_BODY,1;2;3;4;5;6;7;8;9;10,D2C2B9A9C3053CBA6E8268335CA5BE7D0214F512AC81C7C8AE6302E692F1088E,01D90E5DD845D206B93B50D0A4CA4B9BE84B910AB4087EB0AEC51C6D1E91624C,derived/scale/papers/CUMCM-2006-B-005/paper.md;derived/scale/papers/CUMCM-2006-B-005/metadata.yaml;derived/scale/papers/CUMCM-2006-B-005/knowledge_card.md,D2C2B9A9C3053CBA6E8268335CA5BE7D0214F512AC81C7C8AE6302E692F1088E;56EC59ED9D055759DC65D7599ABCD0F11FFAE06A19AA19BBDBB5F872A9B440E9;39EF8F2BDC0752FD7166BD0DDCF69CF5C7A8949C7A9AB1EB0E738170883D78D8,01D90E5DD845D206B93B50D0A4CA4B9BE84B910AB4087EB0AEC51C6D1E91624C;844A54CA801B600C628E4C800B16B68BCD7C81A953051B5BB39FCF42AD4943E2;A6D30ABA9BBB594D275CCF1ED0B5A87C8CDE532F4BBA7ACB8DB8403FD0A30EC7,1,1,READY_FOR_G9_REFRESH
CUMCM-2007-A-001,derived/scale/papers/CUMCM-2007-A-001,20260905T045418589698Z_557724fba657,2007年数学建模国赛真题+优秀论文/2007年优秀论文/2007A：《中国人口增长预测模型》 (3).pdf,88E3E71E000B6FF6DF5B4D0F47A7003C72698795524DBF97F78D4D7A97E7DB2E,MARKER_ONLY_DIAGNOSTIC_OCR_REUSE;MARKER_ONLY_EXISTING_TRUSTED_TEXT_RECONSTRUCTION,G11_MARKER_ONLY_PAGE_LOCAL_FORMAL_BODY,1;2;3;4;5;6;7;8;9;10;11;12;13;14;15;16;17;18;19;20;21;22;23;24,B1528F2EBA4BA48539DE1B6F0BD32C20EC358577E8B0E841E24563E04A40C30D,46FF045023BA8DE49EFEFF18BBA33AD47A89803E33E823D641F43135AAA47897,derived/scale/papers/CUMCM-2007-A-001/paper.md;derived/scale/papers/CUMCM-2007-A-001/metadata.yaml;derived/scale/papers/CUMCM-2007-A-001/knowledge_card.md,B1528F2EBA4BA48539DE1B6F0BD32C20EC358577E8B0E841E24563E04A40C30D;A07E03F5B5A9A10179B828823691DE28B33B7CD881F46C385DD60408FB928C21;2679929F1C59DEED2D7E735EC72D6F9862192D6971711D42DFB774DC444DDB23,46FF045023BA8DE49EFEFF18BBA33AD47A89803E33E823D641F43135AAA47897;FA21B4B96156F29F7B178368E3BA5D12CF91E199830BF9DB5D172EE919C0F639;D603F542B53312EC24A3DDBD6696742431DA694C7643B9D6C3758A1A184B588B,1,1,READY_FOR_G9_REFRESH
CUMCM-2007-A-003,derived/scale/papers/CUMCM-2007-A-003,20260905T045418589698Z_557724fba657,2007年数学建模国赛真题+优秀论文/2007年优秀论文/2007A：《中国人口增长预测模型的建立与分析》.pdf,27AE164C866FB604263728077B526476AFF89C1C83CA5DDE9E5A574FBA704F91,MARKER_ONLY_DIAGNOSTIC_OCR_REUSE;PRESERVE_LEGITIMATE_NONCONTENT,G11_MARKER_ONLY_PAGE_LOCAL_FORMAL_BODY,1;2;3;4;5;6;7;8;9;10;11;12;13;14;15;16;17;18,B3246C36293AD4E1270D5F165CC589A0C25142FF400E1BC33C539B75F456AC31,F3990FF986567D23F7F921A9533EF07544B88F78DE27707564DF3A335B4DC64E,derived/scale/papers/CUMCM-2007-A-003/paper.md;derived/scale/papers/CUMCM-2007-A-003/metadata.yaml;derived/scale/papers/CUMCM-2007-A-003/knowledge_card.md,B3246C36293AD4E1270D5F165CC589A0C25142FF400E1BC33C539B75F456AC31;7DAAA6E3279BC4FC63DF3447D7E658CA7AD7C200A302BD42DEE3ACBD42FCAF60;33AD3B634638510F9A61F721CA1673ED368E2EE028F20C96C4688A6BB2F9B2F1,F3990FF986567D23F7F921A9533EF07544B88F78DE27707564DF3A335B4DC64E;A2D9FEB7856725EF4E2732909A08B0A69D55537B32988FA509E8BF997D734BC7;69BAABE8DAE85D0595F7794CB1377E1DD09DB905FABF56B9E2B6DE37CF8712A1,1,1,READY_FOR_G9_REFRESH
CUMCM-2007-A-004,derived/scale/papers/CUMCM-2007-A-004,20260905T045418589698Z_557724fba657,2007年数学建模国赛真题+优秀论文/2007年优秀论文/2007A：《基于差分方程的人口预测模型》.pdf,89894D242EEDC9F7FA8E895E15354C92A3EA0D396E7846DE3BBCDC9EA22FA414,MARKER_ONLY_DIAGNOSTIC_OCR_REUSE,G11_MARKER_ONLY_PAGE_LOCAL_FORMAL_BODY,1;2;3;4;5;6;7;8;9;10;11;12;13;14;15,2DF3EA63A1E4C006F318187DD9AF70A89087EF7786A5332F190F6B65FC1600DF,5580FD58EAC23227E7BFB8C02F2BCB3CE113F6DD0C3D2B2DA501B3177DA356E7,derived/scale/papers/CUMCM-2007-A-004/paper.md;derived/scale/papers/CUMCM-2007-A-004/metadata.yaml;derived/scale/papers/CUMCM-2007-A-004/knowledge_card.md,2DF3EA63A1E4C006F318187DD9AF70A89087EF7786A5332F190F6B65FC1600DF;667DC3D44F13146E0B9ADE964E82EC6B52110277B55AFC6EF87901791649A635;C5B87ADBACFB1555128DA84BFD13FA63D7B017E59D0653036158486B3F0F7636,5580FD58EAC23227E7BFB8C02F2BCB3CE113F6DD0C3D2B2DA501B3177DA356E7;59F31E57929410606117D605C4F1FCC4CE1DB61859863B592FC4C94350E3E6E3;7F31479513D708B89E932484D74CC73C6EC8C85EDDA2AE789B9A990221D99B5E,1,1,READY_FOR_G9_REFRESH
CUMCM-2007-A-006,derived/scale/papers/CUMCM-2007-A-006,20260905T045418589698Z_557724fba657,2007年数学建模国赛真题+优秀论文/2007年优秀论文/2007A：《中国人口增长预测模型》 (4).pdf,D9B1D3CF1B98C0A89A2BDF812BDEC4114960ACB8CEF7D2EC59B04357ACD0D63D,MARKER_ONLY_DIAGNOSTIC_OCR_REUSE,G11_MARKER_ONLY_PAGE_LOCAL_FORMAL_BODY,1;2;3;4;5;6;7;8;9;10;11;12;13;14;15;16;17;18;19;20,423134DFB9C28BE94131469DE903502B83FA4E46EF32803069457656C5762736,02A9FD058DAC1F7BE974CD99E373E718177E0ACDD707828BE72CD181C51DB6A9,derived/scale/papers/CUMCM-2007-A-006/paper.md;derived/scale/papers/CUMCM-2007-A-006/metadata.yaml;derived/scale/papers/CUMCM-2007-A-006/knowledge_card.md,423134DFB9C28BE94131469DE903502B83FA4E46EF32803069457656C5762736;C8AB5679E536E6DBB5290A1C927D825406FE0818664E3741B11378E15C80FD2E;D66F0AF54382FADE3EEE1AE530E16A7DD1F350F48A26925EED370F5BE8319695,02A9FD058DAC1F7BE974CD99E373E718177E0ACDD707828BE72CD181C51DB6A9;18A3BE6ED81397A98779639372CFD0B43CC2D315F889EEB769E02FA2F3D77A67;1BCC8253BB1804F3995ED2F7F7C7157B0477FA6C4933A040710EF6FEA18BAA80,1,1,READY_FOR_G9_REFRESH
CUMCM-2007-A-007,derived/scale/papers/CUMCM-2007-A-007,20260905T045418589698Z_557724fba657,2007年数学建模国赛真题+优秀论文/2007年优秀论文/2007A：《中国人口增长预测模型》 (2).pdf,0FBE0E7B2FA777AAD8D9ED9B79E39C542C07E05D8A3DD4677C0BD2EAE02F1904,MARKER_ONLY_DIAGNOSTIC_OCR_REUSE,G11_MARKER_ONLY_PAGE_LOCAL_FORMAL_BODY,1;2;3;4;5;6;7;8;9;10;11;12;13;14;15;16;17;18;19;20;21;22;23;24;25;26,EB0D297A039AC63BD08595BD032C1536AF8E9BA67BFF62B216F4BCDD1280B685,22E01DDA2E79B57DE0113FE0361D7A5ABFEA25AA5FE661AA970F12DAC74B0D56,derived/scale/papers/CUMCM-2007-A-007/paper.md;derived/scale/papers/CUMCM-2007-A-007/metadata.yaml;derived/scale/papers/CUMCM-2007-A-007/knowledge_card.md,EB0D297A039AC63BD08595BD032C1536AF8E9BA67BFF62B216F4BCDD1280B685;2E1BCD51896FE5F9369AA7B479A5410535CDEA2B645FF8CF05BE8C17B01FD4B4;06CD2C45648FEE5C5F936211A53E31651BCF56B46ADE99A8C68B1E5D7ADD03A2,22E01DDA2E79B57DE0113FE0361D7A5ABFEA25AA5FE661AA970F12DAC74B0D56;CB7941B9D1A15FFB9FE7206570E353E658EC491AE8404DBFE1D55A814544628F;FD7613EBED00AE6AB09B62B6016CF751D06F84B8EFE05CB424424812641C20C7,1,1,READY_FOR_G9_REFRESH
CUMCM-2007-A-010,derived/scale/papers/CUMCM-2007-A-010,20260905T045418589698Z_557724fba657,2007年数学建模国赛真题+优秀论文/2007年优秀论文/2007A：《中国人口增长预测》.pdf,6CE9DD33C8C41EFC5818BE3D7E997FFD2EBECFF86F78083A4D44C241689EAD05,MARKER_ONLY_DIAGNOSTIC_OCR_REUSE,G11_MARKER_ONLY_PAGE_LOCAL_FORMAL_BODY,1;2;3;4;5;6;7;8;9;10;11;12;13;14;15,2DF3EA63A1E4C006F318187DD9AF70A89087EF7786A5332F190F6B65FC1600DF,56A23B468EAF9E04986D7A57DAADCD283CC300AB407A10FDD2B0AD918275188D,derived/scale/papers/CUMCM-2007-A-010/paper.md;derived/scale/papers/CUMCM-2007-A-010/metadata.yaml;derived/scale/papers/CUMCM-2007-A-010/knowledge_card.md,2DF3EA63A1E4C006F318187DD9AF70A89087EF7786A5332F190F6B65FC1600DF;E771CF9D8DAE6D89AAA4ECD8F330E793FA69C80132144B61D59155C6661B6C71;9D82604D30C65BE697451045CAE08E7EA11A79818F2396A1DBA7FB98F0B7484B,56A23B468EAF9E04986D7A57DAADCD283CC300AB407A10FDD2B0AD918275188D;690558E1AF25D3C3ABE83E2D8312F16CEE1B89F03579759FD5C191D4DC34F387;F02226E5B623ED2523071F6DAAFC757551D7C9205851CDE6DF8CACBF9B38E5C1,1,1,READY_FOR_G9_REFRESH
CUMCM-2007-A-013,derived/scale/papers/CUMCM-2007-A-013,20260905T045418589698Z_557724fba657,2007年数学建模国赛真题+优秀论文/2007年优秀论文/2007A：《中国人口发展趋势的分析与预测》.pdf,A03A69F7290068D58765A23BF5D09BA76FB24F7F8D77D5985453B453670852D0,MARKER_ONLY_DIAGNOSTIC_OCR_REUSE,G11_MARKER_ONLY_PAGE_LOCAL_FORMAL_BODY,1;2;3;4;5;6;7;8;9;10;11;12;13;14;15;16;17;18,208166FB79B192713C7AD5CC758781852BE08942280C5162E31033121D0F0291,817945909EC0E528FCBAA4BF272DAE0EFBB9C53190D7EA69CD0925D940192C46,derived/scale/papers/CUMCM-2007-A-013/paper.md;derived/scale/papers/CUMCM-2007-A-013/metadata.yaml;derived/scale/papers/CUMCM-2007-A-013/knowledge_card.md,208166FB79B192713C7AD5CC758781852BE08942280C5162E31033121D0F0291;C7E15956C3AD89A4FB6FDA3C97CFDA22E650322FD0422AB83FE7CC01D3C4F4DC;40152F9F3D27C0C8229D6BC53B421B5D277C4420A9E04F61B4FAC3CECCE345B3,817945909EC0E528FCBAA4BF272DAE0EFBB9C53190D7EA69CD0925D940192C46;5C3E89D4DC5C37B1C6151D53F62AF239E19B57163E5EDD41BC442BEE4A36ED49;40893D3F9A0885823A862B2E04F5CEB5F175CAFF7871AEA2A73896B599AB4793,1,1,READY_FOR_G9_REFRESH
CUMCM-2007-B-001,derived/scale/papers/CUMCM-2007-B-001,20260905T045418589698Z_557724fba657,2007年数学建模国赛真题+优秀论文/2007年优秀论文/2007B：《关于多目标道路寻优问题的研究》.pdf,6C7B5426E3F021AB4B7FA0D467F9D656767F63EDB4887F3AA019A1C6776A4029,MARKER_ONLY_DIAGNOSTIC_OCR_REUSE,G11_MARKER_ONLY_PAGE_LOCAL_FORMAL_BODY,1;2;3;4;5;6;7;8;9;10;11;12;13;14;15;16,57E1B342397333BC57B3F19314DAC820604D6C4F3FBAD2940F036442A24A1209,A3FCFE20EB7CD7DB0238B096411AFC53E82D8ACE77DB9AC25847DFB0F6A663B7,derived/scale/papers/CUMCM-2007-B-001/paper.md;derived/scale/papers/CUMCM-2007-B-001/metadata.yaml;derived/scale/papers/CUMCM-2007-B-001/knowledge_card.md,57E1B342397333BC57B3F19314DAC820604D6C4F3FBAD2940F036442A24A1209;267DB3D07539FA6D969B82C0B732303ED0C085FFDC45ABCFF6708ADA93ABC0A1;24220EEE97EF0240D0932176CB7BA6C6EBE715234805093331D0B1EEA450D818,A3FCFE20EB7CD7DB0238B096411AFC53E82D8ACE77DB9AC25847DFB0F6A663B7;FE5613A16FF1A13BEB7D2269309C23CEFCBDFD3C9D51D906CD3F840D34557458;8239262B6F1A773380E0E08A26918D6B6F3A222D345DDBD1CF4F6E1182BB0AF0,1,1,READY_FOR_G9_REFRESH
CUMCM-2007-B-002,derived/scale/papers/CUMCM-2007-B-002,20260905T045418589698Z_557724fba657,2007年数学建模国赛真题+优秀论文/2007年优秀论文/2007B：《乘公交，看奥运》.pdf,FAAFFB689075638CB91A13DC006110A81E7010847674F752CF7869C3BA64DD25,MARKER_ONLY_DIAGNOSTIC_OCR_REUSE,G11_MARKER_ONLY_PAGE_LOCAL_FORMAL_BODY,1;2;3;4;5;6;7;8;9;10;11;12;13;14;15;16;17;18;19;20;21;22;23;24;25;26;27;28;29;30;31;32;33;34;35;36;37;38;39;40;41;42;43;44;45;46;47;48;49;50;51;52;53;54;55;56;57;58;59,2E91C2443FA864D176823D7EF3A31C2038A96DE9E286F9365B2BF87870173EA7,2C10A1C0AE67D9F752815BBCF145986B04C8C98198821F3A782E503554B3A4E3,derived/scale/papers/CUMCM-2007-B-002/paper.md;derived/scale/papers/CUMCM-2007-B-002/metadata.yaml;derived/scale/papers/CUMCM-2007-B-002/knowledge_card.md,2E91C2443FA864D176823D7EF3A31C2038A96DE9E286F9365B2BF87870173EA7;9F2BBB63313B64A55FAAF8CB87EBE06EC98FCEFD0341495FCC6EDCDEB90AA7D2;85FF2575EB557A10A224EF18B158CCFDDCD01624C1DED8DB319E4EA100A08299,2C10A1C0AE67D9F752815BBCF145986B04C8C98198821F3A782E503554B3A4E3;2B55B55713484EECB987C3D84C3C30C2F4A7955E2875890F4BA73C8BED5EC5D4;B040ABE6F624BE1616F877787FD78258A8022F5204153E1043794C8BDFE62FC0,1,1,READY_FOR_G9_REFRESH
CUMCM-2007-B-003,derived/scale/papers/CUMCM-2007-B-003,20260905T045418589698Z_557724fba657,2007年数学建模国赛真题+优秀论文/2007年优秀论文/2007B：《公交路线的最优化选择》.pdf,13BA8B530BBE6E25821298EEF9117807A86F9606319C463D4F9BEE4A94D4E3D2,MARKER_ONLY_DIAGNOSTIC_OCR_REUSE,G11_MARKER_ONLY_PAGE_LOCAL_FORMAL_BODY,1;2;3;4;5;6;7;8;9;10;11;12;13;14;15;16;17;18;19,B3246C36293AD4E1270D5F165CC589A0C25142FF400E1BC33C539B75F456AC31,CE40A6B2F5C6E28FF7DE0E36C4EE2B04B5998AD335A0A582AA9779D18D426576,derived/scale/papers/CUMCM-2007-B-003/paper.md;derived/scale/papers/CUMCM-2007-B-003/metadata.yaml;derived/scale/papers/CUMCM-2007-B-003/knowledge_card.md,B3246C36293AD4E1270D5F165CC589A0C25142FF400E1BC33C539B75F456AC31;EF0FF4D8B889023F5D284176DDD22666015D2C4B445C938CE3415B1811F02EE1;7A23AB8B1D4B52BCD1FA90487641218347AEAAF401462DFEABB537D12C373F79,CE40A6B2F5C6E28FF7DE0E36C4EE2B04B5998AD335A0A582AA9779D18D426576;B900E55A7FB8CDB6DBE192015C06470E6EC62D71BAB5EE9361277876C71659CB;9518B36273440D6810302BCE6A4DC0583337B4C32D65C2CE08D5DA9374F49E33,1,1,READY_FOR_G9_REFRESH
CUMCM-2007-B-004,derived/scale/papers/CUMCM-2007-B-004,20260905T045418589698Z_557724fba657,2007年数学建模国赛真题+优秀论文/2007年优秀论文/2007B：《基于生成树算法的公交地铁线路选择模型》.pdf,40B9EDF62E954CBFDCCD310C2B11DBF1F80EAA94A72001CA1D39310851865D83,MARKER_ONLY_DIAGNOSTIC_OCR_REUSE,G11_MARKER_ONLY_PAGE_LOCAL_FORMAL_BODY,1;2;3;4;5;6;7;8;9;10;11;12;13;14;15;16;17;18,208166FB79B192713C7AD5CC758781852BE08942280C5162E31033121D0F0291,D5F8D42AB84AE1D321A082FA439C1643FAACCF9C5DB339AC7FA0EC8DAA5893B2,derived/scale/papers/CUMCM-2007-B-004/paper.md;derived/scale/papers/CUMCM-2007-B-004/metadata.yaml;derived/scale/papers/CUMCM-2007-B-004/knowledge_card.md,208166FB79B192713C7AD5CC758781852BE08942280C5162E31033121D0F0291;AF7834E1E7C56BDFAF222038EEC52995657555E49EE2A421552C7F3447AAF9BF;9D311DB706AB7A65A23A95D0CC1C2F49C9E08DE349C2FB54A05819A20536023B,D5F8D42AB84AE1D321A082FA439C1643FAACCF9C5DB339AC7FA0EC8DAA5893B2;40036CE295F31E9259794074E997B6896378231FBED37C40837BCC1C72E29679;9FF20394EC451595FC32CA279BE5053045B5524109EACE5E2E9876345B8B57FD,1,1,READY_FOR_G9_REFRESH
CUMCM-2007-B-006,derived/scale/papers/CUMCM-2007-B-006,20260905T045418589698Z_557724fba657,2007年数学建模国赛真题+优秀论文/2007年优秀论文/2007B：《公交查询系统的最佳乘车方案研究与设计》.pdf,73857127F8E496EFAF5270EAE9967E5C14EF024539D4976E6577A8B57F118696,IMAGE_CONTENT_EXISTING_CONTRACT_REPRESENTATION;MARKER_ONLY_DIAGNOSTIC_OCR_REUSE,G11_MARKER_ONLY_PAGE_LOCAL_FORMAL_BODY,1;2;3;4;5;6;7;8;9;10;11;12;13;14;15;16;17;18;19;20;21;22;23;24;25;26;27;28;29;30;31;32;33;34;35;36;37;38;39;40;41,048CAF52A02816FCAD3649490E2A9B3B8D2CB85C62D2D3D1412328CE43A67A30,21CA84F5A59E3136C47A282CD4203B2E73BB22EA152734FE1DBB03A3344E45A0,derived/scale/papers/CUMCM-2007-B-006/paper.md;derived/scale/papers/CUMCM-2007-B-006/metadata.yaml;derived/scale/papers/CUMCM-2007-B-006/knowledge_card.md,048CAF52A02816FCAD3649490E2A9B3B8D2CB85C62D2D3D1412328CE43A67A30;2A397C91CBC09192DCE658B65C7BBF961908003C5291FF7052760EDEE53D9B1E;52143262AE3FA56DDFFBD52CFC75F735745BCC3423B68C42765EC11865425D01,21CA84F5A59E3136C47A282CD4203B2E73BB22EA152734FE1DBB03A3344E45A0;97DE11FA2F5E876EC38349EF32195DB303937A4CDAA50FF7EDDD27EADF9DDBE4;927D2A2F2C801309735163BBFC68C9151E50A2962689D1F9FE5C90D71349B556,1,1,READY_FOR_G9_REFRESH
CUMCM-2007-B-009,derived/scale/papers/CUMCM-2007-B-009,20260905T045418589698Z_557724fba657,2007年数学建模国赛真题+优秀论文/2007年优秀论文/2007B：《基于最小换乘次数的公交路线选择研究》.pdf,625464F9C85991CAA331A8F2C31D2FB82B9B46F5E1910AD102D0655A8D06BB11,MARKER_ONLY_DIAGNOSTIC_OCR_REUSE,G11_MARKER_ONLY_PAGE_LOCAL_FORMAL_BODY,1;2;3;4;5;6;7;8;9;10;11;12;13;14;15;16;17;18;19;20;21;22;23;24;25;26,EB0D297A039AC63BD08595BD032C1536AF8E9BA67BFF62B216F4BCDD1280B685,36D4E6648D6747E4A7FC3660FB0F5A8135EAF314E8F7B10E81854C32F289806E,derived/scale/papers/CUMCM-2007-B-009/paper.md;derived/scale/papers/CUMCM-2007-B-009/metadata.yaml;derived/scale/papers/CUMCM-2007-B-009/knowledge_card.md,EB0D297A039AC63BD08595BD032C1536AF8E9BA67BFF62B216F4BCDD1280B685;A257E5C382601C88361A7D03335A845969E0E1DE8531E2A79105EC50A5792DD7;3EE82F0A331A1F6DFC8C2584875D82207BD3181217C87513FFC6CFCB4472ACD6,36D4E6648D6747E4A7FC3660FB0F5A8135EAF314E8F7B10E81854C32F289806E;26B01AC4ED524735702AB3FEE9A01C710E2F0BDC8E4E88494A6A88DA766A3CEF;16163B75D5234B7A2A8542BD2D994EF618A693668CFB00583AE08675C8ABD341,1,1,READY_FOR_G9_REFRESH
CUMCM-2007-B-011,derived/scale/papers/CUMCM-2007-B-011,20260905T045418589698Z_557724fba657,2007年数学建模国赛真题+优秀论文/2007年优秀论文/2007B：《基于多种评价方案的公交线路选择优化模型》.pdf,951DDC6AFABB3C693C09C9C9C92149827FA888E872439E3DD53A9E3FBE3A3794,MARKER_ONLY_DIAGNOSTIC_OCR_REUSE;PRESERVE_LEGITIMATE_NONCONTENT,G11_MARKER_ONLY_PAGE_LOCAL_FORMAL_BODY,1;3;4;5;6;7;8;9;10;11;12;13;14;15;16;17;18;19;20;21;22;23;24;25,B6404540EF2A74C970DEAC82C803AE4DC23ED95E434CAB505B84EB569E9013BF,E7C1181C01D396A04F95A53A78906C9779B0E439FA568D540EE5E0229C8807A8,derived/scale/papers/CUMCM-2007-B-011/paper.md;derived/scale/papers/CUMCM-2007-B-011/metadata.yaml;derived/scale/papers/CUMCM-2007-B-011/knowledge_card.md,B6404540EF2A74C970DEAC82C803AE4DC23ED95E434CAB505B84EB569E9013BF;D7AED0D9E367770021A1AFFE669297B4655798C045160C45125215D788CD6E64;28A51D6369B78DD5FDE3D0A5180EF2F0EC504ADF0A02B5E8DBAEA6989F56BA87,E7C1181C01D396A04F95A53A78906C9779B0E439FA568D540EE5E0229C8807A8;A550E6C50F2A15F165E4A718ECA6161E3CDEF70C98036FFA10D14C7EBD7B5B38;D39BE94876342DA4AABFCE3886DF26C396464DC52A7BF9B3B9CE1EF9438E1D43,1,1,READY_FOR_G9_REFRESH
CUMCM-2007-B-012,derived/scale/papers/CUMCM-2007-B-012,20260905T045418589698Z_557724fba657,2007年数学建模国赛真题+优秀论文/2007年优秀论文/2007B：《公交线路的综合选择》.pdf,14A15A05719CD6E28F81FCCD62C92ECC929776345A587DA5FF72A7E1E60F4EFD,MARKER_ONLY_DIAGNOSTIC_OCR_REUSE,G11_MARKER_ONLY_PAGE_LOCAL_FORMAL_BODY,1;2;3;4;5;6;7;8;9;10;11;12;13;14;15;16;17;18,208166FB79B192713C7AD5CC758781852BE08942280C5162E31033121D0F0291,39D29160679274A65B40E08A15A3C0B584C86016923889DE56AB25C2D6E2AF08,derived/scale/papers/CUMCM-2007-B-012/paper.md;derived/scale/papers/CUMCM-2007-B-012/metadata.yaml;derived/scale/papers/CUMCM-2007-B-012/knowledge_card.md,208166FB79B192713C7AD5CC758781852BE08942280C5162E31033121D0F0291;44BDECCCDA99AE0E679A646E12DFC96B087AB12E3DADBD1B839DD090A1425EBD;030EB509A53F7C0F17629884686F83ED4E31B2E59C1975EBB103CFBCF7E279C6,39D29160679274A65B40E08A15A3C0B584C86016923889DE56AB25C2D6E2AF08;D4610E999334FEDD3B4732AA067F4810697097594A89C6CF48AF1F1E3F550B71;5C51B0F8696A88AB4434F17A6B1D3EA8C2711FE5D1CD648F34F0D360B951EE50,1,1,READY_FOR_G9_REFRESH
CUMCM-2008-A-002,derived/scale/papers/CUMCM-2008-A-002,20260905T045418589698Z_557724fba657,2008年数学建模国赛真题+优秀论文/2008年优秀论文/2008A：数码相机定位 (2).pdf,71D2F1578C19C361500DAEC8DF01DE19BA5BE94F862199D53FFA13228DB71637,MARKER_ONLY_DIAGNOSTIC_OCR_REUSE;MARKER_ONLY_EXISTING_TRUSTED_TEXT_RECONSTRUCTION,G11_MARKER_ONLY_PAGE_LOCAL_FORMAL_BODY,1;2;3;4;5;6;7;8;9;10;11;12;13;14;15;16;17;18;19;20;21;22;23;24;25;26;27,91909AF98ACD1C70122CAFB384AB8E68F927C0A2D3D0A97B3203A72B01315F36,9DA824211ACCF1E0094D7CA09FC5A35AC5CC4867E95C3B0CEFE954BD33916633,derived/scale/papers/CUMCM-2008-A-002/paper.md;derived/scale/papers/CUMCM-2008-A-002/metadata.yaml;derived/scale/papers/CUMCM-2008-A-002/knowledge_card.md,91909AF98ACD1C70122CAFB384AB8E68F927C0A2D3D0A97B3203A72B01315F36;CEB5D1E47B34E2F47AA1E638FBF06DC0DB8EDC99852213476698C5B9CBC50E79;39F6D2635AC0ABC4D5EC668A7685A554EB99163DEE1B0023D1DFC0F7BC2D63DB,9DA824211ACCF1E0094D7CA09FC5A35AC5CC4867E95C3B0CEFE954BD33916633;A1EBFBEE86FAF38E1C94C2E9E6B78DA9154206F1D49140D364B3B87AB1E39327;FB74ACEEE42BA883B23FFEEC1F42041A4B5F4119D291B8EFD4F144921A1583BE,1,1,READY_FOR_G9_REFRESH
CUMCM-2008-A-003,derived/scale/papers/CUMCM-2008-A-003,20260905T045418589698Z_557724fba657,2008年数学建模国赛真题+优秀论文/2008年优秀论文/2008A：《数码相机定位算法研究》.pdf,BCA8769C5E3ED6FEAD02FE86B91BE0669D3EF5742739243DBEC821DA40250B61,MARKER_ONLY_DIAGNOSTIC_OCR_REUSE,G11_MARKER_ONLY_PAGE_LOCAL_FORMAL_BODY,1;2;3;4;5;6;7;8;9;10;11;12;13;14;15;16;17;18;19;20;21;22;23;24;25;26;27;28;29;30;31;32;33;34;35;36;37;38;39,B7177AC4DB6DE426C5778870CE8530255CC4D7AFCF91025CF37EC7B9F0EF23A5,D82820A456E040842549FAAA231F121F57C4DD56B3BA395BFE795FFBC639D577,derived/scale/papers/CUMCM-2008-A-003/paper.md;derived/scale/papers/CUMCM-2008-A-003/metadata.yaml;derived/scale/papers/CUMCM-2008-A-003/knowledge_card.md,B7177AC4DB6DE426C5778870CE8530255CC4D7AFCF91025CF37EC7B9F0EF23A5;3BC6B171126D650B3732CD47B079734786C893CF1AC5097AE07B81CE18128C7A;A8D9A3212761053C71E0F2FFE0AEC65D3F3B986ED08E576219EE5B2E4E8ED05B,D82820A456E040842549FAAA231F121F57C4DD56B3BA395BFE795FFBC639D577;8CA91AB3D54F1D3805B6C36829AFF3EC1A796CD4FE536792ADFFF815BB233A3A;09CEB15557E2E8ED2D8BCDDEA88E1CF0403D592E93C3F32C3F43DE51BAE243EE,1,1,READY_FOR_G9_REFRESH
CUMCM-2008-A-004,derived/scale/papers/CUMCM-2008-A-004,20260905T045418589698Z_557724fba657,2008年数学建模国赛真题+优秀论文/2008年优秀论文/2008A：《数码相机相对位置定位方法》.pdf,60E7499C28CB9250E93CF737DE9B452C80793472ABFED53E6C5FED369249D7A3,MARKER_ONLY_DIAGNOSTIC_OCR_REUSE,G11_MARKER_ONLY_PAGE_LOCAL_FORMAL_BODY,1;2;3;4;5;6;7;8;9;10;11;12;13;14;15;16;17;18,208166FB79B192713C7AD5CC758781852BE08942280C5162E31033121D0F0291,553F172F56EBFFACBA26301A4E050EF4CF5FB22836B3246B846E125F7C86EBE5,derived/scale/papers/CUMCM-2008-A-004/paper.md;derived/scale/papers/CUMCM-2008-A-004/metadata.yaml;derived/scale/papers/CUMCM-2008-A-004/knowledge_card.md,208166FB79B192713C7AD5CC758781852BE08942280C5162E31033121D0F0291;78709BAD5BC50F8530E702D89CB8E0C5D8722F1A2D1194C44F34D93EEE04550E;8036D89E9A5795B559AA94F09B994D7A0855C940CCB2395529B8FD1910F2184A,553F172F56EBFFACBA26301A4E050EF4CF5FB22836B3246B846E125F7C86EBE5;2E8139357DC25E6D3BA4C8DB7264911A9E9C1BDCA5071511B8368E26E7995AA7;EE6D2764D2F7FDC7B129043009F6B0EDC5CC86217ABF4B6AF5B435878193DA1B,1,1,READY_FOR_G9_REFRESH
CUMCM-2008-A-008,derived/scale/papers/CUMCM-2008-A-008,20260905T045418589698Z_557724fba657,2008年数学建模国赛真题+优秀论文/2008A：《数码相机定位》/论文/数码相机定位.pdf,9CBFF6FB0F86B81497C328399E130F9656CE7995AA0E3D863488F78E906EC5E6,MARKER_ONLY_DIAGNOSTIC_OCR_REUSE,G11_MARKER_ONLY_PAGE_LOCAL_FORMAL_BODY,1;2;3;4;5;6;7;8;9;10;11;12;13;14;15;16;17;18;19;20;21;22;23;24;25;26;27;28;29,6E52BB601D33510DA169F61B0E1C18631BEEC5D9221889662F04E1364B3CFA04,6A42F6016BB58C77E8DB7495972ABDDAD143A81598B9900298217B62D7AEEB2E,derived/scale/papers/CUMCM-2008-A-008/paper.md;derived/scale/papers/CUMCM-2008-A-008/metadata.yaml;derived/scale/papers/CUMCM-2008-A-008/knowledge_card.md,6E52BB601D33510DA169F61B0E1C18631BEEC5D9221889662F04E1364B3CFA04;D6649722826E99C49C969BFEFA187154B64B32745891B7014A1CF9637A4B0C77;94B59F061AA10CFC42BCE9E0C7A9E2A65120FD239DC8107AB91B02E6C87195A2,6A42F6016BB58C77E8DB7495972ABDDAD143A81598B9900298217B62D7AEEB2E;3F455655195C00F94A2C7ACF1C540E2375DDA8252BF7332EB7ACA1B649ABAAA0;A9D9365BD8C9F3D67704C12FF210286CEA99EFFC919F5E966AC4783667A8CA85,1,1,READY_FOR_G9_REFRESH
CUMCM-2008-A-009,derived/scale/papers/CUMCM-2008-A-009,20260905T045418589698Z_557724fba657,2008年数学建模国赛真题+优秀论文/2008年优秀论文/2008A：数码相机定位.pdf,68A91825D3AAF2E9603A45FC0A86B8BB014C6F10919734B71E04F7E51B75F354,MARKER_ONLY_DIAGNOSTIC_OCR_REUSE,G11_MARKER_ONLY_PAGE_LOCAL_FORMAL_BODY,1;2;3;4;5;6;7;8;9;10;11;12;13;14;15;16;17,F711F303D778F4FCC8FBC4213E499B268F53ABFF7CCB69BACDD3DD5D6C2676CE,C045B5DC8C54FF23F4F2742A4E5ADF4092B3B6DE5526F2DD2D2A9831415A7575,derived/scale/papers/CUMCM-2008-A-009/paper.md;derived/scale/papers/CUMCM-2008-A-009/metadata.yaml;derived/scale/papers/CUMCM-2008-A-009/knowledge_card.md,F711F303D778F4FCC8FBC4213E499B268F53ABFF7CCB69BACDD3DD5D6C2676CE;05554AAC0E80FB0FDE968469EB68CB4D1446CE565F2DC952EB5DA26B715E135D;6BD27C519F5A977B02C7DB5394BABE054F8F9F29CC2821C2738765C78E7CAA41,C045B5DC8C54FF23F4F2742A4E5ADF4092B3B6DE5526F2DD2D2A9831415A7575;A9E02CAFC33221C1FE4197B1FC6698C10518E99620ADB0729DC85106C4B2D38A;8EB3AD615038CDAAD7F1DDCB001C6823AFB918AC51EB9A4057644D784A2E2CC6,1,1,READY_FOR_G9_REFRESH
CUMCM-2008-B-001,derived/scale/papers/CUMCM-2008-B-001,20260905T045418589698Z_557724fba657,2008年数学建模国赛真题+优秀论文/2008年优秀论文/2008B：《高校学费合理性研究》.PDF,460E5C8E11DB978CC8C6D7163078862BC83F2A9D71C1FA2FCEA5984633E72EFB,MARKER_ONLY_DIAGNOSTIC_OCR_REUSE,G11_MARKER_ONLY_PAGE_LOCAL_FORMAL_BODY,1;2;3;4;5;6;7;8;9;10;11;12;13;14;15;16;17;18;19;20;21;22;23;24;25;26,EB0D297A039AC63BD08595BD032C1536AF8E9BA67BFF62B216F4BCDD1280B685,89827B589A72BEEE5D031EF562516A949FA957002DA4EA452112FCFA4AD5C3D8,derived/scale/papers/CUMCM-2008-B-001/paper.md;derived/scale/papers/CUMCM-2008-B-001/metadata.yaml;derived/scale/papers/CUMCM-2008-B-001/knowledge_card.md,EB0D297A039AC63BD08595BD032C1536AF8E9BA67BFF62B216F4BCDD1280B685;359438FCDADBB720EB0D21386B69C5B28C6283487A84147FF94E683F5B125C08;7EDE241C276DDCCE8787970BD99483505B7C9834B2A292963AD2D4024B6DE252,89827B589A72BEEE5D031EF562516A949FA957002DA4EA452112FCFA4AD5C3D8;8FD823740BD3633DA4D04ABCB11FE1D1868E338A6CFA0A84FCFCD4D3831405B6;C5530D84A4EAE6A5167631D57F98F82B2B7E1E0697E380F7FC44F47AFB106FC8,1,1,READY_FOR_G9_REFRESH
CUMCM-2008-B-002,derived/scale/papers/CUMCM-2008-B-002,20260905T045418589698Z_557724fba657,2008年数学建模国赛真题+优秀论文/2008年优秀论文/2008B：《高等教育学费标准探讨的最优化模型》.PDF,4930440A3A4E47D7B0E7BF0F65EE6B6BE8288F9B00A113E1A04E2E0709C60725,MARKER_ONLY_DIAGNOSTIC_OCR_REUSE,G11_MARKER_ONLY_PAGE_LOCAL_FORMAL_BODY,1;2;3;4;5;6;7;8;9;10;11;12;13;14;15;16,57E1B342397333BC57B3F19314DAC820604D6C4F3FBAD2940F036442A24A1209,EF15590EF91D529C10C0FB5AF907E944B7026B845E4058222B2F6E348E3792B9,derived/scale/papers/CUMCM-2008-B-002/paper.md;derived/scale/papers/CUMCM-2008-B-002/metadata.yaml;derived/scale/papers/CUMCM-2008-B-002/knowledge_card.md,57E1B342397333BC57B3F19314DAC820604D6C4F3FBAD2940F036442A24A1209;E9BD8398EC521E132B3F717AC138B142D82CD08C5707F74E976BDC05C0CBB29D;E37794E165095D346DEC3C23C0AFC7AD52F2962362ACA5CF7206A89FFA38499F,EF15590EF91D529C10C0FB5AF907E944B7026B845E4058222B2F6E348E3792B9;A597FD9BAB90A70FCB9A3963F56F71DFF9400611A80733F5AB1F744931578A34;DE36613CEE1898265B269A66E6310683104600A80EA2FC87B760AB189699FDAF,1,1,READY_FOR_G9_REFRESH
CUMCM-2008-B-003,derived/scale/papers/CUMCM-2008-B-003,20260905T045418589698Z_557724fba657,2008年数学建模国赛真题+优秀论文/2008年优秀论文/2008B：《高等教育学费标准探讨》 (4).pdf,E43FAB23BC6AAC56C295E35DB086D97EC060B4570109AF7432221CAC9D614E8C,MARKER_ONLY_DIAGNOSTIC_OCR_REUSE,G11_MARKER_ONLY_PAGE_LOCAL_FORMAL_BODY,1;2;3;4;5;6;7;8;9;10;11;12;13;14;15;16;17;18;19;20;21;22;23;24,B1528F2EBA4BA48539DE1B6F0BD32C20EC358577E8B0E841E24563E04A40C30D,3DC27DCFC3F4257F1E1E236A91AD56AB68A35EB4F037412D470FDEC5CF4597FC,derived/scale/papers/CUMCM-2008-B-003/paper.md;derived/scale/papers/CUMCM-2008-B-003/metadata.yaml;derived/scale/papers/CUMCM-2008-B-003/knowledge_card.md,B1528F2EBA4BA48539DE1B6F0BD32C20EC358577E8B0E841E24563E04A40C30D;763E0AAA003CBE97796CFF1880C8BB61DA737AA8AF43F5269691D5498B26BDFB;22AB9AAE9AAAF070CD9C442E57D2B8274375FEF9870CB3A1D94772CBDE0E248B,3DC27DCFC3F4257F1E1E236A91AD56AB68A35EB4F037412D470FDEC5CF4597FC;013514A0364CB6A8100EAF030202425B371FD70001CC2FB1F83BF05218B429C5;B77F6374005F73331224D04702B8A9F8F018D1E2F978B589B5ED64E52B7B52AE,1,1,READY_FOR_G9_REFRESH
CUMCM-2008-B-004,derived/scale/papers/CUMCM-2008-B-004,20260905T045418589698Z_557724fba657,2008年数学建模国赛真题+优秀论文/2008年优秀论文/2008B：《高等教育学费标准的探讨》.pdf,E6F3372C6239AC933B750CB4A0B04F8F0ABAF1F922DC0A02E712FE431A2994A8,MARKER_ONLY_DIAGNOSTIC_OCR_REUSE,G11_MARKER_ONLY_PAGE_LOCAL_FORMAL_BODY,1;2;3;4;5;6;7;8;9;10;11;12;13;14;15;16;17;18;19;20;21;22;23;24;25;26;27;28;29;30;31;32;33;34;35;36;37;38;39;40;41,048CAF52A02816FCAD3649490E2A9B3B8D2CB85C62D2D3D1412328CE43A67A30,A1C123EC3F2521CF9A731D895DFA71CD9A94440E91940097AA634BDAB589A5B4,derived/scale/papers/CUMCM-2008-B-004/paper.md;derived/scale/papers/CUMCM-2008-B-004/metadata.yaml;derived/scale/papers/CUMCM-2008-B-004/knowledge_card.md,048CAF52A02816FCAD3649490E2A9B3B8D2CB85C62D2D3D1412328CE43A67A30;253377C4219E4FA91ED9DFA1A414EE1F04C2BC933EDFFA810BDF8F22725C90A1;36C81D870D90470B3490C02F0DDB35037E5BC7803BB19B2AC025ABC73F45E036,A1C123EC3F2521CF9A731D895DFA71CD9A94440E91940097AA634BDAB589A5B4;306B7C2A01753C178F06E054497AF78D4E9CC7AB2E9ED66A908029BFA2E9EDD8;8A4A8C5ED37043C28DEC53AE2B6FBC06F2C5B688CD17ACA4DFA4846B021BF27F,1,1,READY_FOR_G9_REFRESH
CUMCM-2008-B-005,derived/scale/papers/CUMCM-2008-B-005,20260905T045418589698Z_557724fba657,2008年数学建模国赛真题+优秀论文/2008年优秀论文/2008B：《高等教育学费标准探讨》.pdf,25A533F44A49BD4206447798EBCCD788965D2F78FBDD187A1BDED668E83BD91E,MARKER_ONLY_DIAGNOSTIC_OCR_REUSE,G11_MARKER_ONLY_PAGE_LOCAL_FORMAL_BODY,1;2;3;4;5;6;7;8;9;10;11;12;13;14;15;16;17;18;19;20;21;22;23;24;25;26;27;28;29;30;31;32;33;34;35;36;37;38;39;40;41;42;43,FC0CE6F93AE95349134AC3D9D9B5C1D0655B331D0AB5FF2278460D6EC256B394,77FF59F2FA7D628DDD6DD52482695CC279D0E986CF9182EDFBCCAB6E865F3637,derived/scale/papers/CUMCM-2008-B-005/paper.md;derived/scale/papers/CUMCM-2008-B-005/metadata.yaml;derived/scale/papers/CUMCM-2008-B-005/knowledge_card.md,FC0CE6F93AE95349134AC3D9D9B5C1D0655B331D0AB5FF2278460D6EC256B394;461E52D25F77B0701F999CB25FE5B3A895B22645661909D6563A009A8FAA7C9F;8DFF86FE9719FCED3F1A73DC6733B8F628C0D65D6D009470882BE6D1771317DA,77FF59F2FA7D628DDD6DD52482695CC279D0E986CF9182EDFBCCAB6E865F3637;F54A649A918B8A834D8BB68C9349D34621BBF3AC1A4D78EE9EFF913A48107961;51EAE5479143CB5D63ED0F02514A431D617FDD63B7976BAD39D324F3DCEE6BEF,1,1,READY_FOR_G9_REFRESH
CUMCM-2008-B-006,derived/scale/papers/CUMCM-2008-B-006,20260905T045418589698Z_557724fba657,2008年数学建模国赛真题+优秀论文/2008年优秀论文/2008B：《我国高等教育收费问题的探究》.pdf,14C2ACB426CFB34D527001FAD92FEC00F5954206548C767345C4AED90DC44C37,MARKER_ONLY_DIAGNOSTIC_OCR_REUSE,G11_MARKER_ONLY_PAGE_LOCAL_FORMAL_BODY,1;2;3;4;5;6;7;8;9;10;11;12;13,1888E6C51576B4658EBCF999D9BD0EEBBE0358F2C4F7C7B817AD03495849659F,A7D0D8FFD21F7AEDBA053E3E91293D687ABAAFA006F56567EDF5D1A5506E3FEF,derived/scale/papers/CUMCM-2008-B-006/paper.md;derived/scale/papers/CUMCM-2008-B-006/metadata.yaml;derived/scale/papers/CUMCM-2008-B-006/knowledge_card.md,1888E6C51576B4658EBCF999D9BD0EEBBE0358F2C4F7C7B817AD03495849659F;6E991E25E74BAE64EA78B028C8ABD0E225B1082846B5F2BEBB49C3E9F7B685E6;7A99B0D07C5AED5D21F1525657751C2A66CE2D14D2DB40CA6143D7F98E2B8F84,A7D0D8FFD21F7AEDBA053E3E91293D687ABAAFA006F56567EDF5D1A5506E3FEF;C5B5584213F8BFFE34A699D477C156D2CF14D171CFC18A245D76CB3AB2E52CA9;12636E89EEB9C6AEA208C025CA8CD1AA82F79018006F541E7E4B1C273C06AD80,1,1,READY_FOR_G9_REFRESH
CUMCM-2008-B-007,derived/scale/papers/CUMCM-2008-B-007,20260905T045418589698Z_557724fba657,2008年数学建模国赛真题+优秀论文/2008年优秀论文/2008B：《关于高等教育学费标准的评价及建议》.PDF,D0252C6DF05D1E1BD6867F16CCBAC97D45A0930C2FCEA7C2B98160EF73E6C221,MARKER_ONLY_DIAGNOSTIC_OCR_REUSE,G11_MARKER_ONLY_PAGE_LOCAL_FORMAL_BODY,1;2;3;4;5;6;7;8;9;10;11;12;13;14;15;16;17;18;19;20;21;22;23;24;25;26;27;28,7B81F60C64673BF02976FB19BFDC188CDEE3BBD8DEB3E5F3EE1EBFBFCE56229D,321DB97FFB4C61FB8BFDBBB3350CAF1DA18F3C4CF6584A956B077F3417CBDF89,derived/scale/papers/CUMCM-2008-B-007/paper.md;derived/scale/papers/CUMCM-2008-B-007/metadata.yaml;derived/scale/papers/CUMCM-2008-B-007/knowledge_card.md,7B81F60C64673BF02976FB19BFDC188CDEE3BBD8DEB3E5F3EE1EBFBFCE56229D;3EF9FFE957E35FC91B2677193FFBDC5D0C8554D2CC4D6BFFC3051AC2EB021FA9;7DA41D32C6ADB9F3D11784B9AB724F901403CF5019BC862870E13E81A003AEFE,321DB97FFB4C61FB8BFDBBB3350CAF1DA18F3C4CF6584A956B077F3417CBDF89;9280F69ADF83D19DA5BC30C446F34A37664A61F2BE76E66FD6153A46D0AA1007;3DF9E12D6DEB8921EDB9A5D31378D677855073536B3DE55BA4079D0CFD7D8B5C,1,1,READY_FOR_G9_REFRESH
CUMCM-2008-B-009,derived/scale/papers/CUMCM-2008-B-009,20260905T045418589698Z_557724fba657,2008年数学建模国赛真题+优秀论文/2008年优秀论文/2008B：《高等教育学费标准探讨》 (3).pdf,91454BF12F28EDF3E290E286F9A975680480265C4AE11933D4DF9A7398BB61D8,MARKER_ONLY_DIAGNOSTIC_OCR_REUSE,G11_MARKER_ONLY_PAGE_LOCAL_FORMAL_BODY,1;2;3;4;5;6;7;8;9;10;11;12;13;14;15;16;17;18;19,B3246C36293AD4E1270D5F165CC589A0C25142FF400E1BC33C539B75F456AC31,3769014845D7245DEAA69A3363A414EE8A4F3AA979323DE7B1A95408449CE79A,derived/scale/papers/CUMCM-2008-B-009/paper.md;derived/scale/papers/CUMCM-2008-B-009/metadata.yaml;derived/scale/papers/CUMCM-2008-B-009/knowledge_card.md,B3246C36293AD4E1270D5F165CC589A0C25142FF400E1BC33C539B75F456AC31;53156190E70D78599892D24522DB1D3860B6FD60E1A1822EB47CBBE27993252F;910513A23DB7CFB582B597B8C2C30C809EDE6FC5597121A0D9A111DB255B460B,3769014845D7245DEAA69A3363A414EE8A4F3AA979323DE7B1A95408449CE79A;D15A840CB41733E4D981D0C898B5690125E3DF778AE12BBD97081B91646EDF04;D05C70389F57D7A0AE4886F447FA2B51AE5048D63FCEFD2024D1D9155A4C808E,1,1,READY_FOR_G9_REFRESH
CUMCM-2008-B-010,derived/scale/papers/CUMCM-2008-B-010,20260905T045418589698Z_557724fba657,2008年数学建模国赛真题+优秀论文/2008年优秀论文/2008B：《基于BP神经网络的我国高等教育学费模型研究》.pdf,45AE15568B5842ECEAB6A21D3730CE7FE9CE9783AD737020D2CEA3DF8D9280B1,MARKER_ONLY_DIAGNOSTIC_OCR_REUSE,G11_MARKER_ONLY_PAGE_LOCAL_FORMAL_BODY,1;2;3;4;5;6;7;8;9;10;11;12;13;14;15;16;17;18;19;20;21;22;23;24;25;26;27;28;29;30,F455474AB5D561BFD69A7BFC38BBE1409CF1AAC62F2E3B513A7F9F4AFBA850DE,585A89F910A27C652CB61A9D52C961C061AE3AA663536C395D6096B64800F85F,derived/scale/papers/CUMCM-2008-B-010/paper.md;derived/scale/papers/CUMCM-2008-B-010/metadata.yaml;derived/scale/papers/CUMCM-2008-B-010/knowledge_card.md,F455474AB5D561BFD69A7BFC38BBE1409CF1AAC62F2E3B513A7F9F4AFBA850DE;AFFC7E5A4DEF7DFE7824C8D97EE61371D449C35551F57B7DE4C595F413283237;88D9A0CAF8812C18AFC73FA87E5F9374AB3C1C29A411ED3C48C3B6F5DCAB84EC,585A89F910A27C652CB61A9D52C961C061AE3AA663536C395D6096B64800F85F;F218AA3F3E066C753EF34BE83F0E1FECCC823D4F90EB74A4ADF584DA1A6F0CAE;479ED066E3034B6CA870AF72B20F82B9E7AE5F07C49F2DE686B72D848295A576,1,1,READY_FOR_G9_REFRESH
CUMCM-2008-B-011,derived/scale/papers/CUMCM-2008-B-011,20260905T045418589698Z_557724fba657,2008年数学建模国赛真题+优秀论文/2008年优秀论文/2008B：《高等教育学费标准探讨》 (2).pdf,8B61310B6F8757EC251F85073C017A12389C7CEB576B2256C151EBBD0B62C7D9,MARKER_ONLY_DIAGNOSTIC_OCR_REUSE,G11_MARKER_ONLY_PAGE_LOCAL_FORMAL_BODY,1;2;3;4;5;6;7;8;9;10;11;12;13;14;15;16;17;18;19;20;21;22;23;24;25;26;27;28;29;30;31;32;33;34;35,10EA49AD90208C8AE39843E330A5BBACB934A4B5AF1DB5FF1A3EB6442A5B0617,C8ECE38453B8799F47CB77658543AD14122B921645674AC69C432CBC96BD3E38,derived/scale/papers/CUMCM-2008-B-011/paper.md;derived/scale/papers/CUMCM-2008-B-011/metadata.yaml;derived/scale/papers/CUMCM-2008-B-011/knowledge_card.md,10EA49AD90208C8AE39843E330A5BBACB934A4B5AF1DB5FF1A3EB6442A5B0617;2260E2DECE45FE072E4152D4A3E5D4B768CFBB3A9C80E625D8150F4C6E97217D;3432C41DA8B683ABD099F42E2168FC59E04FEFEB3E9F116B4A4661CBC7A27ED6,C8ECE38453B8799F47CB77658543AD14122B921645674AC69C432CBC96BD3E38;F9D6C310C828EA805A2F329384777BC9A3BDE4F0BEB25A9592041D477E22C9DC;6EC2FF59589B9F71D39DEAD2F843BB631660A6895C8A9CEB17ED8AB45604D423,1,1,READY_FOR_G9_REFRESH
CUMCM-2008-B-012,derived/scale/papers/CUMCM-2008-B-012,20260905T045418589698Z_557724fba657,2008年数学建模国赛真题+优秀论文/2008年优秀论文/2008B：《高等教育学费的优化模型》.pdf,DD681E5CAA215549354144F8CA038A8A68B0233A8E8EFA895C715C6B7E0A14AC,MARKER_ONLY_DIAGNOSTIC_OCR_REUSE,G11_MARKER_ONLY_PAGE_LOCAL_FORMAL_BODY,1;2;3;4;5;6;7;8;9;10;11;12;13;14;15;16;17;18;19;20;21;22;23;24,B1528F2EBA4BA48539DE1B6F0BD32C20EC358577E8B0E841E24563E04A40C30D,7B2ED4792BE53A1200140D44782BF4853B7A7BA18DA144E17963E00E4C12028D,derived/scale/papers/CUMCM-2008-B-012/paper.md;derived/scale/papers/CUMCM-2008-B-012/metadata.yaml;derived/scale/papers/CUMCM-2008-B-012/knowledge_card.md,B1528F2EBA4BA48539DE1B6F0BD32C20EC358577E8B0E841E24563E04A40C30D;C8A924C8D6D8642983063BA1F29DB3D4B46BD1DBB87A8104BF3E414F72178BF9;CF9B489E177EC328CA8626DBE843CF4680474BE1523D46783480406FDB9333D9,7B2ED4792BE53A1200140D44782BF4853B7A7BA18DA144E17963E00E4C12028D;3E609411B7DDFBB0CEAE372E0992E3036651E46D2E9B1478AD88C99C5C68A4E7;831C90B067C62A35F451A096EB68A6C9F0CA7E79A97B00720EDD24E7C60081DD,1,1,READY_FOR_G9_REFRESH
CUMCM-2008-B-013,derived/scale/papers/CUMCM-2008-B-013,20260905T045418589698Z_557724fba657,2008年数学建模国赛真题+优秀论文/2008年优秀论文/2008B：《高等教育学费标准问题的研究》.pdf,4053E6EE1485F50AC1DA1903102DE46C713C1ED1800D7B9AE1C247E952641E5B,MARKER_ONLY_DIAGNOSTIC_OCR_REUSE,G11_MARKER_ONLY_PAGE_LOCAL_FORMAL_BODY,1;2;3;4;5;6;7;8;9;10;11;12;13;14;15;16;17;18;19;20;21;22;23;24,B1528F2EBA4BA48539DE1B6F0BD32C20EC358577E8B0E841E24563E04A40C30D,EFBAB60EA831BF419400F20B1244FD310EAF9EB3690BC5DD11F1243A032A1292,derived/scale/papers/CUMCM-2008-B-013/paper.md;derived/scale/papers/CUMCM-2008-B-013/metadata.yaml;derived/scale/papers/CUMCM-2008-B-013/knowledge_card.md,B1528F2EBA4BA48539DE1B6F0BD32C20EC358577E8B0E841E24563E04A40C30D;2E0ED3B0C32AE1E7A97770C7F96B376C12CF1C5965D23CF06E017889215C668A;04BEC18242D39B69AFDB42083BE2A430B053D625A91A719C3DA597442B60E629,EFBAB60EA831BF419400F20B1244FD310EAF9EB3690BC5DD11F1243A032A1292;82D0CE2CB48E95647FD00A8A48948A1B4E7084158F5646C4FA1648CE18BFB5CC;60C169B752D91A6719B67D84186C9BF8C8B57BFDC5C60457ACDA188295B2B6B4,1,1,READY_FOR_G9_REFRESH
CUMCM-2008-B-014,derived/scale/papers/CUMCM-2008-B-014,20260905T045418589698Z_557724fba657,2008年数学建模国赛真题+优秀论文/2008年优秀论文/2008B：《多因子影响下的高等教育学费模型》.pdf,E2837F0567248DB23A4642067E3955F92A0C4E7CA7AD434C50445AC3AA60D2F7,MARKER_ONLY_DIAGNOSTIC_OCR_REUSE,G11_MARKER_ONLY_PAGE_LOCAL_FORMAL_BODY,1;2;3;4;5;6;7;8;9;10;11;12;13;14;15;16;17;18;19;20,423134DFB9C28BE94131469DE903502B83FA4E46EF32803069457656C5762736,AD1521DE1B4DC3192113E2E05398CA3093939DFC2FB84A7A83C35831E32A8EDA,derived/scale/papers/CUMCM-2008-B-014/paper.md;derived/scale/papers/CUMCM-2008-B-014/metadata.yaml;derived/scale/papers/CUMCM-2008-B-014/knowledge_card.md,423134DFB9C28BE94131469DE903502B83FA4E46EF32803069457656C5762736;95E3AA2D26D3682BACC24B0FEFAC51D1DCC996C73156AA5E4659D7AA5F17976F;DB41A6D601DB74B006428020FA41E045C39D54D0F68C152F4650DFFA118E8350,AD1521DE1B4DC3192113E2E05398CA3093939DFC2FB84A7A83C35831E32A8EDA;0E1125383C67475F1D922E98E42C78555EE955CFE2C473A7604AE2FAAD6BE840;443926F848ACBB75819989929A99671425203F16149F706AF48DC5D6AA7FA251,1,1,READY_FOR_G9_REFRESH
CUMCM-2008-C-001,derived/scale/papers/CUMCM-2008-C-001,20260905T045418589698Z_557724fba657,2008年数学建模国赛真题+优秀论文/2008年优秀论文/2008C：《地面搜索的安排计划》.pdf,8A9D26961D3D8192C9A4C7E86CA635D140F7DB561E8D5870D31FD415420D6657,MARKER_ONLY_DIAGNOSTIC_OCR_REUSE,G11_MARKER_ONLY_PAGE_LOCAL_FORMAL_BODY,1;2;3;4;5;6;7;8;9,1C2FC324063A906FF208763D2826E0A769B059290333B0542241C22CD9C91DE8,82A3B411440E659C04A7301BDE52E925EF4F37C0EC92987F50DF7381D3A428EB,derived/scale/papers/CUMCM-2008-C-001/paper.md;derived/scale/papers/CUMCM-2008-C-001/metadata.yaml;derived/scale/papers/CUMCM-2008-C-001/knowledge_card.md,1C2FC324063A906FF208763D2826E0A769B059290333B0542241C22CD9C91DE8;CDA1C5FD19EDEA49E910624A51110C7FF3B8A3163E1E6B6F22CCA43DFA5BBA9F;59FB438B137AFEA6A7328328F14F82BD9A869FB8E05AB12424228F54628C7D53,82A3B411440E659C04A7301BDE52E925EF4F37C0EC92987F50DF7381D3A428EB;4C10603938F221F6FB75181EF295E9DDF0C1FC07538EECDAE62BBAACECCDE85E;C5FEBD9E05514B5CFDA5251078411EF5D181EE13FD2193E9200837C61600E4C7,1,1,READY_FOR_G9_REFRESH
CUMCM-2008-C-004,derived/scale/papers/CUMCM-2008-C-004,20260905T045418589698Z_557724fba657,2008年数学建模国赛真题+优秀论文/2008年优秀论文/2008C：《地面搜索的优化模型》.pdf,73FEE41DA723C0FA080D0E3050B8585405510151FB6AEF69FEE292972D29F045,DOC_EXISTING_EXTRACTION_RECONSTRUCTION;MARKER_ONLY_DIAGNOSTIC_OCR_REUSE,G11_MARKER_ONLY_PAGE_LOCAL_FORMAL_BODY,1;2;3;4;5;6;7;8;9;10;11;12;13;14,F501017C13D9B29686DD922D65EDC0CD658E90E82A5785E427A2D829537C8626,28881CCFCD68B7F461FCEF1AA44D1C4FDE3BEB8C354EEF184B12E1AA34ED2D7D,derived/scale/papers/CUMCM-2008-C-004/paper.md;derived/scale/papers/CUMCM-2008-C-004/metadata.yaml;derived/scale/papers/CUMCM-2008-C-004/knowledge_card.md,F501017C13D9B29686DD922D65EDC0CD658E90E82A5785E427A2D829537C8626;85CEDC7356E09EF693C4D1EA5195635B327B1CF9B4894F31BB0C851473BF2147;D54CAC98D358F8C4E793A6B02F68F8B018C06DB4B8B75623523873C16437167B,28881CCFCD68B7F461FCEF1AA44D1C4FDE3BEB8C354EEF184B12E1AA34ED2D7D;566440B57838B1903CBEF759BD7FD014D764BCD9544658C210627EB3098B22C8;B5753A11EB3C4B7AEC78F8234E4B8EB886C8E7ED44F077A4E64885A22056C1BE,1,1,READY_FOR_G9_REFRESH
CUMCM-2008-D-003,derived/scale/papers/CUMCM-2008-D-003,20260905T045418589698Z_557724fba657,2008年数学建模国赛真题+优秀论文/2008年优秀论文/2008D：《NBA赛程的分析与评价》 (3).pdf,3AF5BEA0275D01BD81D53D6570C5EB573671CC31F445C7C6B430E38906C6363C,MARKER_ONLY_DIAGNOSTIC_OCR_REUSE,G11_MARKER_ONLY_PAGE_LOCAL_FORMAL_BODY,1;2;3;4;5;6;7;8;9;10;11;12;13;14;15;16;17;18,208166FB79B192713C7AD5CC758781852BE08942280C5162E31033121D0F0291,25B2266EA860F1BC2659D8ACB8E603936F8C0B99CC4824E1A65FE98E897B4CF3,derived/scale/papers/CUMCM-2008-D-003/paper.md;derived/scale/papers/CUMCM-2008-D-003/metadata.yaml;derived/scale/papers/CUMCM-2008-D-003/knowledge_card.md,208166FB79B192713C7AD5CC758781852BE08942280C5162E31033121D0F0291;0B51D188FD6C8A9B1A09EDF363678F52F98F31E55E683BBA94FA2F00CB26D36E;8322EE10663702F4DF0EE26DADAB23741ACDB01EEB6C4A3CB77E1AA3075847A1,25B2266EA860F1BC2659D8ACB8E603936F8C0B99CC4824E1A65FE98E897B4CF3;161A95269D10B2E2E64FF6E1F71287FA6C82FB16D4E755D052CA2C9DCD93986F;88B8AD327927574757389922604F0505C7077B5014F6AF8E96DFC12F6B29BC67,1,1,READY_FOR_G9_REFRESH
CUMCM-2008-D-004,derived/scale/papers/CUMCM-2008-D-004,20260905T045418589698Z_557724fba657,2008年数学建模国赛真题+优秀论文/2008年优秀论文/2008D：《NBA赛程的分析与评价》.pdf,FF98577611810052296A7FF2B879A4F03C82E7CE8FFDF5CA713DEAA261D67124,MARKER_ONLY_DIAGNOSTIC_OCR_REUSE,G11_MARKER_ONLY_PAGE_LOCAL_FORMAL_BODY,1;2;3;4;5;6;7;8;9;10;11;12;13;14;15;16;17;18;19;20;21;22;23;24;25;26;27;28;29;30;31,C603D33FCDC6A8963EB4D9A5B48E40618F3E8B87F583458474931C9FA4D3C61C,B27A9DB7B4C622E7535F642748B59030B0AC8323DFA6030826DF259647D6E05A,derived/scale/papers/CUMCM-2008-D-004/paper.md;derived/scale/papers/CUMCM-2008-D-004/metadata.yaml;derived/scale/papers/CUMCM-2008-D-004/knowledge_card.md,C603D33FCDC6A8963EB4D9A5B48E40618F3E8B87F583458474931C9FA4D3C61C;B3BA06637C05E412322E40F9994BD5067591AB26AEBDCFF610A8B1CB46679C05;4B23E4F84AFDC9A89BA838BEB50627BFD011E3835747EB6270904A4F1D8B753E,B27A9DB7B4C622E7535F642748B59030B0AC8323DFA6030826DF259647D6E05A;58F2D4FA891031C090FA65F1020EE361B3FCFB839B43D65C619E69BF22CE4DA8;BF3891140A3C88B1497EEBEA857E5D94C43ABCF77CF32F8E49362ABBD09812C4,1,1,READY_FOR_G9_REFRESH
CUMCM-2008-D-005,derived/scale/papers/CUMCM-2008-D-005,20260905T045418589698Z_557724fba657,2008年数学建模国赛真题+优秀论文/2008年优秀论文/2008D：《NBA赛程的分析与评价》 (2).pdf,00788685A073E8589D096AB1AABAC95F95B787BA54A748D1BFDC163018CD2B28,MARKER_ONLY_DIAGNOSTIC_OCR_REUSE,G11_MARKER_ONLY_PAGE_LOCAL_FORMAL_BODY,1;2;3;4;5;6;7;8;9;10;11;12,6B55BA4F2EED923562339D385F92366AD7892213C511BABE88BE16AA6BB6940E,2DF99506E28E25286AC284A1C72FCF5609EB4E2C1AABDB34C8C2FFCA524B02F9,derived/scale/papers/CUMCM-2008-D-005/paper.md;derived/scale/papers/CUMCM-2008-D-005/metadata.yaml;derived/scale/papers/CUMCM-2008-D-005/knowledge_card.md,6B55BA4F2EED923562339D385F92366AD7892213C511BABE88BE16AA6BB6940E;EAB76FF63B38E58A511CB44F22CF45E8A74B7DA5B6F28D81E0BA93EB76E26DAD;33C0638BA4518F9E4BDD2AA8D199BFEE2FF5D6218679C16A9122430305ECDFD4,2DF99506E28E25286AC284A1C72FCF5609EB4E2C1AABDB34C8C2FFCA524B02F9;21553ED3D72AF78AB69B4375513AB3D56CEEC8812D7E9CCCF1F819514022BFA1;9E7DB5FAA4925301F697B80E57528DCA24A88290DB591CEF5F2157FC3AEBB997,1,1,READY_FOR_G9_REFRESH
CUMCM-2009-A-001,derived/scale/papers/CUMCM-2009-A-001,20260905T045418589698Z_557724fba657,2009年数学建模国赛真题+优秀论文/2009年优秀论文/2009A：制动器试验台的控制方法分析.pdf,310B218EA9B95B2B8F1596866705FB6415222D00E941765151A7F72372AC0B38,MARKER_ONLY_DIAGNOSTIC_OCR_REUSE;MARKER_ONLY_EXISTING_TRUSTED_TEXT_RECONSTRUCTION,G11_MARKER_ONLY_PAGE_LOCAL_FORMAL_BODY,1;2;3;4;5;6;7;8;9;10;11;12;13;14;15;16;17;18;19;20,423134DFB9C28BE94131469DE903502B83FA4E46EF32803069457656C5762736,258EEF28E09BEB28653B574CA777508B65B0B123283EA13CEB5F1E7AD1B5B40E,derived/scale/papers/CUMCM-2009-A-001/paper.md;derived/scale/papers/CUMCM-2009-A-001/metadata.yaml;derived/scale/papers/CUMCM-2009-A-001/knowledge_card.md,423134DFB9C28BE94131469DE903502B83FA4E46EF32803069457656C5762736;DA46C0E246AD09A7BC71E1456D3A5AF011A50B64B3075EB1E7DCDE6BAE57D502;AFF97E56DCFE99D89B1F90B8030546A35C637262695B9A6A9E382282E57E01B3,258EEF28E09BEB28653B574CA777508B65B0B123283EA13CEB5F1E7AD1B5B40E;4DF0619D4663EB286C4E401BD3AE7CA4E6904E1B88F1C03CB5937291F1690394;7BC88A4C995A0EB51D873A3FC326FCD03152DBF188F9CF146B867651FBA91CCC,1,1,READY_FOR_G9_REFRESH
CUMCM-2009-A-002,derived/scale/papers/CUMCM-2009-A-002,20260905T045418589698Z_557724fba657,2009年数学建模国赛真题+优秀论文/2009年优秀论文/2009A：制动器试验台的控制方法分析 (2).pdf,8E58AF615344BEE7088741380D59380AE7A131888D64DE7442BA34C56F861290,MARKER_ONLY_DIAGNOSTIC_OCR_REUSE,G11_MARKER_ONLY_PAGE_LOCAL_FORMAL_BODY,1;2;3;4;5;6;7;8;9;10;11;12;13;14;15;16;17,F711F303D778F4FCC8FBC4213E499B268F53ABFF7CCB69BACDD3DD5D6C2676CE,F7C816D0E0B0A818C02400E74FF4AA06D9C6948DA155AC3C2BBD63FCDD1AF523,derived/scale/papers/CUMCM-2009-A-002/paper.md;derived/scale/papers/CUMCM-2009-A-002/metadata.yaml;derived/scale/papers/CUMCM-2009-A-002/knowledge_card.md,F711F303D778F4FCC8FBC4213E499B268F53ABFF7CCB69BACDD3DD5D6C2676CE;0AF52AE35984A77BA282069EF28E9367BB7E22950F4F9F21A29AFBED67B30B45;AE6444184EE365E76E44035E4646AA898E3F19B310D122B2F6A338E4271215BF,F7C816D0E0B0A818C02400E74FF4AA06D9C6948DA155AC3C2BBD63FCDD1AF523;50F433BE20281A06420E5983AAAAC6C008465211DD68117D4F42BE27CB1A38EF;F85952D1192653C3315779B639B328A5554666390246FAFD631E8584F9D7A1E1,1,1,READY_FOR_G9_REFRESH
CUMCM-2009-A-003,derived/scale/papers/CUMCM-2009-A-003,20260905T045418589698Z_557724fba657,2009年数学建模国赛真题+优秀论文/2009年优秀论文/2009A：制动器试验台的计算机控制方法分析与设计.pdf,F06CECC7A087E3B06DD4E6098F8E5574A8C3202BF23ABE8C29E7E33A64C389DE,MARKER_ONLY_DIAGNOSTIC_OCR_REUSE,G11_MARKER_ONLY_PAGE_LOCAL_FORMAL_BODY,1;2;3;4;5;6;7;8;9;10;11;12;13;14;15;16;17;18,208166FB79B192713C7AD5CC758781852BE08942280C5162E31033121D0F0291,323E6FB938862F484EA39521A3FB356C990373DFF7533BE3F5ABC3D93B4F1AA5,derived/scale/papers/CUMCM-2009-A-003/paper.md;derived/scale/papers/CUMCM-2009-A-003/metadata.yaml;derived/scale/papers/CUMCM-2009-A-003/knowledge_card.md,208166FB79B192713C7AD5CC758781852BE08942280C5162E31033121D0F0291;5107EE0C1EBE9395B9782F95458BE988A49AE73786A4605B26C3E3A3D70D95E1;D0FFC1AC629BE3A95E0B5300D1057B890F9821BF37DD307301FC7B5C4E694188,323E6FB938862F484EA39521A3FB356C990373DFF7533BE3F5ABC3D93B4F1AA5;36D76BF0CACE278E31486720EF5A9F1B217834531BD556D951CAA87BF8B6BC57;EE7883593E8D689CA8EC8C20824C18AFFCF2DC6FB2B0B29B28DD6920F8555D92,1,1,READY_FOR_G9_REFRESH
CUMCM-2009-A-004,derived/scale/papers/CUMCM-2009-A-004,20260905T045418589698Z_557724fba657,2009年数学建模国赛真题+优秀论文/2009年优秀论文/2009A：制动器试验台混合电模拟控制方法分析.pdf,BEA0E96DB3B07CCA8BEDA2A58037DCE7194ACE3B8E08DAC4547DBC21AC06100B,MARKER_ONLY_DIAGNOSTIC_OCR_REUSE,G11_MARKER_ONLY_PAGE_LOCAL_FORMAL_BODY,1;2;3;4;5;6;7;8;9;10;11;12;13;14;15;16;17;18,208166FB79B192713C7AD5CC758781852BE08942280C5162E31033121D0F0291,CBC76C8A224A87EC197688ECB115ECD91472274FBCDCCEBC0CCD5446C0B3634E,derived/scale/papers/CUMCM-2009-A-004/paper.md;derived/scale/papers/CUMCM-2009-A-004/metadata.yaml;derived/scale/papers/CUMCM-2009-A-004/knowledge_card.md,208166FB79B192713C7AD5CC758781852BE08942280C5162E31033121D0F0291;DC3CA7820476B3C3DFB5E1BF1C9016BFBE09D333D27DDCFC4C7AF61DCFDB44D4;39F5B82879B9195FD28DC1B46FD644E8CC693D98F01064610A63A5B1FA25BBB1,CBC76C8A224A87EC197688ECB115ECD91472274FBCDCCEBC0CCD5446C0B3634E;D21C6263DB3A910E97EADEA8D2EFB3EA10774C22B8689971A846F294DBF64F49;EC45C0891D47CCF41FB28EB0044BDCC4CBA587869EA759C44F2CA27276C2B11F,1,1,READY_FOR_G9_REFRESH
CUMCM-2009-A-005,derived/scale/papers/CUMCM-2009-A-005,20260905T045418589698Z_557724fba657,2009年数学建模国赛真题+优秀论文/2009年优秀论文/2009A：制动机控制方法分析.pdf,CC88847CEF5F852FB62C8551127B6F22FCFA5406CD372BA2A40947189C5E113B,MARKER_ONLY_DIAGNOSTIC_OCR_REUSE,G11_MARKER_ONLY_PAGE_LOCAL_FORMAL_BODY,1;2;3;4;5;6;7;8;9;10;11;12;13;14,F501017C13D9B29686DD922D65EDC0CD658E90E82A5785E427A2D829537C8626,015D001BBDA9139585AC80B22D0B634745641551B6789CD24912613D67D530DA,derived/scale/papers/CUMCM-2009-A-005/paper.md;derived/scale/papers/CUMCM-2009-A-005/metadata.yaml;derived/scale/papers/CUMCM-2009-A-005/knowledge_card.md,F501017C13D9B29686DD922D65EDC0CD658E90E82A5785E427A2D829537C8626;6ECA36EE677D1639609515C23F6E758065EA366F9D0676845DCD950AD134A590;34D8A90D1306A3324E2B37F6008FA2F8707077474BC5603DAFBE9C6A7CCC768A,015D001BBDA9139585AC80B22D0B634745641551B6789CD24912613D67D530DA;3169049EDE0B692BAE5814DF7581A8FAE560FC2FF4B4BA3E37B988E4DFD33110;7A5EB70902A9B1EEA55F5BD6FA7AC17C66F8B49CDD679CE675D59F2CB2627B7D,1,1,READY_FOR_G9_REFRESH
CUMCM-2009-A-007,derived/scale/papers/CUMCM-2009-A-007,20260905T045418589698Z_557724fba657,2009年数学建模国赛真题+优秀论文/2009年优秀论文/2009A：联合制动器试验台电流控制方法的实现及改进.pdf,059F98140D4B67DB0EB9B7BFB1A4268A3386116EDE96D569757D8F1173018EFE,MARKER_ONLY_DIAGNOSTIC_OCR_REUSE,G11_MARKER_ONLY_PAGE_LOCAL_FORMAL_BODY,1;2;3;4;5;6;7;8;9;10;11;12;13;14;15,2DF3EA63A1E4C006F318187DD9AF70A89087EF7786A5332F190F6B65FC1600DF,4262672E2C71650F9A9241CE196F87F0F9D7B01FE2BAA0D36A923DA85B63F9DF,derived/scale/papers/CUMCM-2009-A-007/paper.md;derived/scale/papers/CUMCM-2009-A-007/metadata.yaml;derived/scale/papers/CUMCM-2009-A-007/knowledge_card.md,2DF3EA63A1E4C006F318187DD9AF70A89087EF7786A5332F190F6B65FC1600DF;9A06A01912898C62C3566BBDCB921C9924C5AF81D54F6F04BE53A323C2BF6522;1EEA170CD7A9DD7807BDC926CC6E88316501E76B91537020FF9746E9C4FFA0CB,4262672E2C71650F9A9241CE196F87F0F9D7B01FE2BAA0D36A923DA85B63F9DF;50E69F284FCE466DE7A12B81DD9E99F6DC9DD9583670D492DBBC53931CF0FC7E;2F5AF55D560DECE67511E8D00E7EF9CF80C6458BBCCA7D0C8E8F6FA43524206A,1,1,READY_FOR_G9_REFRESH
CUMCM-2009-B-001,derived/scale/papers/CUMCM-2009-B-001,20260905T045418589698Z_557724fba657,2009年数学建模国赛真题+优秀论文/2009年优秀论文/2009B：制动器试验台的控制方法分析.pdf,A3C68EA3D8F9F8D503C2EF5E257FE96BE380C5DBDE35994AEFF8EDF0D6A5D218,MARKER_ONLY_DIAGNOSTIC_OCR_REUSE,G11_MARKER_ONLY_PAGE_LOCAL_FORMAL_BODY,1;2;3;4;5;6;7;8;9;10;11;12;13;14;15;16;17,F711F303D778F4FCC8FBC4213E499B268F53ABFF7CCB69BACDD3DD5D6C2676CE,38C34DA5ED0E222E291221CB716605AAF31CC723128D2CA2B9CA53AE5ABF4CDF,derived/scale/papers/CUMCM-2009-B-001/paper.md;derived/scale/papers/CUMCM-2009-B-001/metadata.yaml;derived/scale/papers/CUMCM-2009-B-001/knowledge_card.md,F711F303D778F4FCC8FBC4213E499B268F53ABFF7CCB69BACDD3DD5D6C2676CE;6E9DA08CCC8BEEE3FEB68AA58B83C77ADA30BD445979AB1B48CF0EDDEDFC2D6D;711E9D15565F5B4D64C6B9AECF37340859A0A582BE5A24E60594F5B3247A2578,38C34DA5ED0E222E291221CB716605AAF31CC723128D2CA2B9CA53AE5ABF4CDF;1D28CDB6559114E754A2671834BB8F90086DF894D0DDBD55A2769D614D829212;34372CEA7A57ED9DDD1D8DBEE5D95CEBD939CCE6D30D2C57DCDBFF721970C434,1,1,READY_FOR_G9_REFRESH
CUMCM-2009-B-003,derived/scale/papers/CUMCM-2009-B-003,20260905T045418589698Z_557724fba657,2009年数学建模国赛真题+优秀论文/2009年优秀论文/2009B：基于蒙特卡洛模拟的眼科病床安排排队模型.pdf,DE41E612717B5E37C9D393899924C0BD62F2304121B0177F83C91CA9827FC094,MARKER_ONLY_DIAGNOSTIC_OCR_REUSE,G11_MARKER_ONLY_PAGE_LOCAL_FORMAL_BODY,1;2;3;4;5;6;7;8;9;10;11;12;13;14;15;16;17;18;19;20,423134DFB9C28BE94131469DE903502B83FA4E46EF32803069457656C5762736,AFCD9FE024C188C94719BBFEADBC27DDCAF17C8B089E931BFF4F52D7C2FAF387,derived/scale/papers/CUMCM-2009-B-003/paper.md;derived/scale/papers/CUMCM-2009-B-003/metadata.yaml;derived/scale/papers/CUMCM-2009-B-003/knowledge_card.md,423134DFB9C28BE94131469DE903502B83FA4E46EF32803069457656C5762736;4F4EE299D0675046010CAFB6A2199C4B2CFE593F1E942266AF8FE8A4C34A7FE3;7C99DE4D7EEA595F6A532E3ED4D1CECE1E01524D6DF49C9D619E31D48E79CF24,AFCD9FE024C188C94719BBFEADBC27DDCAF17C8B089E931BFF4F52D7C2FAF387;5B9565F8358D115116C869076D7D22E5DA61C2049042E965D20B8352FB22D695;8A70563BA76026EA3932F006C341A50A5ACCBC09B285107EF7A6B1B6D8C18106,1,1,READY_FOR_G9_REFRESH
CUMCM-2009-B-004,derived/scale/papers/CUMCM-2009-B-004,20260905T045418589698Z_557724fba657,2009年数学建模国赛真题+优秀论文/2009年优秀论文/2009B：医院病床合理安排模型探讨.pdf,030228C8469E41E3D89943D3D8CF6C1584E8E7D146B289C9087ACD9469312FEC,MARKER_ONLY_DIAGNOSTIC_OCR_REUSE,G11_MARKER_ONLY_PAGE_LOCAL_FORMAL_BODY,1;2;3;4;5;6;7;8;9;10;11;12;13;14;15;16;17;18;19;20;21;22;23;24;25;26;27;28,7B81F60C64673BF02976FB19BFDC188CDEE3BBD8DEB3E5F3EE1EBFBFCE56229D,B83E9689418A279DFF130ECAA5854D4B88980F381BBA399691A9CF2B59212601,derived/scale/papers/CUMCM-2009-B-004/paper.md;derived/scale/papers/CUMCM-2009-B-004/metadata.yaml;derived/scale/papers/CUMCM-2009-B-004/knowledge_card.md,7B81F60C64673BF02976FB19BFDC188CDEE3BBD8DEB3E5F3EE1EBFBFCE56229D;C7B5CE739CCF4D843BFBD0F816336E9F12E95747CC66C2F52FE16B76EBE749DF;9F3C8B80F47AA5A29600979D28E72D805E0FCBFB8AA2E2C60CCECD68F6F02942,B83E9689418A279DFF130ECAA5854D4B88980F381BBA399691A9CF2B59212601;3F520237830BA9E147C2B8F12E6C6E867118FA79AEB6ECF5E282D6BD381D1D35;DBC6813D9A6C34CED44C9C2A94982C5EAED184B2C0B26A9033D5BC7167F5B4EA,1,1,READY_FOR_G9_REFRESH
CUMCM-2009-B-005,derived/scale/papers/CUMCM-2009-B-005,20260905T045418589698Z_557724fba657,2009年数学建模国赛真题+优秀论文/2009年优秀论文/2009B：基于排队论的病床安排模型的研究.pdf,69EC746ECFABBF2C291F9944263CD269F1D4E8CAD8194C1070CF0A7699875D4F,MARKER_ONLY_DIAGNOSTIC_OCR_REUSE,G11_MARKER_ONLY_PAGE_LOCAL_FORMAL_BODY,1;2,96063CBA314A4F2CBA5DBE2319045D111F6D07789F83372C519D124C7AA4C1B2,A7D7224168D1B17EF47ED4DF6283C752F2D3CEE7BAF51F4C144FD61AC96689A1,derived/scale/papers/CUMCM-2009-B-005/paper.md;derived/scale/papers/CUMCM-2009-B-005/metadata.yaml;derived/scale/papers/CUMCM-2009-B-005/knowledge_card.md,96063CBA314A4F2CBA5DBE2319045D111F6D07789F83372C519D124C7AA4C1B2;DB045D5ACD3710A9A27D2959536B111760CA8298010F00E673096385F5B04226;7B261A1B5B27B963CBC4A6C85AE58E46C57E9D0DB2B00AE0CF7938D7E4D07427,A7D7224168D1B17EF47ED4DF6283C752F2D3CEE7BAF51F4C144FD61AC96689A1;3886F50F362B92A5659D2CAB55022ED7214FFABFE9256825744E7A55B8D2A4B7;75F09292BC7AB7C94BA71D85254C5E2B843FE05185EE65BC7992D07C1C23CB51,1,1,READY_FOR_G9_REFRESH
CUMCM-2009-B-006,derived/scale/papers/CUMCM-2009-B-006,20260905T045418589698Z_557724fba657,2009年数学建模国赛真题+优秀论文/2009年优秀论文/2009B：眼科病床的合理安排.pdf,94D3FF32EFBE5DA31CF322E9702E3B1BE9A02AC012CBD6CAA3A2D9E0D85FCDCB,MARKER_ONLY_DIAGNOSTIC_OCR_REUSE,G11_MARKER_ONLY_PAGE_LOCAL_FORMAL_BODY,1;2;3;4;5;6;7;8;9;10;11;12;13;14;15;16;17;18;19;20;21;22;23,2AB94C88C175AED4EC84BD9E6954705D96A2319D6A83886C05337DD7758FFDD4,9272CDF42D0774D26FBED4A19729DCD4E44BF4F01E07D10C82106320D17BD0CD,derived/scale/papers/CUMCM-2009-B-006/paper.md;derived/scale/papers/CUMCM-2009-B-006/metadata.yaml;derived/scale/papers/CUMCM-2009-B-006/knowledge_card.md,2AB94C88C175AED4EC84BD9E6954705D96A2319D6A83886C05337DD7758FFDD4;0179B043D3CAD18AD70D323F17227BE96A8F753D59393CF338C2FA9F6440E2EB;8AC70B4350D7BDDCDD6D13E27CCBB5D266852B3974C499551B89BA0942622AC7,9272CDF42D0774D26FBED4A19729DCD4E44BF4F01E07D10C82106320D17BD0CD;547042016C4859044B2514BE7E2B7B6C28348D4EC97A531BC670CFAAEFD57981;D3F7338CE84C3E1DBF68CBB2DB343DD7B5BBD7DF2E119ECFBCE1D4ABC3FD9666,1,1,READY_FOR_G9_REFRESH
CUMCM-2009-B-007,derived/scale/papers/CUMCM-2009-B-007,20260905T045418589698Z_557724fba657,2009年数学建模国赛真题+优秀论文/2009年优秀论文/2009B：眼科病床合理安排问题的模型探讨.pdf,B2C462CA52FD6A06B1A15B3ADB6BB3DA875951A1BEA773CF9F3178E58E8F37B0,MARKER_ONLY_DIAGNOSTIC_OCR_REUSE,G11_MARKER_ONLY_PAGE_LOCAL_FORMAL_BODY,1;2;3;4;5;6;7;8;9;10;11;12;13;14;15;16;17;18;19;20;21;22;23;24;25;26;27;28;29;30;31;32;33;34;35;36;37;38,621C891925FDFEC4D5FB9C0D83441ACBD553F890081FFCD6046C386071FB4FD7,E31F5055BCB36A44BBFAE5F09E5FBE8036B8586E955458BF19A2DAC6868AF849,derived/scale/papers/CUMCM-2009-B-007/paper.md;derived/scale/papers/CUMCM-2009-B-007/metadata.yaml;derived/scale/papers/CUMCM-2009-B-007/knowledge_card.md,621C891925FDFEC4D5FB9C0D83441ACBD553F890081FFCD6046C386071FB4FD7;BF59002559F9B284EC16EC02970E19E918B930BF1B43FD4BB4A971973B0840F2;A992F5F8737A1D0236B801DEBCA403A8F2EE3143F1934438CFC4994A0063E925,E31F5055BCB36A44BBFAE5F09E5FBE8036B8586E955458BF19A2DAC6868AF849;72313ABCE1540DA3B66C01660EE808C6FDA67532315776F83A2C1F6219630AAC;F9DA466DED267DEA0DAE9EBB45F27CBF08E00C3BED22F3D611A417FF16CDC63B,1,1,READY_FOR_G9_REFRESH
CUMCM-2009-B-008,derived/scale/papers/CUMCM-2009-B-008,20260905T045418589698Z_557724fba657,2009年数学建模国赛真题+优秀论文/2009年优秀论文/2009B：眼科病床的合理安排模型.pdf,025BCFD5A5FC8CBC1B01112EDA08FD0D270C67FB838D3B2BC11E4723BCD680D7,MARKER_ONLY_DIAGNOSTIC_OCR_REUSE,G11_MARKER_ONLY_PAGE_LOCAL_FORMAL_BODY,1;2;3;4;5;6;7;8;9;10;11;12;13;14;15;16;17,F711F303D778F4FCC8FBC4213E499B268F53ABFF7CCB69BACDD3DD5D6C2676CE,CA366434F3E2199A034282128C39B883E50ED5D56B6E1685044F9BD0A60AD851,derived/scale/papers/CUMCM-2009-B-008/paper.md;derived/scale/papers/CUMCM-2009-B-008/metadata.yaml;derived/scale/papers/CUMCM-2009-B-008/knowledge_card.md,F711F303D778F4FCC8FBC4213E499B268F53ABFF7CCB69BACDD3DD5D6C2676CE;E7DFE82F9BF097D9F50AAC06B24DEF7930B4CBF8EEB41F1F9D84CC56FC6A2193;9338E527A076E5C2C7A1A857D505D85DF685A27620544B7DD66192C9977368DB,CA366434F3E2199A034282128C39B883E50ED5D56B6E1685044F9BD0A60AD851;FE9478984D263E2097ECFE4A060B2C4B465D9A457AD5FAA53A85DF7BE332FAD4;0513F2297D9128F6C05477824F45E4DDAF60C946A249F1808EB712FD96B0A20D,1,1,READY_FOR_G9_REFRESH
CUMCM-2010-A-003,derived/scale/papers/CUMCM-2010-A-003,20260905T045418589698Z_557724fba657,2010年数学建模国赛真题+优秀论文/2010年优秀论文/2010A：倾斜卧式储油罐油量标定的实用方法.pdf,88C6C782ABD276280B59807B2108D4BECD2C6B25D1F3E861F44B8047635C81C1,MARKER_ONLY_DIAGNOSTIC_OCR_REUSE;MARKER_ONLY_EXISTING_TRUSTED_TEXT_RECONSTRUCTION;MARKER_ONLY_NEW_FORMAL_PAGE_OCR,G11_MARKER_ONLY_PAGE_LOCAL_FORMAL_BODY,1;2;3;4;5;6;7;8;9;10;11;12;13;14;15;16;17;18;19;20;21,528665FD4EB22D20ECA8272AA7A39F94E769443BDB96781AD6FB7BD18781021D,FA47ED0B4204F239A29A3135CA7D7667153F013F49968551B7573EEB3460AA48,derived/scale/papers/CUMCM-2010-A-003/paper.md;derived/scale/papers/CUMCM-2010-A-003/metadata.yaml;derived/scale/papers/CUMCM-2010-A-003/knowledge_card.md,528665FD4EB22D20ECA8272AA7A39F94E769443BDB96781AD6FB7BD18781021D;E60B5FA26B7446ED311B0A88B6A90759C757EE036244A72F5CDD898592557078;91BE03DF74F0C7E72F56C019C3412D2831E78031CB96030338C47CC112CADA1B,FA47ED0B4204F239A29A3135CA7D7667153F013F49968551B7573EEB3460AA48;47F589B5A6576D5D5E9D1CEA0F90012662F354366E1E6AFADDA0BD98B70C98C0;1C743A737964F90FC09920C4817716936BEBB50EE70C08305F0BFDEB3FE20A1A,1,1,READY_FOR_G9_REFRESH
CUMCM-2010-A-004,derived/scale/papers/CUMCM-2010-A-004,20260905T045418589698Z_557724fba657,2010年数学建模国赛真题+优秀论文/2010年优秀论文/2010A：储油罐的变位识别与罐容表标定 (3).pdf,91816D1197A09392ECD177171037E1BF302F4E1D87E769DBCC750015D8ACA997,MARKER_ONLY_DIAGNOSTIC_OCR_REUSE,G11_MARKER_ONLY_PAGE_LOCAL_FORMAL_BODY,1;2;3;4;5;6;7;8;9;10;11;12;13;14;15;16;17;18;19;20;21;22;23;24;25;26;27;28;29;30;31;32,10D8417B9907543BA3D31CADAAFA596A847C428A80292A624B9727669ED22F5E,AF1636C4864C20110A108C2BB44300CB7B8CA6DF05D46D3162473E1540BD59EA,derived/scale/papers/CUMCM-2010-A-004/paper.md;derived/scale/papers/CUMCM-2010-A-004/metadata.yaml;derived/scale/papers/CUMCM-2010-A-004/knowledge_card.md,10D8417B9907543BA3D31CADAAFA596A847C428A80292A624B9727669ED22F5E;2AB989376B6A930523A960E306848810DFEC69AFA5C3B04AB2DA987DAFE8E230;33EBEADD90FB1BF1DABF4E736C4203D155E296F22734303510592396519A155A,AF1636C4864C20110A108C2BB44300CB7B8CA6DF05D46D3162473E1540BD59EA;673D746364BEE2B85454370B66E9345BFA4A8A794ECB5656934C90E7CA171DA4;BDDA02D4DCD144F5894DFCD153758379ABB025B044D50049FAF11DBA5AA0A0DC,1,1,READY_FOR_G9_REFRESH
CUMCM-2010-A-007,derived/scale/papers/CUMCM-2010-A-007,20260905T045418589698Z_557724fba657,2010年数学建模国赛真题+优秀论文/2010年优秀论文/2010A：储油罐的变位识别与罐容表标定 (4).pdf,C01DFFA58041769DC6DCDA69D53D63709B059106443632F6552D9F7199C6AF03,MARKER_ONLY_DIAGNOSTIC_OCR_REUSE,G11_MARKER_ONLY_PAGE_LOCAL_FORMAL_BODY,1;2;3;4;5;6;7;8;9;10;11;12;13;14;15;16;17;18;19;20,423134DFB9C28BE94131469DE903502B83FA4E46EF32803069457656C5762736,B11D803E755545874B0DF4910C8F8633523C4C019E94C3DD2198B61F4A13EBAA,derived/scale/papers/CUMCM-2010-A-007/paper.md;derived/scale/papers/CUMCM-2010-A-007/metadata.yaml;derived/scale/papers/CUMCM-2010-A-007/knowledge_card.md,423134DFB9C28BE94131469DE903502B83FA4E46EF32803069457656C5762736;9D27E00BD987CC3AC2A75E687BCBCEE629F185F2C2A0A5C8E83BA4E5C2253108;EDFE7945272BCD968BD496F75BC2C8C7AF09E75C1BE38815A4B1F87DA2E076EA,B11D803E755545874B0DF4910C8F8633523C4C019E94C3DD2198B61F4A13EBAA;06A4EA6E2A0558357BCCCAC395EA83AE2F8F54A4223E8AFCB4FA85ACFAABE364;225D90BCB39B33257144C28DFCC7136563946D9CAF5F7D884E4E126DFEEDE25F,1,1,READY_FOR_G9_REFRESH
CUMCM-2010-B-003,derived/scale/papers/CUMCM-2010-B-003,20260905T045418589698Z_557724fba657,2010年数学建模国赛真题+优秀论文/2010年优秀论文/2010B：对上海世博会文化影响力的定量评估.pdf,1ED4643567C104D6041EEB982EE6848A57D779DDB9BC319424E82BA6E95AD764,MARKER_ONLY_DIAGNOSTIC_OCR_REUSE,G11_MARKER_ONLY_PAGE_LOCAL_FORMAL_BODY,1;2;3;4;5;6;7;8;9;10;11;12;13;14;15;16;17;18;19;20;21;22;23;24;25,B6404540EF2A74C970DEAC82C803AE4DC23ED95E434CAB505B84EB569E9013BF,287F001CE16A1C4D42C51299067811C67A3AF32E090278C7A861D6709C2E4ABE,derived/scale/papers/CUMCM-2010-B-003/paper.md;derived/scale/papers/CUMCM-2010-B-003/metadata.yaml;derived/scale/papers/CUMCM-2010-B-003/knowledge_card.md,B6404540EF2A74C970DEAC82C803AE4DC23ED95E434CAB505B84EB569E9013BF;EEF8C54FF72C0DCE5585B55419E9718D4D7604AE20C3A098F3AFA8260153C683;3A3C22044EC81BB8F71EC735455108F7B14F5639827324D537F2019E59F465B7,287F001CE16A1C4D42C51299067811C67A3AF32E090278C7A861D6709C2E4ABE;63C06A58065F57BAD3B40A26C2953E87AB82ECAA54A74B4A7168D682965E2253;6E279E52E6ED32D7BE7ECCA272382F5F0A0A9BDFAC773C85AE4F1ECFA13A28C0,1,1,READY_FOR_G9_REFRESH
CUMCM-2010-B-004,derived/scale/papers/CUMCM-2010-B-004,20260905T045418589698Z_557724fba657,2010年数学建模国赛真题+优秀论文/2010年优秀论文/2010B：世博会参观线路设计.pdf,1ADCC76250C40CF4057EDBC71883F7290C4105D17D05381C742183DA15E80D24,MARKER_ONLY_DIAGNOSTIC_OCR_REUSE,G11_MARKER_ONLY_PAGE_LOCAL_FORMAL_BODY,1;2;3;4;5;6;7;8;9;10;11,2EEBBD295DAA69E745D4D3A60E17C0CEEF5CCD2C3D4B962C1E8FD4F59535AFD8,66DE994D20E62AE70CCDD44CDB517A38BBE37CA9C593887FD2DDCF9693BAE238,derived/scale/papers/CUMCM-2010-B-004/paper.md;derived/scale/papers/CUMCM-2010-B-004/metadata.yaml;derived/scale/papers/CUMCM-2010-B-004/knowledge_card.md,2EEBBD295DAA69E745D4D3A60E17C0CEEF5CCD2C3D4B962C1E8FD4F59535AFD8;9B3C7F00D288F35CACF8DBB373EFE68DF0629B200DA5436AD791CB5BBF9322B0;CDE20CAA7931A70ABB6D6035931B1D3FD2AAB669B573B3BC2CD1FFC456DEF889,66DE994D20E62AE70CCDD44CDB517A38BBE37CA9C593887FD2DDCF9693BAE238;387B19489CEDBDB4B8931C5CBE74CDBA1C2A7AA93CB3A2A877FAFCCB86E523D3;9EFF5E6AF227F08FC3B94ABC8C3CD6A463B2623037D9D60F83E463D0389F2B90,1,1,READY_FOR_G9_REFRESH
CUMCM-2010-B-005,derived/scale/papers/CUMCM-2010-B-005,20260905T045418589698Z_557724fba657,2010年数学建模国赛真题+优秀论文/2010年优秀论文/2010B：世博会对上海旅游业的影响研究.pdf,63064D423C44843DA905AEC4A0AC07A49A0ADA9D0CDB480495F4921A938457FA,MARKER_ONLY_DIAGNOSTIC_OCR_REUSE,G11_MARKER_ONLY_PAGE_LOCAL_FORMAL_BODY,1;2;3;4;5;6;7;8;9;10;11;12;13;14;15;16;17;18;19;20;21;22;23;24;25;26;27;28,7B81F60C64673BF02976FB19BFDC188CDEE3BBD8DEB3E5F3EE1EBFBFCE56229D,E5DAA418A93018121ECDB195B430FF6E93FD94A2A96D63397D4E9DC13CF59A44,derived/scale/papers/CUMCM-2010-B-005/paper.md;derived/scale/papers/CUMCM-2010-B-005/metadata.yaml;derived/scale/papers/CUMCM-2010-B-005/knowledge_card.md,7B81F60C64673BF02976FB19BFDC188CDEE3BBD8DEB3E5F3EE1EBFBFCE56229D;34118038C1981420536A6EA3CE4F52939247AFEB80A82DD56B51CD5400D9E94B;EDC61B6E469ACD3D5EEB8ACD465F8F0DBD0FDF21518C9AA4BF250BE30D64E83B,E5DAA418A93018121ECDB195B430FF6E93FD94A2A96D63397D4E9DC13CF59A44;18EFB641E0BA1B432483BFF7EE109F857A776E4617877965EB42E5E942310620;0C17943B52773328EBED48D9D2D2AB61FCFDE8772BA51ACA8802C7D7EE338D08,1,1,READY_FOR_G9_REFRESH
CUMCM-2010-B-006,derived/scale/papers/CUMCM-2010-B-006,20260905T045418589698Z_557724fba657,2010年数学建模国赛真题+优秀论文/2010年优秀论文/2010B：上海世博会于文化方面影响力评估.pdf,F084DF33B5DED56E794A494305239DC534E981BA749E55138D56D1EB7FAA6C20,MARKER_ONLY_DIAGNOSTIC_OCR_REUSE,G11_MARKER_ONLY_PAGE_LOCAL_FORMAL_BODY,1;2;3;4;5;6;7;8;9;10;11;12;13;14;15;16;17;18;19;20;21;22;23;24;25;26;27;28;29;30;31,C603D33FCDC6A8963EB4D9A5B48E40618F3E8B87F583458474931C9FA4D3C61C,70C42E249A2E45F94EDEE5A1D86F73B69058F894A990719A32C4165ADD0AD8C0,derived/scale/papers/CUMCM-2010-B-006/paper.md;derived/scale/papers/CUMCM-2010-B-006/metadata.yaml;derived/scale/papers/CUMCM-2010-B-006/knowledge_card.md,C603D33FCDC6A8963EB4D9A5B48E40618F3E8B87F583458474931C9FA4D3C61C;755C83841C4EB2C950F9708890A10F2CEBFD195D5FDF76B915C676E96958FD1D;AE450DE15DE4C30D75A649A91F2ADF030D120F661758ECA875D01F433475A98B,70C42E249A2E45F94EDEE5A1D86F73B69058F894A990719A32C4165ADD0AD8C0;481248F9CFEEFA571797AB3244D8296705B9FA293E532ED46470F60BB617D495;A2C42ED9ACF59B66C1E11664EF2614D94645E8B845C6613E3BEA2104D720CE44,1,1,READY_FOR_G9_REFRESH
CUMCM-2010-C-001,derived/scale/papers/CUMCM-2010-C-001,20260905T045418589698Z_557724fba657,2010年数学建模国赛真题+优秀论文/2010年优秀论文/2010C：输油管的布置（2）.pdf,FD7FBA7652C85FF2D40866F4F992039E8DA731EBF08E630DE9226D4D51972D3C,MARKER_ONLY_DIAGNOSTIC_OCR_REUSE,G11_MARKER_ONLY_PAGE_LOCAL_FORMAL_BODY,1;2;3;4;5;6;7;8;9;10;11;12;13;14;15;16;17;18;19;20,423134DFB9C28BE94131469DE903502B83FA4E46EF32803069457656C5762736,E23A134BB53043B5D08FF6625012A4E87AFEE701FBF4E0DC6559685B3A45EF51,derived/scale/papers/CUMCM-2010-C-001/paper.md;derived/scale/papers/CUMCM-2010-C-001/metadata.yaml;derived/scale/papers/CUMCM-2010-C-001/knowledge_card.md,423134DFB9C28BE94131469DE903502B83FA4E46EF32803069457656C5762736;7219FB544EE2D0608268CD7D84EDE69EFA61E9D1D32C83736ED6AB003EFBB4FF;8DD7EDB90C491C62575FC2E8C4AE3A145A188FA12FC13198D4A47430AAB02E65,E23A134BB53043B5D08FF6625012A4E87AFEE701FBF4E0DC6559685B3A45EF51;D989C9FD2A22100C127F6CD06132AAB5BA41A6186CD54467EC43D756033A162A;792DA8FC5BCA8EC1C99B8E49B76DD7B10EC2FFBAC1FDB317CF487022C45AE53B,1,1,READY_FOR_G9_REFRESH
CUMCM-2010-C-002,derived/scale/papers/CUMCM-2010-C-002,20260905T045418589698Z_557724fba657,2010年数学建模国赛真题+优秀论文/2010年优秀论文/2010C：输油管的布置.pdf,59A9FEB40E7440F2AE910AA3B77B6C97E7F1DE601AFBE61FC44E2D557679ECD5,MARKER_ONLY_DIAGNOSTIC_OCR_REUSE,G11_MARKER_ONLY_PAGE_LOCAL_FORMAL_BODY,1;2;3;4;5;6;7;8;9;10;11;12;13;14,F501017C13D9B29686DD922D65EDC0CD658E90E82A5785E427A2D829537C8626,95C4AA5A5D02467DAD7C99A23F1DC5998A71C3736D06C130882376ECAA9A85DB,derived/scale/papers/CUMCM-2010-C-002/paper.md;derived/scale/papers/CUMCM-2010-C-002/metadata.yaml;derived/scale/papers/CUMCM-2010-C-002/knowledge_card.md,F501017C13D9B29686DD922D65EDC0CD658E90E82A5785E427A2D829537C8626;0249E78427BE5BABA8334A82C335CD42E85DD64973AEEF408C3A72C8A5D1749A;30D05CB2086C8DB522A09DCB44A82881BC6CF743F27C594335F71D260C715D1A,95C4AA5A5D02467DAD7C99A23F1DC5998A71C3736D06C130882376ECAA9A85DB;FADBAC8F2D6EC2349388BC27AD453FE567072C942C747962389989174175667D;670B3064F50021406EB26F14E9942C2DC3B42E551658795A48AA0B4491D17DFD,1,1,READY_FOR_G9_REFRESH
CUMCM-2010-C-004,derived/scale/papers/CUMCM-2010-C-004,20260905T045418589698Z_557724fba657,2010年数学建模国赛真题+优秀论文/2010年优秀论文/2010C：输油管布置问题的优化模型.pdf,C5B80D92915BF6F03994B4CB054684A3F7F08293D8FDAD9268E9BCFD96183AE9,MARKER_ONLY_DIAGNOSTIC_OCR_REUSE,G11_MARKER_ONLY_PAGE_LOCAL_FORMAL_BODY,1;2;3;4;5;6;7;8;9;10;11;12;13;14,F501017C13D9B29686DD922D65EDC0CD658E90E82A5785E427A2D829537C8626,8D422C69A8CA5368EF59CB71457804168214EFC78564A5427A4C1BBE4A9619F5,derived/scale/papers/CUMCM-2010-C-004/paper.md;derived/scale/papers/CUMCM-2010-C-004/metadata.yaml;derived/scale/papers/CUMCM-2010-C-004/knowledge_card.md,F501017C13D9B29686DD922D65EDC0CD658E90E82A5785E427A2D829537C8626;14456235074C8FA7B88BD93552D0DD80825D12C52BA43A551B2A15D4BA62113A;F5A94077B98BB67568B949E1B050E8E683B8627C5221D6090E067CBDB6F1BB95,8D422C69A8CA5368EF59CB71457804168214EFC78564A5427A4C1BBE4A9619F5;2AE24711EEBB3AEC4D50D4FCE6134E5E0502E36B7D680D01C0834CB13713B5CA;3D9F6D4A5F8684F526235839E114D1F41C0FE5017D5AB67698CC226FC7B893D9,1,1,READY_FOR_G9_REFRESH
CUMCM-2010-D-002,derived/scale/papers/CUMCM-2010-D-002,20260905T045418589698Z_557724fba657,2010年数学建模国赛真题+优秀论文/2010年优秀论文/2010D：对学生宿舍设计方案的评价 (2).pdf,6BEA2106138EFF593DD0979E6220BBCE06BCB26F816DF4378422DE178F397AFE,MARKER_ONLY_DIAGNOSTIC_OCR_REUSE,G11_MARKER_ONLY_PAGE_LOCAL_FORMAL_BODY,1;2;3;4;5;6;7;8;9;10;11;12;13,1888E6C51576B4658EBCF999D9BD0EEBBE0358F2C4F7C7B817AD03495849659F,FBEEC4C88AE396B1186AC762EE46A7B029255721066BC90544A87D68FBF8CC65,derived/scale/papers/CUMCM-2010-D-002/paper.md;derived/scale/papers/CUMCM-2010-D-002/metadata.yaml;derived/scale/papers/CUMCM-2010-D-002/knowledge_card.md,1888E6C51576B4658EBCF999D9BD0EEBBE0358F2C4F7C7B817AD03495849659F;E94C17EBDC283EFAC7120C6519B5FAAC005D5FAE1A18321F55C7905CEF07557B;4D2D7C63AF198FAE1496AA6C56782DC2E4EA34A01630CEB804DFA4AF0923AF8E,FBEEC4C88AE396B1186AC762EE46A7B029255721066BC90544A87D68FBF8CC65;4BC90A17F9042AB3B7E96C75BF1153D40C318F7086FB0F9198B3CA3C0EDC7071;D431C6DC9321F56C31CD27A2F729DE82C4D7C928CAE9C212E610B79323FD0D5C,1,1,READY_FOR_G9_REFRESH
CUMCM-2010-D-004,derived/scale/papers/CUMCM-2010-D-004,20260905T045418589698Z_557724fba657,2010年数学建模国赛真题+优秀论文/2010年优秀论文/2010D：对学生宿舍设计方案的评价.pdf,90C8BD61A03A9EEDC28CFFF554F3CD4BCD29A183D1833869F6DD059AF5FAD37E,MARKER_ONLY_DIAGNOSTIC_OCR_REUSE,G11_MARKER_ONLY_PAGE_LOCAL_FORMAL_BODY,1;2;3;4;5;6;7;8;9;10;11;12;13;14;15;16;17;18;19;20,423134DFB9C28BE94131469DE903502B83FA4E46EF32803069457656C5762736,503B9BAD13534A5464D0E86A33841CA37ECC6D3F478F725880C997EE3C6444C9,derived/scale/papers/CUMCM-2010-D-004/paper.md;derived/scale/papers/CUMCM-2010-D-004/metadata.yaml;derived/scale/papers/CUMCM-2010-D-004/knowledge_card.md,423134DFB9C28BE94131469DE903502B83FA4E46EF32803069457656C5762736;ADD75AE50E70FAD7E6859E0C8AA1A774DBFE8F3E1926FEB1E7B8904C183559ED;D3CB73BBF173AA463D053DB9B2E897374AD6F8DD116748ED3452CB5F72EF4177,503B9BAD13534A5464D0E86A33841CA37ECC6D3F478F725880C997EE3C6444C9;6D952E1C32BD017CE375D083A9DEC60632E35A87E58023F2475507C4B056B910;B5F1285E28489911057299E53160375D288DCA956F4685ECBA123EE423F721FE,1,1,READY_FOR_G9_REFRESH
CUMCM-2010-D-005,derived/scale/papers/CUMCM-2010-D-005,20260905T045418589698Z_557724fba657,2010年数学建模国赛真题+优秀论文/2010年优秀论文/2010D：学生宿舍设计方案的评价.pdf,9D46A3D73FC99E838924785A04553909A97908E634CFAB6303AC4E2B45D353B2,MARKER_ONLY_DIAGNOSTIC_OCR_REUSE,G11_MARKER_ONLY_PAGE_LOCAL_FORMAL_BODY,1;2;3;4;5;6;7;8;9;10;11;12;13;14;15;16;17;18;19;20;21;22;23;24;25;26;27;28;29;30;31;32,10D8417B9907543BA3D31CADAAFA596A847C428A80292A624B9727669ED22F5E,152D9D7D6A7BEFB40890A160244BD4DF1D082A6CCB6C918245188DBE7CB0B51E,derived/scale/papers/CUMCM-2010-D-005/paper.md;derived/scale/papers/CUMCM-2010-D-005/metadata.yaml;derived/scale/papers/CUMCM-2010-D-005/knowledge_card.md,10D8417B9907543BA3D31CADAAFA596A847C428A80292A624B9727669ED22F5E;B8F57C706DDD3D777CA7019CEFBAEBC77F60BBF1AED8788D2EAA355F171579F5;9D35567CA9B484F4B83884AA59511FB1081D4A8861852C8CC73F454987FD9FE4,152D9D7D6A7BEFB40890A160244BD4DF1D082A6CCB6C918245188DBE7CB0B51E;501584DA718FF2277C9AFE039557337C3A760D028543D26783EA8D0228CB8FAA;DF50750DFBEBEE68DA73A41AC933E740E0EBF7262E470DB0F95BC7532FCC1548,1,1,READY_FOR_G9_REFRESH
CUMCM-2011-A-001,derived/scale/papers/CUMCM-2011-A-001,20260905T045418589698Z_557724fba657,2011年数学建模国赛真题+优秀论文/2011年优秀论文/2011A：城市表层土壤重金属污染分析（7）.pdf,3D58DB4E99A3E3202142EB77E537132421D37B81F6636360331B0A7D19E17F0E,MARKER_ONLY_EXISTING_TRUSTED_TEXT_RECONSTRUCTION,G11_MARKER_ONLY_PAGE_LOCAL_FORMAL_BODY,13;15,7CBE95CD215BF4DBF1145D77C8F5E68E78913851E3F43515D25039DD4BDDBC3E,40CD06D89A5591D43756291D5E40C933F5742355EC5789E3A6B96BCEEFA7B212,derived/scale/papers/CUMCM-2011-A-001/paper.md;derived/scale/papers/CUMCM-2011-A-001/metadata.yaml;derived/scale/papers/CUMCM-2011-A-001/knowledge_card.md,7CBE95CD215BF4DBF1145D77C8F5E68E78913851E3F43515D25039DD4BDDBC3E;C9E41F6F187A8D874882012E4605382B19FD61F1B8CE3AB06BD3174C0A92EF4F;C769F87F9A67C34BDCE90B4B59532541610ADB8E54B4B34364EDB549FBA52697,40CD06D89A5591D43756291D5E40C933F5742355EC5789E3A6B96BCEEFA7B212;E42E3264046D949152775AB0F95B7B0C9C0C945A8B724398B9E2C5223398FA2B;308DCBE2617D9ED735349BA756CD02DF5CAE63346660087CBED1A2B10AC9C9F8,1,1,READY_FOR_G9_REFRESH
CUMCM-2011-A-002,derived/scale/papers/CUMCM-2011-A-002,20260905T045418589698Z_557724fba657,2011年数学建模国赛真题+优秀论文/2011年优秀论文/2011A：城市表层土壤重金属污染分析（8）.pdf,AAD869BC1AB3C69E03518C673BA1163A29DCB24D15F8C57943783A004BAD317D,MARKER_ONLY_DIAGNOSTIC_OCR_REUSE,G11_MARKER_ONLY_PAGE_LOCAL_FORMAL_BODY,21,0DC7FA87A91063A75E5F6EB4E7DF93003F2810C3C2B255BADA26123C31E167C8,55785E96B1B785EDFB3CADF72927D1927CE150E128B93041643521D90F084CD8,derived/scale/papers/CUMCM-2011-A-002/paper.md;derived/scale/papers/CUMCM-2011-A-002/metadata.yaml;derived/scale/papers/CUMCM-2011-A-002/knowledge_card.md,0DC7FA87A91063A75E5F6EB4E7DF93003F2810C3C2B255BADA26123C31E167C8;9E119E555836CDF3C2C49772E5409CB641F708B0E841363737D265911DDFDC6A;F2B3858097FC120E6D00B2A6B95A49E569CF6CD98FB2F2B4DCC707381B852A3A,55785E96B1B785EDFB3CADF72927D1927CE150E128B93041643521D90F084CD8;3945B20E42224D5A64103591C37B3A5FE4B41F89147FA0FEC09BC19F6E94DC7F;57E06E29385D293FA8ABD4C513A9340BD8CAF8045AD52141D94280278104D8C1,1,1,READY_FOR_G9_REFRESH
CUMCM-2011-A-004,derived/scale/papers/CUMCM-2011-A-004,20260905T045418589698Z_557724fba657,2011年数学建模国赛真题+优秀论文/2011年优秀论文/2011A：城市表层土壤重金属污染分析（1）.pdf,72719EF517A3254F0BD852882843C1310882D092883DA60C3B5F88542953E157,MARKER_ONLY_DIAGNOSTIC_OCR_REUSE,G11_MARKER_ONLY_PAGE_LOCAL_FORMAL_BODY,19,BC31A761D966D535532F56685708E9046DD03DE154AD8808530C902FF887CA2C,1F76CAFC57D789D4CE3F9C02A07FC1598082AEF94E9A29933FC55F47AD7667EE,derived/scale/papers/CUMCM-2011-A-004/paper.md;derived/scale/papers/CUMCM-2011-A-004/metadata.yaml;derived/scale/papers/CUMCM-2011-A-004/knowledge_card.md,BC31A761D966D535532F56685708E9046DD03DE154AD8808530C902FF887CA2C;ABF166E7A03842B0E3AFFA8171ADAF0171617976DD95D57FFE40F6C9DC75CBC7;C618463692D4F58BFF7FAB9D459A9E728B73B1FCEC0F0471F33D521713B912B2,1F76CAFC57D789D4CE3F9C02A07FC1598082AEF94E9A29933FC55F47AD7667EE;FAECBC6FE40A4F7E0B0313457A84D435EA2308C29EC3FAA26B3A6DFF26C738C5;41D521C35313B3FEA2FE21CFF0D7F42F65F3C4BB74E0E7E22DCD25079DD785CB,1,1,READY_FOR_G9_REFRESH
CUMCM-2011-A-005,derived/scale/papers/CUMCM-2011-A-005,20260905T045418589698Z_557724fba657,2011年数学建模国赛真题+优秀论文/2011年优秀论文/2011A：城市表层土壤重金属污染分析（3）.pdf,5CFE1213D56FE2D9AEF5F2A08FC9A3CAC379DD2DA7B1600D7BC7089979D6FDB3,MARKER_ONLY_DIAGNOSTIC_OCR_REUSE,G11_MARKER_ONLY_PAGE_LOCAL_FORMAL_BODY,4;5;6;7;8;20,35E4CF3B6B9BAB76CEBC0220F86B8278A06D595435C117091539A9A84D151CA2,9D3ABD86241556DDDD75E536BA1B98F9E29F9A0272D062CC1732AF4FEF357B7B,derived/scale/papers/CUMCM-2011-A-005/paper.md;derived/scale/papers/CUMCM-2011-A-005/metadata.yaml;derived/scale/papers/CUMCM-2011-A-005/knowledge_card.md,35E4CF3B6B9BAB76CEBC0220F86B8278A06D595435C117091539A9A84D151CA2;41C67EE2BFB731B11A7FD5DBAF4421326DD5556E0DCDEA3DAC9C6E51F0E37A01;B220BB9F5D5C797924ED3277775677E9EF1E78D658BDD1FF2A8C2EED29A0CE02,9D3ABD86241556DDDD75E536BA1B98F9E29F9A0272D062CC1732AF4FEF357B7B;61BA5B31B5F3485ECFDCAC204C3BDD096A2E04492C2333B6C39E24D2693A817F;27F2DCB2722572600291D77895B3DDE15CDBD3222D0DF8D0D0952318337A2141,1,1,READY_FOR_G9_REFRESH
CUMCM-2011-A-007,derived/scale/papers/CUMCM-2011-A-007,20260905T045418589698Z_557724fba657,2011年数学建模国赛真题+优秀论文/2011年优秀论文/2011A：城市表层土壤重金属污染分析（5）.pdf,F5AFFBB6F8AA0323F3452708D2F16470293AB43E52CF1A7899DFF51F205F5FC3,MARKER_ONLY_DIAGNOSTIC_OCR_REUSE,G11_MARKER_ONLY_PAGE_LOCAL_FORMAL_BODY,7;8;9,ACCABFC155FB8F7EADABB10768DF3C9458A86A3C41C9F8A3D6487B58A7713E65,4AFA74AB89C5F57938A15A44BC7AB3DBAB9811D1615744A363A7954CB936123B,derived/scale/papers/CUMCM-2011-A-007/paper.md;derived/scale/papers/CUMCM-2011-A-007/metadata.yaml;derived/scale/papers/CUMCM-2011-A-007/knowledge_card.md,ACCABFC155FB8F7EADABB10768DF3C9458A86A3C41C9F8A3D6487B58A7713E65;488DFE8E8EAEC7F333D84302CF0BE97B5740154305DEAAFC880C72AF7B29256A;38817B6F24F61B0AA7DADCB9B844D3A3FB5D5D42D9DC9EA7588F7D10AE9E6409,4AFA74AB89C5F57938A15A44BC7AB3DBAB9811D1615744A363A7954CB936123B;925364E9983715CD2E69427487B6E6E3837023DCF699029309FF0194C5FD2A64;5329E580E3B0FDC5CEB0D5F232CFF45F1644338451C7928C85A8D27D8452F398,1,1,READY_FOR_G9_REFRESH
CUMCM-2012-B-B149,derived/scale/papers/CUMCM-2012-B-B149,20260905T045418589698Z_557724fba657,2012年数学建模国赛真题+优秀论文/2012年优秀论文/2012B：太阳能小屋的设计 (4)/B149答卷.pdf,90C31398DACDA50949D10FA75F60E736B124E3947F908667F32FDD5C81F24CE8,MARKER_ONLY_EXISTING_TRUSTED_TEXT_RECONSTRUCTION,G11_MARKER_ONLY_PAGE_LOCAL_FORMAL_BODY,28,7A5DF53096876F3C887CAE76705332FABCD4CDF2822B78235FB28C4CD81A0DB7,EEF3361A4AE791B1B7176AEA0F4A54D95BCFA4D2A66B8DBB38C2AD3FB10E8019,derived/scale/papers/CUMCM-2012-B-B149/paper.md;derived/scale/papers/CUMCM-2012-B-B149/metadata.yaml;derived/scale/papers/CUMCM-2012-B-B149/knowledge_card.md,7A5DF53096876F3C887CAE76705332FABCD4CDF2822B78235FB28C4CD81A0DB7;570161513338D472A5A19D5449A554094538AB6360DA1D93549F9CA8434BE623;E3F422D31E619FE8F373661F125ECC350B792B569487AEA2177239491382D263,EEF3361A4AE791B1B7176AEA0F4A54D95BCFA4D2A66B8DBB38C2AD3FB10E8019;B71D45DF67C35003601C23D3D606BA7A3048DE9C48120E8794E40C0D9A57866F;A2C17ADFA1809F06BF149320681F2A258861BF111117AF32F265B5BBD8316376,1,1,READY_FOR_G9_REFRESH
CUMCM-2013-A-001,derived/scale/papers/CUMCM-2013-A-001,20260905T045418589698Z_557724fba657,2013年数学建模国赛真题+优秀论文/2013A：车道被占用对城市道路通行能力的影响 (5)/基于差分方程和元胞自动机的交通阻塞模型.pdf,89F1BC8CE60F82D85A723CDA3435920801F4D7292E2571649256A42F84046132,MARKER_ONLY_DIAGNOSTIC_OCR_REUSE;MARKER_ONLY_EXISTING_TRUSTED_TEXT_RECONSTRUCTION;MARKER_ONLY_NEW_FORMAL_PAGE_OCR,G11_MARKER_ONLY_PAGE_LOCAL_FORMAL_BODY,12;15;16;17;18;25;38;41;45,938F0ACD508FAA30697563EE082CC8EFF2496DBA9834B219CA6519AB720EA181,79A484612365D74C147DCC8DF9EFEE8DACFCB261018D14542D8F65425215A208,derived/scale/papers/CUMCM-2013-A-001/paper.md;derived/scale/papers/CUMCM-2013-A-001/metadata.yaml;derived/scale/papers/CUMCM-2013-A-001/knowledge_card.md,938F0ACD508FAA30697563EE082CC8EFF2496DBA9834B219CA6519AB720EA181;F54AB883CDB402B2053E311B7B52FDD20458E111C2CB0C80AACA0140A0F96116;52408B9FBF413F13CF027D29BD8B3877E174AB3783A947C017566C161AD57F38,79A484612365D74C147DCC8DF9EFEE8DACFCB261018D14542D8F65425215A208;D996A7E08E33937026557E55D5FD685D5B2E6215BE0920403A5F2E5A196605F0;7157789579D6466A3830CD1C2A2231C47DD717F31DFECC00B91B046B22ED32D9,1,1,READY_FOR_G9_REFRESH
CUMCM-2013-A-004,derived/scale/papers/CUMCM-2013-A-004,20260905T045418589698Z_557724fba657,2013年数学建模国赛真题+优秀论文/2013A：车道被占用对城市道路通行能力的影响 (3)/A-13241002-黄小敏，黄程，王露.pdf,EABCE38647FBE0FACB29330177B5EAE63A61A5FD67FAEFF867B24E91AF49C7D4,MARKER_ONLY_DIAGNOSTIC_OCR_REUSE,G11_MARKER_ONLY_PAGE_LOCAL_FORMAL_BODY,39,BAC9F628007AB22CD754BDCB73A3E5030F19650591E32B051E7A8532CEA4A6D2,F725177A1396DE525B75F26428726B10581ACF0562930DB0AE330A5CE77A5101,derived/scale/papers/CUMCM-2013-A-004/paper.md;derived/scale/papers/CUMCM-2013-A-004/metadata.yaml;derived/scale/papers/CUMCM-2013-A-004/knowledge_card.md,BAC9F628007AB22CD754BDCB73A3E5030F19650591E32B051E7A8532CEA4A6D2;6D3F70B1EBBA02F2996C9ACADD0C3AB5E23C62168B03CFDDE60EB88F4FB10820;1A1339CE4620D617082FF0324F1B46DB08B9311C4CBE567B2BB348CBD2350D2D,F725177A1396DE525B75F26428726B10581ACF0562930DB0AE330A5CE77A5101;474573E2F01277E82F09B31D05ED111A2C02C4BEF6AB1BE0BD092BEB000CB827;BFF86F0E2F4ED415DBA0861C87CA26F74FAF6F1AAE68C5973D28875AEC7CEACD,1,1,READY_FOR_G9_REFRESH
CUMCM-2013-A-005,derived/scale/papers/CUMCM-2013-A-005,20260905T045418589698Z_557724fba657,2013年数学建模国赛真题+优秀论文/2013A：车道被占用对城市道路通行能力的影响 (2)/周晨阳周登岳孔垂烨A.pdf,B7CE9B63F4E2542ADC12AD6E3497A36E29DE57B29AFD3356B01371FCD8D5F5A1,MARKER_ONLY_DIAGNOSTIC_OCR_REUSE,G11_MARKER_ONLY_PAGE_LOCAL_FORMAL_BODY,38,909D7B75C28732F82B5F74DF15BEE808F6B53AB1DD1572F400E14AEB034CB9F8,C89B910A50505AE15FA283D5C97980F4ACA029235816736E00F09D895835FA31,derived/scale/papers/CUMCM-2013-A-005/paper.md;derived/scale/papers/CUMCM-2013-A-005/metadata.yaml;derived/scale/papers/CUMCM-2013-A-005/knowledge_card.md,909D7B75C28732F82B5F74DF15BEE808F6B53AB1DD1572F400E14AEB034CB9F8;FA2953A90DEC974911C74B5928D935D540CCD6CE31122D1833A6088850485713;902CD937AD5DF8F92CD62A49EEAF940EE5B8A71E7D1EFBCEBB7A63BBD71AEE8F,C89B910A50505AE15FA283D5C97980F4ACA029235816736E00F09D895835FA31;354888235B3130FB6D7064C0D6889F5A7072BDF71DA153589B64726FA0E7408B;30E89ED05CF8880E0FDA4E17F8B53B232E2BD63725CF230E6957D05E7AD47F9D,1,1,READY_FOR_G9_REFRESH
CUMCM-2013-A-A0114,derived/scale/papers/CUMCM-2013-A-A0114,20260905T045418589698Z_557724fba657,2013年数学建模国赛真题+优秀论文/2013A：车道被占用对城市道路通行能力的影响/A0114.pdf,B9100E7F93C38C9E3A61E81F1DFE978A076493905BFE19F41951CEE69BB2D89A,MARKER_ONLY_DIAGNOSTIC_OCR_REUSE,G11_MARKER_ONLY_PAGE_LOCAL_FORMAL_BODY,4;5,A9CD4970C89EEEFADD67324F2CECBB14FEA65FE2AB4AF6DC3E1E1B768A02AFDC,5BB0F0FE5E1602D2B6E0AA4F986DA12D6257BE5451938E9DD09B7E7B7F06CFD0,derived/scale/papers/CUMCM-2013-A-A0114/paper.md;derived/scale/papers/CUMCM-2013-A-A0114/metadata.yaml;derived/scale/papers/CUMCM-2013-A-A0114/knowledge_card.md,A9CD4970C89EEEFADD67324F2CECBB14FEA65FE2AB4AF6DC3E1E1B768A02AFDC;400A137748A0EBF0502DDD2D3702470437CE6C286EC6DE1E66B9021B94DBCD2F;AC87F9F99E9F642D8BA92F35855D028599C390E38D633680472A3F330CAB9850,5BB0F0FE5E1602D2B6E0AA4F986DA12D6257BE5451938E9DD09B7E7B7F06CFD0;A356F97F72E00D4EFCBD56C5B6A9DB836187D9A0E6EBBA4700BDAB1DE23E0C99;6946517877921BD2201B93649506FFB8DD9804A05398C4269CB0D0BEDBC2F71D,1,1,READY_FOR_G9_REFRESH
CUMCM-2014-A-A1501,derived/scale/papers/CUMCM-2014-A-A1501,20260905T045418589698Z_557724fba657,2014年数学建模国赛真题+优秀论文/2014优秀论文/2014A：嫦娥三号软着陆轨道设计与控制策略 (5)/A15010142_王子硕_吴鹏飞_陶立.pdf,CA6C94BB50E5B0D982A7D54F154AB68A8E5465BB3858D1274356BFD5381FD2CC,MARKER_ONLY_EXISTING_TRUSTED_TEXT_RECONSTRUCTION,G11_MARKER_ONLY_PAGE_LOCAL_FORMAL_BODY,11;32,4D15A604013AE9D54AAB97D156EBBF597455456A96A2AEA2F9915605BD9AE96F,4002B15ACE1D7F4D4D4840F2E5575F5CEC7E466860D8221FEE92F951BFB75FD5,derived/scale/papers/CUMCM-2014-A-A1501/paper.md;derived/scale/papers/CUMCM-2014-A-A1501/metadata.yaml;derived/scale/papers/CUMCM-2014-A-A1501/knowledge_card.md,4D15A604013AE9D54AAB97D156EBBF597455456A96A2AEA2F9915605BD9AE96F;59073635C7DC62611AF3D586A388E9F1AB863070D067F2FDA6DF31E453763389;33D443331EC4D32A062024A1B5CD4AB0E226D4C377F89DBA4E9676E0A096D5C5,4002B15ACE1D7F4D4D4840F2E5575F5CEC7E466860D8221FEE92F951BFB75FD5;F86E5891559CE15CFF7E5CE4C1CEF80EF3AB2F38AA4A0636CF91592DF472E2F3;406F336FF98969554CA352672E771E9F906B1DF62495662267A19EDBEA0E10B4,1,1,READY_FOR_G9_REFRESH
CUMCM-2014-A-A2302,derived/scale/papers/CUMCM-2014-A-A2302,20260905T045418589698Z_557724fba657,2014年数学建模国赛真题+优秀论文/2014优秀论文/2014A：嫦娥三号软着陆轨道设计与控制策略/A23022014_杜磊_江启文_汪鑫 .pdf,A5CE222DB27F1A47800723DB92BC76A8CCF2CA053A6F62CD7B5CEFBE8018A237,MARKER_ONLY_DIAGNOSTIC_OCR_REUSE,G11_MARKER_ONLY_PAGE_LOCAL_FORMAL_BODY,16,78B516C2BF30429E2588493BEEBCDE86D1EFF19BBDB5A2108BB2F7BF81708F2E,3B37B5C56062E3CC3DAAE4ABD8354B0EE227DCC397442B2F5799CEAD233900D5,derived/scale/papers/CUMCM-2014-A-A2302/paper.md;derived/scale/papers/CUMCM-2014-A-A2302/metadata.yaml;derived/scale/papers/CUMCM-2014-A-A2302/knowledge_card.md,78B516C2BF30429E2588493BEEBCDE86D1EFF19BBDB5A2108BB2F7BF81708F2E;2C130CF098C13413212A074FBE5DE5D0B97A7841D45086BA9D8A30B06D91F926;468735970F961A7F6ED9B25247A68B43EDC24AB0D42BBD068A8AF25E6B3F2F24,3B37B5C56062E3CC3DAAE4ABD8354B0EE227DCC397442B2F5799CEAD233900D5;D1038190F5F54D8D87B62738306CD5AC84FF98854DA02C55A7A59C10B870AF07;C732C2841BB63BFA8552C685F23513C68CD505ABEA8AB48F3418C204D4CE03B9,1,1,READY_FOR_G9_REFRESH
CUMCM-2014-D-D2202,derived/scale/papers/CUMCM-2014-D-D2202,20260905T045418589698Z_557724fba657,2014年数学建模国赛真题+优秀论文/2014优秀论文/2014D：储药槽的设计 (3)/D22022011_阎发静_周靖_杨峰.pdf,9E3E34F7E3E8DAFA6A6043EACF081E942E3A7576F47E2D238016403F904E4388,MARKER_ONLY_DIAGNOSTIC_OCR_REUSE,G11_MARKER_ONLY_PAGE_LOCAL_FORMAL_BODY,20;21,57051683F95933F92246D65FA12FBF1C295B2698186D8662E92BCF59FA2B31BB,32D512709967447ED90D27F1BC2764985407D5DF0833AA84443C1B00D026754B,derived/scale/papers/CUMCM-2014-D-D2202/paper.md;derived/scale/papers/CUMCM-2014-D-D2202/metadata.yaml;derived/scale/papers/CUMCM-2014-D-D2202/knowledge_card.md,57051683F95933F92246D65FA12FBF1C295B2698186D8662E92BCF59FA2B31BB;DD646DA1B6A2086C8FF4F78686A69640D3A0F0613EDC4F1201568FFDF5FC4561;C26E2D8F85C9E24439A5F0444873DDE25887FF8B1F2CE3902242A8B603D7E066,32D512709967447ED90D27F1BC2764985407D5DF0833AA84443C1B00D026754B;6A66716422D57C873ED9C5A6852A53F2576D3A8EA87D36DCFBB8ED18C10E98C5;2E6CEFBDDD044420579F2642FDD642F83F159292E51DCAE93C7C373F2F536E30,1,1,READY_FOR_G9_REFRESH
CUMCM-2016-A-002,derived/scale/papers/CUMCM-2016-A-002,20260905T045418589698Z_557724fba657,2016年数学建模国赛真题+优秀论文/2016年优秀论文/2016A：基于极值系泊系统设计 (1).pdf,63177FF9A2A01AEDF149DFD2315FF9CD74EAD4FCE55F2E8D0B5D3958BD75403D,MARKER_ONLY_DIAGNOSTIC_OCR_REUSE,G11_MARKER_ONLY_PAGE_LOCAL_FORMAL_BODY,5;6;7;9;10;11;13;14;15;16;17,6476B043B8C64C883E82E7E21FCA22A743BD4DC9F7504E46077EA6EDEFFF52B6,116CBA7C957B2129F88184314DA8FFDF13A6448D90DA5B5ADA3AB487F79B4E4C,derived/scale/papers/CUMCM-2016-A-002/paper.md;derived/scale/papers/CUMCM-2016-A-002/metadata.yaml;derived/scale/papers/CUMCM-2016-A-002/knowledge_card.md,6476B043B8C64C883E82E7E21FCA22A743BD4DC9F7504E46077EA6EDEFFF52B6;B3A3B0F56B4123C860F013DBE1A27DDC24C07811B0AF53D12564F1D7C89A0C67;86A2517512714B3277402BE259DAC18B0AF600B2C297DD0A0FDD605E09EE002F,116CBA7C957B2129F88184314DA8FFDF13A6448D90DA5B5ADA3AB487F79B4E4C;3F9EAA263636C83BFFDA0E1E3585840A100F0F66C4278C1850D0BB4A2ADC114F;C1EF85913204FAD3907A5E6B4272F200C56957432F56A20ECEDC142D15E2D7B4,1,1,READY_FOR_G9_REFRESH
CUMCM-2016-A-003,derived/scale/papers/CUMCM-2016-A-003,20260905T045418589698Z_557724fba657,2016年数学建模国赛真题+优秀论文/2016年优秀论文/2016A：基于极值系泊系统设计 (5).pdf,0AE8DC792DEC17F18DE3F2F6A060DD2DA71CD3C96AD4B8EF628822DD66E2C81D,MARKER_ONLY_DIAGNOSTIC_OCR_REUSE,G11_MARKER_ONLY_PAGE_LOCAL_FORMAL_BODY,25;26;27;28;29;30;31;34;35;36;37;38;39;40;41;42;43;44,D083054E00F18895F0A0E71ED367BB5995CF0FA8CCF683667B6C362B3C3F11B4,547F7E8763FF2CEE754B0A0BCD274990E5C018FE51201D1BC4F1542175AC772C,derived/scale/papers/CUMCM-2016-A-003/paper.md;derived/scale/papers/CUMCM-2016-A-003/metadata.yaml;derived/scale/papers/CUMCM-2016-A-003/knowledge_card.md,D083054E00F18895F0A0E71ED367BB5995CF0FA8CCF683667B6C362B3C3F11B4;FAEA2DF81772801317A1A01B5D16796A711D9FDCD4E60DCBA32641FA23C12097;7B1B958A76E704837287E11D7737C9938FD67473F6966567E8961396C0CA1E64,547F7E8763FF2CEE754B0A0BCD274990E5C018FE51201D1BC4F1542175AC772C;0004D8BEF4832BDD1A1B43AC5762E57FF6A0DD6FC46417D84F0D19C11F422E17;2A1E11B241B25B8C621DB378849371705B08A0D47E6F03E52A8A6842330F8267,1,1,READY_FOR_G9_REFRESH
CUMCM-2016-A-004,derived/scale/papers/CUMCM-2016-A-004,20260905T045418589698Z_557724fba657,2016年数学建模国赛真题+优秀论文/2016年优秀论文/2016A：基于极值系泊系统设计 (2).pdf,20F72872C499F57A38E7D0121C98C270A4C1E518C399DE506F69928F45A86EF9,MARKER_ONLY_DIAGNOSTIC_OCR_REUSE,G11_MARKER_ONLY_PAGE_LOCAL_FORMAL_BODY,27;29,906D3C95C5A9F195A085E4909B159F85F2445F2FBE03B10255A5DB9037642AC9,555AF5D312E9A7F1EE1A01BCC500AA62E234E7E7D8DFB46C0CC83053DB21BEAE,derived/scale/papers/CUMCM-2016-A-004/paper.md;derived/scale/papers/CUMCM-2016-A-004/metadata.yaml;derived/scale/papers/CUMCM-2016-A-004/knowledge_card.md,906D3C95C5A9F195A085E4909B159F85F2445F2FBE03B10255A5DB9037642AC9;2486B0560E60A496DF2FCA51A17E2F52B919E69DCC2BA438128B8261C1270A74;41A9B42ADE6BD470B50FB18EEC66FBCD18BFA7E35C7945D8C3FA80BD0495A852,555AF5D312E9A7F1EE1A01BCC500AA62E234E7E7D8DFB46C0CC83053DB21BEAE;02C1E36CE507BFD62C87E7C0CBBD59827D04B3031389821D49F9369F86151B98;B2888C8671F9EED0E8CC0B3602CF37E4BA05BDF306BB1877CE0DC8719BB5B17B,1,1,READY_FOR_G9_REFRESH
CUMCM-2016-A-005,derived/scale/papers/CUMCM-2016-A-005,20260905T045418589698Z_557724fba657,2016年数学建模国赛真题+优秀论文/2016年优秀论文/2016A：基于极值系泊系统设计 (4).pdf,60A24DC1D9D5C453DA3966CBE5A53EEBA73E5190145ED3518EBDFA98A59FB062,MARKER_ONLY_DIAGNOSTIC_OCR_REUSE,G11_MARKER_ONLY_PAGE_LOCAL_FORMAL_BODY,39,A5D69A10622361925FC785EFBCF3BF8A488DAC1601268444C1B0F93652FDA48D,11B8375BAD09A081EC9CDDE0DBC63B3B7130C97C5D975156CCC3E5260FFF2805,derived/scale/papers/CUMCM-2016-A-005/paper.md;derived/scale/papers/CUMCM-2016-A-005/metadata.yaml;derived/scale/papers/CUMCM-2016-A-005/knowledge_card.md,A5D69A10622361925FC785EFBCF3BF8A488DAC1601268444C1B0F93652FDA48D;A333495EB2D5A5174EFB152921192C1B5B4262C5293C5DCCB8FAC3597EA7A436;B04EA63371115D87603425562CC824F86FCB3B07419C4AD129D9AA0C707478FD,11B8375BAD09A081EC9CDDE0DBC63B3B7130C97C5D975156CCC3E5260FFF2805;29B49ACF56DD96719B0DBFBD205708D944398EC42546C2081AC59579D12B88F4;473524D01B4E16AEAA715E025BFA0CE30ACBC65C1D6EDEE9D5FB8C2AC60BA866,1,1,READY_FOR_G9_REFRESH
CUMCM-2016-A-006,derived/scale/papers/CUMCM-2016-A-006,20260905T045418589698Z_557724fba657,2016年数学建模国赛真题+优秀论文/2016年优秀论文/2016A：基于极值系泊系统设计 (3).pdf,8782CBFC3FE587AB513CBF29A72FA6B7F1C3A175831D16D906AF854D564CB3B0,MARKER_ONLY_DIAGNOSTIC_OCR_REUSE,G11_MARKER_ONLY_PAGE_LOCAL_FORMAL_BODY,19;20;21;22;23;24;25;26;27;28;29;30;36;37;38,ABBD1413BE583D39053C245EB768BCC55E7AF594C0EBA3B13108D567E168779B,10CF485BCB83CFFA8464DC1D4C649C52E4F027B14D0F8041F5CAE1365B91252F,derived/scale/papers/CUMCM-2016-A-006/paper.md;derived/scale/papers/CUMCM-2016-A-006/metadata.yaml;derived/scale/papers/CUMCM-2016-A-006/knowledge_card.md,ABBD1413BE583D39053C245EB768BCC55E7AF594C0EBA3B13108D567E168779B;6DA1D11C68CBFB32FD03809A445496D5C97D60D4CF3493A6706A3B4B1B37D6B8;67BB571624833DB0B2FF46CE295A1899F3A5C4F1E2FE00E6B8D19B38E3111F39,10CF485BCB83CFFA8464DC1D4C649C52E4F027B14D0F8041F5CAE1365B91252F;DC6A0253A452C3387BAB2928033DB94D308B5DE4EB0BAB3FB1BBA2D28AAE6125;B1490F29E09A45880E0CD8E2CBA55A9F81110519156BA81870DD926072605C48,1,1,READY_FOR_G9_REFRESH
CUMCM-2016-B-002,derived/scale/papers/CUMCM-2016-B-002,20260905T045418589698Z_557724fba657,2016年数学建模国赛真题+优秀论文/2016年优秀论文/2016B：小区开放道路通行影响 (5).pdf,F04CE73B087241F00E6C5E8902BEC95AFA48201F9384C58125E2F4600EDAA41B,MARKER_ONLY_DIAGNOSTIC_OCR_REUSE,G11_MARKER_ONLY_PAGE_LOCAL_FORMAL_BODY,25,3F081ACE47C54A29445EB0E93AE7D848C6DFA7424670BCAD884753CB74EC92B2,2A35514E1F7A430D065D284E8AC9EE9DB588E8722F310DA86D9929DAB1D99138,derived/scale/papers/CUMCM-2016-B-002/paper.md;derived/scale/papers/CUMCM-2016-B-002/metadata.yaml;derived/scale/papers/CUMCM-2016-B-002/knowledge_card.md,3F081ACE47C54A29445EB0E93AE7D848C6DFA7424670BCAD884753CB74EC92B2;5688441CC08DCBF575E3D7C16EC201C7DD933564FC8A22A77B01CE27E1246034;6B3B01730631F1394F015D813492EA0D98936BBFA8AFA1F1DBA62CC2E4D6E4BD,2A35514E1F7A430D065D284E8AC9EE9DB588E8722F310DA86D9929DAB1D99138;C18A3E4038657CCF4DBCDE2C11EF09C98A5C587FB3F6F694F4FD352C7B5A5A1B;890B71C9E889A6AA1282F4B5DEA058F101BA4DACCBFE383493BDBCD1521EA907,1,1,READY_FOR_G9_REFRESH
CUMCM-2016-C-001,derived/scale/papers/CUMCM-2016-C-001,20260905T045418589698Z_557724fba657,2016年数学建模国赛真题+优秀论文/2016年优秀论文/2016C：电池剩余放电时间预测 (2).pdf,E1703EA2108D2998D3FAA92C19245504BEB7DD5E3B8C84D51935706302035F57,MARKER_ONLY_DIAGNOSTIC_OCR_REUSE,G11_MARKER_ONLY_PAGE_LOCAL_FORMAL_BODY,7,54AC594DA4C1C5CBC43EAF28DF45AD7A77843A6F2F948DE73D112F330D4D01B4,F6D924F7C205B05804C6D3371F96D8AA883AE9A20131FA6EDE6426072099A0C5,derived/scale/papers/CUMCM-2016-C-001/paper.md;derived/scale/papers/CUMCM-2016-C-001/metadata.yaml;derived/scale/papers/CUMCM-2016-C-001/knowledge_card.md,54AC594DA4C1C5CBC43EAF28DF45AD7A77843A6F2F948DE73D112F330D4D01B4;9256DCA0D1DA192CF7D42370FE69B0BBDC037FD71B17D5641E34E2DF5A1D411F;F2A22FE319947AC0832D2F891D5EBCC5A9F65D7074B8C3CD664D1CD765350AB4,F6D924F7C205B05804C6D3371F96D8AA883AE9A20131FA6EDE6426072099A0C5;147EBC4AFE93AE4252479AC8A3A8EAC8E0592B7A6D9125F4EF96816E6DA11708;B11C8A47CC85716A367566867BF98F38ECD029C6722BA74DB7C5E281066A0A42,1,1,READY_FOR_G9_REFRESH
CUMCM-2016-D-002,derived/scale/papers/CUMCM-2016-D-002,20260905T045418589698Z_557724fba657,2016年数学建模国赛真题+优秀论文/2016年优秀论文/2016D：风电场运行状况分析及维护计划优化 (2).pdf,89AB698EB82BCE52B6844AF057D40433341C15F612A68796019A29EECB5235ED,MARKER_ONLY_DIAGNOSTIC_OCR_REUSE,G11_MARKER_ONLY_PAGE_LOCAL_FORMAL_BODY,44,8AED4E746221FBDBC080FBCC13A2ADAC6904ECA075E2CE9BF1FB80BDD637292E,4A60C95899B7430802F3461E6C0446D193AB97D25212D138FAE86B1F4E2E1093,derived/scale/papers/CUMCM-2016-D-002/paper.md;derived/scale/papers/CUMCM-2016-D-002/metadata.yaml;derived/scale/papers/CUMCM-2016-D-002/knowledge_card.md,8AED4E746221FBDBC080FBCC13A2ADAC6904ECA075E2CE9BF1FB80BDD637292E;F637DA637B9F52CBF63C5FB8E2CF6C5437D68AC2C84919135BE5DFA7E007DF23;40CD9AFC0E570C4F4DE9C54C097131800445F29007F811FF57C0D61677F85C8C,4A60C95899B7430802F3461E6C0446D193AB97D25212D138FAE86B1F4E2E1093;B59A19818D267B953214E780493CBA96DF9E136500DD73DD71EB68A358710703;0C03D05DCA65862564C21DB0BEFE6D7226A4098644524D03BD613E3C5F923284,1,1,READY_FOR_G9_REFRESH
CUMCM-2016-D-003,derived/scale/papers/CUMCM-2016-D-003,20260905T045418589698Z_557724fba657,2016年数学建模国赛真题+优秀论文/2016年优秀论文/2016D：风电场运行状况分析及维护计划优化 (3).pdf,6C820E1039671B5C6B5E739CDE208CCDA3A91779D72837318608AFA843FBF61B,MARKER_ONLY_DIAGNOSTIC_OCR_REUSE,G11_MARKER_ONLY_PAGE_LOCAL_FORMAL_BODY,24,29C94A82B813AD1F8A54D6EF634FF4B90CCD4CE346D774301F13ABA67CC47467,5117B011D4EC67A797A1EB3D6A70515FA7542337A2E01BBF6A418DED2889EA7C,derived/scale/papers/CUMCM-2016-D-003/paper.md;derived/scale/papers/CUMCM-2016-D-003/metadata.yaml;derived/scale/papers/CUMCM-2016-D-003/knowledge_card.md,29C94A82B813AD1F8A54D6EF634FF4B90CCD4CE346D774301F13ABA67CC47467;0EC1A1AE523C5753467ABAA2C56AB5208D7B2824A6AAF76E4343B14A831834CF;675ECEA4A45B92773DB93D646CD39B405C8690709B83B65328443708A1D8B940,5117B011D4EC67A797A1EB3D6A70515FA7542337A2E01BBF6A418DED2889EA7C;609780918706BA404B37F9AFB5E94F78473FF830DEEA1AFFE722A5DDD9948427;35ADBC974853D803148AF81D224C7861CFF1CCD7C54B4BDDAF25F8CC22CE785B,1,1,READY_FOR_G9_REFRESH
CUMCM-2017-A-002,derived/scale/papers/CUMCM-2017-A-002,20260905T045418589698Z_557724fba657,2017年数学建模国赛真题+优秀论文/2017年优秀论文/2017A：CT系统参数标定及成像  (5).pdf,60D2FAD35BC8C320AF9A1BACE782AA300B1F57F30105D6BB2311684001B7EC50,MARKER_ONLY_DIAGNOSTIC_OCR_REUSE,G11_MARKER_ONLY_PAGE_LOCAL_FORMAL_BODY,6;8;9;10;11;12;13;14;15;16;17;22,AFA6B3F110AC40647BAA65BBE652C59EB054036816EB213F0A34E9A582BB684C,6F6D3D34F97A43DCAEF36D41BE488C47AB63E4714968E66E53D83219F71D048D,derived/scale/papers/CUMCM-2017-A-002/paper.md;derived/scale/papers/CUMCM-2017-A-002/metadata.yaml;derived/scale/papers/CUMCM-2017-A-002/knowledge_card.md,AFA6B3F110AC40647BAA65BBE652C59EB054036816EB213F0A34E9A582BB684C;22ABE172BA3174E46F5C70BF9EF7B622F6F103EF7B3D04788D8A1F17F05FCB91;F7E2B6E433693F8B3689210311A3A023CE71089F3D204D078A33036B17356781,6F6D3D34F97A43DCAEF36D41BE488C47AB63E4714968E66E53D83219F71D048D;CF16984FDDFB6B460CA04D06C2D5A3BECCD4AC7B6EEDFDDD0D8DADD552C608C4;F48D8434B48B2CFBB127509CCA89B5A9E96762A051320AF9E840AC74110FBD90,1,1,READY_FOR_G9_REFRESH
CUMCM-2017-B-004,derived/scale/papers/CUMCM-2017-B-004,20260905T045418589698Z_557724fba657,2017年数学建模国赛真题+优秀论文/2017年优秀论文/2017B：“拍照赚钱”的任务定价 (6).pdf,D5FF068F7AB3C1568BB42C34C89B699211C32C6401F9DC92141CFCD72391F91F,MARKER_ONLY_DIAGNOSTIC_OCR_REUSE,G11_MARKER_ONLY_PAGE_LOCAL_FORMAL_BODY,25,EE6791AC97E2CA07D964A8A62ABBF6EFBF42C587EEF5BF8FF9BCAB9A54CE95D6,6090435E0FC9CE5D765CA22199B3AC5B47C223045CC2894A83D9BE31341CE2F6,derived/scale/papers/CUMCM-2017-B-004/paper.md;derived/scale/papers/CUMCM-2017-B-004/metadata.yaml;derived/scale/papers/CUMCM-2017-B-004/knowledge_card.md,EE6791AC97E2CA07D964A8A62ABBF6EFBF42C587EEF5BF8FF9BCAB9A54CE95D6;E24FDE4A2FDB2635FFA55EA410231B20A319E02999F24EC3FA80D912EE51A094;102C543458DD4B12AFF48A5BEE36B6BBF127724D7ED84A9EAF1C909810E2DF3A,6090435E0FC9CE5D765CA22199B3AC5B47C223045CC2894A83D9BE31341CE2F6;4DE675CF9FF2ED6757BBE5B799CB56804988E354FD6FB3270E4E23C69F2F4D11;46B2C62B8E32284A4BE251302188F346F534311B5A80FFD02B72A6430488C33A,1,1,READY_FOR_G9_REFRESH
CUMCM-2017-B-005,derived/scale/papers/CUMCM-2017-B-005,20260905T045418589698Z_557724fba657,2017年数学建模国赛真题+优秀论文/2017年优秀论文/2017B：“拍照赚钱”的任务定价 (1).pdf,0399FF482573C91755201A82F9DDC12DBB2039254D51B79C86D33F2E019DF16E,MARKER_ONLY_DIAGNOSTIC_OCR_REUSE,G11_MARKER_ONLY_PAGE_LOCAL_FORMAL_BODY,5;18,C7644040983117DCAE5A47DB122222D8AEFED199FDD5DCA0F19A9BA4E5963FB2,D267816031D0799E96750EBC9FD262F8C49A2E56D442A186078C40A29859D061,derived/scale/papers/CUMCM-2017-B-005/paper.md;derived/scale/papers/CUMCM-2017-B-005/metadata.yaml;derived/scale/papers/CUMCM-2017-B-005/knowledge_card.md,C7644040983117DCAE5A47DB122222D8AEFED199FDD5DCA0F19A9BA4E5963FB2;05C375B0E31809702165A0ED09968BEA7CAF871DA9FC43701A3F2FBCADA416F0;28F123C08A305C9AC0A7D2DEAA27549230AF3A1A990848EF9C9848668732E0BA,D267816031D0799E96750EBC9FD262F8C49A2E56D442A186078C40A29859D061;F7402A6D4CCA28EAF92057CC1A5897E76B3B5C050BF69DFD2FBC195E2820AC55;C01125E33D4789620EA0C9B30BE2AA9E7CA244FACB31E0427E453DB1730EC906,1,1,READY_FOR_G9_REFRESH
CUMCM-2017-B-006,derived/scale/papers/CUMCM-2017-B-006,20260905T045418589698Z_557724fba657,2017年数学建模国赛真题+优秀论文/2017年优秀论文/2017B：“拍照赚钱”的任务定价 (5).pdf,61CDA5C0DD3460DD96D182A5EC8DB098E61A79DF1DED0569A95FDECF6C354209,MARKER_ONLY_DIAGNOSTIC_OCR_REUSE,G11_MARKER_ONLY_PAGE_LOCAL_FORMAL_BODY,33;36;38;39;43,AE636068419ADE22DD75A419D193CAAFC7F98FD2B33C5C81282A3A99FE43DDD2,86823A24C555358151351AD2FF144E44AD8B71CC3FC0019FD16EC32F79BA75E9,derived/scale/papers/CUMCM-2017-B-006/paper.md;derived/scale/papers/CUMCM-2017-B-006/metadata.yaml;derived/scale/papers/CUMCM-2017-B-006/knowledge_card.md,AE636068419ADE22DD75A419D193CAAFC7F98FD2B33C5C81282A3A99FE43DDD2;CE69D79A270024431E8708A033C28852DFF172B31BD6F5C1C54B207A8760A504;292E9DBB19AD95D248B69FE65D25C5DFD1127BCF15DF217AB71834F86C5D9BE1,86823A24C555358151351AD2FF144E44AD8B71CC3FC0019FD16EC32F79BA75E9;FC1DE07A8A0792A84F882795D97BCA6890D0AD4B3D5B930ACDC16401474A2621;0C75A7B1EF5BF556CF8E43498A119841CD762166FE3D3E40A45874FE27E46BFF,1,1,READY_FOR_G9_REFRESH
CUMCM-2017-B-007,derived/scale/papers/CUMCM-2017-B-007,20260905T045418589698Z_557724fba657,2017年数学建模国赛真题+优秀论文/2017年优秀论文/2017B：“拍照赚钱”的任务定价 (4).pdf,3B4C1A41A6B4BCEC27513FE4E07177467B40E773EB43E7B86672B590F7220E9E,MARKER_ONLY_DIAGNOSTIC_OCR_REUSE,G11_MARKER_ONLY_PAGE_LOCAL_FORMAL_BODY,1;11,C17AC07D68CC06EB43B2CC7695B35F11135B8C6A23CAD80E4733D93AF65EA3D3,88018E2D8E0203BD78477DA358882AA2C09C10026659177BC8843E9E1371109A,derived/scale/papers/CUMCM-2017-B-007/paper.md;derived/scale/papers/CUMCM-2017-B-007/metadata.yaml;derived/scale/papers/CUMCM-2017-B-007/knowledge_card.md,C17AC07D68CC06EB43B2CC7695B35F11135B8C6A23CAD80E4733D93AF65EA3D3;9BE6AE0A0385991611E2AD1EDD25CE3452A3FD9239DFCD1F64740D2FD67A9782;5533457B3FE1A03DE74EF3A961E1AD135DE021026170B7D667B90B2F9C7484DC,88018E2D8E0203BD78477DA358882AA2C09C10026659177BC8843E9E1371109A;0A88182FC8934C1E3B072D56E31E538C1B2C01A042B254C3E464624352C6B23B;0AD7A2C768B59BCA5945088ED3C5554234AB0F50B87161F6B29B10ACA58FFC41,1,1,READY_FOR_G9_REFRESH
CUMCM-2017-D-001,derived/scale/papers/CUMCM-2017-D-001,20260905T045418589698Z_557724fba657,2017年数学建模国赛真题+优秀论文/2017年优秀论文/2017D：巡检线路的排班 (2).pdf,2876DA7516A25484B0C09B89235496AA4D5E1D3957AF6D1CF4D8B21C61FAF65B,MARKER_ONLY_DIAGNOSTIC_OCR_REUSE,G11_MARKER_ONLY_PAGE_LOCAL_FORMAL_BODY,20;21;23;25;39;42;43;45,913ADA85CFE16F0446DA2F66F78DB67575C024F34151BF16F02C98ADACAA41C5,9591EFE6851C9BF7B5B50CEBF8106990F7D66CE23D20699F42E0D8A40D6C430B,derived/scale/papers/CUMCM-2017-D-001/paper.md;derived/scale/papers/CUMCM-2017-D-001/metadata.yaml;derived/scale/papers/CUMCM-2017-D-001/knowledge_card.md,913ADA85CFE16F0446DA2F66F78DB67575C024F34151BF16F02C98ADACAA41C5;16A25A55709B93DBC0C18FB671FB5FE024130357276F6FAF89AC128F42033F60;542D37531DE369044552A953E0ED10D840AD70A04B8533DD102F3498A936B3D6,9591EFE6851C9BF7B5B50CEBF8106990F7D66CE23D20699F42E0D8A40D6C430B;1E4F176594219C6FD6245EC3D6D5B03D02EAE8732270A558C531E8E5A03E806C;A7BA4DD13E2823D120F2FC14B045181BC7206AE2C5EEDEA877699C999D304AA6,1,1,READY_FOR_G9_REFRESH
CUMCM-2017-D-003,derived/scale/papers/CUMCM-2017-D-003,20260905T045418589698Z_557724fba657,2017年数学建模国赛真题+优秀论文/2017年优秀论文/2017D：巡检线路的排班 (1).pdf,397CC22AEE381F5E884A61A90FB67C80D4A2FBAE6AB8F317C7C68DC40219BF5E,MARKER_ONLY_DIAGNOSTIC_OCR_REUSE,G11_MARKER_ONLY_PAGE_LOCAL_FORMAL_BODY,18,798419A131B4A76AB46A43428081E8365E98DD6A47A6500D618DC42D7FFEA03A,F8779B61CC13C3C11FED07D5FCF4482B8BF265557B38CC5598E15BC5840CD951,derived/scale/papers/CUMCM-2017-D-003/paper.md;derived/scale/papers/CUMCM-2017-D-003/metadata.yaml;derived/scale/papers/CUMCM-2017-D-003/knowledge_card.md,798419A131B4A76AB46A43428081E8365E98DD6A47A6500D618DC42D7FFEA03A;CA8A7F8C122511B503DFEA3A3CED744FB7348117044135A507EECBF7BDFD73C2;CAF327ED4F41E74335BF5E7F682435593548EC00F758F99C78305BBBF229BDF4,F8779B61CC13C3C11FED07D5FCF4482B8BF265557B38CC5598E15BC5840CD951;C2BB047A1CE898F80D1AAB79AF705BD01A6D1AADDB11017EDE3464C023377D55;BA191C315B7E93975A8190EC7B0383C1F7D0279DEF092D39DFAE8739866D04F9,1,1,READY_FOR_G9_REFRESH
CUMCM-2017-D-004,derived/scale/papers/CUMCM-2017-D-004,20260905T045418589698Z_557724fba657,2017年数学建模国赛真题+优秀论文/2017年优秀论文/2017D：巡检线路的排班 (3).pdf,71AA15F0EA4EE6F196F1F1BBF38C1528C0C0A1E3FB10A917EDBCD291F8B417D9,MARKER_ONLY_DIAGNOSTIC_OCR_REUSE,G11_MARKER_ONLY_PAGE_LOCAL_FORMAL_BODY,26;27;28;29,2A52B4D870A8401529C90E2BCD6F48BAD4EA4D7A4D769475978FDA870A78A1FB,F34345F305E1378FE9DB3EC3FD6F65198A7BB9C3792182E9091FA0996C8E2E6D,derived/scale/papers/CUMCM-2017-D-004/paper.md;derived/scale/papers/CUMCM-2017-D-004/metadata.yaml;derived/scale/papers/CUMCM-2017-D-004/knowledge_card.md,2A52B4D870A8401529C90E2BCD6F48BAD4EA4D7A4D769475978FDA870A78A1FB;59A3F44DF624097399D0C536F3575DA6914F8DEB961FC024E3069D1ED6AEE862;CBDCA661F026207057AA20BF19D3D4BB9CBAB76088B5FEB7D1260DE4C349568E,F34345F305E1378FE9DB3EC3FD6F65198A7BB9C3792182E9091FA0996C8E2E6D;32DC66137CD5567346E4C7880F83E19F28838527F5DF4F39B503456AFEA25688;36C348601C1FA632B3D6CF1E161FD439E820BDD99108AC76D08E743A1D1B0EB9,1,1,READY_FOR_G9_REFRESH
CUMCM-2018-A-001,derived/scale/papers/CUMCM-2018-A-001,20260905T045418589698Z_557724fba657,2018年数学建模国赛真题+优秀论文/2018年优秀论文/2018A：基于非稳态导热的高温作业专用服装设计.pdf,AE162485AC1BF99FC7BC1F2062B19DCA546597111226A5DED5A1EF08D74491A7,MARKER_ONLY_DIAGNOSTIC_OCR_REUSE,G11_MARKER_ONLY_PAGE_LOCAL_FORMAL_BODY,1;2;3;4;5;6;7;8;9;10;11;12;13;14;15;16;17;18;19;20;21;22;23;24;25;26;27;28,7B81F60C64673BF02976FB19BFDC188CDEE3BBD8DEB3E5F3EE1EBFBFCE56229D,C4DF3BCD145CC2C8A3AD15BC445FCD78BCC4FD86E83B55C9D911057BC6FD299A,derived/scale/papers/CUMCM-2018-A-001/paper.md;derived/scale/papers/CUMCM-2018-A-001/metadata.yaml;derived/scale/papers/CUMCM-2018-A-001/knowledge_card.md,7B81F60C64673BF02976FB19BFDC188CDEE3BBD8DEB3E5F3EE1EBFBFCE56229D;88FD322FDE37AF6C947F4D5FF1A74E8A7C0906ABE54BBE27EE4ACD3DB20ED309;F6FBDEDA862F983795B4C439FAD77A4D99BAC64FE9F763CD3750B568AB9D8F0B,C4DF3BCD145CC2C8A3AD15BC445FCD78BCC4FD86E83B55C9D911057BC6FD299A;642863F8975AD3E883C0144E83F8F07391122B3D1AA4AE37DEBAF26D1C16C6D1;D55382028FC00B2792E0DF5A81A3EFEA554CE69A28FD8C8F4AC8F358FC4562C8,1,1,READY_FOR_G9_REFRESH
CUMCM-2018-A-002,derived/scale/papers/CUMCM-2018-A-002,20260905T045418589698Z_557724fba657,2018年数学建模国赛真题+优秀论文/2018年优秀论文/2018A：高温作业专用服装设计.pdf,EEF9B9FB1DCCF67C1DAB44779AD25A7F28C57401162B04473F31D60492337EC3,MARKER_ONLY_DIAGNOSTIC_OCR_REUSE,G11_MARKER_ONLY_PAGE_LOCAL_FORMAL_BODY,1;2;3;4;5;6;7;8;9;10;11;12;13;14;15;16;17;18;19;20;21;22;23;24;25;26;27;28;29;30;31;32;33;34;35;36;37;38;39;40;41;42;43,FC0CE6F93AE95349134AC3D9D9B5C1D0655B331D0AB5FF2278460D6EC256B394,4C14D5CB211478F28B7D0C9F09EC1EA34264946F70210A616282D68B65C490A6,derived/scale/papers/CUMCM-2018-A-002/paper.md;derived/scale/papers/CUMCM-2018-A-002/metadata.yaml;derived/scale/papers/CUMCM-2018-A-002/knowledge_card.md,FC0CE6F93AE95349134AC3D9D9B5C1D0655B331D0AB5FF2278460D6EC256B394;CEAAF0456F88196AAF6021809B086A83BBF332D6EB9C0C2A02F1C6CC1D121739;516B80398C4B422C24DB7A7F395B86BBF35F30297B657E7010B6B91BAFB1939C,4C14D5CB211478F28B7D0C9F09EC1EA34264946F70210A616282D68B65C490A6;597C77E0B58730FE54B78B06B58472E30801FEC395A04728D7B5B298FC576377;6BF813DCACED54DB47ACCDD0526189D3EF74AC909E16B7ADD7A6A9D491E5F4F0,1,1,READY_FOR_G9_REFRESH
CUMCM-2018-A-003,derived/scale/papers/CUMCM-2018-A-003,20260905T045418589698Z_557724fba657,2018年数学建模国赛真题+优秀论文/2018年优秀论文/2018A：基于多原则比较和蒙特卡洛模拟的 RGV 动态调度模型.pdf,FF5FEA82381FC3877F8FEA031CD47426B54759284A9EFE2FBC26873CEE585689,MARKER_ONLY_DIAGNOSTIC_OCR_REUSE,G11_MARKER_ONLY_PAGE_LOCAL_FORMAL_BODY,1;2;3;4;5;6;7;8;9;10;11;12;13;14;15;16;17;18;19;20;21;22;23;24;25;26;27;28;29;30;31;32;33;34;35;36;37;38;39;40;41;42;43;44;45,0A7F87DA0F0FCD1451D51C690DDC0232A780292454C5911A4FE6E816A25C0D29,6EB45F2899E055AF8443A1910846D00E5DF5F39E36B91F2B4C957B0710E47229,derived/scale/papers/CUMCM-2018-A-003/paper.md;derived/scale/papers/CUMCM-2018-A-003/metadata.yaml;derived/scale/papers/CUMCM-2018-A-003/knowledge_card.md,0A7F87DA0F0FCD1451D51C690DDC0232A780292454C5911A4FE6E816A25C0D29;B3D330C8FA20986437D9111D4FB03395FCBC61E2D4CDEA04BE5ECF8393F71137;B3E26C7440021CE5369BC56F40357C58B8E86AE485D630560E9585759E1188BD,6EB45F2899E055AF8443A1910846D00E5DF5F39E36B91F2B4C957B0710E47229;06FA665414E75F5ECD4C3926BA9EFFABB928B130E14956BD62FFB8799F9D315C;581163342E800E817C25421C93E6162362593AC9C0F9A8B586021793E519F267,1,1,READY_FOR_G9_REFRESH
CUMCM-2018-A-005,derived/scale/papers/CUMCM-2018-A-005,20260905T045418589698Z_557724fba657,2018年数学建模国赛真题+优秀论文/2018年优秀论文/2018A：高温作业服设计.pdf,B313A36C2F3D65102850C3BAD2A89262A6BC403D25DBDF6035581E3CF2CAE2AA,MARKER_ONLY_DIAGNOSTIC_OCR_REUSE,G11_MARKER_ONLY_PAGE_LOCAL_FORMAL_BODY,1;2;3;4;5;6;7;8;9;10;11;12;13;14;15;16;17;18;19;20;21;22;23;24;25;26;27;28;29;30;31,C603D33FCDC6A8963EB4D9A5B48E40618F3E8B87F583458474931C9FA4D3C61C,93766B5B0E36E6AE5313A9B562121ED0A4E2A673827879D5C3A538D1CD5C31F2,derived/scale/papers/CUMCM-2018-A-005/paper.md;derived/scale/papers/CUMCM-2018-A-005/metadata.yaml;derived/scale/papers/CUMCM-2018-A-005/knowledge_card.md,C603D33FCDC6A8963EB4D9A5B48E40618F3E8B87F583458474931C9FA4D3C61C;C218C3567FFB6E2A7578FCF3D8D0FA5AD1241FA86873C1C2EE74956C9568A920;949850B09E29F63F1413B3488F1390BCB2DF8A06F2B3D7B2F1C016213959D4A8,93766B5B0E36E6AE5313A9B562121ED0A4E2A673827879D5C3A538D1CD5C31F2;EB22DE5A1E54532D0906ED8033EC2DFBAAFAB303FC6CFE7A53034E030B5A13FB;D862D3246F77BE5089EFFF84C1A8E79F6B22488E33CFE712CB17C3010685892C,1,1,READY_FOR_G9_REFRESH
CUMCM-2018-B-003,derived/scale/papers/CUMCM-2018-B-003,20260905T045418589698Z_557724fba657,2018年数学建模国赛真题+优秀论文/2018年优秀论文/2018B：智能 RGV 的动态调度策略.pdf,225D97F5F63CA088C2F83113F698C454D2AF9846F5BB4F79A6FB53CFE135C8D6,MARKER_ONLY_DIAGNOSTIC_OCR_REUSE,G11_MARKER_ONLY_PAGE_LOCAL_FORMAL_BODY,1;2;3;4;5;6;7;8;9;10;11;12;13;14;15;16;17;18;19;20;21;22;23;24;25;26;27;28;29;30;31;32;33;34;35;36;37;38;39;40;41;42;43;44;45;46;47;48;49;50;51;52;53;54;55;56;57;58;59;60;61;62;63;64;65;66;67;68;69;70;71;72;73;74;75;76;77;78;79;80;81;82;83;84;85;86;87;88;89;90;91;92;93;94;95;96;97;98;99,EFABD5B13320897C7A1A00C53A6733FE6B1AF309AFCAF9BD3BDBC9CACFCE38D7,432182786A2DEE9D97EC413ADDC9555A704F0B38B38C90D9C49522751BDC67F2,derived/scale/papers/CUMCM-2018-B-003/paper.md;derived/scale/papers/CUMCM-2018-B-003/metadata.yaml;derived/scale/papers/CUMCM-2018-B-003/knowledge_card.md,EFABD5B13320897C7A1A00C53A6733FE6B1AF309AFCAF9BD3BDBC9CACFCE38D7;D5BB4EDE544574F044BA27DFAB57AC13420491F1B59C04D87BCEBFFD90CCD66E;E1D3D31609762E75B00E2547E3D154CD1E61253AB3FF198E6E307349D7439364,432182786A2DEE9D97EC413ADDC9555A704F0B38B38C90D9C49522751BDC67F2;86EDE5C3BECB4D989090CFC98AC139D676EF5F429455B94C873E4AFABC8DB419;103AFBF93B7C80FBC8A4E40F28C553FBCDACD0F8D667855561E6FA860F53866E,1,1,READY_FOR_G9_REFRESH
CUMCM-2018-B-004,derived/scale/papers/CUMCM-2018-B-004,20260905T045418589698Z_557724fba657,2018年数学建模国赛真题+优秀论文/2018年优秀论文/2018B：基于 0-1 规划的单 RGV 动态调度模型.pdf,FE929769CD2910351FF17517E814D2F238D45CA08A261CA9FAE9425C8791CC30,MARKER_ONLY_DIAGNOSTIC_OCR_REUSE,G11_MARKER_ONLY_PAGE_LOCAL_FORMAL_BODY,1;2;3;4;5;6;7;8;9;10;11;12;13;14;15;16;17;18;19;20;21;22;23;24;25;26;27;28;29;30;31;32;33;34;35;36;37;38;39;40;41;42;43;44;45;46;47;48;49;50;51;52;53;54;55;56,BDFE652E4DAF669C02DD8A230062040372F7FE46C0B541D261E1D830A6389A5F,1668C903DD6062B1533B63C475F57ECE2C55F57B028375B393AACD8A4F71049D,derived/scale/papers/CUMCM-2018-B-004/paper.md;derived/scale/papers/CUMCM-2018-B-004/metadata.yaml;derived/scale/papers/CUMCM-2018-B-004/knowledge_card.md,BDFE652E4DAF669C02DD8A230062040372F7FE46C0B541D261E1D830A6389A5F;3A55398DC437B8FDBC1F568804FBD63B2B7A789417755491B817247595E0D3D6;B3EFF6E78926ACFAA7E4B7698B4DB2696894A550647D704EB8F210AE2ADEEE26,1668C903DD6062B1533B63C475F57ECE2C55F57B028375B393AACD8A4F71049D;2AC11A89C3780053BC64C138CC39DBE26AF1EC646B63C0CC75898B70447FC8D6;608D8E7068717AD2DC91AE1DC295A3CC3FCD1200CF43DB31FE40419419C9B669,1,1,READY_FOR_G9_REFRESH
CUMCM-2018-C-002,derived/scale/papers/CUMCM-2018-C-002,20260905T045418589698Z_557724fba657,2018年数学建模国赛真题+优秀论文/2018年优秀论文/2018C：大型百货商场会员画像描述.pdf,13F2064CB213F797F83BBA49F19EC22DCA83F1924B51D7AF4EC0A1759C74BF24,MARKER_ONLY_DIAGNOSTIC_OCR_REUSE,G11_MARKER_ONLY_PAGE_LOCAL_FORMAL_BODY,1;2;3;4;5;6;7;8;9;10;11;12;13;14;15,2DF3EA63A1E4C006F318187DD9AF70A89087EF7786A5332F190F6B65FC1600DF,B7BF41A9F0C6A43F87C01ED3DA8CFC056FA13FBA108A54FF96EF8FE89BB14C80,derived/scale/papers/CUMCM-2018-C-002/paper.md;derived/scale/papers/CUMCM-2018-C-002/metadata.yaml;derived/scale/papers/CUMCM-2018-C-002/knowledge_card.md,2DF3EA63A1E4C006F318187DD9AF70A89087EF7786A5332F190F6B65FC1600DF;D1DD889E7B9B748A61814A29CB538CF72019FC93F23EBDAD6FA7415B014026B0;16EF94BFE3061F7DD4B1FE1C9D793FE4192B0DF99E1BBA47723334F6584ABA77,B7BF41A9F0C6A43F87C01ED3DA8CFC056FA13FBA108A54FF96EF8FE89BB14C80;25A78882BD9220B0FEBDBCDBFD30850CF4BB78E82857A8CCEECDA5807F3B25F7;90B0DE70753CA84461D5FD02B2AED74EDC137C7E2C7331AE209D004057879309,1,1,READY_FOR_G9_REFRESH
CUMCM-2018-C-003,derived/scale/papers/CUMCM-2018-C-003,20260905T045418589698Z_557724fba657,2018年数学建模国赛真题+优秀论文/2018年优秀论文/2018C：基于 RFMT 模型的百货商场会员画像描绘.pdf,8C8AD6F12EB321A51291EC8616EC087A765BB177057B0EB4D0F7B7FE1C0032CE,MARKER_ONLY_DIAGNOSTIC_OCR_REUSE,G11_MARKER_ONLY_PAGE_LOCAL_FORMAL_BODY,1;2;3;4;5;6;7;8;9;10;11;12;13;14;15;16;17;18;19;20;21;22;23;24;25;26;27,91909AF98ACD1C70122CAFB384AB8E68F927C0A2D3D0A97B3203A72B01315F36,CDF42CF17B83B03AD8B464513059868650A1FD0E523E990694A00476A27CA5C2,derived/scale/papers/CUMCM-2018-C-003/paper.md;derived/scale/papers/CUMCM-2018-C-003/metadata.yaml;derived/scale/papers/CUMCM-2018-C-003/knowledge_card.md,91909AF98ACD1C70122CAFB384AB8E68F927C0A2D3D0A97B3203A72B01315F36;C2335BE4F21FDFB8232A7400771722B1F0BF38A48335CAF49D4AADCECF20ED6D;9BD9F1FCB05D18875153828A9E234B500AB35581D3542DA938B3E2227C50DCCD,CDF42CF17B83B03AD8B464513059868650A1FD0E523E990694A00476A27CA5C2;5EB4DBAC5B61A3ACED8ED890221C223C1D1AFE7F4CBD90EA2D9D5067887CA13F;5CEAE57955E717C9AA7EFE69082401126010AF0D3D81840A586513C25BD74C83,1,1,READY_FOR_G9_REFRESH
CUMCM-2018-D-002,derived/scale/papers/CUMCM-2018-D-002,20260905T045418589698Z_557724fba657,2018年数学建模国赛真题+优秀论文/2018年优秀论文/2018D：确定汽车装配顺序问题的算法.pdf,6C59EBD3A2E07B948865071E545E26B1CA5985CD2D41249E10DB390268F4A378,MARKER_ONLY_DIAGNOSTIC_OCR_REUSE,G11_MARKER_ONLY_PAGE_LOCAL_FORMAL_BODY,1;2;3;4;5;6;7;8;9;10;11;12;13;14;15;16;17;18;19;20;21;22;23;24;25;26;27;28;29;30;31;32;33;34;35;36;37;38;39;40;41;42;43;44;45;46;47;48;49;50;51;52;53;54;55;56;57;58;59;60;61,E7A05FA95E6CB257EE749AB40ECCE81AF6322DE5734504AC42F7E8460C77ADCC,F8BD0FBB7DC8D141D5D7F6AB16DC50FAB1B7FA1C40FD2C320990661732338860,derived/scale/papers/CUMCM-2018-D-002/paper.md;derived/scale/papers/CUMCM-2018-D-002/metadata.yaml;derived/scale/papers/CUMCM-2018-D-002/knowledge_card.md,E7A05FA95E6CB257EE749AB40ECCE81AF6322DE5734504AC42F7E8460C77ADCC;B199ADC9D0131CAD7AD21E520A2F95AA9BE9AD323620168BD124CD5EB5FA33D8;5C7290FAAF8143B90AC7B673681BD68359B150601009C9F94C09D87D3D1646C6,F8BD0FBB7DC8D141D5D7F6AB16DC50FAB1B7FA1C40FD2C320990661732338860;01A5F39FE0DEA1791ECF2A3E8925FF0C3E8B3E87BF12036B3412382A7817180F;039CC1DC96ABDA05F9A7EB5E8AA9235A21EB138CC0826A92F5A3BEE874B20FB3,1,1,READY_FOR_G9_REFRESH
CUMCM-2018-D-003,derived/scale/papers/CUMCM-2018-D-003,20260905T045418589698Z_557724fba657,2018年数学建模国赛真题+优秀论文/2018年优秀论文/2018D：汽车总装线配置方案.pdf,C0E72628B5A316E06775A381F15293B26D0888D5676F16BC17FB051E5307E992,MARKER_ONLY_DIAGNOSTIC_OCR_REUSE,G11_MARKER_ONLY_PAGE_LOCAL_FORMAL_BODY,1;2;3;4;5;6;7;8;9;10;11;12;13;14;15;16;17;18;19;20;21;22;23;24;25;26;27;28,7B81F60C64673BF02976FB19BFDC188CDEE3BBD8DEB3E5F3EE1EBFBFCE56229D,C3B69FE5A5582671EDDD6EC1907FE781D66BAFD8E939C857DF4558313160090F,derived/scale/papers/CUMCM-2018-D-003/paper.md;derived/scale/papers/CUMCM-2018-D-003/metadata.yaml;derived/scale/papers/CUMCM-2018-D-003/knowledge_card.md,7B81F60C64673BF02976FB19BFDC188CDEE3BBD8DEB3E5F3EE1EBFBFCE56229D;1B026AC31CBC07FC1FD225381B1DAF858F207D6DC936A4387668AE2EA5D79436;9567A4A9821BFDE85B3D9C0B0C388BF4DF78A6E557ED3EEB112E511DCD95D309,C3B69FE5A5582671EDDD6EC1907FE781D66BAFD8E939C857DF4558313160090F;E878910F3BB6B47152124CEE81F05BAE9CF8120DD2F0CB91233D39F5AFBA6F3D;A6CD9D722E3C9810F63DB73216B19CC1F6A1FF7073C42417407C2E25E75151B5,1,1,READY_FOR_G9_REFRESH
CUMCM-2020-D-003,derived/scale/papers/CUMCM-2020-D-003,20260905T045418589698Z_557724fba657,2020年数学建模国赛真题+优秀论文/2020年优秀论文/2020D：接触式轮廓仪的自动标注数学模型研究.pdf,F8167387022E46E54EA04C371F75ADCF587FFD4E72C300BEB3798588C3E826A9,Q3_SELECTIVE_PAGE_OCR_REPAIR,Q3_OCR_PAGE,1;68;135,90CA9CFE4E538A72291F2133FDF3A1B289BC8F88EC983F7DA9BB458BB1D7F559,90CA9CFE4E538A72291F2133FDF3A1B289BC8F88EC983F7DA9BB458BB1D7F559,derived/scale/papers/CUMCM-2020-D-003/paper.md;derived/scale/papers/CUMCM-2020-D-003/metadata.yaml;derived/scale/papers/CUMCM-2020-D-003/knowledge_card.md,90CA9CFE4E538A72291F2133FDF3A1B289BC8F88EC983F7DA9BB458BB1D7F559;E916517B707906C7DA6DA51B9B73C1F309B8841B5D4B9212E0960721CB139678;2F0A0B201AD159D6F809A9B9A811E3E6420C037561CC6F74A2E76AA635F97E61,90CA9CFE4E538A72291F2133FDF3A1B289BC8F88EC983F7DA9BB458BB1D7F559;8EE1DC10B5AFC4854078919EC48F2B5DE490C61E2A24E6A9C4F0E7EAD71FA708;C65B6E851A0FA5D9A49A416F25C794BFA8B2AE2BA9920395BE3CBC0AE5DFC6CB,1,1,READY_FOR_G9_REFRESH
