paper_id,artifact_type,artifact_path,artifact_sha256,subject_type,artifact_eligible,quality,source_map_version,extraction_contract_version,status
CUMCM-1992-A-001,knowledge_card.md,derived/scale/papers/CUMCM-1992-A-001/knowledge_card.md,6B9411329D77B34EC06E11C1B72FD54C334081F0AEF5B3EB973F5C48A04A2B3A,PAPER,1,Q0,g8_file_source_map.csv,1,PASS
CUMCM-1992-A-001,metadata.yaml,derived/scale/papers/CUMCM-1992-A-001/metadata.yaml,2773A4254A5290E79E12EB65618D35021DED2C5DE982EF176CD68AF582C2CD4C,PAPER,1,Q0,g8_file_source_map.csv,1,PASS
CUMCM-1992-A-001,paper.md,derived/scale/papers/CUMCM-1992-A-001/paper.md,6D45B274DAC003D8F877953199BDDA67DE1BB71644F115208DB1E8E34A9CB7C2,PAPER,1,Q0,g8_file_source_map.csv,1,PASS
CUMCM-1992-A-002,knowledge_card.md,derived/scale/papers/CUMCM-1992-A-002/knowledge_card.md,D446B23845084B70A7D688F0EDD4BAE92C03023E930E2D18D560D9C20B61CB83,PAPER,1,Q0,g8_file_source_map.csv,1,PASS
CUMCM-1992-A-002,metadata.yaml,derived/scale/papers/CUMCM-1992-A-002/metadata.yaml,063EADE190C2DE02A583B256C000A159A7CC7E962C24444C7A971E62115C742A,PAPER,1,Q0,g8_file_source_map.csv,1,PASS
CUMCM-1992-A-002,paper.md,derived/scale/papers/CUMCM-1992-A-002/paper.md,3556B4100929F4D56319AA760B104EE0CA947F3D5B03F13F7A0DF601179225BE,PAPER,1,Q0,g8_file_source_map.csv,1,PASS
CUMCM-1992-A-003,knowledge_card.md,derived/scale/papers/CUMCM-1992-A-003/knowledge_card.md,83B7793FA64668294E4F6C940B2C0558A9AE36CE6B7F83F66F66151EB4F8944D,PAPER,1,Q0,g8_file_source_map.csv,1,PASS
CUMCM-1992-A-003,metadata.yaml,derived/scale/papers/CUMCM-1992-A-003/metadata.yaml,FC84A5087668D2840A31204F479CD82421B19371D1241CCA6C9EF5BA1521D388,PAPER,1,Q0,g8_file_source_map.csv,1,PASS
CUMCM-1992-A-003,paper.md,derived/scale/papers/CUMCM-1992-A-003/paper.md,1D9182549363CD07A8F3D657C2AD60D5197D3991577AD22ACB1BFC0A2C456E59,PAPER,1,Q0,g8_file_source_map.csv,1,PASS
CUMCM-1992-B-001,knowledge_card.md,derived/scale/papers/CUMCM-1992-B-001/knowledge_card.md,91D28CC35E5F8E17F97D118E90F44955BB3D344D574CDE944094F90FDAFE2660,PAPER,1,Q0,g8_file_source_map.csv,1,PASS
CUMCM-1992-B-001,metadata.yaml,derived/scale/papers/CUMCM-1992-B-001/metadata.yaml,93B12BB8E8769923C76875B9FD3CD1B1519EEF883A697653F68F584FF7B9730F,PAPER,1,Q0,g8_file_source_map.csv,1,PASS
CUMCM-1992-B-001,paper.md,derived/scale/papers/CUMCM-1992-B-001/paper.md,96063CBA314A4F2CBA5DBE2319045D111F6D07789F83372C519D124C7AA4C1B2,PAPER,1,Q0,g8_file_source_map.csv,1,PASS
CUMCM-1992-B-002,knowledge_card.md,derived/scale/papers/CUMCM-1992-B-002/knowledge_card.md,3F0AD73759D2C95324492FBB7960F3E6A0BC40A89D154E9F8DFED0E2A3759CC4,PAPER,1,Q0,g8_file_source_map.csv,1,PASS
CUMCM-1992-B-002,metadata.yaml,derived/scale/papers/CUMCM-1992-B-002/metadata.yaml,E35ECA780AFE24C15F5FA54827463D58E5E2FA9B1576C8DF6E2814CDE43CC194,PAPER,1,Q0,g8_file_source_map.csv,1,PASS
CUMCM-1992-B-002,paper.md,derived/scale/papers/CUMCM-1992-B-002/paper.md,1C2FC324063A906FF208763D2826E0A769B059290333B0542241C22CD9C91DE8,PAPER,1,Q0,g8_file_source_map.csv,1,PASS
CUMCM-1993-B-001,knowledge_card.md,derived/scale/papers/CUMCM-1993-B-001/knowledge_card.md,2BAD501084A2859486F5C61E68E0E25D49B1969DE58542335581323EE3F87C56,PAPER,1,Q0,g8_file_source_map.csv,1,PASS
CUMCM-1993-B-001,metadata.yaml,derived/scale/papers/CUMCM-1993-B-001/metadata.yaml,C795F1371E5EBFB9546FC7E689B24326B1DA3E9D9856350CCE061A0080D44723,PAPER,1,Q0,g8_file_source_map.csv,1,PASS
CUMCM-1993-B-001,paper.md,derived/scale/papers/CUMCM-1993-B-001/paper.md,96063CBA314A4F2CBA5DBE2319045D111F6D07789F83372C519D124C7AA4C1B2,PAPER,1,Q0,g8_file_source_map.csv,1,PASS
CUMCM-1996-B-001,knowledge_card.md,derived/scale/papers/CUMCM-1996-B-001/knowledge_card.md,D7A04AB3DC919E33562FF156C2C11B160CC9B6B8EE42F6A4B96AE9284217A869,PAPER,1,Q0,g8_file_source_map.csv,1,PASS
CUMCM-1996-B-001,metadata.yaml,derived/scale/papers/CUMCM-1996-B-001/metadata.yaml,F3A6103C25336756BD6465585E9610D55892EDA2D072EE642AFBD777558F72A2,PAPER,1,Q0,g8_file_source_map.csv,1,PASS
CUMCM-1996-B-001,paper.md,derived/scale/papers/CUMCM-1996-B-001/paper.md,1D9182549363CD07A8F3D657C2AD60D5197D3991577AD22ACB1BFC0A2C456E59,PAPER,1,Q0,g8_file_source_map.csv,1,PASS
CUMCM-1996-B-003,knowledge_card.md,derived/scale/papers/CUMCM-1996-B-003/knowledge_card.md,A3DF066B74B81310C316C181A3D7E0203A9A45B80CFFF0329B44AA6364D8F2DA,PAPER,1,Q0,g8_file_source_map.csv,1,PASS
CUMCM-1996-B-003,metadata.yaml,derived/scale/papers/CUMCM-1996-B-003/metadata.yaml,2A06CDABCA76F8D15FC639A2F4ACD38A4BDB8F81B3FC418937F6605E4B982231,PAPER,1,Q0,g8_file_source_map.csv,1,PASS
CUMCM-1996-B-003,paper.md,derived/scale/papers/CUMCM-1996-B-003/paper.md,747914D495F481AEA94B89B6481B5B807695DFAC4C1C281DE639E2F58A4F0997,PAPER,1,Q0,g8_file_source_map.csv,1,PASS
CUMCM-1997-A-008,knowledge_card.md,derived/scale/papers/CUMCM-1997-A-008/knowledge_card.md,659816B33678CDE1DAA547E28B4F852C60806C840B97BC1C50422ED841542463,PAPER,1,Q0,g8_file_source_map.csv,1,PASS
CUMCM-1997-A-008,metadata.yaml,derived/scale/papers/CUMCM-1997-A-008/metadata.yaml,A454BA4E5ACF8B22601987B069178023F8A8024C99EA479593EBDA2F690883A4,PAPER,1,Q0,g8_file_source_map.csv,1,PASS
CUMCM-1997-A-008,paper.md,derived/scale/papers/CUMCM-1997-A-008/paper.md,1D9182549363CD07A8F3D657C2AD60D5197D3991577AD22ACB1BFC0A2C456E59,PAPER,1,Q0,g8_file_source_map.csv,1,PASS
CUMCM-1997-A-009,knowledge_card.md,derived/scale/papers/CUMCM-1997-A-009/knowledge_card.md,322B3D882689646F06E4953E0EFBAE6197DBF1BE075EAE76429D9341AFDCDD6C,PAPER,1,Q0,g8_file_source_map.csv,1,PASS
CUMCM-1997-A-009,metadata.yaml,derived/scale/papers/CUMCM-1997-A-009/metadata.yaml,62F66090FE77986ED17BEC0E33A6E40FD34DABD561FF05FD6D821B9DF09777B9,PAPER,1,Q0,g8_file_source_map.csv,1,PASS
CUMCM-1997-A-009,paper.md,derived/scale/papers/CUMCM-1997-A-009/paper.md,1D9182549363CD07A8F3D657C2AD60D5197D3991577AD22ACB1BFC0A2C456E59,PAPER,1,Q0,g8_file_source_map.csv,1,PASS
CUMCM-1997-B-004,knowledge_card.md,derived/scale/papers/CUMCM-1997-B-004/knowledge_card.md,761508BF2E7C3A74D60EF139C11B4D4AA0C4AD9C794A67258C1192BFACDF92B2,PAPER,1,Q0,g8_file_source_map.csv,1,PASS
CUMCM-1997-B-004,metadata.yaml,derived/scale/papers/CUMCM-1997-B-004/metadata.yaml,22520813361D3AA686E2C28C770B63DB74EDF74750AD4746EE7A6524B3B058B2,PAPER,1,Q0,g8_file_source_map.csv,1,PASS
CUMCM-1997-B-004,paper.md,derived/scale/papers/CUMCM-1997-B-004/paper.md,3556B4100929F4D56319AA760B104EE0CA947F3D5B03F13F7A0DF601179225BE,PAPER,1,Q0,g8_file_source_map.csv,1,PASS
CUMCM-1997-B-007,knowledge_card.md,derived/scale/papers/CUMCM-1997-B-007/knowledge_card.md,7C4DB6B62E2E3CEBBE8058EDC7A1E2D76E74F3D2E5C4D1ACE1B941EB77A42A4E,PAPER,1,Q0,g8_file_source_map.csv,1,PASS
CUMCM-1997-B-007,metadata.yaml,derived/scale/papers/CUMCM-1997-B-007/metadata.yaml,E15FE9026FDC97197CFDF081121F3AF937DAB610FFFF816048DBB017DF97CAE6,PAPER,1,Q0,g8_file_source_map.csv,1,PASS
CUMCM-1997-B-007,paper.md,derived/scale/papers/CUMCM-1997-B-007/paper.md,3556B4100929F4D56319AA760B104EE0CA947F3D5B03F13F7A0DF601179225BE,PAPER,1,Q0,g8_file_source_map.csv,1,PASS
CUMCM-1998-A-001,knowledge_card.md,derived/scale/papers/CUMCM-1998-A-001/knowledge_card.md,03E378ABFD26572CEEAB3983E7EB0A1DC18ACC764CBFD41030DB870EBF97DE80,PAPER,1,Q0,g8_file_source_map.csv,1,PASS
CUMCM-1998-A-001,metadata.yaml,derived/scale/papers/CUMCM-1998-A-001/metadata.yaml,048578CE384E328507C22FA67AA712811355EE98EBD9DA53C7111A8F987BB936,PAPER,1,Q0,g8_file_source_map.csv,1,PASS
CUMCM-1998-A-001,paper.md,derived/scale/papers/CUMCM-1998-A-001/paper.md,96063CBA314A4F2CBA5DBE2319045D111F6D07789F83372C519D124C7AA4C1B2,PAPER,1,Q0,g8_file_source_map.csv,1,PASS
CUMCM-1998-A-005,knowledge_card.md,derived/scale/papers/CUMCM-1998-A-005/knowledge_card.md,FA15AD6E33A8806E5913588B69AB486659936B9E9EDBC85B04174C16523574F4,PAPER,1,Q0,g8_file_source_map.csv,1,PASS
CUMCM-1998-A-005,metadata.yaml,derived/scale/papers/CUMCM-1998-A-005/metadata.yaml,D48B85541435F4EF9700DD9170EF2C754D79B7419FC5F1F3F36BFD0A97CE8608,PAPER,1,Q0,g8_file_source_map.csv,1,PASS
CUMCM-1998-A-005,paper.md,derived/scale/papers/CUMCM-1998-A-005/paper.md,1D9182549363CD07A8F3D657C2AD60D5197D3991577AD22ACB1BFC0A2C456E59,PAPER,1,Q0,g8_file_source_map.csv,1,PASS
CUMCM-1998-A-007,knowledge_card.md,derived/scale/papers/CUMCM-1998-A-007/knowledge_card.md,FCF2ACC52F294DD1541E2A674F01A86E3F440AD4E48CE652754EB7D987E17128,PAPER,1,Q0,g8_file_source_map.csv,1,PASS
CUMCM-1998-A-007,metadata.yaml,derived/scale/papers/CUMCM-1998-A-007/metadata.yaml,2051DDDD8F24CF4B5F6972C5ABD6C28694488E2F8AF25B84065EB46C9F8E2242,PAPER,1,Q0,g8_file_source_map.csv,1,PASS
CUMCM-1998-A-007,paper.md,derived/scale/papers/CUMCM-1998-A-007/paper.md,1D9182549363CD07A8F3D657C2AD60D5197D3991577AD22ACB1BFC0A2C456E59,PAPER,1,Q0,g8_file_source_map.csv,1,PASS
CUMCM-1998-A-008,knowledge_card.md,derived/scale/papers/CUMCM-1998-A-008/knowledge_card.md,6640E38AA648E19AB5F6A5B2B0E31D9C1E953018EBF1E63D41B35BED3CBB23C2,PAPER,1,Q0,g8_file_source_map.csv,1,PASS
CUMCM-1998-A-008,metadata.yaml,derived/scale/papers/CUMCM-1998-A-008/metadata.yaml,6A15C790D0C89CA55E68BD6CC38F7CD8413C3CE597A19CAD74175CC5E5F63341,PAPER,1,Q0,g8_file_source_map.csv,1,PASS
CUMCM-1998-A-008,paper.md,derived/scale/papers/CUMCM-1998-A-008/paper.md,747914D495F481AEA94B89B6481B5B807695DFAC4C1C281DE639E2F58A4F0997,PAPER,1,Q0,g8_file_source_map.csv,1,PASS
CUMCM-1998-B-001,knowledge_card.md,derived/scale/papers/CUMCM-1998-B-001/knowledge_card.md,3C9CC2BEAF21C98A3956E29EACD80BEF48BCC5AD6E0472566E4763A1CAC3E915,PAPER,1,Q0,g8_file_source_map.csv,1,PASS
CUMCM-1998-B-001,metadata.yaml,derived/scale/papers/CUMCM-1998-B-001/metadata.yaml,02F2F375C48EDFBC8CE8B1F29381EC609CD2D56410C4BCC6C6851BF98CFD8DAC,PAPER,1,Q0,g8_file_source_map.csv,1,PASS
CUMCM-1998-B-001,paper.md,derived/scale/papers/CUMCM-1998-B-001/paper.md,845EAC42B8D7C797245E742A556F6F7B87F8594979C758FB43031CD6D48DB563,PAPER,1,Q0,g8_file_source_map.csv,1,PASS
CUMCM-1998-B-002,knowledge_card.md,derived/scale/papers/CUMCM-1998-B-002/knowledge_card.md,AF87601A37D68E7452D1A8B641B8299A9FC95358C639980FE25904A1A1E68BDB,PAPER,1,Q0,g8_file_source_map.csv,1,PASS
CUMCM-1998-B-002,metadata.yaml,derived/scale/papers/CUMCM-1998-B-002/metadata.yaml,B1CB439FE5CFE23C5854F701CF13E8D7B7E03D9C9850E43101ECFBDEC0A905FD,PAPER,1,Q0,g8_file_source_map.csv,1,PASS
CUMCM-1998-B-002,paper.md,derived/scale/papers/CUMCM-1998-B-002/paper.md,747914D495F481AEA94B89B6481B5B807695DFAC4C1C281DE639E2F58A4F0997,PAPER,1,Q0,g8_file_source_map.csv,1,PASS
CUMCM-1998-B-003,knowledge_card.md,derived/scale/papers/CUMCM-1998-B-003/knowledge_card.md,9D6626C93A4D6F199168F67ABB8C2C723B06724325E8778BA237BCD4D7653A6A,PAPER,1,Q0,g8_file_source_map.csv,1,PASS
CUMCM-1998-B-003,metadata.yaml,derived/scale/papers/CUMCM-1998-B-003/metadata.yaml,5B87869AA534EBE33A985C6DBD85E6F7F2AE7CDCA2159E1DD558563F0D3D7659,PAPER,1,Q0,g8_file_source_map.csv,1,PASS
CUMCM-1998-B-003,paper.md,derived/scale/papers/CUMCM-1998-B-003/paper.md,1D9182549363CD07A8F3D657C2AD60D5197D3991577AD22ACB1BFC0A2C456E59,PAPER,1,Q0,g8_file_source_map.csv,1,PASS
CUMCM-1998-B-004,knowledge_card.md,derived/scale/papers/CUMCM-1998-B-004/knowledge_card.md,CB3F8C91CFC85F20ACA647E36B52B00CD9B725FB2EFC65F9E5ABCFA3EE0D6869,PAPER,1,Q0,g8_file_source_map.csv,1,PASS
CUMCM-1998-B-004,metadata.yaml,derived/scale/papers/CUMCM-1998-B-004/metadata.yaml,E988437BC9B604EC859E302A76AFEAC8E895AC994EF63E4A5DAD414EE234A059,PAPER,1,Q0,g8_file_source_map.csv,1,PASS
CUMCM-1998-B-004,paper.md,derived/scale/papers/CUMCM-1998-B-004/paper.md,3556B4100929F4D56319AA760B104EE0CA947F3D5B03F13F7A0DF601179225BE,PAPER,1,Q0,g8_file_source_map.csv,1,PASS
CUMCM-1998-B-005,knowledge_card.md,derived/scale/papers/CUMCM-1998-B-005/knowledge_card.md,5E7D71B08F9F36C003517FE8B67CAD82B74CB53A9981DBC2F56AC9427AADBA3E,PAPER,1,Q0,g8_file_source_map.csv,1,PASS
CUMCM-1998-B-005,metadata.yaml,derived/scale/papers/CUMCM-1998-B-005/metadata.yaml,214096323BCC5DBCD932D72C847AB84DD0ACE3E52B8738CBFDE1E12B553714D5,PAPER,1,Q0,g8_file_source_map.csv,1,PASS
CUMCM-1998-B-005,paper.md,derived/scale/papers/CUMCM-1998-B-005/paper.md,D2C2B9A9C3053CBA6E8268335CA5BE7D0214F512AC81C7C8AE6302E692F1088E,PAPER,1,Q0,g8_file_source_map.csv,1,PASS
CUMCM-1998-B-006,knowledge_card.md,derived/scale/papers/CUMCM-1998-B-006/knowledge_card.md,04D89491A6E2A388823FD929653B115645C3BD1A0DED17E7F686D061A4267D7D,PAPER,1,Q0,g8_file_source_map.csv,1,PASS
CUMCM-1998-B-006,metadata.yaml,derived/scale/papers/CUMCM-1998-B-006/metadata.yaml,BD0FBCFA5F14FB94C9A25C353D31592B01B081BFFD6BD93DA866B409DCA13BA2,PAPER,1,Q0,g8_file_source_map.csv,1,PASS
CUMCM-1998-B-006,paper.md,derived/scale/papers/CUMCM-1998-B-006/paper.md,6D45B274DAC003D8F877953199BDDA67DE1BB71644F115208DB1E8E34A9CB7C2,PAPER,1,Q0,g8_file_source_map.csv,1,PASS
CUMCM-1999-A-001,knowledge_card.md,derived/scale/papers/CUMCM-1999-A-001/knowledge_card.md,5AB544B3596AA16F051100E16B41FF3060E4E3BDECC5F72575986E71FC8F32D2,PAPER,1,Q0,g8_file_source_map.csv,1,PASS
CUMCM-1999-A-001,metadata.yaml,derived/scale/papers/CUMCM-1999-A-001/metadata.yaml,6B1AF5C9C1279F1A9825A3B2A13FF83F557A4D3B59EE0110CF219989FB4EF0C6,PAPER,1,Q0,g8_file_source_map.csv,1,PASS
CUMCM-1999-A-001,paper.md,derived/scale/papers/CUMCM-1999-A-001/paper.md,747914D495F481AEA94B89B6481B5B807695DFAC4C1C281DE639E2F58A4F0997,PAPER,1,Q0,g8_file_source_map.csv,1,PASS
CUMCM-1999-A-002,knowledge_card.md,derived/scale/papers/CUMCM-1999-A-002/knowledge_card.md,92C70E0E4FF621859423D524DBE21D75D9911F91B80A0E90040EE7240BD6FCD1,PAPER,1,Q0,g8_file_source_map.csv,1,PASS
CUMCM-1999-A-002,metadata.yaml,derived/scale/papers/CUMCM-1999-A-002/metadata.yaml,13924F1A56CFFE573CE4EDAE7677232169EFF7DD316E9816DBF5BCB11C50B6E0,PAPER,1,Q0,g8_file_source_map.csv,1,PASS
CUMCM-1999-A-002,paper.md,derived/scale/papers/CUMCM-1999-A-002/paper.md,3556B4100929F4D56319AA760B104EE0CA947F3D5B03F13F7A0DF601179225BE,PAPER,1,Q0,g8_file_source_map.csv,1,PASS
CUMCM-1999-A-003,knowledge_card.md,derived/scale/papers/CUMCM-1999-A-003/knowledge_card.md,3B06B8E459504CE20C1DE90CEA0CACF0D47271F2435F786DDCBAC89FB6A604EA,PAPER,1,Q0,g8_file_source_map.csv,1,PASS
CUMCM-1999-A-003,metadata.yaml,derived/scale/papers/CUMCM-1999-A-003/metadata.yaml,005A0B615AEEA629A057A340EBFD51FAF11CA0728E1D0DEF1B691C0B31A8431F,PAPER,1,Q0,g8_file_source_map.csv,1,PASS
CUMCM-1999-A-003,paper.md,derived/scale/papers/CUMCM-1999-A-003/paper.md,3556B4100929F4D56319AA760B104EE0CA947F3D5B03F13F7A0DF601179225BE,PAPER,1,Q0,g8_file_source_map.csv,1,PASS
CUMCM-1999-A-004,knowledge_card.md,derived/scale/papers/CUMCM-1999-A-004/knowledge_card.md,78CB90FFA1BD466A742B5D5172FCC5BF1E663446C27C69F49CAC7C71D606617F,PAPER,1,Q0,g8_file_source_map.csv,1,PASS
CUMCM-1999-A-004,metadata.yaml,derived/scale/papers/CUMCM-1999-A-004/metadata.yaml,8DF7F4A4F72D16AD563D148ACEC7AA5C008DF88071B62568D4CBA30CBC95460F,PAPER,1,Q0,g8_file_source_map.csv,1,PASS
CUMCM-1999-A-004,paper.md,derived/scale/papers/CUMCM-1999-A-004/paper.md,1D9182549363CD07A8F3D657C2AD60D5197D3991577AD22ACB1BFC0A2C456E59,PAPER,1,Q0,g8_file_source_map.csv,1,PASS
CUMCM-1999-A-005,knowledge_card.md,derived/scale/papers/CUMCM-1999-A-005/knowledge_card.md,9651CBA506AD53676636BCAB0F55CCFACA5670924DE4CE55C03466567A0DC19C,PAPER,1,Q0,g8_file_source_map.csv,1,PASS
CUMCM-1999-A-005,metadata.yaml,derived/scale/papers/CUMCM-1999-A-005/metadata.yaml,FE501F796A11FE65FEAF94BC4ED6A04A1119E630234C74ACD7D48C013614BEB6,PAPER,1,Q0,g8_file_source_map.csv,1,PASS
CUMCM-1999-A-005,paper.md,derived/scale/papers/CUMCM-1999-A-005/paper.md,3556B4100929F4D56319AA760B104EE0CA947F3D5B03F13F7A0DF601179225BE,PAPER,1,Q0,g8_file_source_map.csv,1,PASS
CUMCM-1999-A-006,knowledge_card.md,derived/scale/papers/CUMCM-1999-A-006/knowledge_card.md,BC83413181D4BFF0E031357DB30D5502F38E3E1A6ED9FEF8AEB13FDF5D599978,PAPER,1,Q0,g8_file_source_map.csv,1,PASS
CUMCM-1999-A-006,metadata.yaml,derived/scale/papers/CUMCM-1999-A-006/metadata.yaml,A18A057E8A4CAB21394DEC1AFF08778074290E27CAB2B074FC969EBAD5BBA588,PAPER,1,Q0,g8_file_source_map.csv,1,PASS
CUMCM-1999-A-006,paper.md,derived/scale/papers/CUMCM-1999-A-006/paper.md,3556B4100929F4D56319AA760B104EE0CA947F3D5B03F13F7A0DF601179225BE,PAPER,1,Q0,g8_file_source_map.csv,1,PASS
CUMCM-1999-A-007,knowledge_card.md,derived/scale/papers/CUMCM-1999-A-007/knowledge_card.md,9EB252690C6F16CABF40463A3DEAAA91C38F0C8FBC7D9E86839027BDC9717A29,PAPER,1,Q0,g8_file_source_map.csv,1,PASS
CUMCM-1999-A-007,metadata.yaml,derived/scale/papers/CUMCM-1999-A-007/metadata.yaml,AF87D14C768851D4F0A1764D20A71AF399D723032C45364903115713D1902D60,PAPER,1,Q0,g8_file_source_map.csv,1,PASS
CUMCM-1999-A-007,paper.md,derived/scale/papers/CUMCM-1999-A-007/paper.md,1D9182549363CD07A8F3D657C2AD60D5197D3991577AD22ACB1BFC0A2C456E59,PAPER,1,Q0,g8_file_source_map.csv,1,PASS
CUMCM-1999-A-008,knowledge_card.md,derived/scale/papers/CUMCM-1999-A-008/knowledge_card.md,54DB8A51F8326B768E770B94C63CC6ABCDEC7500BA2D0812A8A139E0D4B18A3D,PAPER,1,Q0,g8_file_source_map.csv,1,PASS
CUMCM-1999-A-008,metadata.yaml,derived/scale/papers/CUMCM-1999-A-008/metadata.yaml,5149C36217AFF78D06A1712B234242496F6F4B8F4C5A0D96B55597DD6A0D8738,PAPER,1,Q0,g8_file_source_map.csv,1,PASS
CUMCM-1999-A-008,paper.md,derived/scale/papers/CUMCM-1999-A-008/paper.md,D2C2B9A9C3053CBA6E8268335CA5BE7D0214F512AC81C7C8AE6302E692F1088E,PAPER,1,Q0,g8_file_source_map.csv,1,PASS
CUMCM-1999-B-001,knowledge_card.md,derived/scale/papers/CUMCM-1999-B-001/knowledge_card.md,A0F115A53BD05F6B8AB6C0FC54BA4D52DB749905096890E653EB283A2642F08D,PAPER,1,Q0,g8_file_source_map.csv,1,PASS
CUMCM-1999-B-001,metadata.yaml,derived/scale/papers/CUMCM-1999-B-001/metadata.yaml,485399F6C6C28B0C2284DFB4D72F3A0C54620057101B57F6E17D682210712879,PAPER,1,Q0,g8_file_source_map.csv,1,PASS
CUMCM-1999-B-001,paper.md,derived/scale/papers/CUMCM-1999-B-001/paper.md,845EAC42B8D7C797245E742A556F6F7B87F8594979C758FB43031CD6D48DB563,PAPER,1,Q0,g8_file_source_map.csv,1,PASS
CUMCM-1999-B-002,knowledge_card.md,derived/scale/papers/CUMCM-1999-B-002/knowledge_card.md,8239390480FC19B5B9F2B5574B08B48E323C44E234E55EB4FB7AE8FAAB6A8A5A,PAPER,1,Q0,g8_file_source_map.csv,1,PASS
CUMCM-1999-B-002,metadata.yaml,derived/scale/papers/CUMCM-1999-B-002/metadata.yaml,99CBE06BFCCA924E5DFFF8040ABAC6F8D7319CFD1DB973EF365DD0CEE02EABE9,PAPER,1,Q0,g8_file_source_map.csv,1,PASS
CUMCM-1999-B-002,paper.md,derived/scale/papers/CUMCM-1999-B-002/paper.md,845EAC42B8D7C797245E742A556F6F7B87F8594979C758FB43031CD6D48DB563,PAPER,1,Q0,g8_file_source_map.csv,1,PASS
CUMCM-1999-B-003,knowledge_card.md,derived/scale/papers/CUMCM-1999-B-003/knowledge_card.md,2C773CDED137BCF5E8636ADE03522F6EF7D774D5B96C018BBDB6ADF695EB792C,PAPER,1,Q0,g8_file_source_map.csv,1,PASS
CUMCM-1999-B-003,metadata.yaml,derived/scale/papers/CUMCM-1999-B-003/metadata.yaml,32C0EFA5095A9A6FCE8D89DE820978C59A6B6E83EF55CDB89E419C2D22034EA0,PAPER,1,Q0,g8_file_source_map.csv,1,PASS
CUMCM-1999-B-003,paper.md,derived/scale/papers/CUMCM-1999-B-003/paper.md,3556B4100929F4D56319AA760B104EE0CA947F3D5B03F13F7A0DF601179225BE,PAPER,1,Q0,g8_file_source_map.csv,1,PASS
CUMCM-1999-B-004,knowledge_card.md,derived/scale/papers/CUMCM-1999-B-004/knowledge_card.md,D5F5AB22D4DCBA3A2FD97D6FD45B766C0E0AC2D7E65D5AC267251C5F0BBFBD02,PAPER,1,Q0,g8_file_source_map.csv,1,PASS
CUMCM-1999-B-004,metadata.yaml,derived/scale/papers/CUMCM-1999-B-004/metadata.yaml,FC71DE9AA39C41F8FE40A60B280E24B9ABFF9A5523465751DCEE4F81306F878A,PAPER,1,Q0,g8_file_source_map.csv,1,PASS
CUMCM-1999-B-004,paper.md,derived/scale/papers/CUMCM-1999-B-004/paper.md,845EAC42B8D7C797245E742A556F6F7B87F8594979C758FB43031CD6D48DB563,PAPER,1,Q0,g8_file_source_map.csv,1,PASS
CUMCM-1999-B-005,knowledge_card.md,derived/scale/papers/CUMCM-1999-B-005/knowledge_card.md,3C3CD4B36F07C6711652AFE5F242A2DC329573AD60A14A5D5D71C95B2B9E861A,PAPER,1,Q0,g8_file_source_map.csv,1,PASS
CUMCM-1999-B-005,metadata.yaml,derived/scale/papers/CUMCM-1999-B-005/metadata.yaml,00E876C793F5A0EE3AE6BA6A7ECD89572BB7A708E3804892741283477E28E152,PAPER,1,Q0,g8_file_source_map.csv,1,PASS
CUMCM-1999-B-005,paper.md,derived/scale/papers/CUMCM-1999-B-005/paper.md,D2C2B9A9C3053CBA6E8268335CA5BE7D0214F512AC81C7C8AE6302E692F1088E,PAPER,1,Q0,g8_file_source_map.csv,1,PASS
CUMCM-1999-C-001,knowledge_card.md,derived/scale/papers/CUMCM-1999-C-001/knowledge_card.md,A673422F702325110A203B7E21AF2E2AC8686B73F3190BC7E7DA3FABA57AEF56,PAPER,1,Q0,g8_file_source_map.csv,1,PASS
CUMCM-1999-C-001,metadata.yaml,derived/scale/papers/CUMCM-1999-C-001/metadata.yaml,A40A49959BDE2B4A5017BEC2BAE23B3E3204FB406A7A08DDA1FCC56E9426C4FF,PAPER,1,Q0,g8_file_source_map.csv,1,PASS
CUMCM-1999-C-001,paper.md,derived/scale/papers/CUMCM-1999-C-001/paper.md,845EAC42B8D7C797245E742A556F6F7B87F8594979C758FB43031CD6D48DB563,PAPER,1,Q0,g8_file_source_map.csv,1,PASS
CUMCM-1999-C-002,knowledge_card.md,derived/scale/papers/CUMCM-1999-C-002/knowledge_card.md,6BDC25A9E9C1D913AE3992DE88E5C2ED8A1B2C515D630682CBA6DB459993B74E,PAPER,1,Q0,g8_file_source_map.csv,1,PASS
CUMCM-1999-C-002,metadata.yaml,derived/scale/papers/CUMCM-1999-C-002/metadata.yaml,06D705798447C20E1CF739A2579FDA2473CAC1205AA7E640AE268A6F83AE9710,PAPER,1,Q0,g8_file_source_map.csv,1,PASS
CUMCM-1999-C-002,paper.md,derived/scale/papers/CUMCM-1999-C-002/paper.md,3556B4100929F4D56319AA760B104EE0CA947F3D5B03F13F7A0DF601179225BE,PAPER,1,Q0,g8_file_source_map.csv,1,PASS
CUMCM-1999-C-003,knowledge_card.md,derived/scale/papers/CUMCM-1999-C-003/knowledge_card.md,A20C5A309E1DB6B1A7331814418B988B06AFBD004C9E6BCF7A2D1E4A8E15301E,PAPER,1,Q0,g8_file_source_map.csv,1,PASS
CUMCM-1999-C-003,metadata.yaml,derived/scale/papers/CUMCM-1999-C-003/metadata.yaml,9C298592950EE5E5FBD540C97A3D8D9CB3CBA60CAA0177CFD87AEC3636343F1F,PAPER,1,Q0,g8_file_source_map.csv,1,PASS
CUMCM-1999-C-003,paper.md,derived/scale/papers/CUMCM-1999-C-003/paper.md,3556B4100929F4D56319AA760B104EE0CA947F3D5B03F13F7A0DF601179225BE,PAPER,1,Q0,g8_file_source_map.csv,1,PASS
CUMCM-2000-A-001,knowledge_card.md,derived/scale/papers/CUMCM-2000-A-001/knowledge_card.md,A23BCD99D013E0FA41C8F8D4A4DD9EB53312CA733B32EFBAD638DAB0C5EAF36A,PAPER,1,Q0,g8_file_source_map.csv,1,PASS
CUMCM-2000-A-001,metadata.yaml,derived/scale/papers/CUMCM-2000-A-001/metadata.yaml,8A6ADDE5304F39334DD09B7CBF11DFB70C416B2CC2B2C0909A5E1CFBFA8B54AF,PAPER,1,Q0,g8_file_source_map.csv,1,PASS
CUMCM-2000-A-001,paper.md,derived/scale/papers/CUMCM-2000-A-001/paper.md,1D9182549363CD07A8F3D657C2AD60D5197D3991577AD22ACB1BFC0A2C456E59,PAPER,1,Q0,g8_file_source_map.csv,1,PASS
CUMCM-2000-A-002,knowledge_card.md,derived/scale/papers/CUMCM-2000-A-002/knowledge_card.md,E939EA98814594133930468D42FE6BD3030F691F84279D60C9AF46C896A9C4EE,PAPER,1,Q0,g8_file_source_map.csv,1,PASS
CUMCM-2000-A-002,metadata.yaml,derived/scale/papers/CUMCM-2000-A-002/metadata.yaml,13632027EBBEAB2BE28636417B57F03A176CF48D76E3D5E1E0F2DE80EAE9789F,PAPER,1,Q0,g8_file_source_map.csv,1,PASS
CUMCM-2000-A-002,paper.md,derived/scale/papers/CUMCM-2000-A-002/paper.md,A77C45CA4996F487E50554AFAD7BFE22E0C6D461B26680CBB4AB637D01230D7C,PAPER,1,Q0,g8_file_source_map.csv,1,PASS
CUMCM-2000-A-003,knowledge_card.md,derived/scale/papers/CUMCM-2000-A-003/knowledge_card.md,DA4D1EC8C2EB36002F39785F2EAC62F57D4AFA53EB32F628BD5334877B1A8246,PAPER,1,Q0,g8_file_source_map.csv,1,PASS
CUMCM-2000-A-003,metadata.yaml,derived/scale/papers/CUMCM-2000-A-003/metadata.yaml,51896056000565B93447030EBE5EA690719CBF45D39EF6B768DDBADEC23B7888,PAPER,1,Q0,g8_file_source_map.csv,1,PASS
CUMCM-2000-A-003,paper.md,derived/scale/papers/CUMCM-2000-A-003/paper.md,845EAC42B8D7C797245E742A556F6F7B87F8594979C758FB43031CD6D48DB563,PAPER,1,Q0,g8_file_source_map.csv,1,PASS
CUMCM-2000-A-004,knowledge_card.md,derived/scale/papers/CUMCM-2000-A-004/knowledge_card.md,059D5E2248545E673F7318DED50C72771068B1B6BB6110F43DCB17694174F4E9,PAPER,1,Q0,g8_file_source_map.csv,1,PASS
CUMCM-2000-A-004,metadata.yaml,derived/scale/papers/CUMCM-2000-A-004/metadata.yaml,9449613340CB7A477000C632B87AFC465D081FAC722BA4A2C223F4F81D77570E,PAPER,1,Q0,g8_file_source_map.csv,1,PASS
CUMCM-2000-A-004,paper.md,derived/scale/papers/CUMCM-2000-A-004/paper.md,A77C45CA4996F487E50554AFAD7BFE22E0C6D461B26680CBB4AB637D01230D7C,PAPER,1,Q0,g8_file_source_map.csv,1,PASS
CUMCM-2000-A-005,knowledge_card.md,derived/scale/papers/CUMCM-2000-A-005/knowledge_card.md,358599EB603D8C461DD100E8BDD61678EDF9F924CE39248F4D9B5144880E0685,PAPER,1,Q0,g8_file_source_map.csv,1,PASS
CUMCM-2000-A-005,metadata.yaml,derived/scale/papers/CUMCM-2000-A-005/metadata.yaml,904DF7559EDBEFA6036A440E1DB8F1641B39E0073147F8DF443804062E0CB644,PAPER,1,Q0,g8_file_source_map.csv,1,PASS
CUMCM-2000-A-005,paper.md,derived/scale/papers/CUMCM-2000-A-005/paper.md,1C2FC324063A906FF208763D2826E0A769B059290333B0542241C22CD9C91DE8,PAPER,1,Q0,g8_file_source_map.csv,1,PASS
CUMCM-2000-A-006,knowledge_card.md,derived/scale/papers/CUMCM-2000-A-006/knowledge_card.md,FEA02856C83EA412B75F57E398891281E8892C8FD8953CD096FAC5615A2114CC,PAPER,1,Q0,g8_file_source_map.csv,1,PASS
CUMCM-2000-A-006,metadata.yaml,derived/scale/papers/CUMCM-2000-A-006/metadata.yaml,1A1DEF736AFD5E638DDCB3C475718154416C9FBFD39F9D7C9CA462D5FCEAB828,PAPER,1,Q0,g8_file_source_map.csv,1,PASS
CUMCM-2000-A-006,paper.md,derived/scale/papers/CUMCM-2000-A-006/paper.md,1C2FC324063A906FF208763D2826E0A769B059290333B0542241C22CD9C91DE8,PAPER,1,Q0,g8_file_source_map.csv,1,PASS
CUMCM-2000-B-001,knowledge_card.md,derived/scale/papers/CUMCM-2000-B-001/knowledge_card.md,63BC8AB592ED929BC1E5FD93C50F1C0BE4B153759DEC0AD0A4190246E43A489B,PAPER,1,Q0,g8_file_source_map.csv,1,PASS
CUMCM-2000-B-001,metadata.yaml,derived/scale/papers/CUMCM-2000-B-001/metadata.yaml,4173BC9F656784FB9728B63D694AFF9D3D2D48F213FF0A6D20A9F67F38374CB9,PAPER,1,Q0,g8_file_source_map.csv,1,PASS
CUMCM-2000-B-001,paper.md,derived/scale/papers/CUMCM-2000-B-001/paper.md,747914D495F481AEA94B89B6481B5B807695DFAC4C1C281DE639E2F58A4F0997,PAPER,1,Q0,g8_file_source_map.csv,1,PASS
CUMCM-2000-B-002,knowledge_card.md,derived/scale/papers/CUMCM-2000-B-002/knowledge_card.md,F22400401598342F296BB5D0526A7E3CD453C4D9EBCF87529270A9613E530BBE,PAPER,1,Q0,g8_file_source_map.csv,1,PASS
CUMCM-2000-B-002,metadata.yaml,derived/scale/papers/CUMCM-2000-B-002/metadata.yaml,4B8542D40F69EA5B0F74AA54B883CA2856F8A08E092B7C1135734DBFBAAD4A3E,PAPER,1,Q0,g8_file_source_map.csv,1,PASS
CUMCM-2000-B-002,paper.md,derived/scale/papers/CUMCM-2000-B-002/paper.md,747914D495F481AEA94B89B6481B5B807695DFAC4C1C281DE639E2F58A4F0997,PAPER,1,Q0,g8_file_source_map.csv,1,PASS
CUMCM-2000-B-003,knowledge_card.md,derived/scale/papers/CUMCM-2000-B-003/knowledge_card.md,0CAF7E7F4EFDDF1C9BF4CB4E64667FD89A272238BAF938A8A7941A2560E2B928,PAPER,1,Q0,g8_file_source_map.csv,1,PASS
CUMCM-2000-B-003,metadata.yaml,derived/scale/papers/CUMCM-2000-B-003/metadata.yaml,46FAF9A01D3C8CB0FA10B19B1488A0BC0F3F22796C75380F0E74472640AF5017,PAPER,1,Q0,g8_file_source_map.csv,1,PASS
CUMCM-2000-B-003,paper.md,derived/scale/papers/CUMCM-2000-B-003/paper.md,3556B4100929F4D56319AA760B104EE0CA947F3D5B03F13F7A0DF601179225BE,PAPER,1,Q0,g8_file_source_map.csv,1,PASS
CUMCM-2000-B-004,knowledge_card.md,derived/scale/papers/CUMCM-2000-B-004/knowledge_card.md,6A92300C05C314A50280ADF5B66130CACFE8ABB823DB98BD7226FE12A63EC000,PAPER,1,Q0,g8_file_source_map.csv,1,PASS
CUMCM-2000-B-004,metadata.yaml,derived/scale/papers/CUMCM-2000-B-004/metadata.yaml,5C1436E73B1D8F356B10A77BA20A86E742E8165B3DE9CB4F42467F9BEFF23635,PAPER,1,Q0,g8_file_source_map.csv,1,PASS
CUMCM-2000-B-004,paper.md,derived/scale/papers/CUMCM-2000-B-004/paper.md,747914D495F481AEA94B89B6481B5B807695DFAC4C1C281DE639E2F58A4F0997,PAPER,1,Q0,g8_file_source_map.csv,1,PASS
CUMCM-2000-B-005,knowledge_card.md,derived/scale/papers/CUMCM-2000-B-005/knowledge_card.md,10A50A35028F92429E90C3783676CBB1A5AE88326EC2BC19F8ACF7A46251A13E,PAPER,1,Q0,g8_file_source_map.csv,1,PASS
CUMCM-2000-B-005,metadata.yaml,derived/scale/papers/CUMCM-2000-B-005/metadata.yaml,D4FCFC41EB46A5716F6E7E6B1D3F2588ED65D3FB58D2B4BBA9C5C45296FC0775,PAPER,1,Q0,g8_file_source_map.csv,1,PASS
CUMCM-2000-B-005,paper.md,derived/scale/papers/CUMCM-2000-B-005/paper.md,A77C45CA4996F487E50554AFAD7BFE22E0C6D461B26680CBB4AB637D01230D7C,PAPER,1,Q0,g8_file_source_map.csv,1,PASS
CUMCM-2000-B-006,knowledge_card.md,derived/scale/papers/CUMCM-2000-B-006/knowledge_card.md,4CA3CD82E74FD2EEDD8CD7B30ADF3D843BD5D50AB08CABD67B398371D4522049,PAPER,1,Q0,g8_file_source_map.csv,1,PASS
CUMCM-2000-B-006,metadata.yaml,derived/scale/papers/CUMCM-2000-B-006/metadata.yaml,8308BD8D7983EFF352B8E771879B63EFB54789BB038CDCD9B9CD87061919019F,PAPER,1,Q0,g8_file_source_map.csv,1,PASS
CUMCM-2000-B-006,paper.md,derived/scale/papers/CUMCM-2000-B-006/paper.md,3556B4100929F4D56319AA760B104EE0CA947F3D5B03F13F7A0DF601179225BE,PAPER,1,Q0,g8_file_source_map.csv,1,PASS
CUMCM-2000-B-007,knowledge_card.md,derived/scale/papers/CUMCM-2000-B-007/knowledge_card.md,CF487245B6EA355EBED9A73C7E1B47F02285FF1B778F130C093825A17B32B224,PAPER,1,Q0,g8_file_source_map.csv,1,PASS
CUMCM-2000-B-007,metadata.yaml,derived/scale/papers/CUMCM-2000-B-007/metadata.yaml,1F37499AD065877D82C874621BC3A1EB083130EDA524EB1C0B8A9CC75147511D,PAPER,1,Q0,g8_file_source_map.csv,1,PASS
CUMCM-2000-B-007,paper.md,derived/scale/papers/CUMCM-2000-B-007/paper.md,3556B4100929F4D56319AA760B104EE0CA947F3D5B03F13F7A0DF601179225BE,PAPER,1,Q0,g8_file_source_map.csv,1,PASS
CUMCM-2000-B-008,knowledge_card.md,derived/scale/papers/CUMCM-2000-B-008/knowledge_card.md,4C3915EF9B05C8723C93D416CAB5121DF8204D4B94D58E21136D6E96EF099BA0,PAPER,1,Q0,g8_file_source_map.csv,1,PASS
CUMCM-2000-B-008,metadata.yaml,derived/scale/papers/CUMCM-2000-B-008/metadata.yaml,4AF61F281E7F8ACC15C735E32FC7B6E03F95F64B782D88937D55A054BADC8DB2,PAPER,1,Q0,g8_file_source_map.csv,1,PASS
CUMCM-2000-B-008,paper.md,derived/scale/papers/CUMCM-2000-B-008/paper.md,1D9182549363CD07A8F3D657C2AD60D5197D3991577AD22ACB1BFC0A2C456E59,PAPER,1,Q0,g8_file_source_map.csv,1,PASS
CUMCM-2000-C-001,knowledge_card.md,derived/scale/papers/CUMCM-2000-C-001/knowledge_card.md,998A5DE93574B3EAB8F5AF71D7DBBCA9AACAC15CA9E7B89B4E5B3CFCAE79F19A,PAPER,1,Q0,g8_file_source_map.csv,1,PASS
CUMCM-2000-C-001,metadata.yaml,derived/scale/papers/CUMCM-2000-C-001/metadata.yaml,4233B56E221A296B4A82F6F871E8826DAD6D82D00A1D5EE3DBE5ED6B7F5C5966,PAPER,1,Q0,g8_file_source_map.csv,1,PASS
CUMCM-2000-C-001,paper.md,derived/scale/papers/CUMCM-2000-C-001/paper.md,A77C45CA4996F487E50554AFAD7BFE22E0C6D461B26680CBB4AB637D01230D7C,PAPER,1,Q0,g8_file_source_map.csv,1,PASS
CUMCM-2000-C-002,knowledge_card.md,derived/scale/papers/CUMCM-2000-C-002/knowledge_card.md,CB22645AA10E9EAA52F338EB03C4B540029AA2DCAEDC49AD50F86B446EA0F605,PAPER,1,Q0,g8_file_source_map.csv,1,PASS
CUMCM-2000-C-002,metadata.yaml,derived/scale/papers/CUMCM-2000-C-002/metadata.yaml,E969E5AF3103717D9B71231BBB16DFF80641203BFD6FF82D5FAFFF60E9FEC18B,PAPER,1,Q0,g8_file_source_map.csv,1,PASS
CUMCM-2000-C-002,paper.md,derived/scale/papers/CUMCM-2000-C-002/paper.md,750BD75CEFFE5D543A1A964F76D8BC65F0B6D50162147B5966FC514A31D8227D,PAPER,1,Q0,g8_file_source_map.csv,1,PASS
CUMCM-2000-C-003,knowledge_card.md,derived/scale/papers/CUMCM-2000-C-003/knowledge_card.md,DFDE8B1EFE6941632C4C608E3F32C45018C72D84D086D30BCA38E712182D811D,PAPER,1,Q0,g8_file_source_map.csv,1,PASS
CUMCM-2000-C-003,metadata.yaml,derived/scale/papers/CUMCM-2000-C-003/metadata.yaml,9BF824FED8E979278FC688DC275CFC55F0B38CB9FBF19D105C9170B356BC1BFA,PAPER,1,Q0,g8_file_source_map.csv,1,PASS
CUMCM-2000-C-003,paper.md,derived/scale/papers/CUMCM-2000-C-003/paper.md,3556B4100929F4D56319AA760B104EE0CA947F3D5B03F13F7A0DF601179225BE,PAPER,1,Q0,g8_file_source_map.csv,1,PASS
CUMCM-2000-C-004,knowledge_card.md,derived/scale/papers/CUMCM-2000-C-004/knowledge_card.md,02781987CCD7399CD1BB1A69C612BDB75C6350E437D0F31BFA4C92C59900E16E,PAPER,1,Q0,g8_file_source_map.csv,1,PASS
CUMCM-2000-C-004,metadata.yaml,derived/scale/papers/CUMCM-2000-C-004/metadata.yaml,CC5CE576D47A38D2B041685CCF1F9CCD74111C9912C22EE9C16D4DA4BB4C8948,PAPER,1,Q0,g8_file_source_map.csv,1,PASS
CUMCM-2000-C-004,paper.md,derived/scale/papers/CUMCM-2000-C-004/paper.md,1D9182549363CD07A8F3D657C2AD60D5197D3991577AD22ACB1BFC0A2C456E59,PAPER,1,Q0,g8_file_source_map.csv,1,PASS
CUMCM-2000-D-001,knowledge_card.md,derived/scale/papers/CUMCM-2000-D-001/knowledge_card.md,4CAD69B4163EF8F3D3D06F3D18DD09EC822897968CC7BE8338CC6FBB53129DF3,PAPER,1,Q0,g8_file_source_map.csv,1,PASS
CUMCM-2000-D-001,metadata.yaml,derived/scale/papers/CUMCM-2000-D-001/metadata.yaml,3DF7768CC94375728CCD9C420F427669CD87134C0F05A1BC053099CF1C5DB536,PAPER,1,Q0,g8_file_source_map.csv,1,PASS
CUMCM-2000-D-001,paper.md,derived/scale/papers/CUMCM-2000-D-001/paper.md,1D9182549363CD07A8F3D657C2AD60D5197D3991577AD22ACB1BFC0A2C456E59,PAPER,1,Q0,g8_file_source_map.csv,1,PASS
CUMCM-2000-D-002,knowledge_card.md,derived/scale/papers/CUMCM-2000-D-002/knowledge_card.md,3D09C76ECF50248D8800F4A8FB56A97E4ED4445D255E445014E8157834596247,PAPER,1,Q0,g8_file_source_map.csv,1,PASS
CUMCM-2000-D-002,metadata.yaml,derived/scale/papers/CUMCM-2000-D-002/metadata.yaml,07131993F5B9445A46898F509C61973CAB757FBF1BF412BD31C58DBCCBF163B5,PAPER,1,Q0,g8_file_source_map.csv,1,PASS
CUMCM-2000-D-002,paper.md,derived/scale/papers/CUMCM-2000-D-002/paper.md,750BD75CEFFE5D543A1A964F76D8BC65F0B6D50162147B5966FC514A31D8227D,PAPER,1,Q0,g8_file_source_map.csv,1,PASS
CUMCM-2000-D-003,knowledge_card.md,derived/scale/papers/CUMCM-2000-D-003/knowledge_card.md,4476D4C36247D6B9600217A042D3C5BCBD108A41BB5F858BCDDDD80B045FBEB9,PAPER,1,Q0,g8_file_source_map.csv,1,PASS
CUMCM-2000-D-003,metadata.yaml,derived/scale/papers/CUMCM-2000-D-003/metadata.yaml,B2B6788F7D4666DD3CBDD636AE257743F9C8E671AE700A413EF50E58011DB156,PAPER,1,Q0,g8_file_source_map.csv,1,PASS
CUMCM-2000-D-003,paper.md,derived/scale/papers/CUMCM-2000-D-003/paper.md,750BD75CEFFE5D543A1A964F76D8BC65F0B6D50162147B5966FC514A31D8227D,PAPER,1,Q0,g8_file_source_map.csv,1,PASS
CUMCM-2001-A-001,knowledge_card.md,derived/scale/papers/CUMCM-2001-A-001/knowledge_card.md,0B33E3199B0CCBB291424EBA349C4796AFEB467B60452FADFB0F20AB04610C4C,PAPER,1,Q0,g8_file_source_map.csv,1,PASS
CUMCM-2001-A-001,metadata.yaml,derived/scale/papers/CUMCM-2001-A-001/metadata.yaml,919C37DAABACA6CCFA2A15801818FFC8F5CF027B62A093FEB206968DE5DE8413,PAPER,1,Q0,g8_file_source_map.csv,1,PASS
CUMCM-2001-A-001,paper.md,derived/scale/papers/CUMCM-2001-A-001/paper.md,3556B4100929F4D56319AA760B104EE0CA947F3D5B03F13F7A0DF601179225BE,PAPER,1,Q0,g8_file_source_map.csv,1,PASS
CUMCM-2001-A-002,knowledge_card.md,derived/scale/papers/CUMCM-2001-A-002/knowledge_card.md,CA72F03456D5FC9E3F800DF581FEA7011183F264C6BF2A70F78034F043FBB67A,PAPER,1,Q0,g8_file_source_map.csv,1,PASS
CUMCM-2001-A-002,metadata.yaml,derived/scale/papers/CUMCM-2001-A-002/metadata.yaml,0473405CDF073C522DC291844E889BC07AF773D2CA886C597F75699B2EC15EFA,PAPER,1,Q0,g8_file_source_map.csv,1,PASS
CUMCM-2001-A-002,paper.md,derived/scale/papers/CUMCM-2001-A-002/paper.md,1D9182549363CD07A8F3D657C2AD60D5197D3991577AD22ACB1BFC0A2C456E59,PAPER,1,Q0,g8_file_source_map.csv,1,PASS
CUMCM-2001-A-003,knowledge_card.md,derived/scale/papers/CUMCM-2001-A-003/knowledge_card.md,ED6C0BBFE9B38A9FB9150D17E0746D4426F1186E48B55C263C896789A1A10315,PAPER,1,Q0,g8_file_source_map.csv,1,PASS
CUMCM-2001-A-003,metadata.yaml,derived/scale/papers/CUMCM-2001-A-003/metadata.yaml,01AFB8A35AFF9DF9180C8FE039C7AC4083A79E819B03E0905B90E81A51D6F14E,PAPER,1,Q0,g8_file_source_map.csv,1,PASS
CUMCM-2001-A-003,paper.md,derived/scale/papers/CUMCM-2001-A-003/paper.md,3556B4100929F4D56319AA760B104EE0CA947F3D5B03F13F7A0DF601179225BE,PAPER,1,Q0,g8_file_source_map.csv,1,PASS
CUMCM-2001-A-004,knowledge_card.md,derived/scale/papers/CUMCM-2001-A-004/knowledge_card.md,5CDDD9B8A7AE36781C2162709EC3174E9E1A58E2E78218CE67F300B691450E00,PAPER,1,Q0,g8_file_source_map.csv,1,PASS
CUMCM-2001-A-004,metadata.yaml,derived/scale/papers/CUMCM-2001-A-004/metadata.yaml,4EB09BAB3879EC45048A9512DF3CB353B6341AF079738B2B2858126CCABEE265,PAPER,1,Q0,g8_file_source_map.csv,1,PASS
CUMCM-2001-A-004,paper.md,derived/scale/papers/CUMCM-2001-A-004/paper.md,3556B4100929F4D56319AA760B104EE0CA947F3D5B03F13F7A0DF601179225BE,PAPER,1,Q0,g8_file_source_map.csv,1,PASS
CUMCM-2001-A-005,knowledge_card.md,derived/scale/papers/CUMCM-2001-A-005/knowledge_card.md,B01744B5FA09C5C776AF23DF3E70322C465288D01ACA728C4CA44FD74A8CB051,PAPER,1,Q0,g8_file_source_map.csv,1,PASS
CUMCM-2001-A-005,metadata.yaml,derived/scale/papers/CUMCM-2001-A-005/metadata.yaml,1224536CF3A8E2A001530C11A08F5C3D5ABB4253D7321966E502AD21648307F7,PAPER,1,Q0,g8_file_source_map.csv,1,PASS
CUMCM-2001-A-005,paper.md,derived/scale/papers/CUMCM-2001-A-005/paper.md,845EAC42B8D7C797245E742A556F6F7B87F8594979C758FB43031CD6D48DB563,PAPER,1,Q0,g8_file_source_map.csv,1,PASS
CUMCM-2001-A-006,knowledge_card.md,derived/scale/papers/CUMCM-2001-A-006/knowledge_card.md,82AAE5EBD1E97129C1484E32FF129F63CA029DBF23FC321F02A80E1C5624E49F,PAPER,1,Q0,g8_file_source_map.csv,1,PASS
CUMCM-2001-A-006,metadata.yaml,derived/scale/papers/CUMCM-2001-A-006/metadata.yaml,DBD0A17F07468A3ED600A718A81C31D657F89D07B99D04A0BFB14EDB51EEC699,PAPER,1,Q0,g8_file_source_map.csv,1,PASS
CUMCM-2001-A-006,paper.md,derived/scale/papers/CUMCM-2001-A-006/paper.md,845EAC42B8D7C797245E742A556F6F7B87F8594979C758FB43031CD6D48DB563,PAPER,1,Q0,g8_file_source_map.csv,1,PASS
CUMCM-2001-A-007,knowledge_card.md,derived/scale/papers/CUMCM-2001-A-007/knowledge_card.md,44906272EA7E023E80AFCBA8CB530BB0816870004A32DDB5B02DA98048DABD70,PAPER,1,Q0,g8_file_source_map.csv,1,PASS
CUMCM-2001-A-007,metadata.yaml,derived/scale/papers/CUMCM-2001-A-007/metadata.yaml,E8F6131D2CA80467ECFE8AA5600ABBDAFF4E275F5452CA97F7EEF79BA98DDD76,PAPER,1,Q0,g8_file_source_map.csv,1,PASS
CUMCM-2001-A-007,paper.md,derived/scale/papers/CUMCM-2001-A-007/paper.md,A77C45CA4996F487E50554AFAD7BFE22E0C6D461B26680CBB4AB637D01230D7C,PAPER,1,Q0,g8_file_source_map.csv,1,PASS
CUMCM-2001-A-008,knowledge_card.md,derived/scale/papers/CUMCM-2001-A-008/knowledge_card.md,849D81374F5023009991C35835B361CC9C3E1660C3BA585714D7CF8FE31D44B2,PAPER,1,Q0,g8_file_source_map.csv,1,PASS
CUMCM-2001-A-008,metadata.yaml,derived/scale/papers/CUMCM-2001-A-008/metadata.yaml,B3676101F18D561F8AFCDCD72563891D831664CEF7959CE27FE4F89F8AE78387,PAPER,1,Q0,g8_file_source_map.csv,1,PASS
CUMCM-2001-A-008,paper.md,derived/scale/papers/CUMCM-2001-A-008/paper.md,1D9182549363CD07A8F3D657C2AD60D5197D3991577AD22ACB1BFC0A2C456E59,PAPER,1,Q0,g8_file_source_map.csv,1,PASS
CUMCM-2001-A-009,knowledge_card.md,derived/scale/papers/CUMCM-2001-A-009/knowledge_card.md,D94EA6AB7960D11B1956F6B8263F854287017BF818AF11894DDA2F793BB7496D,PAPER,1,Q0,g8_file_source_map.csv,1,PASS
CUMCM-2001-A-009,metadata.yaml,derived/scale/papers/CUMCM-2001-A-009/metadata.yaml,07473C3E03EB55D1932E8F491DC53972951289F17124DF3E222DAAA13D8ABE39,PAPER,1,Q0,g8_file_source_map.csv,1,PASS
CUMCM-2001-A-009,paper.md,derived/scale/papers/CUMCM-2001-A-009/paper.md,3556B4100929F4D56319AA760B104EE0CA947F3D5B03F13F7A0DF601179225BE,PAPER,1,Q0,g8_file_source_map.csv,1,PASS
CUMCM-2001-A-010,knowledge_card.md,derived/scale/papers/CUMCM-2001-A-010/knowledge_card.md,89083A037241C0DCD3CAD8762C618DDE6D3B38313DFF0740F00C445362EB4EBB,PAPER,1,Q0,g8_file_source_map.csv,1,PASS
CUMCM-2001-A-010,metadata.yaml,derived/scale/papers/CUMCM-2001-A-010/metadata.yaml,F01D0695C43ACA798632A991870B8DE1EA869CDD728256AB1D730EDF424C6475,PAPER,1,Q0,g8_file_source_map.csv,1,PASS
CUMCM-2001-A-010,paper.md,derived/scale/papers/CUMCM-2001-A-010/paper.md,1D9182549363CD07A8F3D657C2AD60D5197D3991577AD22ACB1BFC0A2C456E59,PAPER,1,Q0,g8_file_source_map.csv,1,PASS
CUMCM-2001-A-011,knowledge_card.md,derived/scale/papers/CUMCM-2001-A-011/knowledge_card.md,D6F8C2A5BB7530BD0E8167735A7DFDF090FCC7FFD5DDE0F1489FCB73C035AABE,PAPER,1,Q0,g8_file_source_map.csv,1,PASS
CUMCM-2001-A-011,metadata.yaml,derived/scale/papers/CUMCM-2001-A-011/metadata.yaml,FDE14426254D925E6815584205EF0B2FA30328E7C7FFC56DA99F639EAFB36ACD,PAPER,1,Q0,g8_file_source_map.csv,1,PASS
CUMCM-2001-A-011,paper.md,derived/scale/papers/CUMCM-2001-A-011/paper.md,A77C45CA4996F487E50554AFAD7BFE22E0C6D461B26680CBB4AB637D01230D7C,PAPER,1,Q0,g8_file_source_map.csv,1,PASS
CUMCM-2001-A-012,knowledge_card.md,derived/scale/papers/CUMCM-2001-A-012/knowledge_card.md,0AD59C80BD6F645E382432B84BA9C58E9F31D12B3396EE4D30CE0449AA68AC9B,PAPER,1,Q0,g8_file_source_map.csv,1,PASS
CUMCM-2001-A-012,metadata.yaml,derived/scale/papers/CUMCM-2001-A-012/metadata.yaml,6BFB2E4E8553A0DA90A00EE24B266A56DA3C03D9CCF95DE026D7D19D38E0DCE6,PAPER,1,Q0,g8_file_source_map.csv,1,PASS
CUMCM-2001-A-012,paper.md,derived/scale/papers/CUMCM-2001-A-012/paper.md,3556B4100929F4D56319AA760B104EE0CA947F3D5B03F13F7A0DF601179225BE,PAPER,1,Q0,g8_file_source_map.csv,1,PASS
CUMCM-2001-B-001,knowledge_card.md,derived/scale/papers/CUMCM-2001-B-001/knowledge_card.md,7BCCE3A8047C838D8EA4EEE6CFBDA5E44AD1EF44B0ECDB82F0169E8ECE4991C0,PAPER,1,Q0,g8_file_source_map.csv,1,PASS
CUMCM-2001-B-001,metadata.yaml,derived/scale/papers/CUMCM-2001-B-001/metadata.yaml,CE818DE599784724E70BF2654E556011620F824B0138B0408810F2C85B012E03,PAPER,1,Q0,g8_file_source_map.csv,1,PASS
CUMCM-2001-B-001,paper.md,derived/scale/papers/CUMCM-2001-B-001/paper.md,3556B4100929F4D56319AA760B104EE0CA947F3D5B03F13F7A0DF601179225BE,PAPER,1,Q0,g8_file_source_map.csv,1,PASS
CUMCM-2001-B-002,knowledge_card.md,derived/scale/papers/CUMCM-2001-B-002/knowledge_card.md,2EDE27CA4AD42898A477A6245E8A2CAFCF7A0889639C9B815C42B9CD0E1E464F,PAPER,1,Q0,g8_file_source_map.csv,1,PASS
CUMCM-2001-B-002,metadata.yaml,derived/scale/papers/CUMCM-2001-B-002/metadata.yaml,1108D44CC40FA29704FF161FD085E0F8E0E47AC5AADA69814AC968FEDFD699C5,PAPER,1,Q0,g8_file_source_map.csv,1,PASS
CUMCM-2001-B-002,paper.md,derived/scale/papers/CUMCM-2001-B-002/paper.md,A77C45CA4996F487E50554AFAD7BFE22E0C6D461B26680CBB4AB637D01230D7C,PAPER,1,Q0,g8_file_source_map.csv,1,PASS
CUMCM-2001-B-003,knowledge_card.md,derived/scale/papers/CUMCM-2001-B-003/knowledge_card.md,B98E749C484C79AF6151F8505789A80CE7BF86F3C91FC2F395164CF4CC73DC78,PAPER,1,Q0,g8_file_source_map.csv,1,PASS
CUMCM-2001-B-003,metadata.yaml,derived/scale/papers/CUMCM-2001-B-003/metadata.yaml,72A030193ABA3464953F5AC05BA73EB125F6EE13266D73E7B9F020780BC478D8,PAPER,1,Q0,g8_file_source_map.csv,1,PASS
CUMCM-2001-B-003,paper.md,derived/scale/papers/CUMCM-2001-B-003/paper.md,845EAC42B8D7C797245E742A556F6F7B87F8594979C758FB43031CD6D48DB563,PAPER,1,Q0,g8_file_source_map.csv,1,PASS
CUMCM-2001-B-004,knowledge_card.md,derived/scale/papers/CUMCM-2001-B-004/knowledge_card.md,A5038ACBB828FF0277D35E9F2E4CC9990AD7CAB75E2A39B6E843003F0193866A,PAPER,1,Q0,g8_file_source_map.csv,1,PASS
CUMCM-2001-B-004,metadata.yaml,derived/scale/papers/CUMCM-2001-B-004/metadata.yaml,F292A0101E6F78719BB5534252E689E05D6EE15F5D94F29D33A0060AE9B026A5,PAPER,1,Q0,g8_file_source_map.csv,1,PASS
CUMCM-2001-B-004,paper.md,derived/scale/papers/CUMCM-2001-B-004/paper.md,A77C45CA4996F487E50554AFAD7BFE22E0C6D461B26680CBB4AB637D01230D7C,PAPER,1,Q0,g8_file_source_map.csv,1,PASS
CUMCM-2001-B-005,knowledge_card.md,derived/scale/papers/CUMCM-2001-B-005/knowledge_card.md,3B6DE0066540B620AAD01B90FF76368DB81AC39EE735E639FD7123683D88156E,PAPER,1,Q0,g8_file_source_map.csv,1,PASS
CUMCM-2001-B-005,metadata.yaml,derived/scale/papers/CUMCM-2001-B-005/metadata.yaml,5A99728C43073CCAAC66011AE990C465D58225C9833B6864345E9460A3E8464F,PAPER,1,Q0,g8_file_source_map.csv,1,PASS
CUMCM-2001-B-005,paper.md,derived/scale/papers/CUMCM-2001-B-005/paper.md,3556B4100929F4D56319AA760B104EE0CA947F3D5B03F13F7A0DF601179225BE,PAPER,1,Q0,g8_file_source_map.csv,1,PASS
CUMCM-2001-B-006,knowledge_card.md,derived/scale/papers/CUMCM-2001-B-006/knowledge_card.md,C30243834A971D954AE28F905810E9A2157E4FC774EE5D142F3BE6AC9A810EA7,PAPER,1,Q0,g8_file_source_map.csv,1,PASS
CUMCM-2001-B-006,metadata.yaml,derived/scale/papers/CUMCM-2001-B-006/metadata.yaml,E001D9B6A3C95E510C77F84AD51C16835FE5F8C77024D12B15871D906649C0E3,PAPER,1,Q0,g8_file_source_map.csv,1,PASS
CUMCM-2001-B-006,paper.md,derived/scale/papers/CUMCM-2001-B-006/paper.md,3556B4100929F4D56319AA760B104EE0CA947F3D5B03F13F7A0DF601179225BE,PAPER,1,Q0,g8_file_source_map.csv,1,PASS
CUMCM-2001-B-007,knowledge_card.md,derived/scale/papers/CUMCM-2001-B-007/knowledge_card.md,55C3D4CC016559BD89620ED49562A9F764A9F25859170EB3E4163F9E7428E118,PAPER,1,Q0,g8_file_source_map.csv,1,PASS
CUMCM-2001-B-007,metadata.yaml,derived/scale/papers/CUMCM-2001-B-007/metadata.yaml,F85DABD066006D3B1B724D62D83C6DF90BB543A4A317F2E261087442B2C7CE7B,PAPER,1,Q0,g8_file_source_map.csv,1,PASS
CUMCM-2001-B-007,paper.md,derived/scale/papers/CUMCM-2001-B-007/paper.md,A77C45CA4996F487E50554AFAD7BFE22E0C6D461B26680CBB4AB637D01230D7C,PAPER,1,Q0,g8_file_source_map.csv,1,PASS
CUMCM-2001-B-008,knowledge_card.md,derived/scale/papers/CUMCM-2001-B-008/knowledge_card.md,F210F03872C948C12E7D853BBDB6C949578D392F176BBCD33E7BAC4DCD98E38C,PAPER,1,Q0,g8_file_source_map.csv,1,PASS
CUMCM-2001-B-008,metadata.yaml,derived/scale/papers/CUMCM-2001-B-008/metadata.yaml,E65C392E81374900B26A0A8D73B911A3C0F244AE13502A2DA4B6297C0A0E8F65,PAPER,1,Q0,g8_file_source_map.csv,1,PASS
CUMCM-2001-B-008,paper.md,derived/scale/papers/CUMCM-2001-B-008/paper.md,845EAC42B8D7C797245E742A556F6F7B87F8594979C758FB43031CD6D48DB563,PAPER,1,Q0,g8_file_source_map.csv,1,PASS
CUMCM-2001-C-001,knowledge_card.md,derived/scale/papers/CUMCM-2001-C-001/knowledge_card.md,69B1F935A439F851847409E7DF9DEDB945CCD467B8C1B630EA95F80E94D90C58,PAPER,1,Q0,g8_file_source_map.csv,1,PASS
CUMCM-2001-C-001,metadata.yaml,derived/scale/papers/CUMCM-2001-C-001/metadata.yaml,BF27DC976F361394DEDB6929F268462A3CF945B73DD994731A6E015B458635A4,PAPER,1,Q0,g8_file_source_map.csv,1,PASS
CUMCM-2001-C-001,paper.md,derived/scale/papers/CUMCM-2001-C-001/paper.md,845EAC42B8D7C797245E742A556F6F7B87F8594979C758FB43031CD6D48DB563,PAPER,1,Q0,g8_file_source_map.csv,1,PASS
CUMCM-2001-C-002,knowledge_card.md,derived/scale/papers/CUMCM-2001-C-002/knowledge_card.md,666274F6DCD56B8564B2145D26B35D4A8BB3842A5E6EB54F40A9726308F4E766,PAPER,1,Q0,g8_file_source_map.csv,1,PASS
CUMCM-2001-C-002,metadata.yaml,derived/scale/papers/CUMCM-2001-C-002/metadata.yaml,7185AC5C5E8FD14B019A3BD2CE5A936D2B30C8BC4654F24EAA878EB15C6867CF,PAPER,1,Q0,g8_file_source_map.csv,1,PASS
CUMCM-2001-C-002,paper.md,derived/scale/papers/CUMCM-2001-C-002/paper.md,845EAC42B8D7C797245E742A556F6F7B87F8594979C758FB43031CD6D48DB563,PAPER,1,Q0,g8_file_source_map.csv,1,PASS
CUMCM-2001-C-003,knowledge_card.md,derived/scale/papers/CUMCM-2001-C-003/knowledge_card.md,D5E49FB2EE8381C913A3F774D9103EB9843FED6CE00BF0D84F1207324150491E,PAPER,1,Q0,g8_file_source_map.csv,1,PASS
CUMCM-2001-C-003,metadata.yaml,derived/scale/papers/CUMCM-2001-C-003/metadata.yaml,EE61DE236291CDB4853271073A8E4B09D0BAF1EB30783C13AA03A0A2F9155F9C,PAPER,1,Q0,g8_file_source_map.csv,1,PASS
CUMCM-2001-C-003,paper.md,derived/scale/papers/CUMCM-2001-C-003/paper.md,A77C45CA4996F487E50554AFAD7BFE22E0C6D461B26680CBB4AB637D01230D7C,PAPER,1,Q0,g8_file_source_map.csv,1,PASS
CUMCM-2002-A-002,knowledge_card.md,derived/scale/papers/CUMCM-2002-A-002/knowledge_card.md,B783C25A2D374CE0D82A116DB32A5FDAABB0DB5D474166C436FFFB394077FDBC,PAPER,1,Q0,g8_file_source_map.csv,1,PASS
CUMCM-2002-A-002,metadata.yaml,derived/scale/papers/CUMCM-2002-A-002/metadata.yaml,2B85837408958964FBA1F5FB1631531E3DBB700BC043761300649044220A80F6,PAPER,1,Q0,g8_file_source_map.csv,1,PASS
CUMCM-2002-A-002,paper.md,derived/scale/papers/CUMCM-2002-A-002/paper.md,D2C2B9A9C3053CBA6E8268335CA5BE7D0214F512AC81C7C8AE6302E692F1088E,PAPER,1,Q0,g8_file_source_map.csv,1,PASS
CUMCM-2002-A-003,knowledge_card.md,derived/scale/papers/CUMCM-2002-A-003/knowledge_card.md,0F1BEDC2847C8C739EC2333FB77C5E54F5FABEFFF2E9D6060E0B1E6C943FF9A1,PAPER,1,Q0,g8_file_source_map.csv,1,PASS
CUMCM-2002-A-003,metadata.yaml,derived/scale/papers/CUMCM-2002-A-003/metadata.yaml,67C2CC63446D56C66C2EF8338FFDEF48169451DC764684AEB342B2CA8AB2CAD0,PAPER,1,Q0,g8_file_source_map.csv,1,PASS
CUMCM-2002-A-003,paper.md,derived/scale/papers/CUMCM-2002-A-003/paper.md,6B55BA4F2EED923562339D385F92366AD7892213C511BABE88BE16AA6BB6940E,PAPER,1,Q0,g8_file_source_map.csv,1,PASS
CUMCM-2002-A-004,knowledge_card.md,derived/scale/papers/CUMCM-2002-A-004/knowledge_card.md,AECCA2A367D44AE320645C98186B99D748475CD2725AB126EAF6E6786BDBB112,PAPER,1,Q0,g8_file_source_map.csv,1,PASS
CUMCM-2002-A-004,metadata.yaml,derived/scale/papers/CUMCM-2002-A-004/metadata.yaml,BB20C5C1EFACFCE9AA62C85F71628AC5A1C555BBD5379AF2E7F095A96A708C8A,PAPER,1,Q0,g8_file_source_map.csv,1,PASS
CUMCM-2002-A-004,paper.md,derived/scale/papers/CUMCM-2002-A-004/paper.md,1D9182549363CD07A8F3D657C2AD60D5197D3991577AD22ACB1BFC0A2C456E59,PAPER,1,Q0,g8_file_source_map.csv,1,PASS
CUMCM-2002-A-005,knowledge_card.md,derived/scale/papers/CUMCM-2002-A-005/knowledge_card.md,67C5A8E84A1FCE5340B5690ED316F6E6A6818513BE72D7E305B59D2C86A3C29B,PAPER,1,Q0,g8_file_source_map.csv,1,PASS
CUMCM-2002-A-005,metadata.yaml,derived/scale/papers/CUMCM-2002-A-005/metadata.yaml,DF58A14182E784B48731A15637FFB7077775EC4854E700C2BFE487FD9237F322,PAPER,1,Q0,g8_file_source_map.csv,1,PASS
CUMCM-2002-A-005,paper.md,derived/scale/papers/CUMCM-2002-A-005/paper.md,1C2FC324063A906FF208763D2826E0A769B059290333B0542241C22CD9C91DE8,PAPER,1,Q0,g8_file_source_map.csv,1,PASS
CUMCM-2002-A-008,knowledge_card.md,derived/scale/papers/CUMCM-2002-A-008/knowledge_card.md,691A1F85D0CCDED4C0159A244FC1F490C028378449BB2DBCED294B53C469BBF9,PAPER,1,Q0,g8_file_source_map.csv,1,PASS
CUMCM-2002-A-008,metadata.yaml,derived/scale/papers/CUMCM-2002-A-008/metadata.yaml,CEA7E38FC7B3D1263DBF124EAED64B94F646FF62AFF500F762E50C0D243BBA1C,PAPER,1,Q0,g8_file_source_map.csv,1,PASS
CUMCM-2002-A-008,paper.md,derived/scale/papers/CUMCM-2002-A-008/paper.md,750BD75CEFFE5D543A1A964F76D8BC65F0B6D50162147B5966FC514A31D8227D,PAPER,1,Q0,g8_file_source_map.csv,1,PASS
CUMCM-2002-A-009,knowledge_card.md,derived/scale/papers/CUMCM-2002-A-009/knowledge_card.md,0DCD2C46DE5ADB6EF3418F8ACE8E9F46F0188FAC520A7F4BFF1708362D037A98,PAPER,1,Q0,g8_file_source_map.csv,1,PASS
CUMCM-2002-A-009,metadata.yaml,derived/scale/papers/CUMCM-2002-A-009/metadata.yaml,1BEDBD051B2CF3A711E6E6FCBC41A450DE0BDA2A98521B236EB173524D2DE48F,PAPER,1,Q0,g8_file_source_map.csv,1,PASS
CUMCM-2002-A-009,paper.md,derived/scale/papers/CUMCM-2002-A-009/paper.md,3556B4100929F4D56319AA760B104EE0CA947F3D5B03F13F7A0DF601179225BE,PAPER,1,Q0,g8_file_source_map.csv,1,PASS
CUMCM-2002-A-011,knowledge_card.md,derived/scale/papers/CUMCM-2002-A-011/knowledge_card.md,692E269CCD325B28B511B7882675A1B77C46EFC3F7A7CEB0B4D5F563220655E8,PAPER,1,Q0,g8_file_source_map.csv,1,PASS
CUMCM-2002-A-011,metadata.yaml,derived/scale/papers/CUMCM-2002-A-011/metadata.yaml,62F65E0AE4F76EE4F236E2D50A6DDCA679FAAC41D050E0E09AC6FBCD13DCBCF2,PAPER,1,Q0,g8_file_source_map.csv,1,PASS
CUMCM-2002-A-011,paper.md,derived/scale/papers/CUMCM-2002-A-011/paper.md,A77C45CA4996F487E50554AFAD7BFE22E0C6D461B26680CBB4AB637D01230D7C,PAPER,1,Q0,g8_file_source_map.csv,1,PASS
CUMCM-2002-A-012,knowledge_card.md,derived/scale/papers/CUMCM-2002-A-012/knowledge_card.md,97E75D35885865D53F4807AD168D06648EBE2B4E6CAEBBF4A868E37B3A90B7F3,PAPER,1,Q0,g8_file_source_map.csv,1,PASS
CUMCM-2002-A-012,metadata.yaml,derived/scale/papers/CUMCM-2002-A-012/metadata.yaml,B5FA3F788D709C3DB13C2D5CD03AD27559CE5D47E8FBCD8F6790DD68EA02649C,PAPER,1,Q0,g8_file_source_map.csv,1,PASS
CUMCM-2002-A-012,paper.md,derived/scale/papers/CUMCM-2002-A-012/paper.md,845EAC42B8D7C797245E742A556F6F7B87F8594979C758FB43031CD6D48DB563,PAPER,1,Q0,g8_file_source_map.csv,1,PASS
CUMCM-2002-B-001,knowledge_card.md,derived/scale/papers/CUMCM-2002-B-001/knowledge_card.md,A0D754C3AC52E69F8A4A15CE16123F060F794F81271AB22D71F33D788EEA41B0,PAPER,1,Q0,g8_file_source_map.csv,1,PASS
CUMCM-2002-B-001,metadata.yaml,derived/scale/papers/CUMCM-2002-B-001/metadata.yaml,E19F5CCDAD2468D53DCC91F2FD7198312CD08D498A2192B6C4B9408A6C587CF3,PAPER,1,Q0,g8_file_source_map.csv,1,PASS
CUMCM-2002-B-001,paper.md,derived/scale/papers/CUMCM-2002-B-001/paper.md,845EAC42B8D7C797245E742A556F6F7B87F8594979C758FB43031CD6D48DB563,PAPER,1,Q0,g8_file_source_map.csv,1,PASS
CUMCM-2002-B-002,knowledge_card.md,derived/scale/papers/CUMCM-2002-B-002/knowledge_card.md,44DF6E15B10E66F287B8E3EC08CD643D22D97841683F95CB56095AB3F9442926,PAPER,1,Q0,g8_file_source_map.csv,1,PASS
CUMCM-2002-B-002,metadata.yaml,derived/scale/papers/CUMCM-2002-B-002/metadata.yaml,92C1E69A1E069D3F01D212CC84AC48EE3F5B26F4A271A2FB393914AAC76AF0DC,PAPER,1,Q0,g8_file_source_map.csv,1,PASS
CUMCM-2002-B-002,paper.md,derived/scale/papers/CUMCM-2002-B-002/paper.md,D2C2B9A9C3053CBA6E8268335CA5BE7D0214F512AC81C7C8AE6302E692F1088E,PAPER,1,Q0,g8_file_source_map.csv,1,PASS
CUMCM-2002-B-003,knowledge_card.md,derived/scale/papers/CUMCM-2002-B-003/knowledge_card.md,7CC91505A6EC0986482AD8556D8357C2994419133693E7C2AC7F2669090FD551,PAPER,1,Q0,g8_file_source_map.csv,1,PASS
CUMCM-2002-B-003,metadata.yaml,derived/scale/papers/CUMCM-2002-B-003/metadata.yaml,F711D156AF0AD2B126569E37CF3F5B566D2CB54D6D8A602B609EA5F9378E2FDE,PAPER,1,Q0,g8_file_source_map.csv,1,PASS
CUMCM-2002-B-003,paper.md,derived/scale/papers/CUMCM-2002-B-003/paper.md,845EAC42B8D7C797245E742A556F6F7B87F8594979C758FB43031CD6D48DB563,PAPER,1,Q0,g8_file_source_map.csv,1,PASS
CUMCM-2002-B-004,knowledge_card.md,derived/scale/papers/CUMCM-2002-B-004/knowledge_card.md,58B7EDD162542386B678E93297DBB2993E580383C29987EE47E34A61C44E9805,PAPER,1,Q0,g8_file_source_map.csv,1,PASS
CUMCM-2002-B-004,metadata.yaml,derived/scale/papers/CUMCM-2002-B-004/metadata.yaml,09E9B9660987C4E45EE46C934ECF671CD5C69F0048EE1CFACEA8DE6A138BA1DB,PAPER,1,Q0,g8_file_source_map.csv,1,PASS
CUMCM-2002-B-004,paper.md,derived/scale/papers/CUMCM-2002-B-004/paper.md,3556B4100929F4D56319AA760B104EE0CA947F3D5B03F13F7A0DF601179225BE,PAPER,1,Q0,g8_file_source_map.csv,1,PASS
CUMCM-2002-B-005,knowledge_card.md,derived/scale/papers/CUMCM-2002-B-005/knowledge_card.md,499AED974BCC4F8C00CD694BC51FC2D5DFFA857C3F6AEB6571BF5067E388E595,PAPER,1,Q0,g8_file_source_map.csv,1,PASS
CUMCM-2002-B-005,metadata.yaml,derived/scale/papers/CUMCM-2002-B-005/metadata.yaml,20AC5103CB3A179E162347CE9AFD603E48A2A1477A4C54261770062BAF39E8EE,PAPER,1,Q0,g8_file_source_map.csv,1,PASS
CUMCM-2002-B-005,paper.md,derived/scale/papers/CUMCM-2002-B-005/paper.md,845EAC42B8D7C797245E742A556F6F7B87F8594979C758FB43031CD6D48DB563,PAPER,1,Q0,g8_file_source_map.csv,1,PASS
CUMCM-2002-B-006,knowledge_card.md,derived/scale/papers/CUMCM-2002-B-006/knowledge_card.md,343437EE9AC5F5D397335997583E7D0D92C0007484BC62F5E8F67D6F45EEC604,PAPER,1,Q0,g8_file_source_map.csv,1,PASS
CUMCM-2002-B-006,metadata.yaml,derived/scale/papers/CUMCM-2002-B-006/metadata.yaml,3EE3ADB805F6860FC73EDFDC0E8E79F7EB1AC13A0B56F6C7DA5B83DC57BCF677,PAPER,1,Q0,g8_file_source_map.csv,1,PASS
CUMCM-2002-B-006,paper.md,derived/scale/papers/CUMCM-2002-B-006/paper.md,3556B4100929F4D56319AA760B104EE0CA947F3D5B03F13F7A0DF601179225BE,PAPER,1,Q0,g8_file_source_map.csv,1,PASS
CUMCM-2002-B-008,knowledge_card.md,derived/scale/papers/CUMCM-2002-B-008/knowledge_card.md,152E6BA62A44A456FD0D74DD4D75C60113DCE14F7BD1DC9BE75653A14591C33A,PAPER,1,Q0,g8_file_source_map.csv,1,PASS
CUMCM-2002-B-008,metadata.yaml,derived/scale/papers/CUMCM-2002-B-008/metadata.yaml,729B6CA1F08E453C6A98792228FB30DEE6134C994CD0D1FFA7177C86BAC2BDC6,PAPER,1,Q0,g8_file_source_map.csv,1,PASS
CUMCM-2002-B-008,paper.md,derived/scale/papers/CUMCM-2002-B-008/paper.md,3556B4100929F4D56319AA760B104EE0CA947F3D5B03F13F7A0DF601179225BE,PAPER,1,Q0,g8_file_source_map.csv,1,PASS
CUMCM-2002-B-009,knowledge_card.md,derived/scale/papers/CUMCM-2002-B-009/knowledge_card.md,28A86B33391C8E0A4C36B7DF197FDC1AF3263AF8270421E2A4F8D4C7EB7B4928,PAPER,1,Q0,g8_file_source_map.csv,1,PASS
CUMCM-2002-B-009,metadata.yaml,derived/scale/papers/CUMCM-2002-B-009/metadata.yaml,D12DFE282DC98426265571B6783B2E7E4BC898B89F61068246B8A44CD471D8B6,PAPER,1,Q0,g8_file_source_map.csv,1,PASS
CUMCM-2002-B-009,paper.md,derived/scale/papers/CUMCM-2002-B-009/paper.md,3556B4100929F4D56319AA760B104EE0CA947F3D5B03F13F7A0DF601179225BE,PAPER,1,Q0,g8_file_source_map.csv,1,PASS
CUMCM-2003-A-002,knowledge_card.md,derived/scale/papers/CUMCM-2003-A-002/knowledge_card.md,A02D198849DEADACB307A74580377516E193F8CFC0A6736C48D9B31E7D805324,PAPER,1,Q0,g8_file_source_map.csv,1,PASS
CUMCM-2003-A-002,metadata.yaml,derived/scale/papers/CUMCM-2003-A-002/metadata.yaml,DD485EAED1554C2912632A66FF9A8D6F1D1651118F002135426A30BBC1FDB6E8,PAPER,1,Q0,g8_file_source_map.csv,1,PASS
CUMCM-2003-A-002,paper.md,derived/scale/papers/CUMCM-2003-A-002/paper.md,D2C2B9A9C3053CBA6E8268335CA5BE7D0214F512AC81C7C8AE6302E692F1088E,PAPER,1,Q0,g8_file_source_map.csv,1,PASS
CUMCM-2003-A-003,knowledge_card.md,derived/scale/papers/CUMCM-2003-A-003/knowledge_card.md,02266579A33347EA83D271EA75CE5080975AC1BB6F7B2768CD59E056694DED75,PAPER,1,Q0,g8_file_source_map.csv,1,PASS
CUMCM-2003-A-003,metadata.yaml,derived/scale/papers/CUMCM-2003-A-003/metadata.yaml,3507CE73D0C38ECC885B431A42941FDD25617DF2DE42DC212066441EB212D27F,PAPER,1,Q0,g8_file_source_map.csv,1,PASS
CUMCM-2003-A-003,paper.md,derived/scale/papers/CUMCM-2003-A-003/paper.md,1C2FC324063A906FF208763D2826E0A769B059290333B0542241C22CD9C91DE8,PAPER,1,Q0,g8_file_source_map.csv,1,PASS
CUMCM-2003-A-005,knowledge_card.md,derived/scale/papers/CUMCM-2003-A-005/knowledge_card.md,5E514CC0F73434734E02DE7228A73BC0DB033136A4BB0EE7311FFD1F2A8ABE1E,PAPER,1,Q0,g8_file_source_map.csv,1,PASS
CUMCM-2003-A-005,metadata.yaml,derived/scale/papers/CUMCM-2003-A-005/metadata.yaml,54C92CDEA5EB1C793087C1DBB1A5C8395D6A56C126DBA3EBF4732D090BA80E24,PAPER,1,Q0,g8_file_source_map.csv,1,PASS
CUMCM-2003-A-005,paper.md,derived/scale/papers/CUMCM-2003-A-005/paper.md,D2C2B9A9C3053CBA6E8268335CA5BE7D0214F512AC81C7C8AE6302E692F1088E,PAPER,1,Q0,g8_file_source_map.csv,1,PASS
CUMCM-2003-A-006,knowledge_card.md,derived/scale/papers/CUMCM-2003-A-006/knowledge_card.md,7B51E283C0C253A659868A3FD7B8C28C520A14D550F7EF24226C852EE53D009D,PAPER,1,Q0,g8_file_source_map.csv,1,PASS
CUMCM-2003-A-006,metadata.yaml,derived/scale/papers/CUMCM-2003-A-006/metadata.yaml,CD4D415BC8E182ABC64C1DE40E77B35451919EE954E5EF862C8674929F203240,PAPER,1,Q0,g8_file_source_map.csv,1,PASS
CUMCM-2003-A-006,paper.md,derived/scale/papers/CUMCM-2003-A-006/paper.md,3556B4100929F4D56319AA760B104EE0CA947F3D5B03F13F7A0DF601179225BE,PAPER,1,Q0,g8_file_source_map.csv,1,PASS
CUMCM-2003-A-008,knowledge_card.md,derived/scale/papers/CUMCM-2003-A-008/knowledge_card.md,40525D6819953A47DFD84610789C9DEEA64333D8EF324A4AE2A82F461D6B7B3B,PAPER,1,Q0,g8_file_source_map.csv,1,PASS
CUMCM-2003-A-008,metadata.yaml,derived/scale/papers/CUMCM-2003-A-008/metadata.yaml,A10D5F78F1188704D2D03B7ABC1ED9B5BB6CABB05E65B54E0E042E99A8B5F09F,PAPER,1,Q0,g8_file_source_map.csv,1,PASS
CUMCM-2003-A-008,paper.md,derived/scale/papers/CUMCM-2003-A-008/paper.md,D2C2B9A9C3053CBA6E8268335CA5BE7D0214F512AC81C7C8AE6302E692F1088E,PAPER,1,Q0,g8_file_source_map.csv,1,PASS
CUMCM-2003-B-001,knowledge_card.md,derived/scale/papers/CUMCM-2003-B-001/knowledge_card.md,4DEB86464B409F8414DED71CF9CBEDB5DDE7B0ADB90BA9AD8EF61B187B064B36,PAPER,1,Q0,g8_file_source_map.csv,1,PASS
CUMCM-2003-B-001,metadata.yaml,derived/scale/papers/CUMCM-2003-B-001/metadata.yaml,3DD7E50520C2B2CBA7B0FFC2E85740CE9896D137A09942077FED241EB92FB0D4,PAPER,1,Q0,g8_file_source_map.csv,1,PASS
CUMCM-2003-B-001,paper.md,derived/scale/papers/CUMCM-2003-B-001/paper.md,A77C45CA4996F487E50554AFAD7BFE22E0C6D461B26680CBB4AB637D01230D7C,PAPER,1,Q0,g8_file_source_map.csv,1,PASS
CUMCM-2003-B-005,knowledge_card.md,derived/scale/papers/CUMCM-2003-B-005/knowledge_card.md,2F65DC09DADEEE961E72E92AB820C5580B2E7C3B7C8CAFBC7779BBA4E7BE409A,PAPER,1,Q0,g8_file_source_map.csv,1,PASS
CUMCM-2003-B-005,metadata.yaml,derived/scale/papers/CUMCM-2003-B-005/metadata.yaml,344576AFD9C3D1F14BB78BAFD614B6DFFBD91A191EDE8896818A81EDCE20AE26,PAPER,1,Q0,g8_file_source_map.csv,1,PASS
CUMCM-2003-B-005,paper.md,derived/scale/papers/CUMCM-2003-B-005/paper.md,845EAC42B8D7C797245E742A556F6F7B87F8594979C758FB43031CD6D48DB563,PAPER,1,Q0,g8_file_source_map.csv,1,PASS
CUMCM-2003-B-007,knowledge_card.md,derived/scale/papers/CUMCM-2003-B-007/knowledge_card.md,14F5491BD016A88F8BDFF9024DB931C8869CAF747B6FB559D21971882233CA7B,PAPER,1,Q0,g8_file_source_map.csv,1,PASS
CUMCM-2003-B-007,metadata.yaml,derived/scale/papers/CUMCM-2003-B-007/metadata.yaml,7F0973C26AA30F6E1AFD913D5F62D51C3C6E4F950BD26B293DE40A70B559ED63,PAPER,1,Q0,g8_file_source_map.csv,1,PASS
CUMCM-2003-B-007,paper.md,derived/scale/papers/CUMCM-2003-B-007/paper.md,845EAC42B8D7C797245E742A556F6F7B87F8594979C758FB43031CD6D48DB563,PAPER,1,Q0,g8_file_source_map.csv,1,PASS
CUMCM-2003-B-008,knowledge_card.md,derived/scale/papers/CUMCM-2003-B-008/knowledge_card.md,A3DC123C8EC02099FFB2CE3A257DBF90D90353BC8FF31362610C0B7709BCBA45,PAPER,1,Q0,g8_file_source_map.csv,1,PASS
CUMCM-2003-B-008,metadata.yaml,derived/scale/papers/CUMCM-2003-B-008/metadata.yaml,6328EC91A4364DF9CE99D964B06F0EE62CD693AE4AD751132ED6F9BB590290F2,PAPER,1,Q0,g8_file_source_map.csv,1,PASS
CUMCM-2003-B-008,paper.md,derived/scale/papers/CUMCM-2003-B-008/paper.md,A77C45CA4996F487E50554AFAD7BFE22E0C6D461B26680CBB4AB637D01230D7C,PAPER,1,Q0,g8_file_source_map.csv,1,PASS
CUMCM-2003-B-009,knowledge_card.md,derived/scale/papers/CUMCM-2003-B-009/knowledge_card.md,A75C81A8D65C95BB0DEBB3FEA2BCB7C7C576E1407C7D8B526351701B846A79CD,PAPER,1,Q0,g8_file_source_map.csv,1,PASS
CUMCM-2003-B-009,metadata.yaml,derived/scale/papers/CUMCM-2003-B-009/metadata.yaml,84EFBEB6257A4E7BBC0A2C22B1ADF54898522D35FDA7D73945D67DEB250EDB99,PAPER,1,Q0,g8_file_source_map.csv,1,PASS
CUMCM-2003-B-009,paper.md,derived/scale/papers/CUMCM-2003-B-009/paper.md,D2C2B9A9C3053CBA6E8268335CA5BE7D0214F512AC81C7C8AE6302E692F1088E,PAPER,1,Q0,g8_file_source_map.csv,1,PASS
CUMCM-2003-D-001,knowledge_card.md,derived/scale/papers/CUMCM-2003-D-001/knowledge_card.md,31B1DB761C271EF60C72E3FB68DBB6DE2294AD11E08FD6ADFDE8F2B9E116B952,PAPER,1,Q0,g8_file_source_map.csv,1,PASS
CUMCM-2003-D-001,metadata.yaml,derived/scale/papers/CUMCM-2003-D-001/metadata.yaml,D1C7509B51C4F095F8BF5C0D195C2D89C82C619B331C201F9FE6D23F04F8E715,PAPER,1,Q0,g8_file_source_map.csv,1,PASS
CUMCM-2003-D-001,paper.md,derived/scale/papers/CUMCM-2003-D-001/paper.md,845EAC42B8D7C797245E742A556F6F7B87F8594979C758FB43031CD6D48DB563,PAPER,1,Q0,g8_file_source_map.csv,1,PASS
CUMCM-2003-D-002,knowledge_card.md,derived/scale/papers/CUMCM-2003-D-002/knowledge_card.md,C4099334FCF29C06E29F65CA6D5084FE75531EB54E605F092028588588F89698,PAPER,1,Q0,g8_file_source_map.csv,1,PASS
CUMCM-2003-D-002,metadata.yaml,derived/scale/papers/CUMCM-2003-D-002/metadata.yaml,4441C4C8E66B9FC8CE740449646690962FDE082EEFC623FB680878034FD62D0F,PAPER,1,Q0,g8_file_source_map.csv,1,PASS
CUMCM-2003-D-002,paper.md,derived/scale/papers/CUMCM-2003-D-002/paper.md,A77C45CA4996F487E50554AFAD7BFE22E0C6D461B26680CBB4AB637D01230D7C,PAPER,1,Q0,g8_file_source_map.csv,1,PASS
CUMCM-2003-D-003,knowledge_card.md,derived/scale/papers/CUMCM-2003-D-003/knowledge_card.md,E01139A54775A446A385B2268F21DFDCCB98A1445B1BA5F27FBC44ED893C2049,PAPER,1,Q0,g8_file_source_map.csv,1,PASS
CUMCM-2003-D-003,metadata.yaml,derived/scale/papers/CUMCM-2003-D-003/metadata.yaml,0E6875A0BD4297871D5E990424409549CB8E193BD713F1CA0B3B254ADE200BF7,PAPER,1,Q0,g8_file_source_map.csv,1,PASS
CUMCM-2003-D-003,paper.md,derived/scale/papers/CUMCM-2003-D-003/paper.md,A77C45CA4996F487E50554AFAD7BFE22E0C6D461B26680CBB4AB637D01230D7C,PAPER,1,Q0,g8_file_source_map.csv,1,PASS
CUMCM-2003-D-004,knowledge_card.md,derived/scale/papers/CUMCM-2003-D-004/knowledge_card.md,FFD45B9013C0B1D306A824289D3AED11587D80AF05666FACE35A031A01601D67,PAPER,1,Q0,g8_file_source_map.csv,1,PASS
CUMCM-2003-D-004,metadata.yaml,derived/scale/papers/CUMCM-2003-D-004/metadata.yaml,54ED582F060BDEE8B45D67FC3A055073CB8609A8CA2E27150DDC31E08A4284DF,PAPER,1,Q0,g8_file_source_map.csv,1,PASS
CUMCM-2003-D-004,paper.md,derived/scale/papers/CUMCM-2003-D-004/paper.md,845EAC42B8D7C797245E742A556F6F7B87F8594979C758FB43031CD6D48DB563,PAPER,1,Q0,g8_file_source_map.csv,1,PASS
CUMCM-2004-B-001,knowledge_card.md,derived/scale/papers/CUMCM-2004-B-001/knowledge_card.md,42F0C3A4223048F6FC66E2C70F53F0A8CD51A5B1B611D48329A07FF169F91D18,PAPER,1,Q0,g8_file_source_map.csv,1,PASS
CUMCM-2004-B-001,metadata.yaml,derived/scale/papers/CUMCM-2004-B-001/metadata.yaml,4AE6CDE0A509CAAA0E3F138A1F70841CD4B6FAD992C3317C67C65CB086882C45,PAPER,1,Q0,g8_file_source_map.csv,1,PASS
CUMCM-2004-B-001,paper.md,derived/scale/papers/CUMCM-2004-B-001/paper.md,F501017C13D9B29686DD922D65EDC0CD658E90E82A5785E427A2D829537C8626,PAPER,1,Q0,g8_file_source_map.csv,1,PASS
CUMCM-2005-A-001,knowledge_card.md,derived/scale/papers/CUMCM-2005-A-001/knowledge_card.md,FC2C2B917AE8573DCEAC72A45A9E93D2FB43414B47F3AAA3F4155A14B776F5D8,PAPER,1,Q0,g8_file_source_map.csv,1,PASS
CUMCM-2005-A-001,metadata.yaml,derived/scale/papers/CUMCM-2005-A-001/metadata.yaml,E8BCE3A46873E31C0E8B200CF3F5EEBF8CCD12EF9DB261A433047C92C3CC5B26,PAPER,1,Q0,g8_file_source_map.csv,1,PASS
CUMCM-2005-A-001,paper.md,derived/scale/papers/CUMCM-2005-A-001/paper.md,2EEBBD295DAA69E745D4D3A60E17C0CEEF5CCD2C3D4B962C1E8FD4F59535AFD8,PAPER,1,Q0,g8_file_source_map.csv,1,PASS
CUMCM-2005-A-002,knowledge_card.md,derived/scale/papers/CUMCM-2005-A-002/knowledge_card.md,2E3931FD9FE1DA71550C6B4EED352BEAEE6F456EF0C3F386A707BBB42F950383,PAPER,1,Q0,g8_file_source_map.csv,1,PASS
CUMCM-2005-A-002,metadata.yaml,derived/scale/papers/CUMCM-2005-A-002/metadata.yaml,E15452A0057E57B8704F1B835A3D451CF61855AE2995968B82AB6F639AA4323E,PAPER,1,Q0,g8_file_source_map.csv,1,PASS
CUMCM-2005-A-002,paper.md,derived/scale/papers/CUMCM-2005-A-002/paper.md,3556B4100929F4D56319AA760B104EE0CA947F3D5B03F13F7A0DF601179225BE,PAPER,1,Q0,g8_file_source_map.csv,1,PASS
CUMCM-2005-A-003,knowledge_card.md,derived/scale/papers/CUMCM-2005-A-003/knowledge_card.md,B0D1207AC1496B5202E7189A9F3EC5747FD757FE53F9D3A7DF88A40170686117,PAPER,1,Q0,g8_file_source_map.csv,1,PASS
CUMCM-2005-A-003,metadata.yaml,derived/scale/papers/CUMCM-2005-A-003/metadata.yaml,1DF269F22A945F798841B061ECBBA7FAFEF3121C27141A04148B85DDCD21A388,PAPER,1,Q0,g8_file_source_map.csv,1,PASS
CUMCM-2005-A-003,paper.md,derived/scale/papers/CUMCM-2005-A-003/paper.md,1C2FC324063A906FF208763D2826E0A769B059290333B0542241C22CD9C91DE8,PAPER,1,Q0,g8_file_source_map.csv,1,PASS
CUMCM-2005-A-004,knowledge_card.md,derived/scale/papers/CUMCM-2005-A-004/knowledge_card.md,FB5066BC9312C1DD4C3EE5E8F30EB2631E8C334ABF884C34AB3A2728298E952F,PAPER,1,Q0,g8_file_source_map.csv,1,PASS
CUMCM-2005-A-004,metadata.yaml,derived/scale/papers/CUMCM-2005-A-004/metadata.yaml,54489EA8030335EBCF8A2D190593BBFEAC620D9539183223FA5CEC4A185DFC5F,PAPER,1,Q0,g8_file_source_map.csv,1,PASS
CUMCM-2005-A-004,paper.md,derived/scale/papers/CUMCM-2005-A-004/paper.md,3556B4100929F4D56319AA760B104EE0CA947F3D5B03F13F7A0DF601179225BE,PAPER,1,Q0,g8_file_source_map.csv,1,PASS
CUMCM-2005-A-005,knowledge_card.md,derived/scale/papers/CUMCM-2005-A-005/knowledge_card.md,F44D0A8AAD268C6AFF42E18B4935FF85B4C0C657EAEA83CAECBD1310D4B71785,PAPER,1,Q0,g8_file_source_map.csv,1,PASS
CUMCM-2005-A-005,metadata.yaml,derived/scale/papers/CUMCM-2005-A-005/metadata.yaml,CF923C4EB3DFA29FE43F5B3955DA790F7A6607EF621129E3C4CB75AA2FA80163,PAPER,1,Q0,g8_file_source_map.csv,1,PASS
CUMCM-2005-A-005,paper.md,derived/scale/papers/CUMCM-2005-A-005/paper.md,3556B4100929F4D56319AA760B104EE0CA947F3D5B03F13F7A0DF601179225BE,PAPER,1,Q0,g8_file_source_map.csv,1,PASS
CUMCM-2005-A-006,knowledge_card.md,derived/scale/papers/CUMCM-2005-A-006/knowledge_card.md,B40C0D429C49B37C2A0C33480A11223190FE6C613F6AB3B0257D0500AA633940,PAPER,1,Q0,g8_file_source_map.csv,1,PASS
CUMCM-2005-A-006,metadata.yaml,derived/scale/papers/CUMCM-2005-A-006/metadata.yaml,F074C31572AB5FAE54C686C55150D83325EFAB459078F7EF7F7F782803133CA7,PAPER,1,Q0,g8_file_source_map.csv,1,PASS
CUMCM-2005-A-006,paper.md,derived/scale/papers/CUMCM-2005-A-006/paper.md,3556B4100929F4D56319AA760B104EE0CA947F3D5B03F13F7A0DF601179225BE,PAPER,1,Q0,g8_file_source_map.csv,1,PASS
CUMCM-2005-A-007,knowledge_card.md,derived/scale/papers/CUMCM-2005-A-007/knowledge_card.md,F9663EFCB60712255BA22994B40D223AC8EA234597E636F0A2DFE802FC53EF03,PAPER,1,Q0,g8_file_source_map.csv,1,PASS
CUMCM-2005-A-007,metadata.yaml,derived/scale/papers/CUMCM-2005-A-007/metadata.yaml,3B233760D0668216EBA2347E1DE2DCB1D8B0DE5446A651200BEC845D580AC819,PAPER,1,Q0,g8_file_source_map.csv,1,PASS
CUMCM-2005-A-007,paper.md,derived/scale/papers/CUMCM-2005-A-007/paper.md,3556B4100929F4D56319AA760B104EE0CA947F3D5B03F13F7A0DF601179225BE,PAPER,1,Q0,g8_file_source_map.csv,1,PASS
CUMCM-2005-B-002,knowledge_card.md,derived/scale/papers/CUMCM-2005-B-002/knowledge_card.md,3296390FA5D1403BB3AF8E9EFB6980B4B6EA54BDA70DAE3680D68EC997F1FD68,PAPER,1,Q0,g8_file_source_map.csv,1,PASS
CUMCM-2005-B-002,metadata.yaml,derived/scale/papers/CUMCM-2005-B-002/metadata.yaml,7FBCBD83BCED3F835DF1FA30148A1F02A5709A43ACDE0890764C03CF56638E18,PAPER,1,Q0,g8_file_source_map.csv,1,PASS
CUMCM-2005-B-002,paper.md,derived/scale/papers/CUMCM-2005-B-002/paper.md,845EAC42B8D7C797245E742A556F6F7B87F8594979C758FB43031CD6D48DB563,PAPER,1,Q0,g8_file_source_map.csv,1,PASS
CUMCM-2005-B-003,knowledge_card.md,derived/scale/papers/CUMCM-2005-B-003/knowledge_card.md,A207547572D42EFC36E07F06553C17B88859E71B3B363A040D58714045306992,PAPER,1,Q0,g8_file_source_map.csv,1,PASS
CUMCM-2005-B-003,metadata.yaml,derived/scale/papers/CUMCM-2005-B-003/metadata.yaml,D3E5F563F899AABE87351D44C3C6F4A9C4E6E1B78A34FC72114FCAC45B8B16DC,PAPER,1,Q0,g8_file_source_map.csv,1,PASS
CUMCM-2005-B-003,paper.md,derived/scale/papers/CUMCM-2005-B-003/paper.md,1D9182549363CD07A8F3D657C2AD60D5197D3991577AD22ACB1BFC0A2C456E59,PAPER,1,Q0,g8_file_source_map.csv,1,PASS
CUMCM-2005-B-004,knowledge_card.md,derived/scale/papers/CUMCM-2005-B-004/knowledge_card.md,F254D8A7A5B4FE1362776FB3126C9B2B117AFC1B475CB9F213E084EFFF320336,PAPER,1,Q0,g8_file_source_map.csv,1,PASS
CUMCM-2005-B-004,metadata.yaml,derived/scale/papers/CUMCM-2005-B-004/metadata.yaml,70790FDDCD6597B3F4806922F908092A512F1C3E9BF26D29840E720DC48C5A6A,PAPER,1,Q0,g8_file_source_map.csv,1,PASS
CUMCM-2005-B-004,paper.md,derived/scale/papers/CUMCM-2005-B-004/paper.md,845EAC42B8D7C797245E742A556F6F7B87F8594979C758FB43031CD6D48DB563,PAPER,1,Q0,g8_file_source_map.csv,1,PASS
CUMCM-2005-B-005,knowledge_card.md,derived/scale/papers/CUMCM-2005-B-005/knowledge_card.md,B715079133F26D23E4E03912DE9D90A1921E7DB46080D8F73516090048FAF46E,PAPER,1,Q0,g8_file_source_map.csv,1,PASS
CUMCM-2005-B-005,metadata.yaml,derived/scale/papers/CUMCM-2005-B-005/metadata.yaml,5D472FE5F16DCFF2D96D280FAA8510498D552515D26957EFF9CD7B4906D5B9D1,PAPER,1,Q0,g8_file_source_map.csv,1,PASS
CUMCM-2005-B-005,paper.md,derived/scale/papers/CUMCM-2005-B-005/paper.md,1C2FC324063A906FF208763D2826E0A769B059290333B0542241C22CD9C91DE8,PAPER,1,Q0,g8_file_source_map.csv,1,PASS
CUMCM-2005-B-006,knowledge_card.md,derived/scale/papers/CUMCM-2005-B-006/knowledge_card.md,1BD0F64159599D8C3DE8F05647159313A02F751D4A48A4C964C83110AC82C6BA,PAPER,1,Q0,g8_file_source_map.csv,1,PASS
CUMCM-2005-B-006,metadata.yaml,derived/scale/papers/CUMCM-2005-B-006/metadata.yaml,CA0B8125E734B6FD508F1777B534F0640E23D17DD1BB5772BDC823929B58BE27,PAPER,1,Q0,g8_file_source_map.csv,1,PASS
CUMCM-2005-B-006,paper.md,derived/scale/papers/CUMCM-2005-B-006/paper.md,747914D495F481AEA94B89B6481B5B807695DFAC4C1C281DE639E2F58A4F0997,PAPER,1,Q0,g8_file_source_map.csv,1,PASS
CUMCM-2005-B-007,knowledge_card.md,derived/scale/papers/CUMCM-2005-B-007/knowledge_card.md,94EACB3260E8C11A7CB7C160D9656C569167916956F9470B892D9739F0349C9B,PAPER,1,Q0,g8_file_source_map.csv,1,PASS
CUMCM-2005-B-007,metadata.yaml,derived/scale/papers/CUMCM-2005-B-007/metadata.yaml,8DFAFBDD58C80C58381AA6716743CB792AA71360D25198021032BA3D8CC10BFD,PAPER,1,Q0,g8_file_source_map.csv,1,PASS
CUMCM-2005-B-007,paper.md,derived/scale/papers/CUMCM-2005-B-007/paper.md,1C2FC324063A906FF208763D2826E0A769B059290333B0542241C22CD9C91DE8,PAPER,1,Q0,g8_file_source_map.csv,1,PASS
CUMCM-2005-C-001,knowledge_card.md,derived/scale/papers/CUMCM-2005-C-001/knowledge_card.md,FC5919196F0F46C240F2ECE50EF0297219780CC54EAE9CA4D651ADF6BC860AAD,PAPER,1,Q0,g8_file_source_map.csv,1,PASS
CUMCM-2005-C-001,metadata.yaml,derived/scale/papers/CUMCM-2005-C-001/metadata.yaml,0423CDE8E24F00531F4AF4787DB74F27C0E34FFE8601688993E5582D5C7B14D4,PAPER,1,Q0,g8_file_source_map.csv,1,PASS
CUMCM-2005-C-001,paper.md,derived/scale/papers/CUMCM-2005-C-001/paper.md,747914D495F481AEA94B89B6481B5B807695DFAC4C1C281DE639E2F58A4F0997,PAPER,1,Q0,g8_file_source_map.csv,1,PASS
CUMCM-2005-C-002,knowledge_card.md,derived/scale/papers/CUMCM-2005-C-002/knowledge_card.md,D20992AE89497F6507119DC49BC77F04CACE9595A3230F3E66034C9889E48082,PAPER,1,Q0,g8_file_source_map.csv,1,PASS
CUMCM-2005-C-002,metadata.yaml,derived/scale/papers/CUMCM-2005-C-002/metadata.yaml,6251DA58A6DE19F7BE6D6AA8162BD46456075C02C83C94636364BEA3B7A6C81C,PAPER,1,Q0,g8_file_source_map.csv,1,PASS
CUMCM-2005-C-002,paper.md,derived/scale/papers/CUMCM-2005-C-002/paper.md,1D9182549363CD07A8F3D657C2AD60D5197D3991577AD22ACB1BFC0A2C456E59,PAPER,1,Q0,g8_file_source_map.csv,1,PASS
CUMCM-2005-C-004,knowledge_card.md,derived/scale/papers/CUMCM-2005-C-004/knowledge_card.md,0E30E449EE1771BDB00332398988017681B167A42AB734505FAE3EEB206EF92D,PAPER,1,Q0,g8_file_source_map.csv,1,PASS
CUMCM-2005-C-004,metadata.yaml,derived/scale/papers/CUMCM-2005-C-004/metadata.yaml,75C8B6358ECBF4CD568D97A3A40BAE70F786BB0491580B2A62A2666938C8D65C,PAPER,1,Q0,g8_file_source_map.csv,1,PASS
CUMCM-2005-C-004,paper.md,derived/scale/papers/CUMCM-2005-C-004/paper.md,3556B4100929F4D56319AA760B104EE0CA947F3D5B03F13F7A0DF601179225BE,PAPER,1,Q0,g8_file_source_map.csv,1,PASS
CUMCM-2005-C-005,knowledge_card.md,derived/scale/papers/CUMCM-2005-C-005/knowledge_card.md,E42E5D7167706E772D8839C84152E0458714697EB6BDC51CBB3855B7D8FD703B,PAPER,1,Q0,g8_file_source_map.csv,1,PASS
CUMCM-2005-C-005,metadata.yaml,derived/scale/papers/CUMCM-2005-C-005/metadata.yaml,86B69F404B073E56445505BC216B583DEE1ECAC7C65F3FE148ECC78853092583,PAPER,1,Q0,g8_file_source_map.csv,1,PASS
CUMCM-2005-C-005,paper.md,derived/scale/papers/CUMCM-2005-C-005/paper.md,747914D495F481AEA94B89B6481B5B807695DFAC4C1C281DE639E2F58A4F0997,PAPER,1,Q0,g8_file_source_map.csv,1,PASS
CUMCM-2005-C-006,knowledge_card.md,derived/scale/papers/CUMCM-2005-C-006/knowledge_card.md,ADE6AAB5EACA787A0F324954BDA486FF28FEAB6D9EEFA9370872AB014722D43F,PAPER,1,Q0,g8_file_source_map.csv,1,PASS
CUMCM-2005-C-006,metadata.yaml,derived/scale/papers/CUMCM-2005-C-006/metadata.yaml,4FDB5725760E61E21B12ED18D42CAEBC6AE2BBFEFDCD63A63EAC532B1EABFC4E,PAPER,1,Q0,g8_file_source_map.csv,1,PASS
CUMCM-2005-C-006,paper.md,derived/scale/papers/CUMCM-2005-C-006/paper.md,96063CBA314A4F2CBA5DBE2319045D111F6D07789F83372C519D124C7AA4C1B2,PAPER,1,Q0,g8_file_source_map.csv,1,PASS
CUMCM-2006-A-001,knowledge_card.md,derived/scale/papers/CUMCM-2006-A-001/knowledge_card.md,1F4A545D10A34F5071DEBF84694EB4B5D691EEC150060445775347EFA9CBA7DF,PAPER,1,Q0,g8_file_source_map.csv,1,PASS
CUMCM-2006-A-001,metadata.yaml,derived/scale/papers/CUMCM-2006-A-001/metadata.yaml,E6C58F3C154A91DFDE31B79BF3639BAF7F2951D7CE1B131C4DD28799747EF7FC,PAPER,1,Q0,g8_file_source_map.csv,1,PASS
CUMCM-2006-A-001,paper.md,derived/scale/papers/CUMCM-2006-A-001/paper.md,F711F303D778F4FCC8FBC4213E499B268F53ABFF7CCB69BACDD3DD5D6C2676CE,PAPER,1,Q0,g8_file_source_map.csv,1,PASS
CUMCM-2006-A-002,knowledge_card.md,derived/scale/papers/CUMCM-2006-A-002/knowledge_card.md,73452D9BD513DC4939B4A66B97991A97768010FB8AD885A2990FB513F08F103B,PAPER,1,Q0,g8_file_source_map.csv,1,PASS
CUMCM-2006-A-002,metadata.yaml,derived/scale/papers/CUMCM-2006-A-002/metadata.yaml,18F339D56B91EF3730058A4EC7015E4A4B8B629ED934D8ABB00076738D1B96FC,PAPER,1,Q0,g8_file_source_map.csv,1,PASS
CUMCM-2006-A-002,paper.md,derived/scale/papers/CUMCM-2006-A-002/paper.md,B6404540EF2A74C970DEAC82C803AE4DC23ED95E434CAB505B84EB569E9013BF,PAPER,1,Q0,g8_file_source_map.csv,1,PASS
CUMCM-2006-A-003,knowledge_card.md,derived/scale/papers/CUMCM-2006-A-003/knowledge_card.md,266E1A04F8285B4BDA94D4B64E38FEABD5517B4E0F3C545914372FC69CDF0680,PAPER,1,Q0,g8_file_source_map.csv,1,PASS
CUMCM-2006-A-003,metadata.yaml,derived/scale/papers/CUMCM-2006-A-003/metadata.yaml,4DDCE9DF96798CFBC560BAB79E5CF7B1C0C57E45DC75DD49EE8CEAA2AA8F1AC8,PAPER,1,Q0,g8_file_source_map.csv,1,PASS
CUMCM-2006-A-003,paper.md,derived/scale/papers/CUMCM-2006-A-003/paper.md,57E1B342397333BC57B3F19314DAC820604D6C4F3FBAD2940F036442A24A1209,PAPER,1,Q0,g8_file_source_map.csv,1,PASS
CUMCM-2006-A-004,knowledge_card.md,derived/scale/papers/CUMCM-2006-A-004/knowledge_card.md,AB130BA7CC0FEC75502A52989953B36FB965FC37188D143F25B1D2F931A3B0E6,PAPER,1,Q0,g8_file_source_map.csv,1,PASS
CUMCM-2006-A-004,metadata.yaml,derived/scale/papers/CUMCM-2006-A-004/metadata.yaml,F56BBA80899DAF73798F8C1B0EDDF9D0F0EE79BBCD335AA10711F228670F9B49,PAPER,1,Q0,g8_file_source_map.csv,1,PASS
CUMCM-2006-A-004,paper.md,derived/scale/papers/CUMCM-2006-A-004/paper.md,F455474AB5D561BFD69A7BFC38BBE1409CF1AAC62F2E3B513A7F9F4AFBA850DE,PAPER,1,Q0,g8_file_source_map.csv,1,PASS
CUMCM-2006-A-006,knowledge_card.md,derived/scale/papers/CUMCM-2006-A-006/knowledge_card.md,1C5115C60ED39044C360ACED01C3B1967A573AF2DEF722AFF716702933ED21C4,PAPER,1,Q2,g8_file_source_map.csv,1,PASS
CUMCM-2006-A-006,metadata.yaml,derived/scale/papers/CUMCM-2006-A-006/metadata.yaml,787B469C8478F464CD006941A5C0589115DF2616792D4BE8A339BBC2A301082A,PAPER,1,Q2,g8_file_source_map.csv,1,PASS
CUMCM-2006-A-006,paper.md,derived/scale/papers/CUMCM-2006-A-006/paper.md,4F6C0533E983322D444BFBE033DB3C669E627302AC98B26C7D684A427BD2F39F,PAPER,1,Q2,g8_file_source_map.csv,1,PASS
CUMCM-2006-A-007,knowledge_card.md,derived/scale/papers/CUMCM-2006-A-007/knowledge_card.md,EF7DDB9F998CA862B0BFCC1B90C23A5A875B87F1318DDD1174D7AF6705FEABFE,PAPER,1,Q0,g8_file_source_map.csv,1,PASS
CUMCM-2006-A-007,metadata.yaml,derived/scale/papers/CUMCM-2006-A-007/metadata.yaml,23CCFA6611FA496052BE08440DFB49CC7D97F0DF403954467BBE2A30A62473A7,PAPER,1,Q0,g8_file_source_map.csv,1,PASS
CUMCM-2006-A-007,paper.md,derived/scale/papers/CUMCM-2006-A-007/paper.md,B3246C36293AD4E1270D5F165CC589A0C25142FF400E1BC33C539B75F456AC31,PAPER,1,Q0,g8_file_source_map.csv,1,PASS
CUMCM-2006-B-001,knowledge_card.md,derived/scale/papers/CUMCM-2006-B-001/knowledge_card.md,352E3EC290D3C89DE4F8EE7321CBD952E8711E7AC83BB36F4CE5E4E8B9472278,PAPER,1,Q0,g8_file_source_map.csv,1,PASS
CUMCM-2006-B-001,metadata.yaml,derived/scale/papers/CUMCM-2006-B-001/metadata.yaml,F871E163AED17934CA628C67417362B7D31FE89CFD2B2850DE792D96014FA322,PAPER,1,Q0,g8_file_source_map.csv,1,PASS
CUMCM-2006-B-001,paper.md,derived/scale/papers/CUMCM-2006-B-001/paper.md,2EEBBD295DAA69E745D4D3A60E17C0CEEF5CCD2C3D4B962C1E8FD4F59535AFD8,PAPER,1,Q0,g8_file_source_map.csv,1,PASS
CUMCM-2006-B-002,knowledge_card.md,derived/scale/papers/CUMCM-2006-B-002/knowledge_card.md,EE54B6E75E336DF56F715784B760D74DCB86390B14955455A7CBDC214EC3C70C,PAPER,1,Q0,g8_file_source_map.csv,1,PASS
CUMCM-2006-B-002,metadata.yaml,derived/scale/papers/CUMCM-2006-B-002/metadata.yaml,B592BFB0DEF890568EE4AC5D85B442E408ABCCC35221074F8B4D60605587D864,PAPER,1,Q0,g8_file_source_map.csv,1,PASS
CUMCM-2006-B-002,paper.md,derived/scale/papers/CUMCM-2006-B-002/paper.md,F711F303D778F4FCC8FBC4213E499B268F53ABFF7CCB69BACDD3DD5D6C2676CE,PAPER,1,Q0,g8_file_source_map.csv,1,PASS
CUMCM-2006-B-003,knowledge_card.md,derived/scale/papers/CUMCM-2006-B-003/knowledge_card.md,D792CC40900FE5F2A8BCD4AC751E234BBCE79572D7CAA6E5CA25FBEE2F5BCBC5,PAPER,1,Q0,g8_file_source_map.csv,1,PASS
CUMCM-2006-B-003,metadata.yaml,derived/scale/papers/CUMCM-2006-B-003/metadata.yaml,36D7704F4BF6D06F5405C0BA92E288EF2B8D4E9F1E86261808D3FDB5289928E2,PAPER,1,Q0,g8_file_source_map.csv,1,PASS
CUMCM-2006-B-003,paper.md,derived/scale/papers/CUMCM-2006-B-003/paper.md,6E52BB601D33510DA169F61B0E1C18631BEEC5D9221889662F04E1364B3CFA04,PAPER,1,Q0,g8_file_source_map.csv,1,PASS
CUMCM-2006-B-004,knowledge_card.md,derived/scale/papers/CUMCM-2006-B-004/knowledge_card.md,6B4D9C958A6B7866955187E446671DED298370B6B83A5FA4143348EFBA7156DC,PAPER,1,Q0,g8_file_source_map.csv,1,PASS
CUMCM-2006-B-004,metadata.yaml,derived/scale/papers/CUMCM-2006-B-004/metadata.yaml,CED416F04BD2C6AF542C9D13C0C28BFA188D68558ECBD68943A638835A99AF6D,PAPER,1,Q0,g8_file_source_map.csv,1,PASS
CUMCM-2006-B-004,paper.md,derived/scale/papers/CUMCM-2006-B-004/paper.md,B1528F2EBA4BA48539DE1B6F0BD32C20EC358577E8B0E841E24563E04A40C30D,PAPER,1,Q0,g8_file_source_map.csv,1,PASS
CUMCM-2006-B-005,knowledge_card.md,derived/scale/papers/CUMCM-2006-B-005/knowledge_card.md,39EF8F2BDC0752FD7166BD0DDCF69CF5C7A8949C7A9AB1EB0E738170883D78D8,PAPER,1,Q0,g8_file_source_map.csv,1,PASS
CUMCM-2006-B-005,metadata.yaml,derived/scale/papers/CUMCM-2006-B-005/metadata.yaml,56EC59ED9D055759DC65D7599ABCD0F11FFAE06A19AA19BBDBB5F872A9B440E9,PAPER,1,Q0,g8_file_source_map.csv,1,PASS
CUMCM-2006-B-005,paper.md,derived/scale/papers/CUMCM-2006-B-005/paper.md,D2C2B9A9C3053CBA6E8268335CA5BE7D0214F512AC81C7C8AE6302E692F1088E,PAPER,1,Q0,g8_file_source_map.csv,1,PASS
CUMCM-2007-A-001,knowledge_card.md,derived/scale/papers/CUMCM-2007-A-001/knowledge_card.md,2679929F1C59DEED2D7E735EC72D6F9862192D6971711D42DFB774DC444DDB23,PAPER,1,Q0,g8_file_source_map.csv,1,PASS
CUMCM-2007-A-001,metadata.yaml,derived/scale/papers/CUMCM-2007-A-001/metadata.yaml,A07E03F5B5A9A10179B828823691DE28B33B7CD881F46C385DD60408FB928C21,PAPER,1,Q0,g8_file_source_map.csv,1,PASS
CUMCM-2007-A-001,paper.md,derived/scale/papers/CUMCM-2007-A-001/paper.md,B1528F2EBA4BA48539DE1B6F0BD32C20EC358577E8B0E841E24563E04A40C30D,PAPER,1,Q0,g8_file_source_map.csv,1,PASS
CUMCM-2007-A-003,knowledge_card.md,derived/scale/papers/CUMCM-2007-A-003/knowledge_card.md,33AD3B634638510F9A61F721CA1673ED368E2EE028F20C96C4688A6BB2F9B2F1,PAPER,1,Q0,g8_file_source_map.csv,1,PASS
CUMCM-2007-A-003,metadata.yaml,derived/scale/papers/CUMCM-2007-A-003/metadata.yaml,7DAAA6E3279BC4FC63DF3447D7E658CA7AD7C200A302BD42DEE3ACBD42FCAF60,PAPER,1,Q0,g8_file_source_map.csv,1,PASS
CUMCM-2007-A-003,paper.md,derived/scale/papers/CUMCM-2007-A-003/paper.md,B3246C36293AD4E1270D5F165CC589A0C25142FF400E1BC33C539B75F456AC31,PAPER,1,Q0,g8_file_source_map.csv,1,PASS
CUMCM-2007-A-004,knowledge_card.md,derived/scale/papers/CUMCM-2007-A-004/knowledge_card.md,C5B87ADBACFB1555128DA84BFD13FA63D7B017E59D0653036158486B3F0F7636,PAPER,1,Q0,g8_file_source_map.csv,1,PASS
CUMCM-2007-A-004,metadata.yaml,derived/scale/papers/CUMCM-2007-A-004/metadata.yaml,667DC3D44F13146E0B9ADE964E82EC6B52110277B55AFC6EF87901791649A635,PAPER,1,Q0,g8_file_source_map.csv,1,PASS
CUMCM-2007-A-004,paper.md,derived/scale/papers/CUMCM-2007-A-004/paper.md,2DF3EA63A1E4C006F318187DD9AF70A89087EF7786A5332F190F6B65FC1600DF,PAPER,1,Q0,g8_file_source_map.csv,1,PASS
CUMCM-2007-A-006,knowledge_card.md,derived/scale/papers/CUMCM-2007-A-006/knowledge_card.md,D66F0AF54382FADE3EEE1AE530E16A7DD1F350F48A26925EED370F5BE8319695,PAPER,1,Q0,g8_file_source_map.csv,1,PASS
CUMCM-2007-A-006,metadata.yaml,derived/scale/papers/CUMCM-2007-A-006/metadata.yaml,C8AB5679E536E6DBB5290A1C927D825406FE0818664E3741B11378E15C80FD2E,PAPER,1,Q0,g8_file_source_map.csv,1,PASS
CUMCM-2007-A-006,paper.md,derived/scale/papers/CUMCM-2007-A-006/paper.md,423134DFB9C28BE94131469DE903502B83FA4E46EF32803069457656C5762736,PAPER,1,Q0,g8_file_source_map.csv,1,PASS
CUMCM-2007-A-007,knowledge_card.md,derived/scale/papers/CUMCM-2007-A-007/knowledge_card.md,06CD2C45648FEE5C5F936211A53E31651BCF56B46ADE99A8C68B1E5D7ADD03A2,PAPER,1,Q0,g8_file_source_map.csv,1,PASS
CUMCM-2007-A-007,metadata.yaml,derived/scale/papers/CUMCM-2007-A-007/metadata.yaml,2E1BCD51896FE5F9369AA7B479A5410535CDEA2B645FF8CF05BE8C17B01FD4B4,PAPER,1,Q0,g8_file_source_map.csv,1,PASS
CUMCM-2007-A-007,paper.md,derived/scale/papers/CUMCM-2007-A-007/paper.md,EB0D297A039AC63BD08595BD032C1536AF8E9BA67BFF62B216F4BCDD1280B685,PAPER,1,Q0,g8_file_source_map.csv,1,PASS
CUMCM-2007-A-010,knowledge_card.md,derived/scale/papers/CUMCM-2007-A-010/knowledge_card.md,9D82604D30C65BE697451045CAE08E7EA11A79818F2396A1DBA7FB98F0B7484B,PAPER,1,Q0,g8_file_source_map.csv,1,PASS
CUMCM-2007-A-010,metadata.yaml,derived/scale/papers/CUMCM-2007-A-010/metadata.yaml,E771CF9D8DAE6D89AAA4ECD8F330E793FA69C80132144B61D59155C6661B6C71,PAPER,1,Q0,g8_file_source_map.csv,1,PASS
CUMCM-2007-A-010,paper.md,derived/scale/papers/CUMCM-2007-A-010/paper.md,2DF3EA63A1E4C006F318187DD9AF70A89087EF7786A5332F190F6B65FC1600DF,PAPER,1,Q0,g8_file_source_map.csv,1,PASS
CUMCM-2007-A-013,knowledge_card.md,derived/scale/papers/CUMCM-2007-A-013/knowledge_card.md,40152F9F3D27C0C8229D6BC53B421B5D277C4420A9E04F61B4FAC3CECCE345B3,PAPER,1,Q0,g8_file_source_map.csv,1,PASS
CUMCM-2007-A-013,metadata.yaml,derived/scale/papers/CUMCM-2007-A-013/metadata.yaml,C7E15956C3AD89A4FB6FDA3C97CFDA22E650322FD0422AB83FE7CC01D3C4F4DC,PAPER,1,Q0,g8_file_source_map.csv,1,PASS
CUMCM-2007-A-013,paper.md,derived/scale/papers/CUMCM-2007-A-013/paper.md,208166FB79B192713C7AD5CC758781852BE08942280C5162E31033121D0F0291,PAPER,1,Q0,g8_file_source_map.csv,1,PASS
CUMCM-2007-B-001,knowledge_card.md,derived/scale/papers/CUMCM-2007-B-001/knowledge_card.md,24220EEE97EF0240D0932176CB7BA6C6EBE715234805093331D0B1EEA450D818,PAPER,1,Q0,g8_file_source_map.csv,1,PASS
CUMCM-2007-B-001,metadata.yaml,derived/scale/papers/CUMCM-2007-B-001/metadata.yaml,267DB3D07539FA6D969B82C0B732303ED0C085FFDC45ABCFF6708ADA93ABC0A1,PAPER,1,Q0,g8_file_source_map.csv,1,PASS
CUMCM-2007-B-001,paper.md,derived/scale/papers/CUMCM-2007-B-001/paper.md,57E1B342397333BC57B3F19314DAC820604D6C4F3FBAD2940F036442A24A1209,PAPER,1,Q0,g8_file_source_map.csv,1,PASS
CUMCM-2007-B-002,knowledge_card.md,derived/scale/papers/CUMCM-2007-B-002/knowledge_card.md,85FF2575EB557A10A224EF18B158CCFDDCD01624C1DED8DB319E4EA100A08299,PAPER,1,Q0,g8_file_source_map.csv,1,PASS
CUMCM-2007-B-002,metadata.yaml,derived/scale/papers/CUMCM-2007-B-002/metadata.yaml,9F2BBB63313B64A55FAAF8CB87EBE06EC98FCEFD0341495FCC6EDCDEB90AA7D2,PAPER,1,Q0,g8_file_source_map.csv,1,PASS
CUMCM-2007-B-002,paper.md,derived/scale/papers/CUMCM-2007-B-002/paper.md,2E91C2443FA864D176823D7EF3A31C2038A96DE9E286F9365B2BF87870173EA7,PAPER,1,Q0,g8_file_source_map.csv,1,PASS
CUMCM-2007-B-003,knowledge_card.md,derived/scale/papers/CUMCM-2007-B-003/knowledge_card.md,7A23AB8B1D4B52BCD1FA90487641218347AEAAF401462DFEABB537D12C373F79,PAPER,1,Q0,g8_file_source_map.csv,1,PASS
CUMCM-2007-B-003,metadata.yaml,derived/scale/papers/CUMCM-2007-B-003/metadata.yaml,EF0FF4D8B889023F5D284176DDD22666015D2C4B445C938CE3415B1811F02EE1,PAPER,1,Q0,g8_file_source_map.csv,1,PASS
CUMCM-2007-B-003,paper.md,derived/scale/papers/CUMCM-2007-B-003/paper.md,B3246C36293AD4E1270D5F165CC589A0C25142FF400E1BC33C539B75F456AC31,PAPER,1,Q0,g8_file_source_map.csv,1,PASS
CUMCM-2007-B-004,knowledge_card.md,derived/scale/papers/CUMCM-2007-B-004/knowledge_card.md,9D311DB706AB7A65A23A95D0CC1C2F49C9E08DE349C2FB54A05819A20536023B,PAPER,1,Q0,g8_file_source_map.csv,1,PASS
CUMCM-2007-B-004,metadata.yaml,derived/scale/papers/CUMCM-2007-B-004/metadata.yaml,AF7834E1E7C56BDFAF222038EEC52995657555E49EE2A421552C7F3447AAF9BF,PAPER,1,Q0,g8_file_source_map.csv,1,PASS
CUMCM-2007-B-004,paper.md,derived/scale/papers/CUMCM-2007-B-004/paper.md,208166FB79B192713C7AD5CC758781852BE08942280C5162E31033121D0F0291,PAPER,1,Q0,g8_file_source_map.csv,1,PASS
CUMCM-2007-B-006,knowledge_card.md,derived/scale/papers/CUMCM-2007-B-006/knowledge_card.md,52143262AE3FA56DDFFBD52CFC75F735745BCC3423B68C42765EC11865425D01,PAPER,1,Q0,g8_file_source_map.csv,1,PASS
CUMCM-2007-B-006,metadata.yaml,derived/scale/papers/CUMCM-2007-B-006/metadata.yaml,2A397C91CBC09192DCE658B65C7BBF961908003C5291FF7052760EDEE53D9B1E,PAPER,1,Q0,g8_file_source_map.csv,1,PASS
CUMCM-2007-B-006,paper.md,derived/scale/papers/CUMCM-2007-B-006/paper.md,048CAF52A02816FCAD3649490E2A9B3B8D2CB85C62D2D3D1412328CE43A67A30,PAPER,1,Q0,g8_file_source_map.csv,1,PASS
CUMCM-2007-B-009,knowledge_card.md,derived/scale/papers/CUMCM-2007-B-009/knowledge_card.md,3EE82F0A331A1F6DFC8C2584875D82207BD3181217C87513FFC6CFCB4472ACD6,PAPER,1,Q0,g8_file_source_map.csv,1,PASS
CUMCM-2007-B-009,metadata.yaml,derived/scale/papers/CUMCM-2007-B-009/metadata.yaml,A257E5C382601C88361A7D03335A845969E0E1DE8531E2A79105EC50A5792DD7,PAPER,1,Q0,g8_file_source_map.csv,1,PASS
CUMCM-2007-B-009,paper.md,derived/scale/papers/CUMCM-2007-B-009/paper.md,EB0D297A039AC63BD08595BD032C1536AF8E9BA67BFF62B216F4BCDD1280B685,PAPER,1,Q0,g8_file_source_map.csv,1,PASS
CUMCM-2007-B-011,knowledge_card.md,derived/scale/papers/CUMCM-2007-B-011/knowledge_card.md,28A51D6369B78DD5FDE3D0A5180EF2F0EC504ADF0A02B5E8DBAEA6989F56BA87,PAPER,1,Q0,g8_file_source_map.csv,1,PASS
CUMCM-2007-B-011,metadata.yaml,derived/scale/papers/CUMCM-2007-B-011/metadata.yaml,D7AED0D9E367770021A1AFFE669297B4655798C045160C45125215D788CD6E64,PAPER,1,Q0,g8_file_source_map.csv,1,PASS
CUMCM-2007-B-011,paper.md,derived/scale/papers/CUMCM-2007-B-011/paper.md,B6404540EF2A74C970DEAC82C803AE4DC23ED95E434CAB505B84EB569E9013BF,PAPER,1,Q0,g8_file_source_map.csv,1,PASS
CUMCM-2007-B-012,knowledge_card.md,derived/scale/papers/CUMCM-2007-B-012/knowledge_card.md,030EB509A53F7C0F17629884686F83ED4E31B2E59C1975EBB103CFBCF7E279C6,PAPER,1,Q0,g8_file_source_map.csv,1,PASS
CUMCM-2007-B-012,metadata.yaml,derived/scale/papers/CUMCM-2007-B-012/metadata.yaml,44BDECCCDA99AE0E679A646E12DFC96B087AB12E3DADBD1B839DD090A1425EBD,PAPER,1,Q0,g8_file_source_map.csv,1,PASS
CUMCM-2007-B-012,paper.md,derived/scale/papers/CUMCM-2007-B-012/paper.md,208166FB79B192713C7AD5CC758781852BE08942280C5162E31033121D0F0291,PAPER,1,Q0,g8_file_source_map.csv,1,PASS
CUMCM-2008-A-002,knowledge_card.md,derived/scale/papers/CUMCM-2008-A-002/knowledge_card.md,39F6D2635AC0ABC4D5EC668A7685A554EB99163DEE1B0023D1DFC0F7BC2D63DB,PAPER,1,Q0,g8_file_source_map.csv,1,PASS
CUMCM-2008-A-002,metadata.yaml,derived/scale/papers/CUMCM-2008-A-002/metadata.yaml,CEB5D1E47B34E2F47AA1E638FBF06DC0DB8EDC99852213476698C5B9CBC50E79,PAPER,1,Q0,g8_file_source_map.csv,1,PASS
CUMCM-2008-A-002,paper.md,derived/scale/papers/CUMCM-2008-A-002/paper.md,91909AF98ACD1C70122CAFB384AB8E68F927C0A2D3D0A97B3203A72B01315F36,PAPER,1,Q0,g8_file_source_map.csv,1,PASS
CUMCM-2008-A-003,knowledge_card.md,derived/scale/papers/CUMCM-2008-A-003/knowledge_card.md,A8D9A3212761053C71E0F2FFE0AEC65D3F3B986ED08E576219EE5B2E4E8ED05B,PAPER,1,Q0,g8_file_source_map.csv,1,PASS
CUMCM-2008-A-003,metadata.yaml,derived/scale/papers/CUMCM-2008-A-003/metadata.yaml,3BC6B171126D650B3732CD47B079734786C893CF1AC5097AE07B81CE18128C7A,PAPER,1,Q0,g8_file_source_map.csv,1,PASS
CUMCM-2008-A-003,paper.md,derived/scale/papers/CUMCM-2008-A-003/paper.md,B7177AC4DB6DE426C5778870CE8530255CC4D7AFCF91025CF37EC7B9F0EF23A5,PAPER,1,Q0,g8_file_source_map.csv,1,PASS
CUMCM-2008-A-004,knowledge_card.md,derived/scale/papers/CUMCM-2008-A-004/knowledge_card.md,8036D89E9A5795B559AA94F09B994D7A0855C940CCB2395529B8FD1910F2184A,PAPER,1,Q0,g8_file_source_map.csv,1,PASS
CUMCM-2008-A-004,metadata.yaml,derived/scale/papers/CUMCM-2008-A-004/metadata.yaml,78709BAD5BC50F8530E702D89CB8E0C5D8722F1A2D1194C44F34D93EEE04550E,PAPER,1,Q0,g8_file_source_map.csv,1,PASS
CUMCM-2008-A-004,paper.md,derived/scale/papers/CUMCM-2008-A-004/paper.md,208166FB79B192713C7AD5CC758781852BE08942280C5162E31033121D0F0291,PAPER,1,Q0,g8_file_source_map.csv,1,PASS
CUMCM-2008-A-008,knowledge_card.md,derived/scale/papers/CUMCM-2008-A-008/knowledge_card.md,94B59F061AA10CFC42BCE9E0C7A9E2A65120FD239DC8107AB91B02E6C87195A2,PAPER,1,Q0,g8_file_source_map.csv,1,PASS
CUMCM-2008-A-008,metadata.yaml,derived/scale/papers/CUMCM-2008-A-008/metadata.yaml,D6649722826E99C49C969BFEFA187154B64B32745891B7014A1CF9637A4B0C77,PAPER,1,Q0,g8_file_source_map.csv,1,PASS
CUMCM-2008-A-008,paper.md,derived/scale/papers/CUMCM-2008-A-008/paper.md,6E52BB601D33510DA169F61B0E1C18631BEEC5D9221889662F04E1364B3CFA04,PAPER,1,Q0,g8_file_source_map.csv,1,PASS
CUMCM-2008-A-009,knowledge_card.md,derived/scale/papers/CUMCM-2008-A-009/knowledge_card.md,6BD27C519F5A977B02C7DB5394BABE054F8F9F29CC2821C2738765C78E7CAA41,PAPER,1,Q0,g8_file_source_map.csv,1,PASS
CUMCM-2008-A-009,metadata.yaml,derived/scale/papers/CUMCM-2008-A-009/metadata.yaml,05554AAC0E80FB0FDE968469EB68CB4D1446CE565F2DC952EB5DA26B715E135D,PAPER,1,Q0,g8_file_source_map.csv,1,PASS
CUMCM-2008-A-009,paper.md,derived/scale/papers/CUMCM-2008-A-009/paper.md,F711F303D778F4FCC8FBC4213E499B268F53ABFF7CCB69BACDD3DD5D6C2676CE,PAPER,1,Q0,g8_file_source_map.csv,1,PASS
CUMCM-2008-B-001,knowledge_card.md,derived/scale/papers/CUMCM-2008-B-001/knowledge_card.md,7EDE241C276DDCCE8787970BD99483505B7C9834B2A292963AD2D4024B6DE252,PAPER,1,Q0,g8_file_source_map.csv,1,PASS
CUMCM-2008-B-001,metadata.yaml,derived/scale/papers/CUMCM-2008-B-001/metadata.yaml,359438FCDADBB720EB0D21386B69C5B28C6283487A84147FF94E683F5B125C08,PAPER,1,Q0,g8_file_source_map.csv,1,PASS
CUMCM-2008-B-001,paper.md,derived/scale/papers/CUMCM-2008-B-001/paper.md,EB0D297A039AC63BD08595BD032C1536AF8E9BA67BFF62B216F4BCDD1280B685,PAPER,1,Q0,g8_file_source_map.csv,1,PASS
CUMCM-2008-B-002,knowledge_card.md,derived/scale/papers/CUMCM-2008-B-002/knowledge_card.md,E37794E165095D346DEC3C23C0AFC7AD52F2962362ACA5CF7206A89FFA38499F,PAPER,1,Q0,g8_file_source_map.csv,1,PASS
CUMCM-2008-B-002,metadata.yaml,derived/scale/papers/CUMCM-2008-B-002/metadata.yaml,E9BD8398EC521E132B3F717AC138B142D82CD08C5707F74E976BDC05C0CBB29D,PAPER,1,Q0,g8_file_source_map.csv,1,PASS
CUMCM-2008-B-002,paper.md,derived/scale/papers/CUMCM-2008-B-002/paper.md,57E1B342397333BC57B3F19314DAC820604D6C4F3FBAD2940F036442A24A1209,PAPER,1,Q0,g8_file_source_map.csv,1,PASS
CUMCM-2008-B-003,knowledge_card.md,derived/scale/papers/CUMCM-2008-B-003/knowledge_card.md,22AB9AAE9AAAF070CD9C442E57D2B8274375FEF9870CB3A1D94772CBDE0E248B,PAPER,1,Q0,g8_file_source_map.csv,1,PASS
CUMCM-2008-B-003,metadata.yaml,derived/scale/papers/CUMCM-2008-B-003/metadata.yaml,763E0AAA003CBE97796CFF1880C8BB61DA737AA8AF43F5269691D5498B26BDFB,PAPER,1,Q0,g8_file_source_map.csv,1,PASS
CUMCM-2008-B-003,paper.md,derived/scale/papers/CUMCM-2008-B-003/paper.md,B1528F2EBA4BA48539DE1B6F0BD32C20EC358577E8B0E841E24563E04A40C30D,PAPER,1,Q0,g8_file_source_map.csv,1,PASS
CUMCM-2008-B-004,knowledge_card.md,derived/scale/papers/CUMCM-2008-B-004/knowledge_card.md,36C81D870D90470B3490C02F0DDB35037E5BC7803BB19B2AC025ABC73F45E036,PAPER,1,Q0,g8_file_source_map.csv,1,PASS
CUMCM-2008-B-004,metadata.yaml,derived/scale/papers/CUMCM-2008-B-004/metadata.yaml,253377C4219E4FA91ED9DFA1A414EE1F04C2BC933EDFFA810BDF8F22725C90A1,PAPER,1,Q0,g8_file_source_map.csv,1,PASS
CUMCM-2008-B-004,paper.md,derived/scale/papers/CUMCM-2008-B-004/paper.md,048CAF52A02816FCAD3649490E2A9B3B8D2CB85C62D2D3D1412328CE43A67A30,PAPER,1,Q0,g8_file_source_map.csv,1,PASS
CUMCM-2008-B-005,knowledge_card.md,derived/scale/papers/CUMCM-2008-B-005/knowledge_card.md,8DFF86FE9719FCED3F1A73DC6733B8F628C0D65D6D009470882BE6D1771317DA,PAPER,1,Q0,g8_file_source_map.csv,1,PASS
CUMCM-2008-B-005,metadata.yaml,derived/scale/papers/CUMCM-2008-B-005/metadata.yaml,461E52D25F77B0701F999CB25FE5B3A895B22645661909D6563A009A8FAA7C9F,PAPER,1,Q0,g8_file_source_map.csv,1,PASS
CUMCM-2008-B-005,paper.md,derived/scale/papers/CUMCM-2008-B-005/paper.md,FC0CE6F93AE95349134AC3D9D9B5C1D0655B331D0AB5FF2278460D6EC256B394,PAPER,1,Q0,g8_file_source_map.csv,1,PASS
CUMCM-2008-B-006,knowledge_card.md,derived/scale/papers/CUMCM-2008-B-006/knowledge_card.md,7A99B0D07C5AED5D21F1525657751C2A66CE2D14D2DB40CA6143D7F98E2B8F84,PAPER,1,Q0,g8_file_source_map.csv,1,PASS
CUMCM-2008-B-006,metadata.yaml,derived/scale/papers/CUMCM-2008-B-006/metadata.yaml,6E991E25E74BAE64EA78B028C8ABD0E225B1082846B5F2BEBB49C3E9F7B685E6,PAPER,1,Q0,g8_file_source_map.csv,1,PASS
CUMCM-2008-B-006,paper.md,derived/scale/papers/CUMCM-2008-B-006/paper.md,1888E6C51576B4658EBCF999D9BD0EEBBE0358F2C4F7C7B817AD03495849659F,PAPER,1,Q0,g8_file_source_map.csv,1,PASS
CUMCM-2008-B-007,knowledge_card.md,derived/scale/papers/CUMCM-2008-B-007/knowledge_card.md,7DA41D32C6ADB9F3D11784B9AB724F901403CF5019BC862870E13E81A003AEFE,PAPER,1,Q0,g8_file_source_map.csv,1,PASS
CUMCM-2008-B-007,metadata.yaml,derived/scale/papers/CUMCM-2008-B-007/metadata.yaml,3EF9FFE957E35FC91B2677193FFBDC5D0C8554D2CC4D6BFFC3051AC2EB021FA9,PAPER,1,Q0,g8_file_source_map.csv,1,PASS
CUMCM-2008-B-007,paper.md,derived/scale/papers/CUMCM-2008-B-007/paper.md,7B81F60C64673BF02976FB19BFDC188CDEE3BBD8DEB3E5F3EE1EBFBFCE56229D,PAPER,1,Q0,g8_file_source_map.csv,1,PASS
CUMCM-2008-B-009,knowledge_card.md,derived/scale/papers/CUMCM-2008-B-009/knowledge_card.md,910513A23DB7CFB582B597B8C2C30C809EDE6FC5597121A0D9A111DB255B460B,PAPER,1,Q0,g8_file_source_map.csv,1,PASS
CUMCM-2008-B-009,metadata.yaml,derived/scale/papers/CUMCM-2008-B-009/metadata.yaml,53156190E70D78599892D24522DB1D3860B6FD60E1A1822EB47CBBE27993252F,PAPER,1,Q0,g8_file_source_map.csv,1,PASS
CUMCM-2008-B-009,paper.md,derived/scale/papers/CUMCM-2008-B-009/paper.md,B3246C36293AD4E1270D5F165CC589A0C25142FF400E1BC33C539B75F456AC31,PAPER,1,Q0,g8_file_source_map.csv,1,PASS
CUMCM-2008-B-010,knowledge_card.md,derived/scale/papers/CUMCM-2008-B-010/knowledge_card.md,88D9A0CAF8812C18AFC73FA87E5F9374AB3C1C29A411ED3C48C3B6F5DCAB84EC,PAPER,1,Q0,g8_file_source_map.csv,1,PASS
CUMCM-2008-B-010,metadata.yaml,derived/scale/papers/CUMCM-2008-B-010/metadata.yaml,AFFC7E5A4DEF7DFE7824C8D97EE61371D449C35551F57B7DE4C595F413283237,PAPER,1,Q0,g8_file_source_map.csv,1,PASS
CUMCM-2008-B-010,paper.md,derived/scale/papers/CUMCM-2008-B-010/paper.md,F455474AB5D561BFD69A7BFC38BBE1409CF1AAC62F2E3B513A7F9F4AFBA850DE,PAPER,1,Q0,g8_file_source_map.csv,1,PASS
CUMCM-2008-B-011,knowledge_card.md,derived/scale/papers/CUMCM-2008-B-011/knowledge_card.md,3432C41DA8B683ABD099F42E2168FC59E04FEFEB3E9F116B4A4661CBC7A27ED6,PAPER,1,Q0,g8_file_source_map.csv,1,PASS
CUMCM-2008-B-011,metadata.yaml,derived/scale/papers/CUMCM-2008-B-011/metadata.yaml,2260E2DECE45FE072E4152D4A3E5D4B768CFBB3A9C80E625D8150F4C6E97217D,PAPER,1,Q0,g8_file_source_map.csv,1,PASS
CUMCM-2008-B-011,paper.md,derived/scale/papers/CUMCM-2008-B-011/paper.md,10EA49AD90208C8AE39843E330A5BBACB934A4B5AF1DB5FF1A3EB6442A5B0617,PAPER,1,Q0,g8_file_source_map.csv,1,PASS
CUMCM-2008-B-012,knowledge_card.md,derived/scale/papers/CUMCM-2008-B-012/knowledge_card.md,CF9B489E177EC328CA8626DBE843CF4680474BE1523D46783480406FDB9333D9,PAPER,1,Q0,g8_file_source_map.csv,1,PASS
CUMCM-2008-B-012,metadata.yaml,derived/scale/papers/CUMCM-2008-B-012/metadata.yaml,C8A924C8D6D8642983063BA1F29DB3D4B46BD1DBB87A8104BF3E414F72178BF9,PAPER,1,Q0,g8_file_source_map.csv,1,PASS
CUMCM-2008-B-012,paper.md,derived/scale/papers/CUMCM-2008-B-012/paper.md,B1528F2EBA4BA48539DE1B6F0BD32C20EC358577E8B0E841E24563E04A40C30D,PAPER,1,Q0,g8_file_source_map.csv,1,PASS
CUMCM-2008-B-013,knowledge_card.md,derived/scale/papers/CUMCM-2008-B-013/knowledge_card.md,04BEC18242D39B69AFDB42083BE2A430B053D625A91A719C3DA597442B60E629,PAPER,1,Q0,g8_file_source_map.csv,1,PASS
CUMCM-2008-B-013,metadata.yaml,derived/scale/papers/CUMCM-2008-B-013/metadata.yaml,2E0ED3B0C32AE1E7A97770C7F96B376C12CF1C5965D23CF06E017889215C668A,PAPER,1,Q0,g8_file_source_map.csv,1,PASS
CUMCM-2008-B-013,paper.md,derived/scale/papers/CUMCM-2008-B-013/paper.md,B1528F2EBA4BA48539DE1B6F0BD32C20EC358577E8B0E841E24563E04A40C30D,PAPER,1,Q0,g8_file_source_map.csv,1,PASS
CUMCM-2008-B-014,knowledge_card.md,derived/scale/papers/CUMCM-2008-B-014/knowledge_card.md,DB41A6D601DB74B006428020FA41E045C39D54D0F68C152F4650DFFA118E8350,PAPER,1,Q0,g8_file_source_map.csv,1,PASS
CUMCM-2008-B-014,metadata.yaml,derived/scale/papers/CUMCM-2008-B-014/metadata.yaml,95E3AA2D26D3682BACC24B0FEFAC51D1DCC996C73156AA5E4659D7AA5F17976F,PAPER,1,Q0,g8_file_source_map.csv,1,PASS
CUMCM-2008-B-014,paper.md,derived/scale/papers/CUMCM-2008-B-014/paper.md,423134DFB9C28BE94131469DE903502B83FA4E46EF32803069457656C5762736,PAPER,1,Q0,g8_file_source_map.csv,1,PASS
CUMCM-2008-C-001,knowledge_card.md,derived/scale/papers/CUMCM-2008-C-001/knowledge_card.md,59FB438B137AFEA6A7328328F14F82BD9A869FB8E05AB12424228F54628C7D53,PAPER,1,Q0,g8_file_source_map.csv,1,PASS
CUMCM-2008-C-001,metadata.yaml,derived/scale/papers/CUMCM-2008-C-001/metadata.yaml,CDA1C5FD19EDEA49E910624A51110C7FF3B8A3163E1E6B6F22CCA43DFA5BBA9F,PAPER,1,Q0,g8_file_source_map.csv,1,PASS
CUMCM-2008-C-001,paper.md,derived/scale/papers/CUMCM-2008-C-001/paper.md,1C2FC324063A906FF208763D2826E0A769B059290333B0542241C22CD9C91DE8,PAPER,1,Q0,g8_file_source_map.csv,1,PASS
CUMCM-2008-C-002,knowledge_card.md,derived/scale/papers/CUMCM-2008-C-002/knowledge_card.md,CA9A4FCC4C91577D39CFA98DB3D2A644721F3BAF6B01D740BBA5FD6E4471F4D1,PAPER,1,Q2,g8_file_source_map.csv,1,PASS
CUMCM-2008-C-002,metadata.yaml,derived/scale/papers/CUMCM-2008-C-002/metadata.yaml,17E0E7BD89256C1F6F88AEE0F4777185169D5C57F1FBB6FF32EBE1EC9579D6A2,PAPER,1,Q2,g8_file_source_map.csv,1,PASS
CUMCM-2008-C-002,paper.md,derived/scale/papers/CUMCM-2008-C-002/paper.md,8211D0614DEBBB80C953F0CE5ADBC5D2A01FA30C1374A639464D573208B3FC6C,PAPER,1,Q2,g8_file_source_map.csv,1,PASS
CUMCM-2008-C-004,knowledge_card.md,derived/scale/papers/CUMCM-2008-C-004/knowledge_card.md,D54CAC98D358F8C4E793A6B02F68F8B018C06DB4B8B75623523873C16437167B,PAPER,1,Q0,g8_file_source_map.csv,1,PASS
CUMCM-2008-C-004,metadata.yaml,derived/scale/papers/CUMCM-2008-C-004/metadata.yaml,85CEDC7356E09EF693C4D1EA5195635B327B1CF9B4894F31BB0C851473BF2147,PAPER,1,Q0,g8_file_source_map.csv,1,PASS
CUMCM-2008-C-004,paper.md,derived/scale/papers/CUMCM-2008-C-004/paper.md,F501017C13D9B29686DD922D65EDC0CD658E90E82A5785E427A2D829537C8626,PAPER,1,Q0,g8_file_source_map.csv,1,PASS
CUMCM-2008-D-003,knowledge_card.md,derived/scale/papers/CUMCM-2008-D-003/knowledge_card.md,8322EE10663702F4DF0EE26DADAB23741ACDB01EEB6C4A3CB77E1AA3075847A1,PAPER,1,Q0,g8_file_source_map.csv,1,PASS
CUMCM-2008-D-003,metadata.yaml,derived/scale/papers/CUMCM-2008-D-003/metadata.yaml,0B51D188FD6C8A9B1A09EDF363678F52F98F31E55E683BBA94FA2F00CB26D36E,PAPER,1,Q0,g8_file_source_map.csv,1,PASS
CUMCM-2008-D-003,paper.md,derived/scale/papers/CUMCM-2008-D-003/paper.md,208166FB79B192713C7AD5CC758781852BE08942280C5162E31033121D0F0291,PAPER,1,Q0,g8_file_source_map.csv,1,PASS
CUMCM-2008-D-004,knowledge_card.md,derived/scale/papers/CUMCM-2008-D-004/knowledge_card.md,4B23E4F84AFDC9A89BA838BEB50627BFD011E3835747EB6270904A4F1D8B753E,PAPER,1,Q0,g8_file_source_map.csv,1,PASS
CUMCM-2008-D-004,metadata.yaml,derived/scale/papers/CUMCM-2008-D-004/metadata.yaml,B3BA06637C05E412322E40F9994BD5067591AB26AEBDCFF610A8B1CB46679C05,PAPER,1,Q0,g8_file_source_map.csv,1,PASS
CUMCM-2008-D-004,paper.md,derived/scale/papers/CUMCM-2008-D-004/paper.md,C603D33FCDC6A8963EB4D9A5B48E40618F3E8B87F583458474931C9FA4D3C61C,PAPER,1,Q0,g8_file_source_map.csv,1,PASS
CUMCM-2008-D-005,knowledge_card.md,derived/scale/papers/CUMCM-2008-D-005/knowledge_card.md,33C0638BA4518F9E4BDD2AA8D199BFEE2FF5D6218679C16A9122430305ECDFD4,PAPER,1,Q0,g8_file_source_map.csv,1,PASS
CUMCM-2008-D-005,metadata.yaml,derived/scale/papers/CUMCM-2008-D-005/metadata.yaml,EAB76FF63B38E58A511CB44F22CF45E8A74B7DA5B6F28D81E0BA93EB76E26DAD,PAPER,1,Q0,g8_file_source_map.csv,1,PASS
CUMCM-2008-D-005,paper.md,derived/scale/papers/CUMCM-2008-D-005/paper.md,6B55BA4F2EED923562339D385F92366AD7892213C511BABE88BE16AA6BB6940E,PAPER,1,Q0,g8_file_source_map.csv,1,PASS
CUMCM-2009-A-001,knowledge_card.md,derived/scale/papers/CUMCM-2009-A-001/knowledge_card.md,AFF97E56DCFE99D89B1F90B8030546A35C637262695B9A6A9E382282E57E01B3,PAPER,1,Q0,g8_file_source_map.csv,1,PASS
CUMCM-2009-A-001,metadata.yaml,derived/scale/papers/CUMCM-2009-A-001/metadata.yaml,DA46C0E246AD09A7BC71E1456D3A5AF011A50B64B3075EB1E7DCDE6BAE57D502,PAPER,1,Q0,g8_file_source_map.csv,1,PASS
CUMCM-2009-A-001,paper.md,derived/scale/papers/CUMCM-2009-A-001/paper.md,423134DFB9C28BE94131469DE903502B83FA4E46EF32803069457656C5762736,PAPER,1,Q0,g8_file_source_map.csv,1,PASS
CUMCM-2009-A-002,knowledge_card.md,derived/scale/papers/CUMCM-2009-A-002/knowledge_card.md,AE6444184EE365E76E44035E4646AA898E3F19B310D122B2F6A338E4271215BF,PAPER,1,Q0,g8_file_source_map.csv,1,PASS
CUMCM-2009-A-002,metadata.yaml,derived/scale/papers/CUMCM-2009-A-002/metadata.yaml,0AF52AE35984A77BA282069EF28E9367BB7E22950F4F9F21A29AFBED67B30B45,PAPER,1,Q0,g8_file_source_map.csv,1,PASS
CUMCM-2009-A-002,paper.md,derived/scale/papers/CUMCM-2009-A-002/paper.md,F711F303D778F4FCC8FBC4213E499B268F53ABFF7CCB69BACDD3DD5D6C2676CE,PAPER,1,Q0,g8_file_source_map.csv,1,PASS
CUMCM-2009-A-003,knowledge_card.md,derived/scale/papers/CUMCM-2009-A-003/knowledge_card.md,D0FFC1AC629BE3A95E0B5300D1057B890F9821BF37DD307301FC7B5C4E694188,PAPER,1,Q0,g8_file_source_map.csv,1,PASS
CUMCM-2009-A-003,metadata.yaml,derived/scale/papers/CUMCM-2009-A-003/metadata.yaml,5107EE0C1EBE9395B9782F95458BE988A49AE73786A4605B26C3E3A3D70D95E1,PAPER,1,Q0,g8_file_source_map.csv,1,PASS
CUMCM-2009-A-003,paper.md,derived/scale/papers/CUMCM-2009-A-003/paper.md,208166FB79B192713C7AD5CC758781852BE08942280C5162E31033121D0F0291,PAPER,1,Q0,g8_file_source_map.csv,1,PASS
CUMCM-2009-A-004,knowledge_card.md,derived/scale/papers/CUMCM-2009-A-004/knowledge_card.md,39F5B82879B9195FD28DC1B46FD644E8CC693D98F01064610A63A5B1FA25BBB1,PAPER,1,Q0,g8_file_source_map.csv,1,PASS
CUMCM-2009-A-004,metadata.yaml,derived/scale/papers/CUMCM-2009-A-004/metadata.yaml,DC3CA7820476B3C3DFB5E1BF1C9016BFBE09D333D27DDCFC4C7AF61DCFDB44D4,PAPER,1,Q0,g8_file_source_map.csv,1,PASS
CUMCM-2009-A-004,paper.md,derived/scale/papers/CUMCM-2009-A-004/paper.md,208166FB79B192713C7AD5CC758781852BE08942280C5162E31033121D0F0291,PAPER,1,Q0,g8_file_source_map.csv,1,PASS
CUMCM-2009-A-005,knowledge_card.md,derived/scale/papers/CUMCM-2009-A-005/knowledge_card.md,34D8A90D1306A3324E2B37F6008FA2F8707077474BC5603DAFBE9C6A7CCC768A,PAPER,1,Q0,g8_file_source_map.csv,1,PASS
CUMCM-2009-A-005,metadata.yaml,derived/scale/papers/CUMCM-2009-A-005/metadata.yaml,6ECA36EE677D1639609515C23F6E758065EA366F9D0676845DCD950AD134A590,PAPER,1,Q0,g8_file_source_map.csv,1,PASS
CUMCM-2009-A-005,paper.md,derived/scale/papers/CUMCM-2009-A-005/paper.md,F501017C13D9B29686DD922D65EDC0CD658E90E82A5785E427A2D829537C8626,PAPER,1,Q0,g8_file_source_map.csv,1,PASS
CUMCM-2009-A-007,knowledge_card.md,derived/scale/papers/CUMCM-2009-A-007/knowledge_card.md,1EEA170CD7A9DD7807BDC926CC6E88316501E76B91537020FF9746E9C4FFA0CB,PAPER,1,Q0,g8_file_source_map.csv,1,PASS
CUMCM-2009-A-007,metadata.yaml,derived/scale/papers/CUMCM-2009-A-007/metadata.yaml,9A06A01912898C62C3566BBDCB921C9924C5AF81D54F6F04BE53A323C2BF6522,PAPER,1,Q0,g8_file_source_map.csv,1,PASS
CUMCM-2009-A-007,paper.md,derived/scale/papers/CUMCM-2009-A-007/paper.md,2DF3EA63A1E4C006F318187DD9AF70A89087EF7786A5332F190F6B65FC1600DF,PAPER,1,Q0,g8_file_source_map.csv,1,PASS
CUMCM-2009-B-001,knowledge_card.md,derived/scale/papers/CUMCM-2009-B-001/knowledge_card.md,711E9D15565F5B4D64C6B9AECF37340859A0A582BE5A24E60594F5B3247A2578,PAPER,1,Q0,g8_file_source_map.csv,1,PASS
CUMCM-2009-B-001,metadata.yaml,derived/scale/papers/CUMCM-2009-B-001/metadata.yaml,6E9DA08CCC8BEEE3FEB68AA58B83C77ADA30BD445979AB1B48CF0EDDEDFC2D6D,PAPER,1,Q0,g8_file_source_map.csv,1,PASS
CUMCM-2009-B-001,paper.md,derived/scale/papers/CUMCM-2009-B-001/paper.md,F711F303D778F4FCC8FBC4213E499B268F53ABFF7CCB69BACDD3DD5D6C2676CE,PAPER,1,Q0,g8_file_source_map.csv,1,PASS
CUMCM-2009-B-003,knowledge_card.md,derived/scale/papers/CUMCM-2009-B-003/knowledge_card.md,7C99DE4D7EEA595F6A532E3ED4D1CECE1E01524D6DF49C9D619E31D48E79CF24,PAPER,1,Q0,g8_file_source_map.csv,1,PASS
CUMCM-2009-B-003,metadata.yaml,derived/scale/papers/CUMCM-2009-B-003/metadata.yaml,4F4EE299D0675046010CAFB6A2199C4B2CFE593F1E942266AF8FE8A4C34A7FE3,PAPER,1,Q0,g8_file_source_map.csv,1,PASS
CUMCM-2009-B-003,paper.md,derived/scale/papers/CUMCM-2009-B-003/paper.md,423134DFB9C28BE94131469DE903502B83FA4E46EF32803069457656C5762736,PAPER,1,Q0,g8_file_source_map.csv,1,PASS
CUMCM-2009-B-004,knowledge_card.md,derived/scale/papers/CUMCM-2009-B-004/knowledge_card.md,9F3C8B80F47AA5A29600979D28E72D805E0FCBFB8AA2E2C60CCECD68F6F02942,PAPER,1,Q0,g8_file_source_map.csv,1,PASS
CUMCM-2009-B-004,metadata.yaml,derived/scale/papers/CUMCM-2009-B-004/metadata.yaml,C7B5CE739CCF4D843BFBD0F816336E9F12E95747CC66C2F52FE16B76EBE749DF,PAPER,1,Q0,g8_file_source_map.csv,1,PASS
CUMCM-2009-B-004,paper.md,derived/scale/papers/CUMCM-2009-B-004/paper.md,7B81F60C64673BF02976FB19BFDC188CDEE3BBD8DEB3E5F3EE1EBFBFCE56229D,PAPER,1,Q0,g8_file_source_map.csv,1,PASS
CUMCM-2009-B-005,knowledge_card.md,derived/scale/papers/CUMCM-2009-B-005/knowledge_card.md,7B261A1B5B27B963CBC4A6C85AE58E46C57E9D0DB2B00AE0CF7938D7E4D07427,PAPER,1,Q0,g8_file_source_map.csv,1,PASS
CUMCM-2009-B-005,metadata.yaml,derived/scale/papers/CUMCM-2009-B-005/metadata.yaml,DB045D5ACD3710A9A27D2959536B111760CA8298010F00E673096385F5B04226,PAPER,1,Q0,g8_file_source_map.csv,1,PASS
CUMCM-2009-B-005,paper.md,derived/scale/papers/CUMCM-2009-B-005/paper.md,96063CBA314A4F2CBA5DBE2319045D111F6D07789F83372C519D124C7AA4C1B2,PAPER,1,Q0,g8_file_source_map.csv,1,PASS
CUMCM-2009-B-006,knowledge_card.md,derived/scale/papers/CUMCM-2009-B-006/knowledge_card.md,8AC70B4350D7BDDCDD6D13E27CCBB5D266852B3974C499551B89BA0942622AC7,PAPER,1,Q0,g8_file_source_map.csv,1,PASS
CUMCM-2009-B-006,metadata.yaml,derived/scale/papers/CUMCM-2009-B-006/metadata.yaml,0179B043D3CAD18AD70D323F17227BE96A8F753D59393CF338C2FA9F6440E2EB,PAPER,1,Q0,g8_file_source_map.csv,1,PASS
CUMCM-2009-B-006,paper.md,derived/scale/papers/CUMCM-2009-B-006/paper.md,2AB94C88C175AED4EC84BD9E6954705D96A2319D6A83886C05337DD7758FFDD4,PAPER,1,Q0,g8_file_source_map.csv,1,PASS
CUMCM-2009-B-007,knowledge_card.md,derived/scale/papers/CUMCM-2009-B-007/knowledge_card.md,A992F5F8737A1D0236B801DEBCA403A8F2EE3143F1934438CFC4994A0063E925,PAPER,1,Q0,g8_file_source_map.csv,1,PASS
CUMCM-2009-B-007,metadata.yaml,derived/scale/papers/CUMCM-2009-B-007/metadata.yaml,BF59002559F9B284EC16EC02970E19E918B930BF1B43FD4BB4A971973B0840F2,PAPER,1,Q0,g8_file_source_map.csv,1,PASS
CUMCM-2009-B-007,paper.md,derived/scale/papers/CUMCM-2009-B-007/paper.md,621C891925FDFEC4D5FB9C0D83441ACBD553F890081FFCD6046C386071FB4FD7,PAPER,1,Q0,g8_file_source_map.csv,1,PASS
CUMCM-2009-B-008,knowledge_card.md,derived/scale/papers/CUMCM-2009-B-008/knowledge_card.md,9338E527A076E5C2C7A1A857D505D85DF685A27620544B7DD66192C9977368DB,PAPER,1,Q0,g8_file_source_map.csv,1,PASS
CUMCM-2009-B-008,metadata.yaml,derived/scale/papers/CUMCM-2009-B-008/metadata.yaml,E7DFE82F9BF097D9F50AAC06B24DEF7930B4CBF8EEB41F1F9D84CC56FC6A2193,PAPER,1,Q0,g8_file_source_map.csv,1,PASS
CUMCM-2009-B-008,paper.md,derived/scale/papers/CUMCM-2009-B-008/paper.md,F711F303D778F4FCC8FBC4213E499B268F53ABFF7CCB69BACDD3DD5D6C2676CE,PAPER,1,Q0,g8_file_source_map.csv,1,PASS
CUMCM-2010-A-003,knowledge_card.md,derived/scale/papers/CUMCM-2010-A-003/knowledge_card.md,91BE03DF74F0C7E72F56C019C3412D2831E78031CB96030338C47CC112CADA1B,PAPER,1,Q0,g8_file_source_map.csv,1,PASS
CUMCM-2010-A-003,metadata.yaml,derived/scale/papers/CUMCM-2010-A-003/metadata.yaml,E60B5FA26B7446ED311B0A88B6A90759C757EE036244A72F5CDD898592557078,PAPER,1,Q0,g8_file_source_map.csv,1,PASS
CUMCM-2010-A-003,paper.md,derived/scale/papers/CUMCM-2010-A-003/paper.md,528665FD4EB22D20ECA8272AA7A39F94E769443BDB96781AD6FB7BD18781021D,PAPER,1,Q0,g8_file_source_map.csv,1,PASS
CUMCM-2010-A-004,knowledge_card.md,derived/scale/papers/CUMCM-2010-A-004/knowledge_card.md,33EBEADD90FB1BF1DABF4E736C4203D155E296F22734303510592396519A155A,PAPER,1,Q0,g8_file_source_map.csv,1,PASS
CUMCM-2010-A-004,metadata.yaml,derived/scale/papers/CUMCM-2010-A-004/metadata.yaml,2AB989376B6A930523A960E306848810DFEC69AFA5C3B04AB2DA987DAFE8E230,PAPER,1,Q0,g8_file_source_map.csv,1,PASS
CUMCM-2010-A-004,paper.md,derived/scale/papers/CUMCM-2010-A-004/paper.md,10D8417B9907543BA3D31CADAAFA596A847C428A80292A624B9727669ED22F5E,PAPER,1,Q0,g8_file_source_map.csv,1,PASS
CUMCM-2010-A-007,knowledge_card.md,derived/scale/papers/CUMCM-2010-A-007/knowledge_card.md,EDFE7945272BCD968BD496F75BC2C8C7AF09E75C1BE38815A4B1F87DA2E076EA,PAPER,1,Q0,g8_file_source_map.csv,1,PASS
CUMCM-2010-A-007,metadata.yaml,derived/scale/papers/CUMCM-2010-A-007/metadata.yaml,9D27E00BD987CC3AC2A75E687BCBCEE629F185F2C2A0A5C8E83BA4E5C2253108,PAPER,1,Q0,g8_file_source_map.csv,1,PASS
CUMCM-2010-A-007,paper.md,derived/scale/papers/CUMCM-2010-A-007/paper.md,423134DFB9C28BE94131469DE903502B83FA4E46EF32803069457656C5762736,PAPER,1,Q0,g8_file_source_map.csv,1,PASS
CUMCM-2010-B-003,knowledge_card.md,derived/scale/papers/CUMCM-2010-B-003/knowledge_card.md,3A3C22044EC81BB8F71EC735455108F7B14F5639827324D537F2019E59F465B7,PAPER,1,Q0,g8_file_source_map.csv,1,PASS
CUMCM-2010-B-003,metadata.yaml,derived/scale/papers/CUMCM-2010-B-003/metadata.yaml,EEF8C54FF72C0DCE5585B55419E9718D4D7604AE20C3A098F3AFA8260153C683,PAPER,1,Q0,g8_file_source_map.csv,1,PASS
CUMCM-2010-B-003,paper.md,derived/scale/papers/CUMCM-2010-B-003/paper.md,B6404540EF2A74C970DEAC82C803AE4DC23ED95E434CAB505B84EB569E9013BF,PAPER,1,Q0,g8_file_source_map.csv,1,PASS
CUMCM-2010-B-004,knowledge_card.md,derived/scale/papers/CUMCM-2010-B-004/knowledge_card.md,CDE20CAA7931A70ABB6D6035931B1D3FD2AAB669B573B3BC2CD1FFC456DEF889,PAPER,1,Q0,g8_file_source_map.csv,1,PASS
CUMCM-2010-B-004,metadata.yaml,derived/scale/papers/CUMCM-2010-B-004/metadata.yaml,9B3C7F00D288F35CACF8DBB373EFE68DF0629B200DA5436AD791CB5BBF9322B0,PAPER,1,Q0,g8_file_source_map.csv,1,PASS
CUMCM-2010-B-004,paper.md,derived/scale/papers/CUMCM-2010-B-004/paper.md,2EEBBD295DAA69E745D4D3A60E17C0CEEF5CCD2C3D4B962C1E8FD4F59535AFD8,PAPER,1,Q0,g8_file_source_map.csv,1,PASS
CUMCM-2010-B-005,knowledge_card.md,derived/scale/papers/CUMCM-2010-B-005/knowledge_card.md,EDC61B6E469ACD3D5EEB8ACD465F8F0DBD0FDF21518C9AA4BF250BE30D64E83B,PAPER,1,Q0,g8_file_source_map.csv,1,PASS
CUMCM-2010-B-005,metadata.yaml,derived/scale/papers/CUMCM-2010-B-005/metadata.yaml,34118038C1981420536A6EA3CE4F52939247AFEB80A82DD56B51CD5400D9E94B,PAPER,1,Q0,g8_file_source_map.csv,1,PASS
CUMCM-2010-B-005,paper.md,derived/scale/papers/CUMCM-2010-B-005/paper.md,7B81F60C64673BF02976FB19BFDC188CDEE3BBD8DEB3E5F3EE1EBFBFCE56229D,PAPER,1,Q0,g8_file_source_map.csv,1,PASS
CUMCM-2010-B-006,knowledge_card.md,derived/scale/papers/CUMCM-2010-B-006/knowledge_card.md,AE450DE15DE4C30D75A649A91F2ADF030D120F661758ECA875D01F433475A98B,PAPER,1,Q0,g8_file_source_map.csv,1,PASS
CUMCM-2010-B-006,metadata.yaml,derived/scale/papers/CUMCM-2010-B-006/metadata.yaml,755C83841C4EB2C950F9708890A10F2CEBFD195D5FDF76B915C676E96958FD1D,PAPER,1,Q0,g8_file_source_map.csv,1,PASS
CUMCM-2010-B-006,paper.md,derived/scale/papers/CUMCM-2010-B-006/paper.md,C603D33FCDC6A8963EB4D9A5B48E40618F3E8B87F583458474931C9FA4D3C61C,PAPER,1,Q0,g8_file_source_map.csv,1,PASS
CUMCM-2010-C-001,knowledge_card.md,derived/scale/papers/CUMCM-2010-C-001/knowledge_card.md,8DD7EDB90C491C62575FC2E8C4AE3A145A188FA12FC13198D4A47430AAB02E65,PAPER,1,Q0,g8_file_source_map.csv,1,PASS
CUMCM-2010-C-001,metadata.yaml,derived/scale/papers/CUMCM-2010-C-001/metadata.yaml,7219FB544EE2D0608268CD7D84EDE69EFA61E9D1D32C83736ED6AB003EFBB4FF,PAPER,1,Q0,g8_file_source_map.csv,1,PASS
CUMCM-2010-C-001,paper.md,derived/scale/papers/CUMCM-2010-C-001/paper.md,423134DFB9C28BE94131469DE903502B83FA4E46EF32803069457656C5762736,PAPER,1,Q0,g8_file_source_map.csv,1,PASS
CUMCM-2010-C-002,knowledge_card.md,derived/scale/papers/CUMCM-2010-C-002/knowledge_card.md,30D05CB2086C8DB522A09DCB44A82881BC6CF743F27C594335F71D260C715D1A,PAPER,1,Q0,g8_file_source_map.csv,1,PASS
CUMCM-2010-C-002,metadata.yaml,derived/scale/papers/CUMCM-2010-C-002/metadata.yaml,0249E78427BE5BABA8334A82C335CD42E85DD64973AEEF408C3A72C8A5D1749A,PAPER,1,Q0,g8_file_source_map.csv,1,PASS
CUMCM-2010-C-002,paper.md,derived/scale/papers/CUMCM-2010-C-002/paper.md,F501017C13D9B29686DD922D65EDC0CD658E90E82A5785E427A2D829537C8626,PAPER,1,Q0,g8_file_source_map.csv,1,PASS
CUMCM-2010-C-004,knowledge_card.md,derived/scale/papers/CUMCM-2010-C-004/knowledge_card.md,F5A94077B98BB67568B949E1B050E8E683B8627C5221D6090E067CBDB6F1BB95,PAPER,1,Q0,g8_file_source_map.csv,1,PASS
CUMCM-2010-C-004,metadata.yaml,derived/scale/papers/CUMCM-2010-C-004/metadata.yaml,14456235074C8FA7B88BD93552D0DD80825D12C52BA43A551B2A15D4BA62113A,PAPER,1,Q0,g8_file_source_map.csv,1,PASS
CUMCM-2010-C-004,paper.md,derived/scale/papers/CUMCM-2010-C-004/paper.md,F501017C13D9B29686DD922D65EDC0CD658E90E82A5785E427A2D829537C8626,PAPER,1,Q0,g8_file_source_map.csv,1,PASS
CUMCM-2010-D-002,knowledge_card.md,derived/scale/papers/CUMCM-2010-D-002/knowledge_card.md,4D2D7C63AF198FAE1496AA6C56782DC2E4EA34A01630CEB804DFA4AF0923AF8E,PAPER,1,Q0,g8_file_source_map.csv,1,PASS
CUMCM-2010-D-002,metadata.yaml,derived/scale/papers/CUMCM-2010-D-002/metadata.yaml,E94C17EBDC283EFAC7120C6519B5FAAC005D5FAE1A18321F55C7905CEF07557B,PAPER,1,Q0,g8_file_source_map.csv,1,PASS
CUMCM-2010-D-002,paper.md,derived/scale/papers/CUMCM-2010-D-002/paper.md,1888E6C51576B4658EBCF999D9BD0EEBBE0358F2C4F7C7B817AD03495849659F,PAPER,1,Q0,g8_file_source_map.csv,1,PASS
CUMCM-2010-D-004,knowledge_card.md,derived/scale/papers/CUMCM-2010-D-004/knowledge_card.md,D3CB73BBF173AA463D053DB9B2E897374AD6F8DD116748ED3452CB5F72EF4177,PAPER,1,Q0,g8_file_source_map.csv,1,PASS
CUMCM-2010-D-004,metadata.yaml,derived/scale/papers/CUMCM-2010-D-004/metadata.yaml,ADD75AE50E70FAD7E6859E0C8AA1A774DBFE8F3E1926FEB1E7B8904C183559ED,PAPER,1,Q0,g8_file_source_map.csv,1,PASS
CUMCM-2010-D-004,paper.md,derived/scale/papers/CUMCM-2010-D-004/paper.md,423134DFB9C28BE94131469DE903502B83FA4E46EF32803069457656C5762736,PAPER,1,Q0,g8_file_source_map.csv,1,PASS
CUMCM-2010-D-005,knowledge_card.md,derived/scale/papers/CUMCM-2010-D-005/knowledge_card.md,9D35567CA9B484F4B83884AA59511FB1081D4A8861852C8CC73F454987FD9FE4,PAPER,1,Q0,g8_file_source_map.csv,1,PASS
CUMCM-2010-D-005,metadata.yaml,derived/scale/papers/CUMCM-2010-D-005/metadata.yaml,B8F57C706DDD3D777CA7019CEFBAEBC77F60BBF1AED8788D2EAA355F171579F5,PAPER,1,Q0,g8_file_source_map.csv,1,PASS
CUMCM-2010-D-005,paper.md,derived/scale/papers/CUMCM-2010-D-005/paper.md,10D8417B9907543BA3D31CADAAFA596A847C428A80292A624B9727669ED22F5E,PAPER,1,Q0,g8_file_source_map.csv,1,PASS
CUMCM-2011-A-001,knowledge_card.md,derived/scale/papers/CUMCM-2011-A-001/knowledge_card.md,C769F87F9A67C34BDCE90B4B59532541610ADB8E54B4B34364EDB549FBA52697,PAPER,1,Q0,g8_file_source_map.csv,1,PASS
CUMCM-2011-A-001,metadata.yaml,derived/scale/papers/CUMCM-2011-A-001/metadata.yaml,C9E41F6F187A8D874882012E4605382B19FD61F1B8CE3AB06BD3174C0A92EF4F,PAPER,1,Q0,g8_file_source_map.csv,1,PASS
CUMCM-2011-A-001,paper.md,derived/scale/papers/CUMCM-2011-A-001/paper.md,7CBE95CD215BF4DBF1145D77C8F5E68E78913851E3F43515D25039DD4BDDBC3E,PAPER,1,Q0,g8_file_source_map.csv,1,PASS
CUMCM-2011-A-002,knowledge_card.md,derived/scale/papers/CUMCM-2011-A-002/knowledge_card.md,F2B3858097FC120E6D00B2A6B95A49E569CF6CD98FB2F2B4DCC707381B852A3A,PAPER,1,Q0,g8_file_source_map.csv,1,PASS
CUMCM-2011-A-002,metadata.yaml,derived/scale/papers/CUMCM-2011-A-002/metadata.yaml,9E119E555836CDF3C2C49772E5409CB641F708B0E841363737D265911DDFDC6A,PAPER,1,Q0,g8_file_source_map.csv,1,PASS
CUMCM-2011-A-002,paper.md,derived/scale/papers/CUMCM-2011-A-002/paper.md,0DC7FA87A91063A75E5F6EB4E7DF93003F2810C3C2B255BADA26123C31E167C8,PAPER,1,Q0,g8_file_source_map.csv,1,PASS
CUMCM-2011-A-004,knowledge_card.md,derived/scale/papers/CUMCM-2011-A-004/knowledge_card.md,C618463692D4F58BFF7FAB9D459A9E728B73B1FCEC0F0471F33D521713B912B2,PAPER,1,Q0,g8_file_source_map.csv,1,PASS
CUMCM-2011-A-004,metadata.yaml,derived/scale/papers/CUMCM-2011-A-004/metadata.yaml,ABF166E7A03842B0E3AFFA8171ADAF0171617976DD95D57FFE40F6C9DC75CBC7,PAPER,1,Q0,g8_file_source_map.csv,1,PASS
CUMCM-2011-A-004,paper.md,derived/scale/papers/CUMCM-2011-A-004/paper.md,BC31A761D966D535532F56685708E9046DD03DE154AD8808530C902FF887CA2C,PAPER,1,Q0,g8_file_source_map.csv,1,PASS
CUMCM-2011-A-005,knowledge_card.md,derived/scale/papers/CUMCM-2011-A-005/knowledge_card.md,B220BB9F5D5C797924ED3277775677E9EF1E78D658BDD1FF2A8C2EED29A0CE02,PAPER,1,Q0,g8_file_source_map.csv,1,PASS
CUMCM-2011-A-005,metadata.yaml,derived/scale/papers/CUMCM-2011-A-005/metadata.yaml,41C67EE2BFB731B11A7FD5DBAF4421326DD5556E0DCDEA3DAC9C6E51F0E37A01,PAPER,1,Q0,g8_file_source_map.csv,1,PASS
CUMCM-2011-A-005,paper.md,derived/scale/papers/CUMCM-2011-A-005/paper.md,35E4CF3B6B9BAB76CEBC0220F86B8278A06D595435C117091539A9A84D151CA2,PAPER,1,Q0,g8_file_source_map.csv,1,PASS
CUMCM-2011-A-006,knowledge_card.md,derived/scale/papers/CUMCM-2011-A-006/knowledge_card.md,33AD904B9199FEBEFAC792A567D95FA867ACEBA26EA0AD3B257E75FF1DE90ACD,PAPER,1,Q2,g8_file_source_map.csv,1,PASS
CUMCM-2011-A-006,metadata.yaml,derived/scale/papers/CUMCM-2011-A-006/metadata.yaml,EA53CE9949E427964090C2FB6389D2F20A0948B7C7101EFC62C0FA31A31B2CB3,PAPER,1,Q2,g8_file_source_map.csv,1,PASS
CUMCM-2011-A-006,paper.md,derived/scale/papers/CUMCM-2011-A-006/paper.md,09933821264BCA77DFF85385B51E2AC01813A0A2D92004376992B744CC2A47A1,PAPER,1,Q2,g8_file_source_map.csv,1,PASS
CUMCM-2011-A-007,knowledge_card.md,derived/scale/papers/CUMCM-2011-A-007/knowledge_card.md,38817B6F24F61B0AA7DADCB9B844D3A3FB5D5D42D9DC9EA7588F7D10AE9E6409,PAPER,1,Q0,g8_file_source_map.csv,1,PASS
CUMCM-2011-A-007,metadata.yaml,derived/scale/papers/CUMCM-2011-A-007/metadata.yaml,488DFE8E8EAEC7F333D84302CF0BE97B5740154305DEAAFC880C72AF7B29256A,PAPER,1,Q0,g8_file_source_map.csv,1,PASS
CUMCM-2011-A-007,paper.md,derived/scale/papers/CUMCM-2011-A-007/paper.md,ACCABFC155FB8F7EADABB10768DF3C9458A86A3C41C9F8A3D6487B58A7713E65,PAPER,1,Q0,g8_file_source_map.csv,1,PASS
CUMCM-2011-A-009,knowledge_card.md,derived/scale/papers/CUMCM-2011-A-009/knowledge_card.md,A760CD283E89F88BE0BBDEE56495758CD73D52640CC77A4F320AAF37375E1207,PAPER,1,Q0,g8_file_source_map.csv,1,PASS
CUMCM-2011-A-009,metadata.yaml,derived/scale/papers/CUMCM-2011-A-009/metadata.yaml,0944C97C9793F5AC7DB02DBA068701C2098FF9436D556F977E72B1B7262CD979,PAPER,1,Q0,g8_file_source_map.csv,1,PASS
CUMCM-2011-A-009,paper.md,derived/scale/papers/CUMCM-2011-A-009/paper.md,F348F34474D0DFB7342750D030DA07781DDE00BB4D36F973A87B2F94DE53CE75,PAPER,1,Q0,g8_file_source_map.csv,1,PASS
CUMCM-2011-B-003,knowledge_card.md,derived/scale/papers/CUMCM-2011-B-003/knowledge_card.md,2C809216B0B01CE7B785E6A1D60FDBB92E95C22D61265735D7EBE969809EF0B8,PAPER,1,Q0,g8_file_source_map.csv,1,PASS
CUMCM-2011-B-003,metadata.yaml,derived/scale/papers/CUMCM-2011-B-003/metadata.yaml,A657834BD2A4802240EA91A42E5F211671997ED9BF4397718E1522D76CE28419,PAPER,1,Q0,g8_file_source_map.csv,1,PASS
CUMCM-2011-B-003,paper.md,derived/scale/papers/CUMCM-2011-B-003/paper.md,13A4C1B1C1E05FAABCD6AE4BA137D902A1DD8E5E80D1A72A15D4B0440ACC3853,PAPER,1,Q0,g8_file_source_map.csv,1,PASS
CUMCM-2011-B-004,knowledge_card.md,derived/scale/papers/CUMCM-2011-B-004/knowledge_card.md,311681CEE946B469B0A9BB1118DFF0FD283309985BE051E1E17C335E5F5FD361,PAPER,1,Q0,g8_file_source_map.csv,1,PASS
CUMCM-2011-B-004,metadata.yaml,derived/scale/papers/CUMCM-2011-B-004/metadata.yaml,07C10AAA02D52E33942154512DCAD3CF962AA733307DB114D691CBB25A76A152,PAPER,1,Q0,g8_file_source_map.csv,1,PASS
CUMCM-2011-B-004,paper.md,derived/scale/papers/CUMCM-2011-B-004/paper.md,B9279A7337973E6E5CADE70526C26FCCDAAAEA582DA49EADA830CA9745C97530,PAPER,1,Q0,g8_file_source_map.csv,1,PASS
CUMCM-2012-A-001,knowledge_card.md,derived/scale/papers/CUMCM-2012-A-001/knowledge_card.md,DADE9C77A87CB2FB8DCFEB29853BCAB7AFBBDFB34F58792E782A8E73164907EF,PAPER,1,Q2,g8_file_source_map.csv,1,PASS
CUMCM-2012-A-001,metadata.yaml,derived/scale/papers/CUMCM-2012-A-001/metadata.yaml,5D29E96BEC5F4F150D329DC36B80B82C199643866E5F00179EA66CFED7867BBC,PAPER,1,Q2,g8_file_source_map.csv,1,PASS
CUMCM-2012-A-001,paper.md,derived/scale/papers/CUMCM-2012-A-001/paper.md,652E7BED239740CDDBAA87BC1A7D105EB1EA1557155A2F5A8360EDF3A5EB0F2A,PAPER,1,Q2,g8_file_source_map.csv,1,PASS
CUMCM-2012-A-006,knowledge_card.md,derived/scale/papers/CUMCM-2012-A-006/knowledge_card.md,518FEF361D8787A2634F5069EB67D5F8EC1E47E27DF49F6AA103542A7BC40328,PAPER,1,Q0,g8_file_source_map.csv,1,PASS
CUMCM-2012-A-006,metadata.yaml,derived/scale/papers/CUMCM-2012-A-006/metadata.yaml,575FA7CCD860FD2B111E7A1D8239B3F182E523309D8FE312320B8AC36654BD54,PAPER,1,Q0,g8_file_source_map.csv,1,PASS
CUMCM-2012-A-006,paper.md,derived/scale/papers/CUMCM-2012-A-006/paper.md,D1323BAF119B2FCFA5F77ACCAA1B113044E83B9FFD12D25767740DB398B6CAAB,PAPER,1,Q0,g8_file_source_map.csv,1,PASS
CUMCM-2012-A-007,knowledge_card.md,derived/scale/papers/CUMCM-2012-A-007/knowledge_card.md,5000EF831627C744BC209B4DD87E01C56D099BDD161D1901414F7D9BA0C12D20,PAPER,1,Q0,g8_file_source_map.csv,1,PASS
CUMCM-2012-A-007,metadata.yaml,derived/scale/papers/CUMCM-2012-A-007/metadata.yaml,B2A6FE86D2AB6E5566CDF24661B497A8C325ED3C32294FAE9576DBF9AA1904AF,PAPER,1,Q0,g8_file_source_map.csv,1,PASS
CUMCM-2012-A-007,paper.md,derived/scale/papers/CUMCM-2012-A-007/paper.md,8353EAC23BF33B36BD56E655655BFB5E168FE716DB38B933AC0A3B1644F45877,PAPER,1,Q0,g8_file_source_map.csv,1,PASS
CUMCM-2012-A-A285,knowledge_card.md,derived/scale/papers/CUMCM-2012-A-A285/knowledge_card.md,1F3B8F3DC78295F63F24613E508927FB5CC3F467C1AE1CE1402E1F9CA7DA6187,PAPER,1,Q2,g8_file_source_map.csv,1,PASS
CUMCM-2012-A-A285,metadata.yaml,derived/scale/papers/CUMCM-2012-A-A285/metadata.yaml,3853B995B5906C66CD0BC84694E3F830E011976A4D5B76EE7547845FB3FC3FD9,PAPER,1,Q2,g8_file_source_map.csv,1,PASS
CUMCM-2012-A-A285,paper.md,derived/scale/papers/CUMCM-2012-A-A285/paper.md,1739599D988DF7A3F5AC933B772A41ABC1CF79F7B6D47C530313A74D48E5E23D,PAPER,1,Q2,g8_file_source_map.csv,1,PASS
CUMCM-2012-B-004,knowledge_card.md,derived/scale/papers/CUMCM-2012-B-004/knowledge_card.md,8DE0A38463A302EE3C6A66C811F1B2480D00329A0AF1468B51D01BE088ABAB53,PAPER,1,Q0,g8_file_source_map.csv,1,PASS
CUMCM-2012-B-004,metadata.yaml,derived/scale/papers/CUMCM-2012-B-004/metadata.yaml,4A345D71389DAE727D62DAA0F856BBD6DD9814B629927FBE892146EAC456E267,PAPER,1,Q0,g8_file_source_map.csv,1,PASS
CUMCM-2012-B-004,paper.md,derived/scale/papers/CUMCM-2012-B-004/paper.md,AEC22E71A69E584289A9D3D66A8993CB36AA85EF939D4ED7AF0BFDF871645FF9,PAPER,1,Q0,g8_file_source_map.csv,1,PASS
CUMCM-2012-B-B077,knowledge_card.md,derived/scale/papers/CUMCM-2012-B-B077/knowledge_card.md,139314E115D41793BA5D1A5CAE644025404424FB2EC552FF57F811CD9C77DD81,PAPER,1,Q2,g8_file_source_map.csv,1,PASS
CUMCM-2012-B-B077,metadata.yaml,derived/scale/papers/CUMCM-2012-B-B077/metadata.yaml,A378DCD7FC30F67CE433CCE02C9979F1C66073723CA3CDE79FCE6DF6DEFC09FA,PAPER,1,Q2,g8_file_source_map.csv,1,PASS
CUMCM-2012-B-B077,paper.md,derived/scale/papers/CUMCM-2012-B-B077/paper.md,26BEEE203A2580D31E76E44DA3845181EF6B1BAD95ACA446FB57B721AB05F897,PAPER,1,Q2,g8_file_source_map.csv,1,PASS
CUMCM-2012-B-B149,knowledge_card.md,derived/scale/papers/CUMCM-2012-B-B149/knowledge_card.md,E3F422D31E619FE8F373661F125ECC350B792B569487AEA2177239491382D263,PAPER,1,Q0,g8_file_source_map.csv,1,PASS
CUMCM-2012-B-B149,metadata.yaml,derived/scale/papers/CUMCM-2012-B-B149/metadata.yaml,570161513338D472A5A19D5449A554094538AB6360DA1D93549F9CA8434BE623,PAPER,1,Q0,g8_file_source_map.csv,1,PASS
CUMCM-2012-B-B149,paper.md,derived/scale/papers/CUMCM-2012-B-B149/paper.md,7A5DF53096876F3C887CAE76705332FABCD4CDF2822B78235FB28C4CD81A0DB7,PAPER,1,Q0,g8_file_source_map.csv,1,PASS
CUMCM-2013-A-001,knowledge_card.md,derived/scale/papers/CUMCM-2013-A-001/knowledge_card.md,52408B9FBF413F13CF027D29BD8B3877E174AB3783A947C017566C161AD57F38,PAPER,1,Q0,g8_file_source_map.csv,1,PASS
CUMCM-2013-A-001,metadata.yaml,derived/scale/papers/CUMCM-2013-A-001/metadata.yaml,F54AB883CDB402B2053E311B7B52FDD20458E111C2CB0C80AACA0140A0F96116,PAPER,1,Q0,g8_file_source_map.csv,1,PASS
CUMCM-2013-A-001,paper.md,derived/scale/papers/CUMCM-2013-A-001/paper.md,938F0ACD508FAA30697563EE082CC8EFF2496DBA9834B219CA6519AB720EA181,PAPER,1,Q0,g8_file_source_map.csv,1,PASS
CUMCM-2013-A-003,knowledge_card.md,derived/scale/papers/CUMCM-2013-A-003/knowledge_card.md,879524910C9A5390CDEF02BABD6B00A15C0E306D50C2E6957DD2F3750D5FBAD3,PAPER,1,Q0,g8_file_source_map.csv,1,PASS
CUMCM-2013-A-003,metadata.yaml,derived/scale/papers/CUMCM-2013-A-003/metadata.yaml,72B5B4AD9B72CE3F9A043EA09747F148F532D08CB333FD743CE4786764A324C4,PAPER,1,Q0,g8_file_source_map.csv,1,PASS
CUMCM-2013-A-003,paper.md,derived/scale/papers/CUMCM-2013-A-003/paper.md,D6B18C3BC2941DBB9D31B2F5EA3DA3E657E14F9F1D18A8C08B6CACEB6E311E5F,PAPER,1,Q0,g8_file_source_map.csv,1,PASS
CUMCM-2013-A-004,knowledge_card.md,derived/scale/papers/CUMCM-2013-A-004/knowledge_card.md,1A1339CE4620D617082FF0324F1B46DB08B9311C4CBE567B2BB348CBD2350D2D,PAPER,1,Q0,g8_file_source_map.csv,1,PASS
CUMCM-2013-A-004,metadata.yaml,derived/scale/papers/CUMCM-2013-A-004/metadata.yaml,6D3F70B1EBBA02F2996C9ACADD0C3AB5E23C62168B03CFDDE60EB88F4FB10820,PAPER,1,Q0,g8_file_source_map.csv,1,PASS
CUMCM-2013-A-004,paper.md,derived/scale/papers/CUMCM-2013-A-004/paper.md,BAC9F628007AB22CD754BDCB73A3E5030F19650591E32B051E7A8532CEA4A6D2,PAPER,1,Q0,g8_file_source_map.csv,1,PASS
CUMCM-2013-A-005,knowledge_card.md,derived/scale/papers/CUMCM-2013-A-005/knowledge_card.md,902CD937AD5DF8F92CD62A49EEAF940EE5B8A71E7D1EFBCEBB7A63BBD71AEE8F,PAPER,1,Q0,g8_file_source_map.csv,1,PASS
CUMCM-2013-A-005,metadata.yaml,derived/scale/papers/CUMCM-2013-A-005/metadata.yaml,FA2953A90DEC974911C74B5928D935D540CCD6CE31122D1833A6088850485713,PAPER,1,Q0,g8_file_source_map.csv,1,PASS
CUMCM-2013-A-005,paper.md,derived/scale/papers/CUMCM-2013-A-005/paper.md,909D7B75C28732F82B5F74DF15BEE808F6B53AB1DD1572F400E14AEB034CB9F8,PAPER,1,Q0,g8_file_source_map.csv,1,PASS
CUMCM-2013-A-A0114,knowledge_card.md,derived/scale/papers/CUMCM-2013-A-A0114/knowledge_card.md,AC87F9F99E9F642D8BA92F35855D028599C390E38D633680472A3F330CAB9850,PAPER,1,Q0,g8_file_source_map.csv,1,PASS
CUMCM-2013-A-A0114,metadata.yaml,derived/scale/papers/CUMCM-2013-A-A0114/metadata.yaml,400A137748A0EBF0502DDD2D3702470437CE6C286EC6DE1E66B9021B94DBCD2F,PAPER,1,Q0,g8_file_source_map.csv,1,PASS
CUMCM-2013-A-A0114,paper.md,derived/scale/papers/CUMCM-2013-A-A0114/paper.md,A9CD4970C89EEEFADD67324F2CECBB14FEA65FE2AB4AF6DC3E1E1B768A02AFDC,PAPER,1,Q0,g8_file_source_map.csv,1,PASS
CUMCM-2013-C-010,knowledge_card.md,derived/scale/papers/CUMCM-2013-C-010/knowledge_card.md,29BB66C3AC631D39B69D22F9DF167AC47E3F56EE68470C5818CD8BC2162616B7,PAPER,1,Q2,g8_file_source_map.csv,1,PASS
CUMCM-2013-C-010,metadata.yaml,derived/scale/papers/CUMCM-2013-C-010/metadata.yaml,859FC54EA59FC9DF1E0964D4FDE04C022D2DCF972FDFC40E89573617E9F51814,PAPER,1,Q2,g8_file_source_map.csv,1,PASS
CUMCM-2013-C-010,paper.md,derived/scale/papers/CUMCM-2013-C-010/paper.md,048A0B1C90C8937F83C895507B7FB4B4530AE6B9043B31413495C363C8D87A1D,PAPER,1,Q2,g8_file_source_map.csv,1,PASS
CUMCM-2014-A-A1000,knowledge_card.md,derived/scale/papers/CUMCM-2014-A-A1000/knowledge_card.md,0BB329372316C35F8A875001A04D0BFC81BE5DF7B48932DDCEC982189C07B6E8,PAPER,1,Q0,g8_file_source_map.csv,1,PASS
CUMCM-2014-A-A1000,metadata.yaml,derived/scale/papers/CUMCM-2014-A-A1000/metadata.yaml,68FE0DBFEB095F18F02C8C6E023572E97B98BC5F8A95BD837A7B0DF519567011,PAPER,1,Q0,g8_file_source_map.csv,1,PASS
CUMCM-2014-A-A1000,paper.md,derived/scale/papers/CUMCM-2014-A-A1000/paper.md,D202318EB8BC23DF3599383E3D9E66C729297EBC8D7ADC606D5D89546C8B60F5,PAPER,1,Q0,g8_file_source_map.csv,1,PASS
CUMCM-2014-A-A1114,knowledge_card.md,derived/scale/papers/CUMCM-2014-A-A1114/knowledge_card.md,44D0242A34239C0AB3C488A2A1C4E06C53311A13C41F6ECFC0B8AD35869B9BF5,PAPER,1,Q0,g8_file_source_map.csv,1,PASS
CUMCM-2014-A-A1114,metadata.yaml,derived/scale/papers/CUMCM-2014-A-A1114/metadata.yaml,3250F2B35D64299FDC329620441E65DA3514C918C993282482AC10F67DA02943,PAPER,1,Q0,g8_file_source_map.csv,1,PASS
CUMCM-2014-A-A1114,paper.md,derived/scale/papers/CUMCM-2014-A-A1114/paper.md,B8516270F1772200E1D9CCAC1744A9EA75E42008EB58E43EB3845600C4BE29CD,PAPER,1,Q0,g8_file_source_map.csv,1,PASS
CUMCM-2014-A-A1116,knowledge_card.md,derived/scale/papers/CUMCM-2014-A-A1116/knowledge_card.md,093FC7A9291C8EF114FAFB39F09390863F0773593A7BD25DCB61CCEB34A84011,PAPER,1,Q0,g8_file_source_map.csv,1,PASS
CUMCM-2014-A-A1116,metadata.yaml,derived/scale/papers/CUMCM-2014-A-A1116/metadata.yaml,4AC5DD21477E4FDED10B286863A5F86BC455CA7C706E04648B2B7F295C54563A,PAPER,1,Q0,g8_file_source_map.csv,1,PASS
CUMCM-2014-A-A1116,paper.md,derived/scale/papers/CUMCM-2014-A-A1116/paper.md,A26A8072339CDFA3AB610CC20A4F36D4A0F6889C3DAF358423448B38B52E1460,PAPER,1,Q0,g8_file_source_map.csv,1,PASS
CUMCM-2014-A-A1501,knowledge_card.md,derived/scale/papers/CUMCM-2014-A-A1501/knowledge_card.md,33D443331EC4D32A062024A1B5CD4AB0E226D4C377F89DBA4E9676E0A096D5C5,PAPER,1,Q0,g8_file_source_map.csv,1,PASS
CUMCM-2014-A-A1501,metadata.yaml,derived/scale/papers/CUMCM-2014-A-A1501/metadata.yaml,59073635C7DC62611AF3D586A388E9F1AB863070D067F2FDA6DF31E453763389,PAPER,1,Q0,g8_file_source_map.csv,1,PASS
CUMCM-2014-A-A1501,paper.md,derived/scale/papers/CUMCM-2014-A-A1501/paper.md,4D15A604013AE9D54AAB97D156EBBF597455456A96A2AEA2F9915605BD9AE96F,PAPER,1,Q0,g8_file_source_map.csv,1,PASS
CUMCM-2014-A-A2302,knowledge_card.md,derived/scale/papers/CUMCM-2014-A-A2302/knowledge_card.md,468735970F961A7F6ED9B25247A68B43EDC24AB0D42BBD068A8AF25E6B3F2F24,PAPER,1,Q0,g8_file_source_map.csv,1,PASS
CUMCM-2014-A-A2302,metadata.yaml,derived/scale/papers/CUMCM-2014-A-A2302/metadata.yaml,2C130CF098C13413212A074FBE5DE5D0B97A7841D45086BA9D8A30B06D91F926,PAPER,1,Q0,g8_file_source_map.csv,1,PASS
CUMCM-2014-A-A2302,paper.md,derived/scale/papers/CUMCM-2014-A-A2302/paper.md,78B516C2BF30429E2588493BEEBCDE86D1EFF19BBDB5A2108BB2F7BF81708F2E,PAPER,1,Q0,g8_file_source_map.csv,1,PASS
CUMCM-2014-B-B1801,knowledge_card.md,derived/scale/papers/CUMCM-2014-B-B1801/knowledge_card.md,C5615463691A07E6BFA93E570DC319427702741038FD50D95209567C7E16D55E,PAPER,1,Q2,g8_file_source_map.csv,1,PASS
CUMCM-2014-B-B1801,metadata.yaml,derived/scale/papers/CUMCM-2014-B-B1801/metadata.yaml,52CE86A7613AF47F5FA727EC68D0F6A306E02FECC39186B6681B327DE2AF0D7D,PAPER,1,Q2,g8_file_source_map.csv,1,PASS
CUMCM-2014-B-B1801,paper.md,derived/scale/papers/CUMCM-2014-B-B1801/paper.md,089F957DDE0B95485631C1CBA28B175513266293131CBAF00813632FCBEB53A8,PAPER,1,Q2,g8_file_source_map.csv,1,PASS
CUMCM-2014-B-B2704,knowledge_card.md,derived/scale/papers/CUMCM-2014-B-B2704/knowledge_card.md,5E36DF3007FC51DF3EBED54F0C7C42B1007A9C12D2995CA2A1CC090C42BB14B9,PAPER,1,Q0,g8_file_source_map.csv,1,PASS
CUMCM-2014-B-B2704,metadata.yaml,derived/scale/papers/CUMCM-2014-B-B2704/metadata.yaml,AD58E33F9094F8B87256C36E1CD1F74AAAC776B9344163F506A152873D3FA7E3,PAPER,1,Q0,g8_file_source_map.csv,1,PASS
CUMCM-2014-B-B2704,paper.md,derived/scale/papers/CUMCM-2014-B-B2704/paper.md,1E83EC023759E193E591088D463AA1F466CBFA7CE47DA50EB4864BABF9E471EC,PAPER,1,Q0,g8_file_source_map.csv,1,PASS
CUMCM-2014-C-010,knowledge_card.md,derived/scale/papers/CUMCM-2014-C-010/knowledge_card.md,880FD229CCCBF16475B7C6AF7D92408F79712AD1B484A50873CBFD57E2406725,PAPER,1,Q0,g8_file_source_map.csv,1,PASS
CUMCM-2014-C-010,metadata.yaml,derived/scale/papers/CUMCM-2014-C-010/metadata.yaml,2A112877058C711C681E17B4FD0FAC059BC9C4B0DEC586D83241120ECC0BE8D0,PAPER,1,Q0,g8_file_source_map.csv,1,PASS
CUMCM-2014-C-010,paper.md,derived/scale/papers/CUMCM-2014-C-010/paper.md,8D951D9D8AE27EF1E8B43EAD5A48BB5FF83898884163D919C1758A4410E4EAD1,PAPER,1,Q0,g8_file_source_map.csv,1,PASS
CUMCM-2014-C-C1951,knowledge_card.md,derived/scale/papers/CUMCM-2014-C-C1951/knowledge_card.md,B9B1AD5FD0DEF2F3639E7F503CF22608656666B5EA2C44354A0D29A81FAEC82F,PAPER,1,Q0,g8_file_source_map.csv,1,PASS
CUMCM-2014-C-C1951,metadata.yaml,derived/scale/papers/CUMCM-2014-C-C1951/metadata.yaml,CE7A1CC53DFD0218A03391B6A09E2D746A7F263CCC86AA2A54432D06C119E764,PAPER,1,Q0,g8_file_source_map.csv,1,PASS
CUMCM-2014-C-C1951,paper.md,derived/scale/papers/CUMCM-2014-C-C1951/paper.md,CD856F0952B755AF89E6D81F5BDADF354A8DA6826952F3B34FAB7A09AD76BC35,PAPER,1,Q0,g8_file_source_map.csv,1,PASS
CUMCM-2014-D-D2202,knowledge_card.md,derived/scale/papers/CUMCM-2014-D-D2202/knowledge_card.md,C26E2D8F85C9E24439A5F0444873DDE25887FF8B1F2CE3902242A8B603D7E066,PAPER,1,Q0,g8_file_source_map.csv,1,PASS
CUMCM-2014-D-D2202,metadata.yaml,derived/scale/papers/CUMCM-2014-D-D2202/metadata.yaml,DD646DA1B6A2086C8FF4F78686A69640D3A0F0613EDC4F1201568FFDF5FC4561,PAPER,1,Q0,g8_file_source_map.csv,1,PASS
CUMCM-2014-D-D2202,paper.md,derived/scale/papers/CUMCM-2014-D-D2202/paper.md,57051683F95933F92246D65FA12FBF1C295B2698186D8662E92BCF59FA2B31BB,PAPER,1,Q0,g8_file_source_map.csv,1,PASS
CUMCM-2016-A-002,knowledge_card.md,derived/scale/papers/CUMCM-2016-A-002/knowledge_card.md,86A2517512714B3277402BE259DAC18B0AF600B2C297DD0A0FDD605E09EE002F,PAPER,1,Q0,g8_file_source_map.csv,1,PASS
CUMCM-2016-A-002,metadata.yaml,derived/scale/papers/CUMCM-2016-A-002/metadata.yaml,B3A3B0F56B4123C860F013DBE1A27DDC24C07811B0AF53D12564F1D7C89A0C67,PAPER,1,Q0,g8_file_source_map.csv,1,PASS
CUMCM-2016-A-002,paper.md,derived/scale/papers/CUMCM-2016-A-002/paper.md,6476B043B8C64C883E82E7E21FCA22A743BD4DC9F7504E46077EA6EDEFFF52B6,PAPER,1,Q0,g8_file_source_map.csv,1,PASS
CUMCM-2016-A-003,knowledge_card.md,derived/scale/papers/CUMCM-2016-A-003/knowledge_card.md,7B1B958A76E704837287E11D7737C9938FD67473F6966567E8961396C0CA1E64,PAPER,1,Q0,g8_file_source_map.csv,1,PASS
CUMCM-2016-A-003,metadata.yaml,derived/scale/papers/CUMCM-2016-A-003/metadata.yaml,FAEA2DF81772801317A1A01B5D16796A711D9FDCD4E60DCBA32641FA23C12097,PAPER,1,Q0,g8_file_source_map.csv,1,PASS
CUMCM-2016-A-003,paper.md,derived/scale/papers/CUMCM-2016-A-003/paper.md,D083054E00F18895F0A0E71ED367BB5995CF0FA8CCF683667B6C362B3C3F11B4,PAPER,1,Q0,g8_file_source_map.csv,1,PASS
CUMCM-2016-A-004,knowledge_card.md,derived/scale/papers/CUMCM-2016-A-004/knowledge_card.md,41A9B42ADE6BD470B50FB18EEC66FBCD18BFA7E35C7945D8C3FA80BD0495A852,PAPER,1,Q0,g8_file_source_map.csv,1,PASS
CUMCM-2016-A-004,metadata.yaml,derived/scale/papers/CUMCM-2016-A-004/metadata.yaml,2486B0560E60A496DF2FCA51A17E2F52B919E69DCC2BA438128B8261C1270A74,PAPER,1,Q0,g8_file_source_map.csv,1,PASS
CUMCM-2016-A-004,paper.md,derived/scale/papers/CUMCM-2016-A-004/paper.md,906D3C95C5A9F195A085E4909B159F85F2445F2FBE03B10255A5DB9037642AC9,PAPER,1,Q0,g8_file_source_map.csv,1,PASS
CUMCM-2016-A-005,knowledge_card.md,derived/scale/papers/CUMCM-2016-A-005/knowledge_card.md,B04EA63371115D87603425562CC824F86FCB3B07419C4AD129D9AA0C707478FD,PAPER,1,Q0,g8_file_source_map.csv,1,PASS
CUMCM-2016-A-005,metadata.yaml,derived/scale/papers/CUMCM-2016-A-005/metadata.yaml,A333495EB2D5A5174EFB152921192C1B5B4262C5293C5DCCB8FAC3597EA7A436,PAPER,1,Q0,g8_file_source_map.csv,1,PASS
CUMCM-2016-A-005,paper.md,derived/scale/papers/CUMCM-2016-A-005/paper.md,A5D69A10622361925FC785EFBCF3BF8A488DAC1601268444C1B0F93652FDA48D,PAPER,1,Q0,g8_file_source_map.csv,1,PASS
CUMCM-2016-A-006,knowledge_card.md,derived/scale/papers/CUMCM-2016-A-006/knowledge_card.md,67BB571624833DB0B2FF46CE295A1899F3A5C4F1E2FE00E6B8D19B38E3111F39,PAPER,1,Q0,g8_file_source_map.csv,1,PASS
CUMCM-2016-A-006,metadata.yaml,derived/scale/papers/CUMCM-2016-A-006/metadata.yaml,6DA1D11C68CBFB32FD03809A445496D5C97D60D4CF3493A6706A3B4B1B37D6B8,PAPER,1,Q0,g8_file_source_map.csv,1,PASS
CUMCM-2016-A-006,paper.md,derived/scale/papers/CUMCM-2016-A-006/paper.md,ABBD1413BE583D39053C245EB768BCC55E7AF594C0EBA3B13108D567E168779B,PAPER,1,Q0,g8_file_source_map.csv,1,PASS
CUMCM-2016-B-001,knowledge_card.md,derived/scale/papers/CUMCM-2016-B-001/knowledge_card.md,C58E565C1486497BAB786C4A2772931ABA17BDC2A5909262845B08227C078223,PAPER,1,Q0,g8_file_source_map.csv,1,PASS
CUMCM-2016-B-001,metadata.yaml,derived/scale/papers/CUMCM-2016-B-001/metadata.yaml,F1FD44949F8489764A0F3ED8FB7164C01B3706579A3AD805F2E5093099E65A9A,PAPER,1,Q0,g8_file_source_map.csv,1,PASS
CUMCM-2016-B-001,paper.md,derived/scale/papers/CUMCM-2016-B-001/paper.md,D9EA8699B8B700E6A733040FB5B6967DAB947683053FD7077392128C859A7837,PAPER,1,Q0,g8_file_source_map.csv,1,PASS
CUMCM-2016-B-002,knowledge_card.md,derived/scale/papers/CUMCM-2016-B-002/knowledge_card.md,6B3B01730631F1394F015D813492EA0D98936BBFA8AFA1F1DBA62CC2E4D6E4BD,PAPER,1,Q0,g8_file_source_map.csv,1,PASS
CUMCM-2016-B-002,metadata.yaml,derived/scale/papers/CUMCM-2016-B-002/metadata.yaml,5688441CC08DCBF575E3D7C16EC201C7DD933564FC8A22A77B01CE27E1246034,PAPER,1,Q0,g8_file_source_map.csv,1,PASS
CUMCM-2016-B-002,paper.md,derived/scale/papers/CUMCM-2016-B-002/paper.md,3F081ACE47C54A29445EB0E93AE7D848C6DFA7424670BCAD884753CB74EC92B2,PAPER,1,Q0,g8_file_source_map.csv,1,PASS
CUMCM-2016-B-003,knowledge_card.md,derived/scale/papers/CUMCM-2016-B-003/knowledge_card.md,A7C449F1AC2B8D4E12CB6D686937699E6FFDD16E5D76DBAEE6464A7870345D30,PAPER,1,Q0,g8_file_source_map.csv,1,PASS
CUMCM-2016-B-003,metadata.yaml,derived/scale/papers/CUMCM-2016-B-003/metadata.yaml,1D4E2DA08F94839D4D68F4A7E51B24974448A745F7AE30E6E9E6EB22B8A078EC,PAPER,1,Q0,g8_file_source_map.csv,1,PASS
CUMCM-2016-B-003,paper.md,derived/scale/papers/CUMCM-2016-B-003/paper.md,D9EA8699B8B700E6A733040FB5B6967DAB947683053FD7077392128C859A7837,PAPER,1,Q0,g8_file_source_map.csv,1,PASS
CUMCM-2016-B-004,knowledge_card.md,derived/scale/papers/CUMCM-2016-B-004/knowledge_card.md,9C64C3628802D72772F0D8CBF4592F57C90F43A926CBE1EA368B7C18A4BE8D33,PAPER,1,Q0,g8_file_source_map.csv,1,PASS
CUMCM-2016-B-004,metadata.yaml,derived/scale/papers/CUMCM-2016-B-004/metadata.yaml,54F066CCEC71D259A02C92E82B18E51DD977D74EDEF34F51CA512E1B961467A0,PAPER,1,Q0,g8_file_source_map.csv,1,PASS
CUMCM-2016-B-004,paper.md,derived/scale/papers/CUMCM-2016-B-004/paper.md,2C9F7B8CB4B0323C7525B8A29E13DEDF6BE463E0CAE0DA3458697B4F290615E3,PAPER,1,Q0,g8_file_source_map.csv,1,PASS
CUMCM-2016-B-005,knowledge_card.md,derived/scale/papers/CUMCM-2016-B-005/knowledge_card.md,0BAE506E3C15A54091A3FBDA2B0CE93A85011E5F0F41C059A2ED85AD2C4D4A22,PAPER,1,Q0,g8_file_source_map.csv,1,PASS
CUMCM-2016-B-005,metadata.yaml,derived/scale/papers/CUMCM-2016-B-005/metadata.yaml,52972887DA0CC0B370773B3BA71A5094E057BC65F967B163EAF5F33D10E0A9FE,PAPER,1,Q0,g8_file_source_map.csv,1,PASS
CUMCM-2016-B-005,paper.md,derived/scale/papers/CUMCM-2016-B-005/paper.md,CB547E5AE3FAA0543AA169DC8AECD4BC31F800C260146DDC070FF5CBAD13A8FD,PAPER,1,Q0,g8_file_source_map.csv,1,PASS
CUMCM-2016-C-001,knowledge_card.md,derived/scale/papers/CUMCM-2016-C-001/knowledge_card.md,F2A22FE319947AC0832D2F891D5EBCC5A9F65D7074B8C3CD664D1CD765350AB4,PAPER,1,Q0,g8_file_source_map.csv,1,PASS
CUMCM-2016-C-001,metadata.yaml,derived/scale/papers/CUMCM-2016-C-001/metadata.yaml,9256DCA0D1DA192CF7D42370FE69B0BBDC037FD71B17D5641E34E2DF5A1D411F,PAPER,1,Q0,g8_file_source_map.csv,1,PASS
CUMCM-2016-C-001,paper.md,derived/scale/papers/CUMCM-2016-C-001/paper.md,54AC594DA4C1C5CBC43EAF28DF45AD7A77843A6F2F948DE73D112F330D4D01B4,PAPER,1,Q0,g8_file_source_map.csv,1,PASS
CUMCM-2016-C-003,knowledge_card.md,derived/scale/papers/CUMCM-2016-C-003/knowledge_card.md,815BBE42F837DDC137F4FE2BF37C2213AE49A2D221729C22D6EC257D32B48C63,PAPER,1,Q0,g8_file_source_map.csv,1,PASS
CUMCM-2016-C-003,metadata.yaml,derived/scale/papers/CUMCM-2016-C-003/metadata.yaml,07178537E12F705461A6DE2A72B0614304FA7C9900B1E151FE25B0DA6B0D034D,PAPER,1,Q0,g8_file_source_map.csv,1,PASS
CUMCM-2016-C-003,paper.md,derived/scale/papers/CUMCM-2016-C-003/paper.md,6126FC95B89C7BD5B05441E88D93CC77C1A1DFE716B38236EBA1AD3505938548,PAPER,1,Q0,g8_file_source_map.csv,1,PASS
CUMCM-2016-D-002,knowledge_card.md,derived/scale/papers/CUMCM-2016-D-002/knowledge_card.md,40CD9AFC0E570C4F4DE9C54C097131800445F29007F811FF57C0D61677F85C8C,PAPER,1,Q0,g8_file_source_map.csv,1,PASS
CUMCM-2016-D-002,metadata.yaml,derived/scale/papers/CUMCM-2016-D-002/metadata.yaml,F637DA637B9F52CBF63C5FB8E2CF6C5437D68AC2C84919135BE5DFA7E007DF23,PAPER,1,Q0,g8_file_source_map.csv,1,PASS
CUMCM-2016-D-002,paper.md,derived/scale/papers/CUMCM-2016-D-002/paper.md,8AED4E746221FBDBC080FBCC13A2ADAC6904ECA075E2CE9BF1FB80BDD637292E,PAPER,1,Q0,g8_file_source_map.csv,1,PASS
CUMCM-2016-D-003,knowledge_card.md,derived/scale/papers/CUMCM-2016-D-003/knowledge_card.md,675ECEA4A45B92773DB93D646CD39B405C8690709B83B65328443708A1D8B940,PAPER,1,Q0,g8_file_source_map.csv,1,PASS
CUMCM-2016-D-003,metadata.yaml,derived/scale/papers/CUMCM-2016-D-003/metadata.yaml,0EC1A1AE523C5753467ABAA2C56AB5208D7B2824A6AAF76E4343B14A831834CF,PAPER,1,Q0,g8_file_source_map.csv,1,PASS
CUMCM-2016-D-003,paper.md,derived/scale/papers/CUMCM-2016-D-003/paper.md,29C94A82B813AD1F8A54D6EF634FF4B90CCD4CE346D774301F13ABA67CC47467,PAPER,1,Q0,g8_file_source_map.csv,1,PASS
CUMCM-2016-D-004,knowledge_card.md,derived/scale/papers/CUMCM-2016-D-004/knowledge_card.md,24D45B46266E8CDA123DE4DCC784874AFA61FCB1210CB0C9B088357C34A22C8B,PAPER,1,Q0,g8_file_source_map.csv,1,PASS
CUMCM-2016-D-004,metadata.yaml,derived/scale/papers/CUMCM-2016-D-004/metadata.yaml,2273A6DB44F9340E0C1A0782E7F8BE69C279EAB00777B035E817BE69FB54E1EC,PAPER,1,Q0,g8_file_source_map.csv,1,PASS
CUMCM-2016-D-004,paper.md,derived/scale/papers/CUMCM-2016-D-004/paper.md,419450D9DF20A5ADCF51F06807896C16BC6864CB5B5396DA9AC7AE019A7DD862,PAPER,1,Q0,g8_file_source_map.csv,1,PASS
CUMCM-2017-A-001,knowledge_card.md,derived/scale/papers/CUMCM-2017-A-001/knowledge_card.md,A7AE6C4CF2E57730C426D635A81B65F921B73273651D9E09BA047EF5ABA8D244,PAPER,1,Q0,g8_file_source_map.csv,1,PASS
CUMCM-2017-A-001,metadata.yaml,derived/scale/papers/CUMCM-2017-A-001/metadata.yaml,D57426864C321718A4DC132A22EBD21D30C30177A18758AED00396AD22C5EABC,PAPER,1,Q0,g8_file_source_map.csv,1,PASS
CUMCM-2017-A-001,paper.md,derived/scale/papers/CUMCM-2017-A-001/paper.md,CBA3CC3F35385F02BE487ADF56A298A9F4D7CE0947A7F31849DDF5A45AE6C357,PAPER,1,Q0,g8_file_source_map.csv,1,PASS
CUMCM-2017-A-002,knowledge_card.md,derived/scale/papers/CUMCM-2017-A-002/knowledge_card.md,F7E2B6E433693F8B3689210311A3A023CE71089F3D204D078A33036B17356781,PAPER,1,Q0,g8_file_source_map.csv,1,PASS
CUMCM-2017-A-002,metadata.yaml,derived/scale/papers/CUMCM-2017-A-002/metadata.yaml,22ABE172BA3174E46F5C70BF9EF7B622F6F103EF7B3D04788D8A1F17F05FCB91,PAPER,1,Q0,g8_file_source_map.csv,1,PASS
CUMCM-2017-A-002,paper.md,derived/scale/papers/CUMCM-2017-A-002/paper.md,AFA6B3F110AC40647BAA65BBE652C59EB054036816EB213F0A34E9A582BB684C,PAPER,1,Q0,g8_file_source_map.csv,1,PASS
CUMCM-2017-A-003,knowledge_card.md,derived/scale/papers/CUMCM-2017-A-003/knowledge_card.md,0677A9EA99DE5083B48BF6EFC4D0592888E9FA1D8F5D5DFE7B04B9F7411BF8FD,PAPER,1,Q0,g8_file_source_map.csv,1,PASS
CUMCM-2017-A-003,metadata.yaml,derived/scale/papers/CUMCM-2017-A-003/metadata.yaml,2F5F3FB2FD1F9D032D0C151841C9D7D5AE90B34BEFF8021623FEE68803007416,PAPER,1,Q0,g8_file_source_map.csv,1,PASS
CUMCM-2017-A-003,paper.md,derived/scale/papers/CUMCM-2017-A-003/paper.md,6EA3B590BF53AC7A5DBAEE41DBAC58E3258140B6FBE4675E2B20B46D0B9B6F19,PAPER,1,Q0,g8_file_source_map.csv,1,PASS
CUMCM-2017-A-004,knowledge_card.md,derived/scale/papers/CUMCM-2017-A-004/knowledge_card.md,AB936230BDBFFA77B2B39E7B0B7BB776233C096EF6732E166E2ACEF85E07C92E,PAPER,1,Q2,g8_file_source_map.csv,1,PASS
CUMCM-2017-A-004,metadata.yaml,derived/scale/papers/CUMCM-2017-A-004/metadata.yaml,5C5D50D6992F4C6DAC72524CA1746FEDC269614ABCB870D88B848E31398F85E5,PAPER,1,Q2,g8_file_source_map.csv,1,PASS
CUMCM-2017-A-004,paper.md,derived/scale/papers/CUMCM-2017-A-004/paper.md,1EB1D12AD8F23007761067D47BB7E4F4FFB71DA5A42468EAA2D3DCB3AE08D1CF,PAPER,1,Q2,g8_file_source_map.csv,1,PASS
CUMCM-2017-A-006,knowledge_card.md,derived/scale/papers/CUMCM-2017-A-006/knowledge_card.md,D024AB1FA700DEB1E44CE332623255011CCA0C0D568DCEC40A4984B7EC596318,PAPER,1,Q0,g8_file_source_map.csv,1,PASS
CUMCM-2017-A-006,metadata.yaml,derived/scale/papers/CUMCM-2017-A-006/metadata.yaml,357BA2796290B59AC2977A8CC178AB94B922FFACFB68FE6D23AF06C89B3BA3E1,PAPER,1,Q0,g8_file_source_map.csv,1,PASS
CUMCM-2017-A-006,paper.md,derived/scale/papers/CUMCM-2017-A-006/paper.md,6F26881237564A7BBB03D324C854C22D2D60A05B04C68FC6AED6EBEF25210FFC,PAPER,1,Q0,g8_file_source_map.csv,1,PASS
CUMCM-2017-B-001,knowledge_card.md,derived/scale/papers/CUMCM-2017-B-001/knowledge_card.md,0E09468207D3B61B24371DCB7F2059A54820588BE7815DC73B8382F9534E0EA3,PAPER,1,Q2,g8_file_source_map.csv,1,PASS
CUMCM-2017-B-001,metadata.yaml,derived/scale/papers/CUMCM-2017-B-001/metadata.yaml,1AB3AAD61E5AB9B1A05983A0588D70EA8D8E3FDCBD7896759B901C8694327C85,PAPER,1,Q2,g8_file_source_map.csv,1,PASS
CUMCM-2017-B-001,paper.md,derived/scale/papers/CUMCM-2017-B-001/paper.md,37B3CEF0E5FE874F2D0518C450AD335D51D32A61F2FDB392D8D461CF9045BC58,PAPER,1,Q2,g8_file_source_map.csv,1,PASS
CUMCM-2017-B-003,knowledge_card.md,derived/scale/papers/CUMCM-2017-B-003/knowledge_card.md,506A1DAF3C99C936F0CF231A81AD5C23C32381F0573DD5017B613FDD8EDD5048,PAPER,1,Q0,g8_file_source_map.csv,1,PASS
CUMCM-2017-B-003,metadata.yaml,derived/scale/papers/CUMCM-2017-B-003/metadata.yaml,2C128399815C02B222292507CF86E0461D26CCAD2CD7B00E214804E1BCAD9F0A,PAPER,1,Q0,g8_file_source_map.csv,1,PASS
CUMCM-2017-B-003,paper.md,derived/scale/papers/CUMCM-2017-B-003/paper.md,A09FD2B0FDB78CDDA648022FB4592B500BE0B0832A92B1AE3C648F6EA6597C0E,PAPER,1,Q0,g8_file_source_map.csv,1,PASS
CUMCM-2017-B-004,knowledge_card.md,derived/scale/papers/CUMCM-2017-B-004/knowledge_card.md,102C543458DD4B12AFF48A5BEE36B6BBF127724D7ED84A9EAF1C909810E2DF3A,PAPER,1,Q0,g8_file_source_map.csv,1,PASS
CUMCM-2017-B-004,metadata.yaml,derived/scale/papers/CUMCM-2017-B-004/metadata.yaml,E24FDE4A2FDB2635FFA55EA410231B20A319E02999F24EC3FA80D912EE51A094,PAPER,1,Q0,g8_file_source_map.csv,1,PASS
CUMCM-2017-B-004,paper.md,derived/scale/papers/CUMCM-2017-B-004/paper.md,EE6791AC97E2CA07D964A8A62ABBF6EFBF42C587EEF5BF8FF9BCAB9A54CE95D6,PAPER,1,Q0,g8_file_source_map.csv,1,PASS
CUMCM-2017-B-005,knowledge_card.md,derived/scale/papers/CUMCM-2017-B-005/knowledge_card.md,28F123C08A305C9AC0A7D2DEAA27549230AF3A1A990848EF9C9848668732E0BA,PAPER,1,Q0,g8_file_source_map.csv,1,PASS
CUMCM-2017-B-005,metadata.yaml,derived/scale/papers/CUMCM-2017-B-005/metadata.yaml,05C375B0E31809702165A0ED09968BEA7CAF871DA9FC43701A3F2FBCADA416F0,PAPER,1,Q0,g8_file_source_map.csv,1,PASS
CUMCM-2017-B-005,paper.md,derived/scale/papers/CUMCM-2017-B-005/paper.md,C7644040983117DCAE5A47DB122222D8AEFED199FDD5DCA0F19A9BA4E5963FB2,PAPER,1,Q0,g8_file_source_map.csv,1,PASS
CUMCM-2017-B-006,knowledge_card.md,derived/scale/papers/CUMCM-2017-B-006/knowledge_card.md,292E9DBB19AD95D248B69FE65D25C5DFD1127BCF15DF217AB71834F86C5D9BE1,PAPER,1,Q0,g8_file_source_map.csv,1,PASS
CUMCM-2017-B-006,metadata.yaml,derived/scale/papers/CUMCM-2017-B-006/metadata.yaml,CE69D79A270024431E8708A033C28852DFF172B31BD6F5C1C54B207A8760A504,PAPER,1,Q0,g8_file_source_map.csv,1,PASS
CUMCM-2017-B-006,paper.md,derived/scale/papers/CUMCM-2017-B-006/paper.md,AE636068419ADE22DD75A419D193CAAFC7F98FD2B33C5C81282A3A99FE43DDD2,PAPER,1,Q0,g8_file_source_map.csv,1,PASS
CUMCM-2017-B-007,knowledge_card.md,derived/scale/papers/CUMCM-2017-B-007/knowledge_card.md,5533457B3FE1A03DE74EF3A961E1AD135DE021026170B7D667B90B2F9C7484DC,PAPER,1,Q0,g8_file_source_map.csv,1,PASS
CUMCM-2017-B-007,metadata.yaml,derived/scale/papers/CUMCM-2017-B-007/metadata.yaml,9BE6AE0A0385991611E2AD1EDD25CE3452A3FD9239DFCD1F64740D2FD67A9782,PAPER,1,Q0,g8_file_source_map.csv,1,PASS
CUMCM-2017-B-007,paper.md,derived/scale/papers/CUMCM-2017-B-007/paper.md,C17AC07D68CC06EB43B2CC7695B35F11135B8C6A23CAD80E4733D93AF65EA3D3,PAPER,1,Q0,g8_file_source_map.csv,1,PASS
CUMCM-2017-B-008,knowledge_card.md,derived/scale/papers/CUMCM-2017-B-008/knowledge_card.md,4DBD9846007BB343E07D257FCE03734A75C270647271D44EFE1402AB95B4572A,PAPER,1,Q0,g8_file_source_map.csv,1,PASS
CUMCM-2017-B-008,metadata.yaml,derived/scale/papers/CUMCM-2017-B-008/metadata.yaml,67C8784F7BEAA29BF31BA84273599243B84CD851248639BC9C9DEECEFF3B4B57,PAPER,1,Q0,g8_file_source_map.csv,1,PASS
CUMCM-2017-B-008,paper.md,derived/scale/papers/CUMCM-2017-B-008/paper.md,E3142D8A6C0BE0A0B5AD6B3CE1F6AFA60FE9F82D0816671FB4595AAEE0E73752,PAPER,1,Q0,g8_file_source_map.csv,1,PASS
CUMCM-2017-C-002,knowledge_card.md,derived/scale/papers/CUMCM-2017-C-002/knowledge_card.md,55A991D55B5C8C9A56E1C82FB38076AF095A90BEDC6EB501FC8C3F7B6922E175,PAPER,1,Q0,g8_file_source_map.csv,1,PASS
CUMCM-2017-C-002,metadata.yaml,derived/scale/papers/CUMCM-2017-C-002/metadata.yaml,F02ECA014D5A2BE02A599281CD163A169BE2513EBA9D312D06A71E392A2B38F7,PAPER,1,Q0,g8_file_source_map.csv,1,PASS
CUMCM-2017-C-002,paper.md,derived/scale/papers/CUMCM-2017-C-002/paper.md,AB6324DB394D8CD6D97359074CAE590E5AD5FE78DEDB15FF8C629E3DF2F0C3F8,PAPER,1,Q0,g8_file_source_map.csv,1,PASS
CUMCM-2017-C-003,knowledge_card.md,derived/scale/papers/CUMCM-2017-C-003/knowledge_card.md,026EAAF143B29D1720B4AF260DCBA522336F72B143E7D623643871FA8D7534EB,PAPER,1,Q0,g8_file_source_map.csv,1,PASS
CUMCM-2017-C-003,metadata.yaml,derived/scale/papers/CUMCM-2017-C-003/metadata.yaml,93F7A2070C8ABF9902926F089FEEC4C3AA5FCBE83BB48A7F2E167D24A72499F5,PAPER,1,Q0,g8_file_source_map.csv,1,PASS
CUMCM-2017-C-003,paper.md,derived/scale/papers/CUMCM-2017-C-003/paper.md,D5D6BD3AC8C9A6DE7B99FFE0C77FDDD5D1865BE139AD4C101FD4575637D615F5,PAPER,1,Q0,g8_file_source_map.csv,1,PASS
CUMCM-2017-C-004,knowledge_card.md,derived/scale/papers/CUMCM-2017-C-004/knowledge_card.md,5841066D7B0B4F709804C726A74795FEA9B6387B0DA7FC7A8073705C2552BEE9,PAPER,1,Q0,g8_file_source_map.csv,1,PASS
CUMCM-2017-C-004,metadata.yaml,derived/scale/papers/CUMCM-2017-C-004/metadata.yaml,ADEBA263C6B92634089E02AD3C541F66DDEC4402AC848ED58B8E97F22A684AAE,PAPER,1,Q0,g8_file_source_map.csv,1,PASS
CUMCM-2017-C-004,paper.md,derived/scale/papers/CUMCM-2017-C-004/paper.md,1DC9ABE4905CD424B5C36CA7FA8FF8B0D9C7576717CFAEDFA51C6202033AAF2A,PAPER,1,Q0,g8_file_source_map.csv,1,PASS
CUMCM-2017-D-001,knowledge_card.md,derived/scale/papers/CUMCM-2017-D-001/knowledge_card.md,542D37531DE369044552A953E0ED10D840AD70A04B8533DD102F3498A936B3D6,PAPER,1,Q0,g8_file_source_map.csv,1,PASS
CUMCM-2017-D-001,metadata.yaml,derived/scale/papers/CUMCM-2017-D-001/metadata.yaml,16A25A55709B93DBC0C18FB671FB5FE024130357276F6FAF89AC128F42033F60,PAPER,1,Q0,g8_file_source_map.csv,1,PASS
CUMCM-2017-D-001,paper.md,derived/scale/papers/CUMCM-2017-D-001/paper.md,913ADA85CFE16F0446DA2F66F78DB67575C024F34151BF16F02C98ADACAA41C5,PAPER,1,Q0,g8_file_source_map.csv,1,PASS
CUMCM-2017-D-003,knowledge_card.md,derived/scale/papers/CUMCM-2017-D-003/knowledge_card.md,CAF327ED4F41E74335BF5E7F682435593548EC00F758F99C78305BBBF229BDF4,PAPER,1,Q0,g8_file_source_map.csv,1,PASS
CUMCM-2017-D-003,metadata.yaml,derived/scale/papers/CUMCM-2017-D-003/metadata.yaml,CA8A7F8C122511B503DFEA3A3CED744FB7348117044135A507EECBF7BDFD73C2,PAPER,1,Q0,g8_file_source_map.csv,1,PASS
CUMCM-2017-D-003,paper.md,derived/scale/papers/CUMCM-2017-D-003/paper.md,798419A131B4A76AB46A43428081E8365E98DD6A47A6500D618DC42D7FFEA03A,PAPER,1,Q0,g8_file_source_map.csv,1,PASS
CUMCM-2017-D-004,knowledge_card.md,derived/scale/papers/CUMCM-2017-D-004/knowledge_card.md,CBDCA661F026207057AA20BF19D3D4BB9CBAB76088B5FEB7D1260DE4C349568E,PAPER,1,Q0,g8_file_source_map.csv,1,PASS
CUMCM-2017-D-004,metadata.yaml,derived/scale/papers/CUMCM-2017-D-004/metadata.yaml,59A3F44DF624097399D0C536F3575DA6914F8DEB961FC024E3069D1ED6AEE862,PAPER,1,Q0,g8_file_source_map.csv,1,PASS
CUMCM-2017-D-004,paper.md,derived/scale/papers/CUMCM-2017-D-004/paper.md,2A52B4D870A8401529C90E2BCD6F48BAD4EA4D7A4D769475978FDA870A78A1FB,PAPER,1,Q0,g8_file_source_map.csv,1,PASS
CUMCM-2018-A-001,knowledge_card.md,derived/scale/papers/CUMCM-2018-A-001/knowledge_card.md,F6FBDEDA862F983795B4C439FAD77A4D99BAC64FE9F763CD3750B568AB9D8F0B,PAPER,1,Q0,g8_file_source_map.csv,1,PASS
CUMCM-2018-A-001,metadata.yaml,derived/scale/papers/CUMCM-2018-A-001/metadata.yaml,88FD322FDE37AF6C947F4D5FF1A74E8A7C0906ABE54BBE27EE4ACD3DB20ED309,PAPER,1,Q0,g8_file_source_map.csv,1,PASS
CUMCM-2018-A-001,paper.md,derived/scale/papers/CUMCM-2018-A-001/paper.md,7B81F60C64673BF02976FB19BFDC188CDEE3BBD8DEB3E5F3EE1EBFBFCE56229D,PAPER,1,Q0,g8_file_source_map.csv,1,PASS
CUMCM-2018-A-002,knowledge_card.md,derived/scale/papers/CUMCM-2018-A-002/knowledge_card.md,516B80398C4B422C24DB7A7F395B86BBF35F30297B657E7010B6B91BAFB1939C,PAPER,1,Q0,g8_file_source_map.csv,1,PASS
CUMCM-2018-A-002,metadata.yaml,derived/scale/papers/CUMCM-2018-A-002/metadata.yaml,CEAAF0456F88196AAF6021809B086A83BBF332D6EB9C0C2A02F1C6CC1D121739,PAPER,1,Q0,g8_file_source_map.csv,1,PASS
CUMCM-2018-A-002,paper.md,derived/scale/papers/CUMCM-2018-A-002/paper.md,FC0CE6F93AE95349134AC3D9D9B5C1D0655B331D0AB5FF2278460D6EC256B394,PAPER,1,Q0,g8_file_source_map.csv,1,PASS
CUMCM-2018-A-003,knowledge_card.md,derived/scale/papers/CUMCM-2018-A-003/knowledge_card.md,B3E26C7440021CE5369BC56F40357C58B8E86AE485D630560E9585759E1188BD,PAPER,1,Q0,g8_file_source_map.csv,1,PASS
CUMCM-2018-A-003,metadata.yaml,derived/scale/papers/CUMCM-2018-A-003/metadata.yaml,B3D330C8FA20986437D9111D4FB03395FCBC61E2D4CDEA04BE5ECF8393F71137,PAPER,1,Q0,g8_file_source_map.csv,1,PASS
CUMCM-2018-A-003,paper.md,derived/scale/papers/CUMCM-2018-A-003/paper.md,0A7F87DA0F0FCD1451D51C690DDC0232A780292454C5911A4FE6E816A25C0D29,PAPER,1,Q0,g8_file_source_map.csv,1,PASS
CUMCM-2018-A-005,knowledge_card.md,derived/scale/papers/CUMCM-2018-A-005/knowledge_card.md,949850B09E29F63F1413B3488F1390BCB2DF8A06F2B3D7B2F1C016213959D4A8,PAPER,1,Q0,g8_file_source_map.csv,1,PASS
CUMCM-2018-A-005,metadata.yaml,derived/scale/papers/CUMCM-2018-A-005/metadata.yaml,C218C3567FFB6E2A7578FCF3D8D0FA5AD1241FA86873C1C2EE74956C9568A920,PAPER,1,Q0,g8_file_source_map.csv,1,PASS
CUMCM-2018-A-005,paper.md,derived/scale/papers/CUMCM-2018-A-005/paper.md,C603D33FCDC6A8963EB4D9A5B48E40618F3E8B87F583458474931C9FA4D3C61C,PAPER,1,Q0,g8_file_source_map.csv,1,PASS
CUMCM-2018-B-001,knowledge_card.md,derived/scale/papers/CUMCM-2018-B-001/knowledge_card.md,7E65FF31FFFB2CBEDE8E74A519C49A7B09105185A494F6CA163852C118763C43,PAPER,1,Q2,g8_file_source_map.csv,1,PASS
CUMCM-2018-B-001,metadata.yaml,derived/scale/papers/CUMCM-2018-B-001/metadata.yaml,A48B658ACCF9E1DAA72AE763B359B591FE84DC22CE5FF6BADAB5246F74E29E99,PAPER,1,Q2,g8_file_source_map.csv,1,PASS
CUMCM-2018-B-001,paper.md,derived/scale/papers/CUMCM-2018-B-001/paper.md,A2869B35B4AC9C1B226A4C9E7FB06FE36A4F795ACBD1B3F9360CB851ADF9AB3B,PAPER,1,Q2,g8_file_source_map.csv,1,PASS
CUMCM-2018-B-003,knowledge_card.md,derived/scale/papers/CUMCM-2018-B-003/knowledge_card.md,E1D3D31609762E75B00E2547E3D154CD1E61253AB3FF198E6E307349D7439364,PAPER,1,Q0,g8_file_source_map.csv,1,PASS
CUMCM-2018-B-003,metadata.yaml,derived/scale/papers/CUMCM-2018-B-003/metadata.yaml,D5BB4EDE544574F044BA27DFAB57AC13420491F1B59C04D87BCEBFFD90CCD66E,PAPER,1,Q0,g8_file_source_map.csv,1,PASS
CUMCM-2018-B-003,paper.md,derived/scale/papers/CUMCM-2018-B-003/paper.md,EFABD5B13320897C7A1A00C53A6733FE6B1AF309AFCAF9BD3BDBC9CACFCE38D7,PAPER,1,Q0,g8_file_source_map.csv,1,PASS
CUMCM-2018-B-004,knowledge_card.md,derived/scale/papers/CUMCM-2018-B-004/knowledge_card.md,B3EFF6E78926ACFAA7E4B7698B4DB2696894A550647D704EB8F210AE2ADEEE26,PAPER,1,Q0,g8_file_source_map.csv,1,PASS
CUMCM-2018-B-004,metadata.yaml,derived/scale/papers/CUMCM-2018-B-004/metadata.yaml,3A55398DC437B8FDBC1F568804FBD63B2B7A789417755491B817247595E0D3D6,PAPER,1,Q0,g8_file_source_map.csv,1,PASS
CUMCM-2018-B-004,paper.md,derived/scale/papers/CUMCM-2018-B-004/paper.md,BDFE652E4DAF669C02DD8A230062040372F7FE46C0B541D261E1D830A6389A5F,PAPER,1,Q0,g8_file_source_map.csv,1,PASS
CUMCM-2018-C-002,knowledge_card.md,derived/scale/papers/CUMCM-2018-C-002/knowledge_card.md,16EF94BFE3061F7DD4B1FE1C9D793FE4192B0DF99E1BBA47723334F6584ABA77,PAPER,1,Q0,g8_file_source_map.csv,1,PASS
CUMCM-2018-C-002,metadata.yaml,derived/scale/papers/CUMCM-2018-C-002/metadata.yaml,D1DD889E7B9B748A61814A29CB538CF72019FC93F23EBDAD6FA7415B014026B0,PAPER,1,Q0,g8_file_source_map.csv,1,PASS
CUMCM-2018-C-002,paper.md,derived/scale/papers/CUMCM-2018-C-002/paper.md,2DF3EA63A1E4C006F318187DD9AF70A89087EF7786A5332F190F6B65FC1600DF,PAPER,1,Q0,g8_file_source_map.csv,1,PASS
CUMCM-2018-C-003,knowledge_card.md,derived/scale/papers/CUMCM-2018-C-003/knowledge_card.md,9BD9F1FCB05D18875153828A9E234B500AB35581D3542DA938B3E2227C50DCCD,PAPER,1,Q0,g8_file_source_map.csv,1,PASS
CUMCM-2018-C-003,metadata.yaml,derived/scale/papers/CUMCM-2018-C-003/metadata.yaml,C2335BE4F21FDFB8232A7400771722B1F0BF38A48335CAF49D4AADCECF20ED6D,PAPER,1,Q0,g8_file_source_map.csv,1,PASS
CUMCM-2018-C-003,paper.md,derived/scale/papers/CUMCM-2018-C-003/paper.md,91909AF98ACD1C70122CAFB384AB8E68F927C0A2D3D0A97B3203A72B01315F36,PAPER,1,Q0,g8_file_source_map.csv,1,PASS
CUMCM-2018-D-002,knowledge_card.md,derived/scale/papers/CUMCM-2018-D-002/knowledge_card.md,5C7290FAAF8143B90AC7B673681BD68359B150601009C9F94C09D87D3D1646C6,PAPER,1,Q0,g8_file_source_map.csv,1,PASS
CUMCM-2018-D-002,metadata.yaml,derived/scale/papers/CUMCM-2018-D-002/metadata.yaml,B199ADC9D0131CAD7AD21E520A2F95AA9BE9AD323620168BD124CD5EB5FA33D8,PAPER,1,Q0,g8_file_source_map.csv,1,PASS
CUMCM-2018-D-002,paper.md,derived/scale/papers/CUMCM-2018-D-002/paper.md,E7A05FA95E6CB257EE749AB40ECCE81AF6322DE5734504AC42F7E8460C77ADCC,PAPER,1,Q0,g8_file_source_map.csv,1,PASS
CUMCM-2018-D-003,knowledge_card.md,derived/scale/papers/CUMCM-2018-D-003/knowledge_card.md,9567A4A9821BFDE85B3D9C0B0C388BF4DF78A6E557ED3EEB112E511DCD95D309,PAPER,1,Q0,g8_file_source_map.csv,1,PASS
CUMCM-2018-D-003,metadata.yaml,derived/scale/papers/CUMCM-2018-D-003/metadata.yaml,1B026AC31CBC07FC1FD225381B1DAF858F207D6DC936A4387668AE2EA5D79436,PAPER,1,Q0,g8_file_source_map.csv,1,PASS
CUMCM-2018-D-003,paper.md,derived/scale/papers/CUMCM-2018-D-003/paper.md,7B81F60C64673BF02976FB19BFDC188CDEE3BBD8DEB3E5F3EE1EBFBFCE56229D,PAPER,1,Q0,g8_file_source_map.csv,1,PASS
CUMCM-2018-D-004,knowledge_card.md,derived/scale/papers/CUMCM-2018-D-004/knowledge_card.md,D5F4BE11B97065F3A2BD05F43DE126205D9D0A2023BA5E4EA8DF85E4A8B9B8C5,PAPER,1,Q2,g8_file_source_map.csv,1,PASS
CUMCM-2018-D-004,metadata.yaml,derived/scale/papers/CUMCM-2018-D-004/metadata.yaml,C46421849DFFCA1BF1002B881BECD00141129BF85A774946E9656A23D4CCB3A3,PAPER,1,Q2,g8_file_source_map.csv,1,PASS
CUMCM-2018-D-004,paper.md,derived/scale/papers/CUMCM-2018-D-004/paper.md,74A804405008F9129E4A5162245DA239BA3E667C1F28E1DC2A67124056C24FB9,PAPER,1,Q2,g8_file_source_map.csv,1,PASS
CUMCM-2024-A-001,knowledge_card.md,derived/scale/papers/CUMCM-2024-A-001/knowledge_card.md,247F8FDDB2A87FF9DA114F231DF2D86D73D80375F551E72D8C1285826635E008,PAPER,1,Q0,g8_file_source_map.csv,1,PASS
CUMCM-2024-A-001,metadata.yaml,derived/scale/papers/CUMCM-2024-A-001/metadata.yaml,BFE255B273F518199A326FDFC055DDB446947CB180DD6528F1E29C38CE2FDD21,PAPER,1,Q0,g8_file_source_map.csv,1,PASS
CUMCM-2024-A-001,paper.md,derived/scale/papers/CUMCM-2024-A-001/paper.md,4936D268935BA846ED07B58AE216199E131737AB0DB81A8F3FEAE7E686A09563,PAPER,1,Q0,g8_file_source_map.csv,1,PASS
CUMCM-2024-B-001,knowledge_card.md,derived/scale/papers/CUMCM-2024-B-001/knowledge_card.md,016327D3558E26E88DD8D8EDCD3FCD1D7884D6FF5915C521A8375BDAD441934A,PAPER,1,Q0,g8_file_source_map.csv,1,PASS
CUMCM-2024-B-001,metadata.yaml,derived/scale/papers/CUMCM-2024-B-001/metadata.yaml,761F4FA887A00ADC2A78B39C1352C11A3BBF22BC6286E7F569B82BBD206EEBB5,PAPER,1,Q0,g8_file_source_map.csv,1,PASS
CUMCM-2024-B-001,paper.md,derived/scale/papers/CUMCM-2024-B-001/paper.md,7F57BC4A7DAF7815E2C2089EE0B79C4D10BA27A349F66BA4F4F66ACA98521257,PAPER,1,Q0,g8_file_source_map.csv,1,PASS
CUMCM-2024-C-001,knowledge_card.md,derived/scale/papers/CUMCM-2024-C-001/knowledge_card.md,1EE29C673EFF48232CD645B07A16E30EA7C592D27A7E8DA60819EA346CB1936D,PAPER,1,Q0,g8_file_source_map.csv,1,PASS
CUMCM-2024-C-001,metadata.yaml,derived/scale/papers/CUMCM-2024-C-001/metadata.yaml,419AF793509CB329CCCDAA583A5DE372895BE481B4621B9799D0AF68E2C72D83,PAPER,1,Q0,g8_file_source_map.csv,1,PASS
CUMCM-2024-C-001,paper.md,derived/scale/papers/CUMCM-2024-C-001/paper.md,852F7677B67241D40CF067F54F4ACEFB91CF5D16E09895E71BB574D735ECBC4F,PAPER,1,Q0,g8_file_source_map.csv,1,PASS
CUMCM-2024-D-001,knowledge_card.md,derived/scale/papers/CUMCM-2024-D-001/knowledge_card.md,E7126488BC1C169882D59FCB02B441C48066447B2C4B816C6CE5A074C61264EC,PAPER,1,Q0,g8_file_source_map.csv,1,PASS
CUMCM-2024-D-001,metadata.yaml,derived/scale/papers/CUMCM-2024-D-001/metadata.yaml,02E1DDDFD3D59CE394323E6E479C5D0181A9CF75C4546D495867281F510A6127,PAPER,1,Q0,g8_file_source_map.csv,1,PASS
CUMCM-2024-D-001,paper.md,derived/scale/papers/CUMCM-2024-D-001/paper.md,2E1E003FDC1D4447717349983133A4595E2D0ED277BC5E3835EC100DE85D9CD5,PAPER,1,Q0,g8_file_source_map.csv,1,PASS
CUMCM-2024-E-001,knowledge_card.md,derived/scale/papers/CUMCM-2024-E-001/knowledge_card.md,EE32D39AB2776453DBB9E1A55F476A39B48A87280C3891D853D16D9439C55F04,PAPER,1,Q0,g8_file_source_map.csv,1,PASS
CUMCM-2024-E-001,metadata.yaml,derived/scale/papers/CUMCM-2024-E-001/metadata.yaml,0844039C262A7F6E5D9236CAF7A45B28124848E00EF11A64047FAD94B5EDE650,PAPER,1,Q0,g8_file_source_map.csv,1,PASS
CUMCM-2024-E-001,paper.md,derived/scale/papers/CUMCM-2024-E-001/paper.md,AF7FCE48F66588AF18C11102CA1C387F4EC1464E679A9A68EDB02FBD5673B751,PAPER,1,Q0,g8_file_source_map.csv,1,PASS
CUMCM-2021-A-A028,paper.md,derived/scale/papers/CUMCM-2021-A-A028/paper.md,6F3F00732A98F6E43FC435E82AD1DB0B7712EB955F59A481D92E95ABC655A582,PAPER,1,Q2,g8_mf41_image_page_map.csv,g8-image-sequence-v2,PASS
CUMCM-2021-A-A028,metadata.yaml,derived/scale/papers/CUMCM-2021-A-A028/metadata.yaml,CA97B147A53E9F41107516303C1BBA4E06DBC203B2E0CFB5C6C7ED4910D54E83,PAPER,1,Q2,g8_mf41_image_page_map.csv,g8-image-sequence-v2,PASS
CUMCM-2021-A-A028,knowledge_card.md,derived/scale/papers/CUMCM-2021-A-A028/knowledge_card.md,4D9EF9002A1A4A32433AD516D14C14FBD0E0E6BE58619E8446B917F1672DE0E1,PAPER,1,Q2,g8_mf41_image_page_map.csv,g8-image-sequence-v2,PASS
CUMCM-2021-A-A115,paper.md,derived/scale/papers/CUMCM-2021-A-A115/paper.md,55CB011A54187C4846443E190092B7574599ECAE24649FC22C780A0019580E0D,PAPER,1,Q2,g8_mf41_image_page_map.csv,g8-image-sequence-v2,PASS
CUMCM-2021-A-A115,metadata.yaml,derived/scale/papers/CUMCM-2021-A-A115/metadata.yaml,A481D177F7D00C924421B49D2DC017F06F1CCDE395A7D7831FD04490F49D3EEF,PAPER,1,Q2,g8_mf41_image_page_map.csv,g8-image-sequence-v2,PASS
CUMCM-2021-A-A115,knowledge_card.md,derived/scale/papers/CUMCM-2021-A-A115/knowledge_card.md,627D7D9A20C4DCDB5F6DDF6A09E8D920DBD4E89CB43A0420698F49649205E7CD,PAPER,1,Q2,g8_mf41_image_page_map.csv,g8-image-sequence-v2,PASS
CUMCM-2021-A-A217,paper.md,derived/scale/papers/CUMCM-2021-A-A217/paper.md,29B9BB41114330AA59EE0B3CDE42C345CA9B0FAEF927F66F244D163BBDBDF5C9,PAPER,1,Q2,g8_mf41_image_page_map.csv,g8-image-sequence-v2,PASS
CUMCM-2021-A-A217,metadata.yaml,derived/scale/papers/CUMCM-2021-A-A217/metadata.yaml,BF0E139F430F55044F81A7CCB2E4BC02054E1304D47C14E99E63B66633431158,PAPER,1,Q2,g8_mf41_image_page_map.csv,g8-image-sequence-v2,PASS
CUMCM-2021-A-A217,knowledge_card.md,derived/scale/papers/CUMCM-2021-A-A217/knowledge_card.md,438C029FB80116A6BA4ED66365D16E312B8660B952275C18758EE65D8076DA98,PAPER,1,Q2,g8_mf41_image_page_map.csv,g8-image-sequence-v2,PASS
CUMCM-2021-B-B007,paper.md,derived/scale/papers/CUMCM-2021-B-B007/paper.md,3111A47E097588310F7DD8A6AB99984F9E19481B15D8BE961B5F073E5FDBD044,PAPER,1,Q2,g8_mf41_image_page_map.csv,g8-image-sequence-v2,PASS
CUMCM-2021-B-B007,metadata.yaml,derived/scale/papers/CUMCM-2021-B-B007/metadata.yaml,3C06D3A3418B370B5B46A5B53E3A7BE98641C8379FDC31D44BE3578F91BC6CCA,PAPER,1,Q2,g8_mf41_image_page_map.csv,g8-image-sequence-v2,PASS
CUMCM-2021-B-B007,knowledge_card.md,derived/scale/papers/CUMCM-2021-B-B007/knowledge_card.md,84C7FF2FD16403BF095D24DB7C0BC34A9688362993AA86C739E35E8D5D2839A5,PAPER,1,Q2,g8_mf41_image_page_map.csv,g8-image-sequence-v2,PASS
CUMCM-2021-B-B026,paper.md,derived/scale/papers/CUMCM-2021-B-B026/paper.md,344EA2CF65998335D3E92A46AB1DB691F1DBF230E040B00B3C8F9D716AECE5CC,PAPER,1,Q2,g8_mf41_image_page_map.csv,g8-image-sequence-v2,PASS
CUMCM-2021-B-B026,metadata.yaml,derived/scale/papers/CUMCM-2021-B-B026/metadata.yaml,5DFAA01E3926EF3CF97279A87E61A504084B445F63974FDCB09C30D68C868EF0,PAPER,1,Q2,g8_mf41_image_page_map.csv,g8-image-sequence-v2,PASS
CUMCM-2021-B-B026,knowledge_card.md,derived/scale/papers/CUMCM-2021-B-B026/knowledge_card.md,42311F8C6666817B2AAF58AE0BD220D85D2BA260D976A0E12FC0F8AA9B0B7A08,PAPER,1,Q2,g8_mf41_image_page_map.csv,g8-image-sequence-v2,PASS
CUMCM-2021-B-B050,paper.md,derived/scale/papers/CUMCM-2021-B-B050/paper.md,DE13360CCF2131B26E38BB2CCB9E9ED0709E2C2EBAE6FEF5E02732822CCD4AFE,PAPER,1,Q2,g8_mf41_image_page_map.csv,g8-image-sequence-v2,PASS
CUMCM-2021-B-B050,metadata.yaml,derived/scale/papers/CUMCM-2021-B-B050/metadata.yaml,F9FF6036EAB4C01F84860B695AB90E83A03324E1A8E125F47564D75476E96E05,PAPER,1,Q2,g8_mf41_image_page_map.csv,g8-image-sequence-v2,PASS
CUMCM-2021-B-B050,knowledge_card.md,derived/scale/papers/CUMCM-2021-B-B050/knowledge_card.md,AAC537777AC804E66020DA8EC215E7FAF95AD3178C1D6128F67E61A62264F702,PAPER,1,Q2,g8_mf41_image_page_map.csv,g8-image-sequence-v2,PASS
CUMCM-2021-B-B106,paper.md,derived/scale/papers/CUMCM-2021-B-B106/paper.md,6E48915F98E93B1F83BF4047A3811A82F795A03882F68DD845E79660E5AA4956,PAPER,1,Q2,g8_mf41_image_page_map.csv,g8-image-sequence-v2,PASS
CUMCM-2021-B-B106,metadata.yaml,derived/scale/papers/CUMCM-2021-B-B106/metadata.yaml,34903211AC691FF3B502661D8C2447F977937562BE043CFD76FABEA5F02D9202,PAPER,1,Q2,g8_mf41_image_page_map.csv,g8-image-sequence-v2,PASS
CUMCM-2021-B-B106,knowledge_card.md,derived/scale/papers/CUMCM-2021-B-B106/knowledge_card.md,E83B7172B540B3620F946419581DD9535BBD27E425B40A85B02A5F6FA55CB165,PAPER,1,Q2,g8_mf41_image_page_map.csv,g8-image-sequence-v2,PASS
CUMCM-2021-C-C066,paper.md,derived/scale/papers/CUMCM-2021-C-C066/paper.md,9F25F11A1DCDD00D03058C10AA7B3F8F6E36ED338037B493BFDFEFEFABA3C476,PAPER,1,Q2,g8_mf41_image_page_map.csv,g8-image-sequence-v2,PASS
CUMCM-2021-C-C066,metadata.yaml,derived/scale/papers/CUMCM-2021-C-C066/metadata.yaml,C6D536B35DFFC56D99276D99D55E5F201930E247F7E6069E94B34BBF8B4E5E68,PAPER,1,Q2,g8_mf41_image_page_map.csv,g8-image-sequence-v2,PASS
CUMCM-2021-C-C066,knowledge_card.md,derived/scale/papers/CUMCM-2021-C-C066/knowledge_card.md,F3808AA567647FA752B4317F87BAD123A3DBF39746B42BDB6B631552DFBDBB9E,PAPER,1,Q2,g8_mf41_image_page_map.csv,g8-image-sequence-v2,PASS
CUMCM-2021-C-C085,paper.md,derived/scale/papers/CUMCM-2021-C-C085/paper.md,821AB404BB5D5C2CA367DD106DC1BC4265FDA0C723329CB35437B34B4B890ACA,PAPER,1,Q2,g8_mf41_image_page_map.csv,g8-image-sequence-v2,PASS
CUMCM-2021-C-C085,metadata.yaml,derived/scale/papers/CUMCM-2021-C-C085/metadata.yaml,B2E369E08643CA8E62ED6F4B921C761C9CF9783CD35E1A4D3477CF0CD6236DCB,PAPER,1,Q2,g8_mf41_image_page_map.csv,g8-image-sequence-v2,PASS
CUMCM-2021-C-C085,knowledge_card.md,derived/scale/papers/CUMCM-2021-C-C085/knowledge_card.md,2E13BEC11C5BF07F58FF84FCB841249C87B40DB6BB7F0235793D129D9EE7D716,PAPER,1,Q2,g8_mf41_image_page_map.csv,g8-image-sequence-v2,PASS
CUMCM-2021-C-C169,paper.md,derived/scale/papers/CUMCM-2021-C-C169/paper.md,C93CF79472218F59DE5AF5F7F8E2CC20245977D27609ECAAF7C67A7C29D070BE,PAPER,1,Q2,g8_mf41_image_page_map.csv,g8-image-sequence-v2,PASS
CUMCM-2021-C-C169,metadata.yaml,derived/scale/papers/CUMCM-2021-C-C169/metadata.yaml,915ED2E77859B79A32E08A4CC3D8DB6945E4E32A67480F3A5B8295A3FFF35532,PAPER,1,Q2,g8_mf41_image_page_map.csv,g8-image-sequence-v2,PASS
CUMCM-2021-C-C169,knowledge_card.md,derived/scale/papers/CUMCM-2021-C-C169/knowledge_card.md,96A2EAC55FC32C885DC5BDF4DA775549770EB8C2326E61DAF956110E97DD8CBA,PAPER,1,Q2,g8_mf41_image_page_map.csv,g8-image-sequence-v2,PASS
CUMCM-2021-C-C283,paper.md,derived/scale/papers/CUMCM-2021-C-C283/paper.md,A408FABC1ABFAABC7FC0D1F1B4CFCCD14C0A3A4E46D5BD90CFD0CC884D692B1A,PAPER,1,Q2,g8_mf41_image_page_map.csv,g8-image-sequence-v2,PASS
CUMCM-2021-C-C283,metadata.yaml,derived/scale/papers/CUMCM-2021-C-C283/metadata.yaml,1C774AF869B373CE4607523800DE925CA4010E768632A1DB108519B8C18CDC01,PAPER,1,Q2,g8_mf41_image_page_map.csv,g8-image-sequence-v2,PASS
CUMCM-2021-C-C283,knowledge_card.md,derived/scale/papers/CUMCM-2021-C-C283/knowledge_card.md,1786AFBFDECF871F5AD879233C120EB62AFA23A454F415303FF1195CCB990F88,PAPER,1,Q2,g8_mf41_image_page_map.csv,g8-image-sequence-v2,PASS
CUMCM-2021-D-D017,paper.md,derived/scale/papers/CUMCM-2021-D-D017/paper.md,7492FB67E006D63A479A71966D8988AF61E81FD5BE71BA787499770C84FAB7FD,PAPER,1,Q2,g8_mf41_image_page_map.csv,g8-image-sequence-v2,PASS
CUMCM-2021-D-D017,metadata.yaml,derived/scale/papers/CUMCM-2021-D-D017/metadata.yaml,FBF95005082CAC18E0680FE8049F1C91DEA8C1D28662F862C5FFCEEC84216F15,PAPER,1,Q2,g8_mf41_image_page_map.csv,g8-image-sequence-v2,PASS
CUMCM-2021-D-D017,knowledge_card.md,derived/scale/papers/CUMCM-2021-D-D017/knowledge_card.md,AF7C3F88DDD6E19E23255427ABAF62AD41D1473CACE620CA2EF5883048C313BC,PAPER,1,Q2,g8_mf41_image_page_map.csv,g8-image-sequence-v2,PASS
CUMCM-2021-D-D026,paper.md,derived/scale/papers/CUMCM-2021-D-D026/paper.md,78B86FB93ABF0E68796E0572E99FEA30D0F9FBD336AA6E8FEDC6DEA8980144B7,PAPER,1,Q2,g8_mf41_image_page_map.csv,g8-image-sequence-v2,PASS
CUMCM-2021-D-D026,metadata.yaml,derived/scale/papers/CUMCM-2021-D-D026/metadata.yaml,D58BE61525C391FD6678DECF42BBDD0AF2C52A087434B3A0BB1177A650E1A2BF,PAPER,1,Q2,g8_mf41_image_page_map.csv,g8-image-sequence-v2,PASS
CUMCM-2021-D-D026,knowledge_card.md,derived/scale/papers/CUMCM-2021-D-D026/knowledge_card.md,52184F62A093EF4B9BDF7ED2346A26CD460E5C53CC207256238CC45728C6412F,PAPER,1,Q2,g8_mf41_image_page_map.csv,g8-image-sequence-v2,PASS
CUMCM-2021-D-D034,paper.md,derived/scale/papers/CUMCM-2021-D-D034/paper.md,1EBE8ABF5DABB8ADA06DA1B55D784E66B51CB354A5298572D168EC413EABF3A1,PAPER,1,Q2,g8_mf41_image_page_map.csv,g8-image-sequence-v2,PASS
CUMCM-2021-D-D034,metadata.yaml,derived/scale/papers/CUMCM-2021-D-D034/metadata.yaml,4E20F5B308D8BB0426FDE138CCC26B77239A040E03F37A0555CFB28F2E4DD346,PAPER,1,Q2,g8_mf41_image_page_map.csv,g8-image-sequence-v2,PASS
CUMCM-2021-D-D034,knowledge_card.md,derived/scale/papers/CUMCM-2021-D-D034/knowledge_card.md,4D786CEF548EB9CBE502303943020A6B7EB386720810F635FDBFD773C0EDB3A2,PAPER,1,Q2,g8_mf41_image_page_map.csv,g8-image-sequence-v2,PASS
CUMCM-2021-E-E014,paper.md,derived/scale/papers/CUMCM-2021-E-E014/paper.md,286A516A4F2AB68FD99D65435E5D0B050BE8B8A9CB75B4BD65970FA780A967C4,PAPER,1,Q2,g8_mf41_image_page_map.csv,g8-image-sequence-v2,PASS
CUMCM-2021-E-E014,metadata.yaml,derived/scale/papers/CUMCM-2021-E-E014/metadata.yaml,7ABB3000C537421F4F01A33B9826DC83824A2D291009D39BEE745E8B29DA9C15,PAPER,1,Q2,g8_mf41_image_page_map.csv,g8-image-sequence-v2,PASS
CUMCM-2021-E-E014,knowledge_card.md,derived/scale/papers/CUMCM-2021-E-E014/knowledge_card.md,9D988367B574C17CDDB2280216D57B82319785D0C3A1B7A1E58512A0B1103EDC,PAPER,1,Q2,g8_mf41_image_page_map.csv,g8-image-sequence-v2,PASS
CUMCM-2021-E-E025,paper.md,derived/scale/papers/CUMCM-2021-E-E025/paper.md,028B838D7E6B21E301AB950309A8BCCE97BB09BF06F56AD431C1A8699882A4DC,PAPER,1,Q2,g8_mf41_image_page_map.csv,g8-image-sequence-v2,PASS
CUMCM-2021-E-E025,metadata.yaml,derived/scale/papers/CUMCM-2021-E-E025/metadata.yaml,C3004DD34F58725C33A4BF18FBA86B14F00CECED225049A76B666316012047CA,PAPER,1,Q2,g8_mf41_image_page_map.csv,g8-image-sequence-v2,PASS
CUMCM-2021-E-E025,knowledge_card.md,derived/scale/papers/CUMCM-2021-E-E025/knowledge_card.md,CDACCB656967FCF25340428DCF8833037503E7D366BA85AA8CC1C92308C753DE,PAPER,1,Q2,g8_mf41_image_page_map.csv,g8-image-sequence-v2,PASS
CUMCM-2021-E-E037,paper.md,derived/scale/papers/CUMCM-2021-E-E037/paper.md,1C9CB96955AD5FECB423902649E8D01F4AA6F576F8549C140B001E26B9BFC709,PAPER,1,Q2,g8_mf41_image_page_map.csv,g8-image-sequence-v2,PASS
CUMCM-2021-E-E037,metadata.yaml,derived/scale/papers/CUMCM-2021-E-E037/metadata.yaml,5A2B0BD9199749FCC8FCDFA8E7FB061176A07DC85BB2F3405BDA7F3CF93B943A,PAPER,1,Q2,g8_mf41_image_page_map.csv,g8-image-sequence-v2,PASS
CUMCM-2021-E-E037,knowledge_card.md,derived/scale/papers/CUMCM-2021-E-E037/knowledge_card.md,149E154BEC9F766F771D3C432F41557A91F52ABF9EFE1CB324298A74267BD445,PAPER,1,Q2,g8_mf41_image_page_map.csv,g8-image-sequence-v2,PASS
CUMCM-2022-C-C229,paper.md,derived/scale/papers/CUMCM-2022-C-C229/paper.md,6E4EB6A598F1B4953F526975A49B4286EE941C5445968782E856428428C70AE3,PAPER,1,Q2,g8_mf41_image_page_map.csv,g8-image-sequence-v2,PASS
CUMCM-2022-C-C229,metadata.yaml,derived/scale/papers/CUMCM-2022-C-C229/metadata.yaml,0E29FF055EAEDA06FD3B1917EADC72BEE6EBB3C0C3DBE612C5B66EA9636E84D5,PAPER,1,Q2,g8_mf41_image_page_map.csv,g8-image-sequence-v2,PASS
CUMCM-2022-C-C229,knowledge_card.md,derived/scale/papers/CUMCM-2022-C-C229/knowledge_card.md,BA90E2F9D4CCF10991823245424A7FCBED4869CF13809F3059E7ABE52C63254A,PAPER,1,Q2,g8_mf41_image_page_map.csv,g8-image-sequence-v2,PASS
CUMCM-2022-E-E014,paper.md,derived/scale/papers/CUMCM-2022-E-E014/paper.md,7467C8AF4360FE753858900C21BAD077D3BCF11D26EB52CE2940FE232854BA2B,PAPER,1,Q2,g8_mf41_image_page_map.csv,g8-image-sequence-v2,PASS
CUMCM-2022-E-E014,metadata.yaml,derived/scale/papers/CUMCM-2022-E-E014/metadata.yaml,B11774BE40395BCE5757927E8E8DAB01D2D919D380D29A216E9F8FDA95B4235B,PAPER,1,Q2,g8_mf41_image_page_map.csv,g8-image-sequence-v2,PASS
CUMCM-2022-E-E014,knowledge_card.md,derived/scale/papers/CUMCM-2022-E-E014/knowledge_card.md,882E869B06AC6E86C40C1DF3D7709A9E5DAA2314A398FCC518A94A66170D1C2E,PAPER,1,Q2,g8_mf41_image_page_map.csv,g8-image-sequence-v2,PASS
