paper_id,year,problem,subject_type,artifact_eligible,eligibility_reason,evidence,review_status,primary_file,primary_extension
CUMCM-1992-A-001,1992,A,PAPER,1,paper directory signal,primary path is under an explicit paper/award-paper directory,PASS,1992年数学建模国赛优秀论文/1992年A题优秀论文③ 施肥效果分析.pdf,.pdf
CUMCM-1992-A-002,1992,A,PAPER,1,paper directory signal,primary path is under an explicit paper/award-paper directory,PASS,1992年数学建模国赛优秀论文/1992年A题优秀论文② 施肥方案对作物蔬菜的影响.pdf,.pdf
CUMCM-1992-A-003,1992,A,PAPER,1,paper directory signal,primary path is under an explicit paper/award-paper directory,PASS,1992年数学建模国赛优秀论文/1992年A题优秀论文③ 关于非线性交调的频率设计的评注.pdf,.pdf
CUMCM-1992-A-004,1992,A,PAPER,1,paper directory signal,primary path is under an explicit paper/award-paper directory,PASS,1992年数学建模国赛优秀论文/1992年A题优秀论文① 关于施肥效果分析问题的评注.pdf,.pdf
CUMCM-1992-B-001,1992,B,PAPER,1,paper directory signal,primary path is under an explicit paper/award-paper directory,PASS,1992年数学建模国赛优秀论文/1992年B题优秀论文③ 关于蛋白质氨基酸的组合问题的评注.pdf,.pdf
CUMCM-1992-B-002,1992,B,PAPER,1,paper directory signal,primary path is under an explicit paper/award-paper directory,PASS,1992年数学建模国赛优秀论文/1992年B题优秀论文② 蛋白质氨基酸的组合问题.pdf,.pdf
CUMCM-1993-A-001,1993,A,PROBLEM_PACKAGE,0,"PDF text layer is an official problem statement with input/output data, frequency constraints, and a request to design f1/f2/f3; it is not a contestant paper","PDF first 3 pages text layer: official problem statement, input/output data, frequency constraints, and design request",PASS,1993年数学建模国赛真题+优秀论文/1993年国赛优秀论文/1993年A题优秀论文① 非线性交调的频率设计.pdf,.pdf
CUMCM-1993-B-001,1993,B,PAPER,1,paper directory signal,primary path is under an explicit paper/award-paper directory,PASS,1993年数学建模国赛真题+优秀论文/1993年国赛优秀论文/1993年B题优秀论文② 足球排名次问题.pdf,.pdf
CUMCM-1993-B-002,1993,B,PAPER,1,paper directory signal,primary path is under an explicit paper/award-paper directory,PASS,1993年数学建模国赛真题+优秀论文/1993年国赛优秀论文/1993年B题优秀论文③ 一个给足球队排名次的方法.pdf,.pdf
CUMCM-1993-B-003,1993,B,PAPER,1,paper directory signal,primary path is under an explicit paper/award-paper directory,PASS,1993年数学建模国赛真题+优秀论文/1993年国赛优秀论文/1993年B题优秀论文① 关于球队排名次问题的几点评注.pdf,.pdf
CUMCM-1995-A-001,1995,A,PAPER,1,paper directory signal,primary path is under an explicit paper/award-paper directory,PASS,1995年数学建模国赛真题+优秀论文/1995年国赛优秀论文/1995A：飞行管理问题的实时算法.pdf,.pdf
CUMCM-1995-A-002,1995,A,PAPER,1,paper directory signal,primary path is under an explicit paper/award-paper directory,PASS,1995年数学建模国赛真题+优秀论文/1995年国赛优秀论文/1995A：飞行管理模型的线性化处理方法.pdf,.pdf
CUMCM-1995-A-003,1995,A,PAPER,1,paper directory signal,primary path is under an explicit paper/award-paper directory,PASS,1995年数学建模国赛真题+优秀论文/1995年国赛优秀论文/1995A：飞行管理问题的线性规划模型.pdf,.pdf
CUMCM-1995-A-004,1995,A,PAPER,1,paper directory signal,primary path is under an explicit paper/award-paper directory,PASS,1995年数学建模国赛真题+优秀论文/1995年国赛优秀论文/1995A：飞行管理问题的逐步逼近搜索方法.pdf,.pdf
CUMCM-1995-A-005,1995,A,PAPER,1,paper directory signal,primary path is under an explicit paper/award-paper directory,PASS,1995年数学建模国赛真题+优秀论文/1995年国赛优秀论文/1995A：飞行管理问题约束条件的线性化.pdf,.pdf
CUMCM-1995-A-006,1995,A,PAPER,1,paper directory signal,primary path is under an explicit paper/award-paper directory,PASS,1995年数学建模国赛真题+优秀论文/1995年国赛优秀论文/1995A：飞行管理模型的能量梯度求解法.pdf,.pdf
CUMCM-1995-A-007,1995,A,PAPER,1,paper directory signal,primary path is under an explicit paper/award-paper directory,PASS,1995年数学建模国赛真题+优秀论文/1995年国赛优秀论文/1995A：飞行管理问题答卷评述.pdf,.pdf
CUMCM-1995-A-008,1995,A,PAPER,1,paper directory signal,primary path is under an explicit paper/award-paper directory,PASS,1995年数学建模国赛真题+优秀论文/1995年国赛优秀论文/1995A：空中防撞系统的设计.pdf,.pdf
CUMCM-1995-B-001,1995,B,PAPER,1,paper directory signal,primary path is under an explicit paper/award-paper directory,PASS,1995年数学建模国赛真题+优秀论文/1995年国赛优秀论文/1995B：冶炼车间的最优调度模型的检验.pdf,.pdf
CUMCM-1995-B-002,1995,B,PAPER,1,paper directory signal,primary path is under an explicit paper/award-paper directory,PASS,1995年数学建模国赛真题+优秀论文/1995年国赛优秀论文/1995B：天车作业调度的随机性分析.pdf,.pdf
CUMCM-1995-B-003,1995,B,PAPER,1,paper directory signal,primary path is under an explicit paper/award-paper directory,PASS,1995年数学建模国赛真题+优秀论文/1995年国赛优秀论文/1995B：天车与冶炼炉的作业调度模型.pdf,.pdf
CUMCM-1995-B-004,1995,B,PAPER,1,paper directory signal,primary path is under an explicit paper/award-paper directory,PASS,1995年数学建模国赛真题+优秀论文/1995年国赛优秀论文/1995B：天车冶炼炉作业调度的活动网络模型.pdf,.pdf
CUMCM-1995-B-005,1995,B,PAPER,1,paper directory signal,primary path is under an explicit paper/award-paper directory,PASS,1995年数学建模国赛真题+优秀论文/1995年国赛优秀论文/1995B：天车与冶炼炉的作业调度.pdf,.pdf
CUMCM-1995-B-006,1995,B,PAPER,1,paper directory signal,primary path is under an explicit paper/award-paper directory,PASS,1995年数学建模国赛真题+优秀论文/1995年国赛优秀论文/1995B：天车与冶炼炉作业调度的Petri网模型.pdf,.pdf
CUMCM-1995-B-007,1995,B,PAPER,1,paper directory signal,primary path is under an explicit paper/award-paper directory,PASS,1995年数学建模国赛真题+优秀论文/1995年国赛优秀论文/1995B：天车与冶炼炉的操作模型.pdf,.pdf
CUMCM-1996-A-001,1996,A,PAPER,1,paper directory signal,primary path is under an explicit paper/award-paper directory,PASS,1996年数学建模国赛真题+优秀论文/1996年国赛优秀论文/1996A：持续高产捕鱼策略.pdf,.pdf
CUMCM-1996-A-002,1996,A,PAPER,1,paper directory signal,primary path is under an explicit paper/award-paper directory,PASS,1996年数学建模国赛真题+优秀论文/1996年国赛优秀论文/1996A：最优捕鱼策略的设计.pdf,.pdf
CUMCM-1996-A-003,1996,A,PAPER,1,paper directory signal,primary path is under an explicit paper/award-paper directory,PASS,1996年数学建模国赛真题+优秀论文/1996年国赛优秀论文/1996A：最优捕鱼模型.pdf,.pdf
CUMCM-1996-A-004,1996,A,PAPER,1,paper directory signal,primary path is under an explicit paper/award-paper directory,PASS,1996年数学建模国赛真题+优秀论文/1996年国赛优秀论文/1996A：最优捕鱼策略.pdf,.pdf
CUMCM-1996-A-005,1996,A,PAPER,1,paper directory signal,primary path is under an explicit paper/award-paper directory,PASS,1996年数学建模国赛真题+优秀论文/1996年国赛优秀论文/1996A：最优捕鱼策略模型.pdf,.pdf
CUMCM-1996-A-006,1996,A,PAPER,1,paper directory signal,primary path is under an explicit paper/award-paper directory,PASS,1996年数学建模国赛真题+优秀论文/1996年国赛优秀论文/1996A：最优捕鱼策略问题.pdf,.pdf
CUMCM-1996-A-007,1996,A,PAPER,1,paper directory signal,primary path is under an explicit paper/award-paper directory,PASS,1996年数学建模国赛真题+优秀论文/1996年国赛优秀论文/1996A：最优捕鱼策略问题答卷评述.pdf,.pdf
CUMCM-1996-A-008,1996,A,PAPER,1,paper directory signal,primary path is under an explicit paper/award-paper directory,PASS,1996年数学建模国赛真题+优秀论文/1996年国赛优秀论文/1996A：最佳捕鱼策略的数学模型.pdf,.pdf
CUMCM-1996-B-001,1996,B,PAPER,1,paper directory signal,primary path is under an explicit paper/award-paper directory,PASS,1996年数学建模国赛真题+优秀论文/1996年国赛优秀论文/1996B：节水洗衣机问题数学建模及若干评注.pdf,.pdf
CUMCM-1996-B-002,1996,B,PAPER,1,paper directory signal,primary path is under an explicit paper/award-paper directory,PASS,1996年数学建模国赛真题+优秀论文/1996年国赛优秀论文/1996B：关于洗衣机节水的数学模型.pdf,.pdf
CUMCM-1996-B-003,1996,B,PAPER,1,paper directory signal,primary path is under an explicit paper/award-paper directory,PASS,1996年数学建模国赛真题+优秀论文/1996年国赛优秀论文/1996B：节水洗衣机的设计.pdf,.pdf
CUMCM-1996-B-004,1996,B,PAPER,1,paper directory signal,primary path is under an explicit paper/award-paper directory,PASS,1996年数学建模国赛真题+优秀论文/1996年国赛优秀论文/1996B：洗衣机的节水优化模型.pdf,.pdf
CUMCM-1997-A-001,1997,A,PAPER,1,paper directory signal,primary path is under an explicit paper/award-paper directory,PASS,1997年数学建模国赛真题+优秀论文/1997年国赛优秀论文/1997A：零件的参数设计(2).pdf,.pdf
CUMCM-1997-A-002,1997,A,PAPER,1,paper directory signal,primary path is under an explicit paper/award-paper directory,PASS,1997年数学建模国赛真题+优秀论文/1997年国赛优秀论文/1997A：零件参数的优化设计.pdf,.pdf
CUMCM-1997-A-003,1997,A,PAPER,1,paper directory signal,primary path is under an explicit paper/award-paper directory,PASS,1997年数学建模国赛真题+优秀论文/1997年国赛优秀论文/1997A：零件参数设计的动态规划模型.pdf,.pdf
CUMCM-1997-A-004,1997,A,PAPER,1,paper directory signal,primary path is under an explicit paper/award-paper directory,PASS,1997年数学建模国赛真题+优秀论文/1997年国赛优秀论文/1997A：零件的参数设计（4）.pdf,.pdf
CUMCM-1997-A-005,1997,A,PAPER,1,paper directory signal,primary path is under an explicit paper/award-paper directory,PASS,1997年数学建模国赛真题+优秀论文/1997年国赛优秀论文/1997A：零件的参数设计(3).pdf,.pdf
CUMCM-1997-A-006,1997,A,PAPER,1,paper directory signal,primary path is under an explicit paper/award-paper directory,PASS,1997年数学建模国赛真题+优秀论文/1997年国赛优秀论文/1997A：零件参数设计的数学模型.pdf,.pdf
CUMCM-1997-A-007,1997,A,PAPER,1,paper directory signal,primary path is under an explicit paper/award-paper directory,PASS,1997年数学建模国赛真题+优秀论文/1997年国赛优秀论文/1997A：零件的参数设计模型和评述.pdf,.pdf
CUMCM-1997-A-008,1997,A,PAPER,1,paper directory signal,primary path is under an explicit paper/award-paper directory,PASS,1997年数学建模国赛真题+优秀论文/1997年国赛优秀论文/1997A：零件的参数设计(1).pdf,.pdf
CUMCM-1997-A-009,1997,A,PAPER,1,paper directory signal,primary path is under an explicit paper/award-paper directory,PASS,1997年数学建模国赛真题+优秀论文/1997年国赛优秀论文/1997A：关于零件参数问题的建模.pdf,.pdf
CUMCM-1997-B-001,1997,B,PAPER,1,paper directory signal,primary path is under an explicit paper/award-paper directory,PASS,1997年数学建模国赛真题+优秀论文/1997年国赛优秀论文/1997B：截断切割中的最优排列问题.pdf,.pdf
CUMCM-1997-B-002,1997,B,PAPER,1,paper directory signal,primary path is under an explicit paper/award-paper directory,PASS,1997年数学建模国赛真题+优秀论文/1997年国赛优秀论文/1997B：最小费用切割策略.pdf,.pdf
CUMCM-1997-B-003,1997,B,PAPER,1,paper directory signal,primary path is under an explicit paper/award-paper directory,PASS,1997年数学建模国赛真题+优秀论文/1997年国赛优秀论文/1997B：截断切割的最优方案.pdf,.pdf
CUMCM-1997-B-004,1997,B,PAPER,1,paper directory signal,primary path is under an explicit paper/award-paper directory,PASS,1997年数学建模国赛真题+优秀论文/1997年国赛优秀论文/1997B：截断切割优化模型.pdf,.pdf
CUMCM-1997-B-005,1997,B,PAPER,1,paper directory signal,primary path is under an explicit paper/award-paper directory,PASS,1997年数学建模国赛真题+优秀论文/1997年国赛优秀论文/1997B：切割次序的优化.pdf,.pdf
CUMCM-1997-B-006,1997,B,PAPER,1,paper directory signal,primary path is under an explicit paper/award-paper directory,PASS,1997年数学建模国赛真题+优秀论文/1997年国赛优秀论文/1997B：最优切割次序模型.pdf,.pdf
CUMCM-1997-B-007,1997,B,PAPER,1,paper directory signal,primary path is under an explicit paper/award-paper directory,PASS,1997年数学建模国赛真题+优秀论文/1997年国赛优秀论文/1997B：长方体材料截断切割的优化设计.pdf,.pdf
CUMCM-1998-A-001,1998,A,PAPER,1,paper directory signal,primary path is under an explicit paper/award-paper directory,PASS,1998年数学建模国赛真题+优秀论文/1998年国赛优秀论文/1998A：投资收益与风险的优化模型.pdf,.pdf
CUMCM-1998-A-002,1998,A,PAPER,1,paper directory signal,primary path is under an explicit paper/award-paper directory,PASS,1998年数学建模国赛真题+优秀论文/1998年国赛优秀论文/1998A：资本市场的最佳投资组合.pdf,.pdf
CUMCM-1998-A-003,1998,A,PAPER,1,paper directory signal,primary path is under an explicit paper/award-paper directory,PASS,1998年数学建模国赛真题+优秀论文/1998年国赛优秀论文/1998A：风险投资分析.pdf,.pdf
CUMCM-1998-A-004,1998,A,PAPER,1,paper directory signal,primary path is under an explicit paper/award-paper directory,PASS,1998年数学建模国赛真题+优秀论文/1998年国赛优秀论文/1998A：资产投资收益与风险模型.pdf,.pdf
CUMCM-1998-A-005,1998,A,PAPER,1,paper directory signal,primary path is under an explicit paper/award-paper directory,PASS,1998年数学建模国赛真题+优秀论文/1998年国赛优秀论文/1998A：一类投资组合问题的建模与分析.pdf,.pdf
CUMCM-1998-A-006,1998,A,PAPER,1,paper directory signal,primary path is under an explicit paper/award-paper directory,PASS,1998年数学建模国赛真题+优秀论文/1998年国赛优秀论文/1998A：投资组合模型.pdf,.pdf
CUMCM-1998-A-007,1998,A,PAPER,1,paper directory signal,primary path is under an explicit paper/award-paper directory,PASS,1998年数学建模国赛真题+优秀论文/1998年国赛优秀论文/1998A：投资组合与模糊规划模型.pdf,.pdf
CUMCM-1998-A-008,1998,A,PAPER,1,paper directory signal,primary path is under an explicit paper/award-paper directory,PASS,1998年数学建模国赛真题+优秀论文/1998年国赛优秀论文/1998A：风险投资组合的线性规划模型.pdf,.pdf
CUMCM-1998-B-001,1998,B,PAPER,1,paper directory signal,primary path is under an explicit paper/award-paper directory,PASS,1998年数学建模国赛真题+优秀论文/1998年国赛优秀论文/1998B：灾情巡视路线的设计.pdf,.pdf
CUMCM-1998-B-002,1998,B,PAPER,1,paper directory signal,primary path is under an explicit paper/award-paper directory,PASS,1998年数学建模国赛真题+优秀论文/1998年国赛优秀论文/1998B：灾情巡视路线最优解的证明.pdf,.pdf
CUMCM-1998-B-003,1998,B,PAPER,1,paper directory signal,primary path is under an explicit paper/award-paper directory,PASS,1998年数学建模国赛真题+优秀论文/1998年国赛优秀论文/1998B：灾情巡视的最佳路线.pdf,.pdf
CUMCM-1998-B-004,1998,B,PAPER,1,paper directory signal,primary path is under an explicit paper/award-paper directory,PASS,1998年数学建模国赛真题+优秀论文/1998年国赛优秀论文/1998B：灾情巡视路线寻优模型.pdf,.pdf
CUMCM-1998-B-005,1998,B,PAPER,1,paper directory signal,primary path is under an explicit paper/award-paper directory,PASS,1998年数学建模国赛真题+优秀论文/1998年国赛优秀论文/1998B：最佳灾情巡视路线的数学模型.pdf,.pdf
CUMCM-1998-B-006,1998,B,PAPER,1,paper directory signal,primary path is under an explicit paper/award-paper directory,PASS,1998年数学建模国赛真题+优秀论文/1998年国赛优秀论文/1998B：灾情巡视的最佳路线_节选_.pdf,.pdf
CUMCM-1998-B-007,1998,B,PAPER,1,paper directory signal,primary path is under an explicit paper/award-paper directory,PASS,1998年数学建模国赛真题+优秀论文/1998年国赛优秀论文/1998B：多旅行商路线的几个问题.pdf,.pdf
CUMCM-1999-A-001,1999,A,PAPER,1,paper directory signal,primary path is under an explicit paper/award-paper directory,PASS,1999年数学建模国赛真题+优秀论文/1999年国赛优秀论文/1999A：自动化车床管理的数学模型.pdf,.pdf
CUMCM-1999-A-002,1999,A,PAPER,1,paper directory signal,primary path is under an explicit paper/award-paper directory,PASS,1999年数学建模国赛真题+优秀论文/1999年国赛优秀论文/1999A：车床管理优化模型.pdf,.pdf
CUMCM-1999-A-003,1999,A,PAPER,1,paper directory signal,primary path is under an explicit paper/award-paper directory,PASS,1999年数学建模国赛真题+优秀论文/1999年国赛优秀论文/1999A：自动化车床管理（1）.pdf,.pdf
CUMCM-1999-A-004,1999,A,PAPER,1,paper directory signal,primary path is under an explicit paper/award-paper directory,PASS,1999年数学建模国赛真题+优秀论文/1999年国赛优秀论文/1999A：最优刀具更换周期上界_检查间隔下界的证明.pdf,.pdf
CUMCM-1999-A-005,1999,A,PAPER,1,paper directory signal,primary path is under an explicit paper/award-paper directory,PASS,1999年数学建模国赛真题+优秀论文/1999年国赛优秀论文/1999A：刀具问题的仿真及灵敏度分析.pdf,.pdf
CUMCM-1999-A-006,1999,A,PAPER,1,paper directory signal,primary path is under an explicit paper/award-paper directory,PASS,1999年数学建模国赛真题+优秀论文/1999年国赛优秀论文/1999A：自动化车床管理（2）.pdf,.pdf
CUMCM-1999-A-007,1999,A,PAPER,1,paper directory signal,primary path is under an explicit paper/award-paper directory,PASS,1999年数学建模国赛真题+优秀论文/1999年国赛优秀论文/1999A：自动化车床管理建模分析.pdf,.pdf
CUMCM-1999-A-008,1999,A,PAPER,1,paper directory signal,primary path is under an explicit paper/award-paper directory,PASS,1999年数学建模国赛真题+优秀论文/1999年国赛优秀论文/1999A：自动化车床最优刀具检测更换模型.pdf,.pdf
CUMCM-1999-B-001,1999,B,PAPER,1,paper directory signal,primary path is under an explicit paper/award-paper directory,PASS,1999年数学建模国赛真题+优秀论文/1999年国赛优秀论文/1999B：钻井布局问题评述.pdf,.pdf
CUMCM-1999-B-002,1999,B,PAPER,1,paper directory signal,primary path is under an explicit paper/award-paper directory,PASS,1999年数学建模国赛真题+优秀论文/1999年国赛优秀论文/1999B：钻井布局的设计.pdf,.pdf
CUMCM-1999-B-003,1999,B,PAPER,1,paper directory signal,primary path is under an explicit paper/award-paper directory,PASS,1999年数学建模国赛真题+优秀论文/1999年国赛优秀论文/1999B：钻井布局.pdf,.pdf
CUMCM-1999-B-004,1999,B,PAPER,1,paper directory signal,primary path is under an explicit paper/award-paper directory,PASS,1999年数学建模国赛真题+优秀论文/1999年国赛优秀论文/1999B：钻井布局的数学模型.pdf,.pdf
CUMCM-1999-B-005,1999,B,PAPER,1,paper directory signal,primary path is under an explicit paper/award-paper directory,PASS,1999年数学建模国赛真题+优秀论文/1999年国赛优秀论文/1999B：钻井布局模型.pdf,.pdf
CUMCM-1999-C-001,1999,C,PAPER,1,paper directory signal,primary path is under an explicit paper/award-paper directory,PASS,1999年数学建模国赛真题+优秀论文/1999年国赛优秀论文/1999C：煤矸石堆积模型.pdf,.pdf
CUMCM-1999-C-002,1999,C,PAPER,1,paper directory signal,primary path is under an explicit paper/award-paper directory,PASS,1999年数学建模国赛真题+优秀论文/1999年国赛优秀论文/1999C：煤矸石堆积经费问题的几点讨论.pdf,.pdf
CUMCM-1999-C-003,1999,C,PAPER,1,paper directory signal,primary path is under an explicit paper/award-paper directory,PASS,1999年数学建模国赛真题+优秀论文/1999年国赛优秀论文/1999C：煤矸石堆积问题的解答及引出的思考.pdf,.pdf
CUMCM-2000-A-001,2000,A,PAPER,1,paper directory signal,primary path is under an explicit paper/award-paper directory,PASS,2000年数学建模国赛真题+优秀论文/2000年国赛优秀论文/2000A：DNA序列中的结构与简化模型.pdf,.pdf
CUMCM-2000-A-002,2000,A,PAPER,1,paper directory signal,primary path is under an explicit paper/award-paper directory,PASS,2000年数学建模国赛真题+优秀论文/2000年国赛优秀论文/2000A：DNA序列分类的数学模型.pdf,.pdf
CUMCM-2000-A-003,2000,A,PAPER,1,paper directory signal,primary path is under an explicit paper/award-paper directory,PASS,2000年数学建模国赛真题+优秀论文/2000年国赛优秀论文/2000A：关于DNA序列分类问题的模型.pdf,.pdf
CUMCM-2000-A-004,2000,A,PAPER,1,paper directory signal,primary path is under an explicit paper/award-paper directory,PASS,2000年数学建模国赛真题+优秀论文/2000年国赛优秀论文/2000A：DNA序列的分类.pdf,.pdf
CUMCM-2000-A-005,2000,A,PAPER,1,paper directory signal,primary path is under an explicit paper/award-paper directory,PASS,2000年数学建模国赛真题+优秀论文/2000年国赛优秀论文/2000A：DNA分类模型.pdf,.pdf
CUMCM-2000-A-006,2000,A,PAPER,1,paper directory signal,primary path is under an explicit paper/award-paper directory,PASS,2000年数学建模国赛真题+优秀论文/2000年国赛优秀论文/2000A：DNA序列的分类模型.pdf,.pdf
CUMCM-2000-B-001,2000,B,PAPER,1,paper directory signal,primary path is under an explicit paper/award-paper directory,PASS,2000年数学建模国赛真题+优秀论文/2000年国赛优秀论文/2000B：管道订购与运输问题.pdf,.pdf
CUMCM-2000-B-002,2000,B,PAPER,1,paper directory signal,primary path is under an explicit paper/award-paper directory,PASS,2000年数学建模国赛真题+优秀论文/2000年国赛优秀论文/2000B：管道订购和运输.pdf,.pdf
CUMCM-2000-B-003,2000,B,PAPER,1,paper directory signal,primary path is under an explicit paper/award-paper directory,PASS,2000年数学建模国赛真题+优秀论文/2000年国赛优秀论文/2000B：一类运输问题的建模.pdf,.pdf
CUMCM-2000-B-004,2000,B,PAPER,1,paper directory signal,primary path is under an explicit paper/award-paper directory,PASS,2000年数学建模国赛真题+优秀论文/2000年国赛优秀论文/2000B：钢管订购和运输策略.pdf,.pdf
CUMCM-2000-B-005,2000,B,PAPER,1,paper directory signal,primary path is under an explicit paper/award-paper directory,PASS,2000年数学建模国赛真题+优秀论文/2000年国赛优秀论文/2000B：钢管的订购和运输解答模型.pdf,.pdf
CUMCM-2000-B-006,2000,B,PAPER,1,paper directory signal,primary path is under an explicit paper/award-paper directory,PASS,2000年数学建模国赛真题+优秀论文/2000年国赛优秀论文/2000B：钢管的订购和运输.pdf,.pdf
CUMCM-2000-B-007,2000,B,PAPER,1,paper directory signal,primary path is under an explicit paper/award-paper directory,PASS,2000年数学建模国赛真题+优秀论文/2000年国赛优秀论文/2000B：一类运输问题的建模1.pdf,.pdf
CUMCM-2000-B-008,2000,B,PAPER,1,paper directory signal,primary path is under an explicit paper/award-paper directory,PASS,2000年数学建模国赛真题+优秀论文/2000年国赛优秀论文/2000B：订购和运输钢管的最优方案.pdf,.pdf
CUMCM-2000-C-001,2000,C,PAPER,1,paper directory signal,primary path is under an explicit paper/award-paper directory,PASS,2000年数学建模国赛真题+优秀论文/2000年国赛优秀论文/2000C：飞越北极的数学模型 (2).pdf,.pdf
CUMCM-2000-C-002,2000,C,PAPER,1,paper directory signal,primary path is under an explicit paper/award-paper directory,PASS,2000年数学建模国赛真题+优秀论文/2000年国赛优秀论文/2000C：航程计算的数学模型.pdf,.pdf
CUMCM-2000-C-003,2000,C,PAPER,1,paper directory signal,primary path is under an explicit paper/award-paper directory,PASS,2000年数学建模国赛真题+优秀论文/2000年国赛优秀论文/2000C：飞越北极的数学模型.pdf,.pdf
CUMCM-2000-C-004,2000,C,PAPER,1,paper directory signal,primary path is under an explicit paper/award-paper directory,PASS,2000年数学建模国赛真题+优秀论文/2000年国赛优秀论文/2000C：飞越北极.pdf,.pdf
CUMCM-2000-D-001,2000,D,PAPER,1,paper directory signal,primary path is under an explicit paper/award-paper directory,PASS,2000年数学建模国赛真题+优秀论文/2000年国赛优秀论文/2000D：空洞探测.pdf,.pdf
CUMCM-2000-D-002,2000,D,PAPER,1,paper directory signal,primary path is under an explicit paper/award-paper directory,PASS,2000年数学建模国赛真题+优秀论文/2000年国赛优秀论文/2000D：空洞探测问题及有关情况.pdf,.pdf
CUMCM-2000-D-003,2000,D,PAPER,1,paper directory signal,primary path is under an explicit paper/award-paper directory,PASS,2000年数学建模国赛真题+优秀论文/2000年国赛优秀论文/2000D：空洞探测的最优解法.pdf,.pdf
CUMCM-2001-A-001,2001,A,PAPER,1,paper directory signal,primary path is under an explicit paper/award-paper directory,PASS,2001年数学建模国赛真题+优秀论文/2001年国赛优秀论文/2001A：血管切片的三维重建.pdf,.pdf
CUMCM-2001-A-002,2001,A,PAPER,1,paper directory signal,primary path is under an explicit paper/award-paper directory,PASS,2001年数学建模国赛真题+优秀论文/2001年国赛优秀论文/2001A：血管三维重建的问题.pdf,.pdf
CUMCM-2001-A-003,2001,A,PAPER,1,paper directory signal,primary path is under an explicit paper/award-paper directory,PASS,2001年数学建模国赛真题+优秀论文/2001年国赛优秀论文/2001A：利用切片的二维空间相关操作实现血管的三维重建.pdf,.pdf
CUMCM-2001-A-004,2001,A,PAPER,1,paper directory signal,primary path is under an explicit paper/award-paper directory,PASS,2001年数学建模国赛真题+优秀论文/2001年国赛优秀论文/2001A：血管的三维重建.pdf,.pdf
CUMCM-2001-A-005,2001,A,PAPER,1,paper directory signal,primary path is under an explicit paper/award-paper directory,PASS,2001年数学建模国赛真题+优秀论文/2001年国赛优秀论文/2001A：管道切片的三维重建.pdf,.pdf
CUMCM-2001-A-006,2001,A,PAPER,1,paper directory signal,primary path is under an explicit paper/award-paper directory,PASS,2001年数学建模国赛真题+优秀论文/2001年国赛优秀论文/2001A：管道切片的三维重建 (2).pdf,.pdf
CUMCM-2001-A-007,2001,A,PAPER,1,paper directory signal,primary path is under an explicit paper/award-paper directory,PASS,2001年数学建模国赛真题+优秀论文/2001年国赛优秀论文/2001A：血管管道的三维重建 (2).pdf,.pdf
CUMCM-2001-A-008,2001,A,PAPER,1,paper directory signal,primary path is under an explicit paper/award-paper directory,PASS,2001年数学建模国赛真题+优秀论文/2001年国赛优秀论文/2001A：血管三维重建的问题A.pdf,.pdf
CUMCM-2001-A-009,2001,A,PAPER,1,paper directory signal,primary path is under an explicit paper/award-paper directory,PASS,2001年数学建模国赛真题+优秀论文/2001年国赛优秀论文/2001A：血管切片的三维重建 (2).pdf,.pdf
CUMCM-2001-A-010,2001,A,PAPER,1,paper directory signal,primary path is under an explicit paper/award-paper directory,PASS,2001年数学建模国赛真题+优秀论文/2001年国赛优秀论文/2001A：旋转抛物面聚光效果的研究.pdf,.pdf
CUMCM-2001-A-011,2001,A,PAPER,1,paper directory signal,primary path is under an explicit paper/award-paper directory,PASS,2001年数学建模国赛真题+优秀论文/2001年国赛优秀论文/2001A：血管管道的三维重建.pdf,.pdf
CUMCM-2001-A-012,2001,A,PAPER,1,paper directory signal,primary path is under an explicit paper/award-paper directory,PASS,2001年数学建模国赛真题+优秀论文/2001年国赛优秀论文/2001A：血管的三维重建 (2).pdf,.pdf
CUMCM-2001-B-001,2001,B,PAPER,1,paper directory signal,primary path is under an explicit paper/award-paper directory,PASS,2001年数学建模国赛真题+优秀论文/2001年国赛优秀论文/2001B：公交车调度优化模型.pdf,.pdf
CUMCM-2001-B-002,2001,B,PAPER,1,paper directory signal,primary path is under an explicit paper/award-paper directory,PASS,2001年数学建模国赛真题+优秀论文/2001年国赛优秀论文/2001B：对于公交汽车调度问题的求解.pdf,.pdf
CUMCM-2001-B-003,2001,B,PAPER,1,paper directory signal,primary path is under an explicit paper/award-paper directory,PASS,2001年数学建模国赛真题+优秀论文/2001年国赛优秀论文/2001B：关于公交车调度的优化问题.pdf,.pdf
CUMCM-2001-B-004,2001,B,PAPER,1,paper directory signal,primary path is under an explicit paper/award-paper directory,PASS,2001年数学建模国赛真题+优秀论文/2001年国赛优秀论文/2001B：公交车调度的规划数学模型.pdf,.pdf
CUMCM-2001-B-005,2001,B,PAPER,1,paper directory signal,primary path is under an explicit paper/award-paper directory,PASS,2001年数学建模国赛真题+优秀论文/2001年国赛优秀论文/2001B：公交车调度问题的数学模型.pdf,.pdf
CUMCM-2001-B-006,2001,B,PAPER,1,paper directory signal,primary path is under an explicit paper/award-paper directory,PASS,2001年数学建模国赛真题+优秀论文/2001年国赛优秀论文/2001B：公交车调度.pdf,.pdf
CUMCM-2001-B-007,2001,B,PAPER,1,paper directory signal,primary path is under an explicit paper/award-paper directory,PASS,2001年数学建模国赛真题+优秀论文/2001年国赛优秀论文/2001B：公交车调度问题的研究.pdf,.pdf
CUMCM-2001-B-008,2001,B,PAPER,1,paper directory signal,primary path is under an explicit paper/award-paper directory,PASS,2001年数学建模国赛真题+优秀论文/2001年国赛优秀论文/2001B：关于公交车调度的优化问题 (2).pdf,.pdf
CUMCM-2001-B-009,2001,B,PROBLEM_PACKAGE,0,problem-package path evidence,problem/attachment directory signal,PASS,2001年数学建模国赛真题+优秀论文/2001年赛题/2001年国赛A、B题.doc,.doc
CUMCM-2001-C-001,2001,C,PAPER,1,paper directory signal,primary path is under an explicit paper/award-paper directory,PASS,2001年数学建模国赛真题+优秀论文/2001年国赛优秀论文/2001C：基金存储方案.pdf,.pdf
CUMCM-2001-C-002,2001,C,PAPER,1,paper directory signal,primary path is under an explicit paper/award-paper directory,PASS,2001年数学建模国赛真题+优秀论文/2001年国赛优秀论文/2001C：“基金使用计划”模型和评述.pdf,.pdf
CUMCM-2001-C-003,2001,C,PAPER,1,paper directory signal,primary path is under an explicit paper/award-paper directory,PASS,2001年数学建模国赛真题+优秀论文/2001年国赛优秀论文/2001C：基金最佳使用计划.pdf,.pdf
CUMCM-2001-D-001,2001,D,PROBLEM_PACKAGE,0,problem-package path evidence,problem/attachment directory signal,PASS,2001年数学建模国赛真题+优秀论文/2001年赛题/2001年国赛C、D题.doc,.doc
CUMCM-2002-A-001,2002,A,PAPER,1,paper directory signal,primary path is under an explicit paper/award-paper directory,PASS,2002年数学建模国赛真题+优秀论文/2002年优秀论文/2002A：车灯线光源的优化设计 (2).pdf,.pdf
CUMCM-2002-A-002,2002,A,PAPER,1,paper directory signal,primary path is under an explicit paper/award-paper directory,PASS,2002年数学建模国赛真题+优秀论文/2002年优秀论文/2002A：车灯线光源的优化设计方案.pdf,.pdf
CUMCM-2002-A-003,2002,A,PAPER,1,paper directory signal,primary path is under an explicit paper/award-paper directory,PASS,2002年数学建模国赛真题+优秀论文/2002年优秀论文/2002A：车灯线光源的优化设计.pdf,.pdf
CUMCM-2002-A-004,2002,A,PAPER,1,paper directory signal,primary path is under an explicit paper/award-paper directory,PASS,2002年数学建模国赛真题+优秀论文/2002年优秀论文/2002A：车灯线光源的优化设计(1).pdf,.pdf
CUMCM-2002-A-005,2002,A,PAPER,1,paper directory signal,primary path is under an explicit paper/award-paper directory,PASS,2002年数学建模国赛真题+优秀论文/2002年优秀论文/2002A：车灯线光源的优化设计问题.pdf,.pdf
CUMCM-2002-A-006,2002,A,PAPER,1,paper directory signal,primary path is under an explicit paper/award-paper directory,PASS,2002年数学建模国赛真题+优秀论文/2002年优秀论文/2002A：车灯线光源的优化设计方案 (2).pdf,.pdf
CUMCM-2002-A-007,2002,A,PAPER,1,paper directory signal,primary path is under an explicit paper/award-paper directory,PASS,2002年数学建模国赛真题+优秀论文/2002年优秀论文/2002A：车灯灯丝长度优化设计的数学模型和数值模拟 (2).pdf,.pdf
CUMCM-2002-A-008,2002,A,PAPER,1,paper directory signal,primary path is under an explicit paper/award-paper directory,PASS,2002年数学建模国赛真题+优秀论文/2002年优秀论文/2002A：关于“车灯线光源的优化设计”问题的光学思路.pdf,.pdf
CUMCM-2002-A-009,2002,A,PAPER,1,paper directory signal,primary path is under an explicit paper/award-paper directory,PASS,2002年数学建模国赛真题+优秀论文/2002年优秀论文/2002A：车灯灯丝长度优化设计的数学模型和数值模拟.pdf,.pdf
CUMCM-2002-A-010,2002,A,PAPER,1,paper directory signal,primary path is under an explicit paper/award-paper directory,PASS,2002年数学建模国赛真题+优秀论文/2002年优秀论文/2002A：关于_车灯线光源的优化设计_问题的光学思路.pdf,.pdf
CUMCM-2002-A-011,2002,A,PAPER,1,paper directory signal,primary path is under an explicit paper/award-paper directory,PASS,2002年数学建模国赛真题+优秀论文/2002年优秀论文/2002A：车灯线光源的优化设计模型.pdf,.pdf
CUMCM-2002-A-012,2002,A,PAPER,1,paper directory signal,primary path is under an explicit paper/award-paper directory,PASS,2002年数学建模国赛真题+优秀论文/2002年优秀论文/2002A：车灯光源优化问题的探讨.pdf,.pdf
CUMCM-2002-A-013,2002,A,PAPER,1,paper directory signal,primary path is under an explicit paper/award-paper directory,PASS,2002年数学建模国赛真题+优秀论文/2002年优秀论文/2002A：车灯光源优化问题的探讨 (2).pdf,.pdf
CUMCM-2002-A-014,2002,A,PAPER,1,paper directory signal,primary path is under an explicit paper/award-paper directory,PASS,2002年数学建模国赛真题+优秀论文/2002年优秀论文/2002A：车灯线光源的优化设计问题 (2).pdf,.pdf
CUMCM-2002-A-015,2002,A,PAPER,1,paper directory signal,primary path is under an explicit paper/award-paper directory,PASS,2002年数学建模国赛真题+优秀论文/2002年优秀论文/2002A：车灯线光源的优化设计模型 (2).pdf,.pdf
CUMCM-2002-B-001,2002,B,PAPER,1,paper directory signal,primary path is under an explicit paper/award-paper directory,PASS,2002年数学建模国赛真题+优秀论文/2002年优秀论文/2002B：彩票方案的评价.pdf,.pdf
CUMCM-2002-B-002,2002,B,PAPER,1,paper directory signal,primary path is under an explicit paper/award-paper directory,PASS,2002年数学建模国赛真题+优秀论文/2002年优秀论文/2002B：“彩票中的数学”问题的优化模型与评述.pdf,.pdf
CUMCM-2002-B-003,2002,B,PAPER,1,paper directory signal,primary path is under an explicit paper/award-paper directory,PASS,2002年数学建模国赛真题+优秀论文/2002年优秀论文/2002B：彩票方案的优选模型.pdf,.pdf
CUMCM-2002-B-004,2002,B,PAPER,1,paper directory signal,primary path is under an explicit paper/award-paper directory,PASS,2002年数学建模国赛真题+优秀论文/2002年优秀论文/2002B：彩票运行方案的合理性研究1.pdf,.pdf
CUMCM-2002-B-005,2002,B,PAPER,1,paper directory signal,primary path is under an explicit paper/award-paper directory,PASS,2002年数学建模国赛真题+优秀论文/2002年优秀论文/2002B：彩票中的数学.pdf,.pdf
CUMCM-2002-B-006,2002,B,PAPER,1,paper directory signal,primary path is under an explicit paper/award-paper directory,PASS,2002年数学建模国赛真题+优秀论文/2002年优秀论文/2002B：彩票方案的合理性优化.pdf,.pdf
CUMCM-2002-B-007,2002,B,PROBLEM_PACKAGE,0,problem-package path evidence,problem/attachment directory signal,PASS,2002年数学建模国赛真题+优秀论文/2002年赛题/2002年国赛A、B题.doc,.doc
CUMCM-2002-B-008,2002,B,PAPER,1,paper directory signal,primary path is under an explicit paper/award-paper directory,PASS,2002年数学建模国赛真题+优秀论文/2002年优秀论文/2002B：彩票方案的合理性优化1.pdf,.pdf
CUMCM-2002-B-009,2002,B,PAPER,1,paper directory signal,primary path is under an explicit paper/award-paper directory,PASS,2002年数学建模国赛真题+优秀论文/2002年优秀论文/2002B：彩票运行方案的合理性研究.pdf,.pdf
CUMCM-2002-D-001,2002,D,PROBLEM_PACKAGE,0,problem-package path evidence,problem/attachment directory signal,PASS,2002年数学建模国赛真题+优秀论文/2002年赛题/2002年国赛C、D题.doc,.doc
CUMCM-2003-A-001,2003,A,PAPER,1,paper directory signal,primary path is under an explicit paper/award-paper directory,PASS,2003年数学建模国赛真题+优秀论文/2003年优秀论文/2003A：SARS传播的数学原理及预测与控制 (2).pdf,.pdf
CUMCM-2003-A-002,2003,A,PAPER,1,paper directory signal,primary path is under an explicit paper/award-paper directory,PASS,2003年数学建模国赛真题+优秀论文/2003年优秀论文/2003A：SARS传播预测的数学模型.pdf,.pdf
CUMCM-2003-A-003,2003,A,PAPER,1,paper directory signal,primary path is under an explicit paper/award-paper directory,PASS,2003年数学建模国赛真题+优秀论文/2003年优秀论文/2003A：非典数学模型的建立与分析.pdf,.pdf
CUMCM-2003-A-004,2003,A,PAPER,1,paper directory signal,primary path is under an explicit paper/award-paper directory,PASS,2003年数学建模国赛真题+优秀论文/2003年优秀论文/2003A：SARS传播预测的数学模型 (2).pdf,.pdf
CUMCM-2003-A-005,2003,A,PAPER,1,paper directory signal,primary path is under an explicit paper/award-paper directory,PASS,2003年数学建模国赛真题+优秀论文/2003年优秀论文/2003A：SARS传播的研究.pdf,.pdf
CUMCM-2003-A-006,2003,A,PAPER,1,paper directory signal,primary path is under an explicit paper/award-paper directory,PASS,2003年数学建模国赛真题+优秀论文/2003年优秀论文/2003A：SARS传播的数学原理及预测与控制.pdf,.pdf
CUMCM-2003-A-007,2003,A,PROBLEM_PACKAGE,0,problem-package path evidence,problem/attachment directory signal,PASS,2003年数学建模国赛真题+优秀论文/2003年赛题/2003年国赛A题 .doc,.doc
CUMCM-2003-A-008,2003,A,PAPER,1,paper directory signal,primary path is under an explicit paper/award-paper directory,PASS,2003年数学建模国赛真题+优秀论文/2003年优秀论文/2003A：考虑自愈的SARS的传播模型.pdf,.pdf
CUMCM-2003-A-009,2003,A,PAPER,1,paper directory signal,primary path is under an explicit paper/award-paper directory,PASS,2003年数学建模国赛真题+优秀论文/2003年优秀论文/2003A：考虑自愈的SARS的传播模型 (2).pdf,.pdf
CUMCM-2003-A-010,2003,A,PAPER,1,paper directory signal,primary path is under an explicit paper/award-paper directory,PASS,2003年数学建模国赛真题+优秀论文/2003年优秀论文/2003A：SARS传播的研究 (2).pdf,.pdf
CUMCM-2003-B-001,2003,B,PAPER,1,paper directory signal,primary path is under an explicit paper/award-paper directory,PASS,2003年数学建模国赛真题+优秀论文/2003年优秀论文/2003B：露天矿生产的车辆安排(2).pdf,.pdf
CUMCM-2003-B-002,2003,B,PAPER,1,paper directory signal,primary path is under an explicit paper/award-paper directory,PASS,2003年数学建模国赛真题+优秀论文/2003年优秀论文/2003B：露天矿生产车辆安排计划优化设计 (2).pdf,.pdf
CUMCM-2003-B-003,2003,B,PROBLEM_PACKAGE,0,problem-package path evidence,problem/attachment directory signal,PASS,2003年数学建模国赛真题+优秀论文/2003年赛题/2003年国赛B题 .doc,.doc
CUMCM-2003-B-004,2003,B,PAPER,1,paper directory signal,primary path is under an explicit paper/award-paper directory,PASS,2003年数学建模国赛真题+优秀论文/2003年优秀论文/2003B：露天矿生产的车辆安排A.pdf,.pdf
CUMCM-2003-B-005,2003,B,PAPER,1,paper directory signal,primary path is under an explicit paper/award-paper directory,PASS,2003年数学建模国赛真题+优秀论文/2003年优秀论文/2003B：露天矿生产的车辆安排(1).pdf,.pdf
CUMCM-2003-B-006,2003,B,PAPER,1,paper directory signal,primary path is under an explicit paper/award-paper directory,PASS,2003年数学建模国赛真题+优秀论文/2003年优秀论文/2003B：露天矿生产的车辆安排 (2).pdf,.pdf
CUMCM-2003-B-007,2003,B,PAPER,1,paper directory signal,primary path is under an explicit paper/award-paper directory,PASS,2003年数学建模国赛真题+优秀论文/2003年优秀论文/2003B：露天矿生产的车辆安排.pdf,.pdf
CUMCM-2003-B-008,2003,B,PAPER,1,paper directory signal,primary path is under an explicit paper/award-paper directory,PASS,2003年数学建模国赛真题+优秀论文/2003年优秀论文/2003B：露天矿生产车辆安排计划优化设计.pdf,.pdf
CUMCM-2003-B-009,2003,B,PAPER,1,paper directory signal,primary path is under an explicit paper/award-paper directory,PASS,2003年数学建模国赛真题+优秀论文/2003年优秀论文/2003B：“露天矿生产的车辆安排”的模型和评述.pdf,.pdf
CUMCM-2003-B-010,2003,B,PAPER,1,paper directory signal,primary path is under an explicit paper/award-paper directory,PASS,2003年数学建模国赛真题+优秀论文/2003年优秀论文/2003B：露天矿生产的车辆安排_的模型和评述.pdf,.pdf
CUMCM-2003-B-011,2003,B,PAPER,1,paper directory signal,primary path is under an explicit paper/award-paper directory,PASS,2003年数学建模国赛真题+优秀论文/2003年优秀论文/2003B：露天矿生产的车辆安排B.pdf,.pdf
CUMCM-2003-C-001,2003,C,PROBLEM_PACKAGE,0,problem-package path evidence,problem/attachment directory signal,PASS,2003年数学建模国赛真题+优秀论文/2003年赛题/2003年国赛C题 .doc,.doc
CUMCM-2003-D-001,2003,D,PAPER,1,paper directory signal,primary path is under an explicit paper/award-paper directory,PASS,2003年数学建模国赛真题+优秀论文/2003年优秀论文/2003D：抢渡长江的数学模型（2）.pdf,.pdf
CUMCM-2003-D-002,2003,D,PAPER,1,paper directory signal,primary path is under an explicit paper/award-paper directory,PASS,2003年数学建模国赛真题+优秀论文/2003年优秀论文/2003D：“抢渡长江”问题的数学建模和求解.pdf,.pdf
CUMCM-2003-D-003,2003,D,PAPER,1,paper directory signal,primary path is under an explicit paper/award-paper directory,PASS,2003年数学建模国赛真题+优秀论文/2003年优秀论文/2003D：抢渡长江的数学模型（1）.pdf,.pdf
CUMCM-2003-D-004,2003,D,PAPER,1,paper directory signal,primary path is under an explicit paper/award-paper directory,PASS,2003年数学建模国赛真题+优秀论文/2003年优秀论文/2003D：江河竞渡的优化模型.pdf,.pdf
CUMCM-2003-D-005,2003,D,PROBLEM_PACKAGE,0,problem-package path evidence,problem/attachment directory signal,PASS,2003年数学建模国赛真题+优秀论文/2003年赛题/2003年国赛D题.doc,.doc
CUMCM-2004-A-001,2004,A,PAPER,1,paper directory signal,primary path is under an explicit paper/award-paper directory,PASS,2004年数学建模国赛真题+优秀论文/2004优秀论文/2004A：奥运场馆中临时商业网点设计中的数学模型化方法.pdf,.pdf
CUMCM-2004-A-002,2004,A,PAPER,1,paper directory signal,primary path is under an explicit paper/award-paper directory,PASS,2004年数学建模国赛真题+优秀论文/2004优秀论文/2004A：基于利润最大化的奥运商业网点分布微观经济模型.pdf,.pdf
CUMCM-2004-A-003,2004,A,PAPER,1,paper directory signal,primary path is under an explicit paper/award-paper directory,PASS,2004年数学建模国赛真题+优秀论文/2004优秀论文/2004A：奥运会网点的优化设计.pdf,.pdf
CUMCM-2004-A-004,2004,A,PAPER,1,paper directory signal,primary path is under an explicit paper/award-paper directory,PASS,2004年数学建模国赛真题+优秀论文/2004优秀论文/2004A：临时超市网点的规划模型研究.pdf,.pdf
CUMCM-2004-A-005,2004,A,PAPER,1,paper directory signal,primary path is under an explicit paper/award-paper directory,PASS,2004年数学建模国赛真题+优秀论文/2004优秀论文/2004A：MS网点的合理布局.pdf,.pdf
CUMCM-2004-A-006,2004,A,PROBLEM_PACKAGE,0,problem-package path evidence,problem/attachment directory signal,PASS,2004年数学建模国赛真题+优秀论文/2004年赛题/2004年国赛A题DATA.mdb,.mdb
CUMCM-2004-A-007,2004,A,PROBLEM_PACKAGE,0,problem-package path evidence,problem/attachment directory signal,PASS,2004年数学建模国赛真题+优秀论文/2004年赛题/2004年国赛A题.doc,.doc
CUMCM-2004-B-001,2004,B,PAPER,1,paper directory signal,primary path is under an explicit paper/award-paper directory,PASS,2004年数学建模国赛真题+优秀论文/2004优秀论文/2004B：电力市场输电阻塞管理模型(特等奖).pdf,.pdf
CUMCM-2004-B-002,2004,B,PAPER,1,paper directory signal,primary path is under an explicit paper/award-paper directory,PASS,2004年数学建模国赛真题+优秀论文/2004优秀论文/2004B：电力市场的输电阻塞优化管理.pdf,.pdf
CUMCM-2004-B-003,2004,B,PAPER,1,paper directory signal,primary path is under an explicit paper/award-paper directory,PASS,2004年数学建模国赛真题+优秀论文/2004优秀论文/2004B：电力市场输电阻塞管理模型-武汉大学.pdf,.pdf
CUMCM-2004-B-004,2004,B,PAPER,1,paper directory signal,primary path is under an explicit paper/award-paper directory,PASS,2004年数学建模国赛真题+优秀论文/2004优秀论文/2004B：电力市场的输电阻塞管理.pdf,.pdf
CUMCM-2004-B-005,2004,B,PAPER,1,paper directory signal,primary path is under an explicit paper/award-paper directory,PASS,2004年数学建模国赛真题+优秀论文/2004优秀论文/2004B：电路模拟方法在数学建模中的应用.pdf,.pdf
CUMCM-2004-B-006,2004,B,PAPER,1,paper directory signal,primary path is under an explicit paper/award-paper directory,PASS,2004年数学建模国赛真题+优秀论文/2004优秀论文/2004B：电力市场的输电阻塞管理(2).pdf,.pdf
CUMCM-2004-B-007,2004,B,PAPER,1,paper directory signal,primary path is under an explicit paper/award-paper directory,PASS,2004年数学建模国赛真题+优秀论文/2004优秀论文/2004B：电力市场输电阻塞管理模型.pdf,.pdf
CUMCM-2004-B-008,2004,B,PROBLEM_PACKAGE,0,problem-package path evidence,problem/attachment directory signal,PASS,2004年数学建模国赛真题+优秀论文/2004年赛题/2004年国赛B题.doc,.doc
CUMCM-2004-C-001,2004,C,PROBLEM_PACKAGE,0,problem-package path evidence,problem/attachment directory signal,PASS,2004年数学建模国赛真题+优秀论文/2004年赛题/2004年国赛C题.doc,.doc
CUMCM-2004-D-001,2004,D,PROBLEM_PACKAGE,0,problem-package path evidence,problem/attachment directory signal,PASS,2004年数学建模国赛真题+优秀论文/2004年赛题/2004年国赛D题.doc,.doc
CUMCM-2005-A-001,2005,A,PAPER,1,paper directory signal,primary path is under an explicit paper/award-paper directory,PASS,2005年数学建模国赛真题+优秀论文/2005年国赛优秀论文/2005A：长江水质综合评价与预测的数学模型.pdf,.pdf
CUMCM-2005-A-002,2005,A,PAPER,1,paper directory signal,primary path is under an explicit paper/award-paper directory,PASS,2005年数学建模国赛真题+优秀论文/2005年国赛优秀论文/2005A：基于回归分析的长江水质预测与控制.pdf,.pdf
CUMCM-2005-A-003,2005,A,PAPER,1,paper directory signal,primary path is under an explicit paper/award-paper directory,PASS,2005年数学建模国赛真题+优秀论文/2005年国赛优秀论文/2005A：长江水质的评价和预测.pdf,.pdf
CUMCM-2005-A-004,2005,A,PAPER,1,paper directory signal,primary path is under an explicit paper/award-paper directory,PASS,2005年数学建模国赛真题+优秀论文/2005年国赛优秀论文/2005A：水质的评价和预测模型.pdf,.pdf
CUMCM-2005-A-005,2005,A,PAPER,1,paper directory signal,primary path is under an explicit paper/award-paper directory,PASS,2005年数学建模国赛真题+优秀论文/2005年国赛优秀论文/2005A：长江水质的评价预测模型.pdf,.pdf
CUMCM-2005-A-006,2005,A,PAPER,1,paper directory signal,primary path is under an explicit paper/award-paper directory,PASS,2005年数学建模国赛真题+优秀论文/2005年国赛优秀论文/2005A：长江水质评价和预测研究.pdf,.pdf
CUMCM-2005-A-007,2005,A,PAPER,1,paper directory signal,primary path is under an explicit paper/award-paper directory,PASS,2005年数学建模国赛真题+优秀论文/2005年国赛优秀论文/2005A：长江水质的评价预测模型及其实用性研究.pdf,.pdf
CUMCM-2005-A-008,2005,A,PROBLEM_PACKAGE,0,problem-package path evidence,problem/attachment directory signal,PASS,2005年数学建模国赛真题+优秀论文/2005年赛题/2005年国赛A题.doc,.doc
CUMCM-2005-B-001,2005,B,PROBLEM_PACKAGE,0,problem-package path evidence,problem/attachment directory signal,PASS,2005年数学建模国赛真题+优秀论文/2005年赛题/2005年国赛B题.doc,.doc
CUMCM-2005-B-002,2005,B,PAPER,1,paper directory signal,primary path is under an explicit paper/award-paper directory,PASS,2005年数学建模国赛真题+优秀论文/2005年国赛优秀论文/2005B：DVD在线租赁系统的优化设计.pdf,.pdf
CUMCM-2005-B-003,2005,B,PAPER,1,paper directory signal,primary path is under an explicit paper/award-paper directory,PASS,2005年数学建模国赛真题+优秀论文/2005年国赛优秀论文/2005B：DVD在线租赁.pdf,.pdf
CUMCM-2005-B-004,2005,B,PAPER,1,paper directory signal,primary path is under an explicit paper/award-paper directory,PASS,2005年数学建模国赛真题+优秀论文/2005年国赛优秀论文/2005B：DVD在线租赁问题.pdf,.pdf
CUMCM-2005-B-005,2005,B,PAPER,1,paper directory signal,primary path is under an explicit paper/award-paper directory,PASS,2005年数学建模国赛真题+优秀论文/2005年国赛优秀论文/2005B：DVD租赁优化方案.pdf,.pdf
CUMCM-2005-B-006,2005,B,PAPER,1,paper directory signal,primary path is under an explicit paper/award-paper directory,PASS,2005年数学建模国赛真题+优秀论文/2005年国赛优秀论文/2005B：DVD在线租赁业务中的数学模型.pdf,.pdf
CUMCM-2005-B-007,2005,B,PAPER,1,paper directory signal,primary path is under an explicit paper/award-paper directory,PASS,2005年数学建模国赛真题+优秀论文/2005年国赛优秀论文/2005B：DVD租赁问题的模型设计及求解.pdf,.pdf
CUMCM-2005-C-001,2005,C,PAPER,1,paper directory signal,primary path is under an explicit paper/award-paper directory,PASS,2005年数学建模国赛真题+优秀论文/2005年国赛优秀论文/2005C：基于插值的雨量预报评价模型.pdf,.pdf
CUMCM-2005-C-002,2005,C,PAPER,1,paper directory signal,primary path is under an explicit paper/award-paper directory,PASS,2005年数学建模国赛真题+优秀论文/2005年国赛优秀论文/2005C：雨量预报方法优劣的评价模型.pdf,.pdf
CUMCM-2005-C-003,2005,C,PROBLEM_PACKAGE,0,problem-package path evidence,problem/attachment directory signal,PASS,2005年数学建模国赛真题+优秀论文/2005年赛题/2005年国赛C题.doc,.doc
CUMCM-2005-C-004,2005,C,PAPER,1,paper directory signal,primary path is under an explicit paper/award-paper directory,PASS,2005年数学建模国赛真题+优秀论文/2005年国赛优秀论文/2005C：雨量预报方法的评价模型.pdf,.pdf
CUMCM-2005-C-005,2005,C,PAPER,1,paper directory signal,primary path is under an explicit paper/award-paper directory,PASS,2005年数学建模国赛真题+优秀论文/2005年国赛优秀论文/2005C：雨量预报方法的评价.pdf,.pdf
CUMCM-2005-C-006,2005,C,PAPER,1,paper directory signal,primary path is under an explicit paper/award-paper directory,PASS,2005年数学建模国赛真题+优秀论文/2005年国赛优秀论文/2005C：雨量预报方法的评价(1).pdf,.pdf
CUMCM-2005-D-001,2005,D,PROBLEM_PACKAGE,0,problem-package path evidence,problem/attachment directory signal,PASS,2005年数学建模国赛真题+优秀论文/2005年赛题/2005年国赛D题.doc,.doc
CUMCM-2006-A-001,2006,A,PAPER,1,paper directory signal,primary path is under an explicit paper/award-paper directory,PASS,2006年数学建模国赛真题+优秀论文/2006年优秀论文/2006A：出版社的资源配置方案.pdf,.pdf
CUMCM-2006-A-002,2006,A,PAPER,1,paper directory signal,primary path is under an explicit paper/award-paper directory,PASS,2006年数学建模国赛真题+优秀论文/2006年优秀论文/2006A：层次分析思想在出版社资源配置中的应用.pdf,.pdf
CUMCM-2006-A-003,2006,A,PAPER,1,paper directory signal,primary path is under an explicit paper/award-paper directory,PASS,2006年数学建模国赛真题+优秀论文/2006年优秀论文/2006A：出版社资源的优化配置.pdf,.pdf
CUMCM-2006-A-004,2006,A,PAPER,1,paper directory signal,primary path is under an explicit paper/award-paper directory,PASS,2006年数学建模国赛真题+优秀论文/2006年优秀论文/2006A：出版社书号的优化配置.pdf,.pdf
CUMCM-2006-A-005,2006,A,PROBLEM_PACKAGE,0,problem-package path evidence,problem/attachment directory signal,PASS,2006年数学建模国赛真题+优秀论文/2006年赛题/2006年国赛A题.doc,.doc
CUMCM-2006-A-006,2006,A,PAPER,1,paper directory signal,primary path is under an explicit paper/award-paper directory,PASS,2006年数学建模国赛真题+优秀论文/2006年优秀论文/2006A：出版社的资源优化配置.pdf,.pdf
CUMCM-2006-A-007,2006,A,PAPER,1,paper directory signal,primary path is under an explicit paper/award-paper directory,PASS,2006年数学建模国赛真题+优秀论文/2006年优秀论文/2006A：出版社资源配置的问题研究.pdf,.pdf
CUMCM-2006-B-001,2006,B,PAPER,1,paper directory signal,primary path is under an explicit paper/award-paper directory,PASS,2006年数学建模国赛真题+优秀论文/2006年优秀论文/2006B：艾滋病疗法的评价及疗效的预.pdf,.pdf
CUMCM-2006-B-002,2006,B,PAPER,1,paper directory signal,primary path is under an explicit paper/award-paper directory,PASS,2006年数学建模国赛真题+优秀论文/2006年优秀论文/2006B：艾滋病药物治疗的研究.pdf,.pdf
CUMCM-2006-B-003,2006,B,PAPER,1,paper directory signal,primary path is under an explicit paper/award-paper directory,PASS,2006年数学建模国赛真题+优秀论文/2006年优秀论文/2006B：艾滋病疗法的评价及疗效的预测（2）.pdf,.pdf
CUMCM-2006-B-004,2006,B,PAPER,1,paper directory signal,primary path is under an explicit paper/award-paper directory,PASS,2006年数学建模国赛真题+优秀论文/2006年优秀论文/2006B：艾滋病疗法的评价及疗效的预测.pdf,.pdf
CUMCM-2006-B-005,2006,B,PAPER,1,paper directory signal,primary path is under an explicit paper/award-paper directory,PASS,2006年数学建模国赛真题+优秀论文/2006年优秀论文/2006B：艾滋病疗法的评价以及疗效的预测.pdf,.pdf
CUMCM-2006-B-006,2006,B,PROBLEM_PACKAGE,0,problem-package path evidence,problem/attachment directory signal,PASS,2006年数学建模国赛真题+优秀论文/2006年赛题/2006年国赛B题.doc,.doc
CUMCM-2006-C-001,2006,C,PROBLEM_PACKAGE,0,problem-package path evidence,problem/attachment directory signal,PASS,2006年数学建模国赛真题+优秀论文/2006年赛题/2006年国赛C题.doc,.doc
CUMCM-2006-D-001,2006,D,PROBLEM_PACKAGE,0,problem-package path evidence,problem/attachment directory signal,PASS,2006年数学建模国赛真题+优秀论文/2006年赛题/2006年国赛D题.doc,.doc
CUMCM-2007-A-001,2007,A,PAPER,1,paper directory signal,primary path is under an explicit paper/award-paper directory,PASS,2007年数学建模国赛真题+优秀论文/2007年优秀论文/2007A：《中国人口增长预测模型》 (3).pdf,.pdf
CUMCM-2007-A-002,2007,A,PROBLEM_PACKAGE,0,problem-package path evidence,problem/attachment directory signal,PASS,2007年数学建模国赛真题+优秀论文/2007年赛题/2007年国赛A题App1.doc,.doc
CUMCM-2007-A-003,2007,A,PAPER,1,paper directory signal,primary path is under an explicit paper/award-paper directory,PASS,2007年数学建模国赛真题+优秀论文/2007年优秀论文/2007A：《中国人口增长预测模型的建立与分析》.pdf,.pdf
CUMCM-2007-A-004,2007,A,PAPER,1,paper directory signal,primary path is under an explicit paper/award-paper directory,PASS,2007年数学建模国赛真题+优秀论文/2007年优秀论文/2007A：《基于差分方程的人口预测模型》.pdf,.pdf
CUMCM-2007-A-005,2007,A,PAPER,1,paper directory signal,primary path is under an explicit paper/award-paper directory,PASS,2007年数学建模国赛真题+优秀论文/2007年优秀论文/2007A：《人口增长预测模型》.pdf,.pdf
CUMCM-2007-A-006,2007,A,PAPER,1,paper directory signal,primary path is under an explicit paper/award-paper directory,PASS,2007年数学建模国赛真题+优秀论文/2007年优秀论文/2007A：《中国人口增长预测模型》 (4).pdf,.pdf
CUMCM-2007-A-007,2007,A,PAPER,1,paper directory signal,primary path is under an explicit paper/award-paper directory,PASS,2007年数学建模国赛真题+优秀论文/2007年优秀论文/2007A：《中国人口增长预测模型》 (2).pdf,.pdf
CUMCM-2007-A-008,2007,A,PAPER,1,paper directory signal,primary path is under an explicit paper/award-paper directory,PASS,2007年数学建模国赛真题+优秀论文/2007年优秀论文/2007A：《基于Leslie模型的中国人口预测及模特卡罗仿真》.pdf,.pdf
CUMCM-2007-A-009,2007,A,PAPER,1,paper directory signal,primary path is under an explicit paper/award-paper directory,PASS,2007年数学建模国赛真题+优秀论文/2007年优秀论文/2007A：《丁克现象与中国人口增长》.pdf,.pdf
CUMCM-2007-A-010,2007,A,PAPER,1,paper directory signal,primary path is under an explicit paper/award-paper directory,PASS,2007年数学建模国赛真题+优秀论文/2007年优秀论文/2007A：《中国人口增长预测》.pdf,.pdf
CUMCM-2007-A-011,2007,A,PROBLEM_PACKAGE,0,problem-package path evidence,problem/attachment directory signal,PASS,2007年数学建模国赛真题+优秀论文/2007年赛题/2007年国赛A题App2.doc,.doc
CUMCM-2007-A-012,2007,A,PAPER,1,paper directory signal,primary path is under an explicit paper/award-paper directory,PASS,2007年数学建模国赛真题+优秀论文/2007年优秀论文/2007A：《中国人口增长预测模型》.pdf,.pdf
CUMCM-2007-A-013,2007,A,PAPER,1,paper directory signal,primary path is under an explicit paper/award-paper directory,PASS,2007年数学建模国赛真题+优秀论文/2007年优秀论文/2007A：《中国人口发展趋势的分析与预测》.pdf,.pdf
CUMCM-2007-A-014,2007,A,PROBLEM_PACKAGE,0,problem-package path evidence,problem/attachment directory signal,PASS,2007年数学建模国赛真题+优秀论文/2007年赛题/2007年国赛A题.doc,.doc
CUMCM-2007-A-015,2007,A,PAPER,1,paper directory signal,primary path is under an explicit paper/award-paper directory,PASS,2007年数学建模国赛真题+优秀论文/2007年优秀论文/2007A：《中国人口区域结构向量模型》.pdf,.pdf
CUMCM-2007-B-001,2007,B,PAPER,1,paper directory signal,primary path is under an explicit paper/award-paper directory,PASS,2007年数学建模国赛真题+优秀论文/2007年优秀论文/2007B：《关于多目标道路寻优问题的研究》.pdf,.pdf
CUMCM-2007-B-002,2007,B,PAPER,1,paper directory signal,primary path is under an explicit paper/award-paper directory,PASS,2007年数学建模国赛真题+优秀论文/2007年优秀论文/2007B：《乘公交，看奥运》.pdf,.pdf
CUMCM-2007-B-003,2007,B,PAPER,1,paper directory signal,primary path is under an explicit paper/award-paper directory,PASS,2007年数学建模国赛真题+优秀论文/2007年优秀论文/2007B：《公交路线的最优化选择》.pdf,.pdf
CUMCM-2007-B-004,2007,B,PAPER,1,paper directory signal,primary path is under an explicit paper/award-paper directory,PASS,2007年数学建模国赛真题+优秀论文/2007年优秀论文/2007B：《基于生成树算法的公交地铁线路选择模型》.pdf,.pdf
CUMCM-2007-B-005,2007,B,PAPER,1,paper directory signal,primary path is under an explicit paper/award-paper directory,PASS,2007年数学建模国赛真题+优秀论文/2007年优秀论文/2007B：《最佳公交路线选择模型》.pdf,.pdf
CUMCM-2007-B-006,2007,B,PAPER,1,paper directory signal,primary path is under an explicit paper/award-paper directory,PASS,2007年数学建模国赛真题+优秀论文/2007年优秀论文/2007B：《公交查询系统的最佳乘车方案研究与设计》.pdf,.pdf
CUMCM-2007-B-007,2007,B,PAPER,1,paper directory signal,primary path is under an explicit paper/award-paper directory,PASS,2007年数学建模国赛真题+优秀论文/2007年优秀论文/2007B：《公交线路选择模型》.pdf,.pdf
CUMCM-2007-B-008,2007,B,PROBLEM_PACKAGE,0,problem-package path evidence,problem/attachment directory signal,PASS,2007年数学建模国赛真题+优秀论文/2007年赛题/2007年国赛B题.doc,.doc
CUMCM-2007-B-009,2007,B,PAPER,1,paper directory signal,primary path is under an explicit paper/award-paper directory,PASS,2007年数学建模国赛真题+优秀论文/2007年优秀论文/2007B：《基于最小换乘次数的公交路线选择研究》.pdf,.pdf
CUMCM-2007-B-010,2007,B,PAPER,1,paper directory signal,primary path is under an explicit paper/award-paper directory,PASS,2007年数学建模国赛真题+优秀论文/2007年优秀论文/2007B：《最优公交线路选择》.pdf,.pdf
CUMCM-2007-B-011,2007,B,PAPER,1,paper directory signal,primary path is under an explicit paper/award-paper directory,PASS,2007年数学建模国赛真题+优秀论文/2007年优秀论文/2007B：《基于多种评价方案的公交线路选择优化模型》.pdf,.pdf
CUMCM-2007-B-012,2007,B,PAPER,1,paper directory signal,primary path is under an explicit paper/award-paper directory,PASS,2007年数学建模国赛真题+优秀论文/2007年优秀论文/2007B：《公交线路的综合选择》.pdf,.pdf
CUMCM-2007-C-001,2007,C,PAPER,1,paper directory signal,primary path is under an explicit paper/award-paper directory,PASS,2007年数学建模国赛真题+优秀论文/2007年优秀论文/2007C：《手机套餐评价模型》.pdf,.pdf
CUMCM-2007-C-002,2007,C,PAPER,1,paper directory signal,primary path is under an explicit paper/award-paper directory,PASS,2007年数学建模国赛真题+优秀论文/2007年优秀论文/2007C：《手机套餐资费问题的评价与优化设计模型》.pdf,.pdf
CUMCM-2007-C-003,2007,C,PAPER,1,paper directory signal,primary path is under an explicit paper/award-paper directory,PASS,2007年数学建模国赛真题+优秀论文/2007年优秀论文/2007C：《手机“套餐”优惠几何》.pdf,.pdf
CUMCM-2007-C-004,2007,C,PROBLEM_PACKAGE,0,problem-package path evidence,problem/attachment directory signal,PASS,2007年数学建模国赛真题+优秀论文/2007年赛题/2007年国赛C题.doc,.doc
CUMCM-2007-D-001,2007,D,PAPER,1,paper directory signal,primary path is under an explicit paper/award-paper directory,PASS,2007年数学建模国赛真题+优秀论文/2007年优秀论文/2007D：《体能测试时间安排》 (2).pdf,.pdf
CUMCM-2007-D-002,2007,D,PAPER,1,paper directory signal,primary path is under an explicit paper/award-paper directory,PASS,2007年数学建模国赛真题+优秀论文/2007年优秀论文/2007D：《体能测试时间安排》.pdf,.pdf
CUMCM-2007-D-003,2007,D,PROBLEM_PACKAGE,0,problem-package path evidence,problem/attachment directory signal,PASS,2007年数学建模国赛真题+优秀论文/2007年赛题/2007年国赛D题.doc,.doc
CUMCM-2008-A-001,2008,A,PAPER,1,paper directory signal,primary path is under an explicit paper/award-paper directory,PASS,2008年数学建模国赛真题+优秀论文/2008年优秀论文/2008A：《数码相机定位》.pdf,.pdf
CUMCM-2008-A-002,2008,A,PAPER,1,paper directory signal,primary path is under an explicit paper/award-paper directory,PASS,2008年数学建模国赛真题+优秀论文/2008年优秀论文/2008A：数码相机定位 (2).pdf,.pdf
CUMCM-2008-A-003,2008,A,PAPER,1,paper directory signal,primary path is under an explicit paper/award-paper directory,PASS,2008年数学建模国赛真题+优秀论文/2008年优秀论文/2008A：《数码相机定位算法研究》.pdf,.pdf
CUMCM-2008-A-004,2008,A,PAPER,1,paper directory signal,primary path is under an explicit paper/award-paper directory,PASS,2008年数学建模国赛真题+优秀论文/2008年优秀论文/2008A：《数码相机相对位置定位方法》.pdf,.pdf
CUMCM-2008-A-005,2008,A,PAPER,1,paper directory signal,primary path is under an explicit paper/award-paper directory,PASS,2008年数学建模国赛真题+优秀论文/2008年优秀论文/2008A：《具有仿射不变性的几何结构在相机定位中的应用》.pdf,.pdf
CUMCM-2008-A-006,2008,A,PAPER,1,paper directory signal,primary path is under an explicit paper/award-paper directory,PASS,2008年数学建模国赛真题+优秀论文/2008年优秀论文/2008A：《透视投影中圆心投影定位和双目立体系统标定》.pdf,.pdf
CUMCM-2008-A-007,2008,A,PROBLEM_PACKAGE,0,problem-package path evidence,problem/attachment directory signal,PASS,2008年数学建模国赛真题+优秀论文/2008年赛题/2008年国赛A题.doc,.doc
CUMCM-2008-A-008,2008,A,PAPER,1,paper directory signal,primary path is under an explicit paper/award-paper directory,PASS,2008年数学建模国赛真题+优秀论文/2008A：《数码相机定位》/论文/数码相机定位.pdf,.pdf
CUMCM-2008-A-009,2008,A,PAPER,1,paper directory signal,primary path is under an explicit paper/award-paper directory,PASS,2008年数学建模国赛真题+优秀论文/2008年优秀论文/2008A：数码相机定位.pdf,.pdf
CUMCM-2008-B-001,2008,B,PAPER,1,paper directory signal,primary path is under an explicit paper/award-paper directory,PASS,2008年数学建模国赛真题+优秀论文/2008年优秀论文/2008B：《高校学费合理性研究》.PDF,.pdf
CUMCM-2008-B-002,2008,B,PAPER,1,paper directory signal,primary path is under an explicit paper/award-paper directory,PASS,2008年数学建模国赛真题+优秀论文/2008年优秀论文/2008B：《高等教育学费标准探讨的最优化模型》.PDF,.pdf
CUMCM-2008-B-003,2008,B,PAPER,1,paper directory signal,primary path is under an explicit paper/award-paper directory,PASS,2008年数学建模国赛真题+优秀论文/2008年优秀论文/2008B：《高等教育学费标准探讨》 (4).pdf,.pdf
CUMCM-2008-B-004,2008,B,PAPER,1,paper directory signal,primary path is under an explicit paper/award-paper directory,PASS,2008年数学建模国赛真题+优秀论文/2008年优秀论文/2008B：《高等教育学费标准的探讨》.pdf,.pdf
CUMCM-2008-B-005,2008,B,PAPER,1,paper directory signal,primary path is under an explicit paper/award-paper directory,PASS,2008年数学建模国赛真题+优秀论文/2008年优秀论文/2008B：《高等教育学费标准探讨》.pdf,.pdf
CUMCM-2008-B-006,2008,B,PAPER,1,paper directory signal,primary path is under an explicit paper/award-paper directory,PASS,2008年数学建模国赛真题+优秀论文/2008年优秀论文/2008B：《我国高等教育收费问题的探究》.pdf,.pdf
CUMCM-2008-B-007,2008,B,PAPER,1,paper directory signal,primary path is under an explicit paper/award-paper directory,PASS,2008年数学建模国赛真题+优秀论文/2008年优秀论文/2008B：《关于高等教育学费标准的评价及建议》.PDF,.pdf
CUMCM-2008-B-008,2008,B,PROBLEM_PACKAGE,0,problem-package path evidence,problem/attachment directory signal,PASS,2008年数学建模国赛真题+优秀论文/2008年赛题/2008年国赛B题.doc,.doc
CUMCM-2008-B-009,2008,B,PAPER,1,paper directory signal,primary path is under an explicit paper/award-paper directory,PASS,2008年数学建模国赛真题+优秀论文/2008年优秀论文/2008B：《高等教育学费标准探讨》 (3).pdf,.pdf
CUMCM-2008-B-010,2008,B,PAPER,1,paper directory signal,primary path is under an explicit paper/award-paper directory,PASS,2008年数学建模国赛真题+优秀论文/2008年优秀论文/2008B：《基于BP神经网络的我国高等教育学费模型研究》.pdf,.pdf
CUMCM-2008-B-011,2008,B,PAPER,1,paper directory signal,primary path is under an explicit paper/award-paper directory,PASS,2008年数学建模国赛真题+优秀论文/2008年优秀论文/2008B：《高等教育学费标准探讨》 (2).pdf,.pdf
CUMCM-2008-B-012,2008,B,PAPER,1,paper directory signal,primary path is under an explicit paper/award-paper directory,PASS,2008年数学建模国赛真题+优秀论文/2008年优秀论文/2008B：《高等教育学费的优化模型》.pdf,.pdf
CUMCM-2008-B-013,2008,B,PAPER,1,paper directory signal,primary path is under an explicit paper/award-paper directory,PASS,2008年数学建模国赛真题+优秀论文/2008年优秀论文/2008B：《高等教育学费标准问题的研究》.pdf,.pdf
CUMCM-2008-B-014,2008,B,PAPER,1,paper directory signal,primary path is under an explicit paper/award-paper directory,PASS,2008年数学建模国赛真题+优秀论文/2008年优秀论文/2008B：《多因子影响下的高等教育学费模型》.pdf,.pdf
CUMCM-2008-C-001,2008,C,PAPER,1,paper directory signal,primary path is under an explicit paper/award-paper directory,PASS,2008年数学建模国赛真题+优秀论文/2008年优秀论文/2008C：《地面搜索的安排计划》.pdf,.pdf
CUMCM-2008-C-002,2008,C,PAPER,1,paper directory signal,primary path is under an explicit paper/award-paper directory,PASS,2008年数学建模国赛真题+优秀论文/2008年优秀论文/2008C：《地面搜索最短耗时的计算》.pdf,.pdf
CUMCM-2008-C-003,2008,C,PROBLEM_PACKAGE,0,problem-package path evidence,problem/attachment directory signal,PASS,2008年数学建模国赛真题+优秀论文/2008年赛题/2008年国赛C题.doc,.doc
CUMCM-2008-C-004,2008,C,PAPER,1,paper directory signal,primary path is under an explicit paper/award-paper directory,PASS,2008年数学建模国赛真题+优秀论文/2008年优秀论文/2008C：《地面搜索的优化模型》.pdf,.pdf
CUMCM-2008-D-001,2008,D,PROBLEM_PACKAGE,0,problem-package path evidence,problem/attachment directory signal,PASS,2008年数学建模国赛真题+优秀论文/2008年赛题/2008年国赛D题data_full.doc,.doc
CUMCM-2008-D-002,2008,D,PROBLEM_PACKAGE,0,problem-package path evidence,problem/attachment directory signal,PASS,2008年数学建模国赛真题+优秀论文/2008年赛题/2008年国赛D题.doc,.doc
CUMCM-2008-D-003,2008,D,PAPER,1,paper directory signal,primary path is under an explicit paper/award-paper directory,PASS,2008年数学建模国赛真题+优秀论文/2008年优秀论文/2008D：《NBA赛程的分析与评价》 (3).pdf,.pdf
CUMCM-2008-D-004,2008,D,PAPER,1,paper directory signal,primary path is under an explicit paper/award-paper directory,PASS,2008年数学建模国赛真题+优秀论文/2008年优秀论文/2008D：《NBA赛程的分析与评价》.pdf,.pdf
CUMCM-2008-D-005,2008,D,PAPER,1,paper directory signal,primary path is under an explicit paper/award-paper directory,PASS,2008年数学建模国赛真题+优秀论文/2008年优秀论文/2008D：《NBA赛程的分析与评价》 (2).pdf,.pdf
CUMCM-2009-A-001,2009,A,PAPER,1,paper directory signal,primary path is under an explicit paper/award-paper directory,PASS,2009年数学建模国赛真题+优秀论文/2009年优秀论文/2009A：制动器试验台的控制方法分析.pdf,.pdf
CUMCM-2009-A-002,2009,A,PAPER,1,paper directory signal,primary path is under an explicit paper/award-paper directory,PASS,2009年数学建模国赛真题+优秀论文/2009年优秀论文/2009A：制动器试验台的控制方法分析 (2).pdf,.pdf
CUMCM-2009-A-003,2009,A,PAPER,1,paper directory signal,primary path is under an explicit paper/award-paper directory,PASS,2009年数学建模国赛真题+优秀论文/2009年优秀论文/2009A：制动器试验台的计算机控制方法分析与设计.pdf,.pdf
CUMCM-2009-A-004,2009,A,PAPER,1,paper directory signal,primary path is under an explicit paper/award-paper directory,PASS,2009年数学建模国赛真题+优秀论文/2009年优秀论文/2009A：制动器试验台混合电模拟控制方法分析.pdf,.pdf
CUMCM-2009-A-005,2009,A,PAPER,1,paper directory signal,primary path is under an explicit paper/award-paper directory,PASS,2009年数学建模国赛真题+优秀论文/2009年优秀论文/2009A：制动机控制方法分析.pdf,.pdf
CUMCM-2009-A-006,2009,A,PROBLEM_PACKAGE,0,problem-package path evidence,problem/attachment directory signal,PASS,2009年数学建模国赛真题+优秀论文/2009年赛题/2009年国赛A题.doc,.doc
CUMCM-2009-A-007,2009,A,PAPER,1,paper directory signal,primary path is under an explicit paper/award-paper directory,PASS,2009年数学建模国赛真题+优秀论文/2009年优秀论文/2009A：联合制动器试验台电流控制方法的实现及改进.pdf,.pdf
CUMCM-2009-B-001,2009,B,PAPER,1,paper directory signal,primary path is under an explicit paper/award-paper directory,PASS,2009年数学建模国赛真题+优秀论文/2009年优秀论文/2009B：制动器试验台的控制方法分析.pdf,.pdf
CUMCM-2009-B-002,2009,B,PROBLEM_PACKAGE,0,problem-package path evidence,problem/attachment directory signal,PASS,2009年数学建模国赛真题+优秀论文/2009年赛题/2009年国赛B题.doc,.doc
CUMCM-2009-B-003,2009,B,PAPER,1,paper directory signal,primary path is under an explicit paper/award-paper directory,PASS,2009年数学建模国赛真题+优秀论文/2009年优秀论文/2009B：基于蒙特卡洛模拟的眼科病床安排排队模型.pdf,.pdf
CUMCM-2009-B-004,2009,B,PAPER,1,paper directory signal,primary path is under an explicit paper/award-paper directory,PASS,2009年数学建模国赛真题+优秀论文/2009年优秀论文/2009B：医院病床合理安排模型探讨.pdf,.pdf
CUMCM-2009-B-005,2009,B,PAPER,1,paper directory signal,primary path is under an explicit paper/award-paper directory,PASS,2009年数学建模国赛真题+优秀论文/2009年优秀论文/2009B：基于排队论的病床安排模型的研究.pdf,.pdf
CUMCM-2009-B-006,2009,B,PAPER,1,paper directory signal,primary path is under an explicit paper/award-paper directory,PASS,2009年数学建模国赛真题+优秀论文/2009年优秀论文/2009B：眼科病床的合理安排.pdf,.pdf
CUMCM-2009-B-007,2009,B,PAPER,1,paper directory signal,primary path is under an explicit paper/award-paper directory,PASS,2009年数学建模国赛真题+优秀论文/2009年优秀论文/2009B：眼科病床合理安排问题的模型探讨.pdf,.pdf
CUMCM-2009-B-008,2009,B,PAPER,1,paper directory signal,primary path is under an explicit paper/award-paper directory,PASS,2009年数学建模国赛真题+优秀论文/2009年优秀论文/2009B：眼科病床的合理安排模型.pdf,.pdf
CUMCM-2009-C-001,2009,C,PAPER,1,paper directory signal,primary path is under an explicit paper/award-paper directory,PASS,2009年数学建模国赛真题+优秀论文/2009年优秀论文/2009C：卫星和飞船的跟踪测控 (2).pdf,.pdf
CUMCM-2009-C-002,2009,C,PAPER,1,paper directory signal,primary path is under an explicit paper/award-paper directory,PASS,2009年数学建模国赛真题+优秀论文/2009年优秀论文/2009C：飞船的跟踪测控模型.pdf,.pdf
CUMCM-2009-C-003,2009,C,PAPER,1,paper directory signal,primary path is under an explicit paper/award-paper directory,PASS,2009年数学建模国赛真题+优秀论文/2009年优秀论文/2009C：卫星和飞船的跟踪测控模型.pdf,.pdf
CUMCM-2009-C-004,2009,C,PAPER,1,paper directory signal,primary path is under an explicit paper/award-paper directory,PASS,2009年数学建模国赛真题+优秀论文/2009年优秀论文/2009C：卫星和飞船的跟踪测控.pdf,.pdf
CUMCM-2009-C-005,2009,C,PROBLEM_PACKAGE,0,problem-package path evidence,problem/attachment directory signal,PASS,2009年数学建模国赛真题+优秀论文/2009年赛题/2009年国赛C题.doc,.doc
CUMCM-2009-C-006,2009,C,PAPER,1,paper directory signal,primary path is under an explicit paper/award-paper directory,PASS,2009年数学建模国赛真题+优秀论文/2009年优秀论文/2009C：关于对卫星和飞船跟踪的测控站分布.pdf,.pdf
CUMCM-2009-D-001,2009,D,PROBLEM_PACKAGE,0,problem-package path evidence,problem/attachment directory signal,PASS,2009年数学建模国赛真题+优秀论文/2009年赛题/2009年国赛D题.doc,.doc
CUMCM-2009-D-002,2009,D,PAPER,1,paper directory signal,primary path is under an explicit paper/award-paper directory,PASS,2009年数学建模国赛真题+优秀论文/2009年优秀论文/2009D：会议筹备的优化方案.pdf,.pdf
CUMCM-2009-D-003,2009,D,PAPER,1,paper directory signal,primary path is under an explicit paper/award-paper directory,PASS,2009年数学建模国赛真题+优秀论文/2009年优秀论文/2009D：会议筹备优化模型.pdf,.pdf
CUMCM-2009-D-004,2009,D,PAPER,1,paper directory signal,primary path is under an explicit paper/award-paper directory,PASS,2009年数学建模国赛真题+优秀论文/2009年优秀论文/2009D：会议筹备优化方案.pdf,.pdf
CUMCM-2009-D-005,2009,D,PAPER,1,paper directory signal,primary path is under an explicit paper/award-paper directory,PASS,2009年数学建模国赛真题+优秀论文/2009年优秀论文/2009D：会议筹备方案的优化设计模型.pdf,.pdf
CUMCM-2010-A-001,2010,A,PAPER,1,paper directory signal,primary path is under an explicit paper/award-paper directory,PASS,2010年数学建模国赛真题+优秀论文/2010年优秀论文/2010A：储油罐的变位识别与罐容表标定.pdf,.pdf
CUMCM-2010-A-002,2010,A,PROBLEM_PACKAGE,0,problem-package path evidence,problem/attachment directory signal,PASS,2010年数学建模国赛真题+优秀论文/2010年赛题/2010年国赛A题.doc,.doc
CUMCM-2010-A-003,2010,A,PAPER,1,paper directory signal,primary path is under an explicit paper/award-paper directory,PASS,2010年数学建模国赛真题+优秀论文/2010年优秀论文/2010A：倾斜卧式储油罐油量标定的实用方法.pdf,.pdf
CUMCM-2010-A-004,2010,A,PAPER,1,paper directory signal,primary path is under an explicit paper/award-paper directory,PASS,2010年数学建模国赛真题+优秀论文/2010年优秀论文/2010A：储油罐的变位识别与罐容表标定 (3).pdf,.pdf
CUMCM-2010-A-005,2010,A,PAPER,1,paper directory signal,primary path is under an explicit paper/award-paper directory,PASS,2010年数学建模国赛真题+优秀论文/2010年优秀论文/2010A：储油罐的变位识别与罐容表标定 (2).pdf,.pdf
CUMCM-2010-A-006,2010,A,PAPER,1,paper directory signal,primary path is under an explicit paper/award-paper directory,PASS,2010年数学建模国赛真题+优秀论文/2010年优秀论文/2010A：基于数学建模的储油罐变形监测研究.pdf,.pdf
CUMCM-2010-A-007,2010,A,PAPER,1,paper directory signal,primary path is under an explicit paper/award-paper directory,PASS,2010年数学建模国赛真题+优秀论文/2010年优秀论文/2010A：储油罐的变位识别与罐容表标定 (4).pdf,.pdf
CUMCM-2010-B-001,2010,B,PAPER,1,paper directory signal,primary path is under an explicit paper/award-paper directory,PASS,2010年数学建模国赛真题+优秀论文/2010年优秀论文/2010B：上海世博会影响力的定量评估.pdf,.pdf
CUMCM-2010-B-002,2010,B,PROBLEM_PACKAGE,0,problem-package path evidence,problem/attachment directory signal,PASS,2010年数学建模国赛真题+优秀论文/2010年赛题/2010年国赛B题.doc,.doc
CUMCM-2010-B-003,2010,B,PAPER,1,paper directory signal,primary path is under an explicit paper/award-paper directory,PASS,2010年数学建模国赛真题+优秀论文/2010年优秀论文/2010B：对上海世博会文化影响力的定量评估.pdf,.pdf
CUMCM-2010-B-004,2010,B,PAPER,1,paper directory signal,primary path is under an explicit paper/award-paper directory,PASS,2010年数学建模国赛真题+优秀论文/2010年优秀论文/2010B：世博会参观线路设计.pdf,.pdf
CUMCM-2010-B-005,2010,B,PAPER,1,paper directory signal,primary path is under an explicit paper/award-paper directory,PASS,2010年数学建模国赛真题+优秀论文/2010年优秀论文/2010B：世博会对上海旅游业的影响研究.pdf,.pdf
CUMCM-2010-B-006,2010,B,PAPER,1,paper directory signal,primary path is under an explicit paper/award-paper directory,PASS,2010年数学建模国赛真题+优秀论文/2010年优秀论文/2010B：上海世博会于文化方面影响力评估.pdf,.pdf
CUMCM-2010-C-001,2010,C,PAPER,1,paper directory signal,primary path is under an explicit paper/award-paper directory,PASS,2010年数学建模国赛真题+优秀论文/2010年优秀论文/2010C：输油管的布置（2）.pdf,.pdf
CUMCM-2010-C-002,2010,C,PAPER,1,paper directory signal,primary path is under an explicit paper/award-paper directory,PASS,2010年数学建模国赛真题+优秀论文/2010年优秀论文/2010C：输油管的布置.pdf,.pdf
CUMCM-2010-C-003,2010,C,PAPER,1,paper directory signal,primary path is under an explicit paper/award-paper directory,PASS,2010年数学建模国赛真题+优秀论文/2010年优秀论文/2010C：输油管的布置模型.pdf,.pdf
CUMCM-2010-C-004,2010,C,PAPER,1,paper directory signal,primary path is under an explicit paper/award-paper directory,PASS,2010年数学建模国赛真题+优秀论文/2010年优秀论文/2010C：输油管布置问题的优化模型.pdf,.pdf
CUMCM-2010-C-005,2010,C,PROBLEM_PACKAGE,0,problem-package path evidence,problem/attachment directory signal,PASS,2010年数学建模国赛真题+优秀论文/2010年赛题/2010年国赛C题.doc,.doc
CUMCM-2010-D-001,2010,D,PAPER,1,paper directory signal,primary path is under an explicit paper/award-paper directory,PASS,2010年数学建模国赛真题+优秀论文/2010年优秀论文/2010D：对学生宿舍设计方案的评价（1）.pdf,.pdf
CUMCM-2010-D-002,2010,D,PAPER,1,paper directory signal,primary path is under an explicit paper/award-paper directory,PASS,2010年数学建模国赛真题+优秀论文/2010年优秀论文/2010D：对学生宿舍设计方案的评价 (2).pdf,.pdf
CUMCM-2010-D-003,2010,D,PROBLEM_PACKAGE,0,problem-package path evidence,problem/attachment directory signal,PASS,2010年数学建模国赛真题+优秀论文/2010年赛题/2010年国赛D题.doc,.doc
CUMCM-2010-D-004,2010,D,PAPER,1,paper directory signal,primary path is under an explicit paper/award-paper directory,PASS,2010年数学建模国赛真题+优秀论文/2010年优秀论文/2010D：对学生宿舍设计方案的评价.pdf,.pdf
CUMCM-2010-D-005,2010,D,PAPER,1,paper directory signal,primary path is under an explicit paper/award-paper directory,PASS,2010年数学建模国赛真题+优秀论文/2010年优秀论文/2010D：学生宿舍设计方案的评价.pdf,.pdf
CUMCM-2011-A-001,2011,A,PAPER,1,paper directory signal,primary path is under an explicit paper/award-paper directory,PASS,2011年数学建模国赛真题+优秀论文/2011年优秀论文/2011A：城市表层土壤重金属污染分析（7）.pdf,.pdf
CUMCM-2011-A-002,2011,A,PAPER,1,paper directory signal,primary path is under an explicit paper/award-paper directory,PASS,2011年数学建模国赛真题+优秀论文/2011年优秀论文/2011A：城市表层土壤重金属污染分析（8）.pdf,.pdf
CUMCM-2011-A-003,2011,A,PAPER,1,Directory and filename semantics identify an award-paper research object; binary DOC content remains unextracted and therefore requires a future DOC contract,filename=2011A：城市表层土壤重金属污染分析（6）.doc; parent=2011年数学建模国赛真题+优秀论文/2011年优秀论文; membership and MF41 OLE audit,PASS,2011年数学建模国赛真题+优秀论文/2011年优秀论文/2011A：城市表层土壤重金属污染分析（6）.doc,.doc
CUMCM-2011-A-004,2011,A,PAPER,1,paper directory signal,primary path is under an explicit paper/award-paper directory,PASS,2011年数学建模国赛真题+优秀论文/2011年优秀论文/2011A：城市表层土壤重金属污染分析（1）.pdf,.pdf
CUMCM-2011-A-005,2011,A,PAPER,1,paper directory signal,primary path is under an explicit paper/award-paper directory,PASS,2011年数学建模国赛真题+优秀论文/2011年优秀论文/2011A：城市表层土壤重金属污染分析（3）.pdf,.pdf
CUMCM-2011-A-006,2011,A,PAPER,1,paper directory signal,primary path is under an explicit paper/award-paper directory,PASS,2011年数学建模国赛真题+优秀论文/2011年优秀论文/2011A：城市表层土壤重金属污染分析（4）.pdf,.pdf
CUMCM-2011-A-007,2011,A,PAPER,1,paper directory signal,primary path is under an explicit paper/award-paper directory,PASS,2011年数学建模国赛真题+优秀论文/2011年优秀论文/2011A：城市表层土壤重金属污染分析（5）.pdf,.pdf
CUMCM-2011-A-008,2011,A,PROBLEM_PACKAGE,0,problem-package path evidence,problem/attachment directory signal,PASS,2011年数学建模国赛真题+优秀论文/2011年赛题/2011年国赛A题.doc,.doc
CUMCM-2011-A-009,2011,A,PAPER,1,paper directory signal,primary path is under an explicit paper/award-paper directory,PASS,2011年数学建模国赛真题+优秀论文/2011年优秀论文/2011A：城市表层土壤重金属污染分析（2）.pdf,.pdf
CUMCM-2011-B-001,2011,B,SUPPORTING_MATERIAL,0,supporting material resolved from sibling and extension evidence,image/code/data members are not a formal paper body,PASS,2011年数学建模国赛真题+优秀论文/2011年优秀论文/2011B：交巡警服务平台的设置与调度（3）/问题一与问题三：路径分配示意图/二十三个平台时的分配图_问题三.PNG;2011年数学建模国赛真题+优秀论文/2011年优秀论文/2011B：交巡警服务平台的设置与调度（3）/问题一与问题三：路径分配示意图/二十个平台时的分配图_问题一.PNG;2011年数学建模国赛真题+优秀论文/2011年优秀论文/2011B：交巡警服务平台的设置与调度（3）/问题一与问题三：路径分配示意图/原始节点.PNG;2011年数学建模国赛真题+优秀论文/2011年优秀论文/2011B：交巡警服务平台的设置与调度（3）/问题一与问题三：路径分配示意图/带有新增节点图.jpg,
CUMCM-2011-B-002,2011,B,SUPPORTING_MATERIAL,0,supporting material resolved from sibling and extension evidence,image/code/data members are not a formal paper body,PASS,2011年数学建模国赛真题+优秀论文/2011年优秀论文/2011B：交巡警服务平台的设置与调度（3）/问题五：罪犯在各种不同速度下的围堵方案图/100.PNG;2011年数学建模国赛真题+优秀论文/2011年优秀论文/2011B：交巡警服务平台的设置与调度（3）/问题五：罪犯在各种不同速度下的围堵方案图/110.PNG;2011年数学建模国赛真题+优秀论文/2011年优秀论文/2011B：交巡警服务平台的设置与调度（3）/问题五：罪犯在各种不同速度下的围堵方案图/120.PNG;2011年数学建模国赛真题+优秀论文/2011年优秀论文/2011B：交巡警服务平台的设置与调度（3）/问题五：罪犯在各种不同速度下的围堵方案图/130.PNG;2011年数学建模国赛真题+优秀论文/2011年优秀论文/2011B：交巡警服务平台的设置与调度（3）/问题五：罪犯在各种不同速度下的围堵方案图/140.PNG;2011年数学建模国赛真题+优秀论文/2011年优秀论文/2011B：交巡警服务平台的设置与调度（3）/问题五：罪犯在各种不同速度下的围堵方案图/50.PNG;2011年数学建模国赛真题+优秀论文/2011年优秀论文/2011B：交巡警服务平台的设置与调度（3）/问题五：罪犯在各种不同速度下的围堵方案图/60.PNG;2011年数学建模国赛真题+优秀论文/2011年优秀论文/2011B：交巡警服务平台的设置与调度（3）/问题五：罪犯在各种不同速度下的围堵方案图/70.PNG;2011年数学建模国赛真题+优秀论文/2011年优秀论文/2011B：交巡警服务平台的设置与调度（3）/问题五：罪犯在各种不同速度下的围堵方案图/80.PNG;2011年数学建模国赛真题+优秀论文/2011年优秀论文/2011B：交巡警服务平台的设置与调度（3）/问题五：罪犯在各种不同速度下的围堵方案图/85.PNG;2011年数学建模国赛真题+优秀论文/2011年优秀论文/2011B：交巡警服务平台的设置与调度（3）/问题五：罪犯在各种不同速度下的围堵方案图/90.PNG;2011年数学建模国赛真题+优秀论文/2011年优秀论文/2011B：交巡警服务平台的设置与调度（3）/问题五：罪犯在各种不同速度下的围堵方案图/双重包围方案.PNG,
CUMCM-2011-B-003,2011,B,PAPER,1,unique supported PDF sibling resolved source,one PDF member among the logical identity; non-PDF sibling retained as provenance,PASS,2011年数学建模国赛真题+优秀论文/2011年优秀论文/2011B：交巡警服务平台的设置与调度（3）/交巡警服务平台的设置与调度.pdf,.pdf
CUMCM-2011-B-004,2011,B,PAPER,1,paper directory signal,primary path is under an explicit paper/award-paper directory,PASS,2011年数学建模国赛真题+优秀论文/2011年优秀论文/2011B：交巡警服务平台的设置与调度（1）.pdf,.pdf
CUMCM-2011-C-001,2011,C,PROBLEM_PACKAGE,0,problem-package path evidence,problem/attachment directory signal,PASS,2011年数学建模国赛真题+优秀论文/2011年赛题/2011年国赛C题.doc,.doc
CUMCM-2011-C-002,2011,C,PAPER,1,Directory and filename semantics identify an award-paper research object; binary DOC content remains unextracted and therefore requires a future DOC contract,filename=2011C：企业退休职工养老金制度的改革 (1).doc; parent=2011年数学建模国赛真题+优秀论文/2011年优秀论文; membership and MF41 OLE audit,PASS,2011年数学建模国赛真题+优秀论文/2011年优秀论文/2011C：企业退休职工养老金制度的改革 (1).doc,.doc
CUMCM-2011-C-003,2011,C,PAPER,1,Directory and filename semantics identify an award-paper research object; binary DOC content remains unextracted and therefore requires a future DOC contract,filename=2011C：企业退休职工养老金制度的改革 (2).doc; parent=2011年数学建模国赛真题+优秀论文/2011年优秀论文; membership and MF41 OLE audit,PASS,2011年数学建模国赛真题+优秀论文/2011年优秀论文/2011C：企业退休职工养老金制度的改革 (2).doc,.doc
CUMCM-2011-D-001,2011,D,PAPER,1,Directory and filename semantics identify an award-paper research object; binary DOC content remains unextracted and therefore requires a future DOC contract,filename=一类肠衣搭配优化问题.doc; parent=2011年数学建模国赛真题+优秀论文/2011年优秀论文/2011D：天然肠衣搭配问题(1); membership and MF41 OLE audit,PASS,2011年数学建模国赛真题+优秀论文/2011年优秀论文/2011D：天然肠衣搭配问题(1)/一类肠衣搭配优化问题.doc,.doc
CUMCM-2011-D-002,2011,D,SUPPORTING_MATERIAL,0,non-paper supporting/code/image member resolved ineligible,unsupported extension or supporting-material filename evidence,PASS,2011年数学建模国赛真题+优秀论文/2011年优秀论文/2011D：天然肠衣搭配问题(1)/规格3步骤23.lg4,.lg4
CUMCM-2011-D-003,2011,D,SUPPORTING_MATERIAL,0,non-paper supporting/code/image member resolved ineligible,unsupported extension or supporting-material filename evidence,PASS,2011年数学建模国赛真题+优秀论文/2011年优秀论文/2011D：天然肠衣搭配问题(1)/三级降二级降级12.lg4,.lg4
CUMCM-2011-D-004,2011,D,SUPPORTING_MATERIAL,0,non-paper supporting/code/image member resolved ineligible,unsupported extension or supporting-material filename evidence,PASS,2011年数学建模国赛真题+优秀论文/2011年优秀论文/2011D：天然肠衣搭配问题(1)/规格2步骤24.lg4,.lg4
CUMCM-2011-D-005,2011,D,SUPPORTING_MATERIAL,0,non-paper supporting/code/image member resolved ineligible,unsupported extension or supporting-material filename evidence,PASS,2011年数学建模国赛真题+优秀论文/2011年优秀论文/2011D：天然肠衣搭配问题(1)/规格3步骤210.lg4,.lg4
CUMCM-2011-D-006,2011,D,SUPPORTING_MATERIAL,0,non-paper supporting/code/image member resolved ineligible,unsupported extension or supporting-material filename evidence,PASS,2011年数学建模国赛真题+优秀论文/2011年优秀论文/2011D：天然肠衣搭配问题(1)/方案1规格1.lg4,.lg4
CUMCM-2011-D-007,2011,D,PAPER,1,Directory and filename semantics identify an award-paper research object; binary DOC content remains unextracted and therefore requires a future DOC contract,filename=2011D：天然肠衣搭配问题 (4).doc; parent=2011年数学建模国赛真题+优秀论文/2011年优秀论文; membership and MF41 OLE audit,PASS,2011年数学建模国赛真题+优秀论文/2011年优秀论文/2011D：天然肠衣搭配问题 (4).doc,.doc
CUMCM-2011-D-008,2011,D,SUPPORTING_MATERIAL,0,non-paper supporting/code/image member resolved ineligible,unsupported extension or supporting-material filename evidence,PASS,2011年数学建模国赛真题+优秀论文/2011年优秀论文/2011D：天然肠衣搭配问题(1)/三级降二级降级20.lg4,.lg4
CUMCM-2011-D-009,2011,D,SUPPORTING_MATERIAL,0,non-paper supporting/code/image member resolved ineligible,unsupported extension or supporting-material filename evidence,PASS,2011年数学建模国赛真题+优秀论文/2011年优秀论文/2011D：天然肠衣搭配问题(1)/方案2规格3步骤2.lg4,.lg4
CUMCM-2011-D-010,2011,D,SUPPORTING_MATERIAL,0,non-paper supporting/code/image member resolved ineligible,unsupported extension or supporting-material filename evidence,PASS,2011年数学建模国赛真题+优秀论文/2011年优秀论文/2011D：天然肠衣搭配问题(1)/降级12.lg4,.lg4
CUMCM-2011-D-011,2011,D,SUPPORTING_MATERIAL,0,non-paper supporting/code/image member resolved ineligible,unsupported extension or supporting-material filename evidence,PASS,2011年数学建模国赛真题+优秀论文/2011年优秀论文/2011D：天然肠衣搭配问题(1)/规格3步骤2.lg4,.lg4
CUMCM-2011-D-012,2011,D,SUPPORTING_MATERIAL,0,non-paper supporting/code/image member resolved ineligible,unsupported extension or supporting-material filename evidence,PASS,2011年数学建模国赛真题+优秀论文/2011年优秀论文/2011D：天然肠衣搭配问题(1)/三级降二级降级22.lg4,.lg4
CUMCM-2011-D-013,2011,D,PAPER,1,Directory and filename semantics identify an award-paper research object; binary DOC content remains unextracted and therefore requires a future DOC contract,filename=2011D：天然肠衣搭配问题 (2).doc; parent=2011年数学建模国赛真题+优秀论文/2011年优秀论文; membership and MF41 OLE audit,PASS,2011年数学建模国赛真题+优秀论文/2011年优秀论文/2011D：天然肠衣搭配问题 (2).doc,.doc
CUMCM-2011-D-014,2011,D,SUPPORTING_MATERIAL,0,non-paper supporting/code/image member resolved ineligible,unsupported extension or supporting-material filename evidence,PASS,2011年数学建模国赛真题+优秀论文/2011年优秀论文/2011D：天然肠衣搭配问题(1)/方案1规格2.lg4,.lg4
CUMCM-2011-D-015,2011,D,SUPPORTING_MATERIAL,0,non-paper supporting/code/image member resolved ineligible,unsupported extension or supporting-material filename evidence,PASS,2011年数学建模国赛真题+优秀论文/2011年优秀论文/2011D：天然肠衣搭配问题(1)/规格3步骤27.lg4,.lg4
CUMCM-2011-D-016,2011,D,SUPPORTING_MATERIAL,0,non-paper supporting/code/image member resolved ineligible,unsupported extension or supporting-material filename evidence,PASS,2011年数学建模国赛真题+优秀论文/2011年优秀论文/2011D：天然肠衣搭配问题(1)/方案2规格2步骤4.lg4,.lg4
CUMCM-2011-D-017,2011,D,SUPPORTING_MATERIAL,0,non-paper supporting/code/image member resolved ineligible,unsupported extension or supporting-material filename evidence,PASS,2011年数学建模国赛真题+优秀论文/2011年优秀论文/2011D：天然肠衣搭配问题(1)/规格3步骤5.lg4,.lg4
CUMCM-2011-D-018,2011,D,SUPPORTING_MATERIAL,0,non-paper supporting/code/image member resolved ineligible,unsupported extension or supporting-material filename evidence,PASS,2011年数学建模国赛真题+优秀论文/2011年优秀论文/2011D：天然肠衣搭配问题(1)/方案2规格2步骤3.lg4,.lg4
CUMCM-2011-D-019,2011,D,SUPPORTING_MATERIAL,0,non-paper supporting/code/image member resolved ineligible,unsupported extension or supporting-material filename evidence,PASS,2011年数学建模国赛真题+优秀论文/2011年优秀论文/2011D：天然肠衣搭配问题(1)/LINGO6.lg4,.lg4
CUMCM-2011-D-020,2011,D,SUPPORTING_MATERIAL,0,non-paper supporting/code/image member resolved ineligible,unsupported extension or supporting-material filename evidence,PASS,2011年数学建模国赛真题+优秀论文/2011年优秀论文/2011D：天然肠衣搭配问题(1)/降级11.lg4,.lg4
CUMCM-2011-D-021,2011,D,SUPPORTING_MATERIAL,0,non-paper supporting/code/image member resolved ineligible,unsupported extension or supporting-material filename evidence,PASS,2011年数学建模国赛真题+优秀论文/2011年优秀论文/2011D：天然肠衣搭配问题(1)/规格3步骤3.lg4,.lg4
CUMCM-2011-D-022,2011,D,SUPPORTING_MATERIAL,0,non-paper supporting/code/image member resolved ineligible,unsupported extension or supporting-material filename evidence,PASS,2011年数学建模国赛真题+优秀论文/2011年优秀论文/2011D：天然肠衣搭配问题(1)/方案2规格2.lg4,.lg4
CUMCM-2011-D-023,2011,D,SUPPORTING_MATERIAL,0,non-paper supporting/code/image member resolved ineligible,unsupported extension or supporting-material filename evidence,PASS,2011年数学建模国赛真题+优秀论文/2011年优秀论文/2011D：天然肠衣搭配问题(1)/规格3步骤6.lg4,.lg4
CUMCM-2011-D-024,2011,D,SUPPORTING_MATERIAL,0,non-paper supporting/code/image member resolved ineligible,unsupported extension or supporting-material filename evidence,PASS,2011年数学建模国赛真题+优秀论文/2011年优秀论文/2011D：天然肠衣搭配问题(1)/LINGO5.lg4,.lg4
CUMCM-2011-D-025,2011,D,SUPPORTING_MATERIAL,0,non-paper supporting/code/image member resolved ineligible,unsupported extension or supporting-material filename evidence,PASS,2011年数学建模国赛真题+优秀论文/2011年优秀论文/2011D：天然肠衣搭配问题(1)/二级降一级降级12.lg4,.lg4
CUMCM-2011-D-026,2011,D,SUPPORTING_MATERIAL,0,non-paper supporting/code/image member resolved ineligible,unsupported extension or supporting-material filename evidence,PASS,2011年数学建模国赛真题+优秀论文/2011年优秀论文/2011D：天然肠衣搭配问题(1)/方案2规格1.lg4,.lg4
CUMCM-2011-D-027,2011,D,SUPPORTING_MATERIAL,0,non-paper supporting/code/image member resolved ineligible,unsupported extension or supporting-material filename evidence,PASS,2011年数学建模国赛真题+优秀论文/2011年优秀论文/2011D：天然肠衣搭配问题(1)/规格2步骤21.lg4,.lg4
CUMCM-2011-D-028,2011,D,SUPPORTING_MATERIAL,0,non-paper supporting/code/image member resolved ineligible,unsupported extension or supporting-material filename evidence,PASS,2011年数学建模国赛真题+优秀论文/2011年优秀论文/2011D：天然肠衣搭配问题(1)/规格2步骤22.lg4,.lg4
CUMCM-2011-D-029,2011,D,SUPPORTING_MATERIAL,0,non-paper supporting/code/image member resolved ineligible,unsupported extension or supporting-material filename evidence,PASS,2011年数学建模国赛真题+优秀论文/2011年优秀论文/2011D：天然肠衣搭配问题(1)/规格3步骤29.lg4,.lg4
CUMCM-2011-D-030,2011,D,SUPPORTING_MATERIAL,0,non-paper supporting/code/image member resolved ineligible,unsupported extension or supporting-material filename evidence,PASS,2011年数学建模国赛真题+优秀论文/2011年优秀论文/2011D：天然肠衣搭配问题(1)/规格3步骤4.lg4,.lg4
CUMCM-2011-D-031,2011,D,SUPPORTING_MATERIAL,0,non-paper supporting/code/image member resolved ineligible,unsupported extension or supporting-material filename evidence,PASS,2011年数学建模国赛真题+优秀论文/2011年优秀论文/2011D：天然肠衣搭配问题(1)/规格2步骤23.lg4,.lg4
CUMCM-2011-D-032,2011,D,SUPPORTING_MATERIAL,0,non-paper supporting/code/image member resolved ineligible,unsupported extension or supporting-material filename evidence,PASS,2011年数学建模国赛真题+优秀论文/2011年优秀论文/2011D：天然肠衣搭配问题(1)/三级降二级降级23.lg4,.lg4
CUMCM-2011-D-033,2011,D,SUPPORTING_MATERIAL,0,non-paper supporting/code/image member resolved ineligible,unsupported extension or supporting-material filename evidence,PASS,2011年数学建模国赛真题+优秀论文/2011年优秀论文/2011D：天然肠衣搭配问题(1)/规格3步骤24.lg4,.lg4
CUMCM-2011-D-034,2011,D,SUPPORTING_MATERIAL,0,non-paper supporting/code/image member resolved ineligible,unsupported extension or supporting-material filename evidence,PASS,2011年数学建模国赛真题+优秀论文/2011年优秀论文/2011D：天然肠衣搭配问题(1)/方案2规格2步骤2.lg4,.lg4
CUMCM-2011-D-035,2011,D,SUPPORTING_MATERIAL,0,non-paper supporting/code/image member resolved ineligible,unsupported extension or supporting-material filename evidence,PASS,2011年数学建模国赛真题+优秀论文/2011年优秀论文/2011D：天然肠衣搭配问题(1)/LINGO3.lg4,.lg4
CUMCM-2011-D-036,2011,D,SUPPORTING_MATERIAL,0,non-paper supporting/code/image member resolved ineligible,unsupported extension or supporting-material filename evidence,PASS,2011年数学建模国赛真题+优秀论文/2011年优秀论文/2011D：天然肠衣搭配问题(1)/方案2规格3步骤9.lg4,.lg4
CUMCM-2011-D-037,2011,D,SUPPORTING_MATERIAL,0,non-paper supporting/code/image member resolved ineligible,unsupported extension or supporting-material filename evidence,PASS,2011年数学建模国赛真题+优秀论文/2011年优秀论文/2011D：天然肠衣搭配问题(1)/规格3步骤22.lg4,.lg4
CUMCM-2011-D-038,2011,D,SUPPORTING_MATERIAL,0,identity-only marker is not an Artifact candidate; preserve G3 identity while governing as ineligible supporting material,only PaperFileMembership is one-byte .gitkeep; parent contains no real content member,PASS,2011年数学建模国赛真题+优秀论文/2011年优秀论文/2011D：天然肠衣搭配问题(2)/.gitkeep,
CUMCM-2011-D-039,2011,D,SUPPORTING_MATERIAL,0,non-paper supporting/code/image member resolved ineligible,unsupported extension or supporting-material filename evidence,PASS,2011年数学建模国赛真题+优秀论文/2011年优秀论文/2011D：天然肠衣搭配问题(1)/规格3步骤21.lg4,.lg4
CUMCM-2011-D-040,2011,D,SUPPORTING_MATERIAL,0,non-paper supporting/code/image member resolved ineligible,unsupported extension or supporting-material filename evidence,PASS,2011年数学建模国赛真题+优秀论文/2011年优秀论文/2011D：天然肠衣搭配问题(1)/规格3步骤28.lg4,.lg4
CUMCM-2011-D-041,2011,D,SUPPORTING_MATERIAL,0,non-paper supporting/code/image member resolved ineligible,unsupported extension or supporting-material filename evidence,PASS,2011年数学建模国赛真题+优秀论文/2011年优秀论文/2011D：天然肠衣搭配问题(1)/规格3步骤7.lg4,.lg4
CUMCM-2011-D-042,2011,D,SUPPORTING_MATERIAL,0,non-paper supporting/code/image member resolved ineligible,unsupported extension or supporting-material filename evidence,PASS,2011年数学建模国赛真题+优秀论文/2011年优秀论文/2011D：天然肠衣搭配问题(1)/方案1规格3.lg4,.lg4
CUMCM-2011-D-043,2011,D,PROBLEM_PACKAGE,0,problem-package path evidence,problem/attachment directory signal,PASS,2011年数学建模国赛真题+优秀论文/2011年赛题/2011年国赛D题.doc,.doc
CUMCM-2011-D-044,2011,D,SUPPORTING_MATERIAL,0,non-paper supporting/code/image member resolved ineligible,unsupported extension or supporting-material filename evidence,PASS,2011年数学建模国赛真题+优秀论文/2011年优秀论文/2011D：天然肠衣搭配问题(1)/规格3步骤8.lg4,.lg4
CUMCM-2011-D-045,2011,D,SUPPORTING_MATERIAL,0,non-paper supporting/code/image member resolved ineligible,unsupported extension or supporting-material filename evidence,PASS,2011年数学建模国赛真题+优秀论文/2011年优秀论文/2011D：天然肠衣搭配问题(1)/封面和承诺书.doc,.doc
CUMCM-2011-D-046,2011,D,SUPPORTING_MATERIAL,0,non-paper supporting/code/image member resolved ineligible,unsupported extension or supporting-material filename evidence,PASS,2011年数学建模国赛真题+优秀论文/2011年优秀论文/2011D：天然肠衣搭配问题(1)/规格3步骤26.lg4,.lg4
CUMCM-2011-D-047,2011,D,SUPPORTING_MATERIAL,0,non-paper supporting/code/image member resolved ineligible,unsupported extension or supporting-material filename evidence,PASS,2011年数学建模国赛真题+优秀论文/2011年优秀论文/2011D：天然肠衣搭配问题(1)/方案1规格10.lg4,.lg4
CUMCM-2011-D-048,2011,D,SUPPORTING_MATERIAL,0,non-paper supporting/code/image member resolved ineligible,unsupported extension or supporting-material filename evidence,PASS,2011年数学建模国赛真题+优秀论文/2011年优秀论文/2011D：天然肠衣搭配问题(1)/规格3步骤25.lg4,.lg4
CUMCM-2011-D-049,2011,D,SUPPORTING_MATERIAL,0,non-paper supporting/code/image member resolved ineligible,unsupported extension or supporting-material filename evidence,PASS,2011年数学建模国赛真题+优秀论文/2011年优秀论文/2011D：天然肠衣搭配问题(1)/降级10.lg4,.lg4
CUMCM-2012-A-001,2012,A,PAPER,1,paper directory signal,primary path is under an explicit paper/award-paper directory,PASS,2012年数学建模国赛真题+优秀论文/2012年优秀论文/2012A：葡萄酒的评价 (3).pdf,.pdf
CUMCM-2012-A-002,2012,A,SUPPORTING_MATERIAL,0,non-paper supporting/code/image member resolved ineligible,unsupported extension or supporting-material filename evidence,PASS,2012年数学建模国赛真题+优秀论文/2012年优秀论文/2012A：葡萄酒的评价/hdjco.sas,.sas
CUMCM-2012-A-003,2012,A,PAPER,1,Directory and filename semantics identify an award-paper research object; binary DOC content remains unextracted and therefore requires a future DOC contract,filename=2012A：葡萄酒的评价 (4).doc; parent=2012年数学建模国赛真题+优秀论文/2012年优秀论文; membership and MF41 OLE audit,PASS,2012年数学建模国赛真题+优秀论文/2012年优秀论文/2012A：葡萄酒的评价 (4).doc,.doc
CUMCM-2012-A-004,2012,A,PROBLEM_PACKAGE,0,problem-package path evidence,problem/attachment directory signal,PASS,2012年数学建模国赛真题+优秀论文/2012年赛题/2012年国赛A题.doc,.doc
CUMCM-2012-A-005,2012,A,SUPPORTING_MATERIAL,0,non-paper supporting/code/image member resolved ineligible,unsupported extension or supporting-material filename evidence,PASS,2012年数学建模国赛真题+优秀论文/2012年优秀论文/2012A：葡萄酒的评价/hdjay.sas,.sas
CUMCM-2012-A-006,2012,A,PAPER,1,paper directory signal,primary path is under an explicit paper/award-paper directory,PASS,2012年数学建模国赛真题+优秀论文/2012年优秀论文/2012A：葡萄酒的评价 (2).pdf,.pdf
CUMCM-2012-A-007,2012,A,PAPER,1,paper directory signal,primary path is under an explicit paper/award-paper directory,PASS,2012年数学建模国赛真题+优秀论文/2012年优秀论文/2012A：葡萄酒的评价 (1).pdf,.pdf
CUMCM-2012-A-A285,2012,A,PAPER,1,paper directory signal,primary path is under an explicit paper/award-paper directory,PASS,2012年数学建模国赛真题+优秀论文/2012年优秀论文/2012A：葡萄酒的评价/A285.pdf,.pdf
CUMCM-2012-B-001,2012,B,PROBLEM_PACKAGE,0,problem-package path evidence,problem/attachment directory signal,PASS,2012年数学建模国赛真题+优秀论文/2012年赛题/2012年国赛B题附件（2）/东立面.jpg;2012年数学建模国赛真题+优秀论文/2012年赛题/2012年国赛B题附件（2）/北立面.jpg;2012年数学建模国赛真题+优秀论文/2012年赛题/2012年国赛B题附件（2）/南立面.jpg;2012年数学建模国赛真题+优秀论文/2012年赛题/2012年国赛B题附件（2）/西立面.jpg;2012年数学建模国赛真题+优秀论文/2012年赛题/2012年国赛B题附件（2）/透视图.jpg;2012年数学建模国赛真题+优秀论文/2012年赛题/2012年国赛B题附件（2）/顶视图.jpg,
CUMCM-2012-B-002,2012,B,SUPPORTING_MATERIAL,0,non-paper supporting/code/image member resolved ineligible,unsupported extension or supporting-material filename evidence,PASS,2012年数学建模国赛真题+优秀论文/2012年优秀论文/2012B：太阳能小屋的设计 (2)/LINGO1.lg4,.lg4
CUMCM-2012-B-003,2012,B,PROBLEM_PACKAGE,0,problem-package path evidence,problem/attachment directory signal,PASS,2012年数学建模国赛真题+优秀论文/2012年赛题/2012年国赛B题.doc,.doc
CUMCM-2012-B-004,2012,B,PAPER,1,unique supported PDF sibling resolved source,one PDF member among the logical identity; non-PDF sibling retained as provenance,PASS,2012年数学建模国赛真题+优秀论文/2012年优秀论文/2012B：太阳能小屋的设计 (3)/20121784.pdf,.pdf
CUMCM-2012-B-005,2012,B,PAPER,1,Directory and filename semantics identify an award-paper research object; binary DOC content remains unextracted and therefore requires a future DOC contract,filename=基于递归算法的建筑外表面光伏电池布局优化分析与设计.doc; parent=2012年数学建模国赛真题+优秀论文/2012年优秀论文/2012B：太阳能小屋的设计 (5); membership and MF41 OLE audit,PASS,2012年数学建模国赛真题+优秀论文/2012年优秀论文/2012B：太阳能小屋的设计 (5)/基于递归算法的建筑外表面光伏电池布局优化分析与设计.doc,.doc
CUMCM-2012-B-006,2012,B,SUPPORTING_MATERIAL,0,non-paper supporting/code/image member resolved ineligible,unsupported extension or supporting-material filename evidence,PASS,2012年数学建模国赛真题+优秀论文/2012年优秀论文/2012B：太阳能小屋的设计 (3)/附录四.lg4,.lg4
CUMCM-2012-B-007,2012,B,PAPER,1,Directory and filename semantics identify an award-paper research object; binary DOC content remains unextracted and therefore requires a future DOC contract,filename=10121505.doc; parent=2012年数学建模国赛真题+优秀论文/2012年优秀论文/2012B：太阳能小屋的设计 (2); membership and MF41 OLE audit,PASS,2012年数学建模国赛真题+优秀论文/2012年优秀论文/2012B：太阳能小屋的设计 (2)/10121505.doc,.doc
CUMCM-2012-B-B077,2012,B,PAPER,1,paper directory signal,primary path is under an explicit paper/award-paper directory,PASS,2012年数学建模国赛真题+优秀论文/2012年优秀论文/2012B：太阳能小屋的设计 (1)/B077.pdf,.pdf
CUMCM-2012-B-B149,2012,B,PAPER,1,paper directory signal,primary path is under an explicit paper/award-paper directory,PASS,2012年数学建模国赛真题+优秀论文/2012年优秀论文/2012B：太阳能小屋的设计 (4)/B149答卷.pdf,.pdf
CUMCM-2012-C-001,2012,C,SUPPORTING_MATERIAL,0,short image/plot sequence with code or shared supporting-file context and no independent paper structure,source container sibling/code context; image pages contain plots or figures rather than paper sections,PASS,2012年数学建模国赛真题+优秀论文/2012年优秀论文/2012C：脑卒中发病环境因素分析及干预 (1)/逐步回归分析/all.jpg;2012年数学建模国赛真题+优秀论文/2012年优秀论文/2012C：脑卒中发病环境因素分析及干预 (1)/逐步回归分析/out6.jpg;2012年数学建模国赛真题+优秀论文/2012年优秀论文/2012C：脑卒中发病环境因素分析及干预 (1)/逐步回归分析/out67.jpg;2012年数学建模国赛真题+优秀论文/2012年优秀论文/2012C：脑卒中发病环境因素分析及干预 (1)/逐步回归分析/zhubu.jpg,
CUMCM-2012-C-002,2012,C,PROBLEM_PACKAGE,0,problem-package path evidence,problem/attachment directory signal,PASS,2012年数学建模国赛真题+优秀论文/2012年赛题/2012年国赛C题提示.doc,.doc
CUMCM-2012-C-003,2012,C,PAPER,1,Directory and filename semantics identify an award-paper research object; binary DOC content remains unextracted and therefore requires a future DOC contract,filename=2012C：脑卒中发病环境因素分析及干预 (2).doc; parent=2012年数学建模国赛真题+优秀论文/2012年优秀论文; membership and MF41 OLE audit,PASS,2012年数学建模国赛真题+优秀论文/2012年优秀论文/2012C：脑卒中发病环境因素分析及干预 (2).doc,.doc
CUMCM-2012-C-004,2012,C,PAPER,1,Directory and filename semantics identify an award-paper research object; binary DOC content remains unextracted and therefore requires a future DOC contract,filename=基于逐步回归的脑卒中发病环境因素分析及干预模型.doc; parent=2012年数学建模国赛真题+优秀论文/2012年优秀论文/2012C：脑卒中发病环境因素分析及干预 (1); membership and MF41 OLE audit,PASS,2012年数学建模国赛真题+优秀论文/2012年优秀论文/2012C：脑卒中发病环境因素分析及干预 (1)/基于逐步回归的脑卒中发病环境因素分析及干预模型.doc,.doc
CUMCM-2012-D-001,2012,D,PAPER,1,Directory and filename semantics identify an award-paper research object; binary DOC content remains unextracted and therefore requires a future DOC contract,filename=2012D：机器人避障问题 (2).doc; parent=2012年数学建模国赛真题+优秀论文/2012年优秀论文; membership and MF41 OLE audit,PASS,2012年数学建模国赛真题+优秀论文/2012年优秀论文/2012D：机器人避障问题 (2).doc,.doc
CUMCM-2012-D-002,2012,D,SUPPORTING_MATERIAL,0,non-paper supporting/code/image member resolved ineligible,unsupported extension or supporting-material filename evidence,PASS,2012年数学建模国赛真题+优秀论文/2012年优秀论文/2012D：机器人避障问题 (1)/kxljmethod1.fig,.fig
CUMCM-2012-D-003,2012,D,SUPPORTING_MATERIAL,0,non-paper supporting/code/image member resolved ineligible,unsupported extension or supporting-material filename evidence,PASS,2012年数学建模国赛真题+优秀论文/2012年优秀论文/2012D：机器人避障问题 (1)/dykxlj1.fig,.fig
CUMCM-2012-D-004,2012,D,SUPPORTING_MATERIAL,0,non-paper supporting/code/image member resolved ineligible,unsupported extension or supporting-material filename evidence,PASS,2012年数学建模国赛真题+优秀论文/2012年优秀论文/2012D：机器人避障问题 (1)/OB.fig,.fig
CUMCM-2012-D-005,2012,D,SUPPORTING_MATERIAL,0,non-paper supporting/code/image member resolved ineligible,unsupported extension or supporting-material filename evidence,PASS,2012年数学建模国赛真题+优秀论文/2012年优秀论文/2012D：机器人避障问题 (1)/kxljmethod2.fig,.fig
CUMCM-2012-D-006,2012,D,SUPPORTING_MATERIAL,0,non-paper supporting/code/image member resolved ineligible,unsupported extension or supporting-material filename evidence,PASS,2012年数学建模国赛真题+优秀论文/2012年优秀论文/2012D：机器人避障问题 (1)/LINGO1.lg4,.lg4
CUMCM-2012-D-007,2012,D,SUPPORTING_MATERIAL,0,non-paper supporting/code/image member resolved ineligible,unsupported extension or supporting-material filename evidence,PASS,2012年数学建模国赛真题+优秀论文/2012年优秀论文/2012D：机器人避障问题 (1)/zdlj.fig,.fig
CUMCM-2012-D-008,2012,D,SUPPORTING_MATERIAL,0,non-paper supporting/code/image member resolved ineligible,unsupported extension or supporting-material filename evidence,PASS,2012年数学建模国赛真题+优秀论文/2012年优秀论文/2012D：机器人避障问题 (1)/yykxlj1.fig,.fig
CUMCM-2012-D-009,2012,D,SUPPORTING_MATERIAL,0,non-paper supporting/code/image member resolved ineligible,unsupported extension or supporting-material filename evidence,PASS,2012年数学建模国赛真题+优秀论文/2012年优秀论文/2012D：机器人避障问题 (1)/dykxlj.fig,.fig
CUMCM-2012-D-010,2012,D,SUPPORTING_MATERIAL,0,non-paper supporting/code/image member resolved ineligible,unsupported extension or supporting-material filename evidence,PASS,2012年数学建模国赛真题+优秀论文/2012年优秀论文/2012D：机器人避障问题 (1)/LINGO2.lg4,.lg4
CUMCM-2012-D-011,2012,D,SUPPORTING_MATERIAL,0,non-paper supporting/code/image member resolved ineligible,unsupported extension or supporting-material filename evidence,PASS,2012年数学建模国赛真题+优秀论文/2012年优秀论文/2012D：机器人避障问题 (1)/yykxlj.fig,.fig
CUMCM-2012-D-012,2012,D,SUPPORTING_MATERIAL,0,non-paper supporting/code/image member resolved ineligible,unsupported extension or supporting-material filename evidence,PASS,2012年数学建模国赛真题+优秀论文/2012年优秀论文/2012D：机器人避障问题 (1)/OABCO.fig,.fig
CUMCM-2012-D-013,2012,D,SUPPORTING_MATERIAL,0,non-paper supporting/code/image member resolved ineligible,unsupported extension or supporting-material filename evidence,PASS,2012年数学建模国赛真题+优秀论文/2012年优秀论文/2012D：机器人避障问题 (1)/OC.fig,.fig
CUMCM-2012-D-014,2012,D,PROBLEM_PACKAGE,0,problem-package path evidence,problem/attachment directory signal,PASS,2012年数学建模国赛真题+优秀论文/2012年赛题/2012年国赛D题.doc,.doc
CUMCM-2012-D-015,2012,D,SUPPORTING_MATERIAL,0,non-paper supporting/code/image member resolved ineligible,unsupported extension or supporting-material filename evidence,PASS,2012年数学建模国赛真题+优秀论文/2012年优秀论文/2012D：机器人避障问题 (1)/OA.fig,.fig
CUMCM-2012-D-D044,2012,D,PAPER,1,Directory and filename semantics identify an award-paper research object; binary DOC content remains unextracted and therefore requires a future DOC contract,filename=D044.doc; parent=2012年数学建模国赛真题+优秀论文/2012年优秀论文/2012D：机器人避障问题 (1); membership and MF41 OLE audit,PASS,2012年数学建模国赛真题+优秀论文/2012年优秀论文/2012D：机器人避障问题 (1)/D044.doc,.doc
CUMCM-2013-A-001,2013,A,PAPER,1,unique supported PDF sibling resolved source,one PDF member among the logical identity; non-PDF sibling retained as provenance,PASS,2013年数学建模国赛真题+优秀论文/2013A：车道被占用对城市道路通行能力的影响 (5)/基于差分方程和元胞自动机的交通阻塞模型.pdf,.pdf
CUMCM-2013-A-002,2013,A,PROBLEM_PACKAGE,0,"The source is a problem statement or appendix, not a Paper Artifact candidate.",Filename explicitly names the 2013 national contest problem or its appendix (A/C/D题). Single membership and contest-problem directory placement; no submitted-paper/team structure is present.,PASS,2013年数学建模国赛真题+优秀论文/2013年国赛A题.doc,.doc
CUMCM-2013-A-003,2013,A,PAPER,1,unique supported PDF sibling resolved source,one PDF member among the logical identity; non-PDF sibling retained as provenance,PASS,2013年数学建模国赛真题+优秀论文/2013A：车道被占用对城市道路通行能力的影响 (4)/5486.pdf,.pdf
CUMCM-2013-A-004,2013,A,PAPER,1,unique supported PDF sibling resolved source,one PDF member among the logical identity; non-PDF sibling retained as provenance,PASS,2013年数学建模国赛真题+优秀论文/2013A：车道被占用对城市道路通行能力的影响 (3)/A-13241002-黄小敏，黄程，王露.pdf,.pdf
CUMCM-2013-A-005,2013,A,PAPER,1,unique supported PDF sibling resolved source,one PDF member among the logical identity; non-PDF sibling retained as provenance,PASS,2013年数学建模国赛真题+优秀论文/2013A：车道被占用对城市道路通行能力的影响 (2)/周晨阳周登岳孔垂烨A.pdf,.pdf
CUMCM-2013-A-006,2013,A,PROBLEM_PACKAGE,0,"The source is a problem statement or appendix, not a Paper Artifact candidate.",Filename explicitly names the 2013 national contest problem or its appendix (A/C/D题). Single membership and contest-problem directory placement; no submitted-paper/team structure is present.,PASS,2013年数学建模国赛真题+优秀论文/2013年国赛A题附录.doc,.doc
CUMCM-2013-A-A0114,2013,A,PAPER,1,unique supported PDF sibling resolved source,one PDF member among the logical identity; non-PDF sibling retained as provenance,PASS,2013年数学建模国赛真题+优秀论文/2013A：车道被占用对城市道路通行能力的影响/A0114.pdf,.pdf
CUMCM-2013-B-001,2013,B,PROBLEM_PACKAGE,0,problem-package path evidence,problem/attachment directory signal,PASS,2013年数学建模国赛真题+优秀论文/2013B：碎纸片的拼接复原 (3)/B-20001040-向航，王帆，郭树璇.pdf,.pdf
CUMCM-2013-B-002,2013,B,PROBLEM_PACKAGE,0,problem-package path evidence,problem/attachment directory signal,PASS,2013年数学建模国赛真题+优秀论文/2013年国赛B题.doc,.doc
CUMCM-2013-B-003,2013,B,PROBLEM_PACKAGE,0,problem-package path evidence,problem/attachment directory signal,PASS,2013年数学建模国赛真题+优秀论文/2013B：碎纸片的拼接复原 (2)/唐隽玉，孙雪清，胡文伟.pdf,.pdf
CUMCM-2013-B-004,2013,B,PROBLEM_PACKAGE,0,problem-package path evidence,problem/attachment directory signal,PASS,2013年数学建模国赛真题+优秀论文/2013B：碎纸复原模型与算法.pdf,.pdf
CUMCM-2013-B-005,2013,B,PROBLEM_PACKAGE,0,problem-package path evidence,problem/attachment directory signal,PASS,2013年数学建模国赛真题+优秀论文/2013年国赛B题附件/000.bmp;2013年数学建模国赛真题+优秀论文/2013年国赛B题附件/001.bmp;2013年数学建模国赛真题+优秀论文/2013年国赛B题附件/002.bmp;2013年数学建模国赛真题+优秀论文/2013年国赛B题附件/003.bmp;2013年数学建模国赛真题+优秀论文/2013年国赛B题附件/004.bmp;2013年数学建模国赛真题+优秀论文/2013年国赛B题附件/005.bmp;2013年数学建模国赛真题+优秀论文/2013年国赛B题附件/006.bmp;2013年数学建模国赛真题+优秀论文/2013年国赛B题附件/007.bmp;2013年数学建模国赛真题+优秀论文/2013年国赛B题附件/008.bmp;2013年数学建模国赛真题+优秀论文/2013年国赛B题附件/009.bmp;2013年数学建模国赛真题+优秀论文/2013年国赛B题附件/010.bmp;2013年数学建模国赛真题+优秀论文/2013年国赛B题附件/011.bmp;2013年数学建模国赛真题+优秀论文/2013年国赛B题附件/012.bmp;2013年数学建模国赛真题+优秀论文/2013年国赛B题附件/013.bmp;2013年数学建模国赛真题+优秀论文/2013年国赛B题附件/014.bmp;2013年数学建模国赛真题+优秀论文/2013年国赛B题附件/015.bmp;2013年数学建模国赛真题+优秀论文/2013年国赛B题附件/016.bmp;2013年数学建模国赛真题+优秀论文/2013年国赛B题附件/017.bmp;2013年数学建模国赛真题+优秀论文/2013年国赛B题附件/018.bmp,
CUMCM-2013-B-006,2013,B,PROBLEM_PACKAGE,0,problem-package path evidence,problem/attachment directory signal,PASS,2013年数学建模国赛真题+优秀论文/2013年国赛B题附件 (5)/000a.bmp;2013年数学建模国赛真题+优秀论文/2013年国赛B题附件 (5)/000b.bmp;2013年数学建模国赛真题+优秀论文/2013年国赛B题附件 (5)/001a.bmp;2013年数学建模国赛真题+优秀论文/2013年国赛B题附件 (5)/001b.bmp;2013年数学建模国赛真题+优秀论文/2013年国赛B题附件 (5)/002a.bmp;2013年数学建模国赛真题+优秀论文/2013年国赛B题附件 (5)/002b.bmp;2013年数学建模国赛真题+优秀论文/2013年国赛B题附件 (5)/003a.bmp;2013年数学建模国赛真题+优秀论文/2013年国赛B题附件 (5)/003b.bmp;2013年数学建模国赛真题+优秀论文/2013年国赛B题附件 (5)/004a.bmp;2013年数学建模国赛真题+优秀论文/2013年国赛B题附件 (5)/004b.bmp;2013年数学建模国赛真题+优秀论文/2013年国赛B题附件 (5)/005a.bmp;2013年数学建模国赛真题+优秀论文/2013年国赛B题附件 (5)/005b.bmp;2013年数学建模国赛真题+优秀论文/2013年国赛B题附件 (5)/006a.bmp;2013年数学建模国赛真题+优秀论文/2013年国赛B题附件 (5)/006b.bmp;2013年数学建模国赛真题+优秀论文/2013年国赛B题附件 (5)/007a.bmp;2013年数学建模国赛真题+优秀论文/2013年国赛B题附件 (5)/007b.bmp;2013年数学建模国赛真题+优秀论文/2013年国赛B题附件 (5)/008a.bmp;2013年数学建模国赛真题+优秀论文/2013年国赛B题附件 (5)/008b.bmp;2013年数学建模国赛真题+优秀论文/2013年国赛B题附件 (5)/009a.bmp;2013年数学建模国赛真题+优秀论文/2013年国赛B题附件 (5)/009b.bmp;2013年数学建模国赛真题+优秀论文/2013年国赛B题附件 (5)/010a.bmp;2013年数学建模国赛真题+优秀论文/2013年国赛B题附件 (5)/010b.bmp;2013年数学建模国赛真题+优秀论文/2013年国赛B题附件 (5)/011a.bmp;2013年数学建模国赛真题+优秀论文/2013年国赛B题附件 (5)/011b.bmp;2013年数学建模国赛真题+优秀论文/2013年国赛B题附件 (5)/012a.bmp;2013年数学建模国赛真题+优秀论文/2013年国赛B题附件 (5)/012b.bmp;2013年数学建模国赛真题+优秀论文/2013年国赛B题附件 (5)/013a.bmp;2013年数学建模国赛真题+优秀论文/2013年国赛B题附件 (5)/013b.bmp;2013年数学建模国赛真题+优秀论文/2013年国赛B题附件 (5)/014a.bmp;2013年数学建模国赛真题+优秀论文/2013年国赛B题附件 (5)/014b.bmp;2013年数学建模国赛真题+优秀论文/2013年国赛B题附件 (5)/015a.bmp;2013年数学建模国赛真题+优秀论文/2013年国赛B题附件 (5)/015b.bmp;2013年数学建模国赛真题+优秀论文/2013年国赛B题附件 (5)/016a.bmp;2013年数学建模国赛真题+优秀论文/2013年国赛B题附件 (5)/016b.bmp;2013年数学建模国赛真题+优秀论文/2013年国赛B题附件 (5)/017a.bmp;2013年数学建模国赛真题+优秀论文/2013年国赛B题附件 (5)/017b.bmp;2013年数学建模国赛真题+优秀论文/2013年国赛B题附件 (5)/018a.bmp;2013年数学建模国赛真题+优秀论文/2013年国赛B题附件 (5)/018b.bmp;2013年数学建模国赛真题+优秀论文/2013年国赛B题附件 (5)/019a.bmp;2013年数学建模国赛真题+优秀论文/2013年国赛B题附件 (5)/019b.bmp;2013年数学建模国赛真题+优秀论文/2013年国赛B题附件 (5)/020a.bmp;2013年数学建模国赛真题+优秀论文/2013年国赛B题附件 (5)/020b.bmp;2013年数学建模国赛真题+优秀论文/2013年国赛B题附件 (5)/021a.bmp;2013年数学建模国赛真题+优秀论文/2013年国赛B题附件 (5)/021b.bmp;2013年数学建模国赛真题+优秀论文/2013年国赛B题附件 (5)/022a.bmp;2013年数学建模国赛真题+优秀论文/2013年国赛B题附件 (5)/022b.bmp;2013年数学建模国赛真题+优秀论文/2013年国赛B题附件 (5)/023a.bmp;2013年数学建模国赛真题+优秀论文/2013年国赛B题附件 (5)/023b.bmp;2013年数学建模国赛真题+优秀论文/2013年国赛B题附件 (5)/024a.bmp;2013年数学建模国赛真题+优秀论文/2013年国赛B题附件 (5)/024b.bmp;2013年数学建模国赛真题+优秀论文/2013年国赛B题附件 (5)/025a.bmp;2013年数学建模国赛真题+优秀论文/2013年国赛B题附件 (5)/025b.bmp;2013年数学建模国赛真题+优秀论文/2013年国赛B题附件 (5)/026a.bmp;2013年数学建模国赛真题+优秀论文/2013年国赛B题附件 (5)/026b.bmp;2013年数学建模国赛真题+优秀论文/2013年国赛B题附件 (5)/027a.bmp;2013年数学建模国赛真题+优秀论文/2013年国赛B题附件 (5)/027b.bmp;2013年数学建模国赛真题+优秀论文/2013年国赛B题附件 (5)/028a.bmp;2013年数学建模国赛真题+优秀论文/2013年国赛B题附件 (5)/028b.bmp;2013年数学建模国赛真题+优秀论文/2013年国赛B题附件 (5)/029a.bmp;2013年数学建模国赛真题+优秀论文/2013年国赛B题附件 (5)/029b.bmp;2013年数学建模国赛真题+优秀论文/2013年国赛B题附件 (5)/030a.bmp;2013年数学建模国赛真题+优秀论文/2013年国赛B题附件 (5)/030b.bmp;2013年数学建模国赛真题+优秀论文/2013年国赛B题附件 (5)/031a.bmp;2013年数学建模国赛真题+优秀论文/2013年国赛B题附件 (5)/031b.bmp;2013年数学建模国赛真题+优秀论文/2013年国赛B题附件 (5)/032a.bmp;2013年数学建模国赛真题+优秀论文/2013年国赛B题附件 (5)/032b.bmp;2013年数学建模国赛真题+优秀论文/2013年国赛B题附件 (5)/033a.bmp;2013年数学建模国赛真题+优秀论文/2013年国赛B题附件 (5)/033b.bmp;2013年数学建模国赛真题+优秀论文/2013年国赛B题附件 (5)/034a.bmp;2013年数学建模国赛真题+优秀论文/2013年国赛B题附件 (5)/034b.bmp;2013年数学建模国赛真题+优秀论文/2013年国赛B题附件 (5)/035a.bmp;2013年数学建模国赛真题+优秀论文/2013年国赛B题附件 (5)/035b.bmp;2013年数学建模国赛真题+优秀论文/2013年国赛B题附件 (5)/036a.bmp;2013年数学建模国赛真题+优秀论文/2013年国赛B题附件 (5)/036b.bmp;2013年数学建模国赛真题+优秀论文/2013年国赛B题附件 (5)/037a.bmp;2013年数学建模国赛真题+优秀论文/2013年国赛B题附件 (5)/037b.bmp;2013年数学建模国赛真题+优秀论文/2013年国赛B题附件 (5)/038a.bmp;2013年数学建模国赛真题+优秀论文/2013年国赛B题附件 (5)/038b.bmp;2013年数学建模国赛真题+优秀论文/2013年国赛B题附件 (5)/039a.bmp;2013年数学建模国赛真题+优秀论文/2013年国赛B题附件 (5)/039b.bmp;2013年数学建模国赛真题+优秀论文/2013年国赛B题附件 (5)/040a.bmp;2013年数学建模国赛真题+优秀论文/2013年国赛B题附件 (5)/040b.bmp;2013年数学建模国赛真题+优秀论文/2013年国赛B题附件 (5)/041a.bmp;2013年数学建模国赛真题+优秀论文/2013年国赛B题附件 (5)/041b.bmp;2013年数学建模国赛真题+优秀论文/2013年国赛B题附件 (5)/042a.bmp;2013年数学建模国赛真题+优秀论文/2013年国赛B题附件 (5)/042b.bmp;2013年数学建模国赛真题+优秀论文/2013年国赛B题附件 (5)/043a.bmp;2013年数学建模国赛真题+优秀论文/2013年国赛B题附件 (5)/043b.bmp;2013年数学建模国赛真题+优秀论文/2013年国赛B题附件 (5)/044a.bmp;2013年数学建模国赛真题+优秀论文/2013年国赛B题附件 (5)/044b.bmp;2013年数学建模国赛真题+优秀论文/2013年国赛B题附件 (5)/045a.bmp;2013年数学建模国赛真题+优秀论文/2013年国赛B题附件 (5)/045b.bmp;2013年数学建模国赛真题+优秀论文/2013年国赛B题附件 (5)/046a.bmp;2013年数学建模国赛真题+优秀论文/2013年国赛B题附件 (5)/046b.bmp;2013年数学建模国赛真题+优秀论文/2013年国赛B题附件 (5)/047a.bmp;2013年数学建模国赛真题+优秀论文/2013年国赛B题附件 (5)/047b.bmp;2013年数学建模国赛真题+优秀论文/2013年国赛B题附件 (5)/048a.bmp;2013年数学建模国赛真题+优秀论文/2013年国赛B题附件 (5)/048b.bmp;2013年数学建模国赛真题+优秀论文/2013年国赛B题附件 (5)/049a.bmp;2013年数学建模国赛真题+优秀论文/2013年国赛B题附件 (5)/049b.bmp;2013年数学建模国赛真题+优秀论文/2013年国赛B题附件 (5)/050a.bmp;2013年数学建模国赛真题+优秀论文/2013年国赛B题附件 (5)/050b.bmp;2013年数学建模国赛真题+优秀论文/2013年国赛B题附件 (5)/051a.bmp;2013年数学建模国赛真题+优秀论文/2013年国赛B题附件 (5)/051b.bmp;2013年数学建模国赛真题+优秀论文/2013年国赛B题附件 (5)/052a.bmp;2013年数学建模国赛真题+优秀论文/2013年国赛B题附件 (5)/052b.bmp;2013年数学建模国赛真题+优秀论文/2013年国赛B题附件 (5)/053a.bmp;2013年数学建模国赛真题+优秀论文/2013年国赛B题附件 (5)/053b.bmp;2013年数学建模国赛真题+优秀论文/2013年国赛B题附件 (5)/054a.bmp;2013年数学建模国赛真题+优秀论文/2013年国赛B题附件 (5)/054b.bmp;2013年数学建模国赛真题+优秀论文/2013年国赛B题附件 (5)/055a.bmp;2013年数学建模国赛真题+优秀论文/2013年国赛B题附件 (5)/055b.bmp;2013年数学建模国赛真题+优秀论文/2013年国赛B题附件 (5)/056a.bmp;2013年数学建模国赛真题+优秀论文/2013年国赛B题附件 (5)/056b.bmp;2013年数学建模国赛真题+优秀论文/2013年国赛B题附件 (5)/057a.bmp;2013年数学建模国赛真题+优秀论文/2013年国赛B题附件 (5)/057b.bmp;2013年数学建模国赛真题+优秀论文/2013年国赛B题附件 (5)/058a.bmp;2013年数学建模国赛真题+优秀论文/2013年国赛B题附件 (5)/058b.bmp;2013年数学建模国赛真题+优秀论文/2013年国赛B题附件 (5)/059a.bmp;2013年数学建模国赛真题+优秀论文/2013年国赛B题附件 (5)/059b.bmp;2013年数学建模国赛真题+优秀论文/2013年国赛B题附件 (5)/060a.bmp;2013年数学建模国赛真题+优秀论文/2013年国赛B题附件 (5)/060b.bmp;2013年数学建模国赛真题+优秀论文/2013年国赛B题附件 (5)/061a.bmp;2013年数学建模国赛真题+优秀论文/2013年国赛B题附件 (5)/061b.bmp;2013年数学建模国赛真题+优秀论文/2013年国赛B题附件 (5)/062a.bmp;2013年数学建模国赛真题+优秀论文/2013年国赛B题附件 (5)/062b.bmp;2013年数学建模国赛真题+优秀论文/2013年国赛B题附件 (5)/063a.bmp;2013年数学建模国赛真题+优秀论文/2013年国赛B题附件 (5)/063b.bmp;2013年数学建模国赛真题+优秀论文/2013年国赛B题附件 (5)/064a.bmp;2013年数学建模国赛真题+优秀论文/2013年国赛B题附件 (5)/064b.bmp;2013年数学建模国赛真题+优秀论文/2013年国赛B题附件 (5)/065a.bmp;2013年数学建模国赛真题+优秀论文/2013年国赛B题附件 (5)/065b.bmp;2013年数学建模国赛真题+优秀论文/2013年国赛B题附件 (5)/066a.bmp;2013年数学建模国赛真题+优秀论文/2013年国赛B题附件 (5)/066b.bmp;2013年数学建模国赛真题+优秀论文/2013年国赛B题附件 (5)/067a.bmp;2013年数学建模国赛真题+优秀论文/2013年国赛B题附件 (5)/067b.bmp;2013年数学建模国赛真题+优秀论文/2013年国赛B题附件 (5)/068a.bmp;2013年数学建模国赛真题+优秀论文/2013年国赛B题附件 (5)/068b.bmp;2013年数学建模国赛真题+优秀论文/2013年国赛B题附件 (5)/069a.bmp;2013年数学建模国赛真题+优秀论文/2013年国赛B题附件 (5)/069b.bmp;2013年数学建模国赛真题+优秀论文/2013年国赛B题附件 (5)/070a.bmp;2013年数学建模国赛真题+优秀论文/2013年国赛B题附件 (5)/070b.bmp;2013年数学建模国赛真题+优秀论文/2013年国赛B题附件 (5)/071a.bmp;2013年数学建模国赛真题+优秀论文/2013年国赛B题附件 (5)/071b.bmp;2013年数学建模国赛真题+优秀论文/2013年国赛B题附件 (5)/072a.bmp;2013年数学建模国赛真题+优秀论文/2013年国赛B题附件 (5)/072b.bmp;2013年数学建模国赛真题+优秀论文/2013年国赛B题附件 (5)/073a.bmp;2013年数学建模国赛真题+优秀论文/2013年国赛B题附件 (5)/073b.bmp;2013年数学建模国赛真题+优秀论文/2013年国赛B题附件 (5)/074a.bmp;2013年数学建模国赛真题+优秀论文/2013年国赛B题附件 (5)/074b.bmp;2013年数学建模国赛真题+优秀论文/2013年国赛B题附件 (5)/075a.bmp;2013年数学建模国赛真题+优秀论文/2013年国赛B题附件 (5)/075b.bmp;2013年数学建模国赛真题+优秀论文/2013年国赛B题附件 (5)/076a.bmp;2013年数学建模国赛真题+优秀论文/2013年国赛B题附件 (5)/076b.bmp;2013年数学建模国赛真题+优秀论文/2013年国赛B题附件 (5)/077a.bmp;2013年数学建模国赛真题+优秀论文/2013年国赛B题附件 (5)/077b.bmp;2013年数学建模国赛真题+优秀论文/2013年国赛B题附件 (5)/078a.bmp;2013年数学建模国赛真题+优秀论文/2013年国赛B题附件 (5)/078b.bmp;2013年数学建模国赛真题+优秀论文/2013年国赛B题附件 (5)/079a.bmp;2013年数学建模国赛真题+优秀论文/2013年国赛B题附件 (5)/079b.bmp;2013年数学建模国赛真题+优秀论文/2013年国赛B题附件 (5)/080a.bmp;2013年数学建模国赛真题+优秀论文/2013年国赛B题附件 (5)/080b.bmp;2013年数学建模国赛真题+优秀论文/2013年国赛B题附件 (5)/081a.bmp;2013年数学建模国赛真题+优秀论文/2013年国赛B题附件 (5)/081b.bmp;2013年数学建模国赛真题+优秀论文/2013年国赛B题附件 (5)/082a.bmp;2013年数学建模国赛真题+优秀论文/2013年国赛B题附件 (5)/082b.bmp;2013年数学建模国赛真题+优秀论文/2013年国赛B题附件 (5)/083a.bmp;2013年数学建模国赛真题+优秀论文/2013年国赛B题附件 (5)/083b.bmp;2013年数学建模国赛真题+优秀论文/2013年国赛B题附件 (5)/084a.bmp;2013年数学建模国赛真题+优秀论文/2013年国赛B题附件 (5)/084b.bmp;2013年数学建模国赛真题+优秀论文/2013年国赛B题附件 (5)/085a.bmp;2013年数学建模国赛真题+优秀论文/2013年国赛B题附件 (5)/085b.bmp;2013年数学建模国赛真题+优秀论文/2013年国赛B题附件 (5)/086a.bmp;2013年数学建模国赛真题+优秀论文/2013年国赛B题附件 (5)/086b.bmp;2013年数学建模国赛真题+优秀论文/2013年国赛B题附件 (5)/087a.bmp;2013年数学建模国赛真题+优秀论文/2013年国赛B题附件 (5)/087b.bmp;2013年数学建模国赛真题+优秀论文/2013年国赛B题附件 (5)/088a.bmp;2013年数学建模国赛真题+优秀论文/2013年国赛B题附件 (5)/088b.bmp;2013年数学建模国赛真题+优秀论文/2013年国赛B题附件 (5)/089a.bmp;2013年数学建模国赛真题+优秀论文/2013年国赛B题附件 (5)/089b.bmp;2013年数学建模国赛真题+优秀论文/2013年国赛B题附件 (5)/090a.bmp;2013年数学建模国赛真题+优秀论文/2013年国赛B题附件 (5)/090b.bmp;2013年数学建模国赛真题+优秀论文/2013年国赛B题附件 (5)/091a.bmp;2013年数学建模国赛真题+优秀论文/2013年国赛B题附件 (5)/091b.bmp;2013年数学建模国赛真题+优秀论文/2013年国赛B题附件 (5)/092a.bmp;2013年数学建模国赛真题+优秀论文/2013年国赛B题附件 (5)/092b.bmp;2013年数学建模国赛真题+优秀论文/2013年国赛B题附件 (5)/093a.bmp;2013年数学建模国赛真题+优秀论文/2013年国赛B题附件 (5)/093b.bmp;2013年数学建模国赛真题+优秀论文/2013年国赛B题附件 (5)/094a.bmp;2013年数学建模国赛真题+优秀论文/2013年国赛B题附件 (5)/094b.bmp;2013年数学建模国赛真题+优秀论文/2013年国赛B题附件 (5)/095a.bmp;2013年数学建模国赛真题+优秀论文/2013年国赛B题附件 (5)/095b.bmp;2013年数学建模国赛真题+优秀论文/2013年国赛B题附件 (5)/096a.bmp;2013年数学建模国赛真题+优秀论文/2013年国赛B题附件 (5)/096b.bmp;2013年数学建模国赛真题+优秀论文/2013年国赛B题附件 (5)/097a.bmp;2013年数学建模国赛真题+优秀论文/2013年国赛B题附件 (5)/097b.bmp;2013年数学建模国赛真题+优秀论文/2013年国赛B题附件 (5)/098a.bmp;2013年数学建模国赛真题+优秀论文/2013年国赛B题附件 (5)/098b.bmp;2013年数学建模国赛真题+优秀论文/2013年国赛B题附件 (5)/099a.bmp;2013年数学建模国赛真题+优秀论文/2013年国赛B题附件 (5)/099b.bmp;2013年数学建模国赛真题+优秀论文/2013年国赛B题附件 (5)/100a.bmp;2013年数学建模国赛真题+优秀论文/2013年国赛B题附件 (5)/100b.bmp;2013年数学建模国赛真题+优秀论文/2013年国赛B题附件 (5)/101a.bmp;2013年数学建模国赛真题+优秀论文/2013年国赛B题附件 (5)/101b.bmp;2013年数学建模国赛真题+优秀论文/2013年国赛B题附件 (5)/102a.bmp;2013年数学建模国赛真题+优秀论文/2013年国赛B题附件 (5)/102b.bmp;2013年数学建模国赛真题+优秀论文/2013年国赛B题附件 (5)/103a.bmp;2013年数学建模国赛真题+优秀论文/2013年国赛B题附件 (5)/103b.bmp;2013年数学建模国赛真题+优秀论文/2013年国赛B题附件 (5)/104a.bmp;2013年数学建模国赛真题+优秀论文/2013年国赛B题附件 (5)/104b.bmp;2013年数学建模国赛真题+优秀论文/2013年国赛B题附件 (5)/105a.bmp;2013年数学建模国赛真题+优秀论文/2013年国赛B题附件 (5)/105b.bmp;2013年数学建模国赛真题+优秀论文/2013年国赛B题附件 (5)/106a.bmp;2013年数学建模国赛真题+优秀论文/2013年国赛B题附件 (5)/106b.bmp;2013年数学建模国赛真题+优秀论文/2013年国赛B题附件 (5)/107a.bmp;2013年数学建模国赛真题+优秀论文/2013年国赛B题附件 (5)/107b.bmp;2013年数学建模国赛真题+优秀论文/2013年国赛B题附件 (5)/108a.bmp;2013年数学建模国赛真题+优秀论文/2013年国赛B题附件 (5)/108b.bmp;2013年数学建模国赛真题+优秀论文/2013年国赛B题附件 (5)/109a.bmp;2013年数学建模国赛真题+优秀论文/2013年国赛B题附件 (5)/109b.bmp;2013年数学建模国赛真题+优秀论文/2013年国赛B题附件 (5)/110a.bmp;2013年数学建模国赛真题+优秀论文/2013年国赛B题附件 (5)/110b.bmp;2013年数学建模国赛真题+优秀论文/2013年国赛B题附件 (5)/111a.bmp;2013年数学建模国赛真题+优秀论文/2013年国赛B题附件 (5)/111b.bmp;2013年数学建模国赛真题+优秀论文/2013年国赛B题附件 (5)/112a.bmp;2013年数学建模国赛真题+优秀论文/2013年国赛B题附件 (5)/112b.bmp;2013年数学建模国赛真题+优秀论文/2013年国赛B题附件 (5)/113a.bmp;2013年数学建模国赛真题+优秀论文/2013年国赛B题附件 (5)/113b.bmp;2013年数学建模国赛真题+优秀论文/2013年国赛B题附件 (5)/114a.bmp;2013年数学建模国赛真题+优秀论文/2013年国赛B题附件 (5)/114b.bmp;2013年数学建模国赛真题+优秀论文/2013年国赛B题附件 (5)/115a.bmp;2013年数学建模国赛真题+优秀论文/2013年国赛B题附件 (5)/115b.bmp;2013年数学建模国赛真题+优秀论文/2013年国赛B题附件 (5)/116a.bmp;2013年数学建模国赛真题+优秀论文/2013年国赛B题附件 (5)/116b.bmp;2013年数学建模国赛真题+优秀论文/2013年国赛B题附件 (5)/117a.bmp;2013年数学建模国赛真题+优秀论文/2013年国赛B题附件 (5)/117b.bmp;2013年数学建模国赛真题+优秀论文/2013年国赛B题附件 (5)/118a.bmp;2013年数学建模国赛真题+优秀论文/2013年国赛B题附件 (5)/118b.bmp;2013年数学建模国赛真题+优秀论文/2013年国赛B题附件 (5)/119a.bmp;2013年数学建模国赛真题+优秀论文/2013年国赛B题附件 (5)/119b.bmp;2013年数学建模国赛真题+优秀论文/2013年国赛B题附件 (5)/120a.bmp;2013年数学建模国赛真题+优秀论文/2013年国赛B题附件 (5)/120b.bmp;2013年数学建模国赛真题+优秀论文/2013年国赛B题附件 (5)/121a.bmp;2013年数学建模国赛真题+优秀论文/2013年国赛B题附件 (5)/121b.bmp;2013年数学建模国赛真题+优秀论文/2013年国赛B题附件 (5)/122a.bmp;2013年数学建模国赛真题+优秀论文/2013年国赛B题附件 (5)/122b.bmp;2013年数学建模国赛真题+优秀论文/2013年国赛B题附件 (5)/123a.bmp;2013年数学建模国赛真题+优秀论文/2013年国赛B题附件 (5)/123b.bmp;2013年数学建模国赛真题+优秀论文/2013年国赛B题附件 (5)/124a.bmp;2013年数学建模国赛真题+优秀论文/2013年国赛B题附件 (5)/124b.bmp;2013年数学建模国赛真题+优秀论文/2013年国赛B题附件 (5)/125a.bmp;2013年数学建模国赛真题+优秀论文/2013年国赛B题附件 (5)/125b.bmp;2013年数学建模国赛真题+优秀论文/2013年国赛B题附件 (5)/126a.bmp;2013年数学建模国赛真题+优秀论文/2013年国赛B题附件 (5)/126b.bmp;2013年数学建模国赛真题+优秀论文/2013年国赛B题附件 (5)/127a.bmp;2013年数学建模国赛真题+优秀论文/2013年国赛B题附件 (5)/127b.bmp;2013年数学建模国赛真题+优秀论文/2013年国赛B题附件 (5)/128a.bmp;2013年数学建模国赛真题+优秀论文/2013年国赛B题附件 (5)/128b.bmp;2013年数学建模国赛真题+优秀论文/2013年国赛B题附件 (5)/129a.bmp;2013年数学建模国赛真题+优秀论文/2013年国赛B题附件 (5)/129b.bmp;2013年数学建模国赛真题+优秀论文/2013年国赛B题附件 (5)/130a.bmp;2013年数学建模国赛真题+优秀论文/2013年国赛B题附件 (5)/130b.bmp;2013年数学建模国赛真题+优秀论文/2013年国赛B题附件 (5)/131a.bmp;2013年数学建模国赛真题+优秀论文/2013年国赛B题附件 (5)/131b.bmp;2013年数学建模国赛真题+优秀论文/2013年国赛B题附件 (5)/132a.bmp;2013年数学建模国赛真题+优秀论文/2013年国赛B题附件 (5)/132b.bmp;2013年数学建模国赛真题+优秀论文/2013年国赛B题附件 (5)/133a.bmp;2013年数学建模国赛真题+优秀论文/2013年国赛B题附件 (5)/133b.bmp;2013年数学建模国赛真题+优秀论文/2013年国赛B题附件 (5)/134a.bmp;2013年数学建模国赛真题+优秀论文/2013年国赛B题附件 (5)/134b.bmp;2013年数学建模国赛真题+优秀论文/2013年国赛B题附件 (5)/135a.bmp;2013年数学建模国赛真题+优秀论文/2013年国赛B题附件 (5)/135b.bmp;2013年数学建模国赛真题+优秀论文/2013年国赛B题附件 (5)/136a.bmp;2013年数学建模国赛真题+优秀论文/2013年国赛B题附件 (5)/136b.bmp;2013年数学建模国赛真题+优秀论文/2013年国赛B题附件 (5)/137a.bmp;2013年数学建模国赛真题+优秀论文/2013年国赛B题附件 (5)/137b.bmp;2013年数学建模国赛真题+优秀论文/2013年国赛B题附件 (5)/138a.bmp;2013年数学建模国赛真题+优秀论文/2013年国赛B题附件 (5)/138b.bmp;2013年数学建模国赛真题+优秀论文/2013年国赛B题附件 (5)/139a.bmp;2013年数学建模国赛真题+优秀论文/2013年国赛B题附件 (5)/139b.bmp;2013年数学建模国赛真题+优秀论文/2013年国赛B题附件 (5)/140a.bmp;2013年数学建模国赛真题+优秀论文/2013年国赛B题附件 (5)/140b.bmp;2013年数学建模国赛真题+优秀论文/2013年国赛B题附件 (5)/141a.bmp;2013年数学建模国赛真题+优秀论文/2013年国赛B题附件 (5)/141b.bmp;2013年数学建模国赛真题+优秀论文/2013年国赛B题附件 (5)/142a.bmp;2013年数学建模国赛真题+优秀论文/2013年国赛B题附件 (5)/142b.bmp;2013年数学建模国赛真题+优秀论文/2013年国赛B题附件 (5)/143a.bmp;2013年数学建模国赛真题+优秀论文/2013年国赛B题附件 (5)/143b.bmp;2013年数学建模国赛真题+优秀论文/2013年国赛B题附件 (5)/144a.bmp;2013年数学建模国赛真题+优秀论文/2013年国赛B题附件 (5)/144b.bmp;2013年数学建模国赛真题+优秀论文/2013年国赛B题附件 (5)/145a.bmp;2013年数学建模国赛真题+优秀论文/2013年国赛B题附件 (5)/145b.bmp;2013年数学建模国赛真题+优秀论文/2013年国赛B题附件 (5)/146a.bmp;2013年数学建模国赛真题+优秀论文/2013年国赛B题附件 (5)/146b.bmp;2013年数学建模国赛真题+优秀论文/2013年国赛B题附件 (5)/147a.bmp;2013年数学建模国赛真题+优秀论文/2013年国赛B题附件 (5)/147b.bmp;2013年数学建模国赛真题+优秀论文/2013年国赛B题附件 (5)/148a.bmp;2013年数学建模国赛真题+优秀论文/2013年国赛B题附件 (5)/148b.bmp;2013年数学建模国赛真题+优秀论文/2013年国赛B题附件 (5)/149a.bmp;2013年数学建模国赛真题+优秀论文/2013年国赛B题附件 (5)/149b.bmp;2013年数学建模国赛真题+优秀论文/2013年国赛B题附件 (5)/150a.bmp;2013年数学建模国赛真题+优秀论文/2013年国赛B题附件 (5)/150b.bmp;2013年数学建模国赛真题+优秀论文/2013年国赛B题附件 (5)/151a.bmp;2013年数学建模国赛真题+优秀论文/2013年国赛B题附件 (5)/151b.bmp;2013年数学建模国赛真题+优秀论文/2013年国赛B题附件 (5)/152a.bmp;2013年数学建模国赛真题+优秀论文/2013年国赛B题附件 (5)/152b.bmp;2013年数学建模国赛真题+优秀论文/2013年国赛B题附件 (5)/153a.bmp;2013年数学建模国赛真题+优秀论文/2013年国赛B题附件 (5)/153b.bmp;2013年数学建模国赛真题+优秀论文/2013年国赛B题附件 (5)/154a.bmp;2013年数学建模国赛真题+优秀论文/2013年国赛B题附件 (5)/154b.bmp;2013年数学建模国赛真题+优秀论文/2013年国赛B题附件 (5)/155a.bmp;2013年数学建模国赛真题+优秀论文/2013年国赛B题附件 (5)/155b.bmp;2013年数学建模国赛真题+优秀论文/2013年国赛B题附件 (5)/156a.bmp;2013年数学建模国赛真题+优秀论文/2013年国赛B题附件 (5)/156b.bmp;2013年数学建模国赛真题+优秀论文/2013年国赛B题附件 (5)/157a.bmp;2013年数学建模国赛真题+优秀论文/2013年国赛B题附件 (5)/157b.bmp;2013年数学建模国赛真题+优秀论文/2013年国赛B题附件 (5)/158a.bmp;2013年数学建模国赛真题+优秀论文/2013年国赛B题附件 (5)/158b.bmp;2013年数学建模国赛真题+优秀论文/2013年国赛B题附件 (5)/159a.bmp;2013年数学建模国赛真题+优秀论文/2013年国赛B题附件 (5)/159b.bmp;2013年数学建模国赛真题+优秀论文/2013年国赛B题附件 (5)/160a.bmp;2013年数学建模国赛真题+优秀论文/2013年国赛B题附件 (5)/160b.bmp;2013年数学建模国赛真题+优秀论文/2013年国赛B题附件 (5)/161a.bmp;2013年数学建模国赛真题+优秀论文/2013年国赛B题附件 (5)/161b.bmp;2013年数学建模国赛真题+优秀论文/2013年国赛B题附件 (5)/162a.bmp;2013年数学建模国赛真题+优秀论文/2013年国赛B题附件 (5)/162b.bmp;2013年数学建模国赛真题+优秀论文/2013年国赛B题附件 (5)/163a.bmp;2013年数学建模国赛真题+优秀论文/2013年国赛B题附件 (5)/163b.bmp;2013年数学建模国赛真题+优秀论文/2013年国赛B题附件 (5)/164a.bmp;2013年数学建模国赛真题+优秀论文/2013年国赛B题附件 (5)/164b.bmp;2013年数学建模国赛真题+优秀论文/2013年国赛B题附件 (5)/165a.bmp;2013年数学建模国赛真题+优秀论文/2013年国赛B题附件 (5)/165b.bmp;2013年数学建模国赛真题+优秀论文/2013年国赛B题附件 (5)/166a.bmp;2013年数学建模国赛真题+优秀论文/2013年国赛B题附件 (5)/166b.bmp;2013年数学建模国赛真题+优秀论文/2013年国赛B题附件 (5)/167a.bmp;2013年数学建模国赛真题+优秀论文/2013年国赛B题附件 (5)/167b.bmp;2013年数学建模国赛真题+优秀论文/2013年国赛B题附件 (5)/168a.bmp;2013年数学建模国赛真题+优秀论文/2013年国赛B题附件 (5)/168b.bmp;2013年数学建模国赛真题+优秀论文/2013年国赛B题附件 (5)/169a.bmp;2013年数学建模国赛真题+优秀论文/2013年国赛B题附件 (5)/169b.bmp;2013年数学建模国赛真题+优秀论文/2013年国赛B题附件 (5)/170a.bmp;2013年数学建模国赛真题+优秀论文/2013年国赛B题附件 (5)/170b.bmp;2013年数学建模国赛真题+优秀论文/2013年国赛B题附件 (5)/171a.bmp;2013年数学建模国赛真题+优秀论文/2013年国赛B题附件 (5)/171b.bmp;2013年数学建模国赛真题+优秀论文/2013年国赛B题附件 (5)/172a.bmp;2013年数学建模国赛真题+优秀论文/2013年国赛B题附件 (5)/172b.bmp;2013年数学建模国赛真题+优秀论文/2013年国赛B题附件 (5)/173a.bmp;2013年数学建模国赛真题+优秀论文/2013年国赛B题附件 (5)/173b.bmp;2013年数学建模国赛真题+优秀论文/2013年国赛B题附件 (5)/174a.bmp;2013年数学建模国赛真题+优秀论文/2013年国赛B题附件 (5)/174b.bmp;2013年数学建模国赛真题+优秀论文/2013年国赛B题附件 (5)/175a.bmp;2013年数学建模国赛真题+优秀论文/2013年国赛B题附件 (5)/175b.bmp;2013年数学建模国赛真题+优秀论文/2013年国赛B题附件 (5)/176a.bmp;2013年数学建模国赛真题+优秀论文/2013年国赛B题附件 (5)/176b.bmp;2013年数学建模国赛真题+优秀论文/2013年国赛B题附件 (5)/177a.bmp;2013年数学建模国赛真题+优秀论文/2013年国赛B题附件 (5)/177b.bmp;2013年数学建模国赛真题+优秀论文/2013年国赛B题附件 (5)/178a.bmp;2013年数学建模国赛真题+优秀论文/2013年国赛B题附件 (5)/178b.bmp;2013年数学建模国赛真题+优秀论文/2013年国赛B题附件 (5)/179a.bmp;2013年数学建模国赛真题+优秀论文/2013年国赛B题附件 (5)/179b.bmp;2013年数学建模国赛真题+优秀论文/2013年国赛B题附件 (5)/180a.bmp;2013年数学建模国赛真题+优秀论文/2013年国赛B题附件 (5)/180b.bmp;2013年数学建模国赛真题+优秀论文/2013年国赛B题附件 (5)/181a.bmp;2013年数学建模国赛真题+优秀论文/2013年国赛B题附件 (5)/181b.bmp;2013年数学建模国赛真题+优秀论文/2013年国赛B题附件 (5)/182a.bmp;2013年数学建模国赛真题+优秀论文/2013年国赛B题附件 (5)/182b.bmp;2013年数学建模国赛真题+优秀论文/2013年国赛B题附件 (5)/183a.bmp;2013年数学建模国赛真题+优秀论文/2013年国赛B题附件 (5)/183b.bmp;2013年数学建模国赛真题+优秀论文/2013年国赛B题附件 (5)/184a.bmp;2013年数学建模国赛真题+优秀论文/2013年国赛B题附件 (5)/184b.bmp;2013年数学建模国赛真题+优秀论文/2013年国赛B题附件 (5)/185a.bmp;2013年数学建模国赛真题+优秀论文/2013年国赛B题附件 (5)/185b.bmp;2013年数学建模国赛真题+优秀论文/2013年国赛B题附件 (5)/186a.bmp;2013年数学建模国赛真题+优秀论文/2013年国赛B题附件 (5)/186b.bmp;2013年数学建模国赛真题+优秀论文/2013年国赛B题附件 (5)/187a.bmp;2013年数学建模国赛真题+优秀论文/2013年国赛B题附件 (5)/187b.bmp;2013年数学建模国赛真题+优秀论文/2013年国赛B题附件 (5)/188a.bmp;2013年数学建模国赛真题+优秀论文/2013年国赛B题附件 (5)/188b.bmp;2013年数学建模国赛真题+优秀论文/2013年国赛B题附件 (5)/189a.bmp;2013年数学建模国赛真题+优秀论文/2013年国赛B题附件 (5)/189b.bmp;2013年数学建模国赛真题+优秀论文/2013年国赛B题附件 (5)/190a.bmp;2013年数学建模国赛真题+优秀论文/2013年国赛B题附件 (5)/190b.bmp;2013年数学建模国赛真题+优秀论文/2013年国赛B题附件 (5)/191a.bmp;2013年数学建模国赛真题+优秀论文/2013年国赛B题附件 (5)/191b.bmp;2013年数学建模国赛真题+优秀论文/2013年国赛B题附件 (5)/192a.bmp;2013年数学建模国赛真题+优秀论文/2013年国赛B题附件 (5)/192b.bmp;2013年数学建模国赛真题+优秀论文/2013年国赛B题附件 (5)/193a.bmp;2013年数学建模国赛真题+优秀论文/2013年国赛B题附件 (5)/193b.bmp;2013年数学建模国赛真题+优秀论文/2013年国赛B题附件 (5)/194a.bmp;2013年数学建模国赛真题+优秀论文/2013年国赛B题附件 (5)/194b.bmp;2013年数学建模国赛真题+优秀论文/2013年国赛B题附件 (5)/195a.bmp;2013年数学建模国赛真题+优秀论文/2013年国赛B题附件 (5)/195b.bmp;2013年数学建模国赛真题+优秀论文/2013年国赛B题附件 (5)/196a.bmp;2013年数学建模国赛真题+优秀论文/2013年国赛B题附件 (5)/196b.bmp;2013年数学建模国赛真题+优秀论文/2013年国赛B题附件 (5)/197a.bmp;2013年数学建模国赛真题+优秀论文/2013年国赛B题附件 (5)/197b.bmp;2013年数学建模国赛真题+优秀论文/2013年国赛B题附件 (5)/198a.bmp;2013年数学建模国赛真题+优秀论文/2013年国赛B题附件 (5)/198b.bmp;2013年数学建模国赛真题+优秀论文/2013年国赛B题附件 (5)/199a.bmp;2013年数学建模国赛真题+优秀论文/2013年国赛B题附件 (5)/199b.bmp;2013年数学建模国赛真题+优秀论文/2013年国赛B题附件 (5)/200a.bmp;2013年数学建模国赛真题+优秀论文/2013年国赛B题附件 (5)/200b.bmp;2013年数学建模国赛真题+优秀论文/2013年国赛B题附件 (5)/201a.bmp;2013年数学建模国赛真题+优秀论文/2013年国赛B题附件 (5)/201b.bmp;2013年数学建模国赛真题+优秀论文/2013年国赛B题附件 (5)/202a.bmp;2013年数学建模国赛真题+优秀论文/2013年国赛B题附件 (5)/202b.bmp;2013年数学建模国赛真题+优秀论文/2013年国赛B题附件 (5)/203a.bmp;2013年数学建模国赛真题+优秀论文/2013年国赛B题附件 (5)/203b.bmp;2013年数学建模国赛真题+优秀论文/2013年国赛B题附件 (5)/204a.bmp;2013年数学建模国赛真题+优秀论文/2013年国赛B题附件 (5)/204b.bmp;2013年数学建模国赛真题+优秀论文/2013年国赛B题附件 (5)/205a.bmp;2013年数学建模国赛真题+优秀论文/2013年国赛B题附件 (5)/205b.bmp;2013年数学建模国赛真题+优秀论文/2013年国赛B题附件 (5)/206a.bmp;2013年数学建模国赛真题+优秀论文/2013年国赛B题附件 (5)/206b.bmp;2013年数学建模国赛真题+优秀论文/2013年国赛B题附件 (5)/207a.bmp;2013年数学建模国赛真题+优秀论文/2013年国赛B题附件 (5)/207b.bmp;2013年数学建模国赛真题+优秀论文/2013年国赛B题附件 (5)/208a.bmp;2013年数学建模国赛真题+优秀论文/2013年国赛B题附件 (5)/208b.bmp,
CUMCM-2013-C-001,2013,C,SUPPORTING_MATERIAL,0,"The source is computational supporting material, not a Paper Artifact candidate.",The source has a MATLAB .asv autosave extension under the 2013C problem directory. Single membership and code-like sibling naming; no paper structure or prose-paper source is present.,PASS,2013年数学建模国赛真题+优秀论文/2013C：古塔的变形/qvlv.asv,.asv
CUMCM-2013-C-002,2013,C,SUPPORTING_MATERIAL,0,"The source is computational supporting material, not a Paper Artifact candidate.",The source has a MATLAB .asv autosave extension under the 2013C problem directory. Single membership and code-like sibling naming; no paper structure or prose-paper source is present.,PASS,2013年数学建模国赛真题+优秀论文/2013C：古塔的变形/qvlv1.asv,.asv
CUMCM-2013-C-003,2013,C,SUPPORTING_MATERIAL,0,"The source is computational supporting material, not a Paper Artifact candidate.",The source has a MATLAB .asv autosave extension under the 2013C problem directory. Single membership and code-like sibling naming; no paper structure or prose-paper source is present.,PASS,2013年数学建模国赛真题+优秀论文/2013C：古塔的变形/niuqv.asv,.asv
CUMCM-2013-C-004,2013,C,SUPPORTING_MATERIAL,0,"The source is computational supporting material, not a Paper Artifact candidate.",The source has a MATLAB .asv autosave extension under the 2013C problem directory. Single membership and code-like sibling naming; no paper structure or prose-paper source is present.,PASS,2013年数学建模国赛真题+优秀论文/2013C：古塔的变形/fangchengnihe.asv,.asv
CUMCM-2013-C-005,2013,C,SUPPORTING_MATERIAL,0,"The source is computational supporting material, not a Paper Artifact candidate.",The source has a MATLAB .asv autosave extension under the 2013C problem directory. Single membership and code-like sibling naming; no paper structure or prose-paper source is present.,PASS,2013年数学建模国赛真题+优秀论文/2013C：古塔的变形/ff2.asv,.asv
CUMCM-2013-C-006,2013,C,PROBLEM_PACKAGE,0,"The source is a problem statement or appendix, not a Paper Artifact candidate.",Filename explicitly names the 2013 national contest problem or its appendix (A/C/D题). Single membership and contest-problem directory placement; no submitted-paper/team structure is present.,PASS,2013年数学建模国赛真题+优秀论文/2013年国赛C题.doc,.doc
CUMCM-2013-C-007,2013,C,SUPPORTING_MATERIAL,0,"The source is computational supporting material, not a Paper Artifact candidate.",The source has a MATLAB .asv autosave extension under the 2013C problem directory. Single membership and code-like sibling naming; no paper structure or prose-paper source is present.,PASS,2013年数学建模国赛真题+优秀论文/2013C：古塔的变形/pingmiannihe.asv,.asv
CUMCM-2013-C-008,2013,C,SUPPORTING_MATERIAL,0,"The source is computational supporting material, not a Paper Artifact candidate.",The source has a MATLAB .asv autosave extension under the 2013C problem directory. Single membership and code-like sibling naming; no paper structure or prose-paper source is present.,PASS,2013年数学建模国赛真题+优秀论文/2013C：古塔的变形/niuqv1.asv,.asv
CUMCM-2013-C-009,2013,C,SUPPORTING_MATERIAL,0,"The source is computational supporting material, not a Paper Artifact candidate.",The source has a MATLAB .asv autosave extension under the 2013C problem directory. Single membership and code-like sibling naming; no paper structure or prose-paper source is present.,PASS,2013年数学建模国赛真题+优秀论文/2013C：古塔的变形/fangchengnihe1.asv,.asv
CUMCM-2013-C-010,2013,C,PAPER,1,unique supported PDF sibling resolved source,one PDF member among the logical identity; non-PDF sibling retained as provenance,PASS,2013年数学建模国赛真题+优秀论文/2013C：古塔的变形/成都工业学院 专5 C 肖瑜琳 刘新燕 黄龙.pdf,.pdf
CUMCM-2013-D-001,2013,D,PAPER,1,Directory and filename semantics identify an award-paper research object; binary DOC content remains unextracted and therefore requires a future DOC contract,filename=论文.doc; parent=2013年数学建模国赛真题+优秀论文/2013D：城市公共自行车服务系统运行状况和效率分析; membership and MF41 OLE audit,PASS,2013年数学建模国赛真题+优秀论文/2013D：城市公共自行车服务系统运行状况和效率分析/论文.doc,.doc
CUMCM-2013-D-002,2013,D,PROBLEM_PACKAGE,0,"The source is a problem statement or appendix, not a Paper Artifact candidate.",Filename explicitly names the 2013 national contest problem or its appendix (A/C/D题). Single membership and contest-problem directory placement; no submitted-paper/team structure is present.,PASS,2013年数学建模国赛真题+优秀论文/2013年国赛D题 .doc,.doc
CUMCM-2013-D-003,2013,D,PROBLEM_PACKAGE,0,"The source is a problem statement or appendix, not a Paper Artifact candidate.",Filename explicitly names the 2013 national contest problem or its appendix (A/C/D题). Single membership and contest-problem directory placement; no submitted-paper/team structure is present.,PASS,2013年数学建模国赛真题+优秀论文/2013年国赛D题附录.doc,.doc
CUMCM-2013-D-004,2013,D,PAPER,1,Directory and filename semantics identify an award-paper research object; binary DOC content remains unextracted and therefore requires a future DOC contract,filename=赣南师范学院科技学院 D 赖铖、袁彦、舒敏.doc; parent=2013年数学建模国赛真题+优秀论文/2013D：城市公共自行车服务系统运行状况和效率分析 (2); membership and MF41 OLE audit,PASS,2013年数学建模国赛真题+优秀论文/2013D：城市公共自行车服务系统运行状况和效率分析 (2)/赣南师范学院科技学院 D 赖铖、袁彦、舒敏.doc,.doc
CUMCM-2014-A-001,2014,A,SUPPORTING_MATERIAL,0,supporting material resolved from sibling and extension evidence,image/code/data members are not a formal paper body,PASS,2014年数学建模国赛真题+优秀论文/2014优秀论文/2014A：嫦娥三号软着陆轨道设计与控制策略 (4)/100m处聚落分析.png;2014年数学建模国赛真题+优秀论文/2014优秀论文/2014A：嫦娥三号软着陆轨道设计与控制策略 (4)/100m处落点评价.png;2014年数学建模国赛真题+优秀论文/2014优秀论文/2014A：嫦娥三号软着陆轨道设计与控制策略 (4)/100m平坦区域大小.png;2014年数学建模国赛真题+优秀论文/2014优秀论文/2014A：嫦娥三号软着陆轨道设计与控制策略 (4)/2400m处聚落分析.png;2014年数学建模国赛真题+优秀论文/2014优秀论文/2014A：嫦娥三号软着陆轨道设计与控制策略 (4)/2400m处落点评价.png;2014年数学建模国赛真题+优秀论文/2014优秀论文/2014A：嫦娥三号软着陆轨道设计与控制策略 (4)/倾斜程度.png;2014年数学建模国赛真题+优秀论文/2014优秀论文/2014A：嫦娥三号软着陆轨道设计与控制策略 (4)/权重.png;2014年数学建模国赛真题+优秀论文/2014优秀论文/2014A：嫦娥三号软着陆轨道设计与控制策略 (4)/灰阶分布.png;2014年数学建模国赛真题+优秀论文/2014优秀论文/2014A：嫦娥三号软着陆轨道设计与控制策略 (4)/第一阶段降落sita-t轨迹.png;2014年数学建模国赛真题+优秀论文/2014优秀论文/2014A：嫦娥三号软着陆轨道设计与控制策略 (4)/第一阶段降落Vx、Vy-t轨迹.png;2014年数学建模国赛真题+优秀论文/2014优秀论文/2014A：嫦娥三号软着陆轨道设计与控制策略 (4)/第一阶段降落y-x轨迹.png;2014年数学建模国赛真题+优秀论文/2014优秀论文/2014A：嫦娥三号软着陆轨道设计与控制策略 (4)/问题一降落sita-t轨迹.png;2014年数学建模国赛真题+优秀论文/2014优秀论文/2014A：嫦娥三号软着陆轨道设计与控制策略 (4)/问题一降落Vx、Vy-t轨迹.png;2014年数学建模国赛真题+优秀论文/2014优秀论文/2014A：嫦娥三号软着陆轨道设计与控制策略 (4)/问题一降落y-x轨迹.png,
CUMCM-2014-A-002,2014,A,SUPPORTING_MATERIAL,0,non-paper supporting/code/image member resolved ineligible,unsupported extension or supporting-material filename evidence,PASS,2014年数学建模国赛真题+优秀论文/2014优秀论文/2014A：嫦娥三号软着陆轨道设计与控制策略 (3)/精粗避障阶段图.doc,.doc
CUMCM-2014-A-003,2014,A,PROBLEM_PACKAGE,0,problem-package path evidence,problem/attachment directory signal,PASS,2014年数学建模国赛真题+优秀论文/2014年赛题/2014年国赛A题.doc,.doc
CUMCM-2014-A-004,2014,A,SUPPORTING_MATERIAL,0,non-paper supporting/code/image member resolved ineligible,unsupported extension or supporting-material filename evidence,PASS,2014年数学建模国赛真题+优秀论文/2014优秀论文/2014A：嫦娥三号软着陆轨道设计与控制策略 (3)/高程图1.fig,.fig
CUMCM-2014-A-005,2014,A,SUPPORTING_MATERIAL,0,non-paper supporting/code/image member resolved ineligible,unsupported extension or supporting-material filename evidence,PASS,2014年数学建模国赛真题+优秀论文/2014优秀论文/2014A：嫦娥三号软着陆轨道设计与控制策略 (3)/高程图2.fig,.fig
CUMCM-2014-A-006,2014,A,SUPPORTING_MATERIAL,0,"Content sanity review confirms a one-page supporting calculation fragment, not an independent formal paper artifact","existing PDF QA: page_count=1; normalized_text_chars=79; TEXT_PAGE; OCR not required; rendered page contains only three ellipse-parameter calculation lines; sibling Readme identifies the DOC as ellipse-parameter calculation; sibling package has 1 PDF paper member, 32 total members, extensions=.doc:6,.fig:2,.m:14,.pdf:1,.tif:2,.txt:1,.xls:6; PaperFileMembership rows=1; G3 unchanged; source_sha=A4C7CFEE735094C488EFB5007EF2084771748487B29765E20C39E78296A915F6",PASS,2014年数学建模国赛真题+优秀论文/2014优秀论文/2014A：嫦娥三号软着陆轨道设计与控制策略 (3)/关于椭圆参数的计算.doc,.doc
CUMCM-2014-A-007,2014,A,SUPPORTING_MATERIAL,0,non-paper supporting/code/image member resolved ineligible,unsupported extension or supporting-material filename evidence,PASS,2014年数学建模国赛真题+优秀论文/2014优秀论文/2014A：嫦娥三号软着陆轨道设计与控制策略 (3)/快速调整阶段最终版图像.doc,.doc
CUMCM-2014-A-008,2014,A,SUPPORTING_MATERIAL,0,non-paper supporting/code/image member resolved ineligible,unsupported extension or supporting-material filename evidence,PASS,2014年数学建模国赛真题+优秀论文/2014优秀论文/2014A：嫦娥三号软着陆轨道设计与控制策略 (3)/误差分析图.doc,.doc
CUMCM-2014-A-009,2014,A,SUPPORTING_MATERIAL,0,non-paper supporting/code/image member resolved ineligible,unsupported extension or supporting-material filename evidence,PASS,2014年数学建模国赛真题+优秀论文/2014优秀论文/2014A：嫦娥三号软着陆轨道设计与控制策略 (3)/高程图形1.doc,.doc
CUMCM-2014-A-A1000,2014,A,PAPER,1,paper directory signal,primary path is under an explicit paper/award-paper directory,PASS,2014年数学建模国赛真题+优秀论文/2014优秀论文/2014A：嫦娥三号软着陆轨道设计与控制策略 (4)/A10009072_吉张鹤轩_杨升_陈同广.pdf,.pdf
CUMCM-2014-A-A1114,2014,A,PAPER,1,paper directory signal,primary path is under an explicit paper/award-paper directory,PASS,2014年数学建模国赛真题+优秀论文/2014优秀论文/2014A：嫦娥三号软着陆轨道设计与控制策略 (2)/A11141001_陈超_唐梦珏_杨克宇.pdf,.pdf
CUMCM-2014-A-A1116,2014,A,PAPER,1,paper directory signal,primary path is under an explicit paper/award-paper directory,PASS,2014年数学建模国赛真题+优秀论文/2014优秀论文/2014A：嫦娥三号软着陆轨道设计与控制策略 (3)/A11168020_郑建国_陶禹诺_严洒洒.pdf,.pdf
CUMCM-2014-A-A1501,2014,A,PAPER,1,paper directory signal,primary path is under an explicit paper/award-paper directory,PASS,2014年数学建模国赛真题+优秀论文/2014优秀论文/2014A：嫦娥三号软着陆轨道设计与控制策略 (5)/A15010142_王子硕_吴鹏飞_陶立.pdf,.pdf
CUMCM-2014-A-A2302,2014,A,PAPER,1,paper directory signal,primary path is under an explicit paper/award-paper directory,PASS,2014年数学建模国赛真题+优秀论文/2014优秀论文/2014A：嫦娥三号软着陆轨道设计与控制策略/A23022014_杜磊_江启文_汪鑫 .pdf,.pdf
CUMCM-2014-B-001,2014,B,SUPPORTING_MATERIAL,0,short image/plot sequence with code or shared supporting-file context and no independent paper structure,source container sibling/code context; image pages contain plots or figures rather than paper sections,PASS,2014年数学建模国赛真题+优秀论文/2014优秀论文/2014B：创意平板折叠桌 (3)/w1-1-1.jpg;2014年数学建模国赛真题+优秀论文/2014优秀论文/2014B：创意平板折叠桌 (3)/w1-1.jpg;2014年数学建模国赛真题+优秀论文/2014优秀论文/2014B：创意平板折叠桌 (3)/w1_2.jpg;2014年数学建模国赛真题+优秀论文/2014优秀论文/2014B：创意平板折叠桌 (3)/w2.jpg;2014年数学建模国赛真题+优秀论文/2014优秀论文/2014B：创意平板折叠桌 (3)/w3_1.jpg;2014年数学建模国赛真题+优秀论文/2014优秀论文/2014B：创意平板折叠桌 (3)/w3_2.jpg;2014年数学建模国赛真题+优秀论文/2014优秀论文/2014B：创意平板折叠桌 (3)/w3_3.jpg;2014年数学建模国赛真题+优秀论文/2014优秀论文/2014B：创意平板折叠桌 (3)/w3_4.jpg,
CUMCM-2014-B-002,2014,B,SUPPORTING_MATERIAL,0,non-paper supporting/code/image member resolved ineligible,unsupported extension or supporting-material filename evidence,PASS,2014年数学建模国赛真题+优秀论文/2014优秀论文/2014B：创意平板折叠桌 (3)/附录.doc,.doc
CUMCM-2014-B-003,2014,B,PROBLEM_PACKAGE,0,problem-package path evidence,problem/attachment directory signal,PASS,2014年数学建模国赛真题+优秀论文/2014年赛题/2014年国赛B题.doc,.doc
CUMCM-2014-B-B1604,2014,B,SUPPORTING_MATERIAL,0,short image/plot sequence with code or shared supporting-file context and no independent paper structure,source container sibling/code context; image pages contain plots or figures rather than paper sections,PASS,2014年数学建模国赛真题+优秀论文/2014优秀论文/2014B：创意平板折叠桌 (3)/B16046004_程双泽_李君昌_陈凌勤/w1-1-1.jpg;2014年数学建模国赛真题+优秀论文/2014优秀论文/2014B：创意平板折叠桌 (3)/B16046004_程双泽_李君昌_陈凌勤/w1-1.jpg;2014年数学建模国赛真题+优秀论文/2014优秀论文/2014B：创意平板折叠桌 (3)/B16046004_程双泽_李君昌_陈凌勤/w1_2.jpg;2014年数学建模国赛真题+优秀论文/2014优秀论文/2014B：创意平板折叠桌 (3)/B16046004_程双泽_李君昌_陈凌勤/w2.jpg;2014年数学建模国赛真题+优秀论文/2014优秀论文/2014B：创意平板折叠桌 (3)/B16046004_程双泽_李君昌_陈凌勤/w3_1.jpg;2014年数学建模国赛真题+优秀论文/2014优秀论文/2014B：创意平板折叠桌 (3)/B16046004_程双泽_李君昌_陈凌勤/w3_2.jpg;2014年数学建模国赛真题+优秀论文/2014优秀论文/2014B：创意平板折叠桌 (3)/B16046004_程双泽_李君昌_陈凌勤/w3_3.jpg;2014年数学建模国赛真题+优秀论文/2014优秀论文/2014B：创意平板折叠桌 (3)/B16046004_程双泽_李君昌_陈凌勤/w3_4.jpg,
CUMCM-2014-B-B1801,2014,B,PAPER,1,paper directory signal,primary path is under an explicit paper/award-paper directory,PASS,2014年数学建模国赛真题+优秀论文/2014优秀论文/2014B：创意平板折叠桌 (4)/B18013004_邓敏娜_宁凯_董婷婷.pdf,.pdf
CUMCM-2014-B-B2704,2014,B,PAPER,1,paper directory signal,primary path is under an explicit paper/award-paper directory,PASS,2014年数学建模国赛真题+优秀论文/2014优秀论文/2014B：创意平板折叠桌/B27042017_吴俊锋_谭翔飞_庄重.pdf,.pdf
CUMCM-2014-C-001,2014,C,SUPPORTING_MATERIAL,0,non-paper supporting/code/image member resolved ineligible,unsupported extension or supporting-material filename evidence,PASS,2014年数学建模国赛真题+优秀论文/2014优秀论文/2014C：生猪养殖场经营管理的研究 (2)/模型二（1）.nb,.nb
CUMCM-2014-C-002,2014,C,SUPPORTING_MATERIAL,0,non-paper supporting/code/image member resolved ineligible,unsupported extension or supporting-material filename evidence,PASS,2014年数学建模国赛真题+优秀论文/2014优秀论文/2014C：生猪养殖场经营管理的研究 (2)/模型二（2）.nb,.nb
CUMCM-2014-C-003,2014,C,SUPPORTING_MATERIAL,0,non-paper supporting/code/image member resolved ineligible,unsupported extension or supporting-material filename evidence,PASS,2014年数学建模国赛真题+优秀论文/2014优秀论文/2014C：生猪养殖场经营管理的研究/muzhushuliang.lg4,.lg4
CUMCM-2014-C-004,2014,C,SUPPORTING_MATERIAL,0,non-paper supporting/code/image member resolved ineligible,unsupported extension or supporting-material filename evidence,PASS,2014年数学建模国赛真题+优秀论文/2014优秀论文/2014C：生猪养殖场经营管理的研究/benjiaobisai.lg4,.lg4
CUMCM-2014-C-005,2014,C,SUPPORTING_MATERIAL,0,non-paper supporting/code/image member resolved ineligible,unsupported extension or supporting-material filename evidence,PASS,2014年数学建模国赛真题+优秀论文/2014优秀论文/2014C：生猪养殖场经营管理的研究/bisai4.lg4,.lg4
CUMCM-2014-C-006,2014,C,SUPPORTING_MATERIAL,0,non-paper supporting/code/image member resolved ineligible,unsupported extension or supporting-material filename evidence,PASS,2014年数学建模国赛真题+优秀论文/2014优秀论文/2014C：生猪养殖场经营管理的研究 (2)/模型一.nb,.nb
CUMCM-2014-C-007,2014,C,SUPPORTING_MATERIAL,0,non-paper supporting/code/image member resolved ineligible,unsupported extension or supporting-material filename evidence,PASS,2014年数学建模国赛真题+优秀论文/2014优秀论文/2014C：生猪养殖场经营管理的研究/bisai3.lg4,.lg4
CUMCM-2014-C-008,2014,C,PROBLEM_PACKAGE,0,problem-package path evidence,problem/attachment directory signal,PASS,2014年数学建模国赛真题+优秀论文/2014年赛题/2014年国赛C题.docx,.docx
CUMCM-2014-C-009,2014,C,SUPPORTING_MATERIAL,0,non-paper supporting/code/image member resolved ineligible,unsupported extension or supporting-material filename evidence,PASS,2014年数学建模国赛真题+优秀论文/2014优秀论文/2014C：生猪养殖场经营管理的研究/bisai2.lg4,.lg4
CUMCM-2014-C-010,2014,C,PAPER,1,paper directory signal,primary path is under an explicit paper/award-paper directory,PASS,2014年数学建模国赛真题+优秀论文/2014优秀论文/2014C：生猪养殖场经营管理的研究/论文正文.pdf,.pdf
CUMCM-2014-C-C1951,2014,C,PAPER,1,paper directory signal,primary path is under an explicit paper/award-paper directory,PASS,2014年数学建模国赛真题+优秀论文/2014优秀论文/2014C：生猪养殖场经营管理的研究 (2)/C19510015_杨金洪_洪嘉远_谢思霞.pdf,.pdf
CUMCM-2014-D-001,2014,D,PROBLEM_PACKAGE,0,problem-package path evidence,problem/attachment directory signal,PASS,2014年数学建模国赛真题+优秀论文/2014年赛题/2014年国赛D题.doc,.doc
CUMCM-2014-D-002,2014,D,PAPER,1,Directory and filename semantics identify an award-paper research object; binary DOC content remains unextracted and therefore requires a future DOC contract,filename=储药柜的设计.doc; parent=2014年数学建模国赛真题+优秀论文/2014优秀论文/2014D：储药槽的设计 (2); membership and MF41 OLE audit,PASS,2014年数学建模国赛真题+优秀论文/2014优秀论文/2014D：储药槽的设计 (2)/储药柜的设计.doc,.doc
CUMCM-2014-D-003,2014,D,PAPER,1,Directory and filename semantics identify an award-paper research object; binary DOC content remains unextracted and therefore requires a future DOC contract,filename=D-储药槽的设计.doc; parent=2014年数学建模国赛真题+优秀论文/2014优秀论文/2014D：储药槽的设计; membership and MF41 OLE audit,PASS,2014年数学建模国赛真题+优秀论文/2014优秀论文/2014D：储药槽的设计/D-储药槽的设计.doc,.doc
CUMCM-2014-D-004,2014,D,SUPPORTING_MATERIAL,0,non-paper supporting/code/image member resolved ineligible,unsupported extension or supporting-material filename evidence,PASS,2014年数学建模国赛真题+优秀论文/2014优秀论文/2014D：储药槽的设计/Q2_best.fig,.fig
CUMCM-2014-D-D2202,2014,D,PAPER,1,paper directory signal,primary path is under an explicit paper/award-paper directory,PASS,2014年数学建模国赛真题+优秀论文/2014优秀论文/2014D：储药槽的设计 (3)/D22022011_阎发静_周靖_杨峰.pdf,.pdf
CUMCM-2016-A-001,2016,A,PROBLEM_PACKAGE,0,problem-package path evidence,problem/attachment directory signal,PASS,2016年数学建模国赛真题+优秀论文/2016年赛题/2016年国赛A题.doc,.doc
CUMCM-2016-A-002,2016,A,PAPER,1,paper directory signal,primary path is under an explicit paper/award-paper directory,PASS,2016年数学建模国赛真题+优秀论文/2016年优秀论文/2016A：基于极值系泊系统设计 (1).pdf,.pdf
CUMCM-2016-A-003,2016,A,PAPER,1,paper directory signal,primary path is under an explicit paper/award-paper directory,PASS,2016年数学建模国赛真题+优秀论文/2016年优秀论文/2016A：基于极值系泊系统设计 (5).pdf,.pdf
CUMCM-2016-A-004,2016,A,PAPER,1,paper directory signal,primary path is under an explicit paper/award-paper directory,PASS,2016年数学建模国赛真题+优秀论文/2016年优秀论文/2016A：基于极值系泊系统设计 (2).pdf,.pdf
CUMCM-2016-A-005,2016,A,PAPER,1,paper directory signal,primary path is under an explicit paper/award-paper directory,PASS,2016年数学建模国赛真题+优秀论文/2016年优秀论文/2016A：基于极值系泊系统设计 (4).pdf,.pdf
CUMCM-2016-A-006,2016,A,PAPER,1,paper directory signal,primary path is under an explicit paper/award-paper directory,PASS,2016年数学建模国赛真题+优秀论文/2016年优秀论文/2016A：基于极值系泊系统设计 (3).pdf,.pdf
CUMCM-2016-B-001,2016,B,PAPER,1,paper directory signal,primary path is under an explicit paper/award-paper directory,PASS,2016年数学建模国赛真题+优秀论文/2016年优秀论文/2016B：小区开放道路通行影响 (1).pdf,.pdf
CUMCM-2016-B-002,2016,B,PAPER,1,paper directory signal,primary path is under an explicit paper/award-paper directory,PASS,2016年数学建模国赛真题+优秀论文/2016年优秀论文/2016B：小区开放道路通行影响 (5).pdf,.pdf
CUMCM-2016-B-003,2016,B,PAPER,1,paper directory signal,primary path is under an explicit paper/award-paper directory,PASS,2016年数学建模国赛真题+优秀论文/2016年优秀论文/2016B：小区开放道路通行影响 (4).pdf,.pdf
CUMCM-2016-B-004,2016,B,PAPER,1,paper directory signal,primary path is under an explicit paper/award-paper directory,PASS,2016年数学建模国赛真题+优秀论文/2016年优秀论文/2016B：小区开放道路通行影响 (2).pdf,.pdf
CUMCM-2016-B-005,2016,B,PAPER,1,paper directory signal,primary path is under an explicit paper/award-paper directory,PASS,2016年数学建模国赛真题+优秀论文/2016年优秀论文/2016B：小区开放道路通行影响 (3).pdf,.pdf
CUMCM-2016-B-006,2016,B,PROBLEM_PACKAGE,0,problem-package path evidence,problem/attachment directory signal,PASS,2016年数学建模国赛真题+优秀论文/2016年赛题/2016年国赛B题.doc,.doc
CUMCM-2016-C-001,2016,C,PAPER,1,paper directory signal,primary path is under an explicit paper/award-paper directory,PASS,2016年数学建模国赛真题+优秀论文/2016年优秀论文/2016C：电池剩余放电时间预测 (2).pdf,.pdf
CUMCM-2016-C-002,2016,C,PROBLEM_PACKAGE,0,problem-package path evidence,problem/attachment directory signal,PASS,2016年数学建模国赛真题+优秀论文/2016年赛题/2016年国赛C题.docx,.docx
CUMCM-2016-C-003,2016,C,PAPER,1,paper directory signal,primary path is under an explicit paper/award-paper directory,PASS,2016年数学建模国赛真题+优秀论文/2016年优秀论文/2016C：电池剩余放电时间预测 (1).pdf,.pdf
CUMCM-2016-D-001,2016,D,PROBLEM_PACKAGE,0,problem-package path evidence,problem/attachment directory signal,PASS,2016年数学建模国赛真题+优秀论文/2016年赛题/2016年国赛D题.doc,.doc
CUMCM-2016-D-002,2016,D,PAPER,1,paper directory signal,primary path is under an explicit paper/award-paper directory,PASS,2016年数学建模国赛真题+优秀论文/2016年优秀论文/2016D：风电场运行状况分析及维护计划优化 (2).pdf,.pdf
CUMCM-2016-D-003,2016,D,PAPER,1,paper directory signal,primary path is under an explicit paper/award-paper directory,PASS,2016年数学建模国赛真题+优秀论文/2016年优秀论文/2016D：风电场运行状况分析及维护计划优化 (3).pdf,.pdf
CUMCM-2016-D-004,2016,D,PAPER,1,paper directory signal,primary path is under an explicit paper/award-paper directory,PASS,2016年数学建模国赛真题+优秀论文/2016年优秀论文/2016D：风电场运行状况分析及维护计划优化 (1).pdf,.pdf
CUMCM-2017-A-001,2017,A,PAPER,1,paper directory signal,primary path is under an explicit paper/award-paper directory,PASS,2017年数学建模国赛真题+优秀论文/2017年优秀论文/2017A：CT系统参数标定及成像  (3).pdf,.pdf
CUMCM-2017-A-002,2017,A,PAPER,1,paper directory signal,primary path is under an explicit paper/award-paper directory,PASS,2017年数学建模国赛真题+优秀论文/2017年优秀论文/2017A：CT系统参数标定及成像  (5).pdf,.pdf
CUMCM-2017-A-003,2017,A,PAPER,1,paper directory signal,primary path is under an explicit paper/award-paper directory,PASS,2017年数学建模国赛真题+优秀论文/2017年优秀论文/2017A：CT系统参数标定及成像  (2).pdf,.pdf
CUMCM-2017-A-004,2017,A,PAPER,1,paper directory signal,primary path is under an explicit paper/award-paper directory,PASS,2017年数学建模国赛真题+优秀论文/2017年优秀论文/2017A：CT系统参数标定及成像  (1).pdf,.pdf
CUMCM-2017-A-005,2017,A,PROBLEM_PACKAGE,0,problem-package path evidence,problem/attachment directory signal,PASS,2017年数学建模国赛真题+优秀论文/2017年赛题/2017年国赛A题.docx,.docx
CUMCM-2017-A-006,2017,A,PAPER,1,paper directory signal,primary path is under an explicit paper/award-paper directory,PASS,2017年数学建模国赛真题+优秀论文/2017年优秀论文/2017A：CT系统参数标定及成像  (4).pdf,.pdf
CUMCM-2017-B-001,2017,B,PAPER,1,paper directory signal,primary path is under an explicit paper/award-paper directory,PASS,2017年数学建模国赛真题+优秀论文/2017年优秀论文/2017B：“拍照赚钱”的任务定价 (3).pdf,.pdf
CUMCM-2017-B-002,2017,B,PROBLEM_PACKAGE,0,problem-package path evidence,problem/attachment directory signal,PASS,2017年数学建模国赛真题+优秀论文/2017年赛题/2017年国赛B题.docx,.docx
CUMCM-2017-B-003,2017,B,PAPER,1,paper directory signal,primary path is under an explicit paper/award-paper directory,PASS,2017年数学建模国赛真题+优秀论文/2017年优秀论文/2017B：“拍照赚钱”的任务定价 (7).pdf,.pdf
CUMCM-2017-B-004,2017,B,PAPER,1,paper directory signal,primary path is under an explicit paper/award-paper directory,PASS,2017年数学建模国赛真题+优秀论文/2017年优秀论文/2017B：“拍照赚钱”的任务定价 (6).pdf,.pdf
CUMCM-2017-B-005,2017,B,PAPER,1,paper directory signal,primary path is under an explicit paper/award-paper directory,PASS,2017年数学建模国赛真题+优秀论文/2017年优秀论文/2017B：“拍照赚钱”的任务定价 (1).pdf,.pdf
CUMCM-2017-B-006,2017,B,PAPER,1,paper directory signal,primary path is under an explicit paper/award-paper directory,PASS,2017年数学建模国赛真题+优秀论文/2017年优秀论文/2017B：“拍照赚钱”的任务定价 (5).pdf,.pdf
CUMCM-2017-B-007,2017,B,PAPER,1,paper directory signal,primary path is under an explicit paper/award-paper directory,PASS,2017年数学建模国赛真题+优秀论文/2017年优秀论文/2017B：“拍照赚钱”的任务定价 (4).pdf,.pdf
CUMCM-2017-B-008,2017,B,PAPER,1,paper directory signal,primary path is under an explicit paper/award-paper directory,PASS,2017年数学建模国赛真题+优秀论文/2017年优秀论文/2017B：“拍照赚钱”的任务定价 (2).pdf,.pdf
CUMCM-2017-C-001,2017,C,PROBLEM_PACKAGE,0,problem-package path evidence,problem/attachment directory signal,PASS,2017年数学建模国赛真题+优秀论文/2017年赛题/2017年国赛C题.docx,.docx
CUMCM-2017-C-002,2017,C,PAPER,1,paper directory signal,primary path is under an explicit paper/award-paper directory,PASS,2017年数学建模国赛真题+优秀论文/2017年优秀论文/2017C：颜色与物质浓度辨识 (1).pdf,.pdf
CUMCM-2017-C-003,2017,C,PAPER,1,paper directory signal,primary path is under an explicit paper/award-paper directory,PASS,2017年数学建模国赛真题+优秀论文/2017年优秀论文/2017C：颜色与物质浓度辨识 (3).pdf,.pdf
CUMCM-2017-C-004,2017,C,PAPER,1,paper directory signal,primary path is under an explicit paper/award-paper directory,PASS,2017年数学建模国赛真题+优秀论文/2017年优秀论文/2017C：颜色与物质浓度辨识 (2).pdf,.pdf
CUMCM-2017-D-001,2017,D,PAPER,1,paper directory signal,primary path is under an explicit paper/award-paper directory,PASS,2017年数学建模国赛真题+优秀论文/2017年优秀论文/2017D：巡检线路的排班 (2).pdf,.pdf
CUMCM-2017-D-002,2017,D,PROBLEM_PACKAGE,0,problem-package path evidence,problem/attachment directory signal,PASS,2017年数学建模国赛真题+优秀论文/2017年赛题/2017年国赛D题.docx,.docx
CUMCM-2017-D-003,2017,D,PAPER,1,paper directory signal,primary path is under an explicit paper/award-paper directory,PASS,2017年数学建模国赛真题+优秀论文/2017年优秀论文/2017D：巡检线路的排班 (1).pdf,.pdf
CUMCM-2017-D-004,2017,D,PAPER,1,paper directory signal,primary path is under an explicit paper/award-paper directory,PASS,2017年数学建模国赛真题+优秀论文/2017年优秀论文/2017D：巡检线路的排班 (3).pdf,.pdf
CUMCM-2018-A-001,2018,A,PAPER,1,paper directory signal,primary path is under an explicit paper/award-paper directory,PASS,2018年数学建模国赛真题+优秀论文/2018年优秀论文/2018A：基于非稳态导热的高温作业专用服装设计.pdf,.pdf
CUMCM-2018-A-002,2018,A,PAPER,1,paper directory signal,primary path is under an explicit paper/award-paper directory,PASS,2018年数学建模国赛真题+优秀论文/2018年优秀论文/2018A：高温作业专用服装设计.pdf,.pdf
CUMCM-2018-A-003,2018,A,PAPER,1,paper directory signal,primary path is under an explicit paper/award-paper directory,PASS,2018年数学建模国赛真题+优秀论文/2018年优秀论文/2018A：基于多原则比较和蒙特卡洛模拟的 RGV 动态调度模型.pdf,.pdf
CUMCM-2018-A-004,2018,A,PROBLEM_PACKAGE,0,problem-package path evidence,problem/attachment directory signal,PASS,2018年数学建模国赛真题+优秀论文/2018年赛题/2018年国赛A题.docx,.docx
CUMCM-2018-A-005,2018,A,PAPER,1,paper directory signal,primary path is under an explicit paper/award-paper directory,PASS,2018年数学建模国赛真题+优秀论文/2018年优秀论文/2018A：高温作业服设计.pdf,.pdf
CUMCM-2018-B-001,2018,B,PAPER,1,paper directory signal,primary path is under an explicit paper/award-paper directory,PASS,2018年数学建模国赛真题+优秀论文/2018年优秀论文/2018B：RGV 的动态调度优化问题.pdf,.pdf
CUMCM-2018-B-002,2018,B,PROBLEM_PACKAGE,0,problem-package path evidence,problem/attachment directory signal,PASS,2018年数学建模国赛真题+优秀论文/2018年赛题/2018年国赛B题 .doc,.doc
CUMCM-2018-B-003,2018,B,PAPER,1,paper directory signal,primary path is under an explicit paper/award-paper directory,PASS,2018年数学建模国赛真题+优秀论文/2018年优秀论文/2018B：智能 RGV 的动态调度策略.pdf,.pdf
CUMCM-2018-B-004,2018,B,PAPER,1,paper directory signal,primary path is under an explicit paper/award-paper directory,PASS,2018年数学建模国赛真题+优秀论文/2018年优秀论文/2018B：基于 0-1 规划的单 RGV 动态调度模型.pdf,.pdf
CUMCM-2018-C-001,2018,C,PROBLEM_PACKAGE,0,problem-package path evidence,problem/attachment directory signal,PASS,2018年数学建模国赛真题+优秀论文/2018年赛题/2018年国赛C题.docx,.docx
CUMCM-2018-C-002,2018,C,PAPER,1,paper directory signal,primary path is under an explicit paper/award-paper directory,PASS,2018年数学建模国赛真题+优秀论文/2018年优秀论文/2018C：大型百货商场会员画像描述.pdf,.pdf
CUMCM-2018-C-003,2018,C,PAPER,1,paper directory signal,primary path is under an explicit paper/award-paper directory,PASS,2018年数学建模国赛真题+优秀论文/2018年优秀论文/2018C：基于 RFMT 模型的百货商场会员画像描绘.pdf,.pdf
CUMCM-2018-D-001,2018,D,PROBLEM_PACKAGE,0,problem-package path evidence,problem/attachment directory signal,PASS,2018年数学建模国赛真题+优秀论文/2018年赛题/2018年国赛D题.docx,.docx
CUMCM-2018-D-002,2018,D,PAPER,1,paper directory signal,primary path is under an explicit paper/award-paper directory,PASS,2018年数学建模国赛真题+优秀论文/2018年优秀论文/2018D：确定汽车装配顺序问题的算法.pdf,.pdf
CUMCM-2018-D-003,2018,D,PAPER,1,paper directory signal,primary path is under an explicit paper/award-paper directory,PASS,2018年数学建模国赛真题+优秀论文/2018年优秀论文/2018D：汽车总装线配置方案.pdf,.pdf
CUMCM-2018-D-004,2018,D,PAPER,1,paper directory signal,primary path is under an explicit paper/award-paper directory,PASS,2018年数学建模国赛真题+优秀论文/2018年优秀论文/2018D：汽车总装线配置的优化模型研究.pdf,.pdf
CUMCM-2019-A-001,2019,A,PROBLEM_PACKAGE,0,problem-package path evidence,problem/attachment directory signal,PASS,2019年数学建模国赛真题+优秀论文/2019年赛题/2019年国赛A题.pdf,.pdf
CUMCM-2019-A-002,2019,A,PAPER,1,paper directory signal,primary path is under an explicit paper/award-paper directory,PASS,2019年数学建模国赛真题+优秀论文/2019年优秀论文/2019A：高压油管的压强控制.pdf,.pdf
CUMCM-2019-A-003,2019,A,PAPER,1,paper directory signal,primary path is under an explicit paper/award-paper directory,PASS,2019年数学建模国赛真题+优秀论文/2019年优秀论文/2019A：基于数值模拟的高压油管压力控制模型.pdf,.pdf
CUMCM-2019-A-004,2019,A,PAPER,1,paper directory signal,primary path is under an explicit paper/award-paper directory,PASS,2019年数学建模国赛真题+优秀论文/2019年优秀论文/2019A：高压油管压力波动的稳定控制.pdf,.pdf
CUMCM-2019-B-001,2019,B,PAPER,1,paper directory signal,primary path is under an explicit paper/award-paper directory,PASS,2019年数学建模国赛真题+优秀论文/2019年优秀论文/2019B：同心鼓最佳协作策略的研究.pdf,.pdf
CUMCM-2019-B-002,2019,B,PAPER,1,paper directory signal,primary path is under an explicit paper/award-paper directory,PASS,2019年数学建模国赛真题+优秀论文/2019年优秀论文/2019B：同心鼓“同心协力”策略探究.pdf,.pdf
CUMCM-2019-B-003,2019,B,PROBLEM_PACKAGE,0,problem-package path evidence,problem/attachment directory signal,PASS,2019年数学建模国赛真题+优秀论文/2019年赛题/2019年国赛B题.pdf,.pdf
CUMCM-2019-B-004,2019,B,PAPER,1,paper directory signal,primary path is under an explicit paper/award-paper directory,PASS,2019年数学建模国赛真题+优秀论文/2019年优秀论文/2019B：同心鼓运动模型的理论分析与策略研究.pdf,.pdf
CUMCM-2019-C-001,2019,C,PAPER,1,paper directory signal,primary path is under an explicit paper/award-paper directory,PASS,2019年数学建模国赛真题+优秀论文/2019年优秀论文/2019C：机场的出租车问题.pdf,.pdf
CUMCM-2019-C-002,2019,C,PAPER,1,paper directory signal,primary path is under an explicit paper/award-paper directory,PASS,2019年数学建模国赛真题+优秀论文/2019年优秀论文/2019C：基于系统模拟的机场出租车决策与安排模型.pdf,.pdf
CUMCM-2019-C-003,2019,C,PROBLEM_PACKAGE,0,problem-package path evidence,problem/attachment directory signal,PASS,2019年数学建模国赛真题+优秀论文/2019年赛题/2019年国赛C题.pdf,.pdf
CUMCM-2019-C-004,2019,C,PAPER,1,paper directory signal,primary path is under an explicit paper/award-paper directory,PASS,2019年数学建模国赛真题+优秀论文/2019年优秀论文/2019C：机场出租车司机综合决策及机场出租车管理模型.pdf,.pdf
CUMCM-2019-D-001,2019,D,PROBLEM_PACKAGE,0,problem-package path evidence,problem/attachment directory signal,PASS,2019年数学建模国赛真题+优秀论文/2019年赛题/2019年国赛D题 .pdf,.pdf
CUMCM-2019-E-001,2019,E,PAPER,1,paper directory signal,primary path is under an explicit paper/award-paper directory,PASS,2019年数学建模国赛真题+优秀论文/2019年优秀论文/2019E：薄利多销销售策略的模型研究分析.pdf,.pdf
CUMCM-2019-E-002,2019,E,PAPER,1,paper directory signal,primary path is under an explicit paper/award-paper directory,PASS,2019年数学建模国赛真题+优秀论文/2019年优秀论文/2019E：基于打折力度概念的“薄利多销”模型.pdf,.pdf
CUMCM-2019-E-003,2019,E,PROBLEM_PACKAGE,0,problem-package path evidence,problem/attachment directory signal,PASS,2019年数学建模国赛真题+优秀论文/2019年赛题/2019年国赛E题.pdf,.pdf
CUMCM-2019-E-004,2019,E,PAPER,1,paper directory signal,primary path is under an explicit paper/award-paper directory,PASS,2019年数学建模国赛真题+优秀论文/2019年优秀论文/2019E：“薄利多销”分析.pdf,.pdf
CUMCM-2020-A-001,2020,A,PAPER,1,paper directory signal,primary path is under an explicit paper/award-paper directory,PASS,2020年数学建模国赛真题+优秀论文/2020年优秀论文/2020A：回焊炉温曲线优化控制.pdf,.pdf
CUMCM-2020-A-002,2020,A,PAPER,1,paper directory signal,primary path is under an explicit paper/award-paper directory,PASS,2020年数学建模国赛真题+优秀论文/2020年优秀论文/2020A：基于维热传导方程的炉温曲线机理模型研究.pdf,.pdf
CUMCM-2020-A-003,2020,A,PROBLEM_PACKAGE,0,problem-package path evidence,problem/attachment directory signal,PASS,2020年数学建模国赛真题+优秀论文/2020年赛题/2020年国赛A题.docx,.docx
CUMCM-2020-A-004,2020,A,PAPER,1,paper directory signal,primary path is under an explicit paper/award-paper directory,PASS,2020年数学建模国赛真题+优秀论文/2020年优秀论文/2020A：基于一维热传导方程的回焊炉炉温模型.pdf,.pdf
CUMCM-2020-B-001,2020,B,PAPER,1,paper directory signal,primary path is under an explicit paper/award-paper directory,PASS,2020年数学建模国赛真题+优秀论文/2020年优秀论文/2020B：穿越沙漠游戏中的玩家行为决策问题.pdf,.pdf
CUMCM-2020-B-002,2020,B,PAPER,1,paper directory signal,primary path is under an explicit paper/award-paper directory,PASS,2020年数学建模国赛真题+优秀论文/2020年优秀论文/2020B：基于动态规划、统计分析、静态博弈的穿越沙漠游戏策咯设计.pdf,.pdf
CUMCM-2020-B-003,2020,B,PROBLEM_PACKAGE,0,problem-package path evidence,problem/attachment directory signal,PASS,2020年数学建模国赛真题+优秀论文/2020年赛题/2020年国赛B题.docx,.docx
CUMCM-2020-B-004,2020,B,PAPER,1,paper directory signal,primary path is under an explicit paper/award-paper directory,PASS,2020年数学建模国赛真题+优秀论文/2020年优秀论文/2020B：穿越沙漠游戏下玩家的最优策略模型.pdf,.pdf
CUMCM-2020-B-005,2020,B,PAPER,1,paper directory signal,primary path is under an explicit paper/award-paper directory,PASS,2020年数学建模国赛真题+优秀论文/2020年优秀论文/2020B：穿越沙漠游戏最佳策略模型的研究与构建.pdf,.pdf
CUMCM-2020-C-001,2020,C,PAPER,1,paper directory signal,primary path is under an explicit paper/award-paper directory,PASS,2020年数学建模国赛真题+优秀论文/2020年优秀论文/2020C：银行对中小微企业的信贷决策分析.pdf,.pdf
CUMCM-2020-C-002,2020,C,PAPER,1,paper directory signal,primary path is under an explicit paper/award-paper directory,PASS,2020年数学建模国赛真题+优秀论文/2020年优秀论文/2020C：银行对中小微企业的信贷策略.pdf,.pdf
CUMCM-2020-C-003,2020,C,PAPER,1,paper directory signal,primary path is under an explicit paper/award-paper directory,PASS,2020年数学建模国赛真题+优秀论文/2020年优秀论文/2020C：针对中小微企业最优信贷决策研究.pdf,.pdf
CUMCM-2020-C-004,2020,C,PROBLEM_PACKAGE,0,problem-package path evidence,problem/attachment directory signal,PASS,2020年数学建模国赛真题+优秀论文/2020年赛题/2020年国赛C题.docx,.docx
CUMCM-2020-D-001,2020,D,PAPER,1,paper directory signal,primary path is under an explicit paper/award-paper directory,PASS,2020年数学建模国赛真题+优秀论文/2020年优秀论文/2020D：接触式轮廓仪校准问题.pdf,.pdf
CUMCM-2020-D-002,2020,D,PROBLEM_PACKAGE,0,problem-package path evidence,problem/attachment directory signal,PASS,2020年数学建模国赛真题+优秀论文/2020年赛题/2020年国赛D题.docx,.docx
CUMCM-2020-D-003,2020,D,PAPER,1,paper directory signal,primary path is under an explicit paper/award-paper directory,PASS,2020年数学建模国赛真题+优秀论文/2020年优秀论文/2020D：接触式轮廓仪的自动标注数学模型研究.pdf,.pdf
CUMCM-2020-D-004,2020,D,PAPER,1,paper directory signal,primary path is under an explicit paper/award-paper directory,PASS,2020年数学建模国赛真题+优秀论文/2020年优秀论文/2020D：基于梯度下降的决策树算法与非线性规划的信贷风险评估与信贷策略模型.pdf,.pdf
CUMCM-2020-E-001,2020,E,PROBLEM_PACKAGE,0,problem-package path evidence,problem/attachment directory signal,PASS,2020年数学建模国赛真题+优秀论文/2020年赛题/2020年国赛E题.docx,.docx
CUMCM-2021-A-001,2021,A,PROBLEM_PACKAGE,0,problem-package path evidence,problem/attachment directory signal,PASS,2021年数学建模国赛真题+优秀论文/2021年国赛赛题/2021年国赛A题.pdf,.pdf
CUMCM-2021-A-A028,2021,A,PAPER,1,sequential image set under an explicit national-contest excellent-paper directory; OCR evidence contains title/abstract or model/problem-solving structure,OCR derivative first pages and terminal pages; page-level provenance and 799-page contract audit,PASS,2021年数学建模国赛真题+优秀论文/2021年国赛优秀论文A题-A028/A1.jpg;2021年数学建模国赛真题+优秀论文/2021年国赛优秀论文A题-A028/A10.jpg;2021年数学建模国赛真题+优秀论文/2021年国赛优秀论文A题-A028/A11.jpg;2021年数学建模国赛真题+优秀论文/2021年国赛优秀论文A题-A028/A12.jpg;2021年数学建模国赛真题+优秀论文/2021年国赛优秀论文A题-A028/A13.jpg;2021年数学建模国赛真题+优秀论文/2021年国赛优秀论文A题-A028/A14.jpg;2021年数学建模国赛真题+优秀论文/2021年国赛优秀论文A题-A028/A15.jpg;2021年数学建模国赛真题+优秀论文/2021年国赛优秀论文A题-A028/A16.jpg;2021年数学建模国赛真题+优秀论文/2021年国赛优秀论文A题-A028/A17.jpg;2021年数学建模国赛真题+优秀论文/2021年国赛优秀论文A题-A028/A18.jpg;2021年数学建模国赛真题+优秀论文/2021年国赛优秀论文A题-A028/A19.jpg;2021年数学建模国赛真题+优秀论文/2021年国赛优秀论文A题-A028/A2.jpg;2021年数学建模国赛真题+优秀论文/2021年国赛优秀论文A题-A028/A20.jpg;2021年数学建模国赛真题+优秀论文/2021年国赛优秀论文A题-A028/A21.jpg;2021年数学建模国赛真题+优秀论文/2021年国赛优秀论文A题-A028/A22.jpg;2021年数学建模国赛真题+优秀论文/2021年国赛优秀论文A题-A028/A23.jpg;2021年数学建模国赛真题+优秀论文/2021年国赛优秀论文A题-A028/A24.jpg;2021年数学建模国赛真题+优秀论文/2021年国赛优秀论文A题-A028/A25.jpg;2021年数学建模国赛真题+优秀论文/2021年国赛优秀论文A题-A028/A26.jpg;2021年数学建模国赛真题+优秀论文/2021年国赛优秀论文A题-A028/A27.jpg;2021年数学建模国赛真题+优秀论文/2021年国赛优秀论文A题-A028/A28.jpg;2021年数学建模国赛真题+优秀论文/2021年国赛优秀论文A题-A028/A29.jpg;2021年数学建模国赛真题+优秀论文/2021年国赛优秀论文A题-A028/A3.jpg;2021年数学建模国赛真题+优秀论文/2021年国赛优秀论文A题-A028/A30.jpg;2021年数学建模国赛真题+优秀论文/2021年国赛优秀论文A题-A028/A31.jpg;2021年数学建模国赛真题+优秀论文/2021年国赛优秀论文A题-A028/A32.jpg;2021年数学建模国赛真题+优秀论文/2021年国赛优秀论文A题-A028/A33.jpg;2021年数学建模国赛真题+优秀论文/2021年国赛优秀论文A题-A028/A34.jpg;2021年数学建模国赛真题+优秀论文/2021年国赛优秀论文A题-A028/A35.jpg;2021年数学建模国赛真题+优秀论文/2021年国赛优秀论文A题-A028/A36.jpg;2021年数学建模国赛真题+优秀论文/2021年国赛优秀论文A题-A028/A37.jpg;2021年数学建模国赛真题+优秀论文/2021年国赛优秀论文A题-A028/A38.jpg;2021年数学建模国赛真题+优秀论文/2021年国赛优秀论文A题-A028/A4.jpg;2021年数学建模国赛真题+优秀论文/2021年国赛优秀论文A题-A028/A5.jpg;2021年数学建模国赛真题+优秀论文/2021年国赛优秀论文A题-A028/A6.jpg;2021年数学建模国赛真题+优秀论文/2021年国赛优秀论文A题-A028/A7.jpg;2021年数学建模国赛真题+优秀论文/2021年国赛优秀论文A题-A028/A8.jpg;2021年数学建模国赛真题+优秀论文/2021年国赛优秀论文A题-A028/A9.jpg,
CUMCM-2021-A-A115,2021,A,PAPER,1,sequential image set under an explicit national-contest excellent-paper directory; OCR evidence contains title/abstract or model/problem-solving structure,OCR derivative first pages and terminal pages; page-level provenance and 799-page contract audit,PASS,2021年数学建模国赛真题+优秀论文/2021年国赛优秀论文A题-A115/A1.jpg;2021年数学建模国赛真题+优秀论文/2021年国赛优秀论文A题-A115/A10.jpg;2021年数学建模国赛真题+优秀论文/2021年国赛优秀论文A题-A115/A11.jpg;2021年数学建模国赛真题+优秀论文/2021年国赛优秀论文A题-A115/A12.jpg;2021年数学建模国赛真题+优秀论文/2021年国赛优秀论文A题-A115/A13.jpg;2021年数学建模国赛真题+优秀论文/2021年国赛优秀论文A题-A115/A14.jpg;2021年数学建模国赛真题+优秀论文/2021年国赛优秀论文A题-A115/A15.jpg;2021年数学建模国赛真题+优秀论文/2021年国赛优秀论文A题-A115/A16.jpg;2021年数学建模国赛真题+优秀论文/2021年国赛优秀论文A题-A115/A17.jpg;2021年数学建模国赛真题+优秀论文/2021年国赛优秀论文A题-A115/A18.jpg;2021年数学建模国赛真题+优秀论文/2021年国赛优秀论文A题-A115/A19.jpg;2021年数学建模国赛真题+优秀论文/2021年国赛优秀论文A题-A115/A2.jpg;2021年数学建模国赛真题+优秀论文/2021年国赛优秀论文A题-A115/A20.jpg;2021年数学建模国赛真题+优秀论文/2021年国赛优秀论文A题-A115/A21.jpg;2021年数学建模国赛真题+优秀论文/2021年国赛优秀论文A题-A115/A22.jpg;2021年数学建模国赛真题+优秀论文/2021年国赛优秀论文A题-A115/A23.jpg;2021年数学建模国赛真题+优秀论文/2021年国赛优秀论文A题-A115/A24.jpg;2021年数学建模国赛真题+优秀论文/2021年国赛优秀论文A题-A115/A25.jpg;2021年数学建模国赛真题+优秀论文/2021年国赛优秀论文A题-A115/A26.jpg;2021年数学建模国赛真题+优秀论文/2021年国赛优秀论文A题-A115/A27.jpg;2021年数学建模国赛真题+优秀论文/2021年国赛优秀论文A题-A115/A28.jpg;2021年数学建模国赛真题+优秀论文/2021年国赛优秀论文A题-A115/A29.jpg;2021年数学建模国赛真题+优秀论文/2021年国赛优秀论文A题-A115/A3.jpg;2021年数学建模国赛真题+优秀论文/2021年国赛优秀论文A题-A115/A30.jpg;2021年数学建模国赛真题+优秀论文/2021年国赛优秀论文A题-A115/A31.jpg;2021年数学建模国赛真题+优秀论文/2021年国赛优秀论文A题-A115/A32.jpg;2021年数学建模国赛真题+优秀论文/2021年国赛优秀论文A题-A115/A33.jpg;2021年数学建模国赛真题+优秀论文/2021年国赛优秀论文A题-A115/A34.jpg;2021年数学建模国赛真题+优秀论文/2021年国赛优秀论文A题-A115/A35.jpg;2021年数学建模国赛真题+优秀论文/2021年国赛优秀论文A题-A115/A4.jpg;2021年数学建模国赛真题+优秀论文/2021年国赛优秀论文A题-A115/A5.jpg;2021年数学建模国赛真题+优秀论文/2021年国赛优秀论文A题-A115/A6.jpg;2021年数学建模国赛真题+优秀论文/2021年国赛优秀论文A题-A115/A7.jpg;2021年数学建模国赛真题+优秀论文/2021年国赛优秀论文A题-A115/A8.jpg;2021年数学建模国赛真题+优秀论文/2021年国赛优秀论文A题-A115/A9.jpg,
CUMCM-2021-A-A217,2021,A,PAPER,1,sequential image set under an explicit national-contest excellent-paper directory; OCR evidence contains title/abstract or model/problem-solving structure,OCR derivative first pages and terminal pages; page-level provenance and 799-page contract audit,PASS,2021年数学建模国赛真题+优秀论文/2021年国赛优秀论文A题-A217/A1.jpg;2021年数学建模国赛真题+优秀论文/2021年国赛优秀论文A题-A217/A10.jpg;2021年数学建模国赛真题+优秀论文/2021年国赛优秀论文A题-A217/A11.jpg;2021年数学建模国赛真题+优秀论文/2021年国赛优秀论文A题-A217/A12.jpg;2021年数学建模国赛真题+优秀论文/2021年国赛优秀论文A题-A217/A13.jpg;2021年数学建模国赛真题+优秀论文/2021年国赛优秀论文A题-A217/A14.jpg;2021年数学建模国赛真题+优秀论文/2021年国赛优秀论文A题-A217/A15.jpg;2021年数学建模国赛真题+优秀论文/2021年国赛优秀论文A题-A217/A16.jpg;2021年数学建模国赛真题+优秀论文/2021年国赛优秀论文A题-A217/A17.jpg;2021年数学建模国赛真题+优秀论文/2021年国赛优秀论文A题-A217/A18.jpg;2021年数学建模国赛真题+优秀论文/2021年国赛优秀论文A题-A217/A19.jpg;2021年数学建模国赛真题+优秀论文/2021年国赛优秀论文A题-A217/A2.jpg;2021年数学建模国赛真题+优秀论文/2021年国赛优秀论文A题-A217/A20.jpg;2021年数学建模国赛真题+优秀论文/2021年国赛优秀论文A题-A217/A21.jpg;2021年数学建模国赛真题+优秀论文/2021年国赛优秀论文A题-A217/A22.jpg;2021年数学建模国赛真题+优秀论文/2021年国赛优秀论文A题-A217/A23.jpg;2021年数学建模国赛真题+优秀论文/2021年国赛优秀论文A题-A217/A24.jpg;2021年数学建模国赛真题+优秀论文/2021年国赛优秀论文A题-A217/A25.jpg;2021年数学建模国赛真题+优秀论文/2021年国赛优秀论文A题-A217/A26.jpg;2021年数学建模国赛真题+优秀论文/2021年国赛优秀论文A题-A217/A27.jpg;2021年数学建模国赛真题+优秀论文/2021年国赛优秀论文A题-A217/A28.jpg;2021年数学建模国赛真题+优秀论文/2021年国赛优秀论文A题-A217/A29.jpg;2021年数学建模国赛真题+优秀论文/2021年国赛优秀论文A题-A217/A3.jpg;2021年数学建模国赛真题+优秀论文/2021年国赛优秀论文A题-A217/A30.jpg;2021年数学建模国赛真题+优秀论文/2021年国赛优秀论文A题-A217/A31.jpg;2021年数学建模国赛真题+优秀论文/2021年国赛优秀论文A题-A217/A32.jpg;2021年数学建模国赛真题+优秀论文/2021年国赛优秀论文A题-A217/A33.jpg;2021年数学建模国赛真题+优秀论文/2021年国赛优秀论文A题-A217/A34.jpg;2021年数学建模国赛真题+优秀论文/2021年国赛优秀论文A题-A217/A35.jpg;2021年数学建模国赛真题+优秀论文/2021年国赛优秀论文A题-A217/A36.jpg;2021年数学建模国赛真题+优秀论文/2021年国赛优秀论文A题-A217/A37.jpg;2021年数学建模国赛真题+优秀论文/2021年国赛优秀论文A题-A217/A38.jpg;2021年数学建模国赛真题+优秀论文/2021年国赛优秀论文A题-A217/A39.jpg;2021年数学建模国赛真题+优秀论文/2021年国赛优秀论文A题-A217/A4.jpg;2021年数学建模国赛真题+优秀论文/2021年国赛优秀论文A题-A217/A40.jpg;2021年数学建模国赛真题+优秀论文/2021年国赛优秀论文A题-A217/A41.jpg;2021年数学建模国赛真题+优秀论文/2021年国赛优秀论文A题-A217/A42.jpg;2021年数学建模国赛真题+优秀论文/2021年国赛优秀论文A题-A217/A43.jpg;2021年数学建模国赛真题+优秀论文/2021年国赛优秀论文A题-A217/A44.jpg;2021年数学建模国赛真题+优秀论文/2021年国赛优秀论文A题-A217/A45.jpg;2021年数学建模国赛真题+优秀论文/2021年国赛优秀论文A题-A217/A46.jpg;2021年数学建模国赛真题+优秀论文/2021年国赛优秀论文A题-A217/A47.jpg;2021年数学建模国赛真题+优秀论文/2021年国赛优秀论文A题-A217/A48.jpg;2021年数学建模国赛真题+优秀论文/2021年国赛优秀论文A题-A217/A49.jpg;2021年数学建模国赛真题+优秀论文/2021年国赛优秀论文A题-A217/A5.jpg;2021年数学建模国赛真题+优秀论文/2021年国赛优秀论文A题-A217/A50.jpg;2021年数学建模国赛真题+优秀论文/2021年国赛优秀论文A题-A217/A51.jpg;2021年数学建模国赛真题+优秀论文/2021年国赛优秀论文A题-A217/A52.jpg;2021年数学建模国赛真题+优秀论文/2021年国赛优秀论文A题-A217/A53.jpg;2021年数学建模国赛真题+优秀论文/2021年国赛优秀论文A题-A217/A54.jpg;2021年数学建模国赛真题+优秀论文/2021年国赛优秀论文A题-A217/A55.jpg;2021年数学建模国赛真题+优秀论文/2021年国赛优秀论文A题-A217/A56.jpg;2021年数学建模国赛真题+优秀论文/2021年国赛优秀论文A题-A217/A57.jpg;2021年数学建模国赛真题+优秀论文/2021年国赛优秀论文A题-A217/A58.jpg;2021年数学建模国赛真题+优秀论文/2021年国赛优秀论文A题-A217/A59.jpg;2021年数学建模国赛真题+优秀论文/2021年国赛优秀论文A题-A217/A6.jpg;2021年数学建模国赛真题+优秀论文/2021年国赛优秀论文A题-A217/A7.jpg;2021年数学建模国赛真题+优秀论文/2021年国赛优秀论文A题-A217/A8.jpg;2021年数学建模国赛真题+优秀论文/2021年国赛优秀论文A题-A217/A9.jpg,
CUMCM-2021-B-001,2021,B,PROBLEM_PACKAGE,0,problem-package path evidence,problem/attachment directory signal,PASS,2021年数学建模国赛真题+优秀论文/2021年国赛赛题/2021年国赛B题.pdf,.pdf
CUMCM-2021-B-B007,2021,B,PAPER,1,sequential image set under an explicit national-contest excellent-paper directory; OCR evidence contains title/abstract or model/problem-solving structure,OCR derivative first pages and terminal pages; page-level provenance and 799-page contract audit,PASS,2021年数学建模国赛真题+优秀论文/2021年国赛优秀论文B题-B007/B1.jpg;2021年数学建模国赛真题+优秀论文/2021年国赛优秀论文B题-B007/B10.jpg;2021年数学建模国赛真题+优秀论文/2021年国赛优秀论文B题-B007/B11.jpg;2021年数学建模国赛真题+优秀论文/2021年国赛优秀论文B题-B007/B12.jpg;2021年数学建模国赛真题+优秀论文/2021年国赛优秀论文B题-B007/B13.jpg;2021年数学建模国赛真题+优秀论文/2021年国赛优秀论文B题-B007/B14.jpg;2021年数学建模国赛真题+优秀论文/2021年国赛优秀论文B题-B007/B15.jpg;2021年数学建模国赛真题+优秀论文/2021年国赛优秀论文B题-B007/B16.jpg;2021年数学建模国赛真题+优秀论文/2021年国赛优秀论文B题-B007/B17.jpg;2021年数学建模国赛真题+优秀论文/2021年国赛优秀论文B题-B007/B18.jpg;2021年数学建模国赛真题+优秀论文/2021年国赛优秀论文B题-B007/B19.jpg;2021年数学建模国赛真题+优秀论文/2021年国赛优秀论文B题-B007/B2.jpg;2021年数学建模国赛真题+优秀论文/2021年国赛优秀论文B题-B007/B20.jpg;2021年数学建模国赛真题+优秀论文/2021年国赛优秀论文B题-B007/B21.jpg;2021年数学建模国赛真题+优秀论文/2021年国赛优秀论文B题-B007/B22.jpg;2021年数学建模国赛真题+优秀论文/2021年国赛优秀论文B题-B007/B23.jpg;2021年数学建模国赛真题+优秀论文/2021年国赛优秀论文B题-B007/B24.jpg;2021年数学建模国赛真题+优秀论文/2021年国赛优秀论文B题-B007/B25.jpg;2021年数学建模国赛真题+优秀论文/2021年国赛优秀论文B题-B007/B26.jpg;2021年数学建模国赛真题+优秀论文/2021年国赛优秀论文B题-B007/B27.jpg;2021年数学建模国赛真题+优秀论文/2021年国赛优秀论文B题-B007/B28.jpg;2021年数学建模国赛真题+优秀论文/2021年国赛优秀论文B题-B007/B29.jpg;2021年数学建模国赛真题+优秀论文/2021年国赛优秀论文B题-B007/B3.jpg;2021年数学建模国赛真题+优秀论文/2021年国赛优秀论文B题-B007/B30.jpg;2021年数学建模国赛真题+优秀论文/2021年国赛优秀论文B题-B007/B31.jpg;2021年数学建模国赛真题+优秀论文/2021年国赛优秀论文B题-B007/B32.jpg;2021年数学建模国赛真题+优秀论文/2021年国赛优秀论文B题-B007/B33.jpg;2021年数学建模国赛真题+优秀论文/2021年国赛优秀论文B题-B007/B34.jpg;2021年数学建模国赛真题+优秀论文/2021年国赛优秀论文B题-B007/B35.jpg;2021年数学建模国赛真题+优秀论文/2021年国赛优秀论文B题-B007/B36.jpg;2021年数学建模国赛真题+优秀论文/2021年国赛优秀论文B题-B007/B37.jpg;2021年数学建模国赛真题+优秀论文/2021年国赛优秀论文B题-B007/B38.jpg;2021年数学建模国赛真题+优秀论文/2021年国赛优秀论文B题-B007/B39.jpg;2021年数学建模国赛真题+优秀论文/2021年国赛优秀论文B题-B007/B4.jpg;2021年数学建模国赛真题+优秀论文/2021年国赛优秀论文B题-B007/B40.jpg;2021年数学建模国赛真题+优秀论文/2021年国赛优秀论文B题-B007/B41.jpg;2021年数学建模国赛真题+优秀论文/2021年国赛优秀论文B题-B007/B42.jpg;2021年数学建模国赛真题+优秀论文/2021年国赛优秀论文B题-B007/B43.jpg;2021年数学建模国赛真题+优秀论文/2021年国赛优秀论文B题-B007/B44.jpg;2021年数学建模国赛真题+优秀论文/2021年国赛优秀论文B题-B007/B45.jpg;2021年数学建模国赛真题+优秀论文/2021年国赛优秀论文B题-B007/B5.jpg;2021年数学建模国赛真题+优秀论文/2021年国赛优秀论文B题-B007/B6.jpg;2021年数学建模国赛真题+优秀论文/2021年国赛优秀论文B题-B007/B7.jpg;2021年数学建模国赛真题+优秀论文/2021年国赛优秀论文B题-B007/B8.jpg;2021年数学建模国赛真题+优秀论文/2021年国赛优秀论文B题-B007/B9.jpg,
CUMCM-2021-B-B026,2021,B,PAPER,1,sequential image set under an explicit national-contest excellent-paper directory; OCR evidence contains title/abstract or model/problem-solving structure,OCR derivative first pages and terminal pages; page-level provenance and 799-page contract audit,PASS,2021年数学建模国赛真题+优秀论文/2021年国赛优秀论文B题-B026/B1.jpg;2021年数学建模国赛真题+优秀论文/2021年国赛优秀论文B题-B026/B10.jpg;2021年数学建模国赛真题+优秀论文/2021年国赛优秀论文B题-B026/B11.jpg;2021年数学建模国赛真题+优秀论文/2021年国赛优秀论文B题-B026/B12.jpg;2021年数学建模国赛真题+优秀论文/2021年国赛优秀论文B题-B026/B13.jpg;2021年数学建模国赛真题+优秀论文/2021年国赛优秀论文B题-B026/B14.jpg;2021年数学建模国赛真题+优秀论文/2021年国赛优秀论文B题-B026/B15.jpg;2021年数学建模国赛真题+优秀论文/2021年国赛优秀论文B题-B026/B16.jpg;2021年数学建模国赛真题+优秀论文/2021年国赛优秀论文B题-B026/B17.jpg;2021年数学建模国赛真题+优秀论文/2021年国赛优秀论文B题-B026/B18.jpg;2021年数学建模国赛真题+优秀论文/2021年国赛优秀论文B题-B026/B19.jpg;2021年数学建模国赛真题+优秀论文/2021年国赛优秀论文B题-B026/B2.jpg;2021年数学建模国赛真题+优秀论文/2021年国赛优秀论文B题-B026/B20.jpg;2021年数学建模国赛真题+优秀论文/2021年国赛优秀论文B题-B026/B21.jpg;2021年数学建模国赛真题+优秀论文/2021年国赛优秀论文B题-B026/B22.jpg;2021年数学建模国赛真题+优秀论文/2021年国赛优秀论文B题-B026/B23.jpg;2021年数学建模国赛真题+优秀论文/2021年国赛优秀论文B题-B026/B24.jpg;2021年数学建模国赛真题+优秀论文/2021年国赛优秀论文B题-B026/B25.jpg;2021年数学建模国赛真题+优秀论文/2021年国赛优秀论文B题-B026/B26.jpg;2021年数学建模国赛真题+优秀论文/2021年国赛优秀论文B题-B026/B3.jpg;2021年数学建模国赛真题+优秀论文/2021年国赛优秀论文B题-B026/B4.jpg;2021年数学建模国赛真题+优秀论文/2021年国赛优秀论文B题-B026/B5.jpg;2021年数学建模国赛真题+优秀论文/2021年国赛优秀论文B题-B026/B6.jpg;2021年数学建模国赛真题+优秀论文/2021年国赛优秀论文B题-B026/B7.jpg;2021年数学建模国赛真题+优秀论文/2021年国赛优秀论文B题-B026/B8.jpg;2021年数学建模国赛真题+优秀论文/2021年国赛优秀论文B题-B026/B9.jpg,
CUMCM-2021-B-B050,2021,B,PAPER,1,sequential image set under an explicit national-contest excellent-paper directory; OCR evidence contains title/abstract or model/problem-solving structure,OCR derivative first pages and terminal pages; page-level provenance and 799-page contract audit,PASS,2021年数学建模国赛真题+优秀论文/2021年国赛优秀论文B题-B050/B1.jpg;2021年数学建模国赛真题+优秀论文/2021年国赛优秀论文B题-B050/B10.jpg;2021年数学建模国赛真题+优秀论文/2021年国赛优秀论文B题-B050/B11.jpg;2021年数学建模国赛真题+优秀论文/2021年国赛优秀论文B题-B050/B12.jpg;2021年数学建模国赛真题+优秀论文/2021年国赛优秀论文B题-B050/B13.jpg;2021年数学建模国赛真题+优秀论文/2021年国赛优秀论文B题-B050/B14.jpg;2021年数学建模国赛真题+优秀论文/2021年国赛优秀论文B题-B050/B15.jpg;2021年数学建模国赛真题+优秀论文/2021年国赛优秀论文B题-B050/B16.jpg;2021年数学建模国赛真题+优秀论文/2021年国赛优秀论文B题-B050/B17.jpg;2021年数学建模国赛真题+优秀论文/2021年国赛优秀论文B题-B050/B18.jpg;2021年数学建模国赛真题+优秀论文/2021年国赛优秀论文B题-B050/B19.jpg;2021年数学建模国赛真题+优秀论文/2021年国赛优秀论文B题-B050/B2.jpg;2021年数学建模国赛真题+优秀论文/2021年国赛优秀论文B题-B050/B20.jpg;2021年数学建模国赛真题+优秀论文/2021年国赛优秀论文B题-B050/B21.jpg;2021年数学建模国赛真题+优秀论文/2021年国赛优秀论文B题-B050/B22.jpg;2021年数学建模国赛真题+优秀论文/2021年国赛优秀论文B题-B050/B23.jpg;2021年数学建模国赛真题+优秀论文/2021年国赛优秀论文B题-B050/B24.jpg;2021年数学建模国赛真题+优秀论文/2021年国赛优秀论文B题-B050/B25.jpg;2021年数学建模国赛真题+优秀论文/2021年国赛优秀论文B题-B050/B26.jpg;2021年数学建模国赛真题+优秀论文/2021年国赛优秀论文B题-B050/B27.jpg;2021年数学建模国赛真题+优秀论文/2021年国赛优秀论文B题-B050/B28.jpg;2021年数学建模国赛真题+优秀论文/2021年国赛优秀论文B题-B050/B29.jpg;2021年数学建模国赛真题+优秀论文/2021年国赛优秀论文B题-B050/B3.jpg;2021年数学建模国赛真题+优秀论文/2021年国赛优秀论文B题-B050/B30.jpg;2021年数学建模国赛真题+优秀论文/2021年国赛优秀论文B题-B050/B31.jpg;2021年数学建模国赛真题+优秀论文/2021年国赛优秀论文B题-B050/B32.jpg;2021年数学建模国赛真题+优秀论文/2021年国赛优秀论文B题-B050/B33.jpg;2021年数学建模国赛真题+优秀论文/2021年国赛优秀论文B题-B050/B34.jpg;2021年数学建模国赛真题+优秀论文/2021年国赛优秀论文B题-B050/B35.jpg;2021年数学建模国赛真题+优秀论文/2021年国赛优秀论文B题-B050/B36.jpg;2021年数学建模国赛真题+优秀论文/2021年国赛优秀论文B题-B050/B37.jpg;2021年数学建模国赛真题+优秀论文/2021年国赛优秀论文B题-B050/B38.jpg;2021年数学建模国赛真题+优秀论文/2021年国赛优秀论文B题-B050/B39.jpg;2021年数学建模国赛真题+优秀论文/2021年国赛优秀论文B题-B050/B4.jpg;2021年数学建模国赛真题+优秀论文/2021年国赛优秀论文B题-B050/B40.jpg;2021年数学建模国赛真题+优秀论文/2021年国赛优秀论文B题-B050/B41.jpg;2021年数学建模国赛真题+优秀论文/2021年国赛优秀论文B题-B050/B42.jpg;2021年数学建模国赛真题+优秀论文/2021年国赛优秀论文B题-B050/B43.jpg;2021年数学建模国赛真题+优秀论文/2021年国赛优秀论文B题-B050/B44.jpg;2021年数学建模国赛真题+优秀论文/2021年国赛优秀论文B题-B050/B45.jpg;2021年数学建模国赛真题+优秀论文/2021年国赛优秀论文B题-B050/B46.jpg;2021年数学建模国赛真题+优秀论文/2021年国赛优秀论文B题-B050/B47.jpg;2021年数学建模国赛真题+优秀论文/2021年国赛优秀论文B题-B050/B48.jpg;2021年数学建模国赛真题+优秀论文/2021年国赛优秀论文B题-B050/B49.jpg;2021年数学建模国赛真题+优秀论文/2021年国赛优秀论文B题-B050/B5.jpg;2021年数学建模国赛真题+优秀论文/2021年国赛优秀论文B题-B050/B50.jpg;2021年数学建模国赛真题+优秀论文/2021年国赛优秀论文B题-B050/B51.jpg;2021年数学建模国赛真题+优秀论文/2021年国赛优秀论文B题-B050/B52.jpg;2021年数学建模国赛真题+优秀论文/2021年国赛优秀论文B题-B050/B53.jpg;2021年数学建模国赛真题+优秀论文/2021年国赛优秀论文B题-B050/B54.jpg;2021年数学建模国赛真题+优秀论文/2021年国赛优秀论文B题-B050/B55.jpg;2021年数学建模国赛真题+优秀论文/2021年国赛优秀论文B题-B050/B56.jpg;2021年数学建模国赛真题+优秀论文/2021年国赛优秀论文B题-B050/B57.jpg;2021年数学建模国赛真题+优秀论文/2021年国赛优秀论文B题-B050/B58.jpg;2021年数学建模国赛真题+优秀论文/2021年国赛优秀论文B题-B050/B59.jpg;2021年数学建模国赛真题+优秀论文/2021年国赛优秀论文B题-B050/B6.jpg;2021年数学建模国赛真题+优秀论文/2021年国赛优秀论文B题-B050/B7.jpg;2021年数学建模国赛真题+优秀论文/2021年国赛优秀论文B题-B050/B8.jpg;2021年数学建模国赛真题+优秀论文/2021年国赛优秀论文B题-B050/B9.jpg,
CUMCM-2021-B-B106,2021,B,PAPER,1,sequential image set under an explicit national-contest excellent-paper directory; OCR evidence contains title/abstract or model/problem-solving structure,OCR derivative first pages and terminal pages; page-level provenance and 799-page contract audit,PASS,2021年数学建模国赛真题+优秀论文/2021年国赛优秀论文B题-B106/B1.jpg;2021年数学建模国赛真题+优秀论文/2021年国赛优秀论文B题-B106/B10.jpg;2021年数学建模国赛真题+优秀论文/2021年国赛优秀论文B题-B106/B11.jpg;2021年数学建模国赛真题+优秀论文/2021年国赛优秀论文B题-B106/B12.jpg;2021年数学建模国赛真题+优秀论文/2021年国赛优秀论文B题-B106/B13.jpg;2021年数学建模国赛真题+优秀论文/2021年国赛优秀论文B题-B106/B14.jpg;2021年数学建模国赛真题+优秀论文/2021年国赛优秀论文B题-B106/B15.jpg;2021年数学建模国赛真题+优秀论文/2021年国赛优秀论文B题-B106/B16.jpg;2021年数学建模国赛真题+优秀论文/2021年国赛优秀论文B题-B106/B17.jpg;2021年数学建模国赛真题+优秀论文/2021年国赛优秀论文B题-B106/B18.jpg;2021年数学建模国赛真题+优秀论文/2021年国赛优秀论文B题-B106/B19.jpg;2021年数学建模国赛真题+优秀论文/2021年国赛优秀论文B题-B106/B2.jpg;2021年数学建模国赛真题+优秀论文/2021年国赛优秀论文B题-B106/B20.jpg;2021年数学建模国赛真题+优秀论文/2021年国赛优秀论文B题-B106/B21.jpg;2021年数学建模国赛真题+优秀论文/2021年国赛优秀论文B题-B106/B22.jpg;2021年数学建模国赛真题+优秀论文/2021年国赛优秀论文B题-B106/B23.jpg;2021年数学建模国赛真题+优秀论文/2021年国赛优秀论文B题-B106/B24.jpg;2021年数学建模国赛真题+优秀论文/2021年国赛优秀论文B题-B106/B25.jpg;2021年数学建模国赛真题+优秀论文/2021年国赛优秀论文B题-B106/B26.jpg;2021年数学建模国赛真题+优秀论文/2021年国赛优秀论文B题-B106/B27.jpg;2021年数学建模国赛真题+优秀论文/2021年国赛优秀论文B题-B106/B28.jpg;2021年数学建模国赛真题+优秀论文/2021年国赛优秀论文B题-B106/B3.jpg;2021年数学建模国赛真题+优秀论文/2021年国赛优秀论文B题-B106/B4.jpg;2021年数学建模国赛真题+优秀论文/2021年国赛优秀论文B题-B106/B5.jpg;2021年数学建模国赛真题+优秀论文/2021年国赛优秀论文B题-B106/B6.jpg;2021年数学建模国赛真题+优秀论文/2021年国赛优秀论文B题-B106/B7.jpg;2021年数学建模国赛真题+优秀论文/2021年国赛优秀论文B题-B106/B8.jpg;2021年数学建模国赛真题+优秀论文/2021年国赛优秀论文B题-B106/B9.jpg,
CUMCM-2021-C-001,2021,C,PROBLEM_PACKAGE,0,problem-package path evidence,problem/attachment directory signal,PASS,2021年数学建模国赛真题+优秀论文/2021年国赛赛题/2021年国赛C题.pdf,.pdf
CUMCM-2021-C-C066,2021,C,PAPER,1,sequential image set under an explicit national-contest excellent-paper directory; OCR evidence contains title/abstract or model/problem-solving structure,OCR derivative first pages and terminal pages; page-level provenance and 799-page contract audit,PASS,2021年数学建模国赛真题+优秀论文/2021年国赛优秀论文C题-C066/C1.jpg;2021年数学建模国赛真题+优秀论文/2021年国赛优秀论文C题-C066/C10.jpg;2021年数学建模国赛真题+优秀论文/2021年国赛优秀论文C题-C066/C11.jpg;2021年数学建模国赛真题+优秀论文/2021年国赛优秀论文C题-C066/C12.jpg;2021年数学建模国赛真题+优秀论文/2021年国赛优秀论文C题-C066/C13.jpg;2021年数学建模国赛真题+优秀论文/2021年国赛优秀论文C题-C066/C14.jpg;2021年数学建模国赛真题+优秀论文/2021年国赛优秀论文C题-C066/C15.jpg;2021年数学建模国赛真题+优秀论文/2021年国赛优秀论文C题-C066/C16.jpg;2021年数学建模国赛真题+优秀论文/2021年国赛优秀论文C题-C066/C17.jpg;2021年数学建模国赛真题+优秀论文/2021年国赛优秀论文C题-C066/C18.jpg;2021年数学建模国赛真题+优秀论文/2021年国赛优秀论文C题-C066/C19.jpg;2021年数学建模国赛真题+优秀论文/2021年国赛优秀论文C题-C066/C2.jpg;2021年数学建模国赛真题+优秀论文/2021年国赛优秀论文C题-C066/C20.jpg;2021年数学建模国赛真题+优秀论文/2021年国赛优秀论文C题-C066/C21.jpg;2021年数学建模国赛真题+优秀论文/2021年国赛优秀论文C题-C066/C22.jpg;2021年数学建模国赛真题+优秀论文/2021年国赛优秀论文C题-C066/C23.jpg;2021年数学建模国赛真题+优秀论文/2021年国赛优秀论文C题-C066/C24.jpg;2021年数学建模国赛真题+优秀论文/2021年国赛优秀论文C题-C066/C25.jpg;2021年数学建模国赛真题+优秀论文/2021年国赛优秀论文C题-C066/C26.jpg;2021年数学建模国赛真题+优秀论文/2021年国赛优秀论文C题-C066/C27.jpg;2021年数学建模国赛真题+优秀论文/2021年国赛优秀论文C题-C066/C28.jpg;2021年数学建模国赛真题+优秀论文/2021年国赛优秀论文C题-C066/C29.jpg;2021年数学建模国赛真题+优秀论文/2021年国赛优秀论文C题-C066/C3.jpg;2021年数学建模国赛真题+优秀论文/2021年国赛优秀论文C题-C066/C30.jpg;2021年数学建模国赛真题+优秀论文/2021年国赛优秀论文C题-C066/C31.jpg;2021年数学建模国赛真题+优秀论文/2021年国赛优秀论文C题-C066/C32.jpg;2021年数学建模国赛真题+优秀论文/2021年国赛优秀论文C题-C066/C33.jpg;2021年数学建模国赛真题+优秀论文/2021年国赛优秀论文C题-C066/C34.jpg;2021年数学建模国赛真题+优秀论文/2021年国赛优秀论文C题-C066/C35.jpg;2021年数学建模国赛真题+优秀论文/2021年国赛优秀论文C题-C066/C36.jpg;2021年数学建模国赛真题+优秀论文/2021年国赛优秀论文C题-C066/C37.jpg;2021年数学建模国赛真题+优秀论文/2021年国赛优秀论文C题-C066/C38.jpg;2021年数学建模国赛真题+优秀论文/2021年国赛优秀论文C题-C066/C39.jpg;2021年数学建模国赛真题+优秀论文/2021年国赛优秀论文C题-C066/C4.jpg;2021年数学建模国赛真题+优秀论文/2021年国赛优秀论文C题-C066/C40.jpg;2021年数学建模国赛真题+优秀论文/2021年国赛优秀论文C题-C066/C41.jpg;2021年数学建模国赛真题+优秀论文/2021年国赛优秀论文C题-C066/C42.jpg;2021年数学建模国赛真题+优秀论文/2021年国赛优秀论文C题-C066/C43.jpg;2021年数学建模国赛真题+优秀论文/2021年国赛优秀论文C题-C066/C44.jpg;2021年数学建模国赛真题+优秀论文/2021年国赛优秀论文C题-C066/C45.jpg;2021年数学建模国赛真题+优秀论文/2021年国赛优秀论文C题-C066/C46.jpg;2021年数学建模国赛真题+优秀论文/2021年国赛优秀论文C题-C066/C47.jpg;2021年数学建模国赛真题+优秀论文/2021年国赛优秀论文C题-C066/C48.jpg;2021年数学建模国赛真题+优秀论文/2021年国赛优秀论文C题-C066/C49.jpg;2021年数学建模国赛真题+优秀论文/2021年国赛优秀论文C题-C066/C5.jpg;2021年数学建模国赛真题+优秀论文/2021年国赛优秀论文C题-C066/C50.jpg;2021年数学建模国赛真题+优秀论文/2021年国赛优秀论文C题-C066/C51.jpg;2021年数学建模国赛真题+优秀论文/2021年国赛优秀论文C题-C066/C52.jpg;2021年数学建模国赛真题+优秀论文/2021年国赛优秀论文C题-C066/C53.jpg;2021年数学建模国赛真题+优秀论文/2021年国赛优秀论文C题-C066/C54.jpg;2021年数学建模国赛真题+优秀论文/2021年国赛优秀论文C题-C066/C55.jpg;2021年数学建模国赛真题+优秀论文/2021年国赛优秀论文C题-C066/C56.jpg;2021年数学建模国赛真题+优秀论文/2021年国赛优秀论文C题-C066/C57.jpg;2021年数学建模国赛真题+优秀论文/2021年国赛优秀论文C题-C066/C58.jpg;2021年数学建模国赛真题+优秀论文/2021年国赛优秀论文C题-C066/C59.jpg;2021年数学建模国赛真题+优秀论文/2021年国赛优秀论文C题-C066/C6.jpg;2021年数学建模国赛真题+优秀论文/2021年国赛优秀论文C题-C066/C60.jpg;2021年数学建模国赛真题+优秀论文/2021年国赛优秀论文C题-C066/C7.jpg;2021年数学建模国赛真题+优秀论文/2021年国赛优秀论文C题-C066/C8.jpg;2021年数学建模国赛真题+优秀论文/2021年国赛优秀论文C题-C066/C9.jpg,
CUMCM-2021-C-C085,2021,C,PAPER,1,sequential image set under an explicit national-contest excellent-paper directory; OCR evidence contains title/abstract or model/problem-solving structure,OCR derivative first pages and terminal pages; page-level provenance and 799-page contract audit,PASS,2021年数学建模国赛真题+优秀论文/2021年国赛优秀论文C题-C085/C1.jpg;2021年数学建模国赛真题+优秀论文/2021年国赛优秀论文C题-C085/C10.jpg;2021年数学建模国赛真题+优秀论文/2021年国赛优秀论文C题-C085/C11.jpg;2021年数学建模国赛真题+优秀论文/2021年国赛优秀论文C题-C085/C12.jpg;2021年数学建模国赛真题+优秀论文/2021年国赛优秀论文C题-C085/C13.jpg;2021年数学建模国赛真题+优秀论文/2021年国赛优秀论文C题-C085/C14.jpg;2021年数学建模国赛真题+优秀论文/2021年国赛优秀论文C题-C085/C15.jpg;2021年数学建模国赛真题+优秀论文/2021年国赛优秀论文C题-C085/C16.jpg;2021年数学建模国赛真题+优秀论文/2021年国赛优秀论文C题-C085/C17.jpg;2021年数学建模国赛真题+优秀论文/2021年国赛优秀论文C题-C085/C18.jpg;2021年数学建模国赛真题+优秀论文/2021年国赛优秀论文C题-C085/C19.jpg;2021年数学建模国赛真题+优秀论文/2021年国赛优秀论文C题-C085/C2.jpg;2021年数学建模国赛真题+优秀论文/2021年国赛优秀论文C题-C085/C20.jpg;2021年数学建模国赛真题+优秀论文/2021年国赛优秀论文C题-C085/C21.jpg;2021年数学建模国赛真题+优秀论文/2021年国赛优秀论文C题-C085/C22.jpg;2021年数学建模国赛真题+优秀论文/2021年国赛优秀论文C题-C085/C23.jpg;2021年数学建模国赛真题+优秀论文/2021年国赛优秀论文C题-C085/C24.jpg;2021年数学建模国赛真题+优秀论文/2021年国赛优秀论文C题-C085/C25.jpg;2021年数学建模国赛真题+优秀论文/2021年国赛优秀论文C题-C085/C26.jpg;2021年数学建模国赛真题+优秀论文/2021年国赛优秀论文C题-C085/C27.jpg;2021年数学建模国赛真题+优秀论文/2021年国赛优秀论文C题-C085/C28.jpg;2021年数学建模国赛真题+优秀论文/2021年国赛优秀论文C题-C085/C29.jpg;2021年数学建模国赛真题+优秀论文/2021年国赛优秀论文C题-C085/C3.jpg;2021年数学建模国赛真题+优秀论文/2021年国赛优秀论文C题-C085/C30.jpg;2021年数学建模国赛真题+优秀论文/2021年国赛优秀论文C题-C085/C31.jpg;2021年数学建模国赛真题+优秀论文/2021年国赛优秀论文C题-C085/C32.jpg;2021年数学建模国赛真题+优秀论文/2021年国赛优秀论文C题-C085/C33.jpg;2021年数学建模国赛真题+优秀论文/2021年国赛优秀论文C题-C085/C34.jpg;2021年数学建模国赛真题+优秀论文/2021年国赛优秀论文C题-C085/C35.jpg;2021年数学建模国赛真题+优秀论文/2021年国赛优秀论文C题-C085/C36.jpg;2021年数学建模国赛真题+优秀论文/2021年国赛优秀论文C题-C085/C37.jpg;2021年数学建模国赛真题+优秀论文/2021年国赛优秀论文C题-C085/C38.jpg;2021年数学建模国赛真题+优秀论文/2021年国赛优秀论文C题-C085/C39.jpg;2021年数学建模国赛真题+优秀论文/2021年国赛优秀论文C题-C085/C4.jpg;2021年数学建模国赛真题+优秀论文/2021年国赛优秀论文C题-C085/C40.jpg;2021年数学建模国赛真题+优秀论文/2021年国赛优秀论文C题-C085/C41.jpg;2021年数学建模国赛真题+优秀论文/2021年国赛优秀论文C题-C085/C42.jpg;2021年数学建模国赛真题+优秀论文/2021年国赛优秀论文C题-C085/C43.jpg;2021年数学建模国赛真题+优秀论文/2021年国赛优秀论文C题-C085/C44.jpg;2021年数学建模国赛真题+优秀论文/2021年国赛优秀论文C题-C085/C45.jpg;2021年数学建模国赛真题+优秀论文/2021年国赛优秀论文C题-C085/C46.jpg;2021年数学建模国赛真题+优秀论文/2021年国赛优秀论文C题-C085/C47.jpg;2021年数学建模国赛真题+优秀论文/2021年国赛优秀论文C题-C085/C48.jpg;2021年数学建模国赛真题+优秀论文/2021年国赛优秀论文C题-C085/C49.jpg;2021年数学建模国赛真题+优秀论文/2021年国赛优秀论文C题-C085/C5.jpg;2021年数学建模国赛真题+优秀论文/2021年国赛优秀论文C题-C085/C50.jpg;2021年数学建模国赛真题+优秀论文/2021年国赛优秀论文C题-C085/C51.jpg;2021年数学建模国赛真题+优秀论文/2021年国赛优秀论文C题-C085/C52.jpg;2021年数学建模国赛真题+优秀论文/2021年国赛优秀论文C题-C085/C53.jpg;2021年数学建模国赛真题+优秀论文/2021年国赛优秀论文C题-C085/C54.jpg;2021年数学建模国赛真题+优秀论文/2021年国赛优秀论文C题-C085/C55.jpg;2021年数学建模国赛真题+优秀论文/2021年国赛优秀论文C题-C085/C56.jpg;2021年数学建模国赛真题+优秀论文/2021年国赛优秀论文C题-C085/C6.jpg;2021年数学建模国赛真题+优秀论文/2021年国赛优秀论文C题-C085/C7.jpg;2021年数学建模国赛真题+优秀论文/2021年国赛优秀论文C题-C085/C8.jpg;2021年数学建模国赛真题+优秀论文/2021年国赛优秀论文C题-C085/C9.jpg,
CUMCM-2021-C-C169,2021,C,PAPER,1,sequential image set under an explicit national-contest excellent-paper directory; OCR evidence contains title/abstract or model/problem-solving structure,OCR derivative first pages and terminal pages; page-level provenance and 799-page contract audit,PASS,2021年数学建模国赛真题+优秀论文/2021年国赛优秀论文C题-C169/C1.jpg;2021年数学建模国赛真题+优秀论文/2021年国赛优秀论文C题-C169/C10.jpg;2021年数学建模国赛真题+优秀论文/2021年国赛优秀论文C题-C169/C11.jpg;2021年数学建模国赛真题+优秀论文/2021年国赛优秀论文C题-C169/C12.jpg;2021年数学建模国赛真题+优秀论文/2021年国赛优秀论文C题-C169/C13.jpg;2021年数学建模国赛真题+优秀论文/2021年国赛优秀论文C题-C169/C14.jpg;2021年数学建模国赛真题+优秀论文/2021年国赛优秀论文C题-C169/C15.jpg;2021年数学建模国赛真题+优秀论文/2021年国赛优秀论文C题-C169/C16.jpg;2021年数学建模国赛真题+优秀论文/2021年国赛优秀论文C题-C169/C17.jpg;2021年数学建模国赛真题+优秀论文/2021年国赛优秀论文C题-C169/C18.jpg;2021年数学建模国赛真题+优秀论文/2021年国赛优秀论文C题-C169/C19.jpg;2021年数学建模国赛真题+优秀论文/2021年国赛优秀论文C题-C169/C2.jpg;2021年数学建模国赛真题+优秀论文/2021年国赛优秀论文C题-C169/C20.jpg;2021年数学建模国赛真题+优秀论文/2021年国赛优秀论文C题-C169/C21.jpg;2021年数学建模国赛真题+优秀论文/2021年国赛优秀论文C题-C169/C22.jpg;2021年数学建模国赛真题+优秀论文/2021年国赛优秀论文C题-C169/C23.jpg;2021年数学建模国赛真题+优秀论文/2021年国赛优秀论文C题-C169/C24.jpg;2021年数学建模国赛真题+优秀论文/2021年国赛优秀论文C题-C169/C25.jpg;2021年数学建模国赛真题+优秀论文/2021年国赛优秀论文C题-C169/C26.jpg;2021年数学建模国赛真题+优秀论文/2021年国赛优秀论文C题-C169/C27.jpg;2021年数学建模国赛真题+优秀论文/2021年国赛优秀论文C题-C169/C28.jpg;2021年数学建模国赛真题+优秀论文/2021年国赛优秀论文C题-C169/C29.jpg;2021年数学建模国赛真题+优秀论文/2021年国赛优秀论文C题-C169/C3.jpg;2021年数学建模国赛真题+优秀论文/2021年国赛优秀论文C题-C169/C30.jpg;2021年数学建模国赛真题+优秀论文/2021年国赛优秀论文C题-C169/C31.jpg;2021年数学建模国赛真题+优秀论文/2021年国赛优秀论文C题-C169/C32.jpg;2021年数学建模国赛真题+优秀论文/2021年国赛优秀论文C题-C169/C33.jpg;2021年数学建模国赛真题+优秀论文/2021年国赛优秀论文C题-C169/C34.jpg;2021年数学建模国赛真题+优秀论文/2021年国赛优秀论文C题-C169/C35.jpg;2021年数学建模国赛真题+优秀论文/2021年国赛优秀论文C题-C169/C36.jpg;2021年数学建模国赛真题+优秀论文/2021年国赛优秀论文C题-C169/C37.jpg;2021年数学建模国赛真题+优秀论文/2021年国赛优秀论文C题-C169/C38.jpg;2021年数学建模国赛真题+优秀论文/2021年国赛优秀论文C题-C169/C39.jpg;2021年数学建模国赛真题+优秀论文/2021年国赛优秀论文C题-C169/C4.jpg;2021年数学建模国赛真题+优秀论文/2021年国赛优秀论文C题-C169/C40.jpg;2021年数学建模国赛真题+优秀论文/2021年国赛优秀论文C题-C169/C41.jpg;2021年数学建模国赛真题+优秀论文/2021年国赛优秀论文C题-C169/C42.jpg;2021年数学建模国赛真题+优秀论文/2021年国赛优秀论文C题-C169/C43.jpg;2021年数学建模国赛真题+优秀论文/2021年国赛优秀论文C题-C169/C44.jpg;2021年数学建模国赛真题+优秀论文/2021年国赛优秀论文C题-C169/C45.jpg;2021年数学建模国赛真题+优秀论文/2021年国赛优秀论文C题-C169/C46.jpg;2021年数学建模国赛真题+优秀论文/2021年国赛优秀论文C题-C169/C47.jpg;2021年数学建模国赛真题+优秀论文/2021年国赛优秀论文C题-C169/C48.jpg;2021年数学建模国赛真题+优秀论文/2021年国赛优秀论文C题-C169/C49.jpg;2021年数学建模国赛真题+优秀论文/2021年国赛优秀论文C题-C169/C5.jpg;2021年数学建模国赛真题+优秀论文/2021年国赛优秀论文C题-C169/C50.jpg;2021年数学建模国赛真题+优秀论文/2021年国赛优秀论文C题-C169/C51.jpg;2021年数学建模国赛真题+优秀论文/2021年国赛优秀论文C题-C169/C6.jpg;2021年数学建模国赛真题+优秀论文/2021年国赛优秀论文C题-C169/C7.jpg;2021年数学建模国赛真题+优秀论文/2021年国赛优秀论文C题-C169/C8.jpg;2021年数学建模国赛真题+优秀论文/2021年国赛优秀论文C题-C169/C9.jpg,
CUMCM-2021-C-C283,2021,C,PAPER,1,sequential image set under an explicit national-contest excellent-paper directory; OCR evidence contains title/abstract or model/problem-solving structure,OCR derivative first pages and terminal pages; page-level provenance and 799-page contract audit,PASS,2021年数学建模国赛真题+优秀论文/2021年国赛优秀论文C题-C283/C1.jpg;2021年数学建模国赛真题+优秀论文/2021年国赛优秀论文C题-C283/C10.jpg;2021年数学建模国赛真题+优秀论文/2021年国赛优秀论文C题-C283/C11.jpg;2021年数学建模国赛真题+优秀论文/2021年国赛优秀论文C题-C283/C12.jpg;2021年数学建模国赛真题+优秀论文/2021年国赛优秀论文C题-C283/C13.jpg;2021年数学建模国赛真题+优秀论文/2021年国赛优秀论文C题-C283/C14.jpg;2021年数学建模国赛真题+优秀论文/2021年国赛优秀论文C题-C283/C15.jpg;2021年数学建模国赛真题+优秀论文/2021年国赛优秀论文C题-C283/C16.jpg;2021年数学建模国赛真题+优秀论文/2021年国赛优秀论文C题-C283/C17.jpg;2021年数学建模国赛真题+优秀论文/2021年国赛优秀论文C题-C283/C18.jpg;2021年数学建模国赛真题+优秀论文/2021年国赛优秀论文C题-C283/C19.jpg;2021年数学建模国赛真题+优秀论文/2021年国赛优秀论文C题-C283/C2.jpg;2021年数学建模国赛真题+优秀论文/2021年国赛优秀论文C题-C283/C20.jpg;2021年数学建模国赛真题+优秀论文/2021年国赛优秀论文C题-C283/C21.jpg;2021年数学建模国赛真题+优秀论文/2021年国赛优秀论文C题-C283/C22.jpg;2021年数学建模国赛真题+优秀论文/2021年国赛优秀论文C题-C283/C23.jpg;2021年数学建模国赛真题+优秀论文/2021年国赛优秀论文C题-C283/C24.jpg;2021年数学建模国赛真题+优秀论文/2021年国赛优秀论文C题-C283/C25.jpg;2021年数学建模国赛真题+优秀论文/2021年国赛优秀论文C题-C283/C26.jpg;2021年数学建模国赛真题+优秀论文/2021年国赛优秀论文C题-C283/C27.jpg;2021年数学建模国赛真题+优秀论文/2021年国赛优秀论文C题-C283/C28.jpg;2021年数学建模国赛真题+优秀论文/2021年国赛优秀论文C题-C283/C29.jpg;2021年数学建模国赛真题+优秀论文/2021年国赛优秀论文C题-C283/C3.jpg;2021年数学建模国赛真题+优秀论文/2021年国赛优秀论文C题-C283/C30.jpg;2021年数学建模国赛真题+优秀论文/2021年国赛优秀论文C题-C283/C31.jpg;2021年数学建模国赛真题+优秀论文/2021年国赛优秀论文C题-C283/C32.jpg;2021年数学建模国赛真题+优秀论文/2021年国赛优秀论文C题-C283/C33.jpg;2021年数学建模国赛真题+优秀论文/2021年国赛优秀论文C题-C283/C34.jpg;2021年数学建模国赛真题+优秀论文/2021年国赛优秀论文C题-C283/C35.jpg;2021年数学建模国赛真题+优秀论文/2021年国赛优秀论文C题-C283/C36.jpg;2021年数学建模国赛真题+优秀论文/2021年国赛优秀论文C题-C283/C37.jpg;2021年数学建模国赛真题+优秀论文/2021年国赛优秀论文C题-C283/C38.jpg;2021年数学建模国赛真题+优秀论文/2021年国赛优秀论文C题-C283/C39.jpg;2021年数学建模国赛真题+优秀论文/2021年国赛优秀论文C题-C283/C4.jpg;2021年数学建模国赛真题+优秀论文/2021年国赛优秀论文C题-C283/C40.jpg;2021年数学建模国赛真题+优秀论文/2021年国赛优秀论文C题-C283/C41.jpg;2021年数学建模国赛真题+优秀论文/2021年国赛优秀论文C题-C283/C42.jpg;2021年数学建模国赛真题+优秀论文/2021年国赛优秀论文C题-C283/C43.jpg;2021年数学建模国赛真题+优秀论文/2021年国赛优秀论文C题-C283/C44.jpg;2021年数学建模国赛真题+优秀论文/2021年国赛优秀论文C题-C283/C45.jpg;2021年数学建模国赛真题+优秀论文/2021年国赛优秀论文C题-C283/C46.jpg;2021年数学建模国赛真题+优秀论文/2021年国赛优秀论文C题-C283/C47.jpg;2021年数学建模国赛真题+优秀论文/2021年国赛优秀论文C题-C283/C48.jpg;2021年数学建模国赛真题+优秀论文/2021年国赛优秀论文C题-C283/C49.jpg;2021年数学建模国赛真题+优秀论文/2021年国赛优秀论文C题-C283/C5.jpg;2021年数学建模国赛真题+优秀论文/2021年国赛优秀论文C题-C283/C50.jpg;2021年数学建模国赛真题+优秀论文/2021年国赛优秀论文C题-C283/C51.jpg;2021年数学建模国赛真题+优秀论文/2021年国赛优秀论文C题-C283/C52.jpg;2021年数学建模国赛真题+优秀论文/2021年国赛优秀论文C题-C283/C53.jpg;2021年数学建模国赛真题+优秀论文/2021年国赛优秀论文C题-C283/C54.jpg;2021年数学建模国赛真题+优秀论文/2021年国赛优秀论文C题-C283/C55.jpg;2021年数学建模国赛真题+优秀论文/2021年国赛优秀论文C题-C283/C56.jpg;2021年数学建模国赛真题+优秀论文/2021年国赛优秀论文C题-C283/C57.jpg;2021年数学建模国赛真题+优秀论文/2021年国赛优秀论文C题-C283/C58.jpg;2021年数学建模国赛真题+优秀论文/2021年国赛优秀论文C题-C283/C6.jpg;2021年数学建模国赛真题+优秀论文/2021年国赛优秀论文C题-C283/C7.jpg;2021年数学建模国赛真题+优秀论文/2021年国赛优秀论文C题-C283/C8.jpg;2021年数学建模国赛真题+优秀论文/2021年国赛优秀论文C题-C283/C9.jpg,
CUMCM-2021-D-001,2021,D,PROBLEM_PACKAGE,0,problem-package path evidence,problem/attachment directory signal,PASS,2021年数学建模国赛真题+优秀论文/2021年国赛赛题/2021年国赛D题.pdf,.pdf
CUMCM-2021-D-D017,2021,D,PAPER,1,sequential image set under an explicit national-contest excellent-paper directory; OCR evidence contains title/abstract or model/problem-solving structure,OCR derivative first pages and terminal pages; page-level provenance and 799-page contract audit,PASS,2021年数学建模国赛真题+优秀论文/2021年国赛优秀论文D题-D017/D1.jpg;2021年数学建模国赛真题+优秀论文/2021年国赛优秀论文D题-D017/D10.jpg;2021年数学建模国赛真题+优秀论文/2021年国赛优秀论文D题-D017/D11.jpg;2021年数学建模国赛真题+优秀论文/2021年国赛优秀论文D题-D017/D12.jpg;2021年数学建模国赛真题+优秀论文/2021年国赛优秀论文D题-D017/D13.jpg;2021年数学建模国赛真题+优秀论文/2021年国赛优秀论文D题-D017/D14.jpg;2021年数学建模国赛真题+优秀论文/2021年国赛优秀论文D题-D017/D15.jpg;2021年数学建模国赛真题+优秀论文/2021年国赛优秀论文D题-D017/D16.jpg;2021年数学建模国赛真题+优秀论文/2021年国赛优秀论文D题-D017/D17.jpg;2021年数学建模国赛真题+优秀论文/2021年国赛优秀论文D题-D017/D18.jpg;2021年数学建模国赛真题+优秀论文/2021年国赛优秀论文D题-D017/D19.jpg;2021年数学建模国赛真题+优秀论文/2021年国赛优秀论文D题-D017/D2.jpg;2021年数学建模国赛真题+优秀论文/2021年国赛优秀论文D题-D017/D20.jpg;2021年数学建模国赛真题+优秀论文/2021年国赛优秀论文D题-D017/D21.jpg;2021年数学建模国赛真题+优秀论文/2021年国赛优秀论文D题-D017/D3.jpg;2021年数学建模国赛真题+优秀论文/2021年国赛优秀论文D题-D017/D4.jpg;2021年数学建模国赛真题+优秀论文/2021年国赛优秀论文D题-D017/D5.jpg;2021年数学建模国赛真题+优秀论文/2021年国赛优秀论文D题-D017/D6.jpg;2021年数学建模国赛真题+优秀论文/2021年国赛优秀论文D题-D017/D7.jpg;2021年数学建模国赛真题+优秀论文/2021年国赛优秀论文D题-D017/D8.jpg;2021年数学建模国赛真题+优秀论文/2021年国赛优秀论文D题-D017/D9.jpg,
CUMCM-2021-D-D026,2021,D,PAPER,1,sequential image set under an explicit national-contest excellent-paper directory; OCR evidence contains title/abstract or model/problem-solving structure,OCR derivative first pages and terminal pages; page-level provenance and 799-page contract audit,PASS,2021年数学建模国赛真题+优秀论文/2021年国赛优秀论文D题-D026/D1.jpg;2021年数学建模国赛真题+优秀论文/2021年国赛优秀论文D题-D026/D10.jpg;2021年数学建模国赛真题+优秀论文/2021年国赛优秀论文D题-D026/D11.jpg;2021年数学建模国赛真题+优秀论文/2021年国赛优秀论文D题-D026/D12.jpg;2021年数学建模国赛真题+优秀论文/2021年国赛优秀论文D题-D026/D13.jpg;2021年数学建模国赛真题+优秀论文/2021年国赛优秀论文D题-D026/D14.jpg;2021年数学建模国赛真题+优秀论文/2021年国赛优秀论文D题-D026/D15.jpg;2021年数学建模国赛真题+优秀论文/2021年国赛优秀论文D题-D026/D16.jpg;2021年数学建模国赛真题+优秀论文/2021年国赛优秀论文D题-D026/D17.jpg;2021年数学建模国赛真题+优秀论文/2021年国赛优秀论文D题-D026/D18.jpg;2021年数学建模国赛真题+优秀论文/2021年国赛优秀论文D题-D026/D19.jpg;2021年数学建模国赛真题+优秀论文/2021年国赛优秀论文D题-D026/D2.jpg;2021年数学建模国赛真题+优秀论文/2021年国赛优秀论文D题-D026/D20.jpg;2021年数学建模国赛真题+优秀论文/2021年国赛优秀论文D题-D026/D21.jpg;2021年数学建模国赛真题+优秀论文/2021年国赛优秀论文D题-D026/D22.jpg;2021年数学建模国赛真题+优秀论文/2021年国赛优秀论文D题-D026/D23.jpg;2021年数学建模国赛真题+优秀论文/2021年国赛优秀论文D题-D026/D24.jpg;2021年数学建模国赛真题+优秀论文/2021年国赛优秀论文D题-D026/D25.jpg;2021年数学建模国赛真题+优秀论文/2021年国赛优秀论文D题-D026/D26.jpg;2021年数学建模国赛真题+优秀论文/2021年国赛优秀论文D题-D026/D27.jpg;2021年数学建模国赛真题+优秀论文/2021年国赛优秀论文D题-D026/D28.jpg;2021年数学建模国赛真题+优秀论文/2021年国赛优秀论文D题-D026/D29.jpg;2021年数学建模国赛真题+优秀论文/2021年国赛优秀论文D题-D026/D3.jpg;2021年数学建模国赛真题+优秀论文/2021年国赛优秀论文D题-D026/D30.jpg;2021年数学建模国赛真题+优秀论文/2021年国赛优秀论文D题-D026/D31.jpg;2021年数学建模国赛真题+优秀论文/2021年国赛优秀论文D题-D026/D32.jpg;2021年数学建模国赛真题+优秀论文/2021年国赛优秀论文D题-D026/D33.jpg;2021年数学建模国赛真题+优秀论文/2021年国赛优秀论文D题-D026/D34.jpg;2021年数学建模国赛真题+优秀论文/2021年国赛优秀论文D题-D026/D35.jpg;2021年数学建模国赛真题+优秀论文/2021年国赛优秀论文D题-D026/D36.jpg;2021年数学建模国赛真题+优秀论文/2021年国赛优秀论文D题-D026/D4.jpg;2021年数学建模国赛真题+优秀论文/2021年国赛优秀论文D题-D026/D5.jpg;2021年数学建模国赛真题+优秀论文/2021年国赛优秀论文D题-D026/D6.jpg;2021年数学建模国赛真题+优秀论文/2021年国赛优秀论文D题-D026/D7.jpg;2021年数学建模国赛真题+优秀论文/2021年国赛优秀论文D题-D026/D8.jpg;2021年数学建模国赛真题+优秀论文/2021年国赛优秀论文D题-D026/D9.jpg,
CUMCM-2021-D-D034,2021,D,PAPER,1,sequential image set under an explicit national-contest excellent-paper directory; OCR evidence contains title/abstract or model/problem-solving structure,OCR derivative first pages and terminal pages; page-level provenance and 799-page contract audit,PASS,2021年数学建模国赛真题+优秀论文/2021年国赛优秀论文D题-D034/D1.jpg;2021年数学建模国赛真题+优秀论文/2021年国赛优秀论文D题-D034/D10.jpg;2021年数学建模国赛真题+优秀论文/2021年国赛优秀论文D题-D034/D11.jpg;2021年数学建模国赛真题+优秀论文/2021年国赛优秀论文D题-D034/D12.jpg;2021年数学建模国赛真题+优秀论文/2021年国赛优秀论文D题-D034/D13.jpg;2021年数学建模国赛真题+优秀论文/2021年国赛优秀论文D题-D034/D14.jpg;2021年数学建模国赛真题+优秀论文/2021年国赛优秀论文D题-D034/D15.jpg;2021年数学建模国赛真题+优秀论文/2021年国赛优秀论文D题-D034/D16.jpg;2021年数学建模国赛真题+优秀论文/2021年国赛优秀论文D题-D034/D17.jpg;2021年数学建模国赛真题+优秀论文/2021年国赛优秀论文D题-D034/D18.jpg;2021年数学建模国赛真题+优秀论文/2021年国赛优秀论文D题-D034/D19.jpg;2021年数学建模国赛真题+优秀论文/2021年国赛优秀论文D题-D034/D2.jpg;2021年数学建模国赛真题+优秀论文/2021年国赛优秀论文D题-D034/D20.jpg;2021年数学建模国赛真题+优秀论文/2021年国赛优秀论文D题-D034/D21.jpg;2021年数学建模国赛真题+优秀论文/2021年国赛优秀论文D题-D034/D22.jpg;2021年数学建模国赛真题+优秀论文/2021年国赛优秀论文D题-D034/D23.jpg;2021年数学建模国赛真题+优秀论文/2021年国赛优秀论文D题-D034/D24.jpg;2021年数学建模国赛真题+优秀论文/2021年国赛优秀论文D题-D034/D25.jpg;2021年数学建模国赛真题+优秀论文/2021年国赛优秀论文D题-D034/D26.jpg;2021年数学建模国赛真题+优秀论文/2021年国赛优秀论文D题-D034/D27.jpg;2021年数学建模国赛真题+优秀论文/2021年国赛优秀论文D题-D034/D28.jpg;2021年数学建模国赛真题+优秀论文/2021年国赛优秀论文D题-D034/D29.jpg;2021年数学建模国赛真题+优秀论文/2021年国赛优秀论文D题-D034/D3.jpg;2021年数学建模国赛真题+优秀论文/2021年国赛优秀论文D题-D034/D30.jpg;2021年数学建模国赛真题+优秀论文/2021年国赛优秀论文D题-D034/D4.jpg;2021年数学建模国赛真题+优秀论文/2021年国赛优秀论文D题-D034/D5.jpg;2021年数学建模国赛真题+优秀论文/2021年国赛优秀论文D题-D034/D6.jpg;2021年数学建模国赛真题+优秀论文/2021年国赛优秀论文D题-D034/D7.jpg;2021年数学建模国赛真题+优秀论文/2021年国赛优秀论文D题-D034/D8.jpg;2021年数学建模国赛真题+优秀论文/2021年国赛优秀论文D题-D034/D9.jpg,
CUMCM-2021-E-001,2021,E,PROBLEM_PACKAGE,0,problem-package path evidence,problem/attachment directory signal,PASS,2021年数学建模国赛真题+优秀论文/2021年国赛赛题/2021年国赛E题.pdf,.pdf
CUMCM-2021-E-E014,2021,E,PAPER,1,sequential image set under an explicit national-contest excellent-paper directory; OCR evidence contains title/abstract or model/problem-solving structure,OCR derivative first pages and terminal pages; page-level provenance and 799-page contract audit,PASS,2021年数学建模国赛真题+优秀论文/2021年国赛优秀论文E题-E014/E1.jpg;2021年数学建模国赛真题+优秀论文/2021年国赛优秀论文E题-E014/E10.jpg;2021年数学建模国赛真题+优秀论文/2021年国赛优秀论文E题-E014/E11.jpg;2021年数学建模国赛真题+优秀论文/2021年国赛优秀论文E题-E014/E12.jpg;2021年数学建模国赛真题+优秀论文/2021年国赛优秀论文E题-E014/E13.jpg;2021年数学建模国赛真题+优秀论文/2021年国赛优秀论文E题-E014/E14.jpg;2021年数学建模国赛真题+优秀论文/2021年国赛优秀论文E题-E014/E15.jpg;2021年数学建模国赛真题+优秀论文/2021年国赛优秀论文E题-E014/E16.jpg;2021年数学建模国赛真题+优秀论文/2021年国赛优秀论文E题-E014/E17.jpg;2021年数学建模国赛真题+优秀论文/2021年国赛优秀论文E题-E014/E18.jpg;2021年数学建模国赛真题+优秀论文/2021年国赛优秀论文E题-E014/E19.jpg;2021年数学建模国赛真题+优秀论文/2021年国赛优秀论文E题-E014/E2.jpg;2021年数学建模国赛真题+优秀论文/2021年国赛优秀论文E题-E014/E20.jpg;2021年数学建模国赛真题+优秀论文/2021年国赛优秀论文E题-E014/E21.jpg;2021年数学建模国赛真题+优秀论文/2021年国赛优秀论文E题-E014/E22.jpg;2021年数学建模国赛真题+优秀论文/2021年国赛优秀论文E题-E014/E23.jpg;2021年数学建模国赛真题+优秀论文/2021年国赛优秀论文E题-E014/E24.jpg;2021年数学建模国赛真题+优秀论文/2021年国赛优秀论文E题-E014/E25.jpg;2021年数学建模国赛真题+优秀论文/2021年国赛优秀论文E题-E014/E26.jpg;2021年数学建模国赛真题+优秀论文/2021年国赛优秀论文E题-E014/E27.jpg;2021年数学建模国赛真题+优秀论文/2021年国赛优秀论文E题-E014/E28.jpg;2021年数学建模国赛真题+优秀论文/2021年国赛优秀论文E题-E014/E29.jpg;2021年数学建模国赛真题+优秀论文/2021年国赛优秀论文E题-E014/E3.jpg;2021年数学建模国赛真题+优秀论文/2021年国赛优秀论文E题-E014/E30.jpg;2021年数学建模国赛真题+优秀论文/2021年国赛优秀论文E题-E014/E31.jpg;2021年数学建模国赛真题+优秀论文/2021年国赛优秀论文E题-E014/E32.jpg;2021年数学建模国赛真题+优秀论文/2021年国赛优秀论文E题-E014/E33.jpg;2021年数学建模国赛真题+优秀论文/2021年国赛优秀论文E题-E014/E34.jpg;2021年数学建模国赛真题+优秀论文/2021年国赛优秀论文E题-E014/E35.jpg;2021年数学建模国赛真题+优秀论文/2021年国赛优秀论文E题-E014/E36.jpg;2021年数学建模国赛真题+优秀论文/2021年国赛优秀论文E题-E014/E37.jpg;2021年数学建模国赛真题+优秀论文/2021年国赛优秀论文E题-E014/E38.jpg;2021年数学建模国赛真题+优秀论文/2021年国赛优秀论文E题-E014/E39.jpg;2021年数学建模国赛真题+优秀论文/2021年国赛优秀论文E题-E014/E4.jpg;2021年数学建模国赛真题+优秀论文/2021年国赛优秀论文E题-E014/E40.jpg;2021年数学建模国赛真题+优秀论文/2021年国赛优秀论文E题-E014/E41.jpg;2021年数学建模国赛真题+优秀论文/2021年国赛优秀论文E题-E014/E42.jpg;2021年数学建模国赛真题+优秀论文/2021年国赛优秀论文E题-E014/E43.jpg;2021年数学建模国赛真题+优秀论文/2021年国赛优秀论文E题-E014/E44.jpg;2021年数学建模国赛真题+优秀论文/2021年国赛优秀论文E题-E014/E45.jpg;2021年数学建模国赛真题+优秀论文/2021年国赛优秀论文E题-E014/E46.jpg;2021年数学建模国赛真题+优秀论文/2021年国赛优秀论文E题-E014/E47.jpg;2021年数学建模国赛真题+优秀论文/2021年国赛优秀论文E题-E014/E48.jpg;2021年数学建模国赛真题+优秀论文/2021年国赛优秀论文E题-E014/E49.jpg;2021年数学建模国赛真题+优秀论文/2021年国赛优秀论文E题-E014/E5.jpg;2021年数学建模国赛真题+优秀论文/2021年国赛优秀论文E题-E014/E50.jpg;2021年数学建模国赛真题+优秀论文/2021年国赛优秀论文E题-E014/E51.jpg;2021年数学建模国赛真题+优秀论文/2021年国赛优秀论文E题-E014/E6.jpg;2021年数学建模国赛真题+优秀论文/2021年国赛优秀论文E题-E014/E7.jpg;2021年数学建模国赛真题+优秀论文/2021年国赛优秀论文E题-E014/E8.jpg;2021年数学建模国赛真题+优秀论文/2021年国赛优秀论文E题-E014/E9.jpg,
CUMCM-2021-E-E025,2021,E,PAPER,1,sequential image set under an explicit national-contest excellent-paper directory; OCR evidence contains title/abstract or model/problem-solving structure,OCR derivative first pages and terminal pages; page-level provenance and 799-page contract audit,PASS,2021年数学建模国赛真题+优秀论文/2021年国赛优秀论文E题-E025/E1.jpg;2021年数学建模国赛真题+优秀论文/2021年国赛优秀论文E题-E025/E10.jpg;2021年数学建模国赛真题+优秀论文/2021年国赛优秀论文E题-E025/E11.jpg;2021年数学建模国赛真题+优秀论文/2021年国赛优秀论文E题-E025/E12.jpg;2021年数学建模国赛真题+优秀论文/2021年国赛优秀论文E题-E025/E13.jpg;2021年数学建模国赛真题+优秀论文/2021年国赛优秀论文E题-E025/E14.jpg;2021年数学建模国赛真题+优秀论文/2021年国赛优秀论文E题-E025/E15.jpg;2021年数学建模国赛真题+优秀论文/2021年国赛优秀论文E题-E025/E16.jpg;2021年数学建模国赛真题+优秀论文/2021年国赛优秀论文E题-E025/E17.jpg;2021年数学建模国赛真题+优秀论文/2021年国赛优秀论文E题-E025/E18.jpg;2021年数学建模国赛真题+优秀论文/2021年国赛优秀论文E题-E025/E19.jpg;2021年数学建模国赛真题+优秀论文/2021年国赛优秀论文E题-E025/E2.jpg;2021年数学建模国赛真题+优秀论文/2021年国赛优秀论文E题-E025/E20.jpg;2021年数学建模国赛真题+优秀论文/2021年国赛优秀论文E题-E025/E21.jpg;2021年数学建模国赛真题+优秀论文/2021年国赛优秀论文E题-E025/E22.jpg;2021年数学建模国赛真题+优秀论文/2021年国赛优秀论文E题-E025/E23.jpg;2021年数学建模国赛真题+优秀论文/2021年国赛优秀论文E题-E025/E24.jpg;2021年数学建模国赛真题+优秀论文/2021年国赛优秀论文E题-E025/E25.jpg;2021年数学建模国赛真题+优秀论文/2021年国赛优秀论文E题-E025/E26.jpg;2021年数学建模国赛真题+优秀论文/2021年国赛优秀论文E题-E025/E27.jpg;2021年数学建模国赛真题+优秀论文/2021年国赛优秀论文E题-E025/E28.jpg;2021年数学建模国赛真题+优秀论文/2021年国赛优秀论文E题-E025/E29.jpg;2021年数学建模国赛真题+优秀论文/2021年国赛优秀论文E题-E025/E3.jpg;2021年数学建模国赛真题+优秀论文/2021年国赛优秀论文E题-E025/E30.jpg;2021年数学建模国赛真题+优秀论文/2021年国赛优秀论文E题-E025/E31.jpg;2021年数学建模国赛真题+优秀论文/2021年国赛优秀论文E题-E025/E32.jpg;2021年数学建模国赛真题+优秀论文/2021年国赛优秀论文E题-E025/E33.jpg;2021年数学建模国赛真题+优秀论文/2021年国赛优秀论文E题-E025/E34.jpg;2021年数学建模国赛真题+优秀论文/2021年国赛优秀论文E题-E025/E35.jpg;2021年数学建模国赛真题+优秀论文/2021年国赛优秀论文E题-E025/E36.jpg;2021年数学建模国赛真题+优秀论文/2021年国赛优秀论文E题-E025/E37.jpg;2021年数学建模国赛真题+优秀论文/2021年国赛优秀论文E题-E025/E38.jpg;2021年数学建模国赛真题+优秀论文/2021年国赛优秀论文E题-E025/E39.jpg;2021年数学建模国赛真题+优秀论文/2021年国赛优秀论文E题-E025/E4.jpg;2021年数学建模国赛真题+优秀论文/2021年国赛优秀论文E题-E025/E5.jpg;2021年数学建模国赛真题+优秀论文/2021年国赛优秀论文E题-E025/E6.jpg;2021年数学建模国赛真题+优秀论文/2021年国赛优秀论文E题-E025/E7.jpg;2021年数学建模国赛真题+优秀论文/2021年国赛优秀论文E题-E025/E8.jpg;2021年数学建模国赛真题+优秀论文/2021年国赛优秀论文E题-E025/E9.jpg,
CUMCM-2021-E-E037,2021,E,PAPER,1,sequential image set under an explicit national-contest excellent-paper directory; OCR evidence contains title/abstract or model/problem-solving structure,OCR derivative first pages and terminal pages; page-level provenance and 799-page contract audit,PASS,2021年数学建模国赛真题+优秀论文/2021年国赛优秀论文E题-E037/E1.jpg;2021年数学建模国赛真题+优秀论文/2021年国赛优秀论文E题-E037/E10.jpg;2021年数学建模国赛真题+优秀论文/2021年国赛优秀论文E题-E037/E11.jpg;2021年数学建模国赛真题+优秀论文/2021年国赛优秀论文E题-E037/E12.jpg;2021年数学建模国赛真题+优秀论文/2021年国赛优秀论文E题-E037/E13.jpg;2021年数学建模国赛真题+优秀论文/2021年国赛优秀论文E题-E037/E14.jpg;2021年数学建模国赛真题+优秀论文/2021年国赛优秀论文E题-E037/E15.jpg;2021年数学建模国赛真题+优秀论文/2021年国赛优秀论文E题-E037/E16.jpg;2021年数学建模国赛真题+优秀论文/2021年国赛优秀论文E题-E037/E17.jpg;2021年数学建模国赛真题+优秀论文/2021年国赛优秀论文E题-E037/E18.jpg;2021年数学建模国赛真题+优秀论文/2021年国赛优秀论文E题-E037/E19.jpg;2021年数学建模国赛真题+优秀论文/2021年国赛优秀论文E题-E037/E2.jpg;2021年数学建模国赛真题+优秀论文/2021年国赛优秀论文E题-E037/E20.jpg;2021年数学建模国赛真题+优秀论文/2021年国赛优秀论文E题-E037/E21.jpg;2021年数学建模国赛真题+优秀论文/2021年国赛优秀论文E题-E037/E22.jpg;2021年数学建模国赛真题+优秀论文/2021年国赛优秀论文E题-E037/E23.jpg;2021年数学建模国赛真题+优秀论文/2021年国赛优秀论文E题-E037/E24.jpg;2021年数学建模国赛真题+优秀论文/2021年国赛优秀论文E题-E037/E25.jpg;2021年数学建模国赛真题+优秀论文/2021年国赛优秀论文E题-E037/E26.jpg;2021年数学建模国赛真题+优秀论文/2021年国赛优秀论文E题-E037/E27.jpg;2021年数学建模国赛真题+优秀论文/2021年国赛优秀论文E题-E037/E28.jpg;2021年数学建模国赛真题+优秀论文/2021年国赛优秀论文E题-E037/E29.jpg;2021年数学建模国赛真题+优秀论文/2021年国赛优秀论文E题-E037/E3.jpg;2021年数学建模国赛真题+优秀论文/2021年国赛优秀论文E题-E037/E30.jpg;2021年数学建模国赛真题+优秀论文/2021年国赛优秀论文E题-E037/E31.jpg;2021年数学建模国赛真题+优秀论文/2021年国赛优秀论文E题-E037/E32.jpg;2021年数学建模国赛真题+优秀论文/2021年国赛优秀论文E题-E037/E33.jpg;2021年数学建模国赛真题+优秀论文/2021年国赛优秀论文E题-E037/E34.jpg;2021年数学建模国赛真题+优秀论文/2021年国赛优秀论文E题-E037/E35.jpg;2021年数学建模国赛真题+优秀论文/2021年国赛优秀论文E题-E037/E36.jpg;2021年数学建模国赛真题+优秀论文/2021年国赛优秀论文E题-E037/E37.jpg;2021年数学建模国赛真题+优秀论文/2021年国赛优秀论文E题-E037/E4.jpg;2021年数学建模国赛真题+优秀论文/2021年国赛优秀论文E题-E037/E5.jpg;2021年数学建模国赛真题+优秀论文/2021年国赛优秀论文E题-E037/E6.jpg;2021年数学建模国赛真题+优秀论文/2021年国赛优秀论文E题-E037/E7.jpg;2021年数学建模国赛真题+优秀论文/2021年国赛优秀论文E题-E037/E8.jpg;2021年数学建模国赛真题+优秀论文/2021年国赛优秀论文E题-E037/E9.jpg,
CUMCM-2022-C-C229,2022,C,PAPER,1,sequential image set under an explicit national-contest excellent-paper directory; OCR evidence contains title/abstract or model/problem-solving structure,OCR derivative first pages and terminal pages; page-level provenance and 799-page contract audit,PASS,2022年数学建模国赛真题+优秀论文/2022年国赛优秀论文C题C229/8122397.jpg;2022年数学建模国赛真题+优秀论文/2022年国赛优秀论文C题C229/8122399.jpg;2022年数学建模国赛真题+优秀论文/2022年国赛优秀论文C题C229/8122401.jpg;2022年数学建模国赛真题+优秀论文/2022年国赛优秀论文C题C229/8122403.jpg;2022年数学建模国赛真题+优秀论文/2022年国赛优秀论文C题C229/8122405.jpg;2022年数学建模国赛真题+优秀论文/2022年国赛优秀论文C题C229/8122407.jpg;2022年数学建模国赛真题+优秀论文/2022年国赛优秀论文C题C229/8122409.jpg;2022年数学建模国赛真题+优秀论文/2022年国赛优秀论文C题C229/8122411.jpg;2022年数学建模国赛真题+优秀论文/2022年国赛优秀论文C题C229/8122413.jpg;2022年数学建模国赛真题+优秀论文/2022年国赛优秀论文C题C229/8122415.jpg;2022年数学建模国赛真题+优秀论文/2022年国赛优秀论文C题C229/8122417.jpg;2022年数学建模国赛真题+优秀论文/2022年国赛优秀论文C题C229/8122419.jpg;2022年数学建模国赛真题+优秀论文/2022年国赛优秀论文C题C229/8122421.jpg;2022年数学建模国赛真题+优秀论文/2022年国赛优秀论文C题C229/8122423.jpg;2022年数学建模国赛真题+优秀论文/2022年国赛优秀论文C题C229/8122425.jpg;2022年数学建模国赛真题+优秀论文/2022年国赛优秀论文C题C229/8122427.jpg;2022年数学建模国赛真题+优秀论文/2022年国赛优秀论文C题C229/8122429.jpg;2022年数学建模国赛真题+优秀论文/2022年国赛优秀论文C题C229/8122431.jpg;2022年数学建模国赛真题+优秀论文/2022年国赛优秀论文C题C229/8122433.jpg;2022年数学建模国赛真题+优秀论文/2022年国赛优秀论文C题C229/8122435.jpg;2022年数学建模国赛真题+优秀论文/2022年国赛优秀论文C题C229/8122437.jpg;2022年数学建模国赛真题+优秀论文/2022年国赛优秀论文C题C229/8122439.jpg;2022年数学建模国赛真题+优秀论文/2022年国赛优秀论文C题C229/8122441.jpg;2022年数学建模国赛真题+优秀论文/2022年国赛优秀论文C题C229/8122443.jpg;2022年数学建模国赛真题+优秀论文/2022年国赛优秀论文C题C229/8122445.jpg;2022年数学建模国赛真题+优秀论文/2022年国赛优秀论文C题C229/8122447.jpg,
CUMCM-2022-E-E014,2022,E,PAPER,1,sequential image set under an explicit national-contest excellent-paper directory; OCR evidence contains title/abstract or model/problem-solving structure,OCR derivative first pages and terminal pages; page-level provenance and 799-page contract audit,PASS,2022年数学建模国赛真题+优秀论文/2022年国赛优秀论文E题E014/8122239.jpg;2022年数学建模国赛真题+优秀论文/2022年国赛优秀论文E题E014/8122241.jpg;2022年数学建模国赛真题+优秀论文/2022年国赛优秀论文E题E014/8122243.jpg;2022年数学建模国赛真题+优秀论文/2022年国赛优秀论文E题E014/8122245.jpg;2022年数学建模国赛真题+优秀论文/2022年国赛优秀论文E题E014/8122247.jpg;2022年数学建模国赛真题+优秀论文/2022年国赛优秀论文E题E014/8122249.jpg;2022年数学建模国赛真题+优秀论文/2022年国赛优秀论文E题E014/8122251.jpg;2022年数学建模国赛真题+优秀论文/2022年国赛优秀论文E题E014/8122253.jpg;2022年数学建模国赛真题+优秀论文/2022年国赛优秀论文E题E014/8122255.jpg;2022年数学建模国赛真题+优秀论文/2022年国赛优秀论文E题E014/8122257.jpg;2022年数学建模国赛真题+优秀论文/2022年国赛优秀论文E题E014/8122259.jpg;2022年数学建模国赛真题+优秀论文/2022年国赛优秀论文E题E014/8122261.jpg;2022年数学建模国赛真题+优秀论文/2022年国赛优秀论文E题E014/8122263.jpg;2022年数学建模国赛真题+优秀论文/2022年国赛优秀论文E题E014/8122265.jpg;2022年数学建模国赛真题+优秀论文/2022年国赛优秀论文E题E014/8122267.jpg;2022年数学建模国赛真题+优秀论文/2022年国赛优秀论文E题E014/8122269.jpg;2022年数学建模国赛真题+优秀论文/2022年国赛优秀论文E题E014/8122271.jpg;2022年数学建模国赛真题+优秀论文/2022年国赛优秀论文E题E014/8122273.jpg;2022年数学建模国赛真题+优秀论文/2022年国赛优秀论文E题E014/8122275.jpg;2022年数学建模国赛真题+优秀论文/2022年国赛优秀论文E题E014/8122277.jpg;2022年数学建模国赛真题+优秀论文/2022年国赛优秀论文E题E014/8122279.jpg;2022年数学建模国赛真题+优秀论文/2022年国赛优秀论文E题E014/8122281.jpg;2022年数学建模国赛真题+优秀论文/2022年国赛优秀论文E题E014/8122283.jpg;2022年数学建模国赛真题+优秀论文/2022年国赛优秀论文E题E014/8122285.jpg,
CUMCM-2023-A-001,2023,A,PROBLEM_PACKAGE,0,problem-package path evidence,problem/attachment directory signal,PASS,2023年数学建模国赛真题+优秀论文/2023赛题/A题/A题.pdf,.pdf
CUMCM-2023-B-001,2023,B,PROBLEM_PACKAGE,0,problem-package path evidence,problem/attachment directory signal,PASS,2023年数学建模国赛真题+优秀论文/2023赛题/B题/B题.pdf,.pdf
CUMCM-2023-C-001,2023,C,PROBLEM_PACKAGE,0,problem-package path evidence,problem/attachment directory signal,PASS,2023年数学建模国赛真题+优秀论文/2023赛题/C题/C题.pdf,.pdf
CUMCM-2023-D-001,2023,D,PROBLEM_PACKAGE,0,problem-package path evidence,problem/attachment directory signal,PASS,2023年数学建模国赛真题+优秀论文/2023赛题/D题.pdf,.pdf
CUMCM-2023-E-001,2023,E,PROBLEM_PACKAGE,0,problem-package path evidence,problem/attachment directory signal,PASS,2023年数学建模国赛真题+优秀论文/2023赛题/E题/E题.pdf,.pdf
CUMCM-2024-A-001,2024,A,PAPER,1,unique supported PDF sibling resolved source,one PDF member among the logical identity; non-PDF sibling retained as provenance,PASS,2024年数学建模国赛真题+优秀论文/2024真题/A题/A题.pdf,.pdf
CUMCM-2024-B-001,2024,B,PAPER,1,unique supported PDF sibling resolved source,one PDF member among the logical identity; non-PDF sibling retained as provenance,PASS,2024年数学建模国赛真题+优秀论文/2024真题/B题/B题.pdf,.pdf
CUMCM-2024-C-001,2024,C,PAPER,1,unique supported PDF sibling resolved source,one PDF member among the logical identity; non-PDF sibling retained as provenance,PASS,2024年数学建模国赛真题+优秀论文/2024真题/C题/C题.pdf,.pdf
CUMCM-2024-D-001,2024,D,PAPER,1,unique supported PDF sibling resolved source,one PDF member among the logical identity; non-PDF sibling retained as provenance,PASS,2024年数学建模国赛真题+优秀论文/2024真题/D题/D题.pdf,.pdf
CUMCM-2024-E-001,2024,E,PAPER,1,unique supported PDF sibling resolved source,one PDF member among the logical identity; non-PDF sibling retained as provenance,PASS,2024年数学建模国赛真题+优秀论文/2024真题/E题/E题.pdf,.pdf
