paper_id,logical_page_number,source_page_kind,source_image_path,source_image_sha256,ocr_backend,ocr_version,extraction_chars,extraction_text_sha256,page_class,classification_reason,runtime_error
CUMCM-2012-C-001,1,image_sequence,2012年数学建模国赛真题+优秀论文/2012年优秀论文/2012C：脑卒中发病环境因素分析及干预 (1)/逐步回归分析/all.jpg,E8494A347664490B96C25EE69D119AF92049E25EFF19890F2375CEE98FD47F0A,tesseract.js,7.0.0,144,E85E6FAF05E2E00BC99F7992A80C0B2959715BF7FD642A8F45BF9567FDD60F5A,TEXT_PAGE,ocr-text,0
CUMCM-2012-C-001,2,image_sequence,2012年数学建模国赛真题+优秀论文/2012年优秀论文/2012C：脑卒中发病环境因素分析及干预 (1)/逐步回归分析/out6.jpg,A5ECDA559991AFF2AC3290899318850464568213FC91DB4D4A0948FA10741A43,tesseract.js,7.0.0,121,6D7B7E8F85BAC50B3039082343CA1056D0E849E84C9CE26CC11A57C0090EAB4A,TEXT_PAGE,ocr-text,0
CUMCM-2012-C-001,3,image_sequence,2012年数学建模国赛真题+优秀论文/2012年优秀论文/2012C：脑卒中发病环境因素分析及干预 (1)/逐步回归分析/out67.jpg,A6F8706F5DD6698D07F7977C526DFD61F5C718DFC5C43539376BC8C1D20247B6,tesseract.js,7.0.0,118,FAA8E278C544352AD13F315B0C1157BCC6A64416E48F80C09A58EA7B4645E3F4,TEXT_PAGE,ocr-text,0
CUMCM-2012-C-001,4,image_sequence,2012年数学建模国赛真题+优秀论文/2012年优秀论文/2012C：脑卒中发病环境因素分析及干预 (1)/逐步回归分析/zhubu.jpg,9802DD1A46268F21B99079DE07B1AE98B87CFE75B4B454FF3E6790C198D15C8B,tesseract.js,7.0.0,369,F995E86C97B8A0E35BE30773410CF190DB49B43E20044DC4B3F6899DD0C14691,TEXT_PAGE,ocr-text,0
CUMCM-2014-B-001,1,image_sequence,2014年数学建模国赛真题+优秀论文/2014优秀论文/2014B：创意平板折叠桌 (3)/w1-1-1.jpg,D9FFC1EFFC70BFACDBB9B741215EEC0032F75B47858AA84CF8D801CC64204781,tesseract.js,7.0.0,71,E4EFFAFDE54A962DFDCE63696B43435522E097C0C5A6625B0E88710C756F3C98,TEXT_PAGE,ocr-text,0
CUMCM-2014-B-001,2,image_sequence,2014年数学建模国赛真题+优秀论文/2014优秀论文/2014B：创意平板折叠桌 (3)/w1-1.jpg,5A2B71DC9829B3E0FA2FE135126A30D28A1C90FE71C1E5EDC211FCAFF391E872,tesseract.js,7.0.0,63,B32AF38B1D0D6C2C4EE6E1902C14803D645B12FCFE35D8DCCA41BBCDCC21399A,TEXT_PAGE,ocr-text,0
CUMCM-2014-B-001,3,image_sequence,2014年数学建模国赛真题+优秀论文/2014优秀论文/2014B：创意平板折叠桌 (3)/w1_2.jpg,A18DB8218086EDCD1790C06676E78AACD72F46AAF2509062E1A30907DBF4BB14,tesseract.js,7.0.0,35,70941672E188B38DAC33A6123BCAA13CDEBB744322E908CCE16FD27A575FE743,TEXT_PAGE,ocr-text,0
CUMCM-2014-B-001,4,image_sequence,2014年数学建模国赛真题+优秀论文/2014优秀论文/2014B：创意平板折叠桌 (3)/w2.jpg,0C5319D2A42F3C43456CE3BEAC6F3EFEF403801BC2C11DA273DC49B34D25E82A,tesseract.js,7.0.0,4,7C08172568A15626171C641635A3B930B66346758C3F0EC34E646361D10D8F49,TEXT_PAGE,ocr-text,0
CUMCM-2014-B-001,5,image_sequence,2014年数学建模国赛真题+优秀论文/2014优秀论文/2014B：创意平板折叠桌 (3)/w3_1.jpg,9DE75648923D274A6893FC76F9E142952D81171FB5ECFE7812DEC1625E7200BA,tesseract.js,7.0.0,1,3973E022E93220F9212C18D0D0C543AE7C309E46640DA93A4A0314DE999F5112,TEXT_PAGE,ocr-text,0
CUMCM-2014-B-001,6,image_sequence,2014年数学建模国赛真题+优秀论文/2014优秀论文/2014B：创意平板折叠桌 (3)/w3_2.jpg,C32A0BF31CB82A1227C99CEE23CD862D16B4BFC8FCE3931B7AC936B4CB9998A0,tesseract.js,7.0.0,58,040CB4F6BEE80F8A53D0556872F2DE0F3C22C01DD475DF9929B3F217B5B657FC,TEXT_PAGE,ocr-text,0
CUMCM-2014-B-001,7,image_sequence,2014年数学建模国赛真题+优秀论文/2014优秀论文/2014B：创意平板折叠桌 (3)/w3_3.jpg,A1DCDA4DF3E4BDD254D1DABE09E1962744E055B551D41549EB7244AB93E09129,tesseract.js,7.0.0,7,C9F07B076B52492DBC87B43AF67AE1C99D5FA8A6BB4D9FBED968D28DD8202580,TEXT_PAGE,ocr-text,0
CUMCM-2014-B-001,8,image_sequence,2014年数学建模国赛真题+优秀论文/2014优秀论文/2014B：创意平板折叠桌 (3)/w3_4.jpg,EA71886F74FB6506E5C9A833A9E3CEE9693326BADE862EDF642214D69DFE9402,tesseract.js,7.0.0,5,7F4D8E1475EFE0779DB0E236F8C2BA15C1E0035DDCF00F7EA6F09CEA8AE34AD3,TEXT_PAGE,ocr-text,0
CUMCM-2021-A-A028,1,image_sequence,2021年数学建模国赛真题+优秀论文/2021年国赛优秀论文A题-A028/A1.jpg,339F0E41B101537C5DFAE8A0BA9ECAA434948D8791724C671091E4DFAA7C1A27,tesseract.js,7.0.0,2106,FF5A92097238C4ECD9C399B7C2B55B36611E634192ADED8B6015E713CAF7F643,TEXT_PAGE,ocr-text,0
CUMCM-2021-A-A028,2,image_sequence,2021年数学建模国赛真题+优秀论文/2021年国赛优秀论文A题-A028/A2.jpg,C4C6CAEDD3C549BCB4D83851BE88C80879313FDEDAA37FE583B4F26A5DE52B42,tesseract.js,7.0.0,2274,ADF6F26B7AA40AE897BB299F5F2546565A16536DFCD39781DC49BF50D413E49C,TEXT_PAGE,ocr-text,0
CUMCM-2021-A-A028,3,image_sequence,2021年数学建模国赛真题+优秀论文/2021年国赛优秀论文A题-A028/A3.jpg,6F597769A73E3FDA516D8076DE924F25E449D30E6C3CA2278ACE397AE8ADAF47,tesseract.js,7.0.0,639,5006B068E30046BCFB0FE152B4BC1D0BA66F92FFE520C04BD1F9C47AF333359A,TEXT_PAGE,ocr-text,0
CUMCM-2021-A-A028,4,image_sequence,2021年数学建模国赛真题+优秀论文/2021年国赛优秀论文A题-A028/A4.jpg,BD0BEAB7B11FB88644C01C2E0800CD636E0768523F877FB288478E78194FB553,tesseract.js,7.0.0,684,13639C5387F0DCF405A15556564006341ED480B3FA489ADA8E8C562CE4C48434,TEXT_PAGE,ocr-text,0
CUMCM-2021-A-A028,5,image_sequence,2021年数学建模国赛真题+优秀论文/2021年国赛优秀论文A题-A028/A5.jpg,C2755D4956E28A98961901828850AFA3E54043BD6A7F81621051873A416DAE8B,tesseract.js,7.0.0,1548,111E711D5D45605695914361059237A17AC63189B786C2E7482F1DE5B95C5996,TEXT_PAGE,ocr-text,0
CUMCM-2021-A-A028,6,image_sequence,2021年数学建模国赛真题+优秀论文/2021年国赛优秀论文A题-A028/A6.jpg,746B252B8D9841471294732778D4C58C61E11C0E5D58C49264A10D1E18AA946E,tesseract.js,7.0.0,1066,55138856F787B296FCA2DEE118BD876134CB7336FFC30281620F9905C6EC6027,TEXT_PAGE,ocr-text,0
CUMCM-2021-A-A028,7,image_sequence,2021年数学建模国赛真题+优秀论文/2021年国赛优秀论文A题-A028/A7.jpg,560B1D72D9798AF6C9A29A99297054C95A1F506862F96998984DB45C4412A47F,tesseract.js,7.0.0,769,67733F10D0E4D9F0E953111AD40FC1211868B52E94679E31E515779BB2A2466B,TEXT_PAGE,ocr-text,0
CUMCM-2021-A-A028,8,image_sequence,2021年数学建模国赛真题+优秀论文/2021年国赛优秀论文A题-A028/A8.jpg,B9135950079A309C6BD3CE747349658A8AE991750E0A855DE74378704CAFCB4A,tesseract.js,7.0.0,1050,911FBE97C504B7C37A3EC12B5E71581813B75D1B6BACF964292B843A41606C8A,TEXT_PAGE,ocr-text,0
CUMCM-2021-A-A028,9,image_sequence,2021年数学建模国赛真题+优秀论文/2021年国赛优秀论文A题-A028/A9.jpg,C9532143075A74F60DACEA42E34E6FD2CB4C192CFDF120F05452DD818CDFB1C9,tesseract.js,7.0.0,749,A394B85ECAEF373B4A9F6A07DF5E750D617B54CC77E6E74E15B2E52241E57192,TEXT_PAGE,ocr-text,0
CUMCM-2021-A-A028,10,image_sequence,2021年数学建模国赛真题+优秀论文/2021年国赛优秀论文A题-A028/A10.jpg,25EF68F8B3D3D3440882516C591D90AAE46C5CD63D7322896CFDD519CF8892FA,tesseract.js,7.0.0,1285,F14E4314B65EE5981D4C248A65D3A3DDA4C433FEA583B61FE2F12488D83C35BC,TEXT_PAGE,ocr-text,0
CUMCM-2021-A-A028,11,image_sequence,2021年数学建模国赛真题+优秀论文/2021年国赛优秀论文A题-A028/A11.jpg,CD0A02F580E35D264577A7613C0A9862DFDA492E507694BB68F9A69F34B7C5F4,tesseract.js,7.0.0,539,C6DDF782CCE35845E0E5877B66F67C007F93A2CF858FA203EB17C1BBE0B94639,TEXT_PAGE,ocr-text,0
CUMCM-2021-A-A028,12,image_sequence,2021年数学建模国赛真题+优秀论文/2021年国赛优秀论文A题-A028/A12.jpg,922F815BBDE71496F1118C49F3047AD18A6AE68B470CCB385E2A65530A03D9F6,tesseract.js,7.0.0,1414,020CC1C6A367DEC6EBA381B2A8E6A72EDD6B2E8C19F17F5AE58D658EDCC4FFAD,TEXT_PAGE,ocr-text,0
CUMCM-2021-A-A028,13,image_sequence,2021年数学建模国赛真题+优秀论文/2021年国赛优秀论文A题-A028/A13.jpg,84637E7C09A07D8131FE920CFD38BE7601DB3BD3960084738337BC3ABF9785AD,tesseract.js,7.0.0,696,B8A82117737C936844813282C464272015EA837F9CBA6027B9730B86FC314F94,TEXT_PAGE,ocr-text,0
CUMCM-2021-A-A028,14,image_sequence,2021年数学建模国赛真题+优秀论文/2021年国赛优秀论文A题-A028/A14.jpg,6F7A470F6CCDF4C734DDFC7937007A90987F922FFA170B217D1C31A91ACB4178,tesseract.js,7.0.0,1013,34F107C2311AF0C136F7931FF4CB5BA2EF6DA7862629AE680E71CC04170BEA08,TEXT_PAGE,ocr-text,0
CUMCM-2021-A-A028,15,image_sequence,2021年数学建模国赛真题+优秀论文/2021年国赛优秀论文A题-A028/A15.jpg,E446CBD250E32D2AA1E61B7C4E2340E44EABA92B29EFE1137789141ECC88C2E8,tesseract.js,7.0.0,458,1B5E954AFBA37EE391A98784FBF0AC248DC558A6EFCC954D902F03E9CBA21E81,TEXT_PAGE,ocr-text,0
CUMCM-2021-A-A028,16,image_sequence,2021年数学建模国赛真题+优秀论文/2021年国赛优秀论文A题-A028/A16.jpg,9B5B705E13D454AE259D1539A3769241408D2AD60CDE0C4729C29FA3199D64CF,tesseract.js,7.0.0,1296,A126366B60CF71F99D775B2C0709096FDDEC8047AF399C814B8979954B84F4AC,TEXT_PAGE,ocr-text,0
CUMCM-2021-A-A028,17,image_sequence,2021年数学建模国赛真题+优秀论文/2021年国赛优秀论文A题-A028/A17.jpg,72700B108C3007C5F52370AABF7153FBDCB0CEA07F15E063D1497E081474E68C,tesseract.js,7.0.0,979,A41FE1F3F92694C0ADE80D82770D57BCFD2DBC21D9238894259CE8A809D858C8,TEXT_PAGE,ocr-text,0
CUMCM-2021-A-A028,18,image_sequence,2021年数学建模国赛真题+优秀论文/2021年国赛优秀论文A题-A028/A18.jpg,14DE67E0490BB202D6F7C76B0B828E54026E29287A06250218B7A217FF1E460E,tesseract.js,7.0.0,754,AD752DB3B40EA234705BA7CD48AFDAE2B77FB9A9DF32CA43202A8890244B3264,TEXT_PAGE,ocr-text,0
CUMCM-2021-A-A028,19,image_sequence,2021年数学建模国赛真题+优秀论文/2021年国赛优秀论文A题-A028/A19.jpg,FA8A5BA2263B524C9D3A436D643A262B56D2B21D0BD07DC6DF6292CC3E88B1CA,tesseract.js,7.0.0,702,7F7A8394017F171CD28EE82B320A03DEA767D1359C2DE44E699A7FEA66002C51,TEXT_PAGE,ocr-text,0
CUMCM-2021-A-A028,20,image_sequence,2021年数学建模国赛真题+优秀论文/2021年国赛优秀论文A题-A028/A20.jpg,AFBDC927FAE8FE0BF58443ABD3B00ED09ADFFC29FEB12C0B240DDDEBA7F2D14D,tesseract.js,7.0.0,959,7163271282B7957AD48833F4B3C1FD8B1828D27B40F2358401FC5CFA9AE64020,TEXT_PAGE,ocr-text,0
CUMCM-2021-A-A028,21,image_sequence,2021年数学建模国赛真题+优秀论文/2021年国赛优秀论文A题-A028/A21.jpg,7AFF30123D1550D6A064CCF9C9B1137CB674E729A3A987DFD0CF03F194AC2495,tesseract.js,7.0.0,581,9024C3F28720C217DC8F994EC538706980DF580604D1FA29E6A9F541AB6A11C1,TEXT_PAGE,ocr-text,0
CUMCM-2021-A-A028,22,image_sequence,2021年数学建模国赛真题+优秀论文/2021年国赛优秀论文A题-A028/A22.jpg,BAF441B7A7EA84BDDBF8A6DC1FC2DF3D2A2CC2BC74FECCFF9F81696DF3CAF582,tesseract.js,7.0.0,1532,318E78BC01652E0574203818F5BC6A1422B647D51C61973234C1035CA426231C,TEXT_PAGE,ocr-text,0
CUMCM-2021-A-A028,23,image_sequence,2021年数学建模国赛真题+优秀论文/2021年国赛优秀论文A题-A028/A23.jpg,BF49125AE5401EB10F008A0ACF34A44660BB6A654CF1C04EF00CE19BF8CE4271,tesseract.js,7.0.0,431,F0168C30DE1D420324283865F5498E3CACFD5FC26B21CB9DC471ACD600FDF817,TEXT_PAGE,ocr-text,0
CUMCM-2021-A-A028,24,image_sequence,2021年数学建模国赛真题+优秀论文/2021年国赛优秀论文A题-A028/A24.jpg,9370F58CAFB284645DD6EFBAF48DCD96E1270FCF9D59A5B55A2CAECEECB58427,tesseract.js,7.0.0,254,742ED5C6EF3EAD7A7B44509CC06267696D59239F27B37B74BAD92FA8D43763BA,TEXT_PAGE,ocr-text,0
CUMCM-2021-A-A028,25,image_sequence,2021年数学建模国赛真题+优秀论文/2021年国赛优秀论文A题-A028/A25.jpg,DE55277CFA109C2D243CCBA69CBB741166D7C1F222AF1FE2C3EECFF9362B00A2,tesseract.js,7.0.0,791,432AD4AEAB360C625566CE7A338FE21F8C334A287F3EC5680FB01DDA3F2F7ED3,TEXT_PAGE,ocr-text,0
CUMCM-2021-A-A028,26,image_sequence,2021年数学建模国赛真题+优秀论文/2021年国赛优秀论文A题-A028/A26.jpg,A4194B389F50BA3D7A22BAE83AA987D27A43D15B9E169F749DA0F17DFE89BB79,tesseract.js,7.0.0,712,DD8F64A436D85A8B2F73CC79B7EB4396C8D938E307B1E04052F781D4E653F7FB,TEXT_PAGE,ocr-text,0
CUMCM-2021-A-A028,27,image_sequence,2021年数学建模国赛真题+优秀论文/2021年国赛优秀论文A题-A028/A27.jpg,E188A5A37C3296823987A5FAB99FBB781577672A27CE8A94F3E7B028EA86332F,tesseract.js,7.0.0,789,DDE4231412F6D691505AF10F5A3F0ABF810EF67385F8BEC2CA5648E8BE8B4776,TEXT_PAGE,ocr-text,0
CUMCM-2021-A-A028,28,image_sequence,2021年数学建模国赛真题+优秀论文/2021年国赛优秀论文A题-A028/A28.jpg,32518F18016C6F9BC7C937316D23A7F2755AEEFE94E3BA763721DAC070308F0B,tesseract.js,7.0.0,608,7A99C55AC0396404AF417F7EF6C42C6E593904C493D09ACECA674C6AB291BA87,TEXT_PAGE,ocr-text,0
CUMCM-2021-A-A028,29,image_sequence,2021年数学建模国赛真题+优秀论文/2021年国赛优秀论文A题-A028/A29.jpg,4B504BEF8172E680FD4DEB32ACFE00E758AB406F7B658656E9EC46098AD47798,tesseract.js,7.0.0,1019,3B8E26FB09479C753798EDBCDF1510190CD9C674011EE8538FB15A1558C623E9,TEXT_PAGE,ocr-text,0
CUMCM-2021-A-A028,30,image_sequence,2021年数学建模国赛真题+优秀论文/2021年国赛优秀论文A题-A028/A30.jpg,D9099CEF1DE630841F1602E450FB3932E2BC72F103F78C93AE9B73B0A0F8415E,tesseract.js,7.0.0,1395,A946D4BB635F70FE2D46FA120B5616793020971FA49050E4C5C0600B9751BEE9,TEXT_PAGE,ocr-text,0
CUMCM-2021-A-A028,31,image_sequence,2021年数学建模国赛真题+优秀论文/2021年国赛优秀论文A题-A028/A31.jpg,380B3C6DCD4CFCAE0D6D82E2EF359BA27B33A37C3009CF401E5375F6B5A1E31F,tesseract.js,7.0.0,1116,F92936640D3FF59DB5EC8C4FBCB901733E001B222A5E09F436DC7A72D06DA422,TEXT_PAGE,ocr-text,0
CUMCM-2021-A-A028,32,image_sequence,2021年数学建模国赛真题+优秀论文/2021年国赛优秀论文A题-A028/A32.jpg,09E3608B47B4CE73978B0103106A40AE3990DEA22916C28D2DB84EF583F2BF3F,tesseract.js,7.0.0,998,24DEC7A2163C57821A0B2B100C9C5F97DB278BF0DF2D4B8BF073D7931D41F8F7,TEXT_PAGE,ocr-text,0
CUMCM-2021-A-A028,33,image_sequence,2021年数学建模国赛真题+优秀论文/2021年国赛优秀论文A题-A028/A33.jpg,1555BB3BFC5E1D72E8E26C16BF363BFFB6E1AEEE9D0AFF7CB2055C5E8FA78217,tesseract.js,7.0.0,241,91384D85BCCAA75D605D2A0E41D58CA5DBFD9FAA34074AA7BFB133EC6686CF00,TEXT_PAGE,ocr-text,0
CUMCM-2021-A-A028,34,image_sequence,2021年数学建模国赛真题+优秀论文/2021年国赛优秀论文A题-A028/A34.jpg,4A169EBDA42E60DA60E6B44B91D5577A6A5731BB4358B2B76B841297AF450CA4,tesseract.js,7.0.0,811,39D0D3836C155F7400E38F19164EE8088D761693F3AA866B20F4DB02370C0362,TEXT_PAGE,ocr-text,0
CUMCM-2021-A-A028,35,image_sequence,2021年数学建模国赛真题+优秀论文/2021年国赛优秀论文A题-A028/A35.jpg,C88809045A67C460C2D09308A3413BD6A8AEAED04D752D778BCB9D0C581F1906,tesseract.js,7.0.0,738,915D95098BC9E67669B389482A60037D8955C3DCB705E992AB5B2D16B3D3DEAC,TEXT_PAGE,ocr-text,0
CUMCM-2021-A-A028,36,image_sequence,2021年数学建模国赛真题+优秀论文/2021年国赛优秀论文A题-A028/A36.jpg,F047896ABCFF1BFD6A6C42F4DCB04EBDBCD9D8ED06899967085556955B71D0DB,tesseract.js,7.0.0,925,FA7906E6C8C84875F5E3EED84C5DC380FDF710EF32342A8F9AD15EA3439C103E,TEXT_PAGE,ocr-text,0
CUMCM-2021-A-A028,37,image_sequence,2021年数学建模国赛真题+优秀论文/2021年国赛优秀论文A题-A028/A37.jpg,C035724967D16E9A0B69124F255E92CFBE3F78E9DDCA01BCCB98F614CD1F0E60,tesseract.js,7.0.0,572,0A81EB62934355AB9541D2D3CE6F222FCBC943285F7C09C2E955907FB0D088B4,TEXT_PAGE,ocr-text,0
CUMCM-2021-A-A028,38,image_sequence,2021年数学建模国赛真题+优秀论文/2021年国赛优秀论文A题-A028/A38.jpg,0E9F5EF78899A2616D354482CF0CB2BFA59C188B00D540DFE6A4C9379E10EF61,tesseract.js,7.0.0,755,9902DD39EB99701BC46F57C5302EE8A17542A7D631FFE7512B8B382D8F2F7D92,TEXT_PAGE,ocr-text,0
CUMCM-2014-B-B1604,1,image_sequence,2014年数学建模国赛真题+优秀论文/2014优秀论文/2014B：创意平板折叠桌 (3)/B16046004_程双泽_李君昌_陈凌勤/w1-1-1.jpg,D9FFC1EFFC70BFACDBB9B741215EEC0032F75B47858AA84CF8D801CC64204781,tesseract.js,7.0.0,71,E4EFFAFDE54A962DFDCE63696B43435522E097C0C5A6625B0E88710C756F3C98,TEXT_PAGE,ocr-text,0
CUMCM-2014-B-B1604,2,image_sequence,2014年数学建模国赛真题+优秀论文/2014优秀论文/2014B：创意平板折叠桌 (3)/B16046004_程双泽_李君昌_陈凌勤/w1-1.jpg,5A2B71DC9829B3E0FA2FE135126A30D28A1C90FE71C1E5EDC211FCAFF391E872,tesseract.js,7.0.0,63,B32AF38B1D0D6C2C4EE6E1902C14803D645B12FCFE35D8DCCA41BBCDCC21399A,TEXT_PAGE,ocr-text,0
CUMCM-2014-B-B1604,3,image_sequence,2014年数学建模国赛真题+优秀论文/2014优秀论文/2014B：创意平板折叠桌 (3)/B16046004_程双泽_李君昌_陈凌勤/w1_2.jpg,A18DB8218086EDCD1790C06676E78AACD72F46AAF2509062E1A30907DBF4BB14,tesseract.js,7.0.0,35,70941672E188B38DAC33A6123BCAA13CDEBB744322E908CCE16FD27A575FE743,TEXT_PAGE,ocr-text,0
CUMCM-2014-B-B1604,4,image_sequence,2014年数学建模国赛真题+优秀论文/2014优秀论文/2014B：创意平板折叠桌 (3)/B16046004_程双泽_李君昌_陈凌勤/w2.jpg,0C5319D2A42F3C43456CE3BEAC6F3EFEF403801BC2C11DA273DC49B34D25E82A,tesseract.js,7.0.0,4,7C08172568A15626171C641635A3B930B66346758C3F0EC34E646361D10D8F49,TEXT_PAGE,ocr-text,0
CUMCM-2014-B-B1604,5,image_sequence,2014年数学建模国赛真题+优秀论文/2014优秀论文/2014B：创意平板折叠桌 (3)/B16046004_程双泽_李君昌_陈凌勤/w3_1.jpg,9DE75648923D274A6893FC76F9E142952D81171FB5ECFE7812DEC1625E7200BA,tesseract.js,7.0.0,1,3973E022E93220F9212C18D0D0C543AE7C309E46640DA93A4A0314DE999F5112,TEXT_PAGE,ocr-text,0
CUMCM-2014-B-B1604,6,image_sequence,2014年数学建模国赛真题+优秀论文/2014优秀论文/2014B：创意平板折叠桌 (3)/B16046004_程双泽_李君昌_陈凌勤/w3_2.jpg,C32A0BF31CB82A1227C99CEE23CD862D16B4BFC8FCE3931B7AC936B4CB9998A0,tesseract.js,7.0.0,58,040CB4F6BEE80F8A53D0556872F2DE0F3C22C01DD475DF9929B3F217B5B657FC,TEXT_PAGE,ocr-text,0
CUMCM-2014-B-B1604,7,image_sequence,2014年数学建模国赛真题+优秀论文/2014优秀论文/2014B：创意平板折叠桌 (3)/B16046004_程双泽_李君昌_陈凌勤/w3_3.jpg,A1DCDA4DF3E4BDD254D1DABE09E1962744E055B551D41549EB7244AB93E09129,tesseract.js,7.0.0,7,C9F07B076B52492DBC87B43AF67AE1C99D5FA8A6BB4D9FBED968D28DD8202580,TEXT_PAGE,ocr-text,0
CUMCM-2014-B-B1604,8,image_sequence,2014年数学建模国赛真题+优秀论文/2014优秀论文/2014B：创意平板折叠桌 (3)/B16046004_程双泽_李君昌_陈凌勤/w3_4.jpg,EA71886F74FB6506E5C9A833A9E3CEE9693326BADE862EDF642214D69DFE9402,tesseract.js,7.0.0,5,7F4D8E1475EFE0779DB0E236F8C2BA15C1E0035DDCF00F7EA6F09CEA8AE34AD3,TEXT_PAGE,ocr-text,0
CUMCM-2021-A-A115,1,image_sequence,2021年数学建模国赛真题+优秀论文/2021年国赛优秀论文A题-A115/A1.jpg,C4CCFAC9EAC03AD8B833E2E595A23E9F1A7EA0CBBF68A94205035C3A1CCF6B3D,tesseract.js,7.0.0,2129,34F76D24E91224145AD12074D747ED4B0D7A608E31320DA3D075DED97102C8A5,TEXT_PAGE,ocr-text,0
CUMCM-2021-A-A115,2,image_sequence,2021年数学建模国赛真题+优秀论文/2021年国赛优秀论文A题-A115/A2.jpg,897BA436506A536F7E11D4C373E667E7E71FD13BE6F47F28D360F7A2681424A9,tesseract.js,7.0.0,1377,5170249619A6CAC2DDE46F68AB49DBCDC1754B7AD12BCFB1BABCCA7A49F3DE01,TEXT_PAGE,ocr-text,0
CUMCM-2021-A-A115,3,image_sequence,2021年数学建模国赛真题+优秀论文/2021年国赛优秀论文A题-A115/A3.jpg,3D70F887E713167D5F539C9AFE3E2C81031B92EE38312EB4969FDA019CA7B072,tesseract.js,7.0.0,1479,045A285D4EA8642311A83A0F634B50864E00B7D25E08C143FA8F62ED4F3F5FD3,TEXT_PAGE,ocr-text,0
CUMCM-2021-A-A115,4,image_sequence,2021年数学建模国赛真题+优秀论文/2021年国赛优秀论文A题-A115/A4.jpg,DBC5EA1220380B0020EABA0446174BC88DC4685F8CFCAD2CF41FF75785B6AC4F,tesseract.js,7.0.0,1643,F60A7DA57BB5E322DFCB2EA1E0E88F26FFD0920AC0851F80A6CE5FE8D7083620,TEXT_PAGE,ocr-text,0
CUMCM-2021-A-A115,5,image_sequence,2021年数学建模国赛真题+优秀论文/2021年国赛优秀论文A题-A115/A5.jpg,CA2E3AEC725AC7BB56E9E8EEAB9595A2B8E5BD7D79A5FD8A77821BAD7E4FBDEC,tesseract.js,7.0.0,1054,C7F53CD3AC5451B1530AF1ED277B68924199AC732778A2B230DB7CAE9D468C1F,TEXT_PAGE,ocr-text,0
CUMCM-2021-A-A115,6,image_sequence,2021年数学建模国赛真题+优秀论文/2021年国赛优秀论文A题-A115/A6.jpg,8AA1A16F09B07E5E466B7563797CBDAFEFAAEB623140F38FA0B25F15D8D88CDA,tesseract.js,7.0.0,1041,555B1FAD8865EB1D7C7A4E033D723E8B1931416610764F02B32C18A0892FE596,TEXT_PAGE,ocr-text,0
CUMCM-2021-A-A115,7,image_sequence,2021年数学建模国赛真题+优秀论文/2021年国赛优秀论文A题-A115/A7.jpg,1D4179726B7829D87C5EE7FEB51993CB35EB2FB91C5A094CB21EEBA45E401964,tesseract.js,7.0.0,1358,583D868866DAAD94DB65DAF4139703E408E91B78F2DB045281B578956A610F94,TEXT_PAGE,ocr-text,0
CUMCM-2021-A-A115,8,image_sequence,2021年数学建模国赛真题+优秀论文/2021年国赛优秀论文A题-A115/A8.jpg,50BB3AB3B663A8B26340961B5464CCA5CB27D1569E51889CAA6F7C61B4B4959B,tesseract.js,7.0.0,1575,244BE252FD9A593EF57B9906BF0E58ED0724FF9330D97EC96EC52B94FF8D9A47,TEXT_PAGE,ocr-text,0
CUMCM-2021-A-A115,9,image_sequence,2021年数学建模国赛真题+优秀论文/2021年国赛优秀论文A题-A115/A9.jpg,D746DB1B814616B875E3E30AAAD475B45E02CD1EE2F7938E9FD8540FAEB656F7,tesseract.js,7.0.0,765,D2E500F6B6DA3EAA9DE7ED08534012CDA44008CB00E8305F83EBBF4C627C25B9,TEXT_PAGE,ocr-text,0
CUMCM-2021-A-A115,10,image_sequence,2021年数学建模国赛真题+优秀论文/2021年国赛优秀论文A题-A115/A10.jpg,3508021A12D095BF3F4258D267EBEA503EA206FAC1784461A630AC77EF70B124,tesseract.js,7.0.0,1923,9E45E1F866A8FAD6BD77E3DBE19F0A2D4C6ED98F61084C9C0EB7384151187FF2,TEXT_PAGE,ocr-text,0
CUMCM-2021-A-A115,11,image_sequence,2021年数学建模国赛真题+优秀论文/2021年国赛优秀论文A题-A115/A11.jpg,C5E45EC38F6BF5C34CCDD5107CA87D9D5A855AC376D987DC6EF0151649654C97,tesseract.js,7.0.0,834,8CA3DE6DCFD0E9E68539AAE3A7B0DB43551FBF4E91E165AF069C979AB20E1731,TEXT_PAGE,ocr-text,0
CUMCM-2021-A-A115,12,image_sequence,2021年数学建模国赛真题+优秀论文/2021年国赛优秀论文A题-A115/A12.jpg,0949382DB38836933FB596B1986FD465B3076B493E4A7AD7289FF411AD18E07E,tesseract.js,7.0.0,1098,DAE03FD6DB9B863D907E17C7E401AF34B020F7BF24F9661FDC3E3548F4A57AF8,TEXT_PAGE,ocr-text,0
CUMCM-2021-A-A115,13,image_sequence,2021年数学建模国赛真题+优秀论文/2021年国赛优秀论文A题-A115/A13.jpg,24FBEF304C4F0A4BF06BFBD70234EF0B28C96BC75E689477CD7D4E2E55F98D04,tesseract.js,7.0.0,799,9511C7BA8A367508C488E74186464C88CC1A45830D3F06F266E7B61003A813E6,TEXT_PAGE,ocr-text,0
CUMCM-2021-A-A115,14,image_sequence,2021年数学建模国赛真题+优秀论文/2021年国赛优秀论文A题-A115/A14.jpg,58F6E9957E7E09ED116ECB02946A2650DA9A8314AB2C28CA81DB50F190A78BEA,tesseract.js,7.0.0,683,1D9B4C932E6E80FD2ED8B2AE9C2F5A2799FAF8069700B627833D2DB1AE175696,TEXT_PAGE,ocr-text,0
CUMCM-2021-A-A115,15,image_sequence,2021年数学建模国赛真题+优秀论文/2021年国赛优秀论文A题-A115/A15.jpg,781B1DC0EDABDA3E8F5FC1869BCF7C9E0F4D6F065356CE14FC6006A55EC45D55,tesseract.js,7.0.0,1249,47523B70E5C1FE3A33F7052732D4270155B62FED5E136F9B2B5E0AC95D70011B,TEXT_PAGE,ocr-text,0
CUMCM-2021-A-A115,16,image_sequence,2021年数学建模国赛真题+优秀论文/2021年国赛优秀论文A题-A115/A16.jpg,8BC9E918BCCA8437532C5D8AFC642DCB82BAFF3C12342B34D36D4C3471471BED,tesseract.js,7.0.0,1473,B669BF9F9122151D3D9041A067E54627F5AA3526823C142113BA53044439D499,TEXT_PAGE,ocr-text,0
CUMCM-2021-A-A115,17,image_sequence,2021年数学建模国赛真题+优秀论文/2021年国赛优秀论文A题-A115/A17.jpg,248C5CBE5D7DA0E4DA20B87FB2A16F969423B417F7E3A7CCDE875E324A9BD5FF,tesseract.js,7.0.0,745,EE4A04B7ABA6224654408702A4DDC3B3454BCF9C9CA1655FF771845F113F6224,TEXT_PAGE,ocr-text,0
CUMCM-2021-A-A115,18,image_sequence,2021年数学建模国赛真题+优秀论文/2021年国赛优秀论文A题-A115/A18.jpg,38E2EEB0F001839E31743039E05F522C0062DC72EF46E2CD610724DB00C8C30D,tesseract.js,7.0.0,1077,CC7280AB89EF18F8327DD5AC00D1D38D50FB1EB3075115C5E062B0C01DB3BFE3,TEXT_PAGE,ocr-text,0
CUMCM-2021-A-A115,19,image_sequence,2021年数学建模国赛真题+优秀论文/2021年国赛优秀论文A题-A115/A19.jpg,6C619A55780E1B42D101057D9BD7CB1A8D465E64254BCD07921C9BAB3B8750E5,tesseract.js,7.0.0,966,03EC28D09B48B78946FC7334F3EA8103FA1C8C9CD9F7DEA931DE88822B8F277B,TEXT_PAGE,ocr-text,0
CUMCM-2021-A-A115,20,image_sequence,2021年数学建模国赛真题+优秀论文/2021年国赛优秀论文A题-A115/A20.jpg,EA1BC7706701A38CE51C1B8D23BDCBDBEF073FA30A586615E708A803541B4F81,tesseract.js,7.0.0,1685,1C28755815960BC612F7A47370F4578FD02AB6BA90BB6D516DE728A1924DDBCD,TEXT_PAGE,ocr-text,0
CUMCM-2021-A-A115,21,image_sequence,2021年数学建模国赛真题+优秀论文/2021年国赛优秀论文A题-A115/A21.jpg,71B9AF7FAB2147A9015950CFB7E9B622EDD84966B54E197262B48AF4EDC1FB6E,tesseract.js,7.0.0,1161,3D6D3C0F9A213A9F9F480444B509BEBBB3B8A622B8ADFE69F4236A12D2A1BC96,TEXT_PAGE,ocr-text,0
CUMCM-2021-A-A115,22,image_sequence,2021年数学建模国赛真题+优秀论文/2021年国赛优秀论文A题-A115/A22.jpg,70688CFDFF3361D3029FE1E305DDE5F3F5C983D81AFA4F37286F1A28B2BCBA26,tesseract.js,7.0.0,495,6D0A4C66054B32CA034F9698C367EBD4EF19F8714785D211AC2D0DD1C9A41591,TEXT_PAGE,ocr-text,0
CUMCM-2021-A-A115,23,image_sequence,2021年数学建模国赛真题+优秀论文/2021年国赛优秀论文A题-A115/A23.jpg,5FCB26DF4F042C62DB98ACBEFE4CCBBB7A5968E6DEB5AF55BF594C8B6033075F,tesseract.js,7.0.0,502,161B87B5326F7F78DEC2DBD759340EE604BB6FA2E6BF89116C968D7274F7E514,TEXT_PAGE,ocr-text,0
CUMCM-2021-A-A115,24,image_sequence,2021年数学建模国赛真题+优秀论文/2021年国赛优秀论文A题-A115/A24.jpg,374BCABA0DCEB22DE56031C94C36EEE24A3F5DC8D6C7BED7AFCE0DA7BA3D9B84,tesseract.js,7.0.0,953,1B0DE526CCAFC1DB8668CF8C35607CA26FABF5B3C0788BB2A54CFAB365419B31,TEXT_PAGE,ocr-text,0
CUMCM-2021-A-A115,25,image_sequence,2021年数学建模国赛真题+优秀论文/2021年国赛优秀论文A题-A115/A25.jpg,3A8A89A05CC3D7523A3BD265D12EAE92F44C901F1955C1032EF726F802397F08,tesseract.js,7.0.0,890,30676ACEAB78E8A58647B2B2FC84993E8E55FFE0C4D036F28735797659B9623E,TEXT_PAGE,ocr-text,0
CUMCM-2021-A-A115,26,image_sequence,2021年数学建模国赛真题+优秀论文/2021年国赛优秀论文A题-A115/A26.jpg,123C7742177E9041752355B01B88C846867A17A293ACC64D5E162D3BF05453E8,tesseract.js,7.0.0,457,F9952CA23D582A6AB48D515F36BB500F8367E250B4132CFEFEC52F3B91760D94,TEXT_PAGE,ocr-text,0
CUMCM-2021-A-A115,27,image_sequence,2021年数学建模国赛真题+优秀论文/2021年国赛优秀论文A题-A115/A27.jpg,BD0A1EDE14112F4A202C3544D150CFF38872C64B1C679D535F5646AEBD71BED7,tesseract.js,7.0.0,548,CB49CD1E871F22D1635D3DF19265341B7FACABED45F7CD5F1CF80D89EE084691,TEXT_PAGE,ocr-text,0
CUMCM-2021-A-A115,28,image_sequence,2021年数学建模国赛真题+优秀论文/2021年国赛优秀论文A题-A115/A28.jpg,7BBDB987E50BAA66C65371A3E1581C94599A293E472600DB7BE781D899A98606,tesseract.js,7.0.0,818,D37FB56D83690CB71FF4CA7736C7D6703D1A67696FAA9013734D9E04C994E939,TEXT_PAGE,ocr-text,0
CUMCM-2021-A-A115,29,image_sequence,2021年数学建模国赛真题+优秀论文/2021年国赛优秀论文A题-A115/A29.jpg,7367BE434B5CC23F18EC327CD41FD6EDF265091D36D35D95CD9D1BF2441084CA,tesseract.js,7.0.0,1033,9D5A920F8A0DF0F37C1872543A5DC962C510BE8ABA43079724F348AF53262565,TEXT_PAGE,ocr-text,0
CUMCM-2021-A-A115,30,image_sequence,2021年数学建模国赛真题+优秀论文/2021年国赛优秀论文A题-A115/A30.jpg,AD3DA0365AE74BBFA13EFEB2788FCB9B49E31C5243121C45B68D3A57F10DD0CA,tesseract.js,7.0.0,620,9B78D18B54D0BE89BF80D1CD4DFE1732D4118C5B650ED5C5673A8EFEAA52A841,TEXT_PAGE,ocr-text,0
CUMCM-2021-A-A115,31,image_sequence,2021年数学建模国赛真题+优秀论文/2021年国赛优秀论文A题-A115/A31.jpg,0496C783860F210A5EFC038B4950D4529A72A483236A2636AD5B484C8DCBABEB,tesseract.js,7.0.0,1278,E81DF1E1264D072220BBA0C68088D86A5E1FB90EBED9EC9EBA74A052FA539ECC,TEXT_PAGE,ocr-text,0
CUMCM-2021-A-A115,32,image_sequence,2021年数学建模国赛真题+优秀论文/2021年国赛优秀论文A题-A115/A32.jpg,C59C4CB61E72DB4A3912CA19A00FC88913D74A80D2B685FD134E15129F4AB9C2,tesseract.js,7.0.0,1054,E3C85EEA9DFB40ED0E946B29734991D19746D03EA8D0F183A1F8B9C78E1ED3F3,TEXT_PAGE,ocr-text,0
CUMCM-2021-A-A115,33,image_sequence,2021年数学建模国赛真题+优秀论文/2021年国赛优秀论文A题-A115/A33.jpg,DE8928206EF2D0DE786B95C19DCE2AC6E1A9BD68CED57EDA5CD5B55FA0B0A8D5,tesseract.js,7.0.0,864,ECB9F509F05807EDFE79E370F0B813433DF3739058B3601E525BCAC622E02CFD,TEXT_PAGE,ocr-text,0
CUMCM-2021-A-A115,34,image_sequence,2021年数学建模国赛真题+优秀论文/2021年国赛优秀论文A题-A115/A34.jpg,ECBB9AE0ABEA32AB5791A3E444FFAD7C007C4708EBA6A79372ADADFD3CC08B95,tesseract.js,7.0.0,778,8FA1A92DB78F626C0DEB13A59F789DAED0E5C14A3F0983F12E223D71A71C8013,TEXT_PAGE,ocr-text,0
CUMCM-2021-A-A115,35,image_sequence,2021年数学建模国赛真题+优秀论文/2021年国赛优秀论文A题-A115/A35.jpg,AAB8FD1ED2EF45D7C428B6F5594706DACFFDA1E76DCAE05DA98D80BF9AA9BF8F,tesseract.js,7.0.0,893,13824F6D648B468BC4A0B550C88A9F8B0E03B120D879831F0BDDD8CC5C7236FB,TEXT_PAGE,ocr-text,0
CUMCM-2021-B-B007,1,image_sequence,2021年数学建模国赛真题+优秀论文/2021年国赛优秀论文B题-B007/B1.jpg,C687EC4B8F274A3F2DD3D8DBDD4E93160FB869317A39769921949FD1D739CC28,tesseract.js,7.0.0,2107,C18EF92D792E826A41EE96A28111CFAF40604CA4AF3B788D370F39E6268FAABA,TEXT_PAGE,ocr-text,0
CUMCM-2021-B-B007,2,image_sequence,2021年数学建模国赛真题+优秀论文/2021年国赛优秀论文B题-B007/B2.jpg,CFC1DEB2CD30D85C7608AF49E9A1D4EDA77828F7450948D9BAD49C267640996A,tesseract.js,7.0.0,1493,CAB89B58BFD667F86CF34075408B89F555B8750E8C18B0EB69D933C818EA101E,TEXT_PAGE,ocr-text,0
CUMCM-2021-B-B007,3,image_sequence,2021年数学建模国赛真题+优秀论文/2021年国赛优秀论文B题-B007/B3.jpg,336271D9107AF6DF8D72A18030F8E27E04311B0C6ECA27529301C07C5CAF6782,tesseract.js,7.0.0,1807,9D023198F5D8DC5B415DC1733F7C28894A16E3C2B381B9CC4B8FB3D4CAE8C91C,TEXT_PAGE,ocr-text,0
CUMCM-2021-B-B007,4,image_sequence,2021年数学建模国赛真题+优秀论文/2021年国赛优秀论文B题-B007/B4.jpg,2E31A1248CE8F7538B6FE1FABD0D3E045B5EDD0051037F145A630D2D21809771,tesseract.js,7.0.0,949,8E88380FEDC2971A0B5E7BE5B8CD2BD41A03A73E82DA121C6F61E64406A76088,TEXT_PAGE,ocr-text,0
CUMCM-2021-B-B007,5,image_sequence,2021年数学建模国赛真题+优秀论文/2021年国赛优秀论文B题-B007/B5.jpg,E2DFF05220CB00CD6CAC3AEB946F2D7CB0D2376AE141F3B43C13B0E10E326175,tesseract.js,7.0.0,985,23D5DDB397798F858D2CD70BD802838EC6151EAC16B0455FF58763AC892E00E3,TEXT_PAGE,ocr-text,0
CUMCM-2021-B-B007,6,image_sequence,2021年数学建模国赛真题+优秀论文/2021年国赛优秀论文B题-B007/B6.jpg,DAFE93B7C3F178CC37847E8B43FD01CBFBC3C2137ACBCD7345F7B7A00EC9080A,tesseract.js,7.0.0,891,3E42A9A98E548C9DE9D1A6971CD143550F374C0D4A2B1910EDE22C4A8E03A2B2,TEXT_PAGE,ocr-text,0
CUMCM-2021-B-B007,7,image_sequence,2021年数学建模国赛真题+优秀论文/2021年国赛优秀论文B题-B007/B7.jpg,3318840FE15FA3D2F7F85468D5E94112FF3859FC744F8684D89285318C2D53D2,tesseract.js,7.0.0,1022,E23445B63601B9F1496DBD40376CB2F1443CB455F78E6D657C286F7E994F6A4C,TEXT_PAGE,ocr-text,0
CUMCM-2021-B-B007,8,image_sequence,2021年数学建模国赛真题+优秀论文/2021年国赛优秀论文B题-B007/B8.jpg,8E3B94C272A778DF3A588476D181C77D1E1128F3662F9E8C0C983B4FB912E381,tesseract.js,7.0.0,586,21BF5D35FE9BC2979EB65B3C9B38B90AD58D88AA96B70764CD126E6B7CD1F676,TEXT_PAGE,ocr-text,0
CUMCM-2021-B-B007,9,image_sequence,2021年数学建模国赛真题+优秀论文/2021年国赛优秀论文B题-B007/B9.jpg,89AA2F8B2298291052A75C7A2DD8B6DA72336898B961A2CCF865469BBB7EAC8A,tesseract.js,7.0.0,1132,5A61007AB552A23F216FE832EC04726134C79BD5D4A986CB0CA6DE22CFF04A32,TEXT_PAGE,ocr-text,0
CUMCM-2021-B-B007,10,image_sequence,2021年数学建模国赛真题+优秀论文/2021年国赛优秀论文B题-B007/B10.jpg,EC953FEC302FE25660DFB79CD5716834653588ED0061580535C7058675C27B81,tesseract.js,7.0.0,939,CA9D70D96CF49DE573777FD24250A6F455D6F139EA9767FA9E6E77670E875818,TEXT_PAGE,ocr-text,0
CUMCM-2021-B-B007,11,image_sequence,2021年数学建模国赛真题+优秀论文/2021年国赛优秀论文B题-B007/B11.jpg,319CC718D49687FF9C4312E715FFC04E43823BAC1C8C873EEB77A3D54D090DA4,tesseract.js,7.0.0,1114,F087266249079BE49A2C329CA67760D274BE9EC9EB9CDFA50D88733FD423B26F,TEXT_PAGE,ocr-text,0
CUMCM-2021-B-B007,12,image_sequence,2021年数学建模国赛真题+优秀论文/2021年国赛优秀论文B题-B007/B12.jpg,6B6FCEB64D5C3D33B1FFA274A82D79CA5406FD439E9245D97111E5EC71BA4E20,tesseract.js,7.0.0,1109,D5D048CAD2D89008A8DA4830420C8AADF52EEB2B3B601D56886F850400812BDC,TEXT_PAGE,ocr-text,0
CUMCM-2021-B-B007,13,image_sequence,2021年数学建模国赛真题+优秀论文/2021年国赛优秀论文B题-B007/B13.jpg,6378F2277D48F733645F9099176E05336C502E91583B41D5B87D00FB77524FDA,tesseract.js,7.0.0,866,CF0A1766ADC8F339A9E3274FF0FC572768448F36D3448C6390D9690EB98EC9FD,TEXT_PAGE,ocr-text,0
CUMCM-2021-B-B007,14,image_sequence,2021年数学建模国赛真题+优秀论文/2021年国赛优秀论文B题-B007/B14.jpg,1A73D0DC7551CA640FAF68BB0A55D23ED6CC18CBC4965780CF3010CB931FD4C0,tesseract.js,7.0.0,989,9B79139692384264E19BD55FCBF21518FE5B5DFA41EC7EAA56440221C48F95B6,TEXT_PAGE,ocr-text,0
CUMCM-2021-B-B007,15,image_sequence,2021年数学建模国赛真题+优秀论文/2021年国赛优秀论文B题-B007/B15.jpg,F99B26207DF33F6DFC5604FF11FE09B53F7CDEC33CFB93544A0FE76C63B83764,tesseract.js,7.0.0,1612,02AA7A323E2FDD4937BEB90262115AA4E30A6F3555920961B18EC3AE0BAB6D6E,TEXT_PAGE,ocr-text,0
CUMCM-2021-B-B007,16,image_sequence,2021年数学建模国赛真题+优秀论文/2021年国赛优秀论文B题-B007/B16.jpg,862F8ED83003B3030C6677A5F22306636C6BD280AB713DF6FB8F8603AAE464DA,tesseract.js,7.0.0,1587,CCD7C16247DD6E8553FBD9251566EF418BFF1A49F25EC42BB1C39F2FD9D57C49,TEXT_PAGE,ocr-text,0
CUMCM-2021-B-B007,17,image_sequence,2021年数学建模国赛真题+优秀论文/2021年国赛优秀论文B题-B007/B17.jpg,098F601ED1C17ED1BA7E0A2F5634713E0A285A505F1579654F970F88A561D99C,tesseract.js,7.0.0,942,F21AB5FFAD6F3235653E6F905DD32B6AD7BC0B4C1907BBA43FBC7F19F0CA4DE2,TEXT_PAGE,ocr-text,0
CUMCM-2021-B-B007,18,image_sequence,2021年数学建模国赛真题+优秀论文/2021年国赛优秀论文B题-B007/B18.jpg,B9C97DF1FEC2311B3B3A55FD6967A707A6DE6DF869160CDE11A1E57AFA72291E,tesseract.js,7.0.0,784,258AEBB6CD848737B96829E536521C3DD440CCF2346505B879769AC931677D88,TEXT_PAGE,ocr-text,0
CUMCM-2021-B-B007,19,image_sequence,2021年数学建模国赛真题+优秀论文/2021年国赛优秀论文B题-B007/B19.jpg,74E362124F3BD797626A0AC897411459EC73CA7867E0B8065EC7FED6C3C21183,tesseract.js,7.0.0,1169,8508CA7C7A4401FE7C91820F83150384ED81AD4D6624AB0F5F12355122EAFF7F,TEXT_PAGE,ocr-text,0
CUMCM-2021-B-B007,20,image_sequence,2021年数学建模国赛真题+优秀论文/2021年国赛优秀论文B题-B007/B20.jpg,AC7AE53A2449BA80CF5BCA4FF15CBF9332539B228CA3F5E10EA4BFED141F19B3,tesseract.js,7.0.0,1348,7EE637F288E142A452AC722DAB6CD512E29CAC7F6686339DC975236FC2DB6EDD,TEXT_PAGE,ocr-text,0
CUMCM-2021-B-B007,21,image_sequence,2021年数学建模国赛真题+优秀论文/2021年国赛优秀论文B题-B007/B21.jpg,B29B769A638DC1C8DEF4B47151C8868E9D212691E8693E24931FAF6E856FFE1D,tesseract.js,7.0.0,1332,A30BB1515D7248122D51C4F8BDBBAE7F46646EACEB35D036658187E2B0DF79F1,TEXT_PAGE,ocr-text,0
CUMCM-2021-B-B007,22,image_sequence,2021年数学建模国赛真题+优秀论文/2021年国赛优秀论文B题-B007/B22.jpg,D512E8DCE2A47F7664B494E3E3E24D4EF2A25BAA29633B47EA4662BF5796C5DA,tesseract.js,7.0.0,1066,E69EB24946A94B744F69C4E45642EB41882364C86C7CC4E6033B0691C06EFF87,TEXT_PAGE,ocr-text,0
CUMCM-2021-B-B007,23,image_sequence,2021年数学建模国赛真题+优秀论文/2021年国赛优秀论文B题-B007/B23.jpg,6333CAF4FC4DCF8E31297DB4324164EC90918C6A5351A3D8F677612966FC6499,tesseract.js,7.0.0,797,0D12ABB8B8DD9837509196D3D045F256C3E4C39426A6370C5911862A72FEB930,TEXT_PAGE,ocr-text,0
CUMCM-2021-B-B007,24,image_sequence,2021年数学建模国赛真题+优秀论文/2021年国赛优秀论文B题-B007/B24.jpg,4919AAD3D86DFB97E80531F442101A687B3A4024C2CB50982CBFF749CF43C42A,tesseract.js,7.0.0,1648,48E9DE7AA97975990B756AFD10D118684AA3A836E084BEA2BA7FF4678AEBABD9,TEXT_PAGE,ocr-text,0
CUMCM-2021-B-B007,25,image_sequence,2021年数学建模国赛真题+优秀论文/2021年国赛优秀论文B题-B007/B25.jpg,2D7557538394A063A3D6133DBC3A54C6D90465BCE5C4E8B7F79407BB106C7D08,tesseract.js,7.0.0,821,9EA58D6D7B76AC2D584C99A74FCEFDA72508F56D62BB631421A78B877828D062,TEXT_PAGE,ocr-text,0
CUMCM-2021-B-B007,26,image_sequence,2021年数学建模国赛真题+优秀论文/2021年国赛优秀论文B题-B007/B26.jpg,379165004867ED1C339AD3C228905083B26E995EB592FEDF3FB5721B62B338F7,tesseract.js,7.0.0,647,29C07667832C9A269BE51DB4AA43AC4236DF69CDFDDFC8BA6E8E621D941E8619,TEXT_PAGE,ocr-text,0
CUMCM-2021-B-B007,27,image_sequence,2021年数学建模国赛真题+优秀论文/2021年国赛优秀论文B题-B007/B27.jpg,774F4D54137D24F9E7B729343325E2B1D4812BAF9D89DB1466144B2C7F41EDD6,tesseract.js,7.0.0,727,594628E81C7999833C5C9DE527A99EEF7B870D0A1D20E3823DAC1EB989D5641F,TEXT_PAGE,ocr-text,0
CUMCM-2021-B-B007,28,image_sequence,2021年数学建模国赛真题+优秀论文/2021年国赛优秀论文B题-B007/B28.jpg,98B8584A1E22D723678C33AA5E82DE441631FFFB06D2F4E6247FAA00D2339B6E,tesseract.js,7.0.0,667,9A488CA3310C35E44B876F6378B1B2B8DB545B8D86EEFD52E6AAABC7E1E6C66B,TEXT_PAGE,ocr-text,0
CUMCM-2021-B-B007,29,image_sequence,2021年数学建模国赛真题+优秀论文/2021年国赛优秀论文B题-B007/B29.jpg,5B5B2779C0A7BB8D5C177881205F7A851FFD258E98735B848A26FFD8F62BBAEE,tesseract.js,7.0.0,265,53773ED3EB0767B7217D174A9A76B0B9AA095B86B28C1A173935584E4F730DD3,TEXT_PAGE,ocr-text,0
CUMCM-2021-B-B007,30,image_sequence,2021年数学建模国赛真题+优秀论文/2021年国赛优秀论文B题-B007/B30.jpg,A522CD8002C357DADDFA416EA5C8D094A409C854D043691C70A3AF70B2E16D4A,tesseract.js,7.0.0,392,EAE9F74EBAC5868D636A9A94C38DCF0A1BAD7D3742B0913DEBF2C189B783C342,TEXT_PAGE,ocr-text,0
CUMCM-2021-B-B007,31,image_sequence,2021年数学建模国赛真题+优秀论文/2021年国赛优秀论文B题-B007/B31.jpg,E5E9C897CE8FEF584E9AC4D5749DD13D98A8BB81481ECB82C093FA82D406745F,tesseract.js,7.0.0,348,8ED226659AB022431E2EE3D26D9839AE49E3F358C0EBA6C84409F5DEFA76D324,TEXT_PAGE,ocr-text,0
CUMCM-2021-B-B007,32,image_sequence,2021年数学建模国赛真题+优秀论文/2021年国赛优秀论文B题-B007/B32.jpg,32D430B31AD5F91CE25A50E5175B49741E70DE0FB3CA556D26F675FD6FD625AC,tesseract.js,7.0.0,435,6F496778834CEBDA122D004DE00ADEB486F6BDF9D3551197F251BE4270D83D39,TEXT_PAGE,ocr-text,0
CUMCM-2021-B-B007,33,image_sequence,2021年数学建模国赛真题+优秀论文/2021年国赛优秀论文B题-B007/B33.jpg,44E0C0F0941620AE2E4F4F4ECEFB15402BC328CAB640E6211E95D63B8BB51765,tesseract.js,7.0.0,394,D27CDA5D2CABE877B5E0AAA57A2296D5BBF92C86DBA5E8C2A287393EF80D0341,TEXT_PAGE,ocr-text,0
CUMCM-2021-B-B007,34,image_sequence,2021年数学建模国赛真题+优秀论文/2021年国赛优秀论文B题-B007/B34.jpg,D9B8417C6898A0D42B1F83C70E01AF6C99924351A23B44C8C0C6F7B023E82283,tesseract.js,7.0.0,327,64F2EAC4F16CE0DFF0A897EBD1FC5DC8D97DC1A48AFD6BD24E4054694CE77319,TEXT_PAGE,ocr-text,0
CUMCM-2021-B-B007,35,image_sequence,2021年数学建模国赛真题+优秀论文/2021年国赛优秀论文B题-B007/B35.jpg,86D6627F2C32415BF5F70D937064891C5BBD6D1A9E79E6B307A048B43926792D,tesseract.js,7.0.0,350,4B34031399868A947BADE8E8954BDDABCEA8369700DE7C51594A40155E493D6B,TEXT_PAGE,ocr-text,0
CUMCM-2021-B-B007,36,image_sequence,2021年数学建模国赛真题+优秀论文/2021年国赛优秀论文B题-B007/B36.jpg,30F76135521BD666F2DCA9A6D39CC2FF9CF0171F2434EAE3858E017248B7F85B,tesseract.js,7.0.0,323,4606802B74912F0F7087BDFE4663E084FA0FAB319E0B30DB944439092F4EEFE3,TEXT_PAGE,ocr-text,0
CUMCM-2021-B-B007,37,image_sequence,2021年数学建模国赛真题+优秀论文/2021年国赛优秀论文B题-B007/B37.jpg,58CC2710457F2FFC775A1396F746BDB3C9E66A15FC8D2B5F8716C23014AFD9F6,tesseract.js,7.0.0,333,9E0BEC467900D44A61D357041F364C92EF8CBE943125FB2C2F0FE44DEC1237C1,TEXT_PAGE,ocr-text,0
CUMCM-2021-B-B007,38,image_sequence,2021年数学建模国赛真题+优秀论文/2021年国赛优秀论文B题-B007/B38.jpg,90E3913E2983FD8464D615481EF7DCAE5CA5AEA4B927D914DA119429B4D1AD25,tesseract.js,7.0.0,279,425115446CE56BE631D8E725F2603D1181DF9AB4BD6FAE6FA056F6F47BEF9F65,TEXT_PAGE,ocr-text,0
CUMCM-2021-B-B007,39,image_sequence,2021年数学建模国赛真题+优秀论文/2021年国赛优秀论文B题-B007/B39.jpg,7615D467D5FBC91BE38EAE1D7DA174AEAB9B0A79FDB17AF7EF0D0CC406357DC1,tesseract.js,7.0.0,818,E733A8D0152CE9DF11EE32B29B82D90D59333789F38377B501A8DD7A9D97DEC0,TEXT_PAGE,ocr-text,0
CUMCM-2021-B-B007,40,image_sequence,2021年数学建模国赛真题+优秀论文/2021年国赛优秀论文B题-B007/B40.jpg,E0C60788716E090F95DAF0A910356494D60F32E1A9763248383EAE486B6D03F9,tesseract.js,7.0.0,1129,A72D09AF28103DE5B48DF032A9E38E76E143922D49E5577FECD234D975C32ADC,TEXT_PAGE,ocr-text,0
CUMCM-2021-B-B007,41,image_sequence,2021年数学建模国赛真题+优秀论文/2021年国赛优秀论文B题-B007/B41.jpg,463920B358271BE4781BCE4ABDFB87A4D0FE7E751E01470220F578A2B0BD1F98,tesseract.js,7.0.0,687,3E46F5C7BDB40560DEB465A0577013511B5B70F4E18C09BBEFA207BC63654CE6,TEXT_PAGE,ocr-text,0
CUMCM-2021-B-B007,42,image_sequence,2021年数学建模国赛真题+优秀论文/2021年国赛优秀论文B题-B007/B42.jpg,848CD78743849C0AC702652E4D68D35A8518174B4770F04521FDFC8E889C8F8F,tesseract.js,7.0.0,722,6B3E52FA30A56736F624C475DF19236C362283E94559F273DC6CC47F70A8D067,TEXT_PAGE,ocr-text,0
CUMCM-2021-B-B007,43,image_sequence,2021年数学建模国赛真题+优秀论文/2021年国赛优秀论文B题-B007/B43.jpg,E67A72DD18CE28185E05ACD56E44FC316FF9A09B1C81C5AF88C224110BB591B4,tesseract.js,7.0.0,687,B492E4723E89C24DA527ACF4C15E0164467582B2F49DBA55AC892D36482BA817,TEXT_PAGE,ocr-text,0
CUMCM-2021-B-B007,44,image_sequence,2021年数学建模国赛真题+优秀论文/2021年国赛优秀论文B题-B007/B44.jpg,012D67AEFFDFE2A48560FA51631EFEA5A285373794702452770CC4965A034ECC,tesseract.js,7.0.0,351,EC7670092E875235FBE8BC11EE2E29E0015DA705B2DC1B50FA775939B5FF4EAD,TEXT_PAGE,ocr-text,0
CUMCM-2021-B-B007,45,image_sequence,2021年数学建模国赛真题+优秀论文/2021年国赛优秀论文B题-B007/B45.jpg,7F549D2552BDA98E7760AE56E3C36D486DD2AEF0218B93FBE3C505471A5D7206,tesseract.js,7.0.0,259,44619DFD60F61B4551163148F572BE1D54CE69403BA9C09711B58FB98D73F1C8,TEXT_PAGE,ocr-text,0
CUMCM-2021-A-A217,1,image_sequence,2021年数学建模国赛真题+优秀论文/2021年国赛优秀论文A题-A217/A1.jpg,161768AEB1E9D258E31A46F476DE676A22F57AE9AEA27978BA88DCB20CAC22D5,tesseract.js,7.0.0,2183,AD6AF4525F2A3FB96A0DEFF883BFFC2DB2E4E903ED1D7A8A1F63F9FD2675C364,TEXT_PAGE,ocr-text,0
CUMCM-2021-A-A217,2,image_sequence,2021年数学建模国赛真题+优秀论文/2021年国赛优秀论文A题-A217/A2.jpg,08D5F1F1E77B7F84872D87F90AC7AE1B08ECF0033302560FFBA1D6FF2CF4D25B,tesseract.js,7.0.0,1294,FA5759AD02708D1DA54888762AD49EC467E2259803489EB7F323C67BD5B4FD5C,TEXT_PAGE,ocr-text,0
CUMCM-2021-A-A217,3,image_sequence,2021年数学建模国赛真题+优秀论文/2021年国赛优秀论文A题-A217/A3.jpg,6DA0105DE4A945DF87EA3382C812A74419AF4F457D14D84D0A8C1E5FA719B841,tesseract.js,7.0.0,1511,EA60A89CDF370D18563B0B2792BB55A13FDBCBB7BE03E5FB51EF7F03F83E1488,TEXT_PAGE,ocr-text,0
CUMCM-2021-A-A217,4,image_sequence,2021年数学建模国赛真题+优秀论文/2021年国赛优秀论文A题-A217/A4.jpg,5395CC798E0187E826A37B3B74E9F0B718C48571DAC03F6D8C20A1A5CFB5CA02,tesseract.js,7.0.0,1195,24D78C0BFD8B2C3CB5DEC8340AC008489F5F6566A9FA844CE4A36687AAC9C29E,TEXT_PAGE,ocr-text,0
CUMCM-2021-A-A217,5,image_sequence,2021年数学建模国赛真题+优秀论文/2021年国赛优秀论文A题-A217/A5.jpg,BBE8158EC8C9EDB94EA8C6C7D926A8073F2CB89DC0509949750B6B0BD783FDE8,tesseract.js,7.0.0,881,C709D9B7264589A0CC6358190A28C2AC7BDD02D7FFE242745AAD8D89B1339576,TEXT_PAGE,ocr-text,0
CUMCM-2021-A-A217,6,image_sequence,2021年数学建模国赛真题+优秀论文/2021年国赛优秀论文A题-A217/A6.jpg,4877BA2CB6637C302DBF501C02C7F72356ECED32F1A6D2FB93BF212A73A834F8,tesseract.js,7.0.0,963,2E5E584AAC72C6076747CB4C2719DDD12C1CFA2395AEC5336656784BA1D9176F,TEXT_PAGE,ocr-text,0
CUMCM-2021-A-A217,7,image_sequence,2021年数学建模国赛真题+优秀论文/2021年国赛优秀论文A题-A217/A7.jpg,E7B9DEE20642BD980DBDFD6CA96C8B40146469A7AFDF0E52B2CFEFE4A7CF63D7,tesseract.js,7.0.0,870,A15E0D0103D484EAFD78D109AC1EA076F17C33BC0C4C2A628F6E5019D8FBDB2E,TEXT_PAGE,ocr-text,0
CUMCM-2021-A-A217,8,image_sequence,2021年数学建模国赛真题+优秀论文/2021年国赛优秀论文A题-A217/A8.jpg,672EFB154E4FD1F43F3468D3D725AA3A0DFB9FD35B1E6F5DF50C0B6ECE1AFAE3,tesseract.js,7.0.0,1190,9D824F3376300821BCFE2916DCE250497523EBDE395A6BEAB69FD305A5A3DA08,TEXT_PAGE,ocr-text,0
CUMCM-2021-A-A217,9,image_sequence,2021年数学建模国赛真题+优秀论文/2021年国赛优秀论文A题-A217/A9.jpg,6B086AC70BA8E0C02DFBDD07E2FA5C0CEE9082987F5927DA755987C46EC859ED,tesseract.js,7.0.0,1097,A51017BD7E5E133DB5735C921D0D5931AC22BFE7B114D664EEE2CB1A5AA12F89,TEXT_PAGE,ocr-text,0
CUMCM-2021-A-A217,10,image_sequence,2021年数学建模国赛真题+优秀论文/2021年国赛优秀论文A题-A217/A10.jpg,493490E8AEB125188B5A8D5E997C61F919997456E642838251B2AEFF0DE6204D,tesseract.js,7.0.0,1323,73CE43AF7918579F020DF106539755DB2F788715361303FF72F63DECEA466C8F,TEXT_PAGE,ocr-text,0
CUMCM-2021-A-A217,11,image_sequence,2021年数学建模国赛真题+优秀论文/2021年国赛优秀论文A题-A217/A11.jpg,F513E0FBE920FC8C8A4A0AFA893C3436EB169558DCF738078574AC1E722D0E38,tesseract.js,7.0.0,1267,C3B6935A0FA66D23020B1BDED6DF54C0BC1719B86CCC37D1E6D412551EB04BE5,TEXT_PAGE,ocr-text,0
CUMCM-2021-A-A217,12,image_sequence,2021年数学建模国赛真题+优秀论文/2021年国赛优秀论文A题-A217/A12.jpg,7F9E2235974AEE6EE9ED9EABF1BBA67B1427546E3E7332ED14BB6232596AC64C,tesseract.js,7.0.0,1244,38D76DD1E2E9CA2A6D9B65261EAB9D55BD3E2D9E62A3A0CF3AEDC5937410B62F,TEXT_PAGE,ocr-text,0
CUMCM-2021-A-A217,13,image_sequence,2021年数学建模国赛真题+优秀论文/2021年国赛优秀论文A题-A217/A13.jpg,56D54E01E6B3CDB0D253E874F62AFCC70957D35BF8B24BF90B4BB3E24C1BED18,tesseract.js,7.0.0,1418,A7D0DFE5909A872132D008C1B8BDC428A24164EC40D23D08DEE3C10AA84F968E,TEXT_PAGE,ocr-text,0
CUMCM-2021-A-A217,14,image_sequence,2021年数学建模国赛真题+优秀论文/2021年国赛优秀论文A题-A217/A14.jpg,30C608BD9B58C8A074572A4BD6E6116D79D9E7392B1D622BF84A86828ECCCAC2,tesseract.js,7.0.0,1424,E38BE4AE4635256D4011B8948B6C83060F89D8B4CE4E9BC451A0320E0EF4A96B,TEXT_PAGE,ocr-text,0
CUMCM-2021-A-A217,15,image_sequence,2021年数学建模国赛真题+优秀论文/2021年国赛优秀论文A题-A217/A15.jpg,8148C85D05AE47CE0E456151041516883665806141BA37BE970DB692A3B57015,tesseract.js,7.0.0,1318,EFB0EF49A230B8B24122D7F954499B59C1F071998BB58D18F74C61EE32493EBC,TEXT_PAGE,ocr-text,0
CUMCM-2021-A-A217,16,image_sequence,2021年数学建模国赛真题+优秀论文/2021年国赛优秀论文A题-A217/A16.jpg,490348FC5770AF3B6BD0D572B754C2F69DAA0D9E6E48287C89DFD801EF2FD865,tesseract.js,7.0.0,880,1AF45589E9E760EECB720A2B640E3A926396E77E5BCE8D015E9C2801849487C4,TEXT_PAGE,ocr-text,0
CUMCM-2021-A-A217,17,image_sequence,2021年数学建模国赛真题+优秀论文/2021年国赛优秀论文A题-A217/A17.jpg,62A49AEF15902BE3A7C5D225E9F8D901BC8FDD2CEC472984784A0B01C9ACECBD,tesseract.js,7.0.0,1199,BCA7C8926523A8A03A0545B603B5010CFCD8504D61CECA94C1B0C0C578F6D196,TEXT_PAGE,ocr-text,0
CUMCM-2021-A-A217,18,image_sequence,2021年数学建模国赛真题+优秀论文/2021年国赛优秀论文A题-A217/A18.jpg,905D4C8CDE837B8A2650C0E225883FA82DE08810D136504165F0E9310B229682,tesseract.js,7.0.0,1308,DC5E5F0FD7030E2A00AF458EEE9590BC832AFAA8B0876F7EBAD6042981B58EDC,TEXT_PAGE,ocr-text,0
CUMCM-2021-A-A217,19,image_sequence,2021年数学建模国赛真题+优秀论文/2021年国赛优秀论文A题-A217/A19.jpg,C39C9583D439EADCD759B3E9AA8412ED06F3A8DD866BE7A434684340B22D5F5F,tesseract.js,7.0.0,622,27CC29D3E4DCDF63BCF047417EC6EC45AF3117E2573C79A9005B2298E3EC0258,TEXT_PAGE,ocr-text,0
CUMCM-2021-A-A217,20,image_sequence,2021年数学建模国赛真题+优秀论文/2021年国赛优秀论文A题-A217/A20.jpg,7E2F4A4E8D662B15514C300B3330824EE116C382D6E648486CE75DD46FE24D7D,tesseract.js,7.0.0,1765,0DBF2A4C3EC09761C6972915FA71B756BF6A484DE91438EBA8FF32AB11A453C6,TEXT_PAGE,ocr-text,0
CUMCM-2021-A-A217,21,image_sequence,2021年数学建模国赛真题+优秀论文/2021年国赛优秀论文A题-A217/A21.jpg,D58D819D3E91FD2E6F4AC7C56C3BA440B3D749C4461E8FE19E5118C88F6ACB59,tesseract.js,7.0.0,1082,5BFCEB77A47BBACD019628A961B608985C07972E0A55F30C0AF3DC929D1CAE5D,TEXT_PAGE,ocr-text,0
CUMCM-2021-A-A217,22,image_sequence,2021年数学建模国赛真题+优秀论文/2021年国赛优秀论文A题-A217/A22.jpg,892E7C77F07C926BE4DF9B3238CEDCE8E882A251F9C5330647C73688CE33FC3C,tesseract.js,7.0.0,1148,5CF9B562EFE0DCCAC1128652B02CB29DFE4D3FB317217CE24431E1FEA032E9ED,TEXT_PAGE,ocr-text,0
CUMCM-2021-A-A217,23,image_sequence,2021年数学建模国赛真题+优秀论文/2021年国赛优秀论文A题-A217/A23.jpg,00FF6506B2E5DA072E903BA1657DD6605956B738B097FA8BF2B916C12529C095,tesseract.js,7.0.0,1063,114208D300102BC51498F36B74D54013DD46A7C45150F33BCFD48A4D295700DF,TEXT_PAGE,ocr-text,0
CUMCM-2021-A-A217,24,image_sequence,2021年数学建模国赛真题+优秀论文/2021年国赛优秀论文A题-A217/A24.jpg,275B44DB820A38156550107057565AD163AC28432D7377AD9C67676A2A40AE1C,tesseract.js,7.0.0,1028,2F27D4866032A74D4A21D52B95E17231AF309662DB2A00D2DD2A787CBA97CB84,TEXT_PAGE,ocr-text,0
CUMCM-2021-A-A217,25,image_sequence,2021年数学建模国赛真题+优秀论文/2021年国赛优秀论文A题-A217/A25.jpg,9E92AAC934FAB1844A8E13E7C8958C14BC012F8C50586D05312B0749ADBB71AE,tesseract.js,7.0.0,829,4032E8F924F15E679A35D7828EC046CC2CBD2E06473CE21D88A60F437FCBCC0D,TEXT_PAGE,ocr-text,0
CUMCM-2021-A-A217,26,image_sequence,2021年数学建模国赛真题+优秀论文/2021年国赛优秀论文A题-A217/A26.jpg,80B813412D43EAA75AA5851903D91528117E09D23AB5A3F48C4D60175AA1969A,tesseract.js,7.0.0,987,FFB9EF8A417EEBB97940904D6F84500A3D658D3E76A6FF23F2488F9CD1721C81,TEXT_PAGE,ocr-text,0
CUMCM-2021-A-A217,27,image_sequence,2021年数学建模国赛真题+优秀论文/2021年国赛优秀论文A题-A217/A27.jpg,413DC723997E69C7027496759FF07AF68BF627626390D94F68426B6CBD5BCBE9,tesseract.js,7.0.0,782,F676923ECEDB4D473EA3055818214988474776D969A40A9DA47C524B2D5E0542,TEXT_PAGE,ocr-text,0
CUMCM-2021-A-A217,28,image_sequence,2021年数学建模国赛真题+优秀论文/2021年国赛优秀论文A题-A217/A28.jpg,E0E78E02095F4D591E24317CA9C7C9BD21B2DB9CC859C6F9AD80ED4A388395B8,tesseract.js,7.0.0,3310,52FC2E52C05B16B62ECCAEDCD47D63FE8A090DC1E4F2D023C5E111A16A8536FB,TEXT_PAGE,ocr-text,0
CUMCM-2021-A-A217,29,image_sequence,2021年数学建模国赛真题+优秀论文/2021年国赛优秀论文A题-A217/A29.jpg,4E45EEA1A53569F2B396B7131B3357986BCF5B248DB46DD5EF9B73A6D84C128A,tesseract.js,7.0.0,1362,F933032C425E7C5CBAACDCE801E7E246DE9C8DCBF1C91CA33651729E518F2900,TEXT_PAGE,ocr-text,0
CUMCM-2021-A-A217,30,image_sequence,2021年数学建模国赛真题+优秀论文/2021年国赛优秀论文A题-A217/A30.jpg,29BE3AEA48BC18430FC83725FDCE75A55184F0B90FC8D0231CA30808512C7FA5,tesseract.js,7.0.0,1028,4F890CC33FA12901CEABE7DB63EB7D37A8326ACABB4125466E45BECC5F51F590,TEXT_PAGE,ocr-text,0
CUMCM-2021-A-A217,31,image_sequence,2021年数学建模国赛真题+优秀论文/2021年国赛优秀论文A题-A217/A31.jpg,6EF12600D751B81B98236A5E6F7690F563E06CFAECF5A76FFE60611E64C54EC7,tesseract.js,7.0.0,799,E4C1890E9DDFD513CC4BF97A31E9BB71FB174F10D9FA97935FE10DD5993DF2B6,TEXT_PAGE,ocr-text,0
CUMCM-2021-A-A217,32,image_sequence,2021年数学建模国赛真题+优秀论文/2021年国赛优秀论文A题-A217/A32.jpg,27A05A87E52254F4CB4B83A4EC4B50675D0AF9DA4C72AD24D1CAD8494A1EF1F1,tesseract.js,7.0.0,707,DDA3BFB2A9C59506705DC9803B3E24EDC0A191CC239165482068C0BC99347E0A,TEXT_PAGE,ocr-text,0
CUMCM-2021-A-A217,33,image_sequence,2021年数学建模国赛真题+优秀论文/2021年国赛优秀论文A题-A217/A33.jpg,AE9C27492287E5369E5E1E8EF94D99A12B940BB17BE9317AC58A5FC95D64FF23,tesseract.js,7.0.0,952,FE123CB4A9563E2651601E44B85D20E91DB756B765651E1542C9FF36D4923A18,TEXT_PAGE,ocr-text,0
CUMCM-2021-A-A217,34,image_sequence,2021年数学建模国赛真题+优秀论文/2021年国赛优秀论文A题-A217/A34.jpg,866F9163CE3DA6787DDD9ABE4D4F524A53FE75D60AB9D973C1BFEB82D83F6239,tesseract.js,7.0.0,891,2DD20709046BCDA0B3A6C45D7332A7315AA6348A1E538DC1772E3EA5760605CE,TEXT_PAGE,ocr-text,0
CUMCM-2021-A-A217,35,image_sequence,2021年数学建模国赛真题+优秀论文/2021年国赛优秀论文A题-A217/A35.jpg,5BABF3C454193A38D108D2CEEB30C6347A84C815DB463AE05E6AC4CDACDCEE51,tesseract.js,7.0.0,1407,1341423F1EB1B23E9EE545432A7F9A72D359562AE8767A569F664448F8C4C1B1,TEXT_PAGE,ocr-text,0
CUMCM-2021-A-A217,36,image_sequence,2021年数学建模国赛真题+优秀论文/2021年国赛优秀论文A题-A217/A36.jpg,4028F38E1AEEBEFEDA49C3286E00D676B5432B08BF8C1ADAE6137FED383DEDF4,tesseract.js,7.0.0,931,FFE94ECF56EF7F72291728DACD7CD81E15CCEB6CB51B59E585CDDAEDBF52C845,TEXT_PAGE,ocr-text,0
CUMCM-2021-A-A217,37,image_sequence,2021年数学建模国赛真题+优秀论文/2021年国赛优秀论文A题-A217/A37.jpg,F19A5C593899F1D89A05C2A79F8EE159CBC9698267510B76ABC07379FF4B0A5C,tesseract.js,7.0.0,1094,769D58FA4872BED9A1A32B91537016AC450F9F35A3E005D37CC6F9F173683CC7,TEXT_PAGE,ocr-text,0
CUMCM-2021-A-A217,38,image_sequence,2021年数学建模国赛真题+优秀论文/2021年国赛优秀论文A题-A217/A38.jpg,900D94C97AEC5D3F372ECDD91D4E73B9D68424E67072DE2E1EF3E18DF32982AB,tesseract.js,7.0.0,1437,2FCFBC5DEDE1389363455327610F0C408FF0B9269A5A5A6973334B77B33D0CA6,TEXT_PAGE,ocr-text,0
CUMCM-2021-A-A217,39,image_sequence,2021年数学建模国赛真题+优秀论文/2021年国赛优秀论文A题-A217/A39.jpg,F7E11506B733190F4E245A481AEF99E52B49F75D54760EFD69C8A2F43E9D9433,tesseract.js,7.0.0,1297,0A733F33F2E5BEF1DE3843B881F3C94E832A21C7125AD31A6B01A1907024A112,TEXT_PAGE,ocr-text,0
CUMCM-2021-A-A217,40,image_sequence,2021年数学建模国赛真题+优秀论文/2021年国赛优秀论文A题-A217/A40.jpg,8080589F5743DD91B59EE7CA720CA7B4CC7E3263194AF7F78C1731D41D6B89CB,tesseract.js,7.0.0,938,44EEECD71DBEF02FE1907C87177C17839F94F3589FA9EAE1E1D8AB47E258ABE9,TEXT_PAGE,ocr-text,0
CUMCM-2021-A-A217,41,image_sequence,2021年数学建模国赛真题+优秀论文/2021年国赛优秀论文A题-A217/A41.jpg,7A012887492CED8829E9C3CFD898E1DE607C43591C5F552B8F78DF3792112E2E,tesseract.js,7.0.0,855,EB13F23B9601277896D06D7036C65F0818F2274BFB349314F1200999939EF4BE,TEXT_PAGE,ocr-text,0
CUMCM-2021-A-A217,42,image_sequence,2021年数学建模国赛真题+优秀论文/2021年国赛优秀论文A题-A217/A42.jpg,1764730645CDB98CA462B8E9E2A4E32AEE49F1F7EA1941E133424E3F843AF9C8,tesseract.js,7.0.0,946,D3BBAA0DDCE7AE4DF6422A3DDD25547949D71F4DC6A2B0269F706002E754196D,TEXT_PAGE,ocr-text,0
CUMCM-2021-A-A217,43,image_sequence,2021年数学建模国赛真题+优秀论文/2021年国赛优秀论文A题-A217/A43.jpg,CBEE93569C9D411080C6B24155F1605F31A72838D518515CF2AEDBD81BEEADE8,tesseract.js,7.0.0,949,C3BEFB5EC80D2C8D94F7960940B6B9EBB07C3CD728F329272B7E1A15FE590685,TEXT_PAGE,ocr-text,0
CUMCM-2021-A-A217,44,image_sequence,2021年数学建模国赛真题+优秀论文/2021年国赛优秀论文A题-A217/A44.jpg,BD72FA9B0D6664FD115ECC3D57E86B8399AB4E0563C84AD61E679A7F07C9C455,tesseract.js,7.0.0,954,CCB874523E918AD434FDB795249F40EE48D5A9ABAFF5D1A0B64C14A671049CF2,TEXT_PAGE,ocr-text,0
CUMCM-2021-A-A217,45,image_sequence,2021年数学建模国赛真题+优秀论文/2021年国赛优秀论文A题-A217/A45.jpg,FD74AA095698E9B093ECB17A337BE0006DCFECF35B6F4043108F9CB0EBA26903,tesseract.js,7.0.0,802,EF19D75BCE2769A7AABE30F9869D30DF608353E702E3EB95B2CA6BE98638E3F8,TEXT_PAGE,ocr-text,0
CUMCM-2021-A-A217,46,image_sequence,2021年数学建模国赛真题+优秀论文/2021年国赛优秀论文A题-A217/A46.jpg,ACE823FAA1722595E4E62BA05DDE65B25D301DF72559BE3A8F280E0CAA889D35,tesseract.js,7.0.0,695,7878AB710940A145A005B6D4FF293C179757DE38A01C34AA3E65F17F5791F59B,TEXT_PAGE,ocr-text,0
CUMCM-2021-A-A217,47,image_sequence,2021年数学建模国赛真题+优秀论文/2021年国赛优秀论文A题-A217/A47.jpg,91F86AB162C24FD3627A187D430A35BFB74FC323DA39BCD06F9BEFC196D8D332,tesseract.js,7.0.0,582,7D57A5CF6C48AD3B855926AFA5296DBDE41904AA67D18E46B28A3ED378B17768,TEXT_PAGE,ocr-text,0
CUMCM-2021-A-A217,48,image_sequence,2021年数学建模国赛真题+优秀论文/2021年国赛优秀论文A题-A217/A48.jpg,52BAF8DBE168397A4AB578BC53819E37B311FCE315F7385EC9A5CCB67DBF4B6D,tesseract.js,7.0.0,1398,B600CDFBD24630B6523428A3387826DD543F03EEF8AEE556217C2FFCE2296256,TEXT_PAGE,ocr-text,0
CUMCM-2021-A-A217,49,image_sequence,2021年数学建模国赛真题+优秀论文/2021年国赛优秀论文A题-A217/A49.jpg,0FF090010FA6E013DEDE655266B48B11E2B36B7E5903B4273B48B1B8CD375132,tesseract.js,7.0.0,1499,0732E6159A5009493B19D985BE31AF669F9A152CD1E541327A52478FEAC69CD4,TEXT_PAGE,ocr-text,0
CUMCM-2021-A-A217,50,image_sequence,2021年数学建模国赛真题+优秀论文/2021年国赛优秀论文A题-A217/A50.jpg,0E6F50E55892DDC8A0F9DA115B6F8DFCD267A2C9D098D75A07C9B3C2256463A3,tesseract.js,7.0.0,1240,03CDAC7A387A3382968E764E9B00774B655C0057AC9346BB05E0B30B2D7929B0,TEXT_PAGE,ocr-text,0
CUMCM-2021-A-A217,51,image_sequence,2021年数学建模国赛真题+优秀论文/2021年国赛优秀论文A题-A217/A51.jpg,5CED248BCA34DC97D1E1716CCEA98A61D72138F9904E7781C764A0A981BF4A04,tesseract.js,7.0.0,1441,9058131313C82DA3655EAD32A500FAB2AA651C1D3BC773E0F48B1B6CA8FA34D6,TEXT_PAGE,ocr-text,0
CUMCM-2021-A-A217,52,image_sequence,2021年数学建模国赛真题+优秀论文/2021年国赛优秀论文A题-A217/A52.jpg,B154D736FFC953E03B803DC5DF28BB31A0F59028485B241C4BE02957A41E3515,tesseract.js,7.0.0,1537,B862BEB0740716CBE6CFA85960C9CC976164774B7CAC463572002BC64D079CBA,TEXT_PAGE,ocr-text,0
CUMCM-2021-A-A217,53,image_sequence,2021年数学建模国赛真题+优秀论文/2021年国赛优秀论文A题-A217/A53.jpg,8F155EB72F7898D942715A5285D5FB2EDD5C28EC31B8D94349EE416DC4B2592D,tesseract.js,7.0.0,1105,04CDA16D8CEB2B00AE2B9BFC59FD4B4B0BE0C28A40EA1A9664BAA8951E47DBBF,TEXT_PAGE,ocr-text,0
CUMCM-2021-A-A217,54,image_sequence,2021年数学建模国赛真题+优秀论文/2021年国赛优秀论文A题-A217/A54.jpg,3B5A49D4DC35F8301AA036D5B5A8D106610B340C06C2CBD9E462063622AF2057,tesseract.js,7.0.0,1376,74858DEE5D82000384C879C152FBA631E083ED4783FD2577E584D6EF295096ED,TEXT_PAGE,ocr-text,0
CUMCM-2021-A-A217,55,image_sequence,2021年数学建模国赛真题+优秀论文/2021年国赛优秀论文A题-A217/A55.jpg,8CFF3D5E8F60DA3ECB90111B8F7B74FBD450E0B7C6437B839A7DA9327F32725F,tesseract.js,7.0.0,1246,A94E62DB6505D942CE2C45FCEB2EF8C90E3ED93A2FCFACE009384EEC24F4A321,TEXT_PAGE,ocr-text,0
CUMCM-2021-A-A217,56,image_sequence,2021年数学建模国赛真题+优秀论文/2021年国赛优秀论文A题-A217/A56.jpg,C565776DDC853640EFB26942A51F092D57405C66445D29C029BDC94524A29961,tesseract.js,7.0.0,1428,E76C99E6A9DD369C2CE7B9E359DF6AF3D30ED5F51F7FAEAC03E236CCBC9B3046,TEXT_PAGE,ocr-text,0
CUMCM-2021-A-A217,57,image_sequence,2021年数学建模国赛真题+优秀论文/2021年国赛优秀论文A题-A217/A57.jpg,F6657A8DD6F0D2707D9683ADEBEF29FD2FAECF5D0C307ECC08232CE4C429546D,tesseract.js,7.0.0,1698,65E8409125FF9BCACB63B783D3CD62059AAF1B7BC0EC2110ED19A81E6C1EC6C4,TEXT_PAGE,ocr-text,0
CUMCM-2021-A-A217,58,image_sequence,2021年数学建模国赛真题+优秀论文/2021年国赛优秀论文A题-A217/A58.jpg,6E15EAAF6612FDC1E2DC0B3FF574C1A074965C075EF3180B084CD41EB225E858,tesseract.js,7.0.0,1373,CA18D45D1029DF8F05F70206E04D23FF3F1F93D69CCE29738892C9CA6B1EE221,TEXT_PAGE,ocr-text,0
CUMCM-2021-A-A217,59,image_sequence,2021年数学建模国赛真题+优秀论文/2021年国赛优秀论文A题-A217/A59.jpg,582A19F6477E9C0CED2BF7F6EDF73784654C06D354F316AEEE762DD2A103F52C,tesseract.js,7.0.0,52,F8CB445CF74DA045F811DED46EB72BF8206DD71E9C4B40AE85D3062E4BD2267D,TEXT_PAGE,ocr-text,0
CUMCM-2021-B-B106,1,image_sequence,2021年数学建模国赛真题+优秀论文/2021年国赛优秀论文B题-B106/B1.jpg,C2006CC92DDDA31601271F31FAC56DC2C53D04B5A30215E7B08A0555DED45718,tesseract.js,7.0.0,1906,172CA606FC7C5529FE2C44393BEBC6114BFBE6E9ECAA3C548B0006C8E33957B0,TEXT_PAGE,ocr-text,0
CUMCM-2021-B-B106,2,image_sequence,2021年数学建模国赛真题+优秀论文/2021年国赛优秀论文B题-B106/B2.jpg,4595A9EA9653F084F8DA82C400AF987E38CE925CBBC53D9CBAA1972A8E4113C9,tesseract.js,7.0.0,1343,D3FDF4E1239C41171AE2100490C59821DE7862EEFAAD922804F6BE89390E7541,TEXT_PAGE,ocr-text,0
CUMCM-2021-B-B106,3,image_sequence,2021年数学建模国赛真题+优秀论文/2021年国赛优秀论文B题-B106/B3.jpg,8247EC263331B0D487640D50673239204B698FFE4EDE4E4EB80E9A5A333FE18F,tesseract.js,7.0.0,1739,721BE8258347D17CA46CD776F749A341911B3EA3CD5DC18E1855774F0461F620,TEXT_PAGE,ocr-text,0
CUMCM-2021-B-B106,4,image_sequence,2021年数学建模国赛真题+优秀论文/2021年国赛优秀论文B题-B106/B4.jpg,124321804F1BB6C76401E34ADE43972609C4195FD186943DCE8A83FAF3EA347D,tesseract.js,7.0.0,1393,59AE535592AD2A97719C0E2317314EC99A5475C8AFA51E09239B5DC6EE57F806,TEXT_PAGE,ocr-text,0
CUMCM-2021-B-B106,5,image_sequence,2021年数学建模国赛真题+优秀论文/2021年国赛优秀论文B题-B106/B5.jpg,30369373CBD4E1F0B9BEDC652E7DF72866A222678C9BAB1581C844366D3B2A1F,tesseract.js,7.0.0,999,B793FCBC910858853F5958F97D03F8181D89E03B39098B77254DB87C57F7D5C9,TEXT_PAGE,ocr-text,0
CUMCM-2021-B-B106,6,image_sequence,2021年数学建模国赛真题+优秀论文/2021年国赛优秀论文B题-B106/B6.jpg,98F191CF942F722E69786099F014EFC4078E302097AE1EE2CE298A647FFE0ED7,tesseract.js,7.0.0,1275,58B120AE82ADCFF1CF3866B952BB9DB32C8BC91004F2FDB15168DE087F16B1D0,TEXT_PAGE,ocr-text,0
CUMCM-2021-B-B106,7,image_sequence,2021年数学建模国赛真题+优秀论文/2021年国赛优秀论文B题-B106/B7.jpg,0D8C6818C7E69AA27200014217A1D2D5264CB309BBC71BCCBFC1D01E8F10D63D,tesseract.js,7.0.0,1103,FEE6A0E1B700C34C52C02BE8A2F4C607CD4150F67AFAA23A9EECFA0B5AD04F73,TEXT_PAGE,ocr-text,0
CUMCM-2021-B-B106,8,image_sequence,2021年数学建模国赛真题+优秀论文/2021年国赛优秀论文B题-B106/B8.jpg,0E2D8D5A0CFFDB068F9CD6FBC58A2121451293ABADEC5A2DECAEDB86D29C2A12,tesseract.js,7.0.0,1330,5562D25AABF51C945C53E8340F55E962AE7790E0FD9AAFA9CF11B35FF8C3E3AE,TEXT_PAGE,ocr-text,0
CUMCM-2021-B-B106,9,image_sequence,2021年数学建模国赛真题+优秀论文/2021年国赛优秀论文B题-B106/B9.jpg,070D3A2B0B9832785E37397D9D7EE67E7A980653590E75161D952581D4C0EE22,tesseract.js,7.0.0,802,F0D87F2033A4B973BF551F780D87C661E989AEF3C8AC76ABFB28E0A73D4AF33B,TEXT_PAGE,ocr-text,0
CUMCM-2021-B-B106,10,image_sequence,2021年数学建模国赛真题+优秀论文/2021年国赛优秀论文B题-B106/B10.jpg,8A93E265A462716CD1CA66AFCA40E043124D039EFD0C97DE6CE3635932888B1E,tesseract.js,7.0.0,760,FB54AE0671FF29D125DF34C18A9AB3D5C982CF5A22EDE92066F76419795C30C6,TEXT_PAGE,ocr-text,0
CUMCM-2021-B-B106,11,image_sequence,2021年数学建模国赛真题+优秀论文/2021年国赛优秀论文B题-B106/B11.jpg,4A19A0BCA986A71698B8C7D0C7B69E0E32E448C669FB42D606A0A5A7402B82D8,tesseract.js,7.0.0,793,A92152A88C907D3D3BEDB141C0968B4FA79B3F29035A92CB6F7901964791FD4A,TEXT_PAGE,ocr-text,0
CUMCM-2021-B-B106,12,image_sequence,2021年数学建模国赛真题+优秀论文/2021年国赛优秀论文B题-B106/B12.jpg,35F744573845652F0BF820C97CDD3E992B89D223DD6E233EF14D173D6A32BD20,tesseract.js,7.0.0,827,40643261EE79784BE05AB9E6E3788A9C8F366E2CC7F318CD8F62815A036F1145,TEXT_PAGE,ocr-text,0
CUMCM-2021-B-B106,13,image_sequence,2021年数学建模国赛真题+优秀论文/2021年国赛优秀论文B题-B106/B13.jpg,66F06FE0F114201DB9BA9BB8A8C56B9947C5352F97A22606170D0ECB63D359D8,tesseract.js,7.0.0,1288,3D70007D753A2DD27D5E2196D20CF03CACC810B9B87B86EB317BEB6ADB2E66F4,TEXT_PAGE,ocr-text,0
CUMCM-2021-B-B106,14,image_sequence,2021年数学建模国赛真题+优秀论文/2021年国赛优秀论文B题-B106/B14.jpg,C0F8FE9D3B097C75EEB8E05C690807A67C1F9279F16B0E787CFCFAE21CC7983D,tesseract.js,7.0.0,1325,B9959ED2372FA26683B999A088DEBF86968DCFCB693383EEA89D577445383CA1,TEXT_PAGE,ocr-text,0
CUMCM-2021-B-B106,15,image_sequence,2021年数学建模国赛真题+优秀论文/2021年国赛优秀论文B题-B106/B15.jpg,77FDC3C0B647C1F22FBE0A6A65AFA1D83DB1589285E9BE904B19EF0ACC9E4ADD,tesseract.js,7.0.0,1024,733154DDAE91454FDBCA819BF5D25DDD7BC7ABEEE0698F8176A5AD4539AC9FB3,TEXT_PAGE,ocr-text,0
CUMCM-2021-B-B106,16,image_sequence,2021年数学建模国赛真题+优秀论文/2021年国赛优秀论文B题-B106/B16.jpg,BCB6A082C59000823EC5D6ECC6CD92409FDF526A09B98BA7E7E36E9A5BAB7DF5,tesseract.js,7.0.0,968,DC723FAAEA4C0B14D89299650A3921D8D26ECD8B42C35C4CF72EDC5F207EAE54,TEXT_PAGE,ocr-text,0
CUMCM-2021-B-B106,17,image_sequence,2021年数学建模国赛真题+优秀论文/2021年国赛优秀论文B题-B106/B17.jpg,35921115D869A70CEED2110AA9817CBF4AD13EE2552BB569B9FBAC7FA8E54F2E,tesseract.js,7.0.0,1339,DEAE1AB6F54649FD52584B2D1E3AB33D7EAB4449A3F22322D256949EE01F135B,TEXT_PAGE,ocr-text,0
CUMCM-2021-B-B106,18,image_sequence,2021年数学建模国赛真题+优秀论文/2021年国赛优秀论文B题-B106/B18.jpg,EC39C1052C2B7FA26C1F14DE3D5162D163A1BFF232F69C85AA59C8B366F813BC,tesseract.js,7.0.0,1017,35E5C184997C0DB8B1BB13F93BA15DF7C5FC08B05ECAC1932DB4336D4B154C52,TEXT_PAGE,ocr-text,0
CUMCM-2021-B-B106,19,image_sequence,2021年数学建模国赛真题+优秀论文/2021年国赛优秀论文B题-B106/B19.jpg,9B0F7C60AC2E43903D097D4A96C0B0916CB72ED44F649A921B15E7D60FD18F8B,tesseract.js,7.0.0,1471,6F1DE2466B35059DB3B1ECA65111F73FDE43A7F7DF9359D2EF621B9244792135,TEXT_PAGE,ocr-text,0
CUMCM-2021-B-B106,20,image_sequence,2021年数学建模国赛真题+优秀论文/2021年国赛优秀论文B题-B106/B20.jpg,8537BDA27B0DD543B24A7CA7B50FB0EB540CAC17B07911B707BDB202D1EBD858,tesseract.js,7.0.0,1526,FED48C831C2F5D827BF09ABC6308A713C3400F7ADA590F468EB81D0B6EFB7127,TEXT_PAGE,ocr-text,0
CUMCM-2021-B-B106,21,image_sequence,2021年数学建模国赛真题+优秀论文/2021年国赛优秀论文B题-B106/B21.jpg,7EBE5D9B7FCBB57D74D080A4FD23CBA3CAB730AD65EF77126E0F30349E2125C6,tesseract.js,7.0.0,962,B2FEB540AE4D5B588D3BBCF60FC9C8BA01F81DD0CEFC59AA32C878E18A734DB7,TEXT_PAGE,ocr-text,0
CUMCM-2021-B-B106,22,image_sequence,2021年数学建模国赛真题+优秀论文/2021年国赛优秀论文B题-B106/B22.jpg,4C28CA7110970D1D60D008A4BE3FA21D92EF6C2DACE0650D2E006F921DD84EFB,tesseract.js,7.0.0,1109,03DB3E4A16C1019E6B0486B468F161D4D5A9508BD452F462CFD044014A521544,TEXT_PAGE,ocr-text,0
CUMCM-2021-B-B106,23,image_sequence,2021年数学建模国赛真题+优秀论文/2021年国赛优秀论文B题-B106/B23.jpg,B329EF1A015017764D46476DF71906145BE10D693E7ECF18336409D507D9DA50,tesseract.js,7.0.0,1178,65BDF4D8124EEBB88C51C24A85A182EA0EA8DE5E69489014C2A6AA5802847595,TEXT_PAGE,ocr-text,0
CUMCM-2021-B-B106,24,image_sequence,2021年数学建模国赛真题+优秀论文/2021年国赛优秀论文B题-B106/B24.jpg,60BD348305E83282B296CFEA87586923B3E5EDD07868F4D202B3AE31E56C23A2,tesseract.js,7.0.0,799,ED819D977C48628F73EF0FC4D18CF22F7760ECB778ED8657DD400B50DE7494E1,TEXT_PAGE,ocr-text,0
CUMCM-2021-B-B106,25,image_sequence,2021年数学建模国赛真题+优秀论文/2021年国赛优秀论文B题-B106/B25.jpg,DFF422E201CD904F2365741D7E7B289A96D3BFEA6FAF5661764DC2B12132C4E1,tesseract.js,7.0.0,1601,16A358F96753D3E4E6DBF5FCC2413D1DF764CCDC05D9BBD0CC0E8D165557A8D2,TEXT_PAGE,ocr-text,0
CUMCM-2021-B-B106,26,image_sequence,2021年数学建模国赛真题+优秀论文/2021年国赛优秀论文B题-B106/B26.jpg,9DDF1D42FD187BE5DB71CE3EBE9411B0E6705312FF75BBEB547CDFAC885F1AE4,tesseract.js,7.0.0,675,12B1E026F02A2B7ECE5FE662B7E32AF6F382E19054036FE6EE5F8266806996D2,TEXT_PAGE,ocr-text,0
CUMCM-2021-B-B106,27,image_sequence,2021年数学建模国赛真题+优秀论文/2021年国赛优秀论文B题-B106/B27.jpg,3DAA6C567E72CB1F3FE62BFF795447F8728C4F060B80C0E5C47117C582B93450,tesseract.js,7.0.0,1053,8BDDF1067281C9B5068FE8BDDCAF7A1187299555BEC67C01C4B9610B5A58D22E,TEXT_PAGE,ocr-text,0
CUMCM-2021-B-B106,28,image_sequence,2021年数学建模国赛真题+优秀论文/2021年国赛优秀论文B题-B106/B28.jpg,EF65B850349537CBD7E9310D308500554335582397CD33D38DD407C04D236CCE,tesseract.js,7.0.0,881,5899AF53D394DF6CBB431BE83C49E56EABB5FD87CA64BE2746370B651A80BFD0,TEXT_PAGE,ocr-text,0
CUMCM-2021-B-B050,1,image_sequence,2021年数学建模国赛真题+优秀论文/2021年国赛优秀论文B题-B050/B1.jpg,C6BE943BF780B63CEB6604428FDA51945F454F1043F8D8CD0C9B755A938D8C17,tesseract.js,7.0.0,2195,A4E9E7109D01AE525A21E500D13DFF9D3CA5FF6E0126A0EEB38D8DA9DFDC64D2,TEXT_PAGE,ocr-text,0
CUMCM-2021-B-B050,2,image_sequence,2021年数学建模国赛真题+优秀论文/2021年国赛优秀论文B题-B050/B2.jpg,DB0FC215F1915C5F5DB753ECE325BA282B03A5FFC07EF0EAF98264EFE50C2C62,tesseract.js,7.0.0,1795,D9BF921A9D26401C650F2EA6082A7EE6BDB7EAB466FAAF77350EFD5D203F9F4D,TEXT_PAGE,ocr-text,0
CUMCM-2021-B-B050,3,image_sequence,2021年数学建模国赛真题+优秀论文/2021年国赛优秀论文B题-B050/B3.jpg,D254754DBE90D867FAAE4DBC65B8E70B91F8AFD996995D28F4B43E8D4DBE89C2,tesseract.js,7.0.0,2306,87662CF05F2D02D3D4D319C04624D583A8630C17077A6BD7DA6CD402553F8FC5,TEXT_PAGE,ocr-text,0
CUMCM-2021-B-B050,4,image_sequence,2021年数学建模国赛真题+优秀论文/2021年国赛优秀论文B题-B050/B4.jpg,5C6EDF6316926E67DEF386A84A5203254C82DC71BA3CF933001252AC94DA34AC,tesseract.js,7.0.0,810,C5050998AE5E992B7000A0F7E9989C1165623586BA3904C2EEC59788A83B2325,TEXT_PAGE,ocr-text,0
CUMCM-2021-B-B050,5,image_sequence,2021年数学建模国赛真题+优秀论文/2021年国赛优秀论文B题-B050/B5.jpg,1553CA30C596A5E9C3143E659F10580B27F136F72F18340EA731F4950BFA9843,tesseract.js,7.0.0,811,3321D5D0B3E9D475C9269BE31513FBDF0441C2754D131CC17787B7DA1ABF2FF5,TEXT_PAGE,ocr-text,0
CUMCM-2021-B-B050,6,image_sequence,2021年数学建模国赛真题+优秀论文/2021年国赛优秀论文B题-B050/B6.jpg,1FE30EE6EFF83F43D9B2998FC8CEF3832B2D7D2A49AE07DD3B72C5C2BC731BBD,tesseract.js,7.0.0,1102,231D7CA976D95F8415C5D2BD3F3C47A25F3E3E0F2FFDD61B01ADC9214DF18175,TEXT_PAGE,ocr-text,0
CUMCM-2021-B-B050,7,image_sequence,2021年数学建模国赛真题+优秀论文/2021年国赛优秀论文B题-B050/B7.jpg,B8EE49E3BE3AFBB581EF6E7B4C5FB248D60CBBACD74060D7E290CEDB5138D917,tesseract.js,7.0.0,1322,E7F94507CC9C0F0D103F16995DFB89A5FA36DC0DAFDD58F774223B58D317E19F,TEXT_PAGE,ocr-text,0
CUMCM-2021-B-B050,8,image_sequence,2021年数学建模国赛真题+优秀论文/2021年国赛优秀论文B题-B050/B8.jpg,97A012DB0D735D9AEC442A54412249A7853B5614C7D78E1B814BDEE129D4241A,tesseract.js,7.0.0,736,C468A1F530616C120ABCEE061AF4ED4F6F4387C20BF441650BD9D806152B9417,TEXT_PAGE,ocr-text,0
CUMCM-2021-B-B050,9,image_sequence,2021年数学建模国赛真题+优秀论文/2021年国赛优秀论文B题-B050/B9.jpg,9ED531EC92931CF263B7A788C45DA962A66289F00689835467517C941E7C036A,tesseract.js,7.0.0,902,1719190246AF47DEDB222F3AEEF45CEE9073B49C96315C88075367ED70DACF50,TEXT_PAGE,ocr-text,0
CUMCM-2021-B-B050,10,image_sequence,2021年数学建模国赛真题+优秀论文/2021年国赛优秀论文B题-B050/B10.jpg,C7CFDB6E80CC29E9A033BDC79DFD79BF1F4E91F1B6C42C7B82621B03ABC6EA5A,tesseract.js,7.0.0,1431,8759E95E3120AD8E5CB52DC6C95D31EE385A7460F3E60FE110E2CF65A5F640A0,TEXT_PAGE,ocr-text,0
CUMCM-2021-B-B050,11,image_sequence,2021年数学建模国赛真题+优秀论文/2021年国赛优秀论文B题-B050/B11.jpg,8FB75ECF45FA2D3A5E5CB079529D1E255B0253969C5998123D0DD06F61384635,tesseract.js,7.0.0,805,CA27C5D062C6BB18618AACB28EF75DF3AA6DD59910C10EF8B9E60F30090FBDAE,TEXT_PAGE,ocr-text,0
CUMCM-2021-B-B050,12,image_sequence,2021年数学建模国赛真题+优秀论文/2021年国赛优秀论文B题-B050/B12.jpg,139568B618A770B4B97ADF3F8ECD259F3062CBF34FEA229B89B19AD98975F02C,tesseract.js,7.0.0,1810,4225206EDC87D50FE8D7C94C8F6D036CD674FACB574A28DF3BFD6384C3A0721D,TEXT_PAGE,ocr-text,0
CUMCM-2021-B-B050,13,image_sequence,2021年数学建模国赛真题+优秀论文/2021年国赛优秀论文B题-B050/B13.jpg,CC68B2CA73751CECFF9578FA3E40DEA31BE40B4FFFD697757FBE022B8B57D8AA,tesseract.js,7.0.0,1066,9B4D7BBD85D72485AAFD22AFB25A71E984989B29B3674EF54A45FD835D2DE231,TEXT_PAGE,ocr-text,0
CUMCM-2021-B-B050,14,image_sequence,2021年数学建模国赛真题+优秀论文/2021年国赛优秀论文B题-B050/B14.jpg,30147AED87131BD0B7F3E715D8D80D798F4D31FD32848A843893CD595123665E,tesseract.js,7.0.0,1125,D7EE3787F318AFC83D0A72CCDB2954F9C932C58BCBFBF30EC4299E9D07BBA4A3,TEXT_PAGE,ocr-text,0
CUMCM-2021-B-B050,15,image_sequence,2021年数学建模国赛真题+优秀论文/2021年国赛优秀论文B题-B050/B15.jpg,39B0F25F5D9B0EA0AECF047B626001B026E04D341D854BCD3B1CFDBDF3C6DF01,tesseract.js,7.0.0,1331,851B0C36165CCB861183C639727EF25D447E0C2950B3F02728F5749CC1424FA2,TEXT_PAGE,ocr-text,0
CUMCM-2021-B-B050,16,image_sequence,2021年数学建模国赛真题+优秀论文/2021年国赛优秀论文B题-B050/B16.jpg,99507FC29E4015D22000C3C7123EFCE7FBE149A59485291D7E479866A3430909,tesseract.js,7.0.0,813,7198380CF30CF63C6CD0AC6CC3CA617F8E985EC9A5F40EE10598BD01E42BA5C8,TEXT_PAGE,ocr-text,0
CUMCM-2021-B-B050,17,image_sequence,2021年数学建模国赛真题+优秀论文/2021年国赛优秀论文B题-B050/B17.jpg,9C85907AF7404D09F5E93E808B65D38F91ABB78E4638570B307D7B7B66909382,tesseract.js,7.0.0,939,B5284290A2E281F76471D546A83912ECFA19F1109F5C097D97128E8AD887189E,TEXT_PAGE,ocr-text,0
CUMCM-2021-B-B050,18,image_sequence,2021年数学建模国赛真题+优秀论文/2021年国赛优秀论文B题-B050/B18.jpg,E1CA879F88C24B4D6315E47B10335C21BA79F89B7844999459FBC925D4FF7F0E,tesseract.js,7.0.0,1452,EDC6A54A33B3AB5B92E0B59C643A77DD843F96F1D66AFCC6F833F2C90159DC72,TEXT_PAGE,ocr-text,0
CUMCM-2021-B-B050,19,image_sequence,2021年数学建模国赛真题+优秀论文/2021年国赛优秀论文B题-B050/B19.jpg,3B025EAB4650EED574AD4803E0A13EE8D15B537832AFC928B57160C0E159B6C2,tesseract.js,7.0.0,1497,2D728A0859EE3FBCDB3E1C2936DB2ED6DA468C8E5A2C09BCBC45B0679E73E176,TEXT_PAGE,ocr-text,0
CUMCM-2021-B-B050,20,image_sequence,2021年数学建模国赛真题+优秀论文/2021年国赛优秀论文B题-B050/B20.jpg,0C76660A5B5BCA680514F2358B4C3C03A130C2CFECAE3A7385608FC09645B1E1,tesseract.js,7.0.0,1295,4C764A56FD3CEC70D45007A0423BFB66C53FD5E79AE0808EC110599884280366,TEXT_PAGE,ocr-text,0
CUMCM-2021-B-B050,21,image_sequence,2021年数学建模国赛真题+优秀论文/2021年国赛优秀论文B题-B050/B21.jpg,F71D6CBAF24D53B7FF8139A0CAC5E5A9B7EB017FAEF5FAF095C4A2A3E228AE9F,tesseract.js,7.0.0,364,82CE782EB899387B7B49180063648E97DEA9046C6165263993EE54D5CEE4472E,TEXT_PAGE,ocr-text,0
CUMCM-2021-B-B050,22,image_sequence,2021年数学建模国赛真题+优秀论文/2021年国赛优秀论文B题-B050/B22.jpg,0F9A3930A5AB99B3868AB7FA0180320F6B919B4B5534C20D137AA62DC73404E8,tesseract.js,7.0.0,803,2428E7E5DC9E23917A8F185E6A9D8952D34F9174E8462542666B51598C57AB20,TEXT_PAGE,ocr-text,0
CUMCM-2021-B-B050,23,image_sequence,2021年数学建模国赛真题+优秀论文/2021年国赛优秀论文B题-B050/B23.jpg,D77E86D88EF8AE6902ECECFC97E0BD87822EBF961071214582C0B949A51F6026,tesseract.js,7.0.0,1268,0D504DBCBC1E7D2BBFA9579A78999E800093A778881E8D0A6E97195666E6FEF2,TEXT_PAGE,ocr-text,0
CUMCM-2021-B-B050,24,image_sequence,2021年数学建模国赛真题+优秀论文/2021年国赛优秀论文B题-B050/B24.jpg,4835AA924B8A2228558715A703038321066532765A08B42616D3485BDC0F2E46,tesseract.js,7.0.0,1501,B96AA4E2A38439E4609A96AF52DDFB875DECEBC6CA34354852D59BA2D7D225B7,TEXT_PAGE,ocr-text,0
CUMCM-2021-B-B050,25,image_sequence,2021年数学建模国赛真题+优秀论文/2021年国赛优秀论文B题-B050/B25.jpg,9F91C6F76D8C12F4C95693104B4F53510E67A2EF051FA068864749F99F5E17B4,tesseract.js,7.0.0,1647,A42EF34F959D21E89D07C779DC44C6E8E338FEDF6E73B17731E1E668A3AD71F5,TEXT_PAGE,ocr-text,0
CUMCM-2021-B-B050,26,image_sequence,2021年数学建模国赛真题+优秀论文/2021年国赛优秀论文B题-B050/B26.jpg,24BC663AD552E1BA97C689BA95AD1D951F1511CD64566A7F4D88CD9C2686A20D,tesseract.js,7.0.0,1300,BBDAED038B606549909C1BD309E7A90746EBDE4E0718DDCF1EF7473E0BBB2501,TEXT_PAGE,ocr-text,0
CUMCM-2021-B-B050,27,image_sequence,2021年数学建模国赛真题+优秀论文/2021年国赛优秀论文B题-B050/B27.jpg,8B6FE327D520639491C5197115186A51481E04C38EF7AB6A5DAEEDDF597568FF,tesseract.js,7.0.0,201,20AB692C2B9B1741AD99ED32EFD4788918786B426C36A12BB2E532949E02D35A,TEXT_PAGE,ocr-text,0
CUMCM-2021-B-B050,28,image_sequence,2021年数学建模国赛真题+优秀论文/2021年国赛优秀论文B题-B050/B28.jpg,546840CCB329BE3F7F3167402730B19290F8F2D26F0D6731C47D75868FA136B2,tesseract.js,7.0.0,180,EA39BE811B62008AA6D63DC930108A23982A3054AA9D854F7444E7F45B7ACC4A,TEXT_PAGE,ocr-text,0
CUMCM-2021-B-B050,29,image_sequence,2021年数学建模国赛真题+优秀论文/2021年国赛优秀论文B题-B050/B29.jpg,2D725B77275BCBC513BC759BFC09B422AD0FAEE7CB8EEA39CC4DE816D886405D,tesseract.js,7.0.0,268,8B89FAB4A5AB22C6B16B8B78D789BD291700FEA07DA1651896A8B529E22E2E3C,TEXT_PAGE,ocr-text,0
CUMCM-2021-B-B050,30,image_sequence,2021年数学建模国赛真题+优秀论文/2021年国赛优秀论文B题-B050/B30.jpg,B62F715E3BD2E179E95C65D8CD8A66BB05F91B480241771DACAF7FA10F683FC5,tesseract.js,7.0.0,325,7042BD9F0C8604D4DB41AF0E70F46E3217F41851EAB5418C4B82EEE363A95CC7,TEXT_PAGE,ocr-text,0
CUMCM-2021-B-B050,31,image_sequence,2021年数学建模国赛真题+优秀论文/2021年国赛优秀论文B题-B050/B31.jpg,557F5BBE7BA50F74CA42FFC3D99E6912B764D646D31845E10B1D45B39C6C281C,tesseract.js,7.0.0,234,E8990CB72AE9DB1FAE5E7C7C2CE96996B587310DCF390DC34D2B9EBD22A32E20,TEXT_PAGE,ocr-text,0
CUMCM-2021-B-B050,32,image_sequence,2021年数学建模国赛真题+优秀论文/2021年国赛优秀论文B题-B050/B32.jpg,ADC894728BA4C90427D63D076B659A009C93E681C6E720B04C7BC13BC255925D,tesseract.js,7.0.0,229,8B4389E6EE0CA59D7329A2DAC82EE3177ED4542C559549BB3FC77864C27BDB45,TEXT_PAGE,ocr-text,0
CUMCM-2021-B-B050,33,image_sequence,2021年数学建模国赛真题+优秀论文/2021年国赛优秀论文B题-B050/B33.jpg,3BF0B84A527985978957158273AE89EB6700786F163F28028D5D0EA9A3B8C238,tesseract.js,7.0.0,234,E0A0B676284ED9553EF62E629569077C09895C2DEC4090F3340A46279E2C6DB2,TEXT_PAGE,ocr-text,0
CUMCM-2021-B-B050,34,image_sequence,2021年数学建模国赛真题+优秀论文/2021年国赛优秀论文B题-B050/B34.jpg,C16EBFA9A5A0FA3801EE6138409E6EC6AD64F5E9F32A4AC767442806431FCE63,tesseract.js,7.0.0,160,1B76B2EB748B202F6E306AB714734BAF88F9A22A9C612969DD943534B3E92561,TEXT_PAGE,ocr-text,0
CUMCM-2021-B-B050,35,image_sequence,2021年数学建模国赛真题+优秀论文/2021年国赛优秀论文B题-B050/B35.jpg,4E699CF5483DC45572E025AC238AA36CE250E8ADD085652835B692E035201C65,tesseract.js,7.0.0,300,4D0EC4E0B7685174263AAF4B2B8A101C66538BA0506C1D5FA7A7BD4D2B7CA9FD,TEXT_PAGE,ocr-text,0
CUMCM-2021-B-B050,36,image_sequence,2021年数学建模国赛真题+优秀论文/2021年国赛优秀论文B题-B050/B36.jpg,744F8C0AED7E5442972C4E708A21C411EDABF1697764724BCE2ECC7F4B1302FA,tesseract.js,7.0.0,47,C7CCEB8D30EDA8053FB91D1DC88AA370E7112ACB15B0792D42C1043C1E563474,TEXT_PAGE,ocr-text,0
CUMCM-2021-B-B050,37,image_sequence,2021年数学建模国赛真题+优秀论文/2021年国赛优秀论文B题-B050/B37.jpg,8958295F561FAD785BFDFB61DD5E41C6E2469514C20B982A8735D2E2C0CC3666,tesseract.js,7.0.0,1065,F0515F5F1E150F8FC04FED13225E7284D2ED5DAF29F0978498A88B49D0CDC89F,TEXT_PAGE,ocr-text,0
CUMCM-2021-B-B050,38,image_sequence,2021年数学建模国赛真题+优秀论文/2021年国赛优秀论文B题-B050/B38.jpg,50FF5C70D477A3F023E8CCADE6D01A8F41A3FCCC7150FEE66DEE8FBD34342B89,tesseract.js,7.0.0,273,502ACFD33B24CEE74152CB6382180540F2B655DA5B7839B5E594FA108E4F8740,TEXT_PAGE,ocr-text,0
CUMCM-2021-B-B050,39,image_sequence,2021年数学建模国赛真题+优秀论文/2021年国赛优秀论文B题-B050/B39.jpg,766E18E94B24C7408871F84AAF742671720336F0F0C2A9DB5DE0D88D32119738,tesseract.js,7.0.0,220,C7A5375D4F1123261642E88A12D0FCEC5982659AE469FDD563B0A4DC7F37A14B,TEXT_PAGE,ocr-text,0
CUMCM-2021-B-B050,40,image_sequence,2021年数学建模国赛真题+优秀论文/2021年国赛优秀论文B题-B050/B40.jpg,584C7015F9B10EE31D97BD3EECA0C0A480C86281457A966A12A575AE4FC28488,tesseract.js,7.0.0,1483,0451FF9647025B85DE333EE1298DD34E2111DF83779405FBD374AA250DE3A652,TEXT_PAGE,ocr-text,0
CUMCM-2021-B-B050,41,image_sequence,2021年数学建模国赛真题+优秀论文/2021年国赛优秀论文B题-B050/B41.jpg,B086DD2AECB21564A0728EC10A1F98CB2C68D61A5FB3AD3F85D694CC6EAED2D4,tesseract.js,7.0.0,432,4D839E0F649742957B63398555C319D4B65B7E3BDABCB3150A78EB7837EE4FE5,TEXT_PAGE,ocr-text,0
CUMCM-2021-B-B050,42,image_sequence,2021年数学建模国赛真题+优秀论文/2021年国赛优秀论文B题-B050/B42.jpg,8D741FC72287960522241CD901147234BF7EE877B23FB346C6F645F53A4136CE,tesseract.js,7.0.0,221,CC72305D983860E4E3FBF8F39192F8030A1A80161E5616F2B17339BA1ECC5A05,TEXT_PAGE,ocr-text,0
CUMCM-2021-B-B050,43,image_sequence,2021年数学建模国赛真题+优秀论文/2021年国赛优秀论文B题-B050/B43.jpg,2BB404EE333D9F9B9272DC639630122086196432AA7825F06EAA378262897726,tesseract.js,7.0.0,265,330312B41902AE11D75CEB8EE5C89321924807BC48F0CEEFF671A15A9C923704,TEXT_PAGE,ocr-text,0
CUMCM-2021-B-B050,44,image_sequence,2021年数学建模国赛真题+优秀论文/2021年国赛优秀论文B题-B050/B44.jpg,D2EF7660D9F941BE041C0E2942C75FADB45CB9DDF4B3E192A40C269CD7FB4192,tesseract.js,7.0.0,279,FAF14F36E93F233DB193D87F2003EDDCC448D5C47B69750EF3DABE4C3FBE66B8,TEXT_PAGE,ocr-text,0
CUMCM-2021-B-B050,45,image_sequence,2021年数学建模国赛真题+优秀论文/2021年国赛优秀论文B题-B050/B45.jpg,A8316ECF808DE69D5BE928B658A8DC226C173542F36E7EB3D818DED962BC87E3,tesseract.js,7.0.0,171,058DE348A63C1001DD2C684192BA53AA378794BB2832E197BA7FB97B2F7F5DBC,TEXT_PAGE,ocr-text,0
CUMCM-2021-B-B050,46,image_sequence,2021年数学建模国赛真题+优秀论文/2021年国赛优秀论文B题-B050/B46.jpg,2D7A35F978E4BBBBB73EEFA5647BF421C1CF66D4D42CBB6BCB590D2164A81897,tesseract.js,7.0.0,260,631557D8FAA739AB9E5AE13A2AED523C96B9405D0C1290646AFDB937863E65A8,TEXT_PAGE,ocr-text,0
CUMCM-2021-B-B050,47,image_sequence,2021年数学建模国赛真题+优秀论文/2021年国赛优秀论文B题-B050/B47.jpg,F54240A80F1DA83A75BAB159FEC712E8873FBD554FE70F0E82676A7C449E362C,tesseract.js,7.0.0,728,60622FC10FB716D58318EACBD900F3906B5CC7DD34BDFDD5E7D60C02D76B6139,TEXT_PAGE,ocr-text,0
CUMCM-2021-B-B050,48,image_sequence,2021年数学建模国赛真题+优秀论文/2021年国赛优秀论文B题-B050/B48.jpg,899FF5123184ACF389426AF6D230F7039A7DE14B1E9EB2C4EC59F8873300BB55,tesseract.js,7.0.0,130,02EBC6C88BF9182F21EF8C3ED94430F0106F05144BCCAFB920100DBD3B1BD845,TEXT_PAGE,ocr-text,0
CUMCM-2021-B-B050,49,image_sequence,2021年数学建模国赛真题+优秀论文/2021年国赛优秀论文B题-B050/B49.jpg,5ECC909DEBEA304E26CBE0894D33BF6D185CCBAB16DAA3DDF1FF8E1934F346BF,tesseract.js,7.0.0,847,D299FBA93F3CD7540B6B30458FFBA5DD0F881FB2D0616FD721964893E09E9C80,TEXT_PAGE,ocr-text,0
CUMCM-2021-B-B050,50,image_sequence,2021年数学建模国赛真题+优秀论文/2021年国赛优秀论文B题-B050/B50.jpg,472E02A4CBD33B1FFD3496A6FD19A06A40DC3507D22022F6A75E21D97F2F06C7,tesseract.js,7.0.0,117,506082238544548745FE4F12D2F4F31D313F6D78888D0C4EEA9A042B56A8B5A0,TEXT_PAGE,ocr-text,0
CUMCM-2021-B-B050,51,image_sequence,2021年数学建模国赛真题+优秀论文/2021年国赛优秀论文B题-B050/B51.jpg,A73B8EE4C1D1A9A865254C84AD14B1B8CFF1CF8BC3755E0345259CBD7886CBE8,tesseract.js,7.0.0,80,5DAC4C057BE54669DA9B423BCB9184AD37CC89DCFF0F2B5FE1422F811CF3D2D4,TEXT_PAGE,ocr-text,0
CUMCM-2021-B-B050,52,image_sequence,2021年数学建模国赛真题+优秀论文/2021年国赛优秀论文B题-B050/B52.jpg,4A8FF51C42AA6EB21FFA8F51D8A36163D3CB8799F095E21353CCAA0BF6644314,tesseract.js,7.0.0,577,2D1BB62869A3DD5B5E28F8D58F18FFA742F6021C0A4F43E754F11285976E732D,TEXT_PAGE,ocr-text,0
CUMCM-2021-B-B050,53,image_sequence,2021年数学建模国赛真题+优秀论文/2021年国赛优秀论文B题-B050/B53.jpg,4674E7DDE347861B12CB04B1EA2ACFA0BEB27EA2B87846C6DA46D424B2DE9470,tesseract.js,7.0.0,705,AEDD07A673F1D9900E53C0147DE228236C9127F4CEDC25453ACD4E749C59F512,TEXT_PAGE,ocr-text,0
CUMCM-2021-B-B050,54,image_sequence,2021年数学建模国赛真题+优秀论文/2021年国赛优秀论文B题-B050/B54.jpg,A37FEA1276CF4AE57E0A14CF2C766EB331F0BA60F1FFD16248E63EC157E4DBE0,tesseract.js,7.0.0,693,F3D964C0B68A03728045C3CD717BADA92DC4E887660BE0E743A7C4CA403F356E,TEXT_PAGE,ocr-text,0
CUMCM-2021-B-B050,55,image_sequence,2021年数学建模国赛真题+优秀论文/2021年国赛优秀论文B题-B050/B55.jpg,39CB680F807B52E14DC05AE42E64C2AC15181A4DDE520AAE4846B735B3FDA702,tesseract.js,7.0.0,152,3CCEFEF7F98C28AAEFDF0EF627BA09F742CF6351173E64F2A794B9DD3B0C47E5,TEXT_PAGE,ocr-text,0
CUMCM-2021-B-B050,56,image_sequence,2021年数学建模国赛真题+优秀论文/2021年国赛优秀论文B题-B050/B56.jpg,056A654C34A0485EE96DE6F425D2F0E128B247D9EF9B1FC646A0E6CDBA484864,tesseract.js,7.0.0,220,EAF73A4089425D6D6AFF90C0138706C113DA6565F375341F22DEBB393D7B7B25,TEXT_PAGE,ocr-text,0
CUMCM-2021-B-B050,57,image_sequence,2021年数学建模国赛真题+优秀论文/2021年国赛优秀论文B题-B050/B57.jpg,56C6AFB24255B322C2F05B548F1699FC62D4CCDFD2EFC5CFB83AA57B802B5D2F,tesseract.js,7.0.0,1278,6D42C60998483EE9AD8888E2D5B633AF1ED8A1C2669E1855EF4044B6E9AA7145,TEXT_PAGE,ocr-text,0
CUMCM-2021-B-B050,58,image_sequence,2021年数学建模国赛真题+优秀论文/2021年国赛优秀论文B题-B050/B58.jpg,D13252F9C9E38C6A6A2CCF2EFA5E75E894CC66801C77F2F2446AB8C1760C3463,tesseract.js,7.0.0,224,14A041036335D6AD5DF8799F678CE0C8F83ADA760681D996FC3F26B6AC5E1A79,TEXT_PAGE,ocr-text,0
CUMCM-2021-B-B050,59,image_sequence,2021年数学建模国赛真题+优秀论文/2021年国赛优秀论文B题-B050/B59.jpg,04353DD5F4D1DCC6606023AD4BC35269D6E920633ABE45F982F9FE41EAD0FBD2,tesseract.js,7.0.0,469,FF5580D116EC8B5408A25A3108806D6E86818251122C084DD17495879E3952F7,TEXT_PAGE,ocr-text,0
CUMCM-2021-B-B026,1,image_sequence,2021年数学建模国赛真题+优秀论文/2021年国赛优秀论文B题-B026/B1.jpg,DCBBF4C7A13F3AED3BCB8815EF93EC3B6DEA5392AC4C2482D2BCA25310DAB906,tesseract.js,7.0.0,1874,39B36F940F49B64007D3269FDD286759E575614DA23E2E1C59097C3016A1A473,TEXT_PAGE,ocr-text,0
CUMCM-2021-B-B026,2,image_sequence,2021年数学建模国赛真题+优秀论文/2021年国赛优秀论文B题-B026/B2.jpg,BC01B64A82182B3E83BEFD32B34D8047C75BBFBE5BB1DE02A23303A2AAAD1EB5,tesseract.js,7.0.0,2034,BAE34D41161D5BC5DD2F4708793568AF1B55EFEE07F4AA590EFC44A204ACF386,TEXT_PAGE,ocr-text,0
CUMCM-2021-B-B026,3,image_sequence,2021年数学建模国赛真题+优秀论文/2021年国赛优秀论文B题-B026/B3.jpg,EFCEC276C971D65FC297A67A5A099D1A318EA6233F3B60A9128A0A9C965B78B6,tesseract.js,7.0.0,874,061AF81FDED8094D0F66CDCD13B2694C233FE46EC0E9079744E6F41F1874A685,TEXT_PAGE,ocr-text,0
CUMCM-2021-B-B026,4,image_sequence,2021年数学建模国赛真题+优秀论文/2021年国赛优秀论文B题-B026/B4.jpg,579AC196F10B953BD80EEE261BFEE328878D8F4C428EB514375E058D7CC4E643,tesseract.js,7.0.0,759,0B239461585D4F0C46E86F1D643F98F1F00259809E9A67E16D6E57A508BD4418,TEXT_PAGE,ocr-text,0
CUMCM-2021-B-B026,5,image_sequence,2021年数学建模国赛真题+优秀论文/2021年国赛优秀论文B题-B026/B5.jpg,BE937D8E288DEEAD2AB04C8BC9CAE91E5E66BA2954E2A176F631C47BF951A4A8,tesseract.js,7.0.0,1116,440D685631D72A6565D7B30E0CE46565B696C07FA472B9B26FFDA5BFC4729398,TEXT_PAGE,ocr-text,0
CUMCM-2021-B-B026,6,image_sequence,2021年数学建模国赛真题+优秀论文/2021年国赛优秀论文B题-B026/B6.jpg,EBCDFDC88CB33253A84126D868BE74595D71CD00794225BABBFEF0C93DDAFEAF,tesseract.js,7.0.0,1302,61A1277B13CBE8320368ED116E18331ED841B246E088EC7B81FAED7803FB7968,TEXT_PAGE,ocr-text,0
CUMCM-2021-B-B026,7,image_sequence,2021年数学建模国赛真题+优秀论文/2021年国赛优秀论文B题-B026/B7.jpg,5F8C3E73AB0013011980003465EE9F61E12CA176A8ECD7398BFBC1F477282CA0,tesseract.js,7.0.0,1491,0D80C99219F001D98A92503218629360A9372A7E7EDBD820252E5A823513C4DA,TEXT_PAGE,ocr-text,0
CUMCM-2021-B-B026,8,image_sequence,2021年数学建模国赛真题+优秀论文/2021年国赛优秀论文B题-B026/B8.jpg,67678BF6975051EC36889F18E5ADFCE5B546F8B286FB79DE83A7126E6652C15E,tesseract.js,7.0.0,925,D0D42CDDD7E4A4DBEA50B53A57E206A2650EC842C34C8ED2D11FB8E003443014,TEXT_PAGE,ocr-text,0
CUMCM-2021-B-B026,9,image_sequence,2021年数学建模国赛真题+优秀论文/2021年国赛优秀论文B题-B026/B9.jpg,9C299711FAF1352615D48441AD3DEBC3C8C3E58AC61AD4F5BA93F234BA1C5EE9,tesseract.js,7.0.0,1115,2D761C26BC4C8EAD899127F11B9802D4751C24F15E5AB108BE97FDA91939A50B,TEXT_PAGE,ocr-text,0
CUMCM-2021-B-B026,10,image_sequence,2021年数学建模国赛真题+优秀论文/2021年国赛优秀论文B题-B026/B10.jpg,24B8AA58AB74CA2A07A054D3DAF2A3F8216DE111B1FE6C77F7062252F72BD664,tesseract.js,7.0.0,855,70BD353AE07997732586C670EC12051C89C7957B2BB4A9DA3D6077CEFF8476CD,TEXT_PAGE,ocr-text,0
CUMCM-2021-B-B026,11,image_sequence,2021年数学建模国赛真题+优秀论文/2021年国赛优秀论文B题-B026/B11.jpg,CEBFD064864B7297EC822369D23A9AB1C24A7EBF75423E5FB4F6565027C2C8EF,tesseract.js,7.0.0,1091,DE6F38AD9F86A9317523F67AB0735A65BDE79D08E64919BC14B98D0911B90B78,TEXT_PAGE,ocr-text,0
CUMCM-2021-B-B026,12,image_sequence,2021年数学建模国赛真题+优秀论文/2021年国赛优秀论文B题-B026/B12.jpg,098A2E8D8D87A60B751E079D225AA9CFC44ACE0662BB3C629A45919B05DE8645,tesseract.js,7.0.0,1320,504F9B2097B130007DC8CC708A51FD5FF2DC64E848839A7C1DAD838B31C14B11,TEXT_PAGE,ocr-text,0
CUMCM-2021-B-B026,13,image_sequence,2021年数学建模国赛真题+优秀论文/2021年国赛优秀论文B题-B026/B13.jpg,599F02F732F422A5B1653140C8C540B81353B67BC2F6A007CB7406AA03BF1440,tesseract.js,7.0.0,1696,36C9B658EF61BD82767AF2DD9E4E36D4566B5EB775A629FBA7A0C9F23412B8F2,TEXT_PAGE,ocr-text,0
CUMCM-2021-B-B026,14,image_sequence,2021年数学建模国赛真题+优秀论文/2021年国赛优秀论文B题-B026/B14.jpg,E07861ADCDC33D2CA352044DE2D89D9F1968D975FB896CA4BA6A86914912D3F4,tesseract.js,7.0.0,815,5F04D8F569484B3B31945E65D2EBD7075F737F58BE5FAA6A59C1740F6334123A,TEXT_PAGE,ocr-text,0
CUMCM-2021-B-B026,15,image_sequence,2021年数学建模国赛真题+优秀论文/2021年国赛优秀论文B题-B026/B15.jpg,584A356660E0DD40C84597601583A8A3DB589CFF8988B8F2F4EC6E09D5B3032C,tesseract.js,7.0.0,1015,849B5D43EBDB453C59EFD1D27D6AFF22BD092F1846A8B19678EEE5FC65FACB7C,TEXT_PAGE,ocr-text,0
CUMCM-2021-B-B026,16,image_sequence,2021年数学建模国赛真题+优秀论文/2021年国赛优秀论文B题-B026/B16.jpg,F8E0FB04EE473412067235CBA9F79411A71BEF2A333D0DF3F24919BACE3053F9,tesseract.js,7.0.0,1397,EC1C154808EB90A12D74EADB56A366B9E338C941C7CBB0188EFC676448AECC2D,TEXT_PAGE,ocr-text,0
CUMCM-2021-B-B026,17,image_sequence,2021年数学建模国赛真题+优秀论文/2021年国赛优秀论文B题-B026/B17.jpg,92473D7A1CB9B58534E995B1A630A5A74336F3B2A7700DAC1F3F1739BE9644EF,tesseract.js,7.0.0,1422,A94324B10080177AACB4B387E0BD862C9C8BDCF4E6EEC0DBA3DCD8D9B64C8636,TEXT_PAGE,ocr-text,0
CUMCM-2021-B-B026,18,image_sequence,2021年数学建模国赛真题+优秀论文/2021年国赛优秀论文B题-B026/B18.jpg,9A88097A6F8C54F20BBB1FC81FA531C2E6882BBF2E9045718E14972E175FF5AA,tesseract.js,7.0.0,1072,709EC060AF1FE78C217527B7F38A9C02D93083D3F4C3C3DCE720EEC33382A91E,TEXT_PAGE,ocr-text,0
CUMCM-2021-B-B026,19,image_sequence,2021年数学建模国赛真题+优秀论文/2021年国赛优秀论文B题-B026/B19.jpg,62634A4994A5BB6AD422D4F6CE6C5140E6BDE5A18BA12BCDCA762C9C0891E565,tesseract.js,7.0.0,393,600FB057CC36E14FE49E40434000AC19EB17B78248A2E6E596CF2FE2D3F16705,TEXT_PAGE,ocr-text,0
CUMCM-2021-B-B026,20,image_sequence,2021年数学建模国赛真题+优秀论文/2021年国赛优秀论文B题-B026/B20.jpg,263D68D6C71D769CCBA00AE336ACECD8009BAD328B0A17AA9DD440BC736BD69E,tesseract.js,7.0.0,1919,F1F1398322253ED2F34007E07E79BBF0221B36926AD6A7C243402BEB94D0D164,TEXT_PAGE,ocr-text,0
CUMCM-2021-B-B026,21,image_sequence,2021年数学建模国赛真题+优秀论文/2021年国赛优秀论文B题-B026/B21.jpg,0AAE0867A58F8F8A1AC7B2D994635FD39BF9D046FE78FF5F118E774348A025A5,tesseract.js,7.0.0,961,D5E3E62FEB89914B127A34529D7A2544FA13F008185939336590EB952AB8B087,TEXT_PAGE,ocr-text,0
CUMCM-2021-B-B026,22,image_sequence,2021年数学建模国赛真题+优秀论文/2021年国赛优秀论文B题-B026/B22.jpg,CABE9F7A3AAB3E75D63202E55AD4989EC492B1166AD02765DE6AB1A2433AC01E,tesseract.js,7.0.0,700,ADD110F1A5BC1B52B02BAF95559BD656F9661744BD3016B4EFB2FD9932F48651,TEXT_PAGE,ocr-text,0
CUMCM-2021-B-B026,23,image_sequence,2021年数学建模国赛真题+优秀论文/2021年国赛优秀论文B题-B026/B23.jpg,FD4C52534E2DDF3A6FF6E3927C14B5CE7241425E797A9735112888816DBC431B,tesseract.js,7.0.0,1075,D3E43734DC1D7DDF9BAF64BE0AFF6945C00A2D4F06BED4ECFE7CD24EA1338E50,TEXT_PAGE,ocr-text,0
CUMCM-2021-B-B026,24,image_sequence,2021年数学建模国赛真题+优秀论文/2021年国赛优秀论文B题-B026/B24.jpg,055EED05FB5E714221AACE44E9ACE9297B8A7EDFB0B25F71072A3136D440461B,tesseract.js,7.0.0,1157,2A60C8CAD1C7BA5488AEE971004E2DDA2D10CB5F27D010CD8F40930F8A39CCBD,TEXT_PAGE,ocr-text,0
CUMCM-2021-B-B026,25,image_sequence,2021年数学建模国赛真题+优秀论文/2021年国赛优秀论文B题-B026/B25.jpg,114215B1496D8764FC90FC77E558BB54EA7A056558C34087BC654D74AEB868B1,tesseract.js,7.0.0,1335,8F6D886FEB159A86F779C681272DE4849E7E80102D316319B3C355FCABB9F501,TEXT_PAGE,ocr-text,0
CUMCM-2021-B-B026,26,image_sequence,2021年数学建模国赛真题+优秀论文/2021年国赛优秀论文B题-B026/B26.jpg,37BF38DC098C383D2E81D3BE8E610BBAA333653FC52D1E1E4891A0EE125AEAD9,tesseract.js,7.0.0,499,6E83C7F8B1DCA5DF19F30A3CD100F068CE3F343497AD2D251BA56A3F109DC5FF,TEXT_PAGE,ocr-text,0
CUMCM-2021-C-C066,1,image_sequence,2021年数学建模国赛真题+优秀论文/2021年国赛优秀论文C题-C066/C1.jpg,1CF669C857E11FD25958DCA7954A9C5F1A4F616DAFB6FD44E6275C73FA4CFCF3,tesseract.js,7.0.0,2189,6461408C2AE9747832BAFC5F9CF953B2359E981CE2F79CD8EF1434E165B042A1,TEXT_PAGE,ocr-text,0
CUMCM-2021-C-C066,2,image_sequence,2021年数学建模国赛真题+优秀论文/2021年国赛优秀论文C题-C066/C2.jpg,054B1AD44280AC205CF0381A5BCEE911EFB8539BB5C52A9F55E86512E231A360,tesseract.js,7.0.0,1903,B49A15E875723DCED7D68D9793DC0274645DB98E85645C9081205E5AEC47E1C6,TEXT_PAGE,ocr-text,0
CUMCM-2021-C-C066,3,image_sequence,2021年数学建模国赛真题+优秀论文/2021年国赛优秀论文C题-C066/C3.jpg,45CA6EFE9AA421BF07915B72B1E44824F5B0B7FA511EEAD75BE948496F290F37,tesseract.js,7.0.0,1976,B0203FDF0E6BCF94BF173C27E652E4FE958EE18EB3128119896EF8DEE0ABB04F,TEXT_PAGE,ocr-text,0
CUMCM-2021-C-C066,4,image_sequence,2021年数学建模国赛真题+优秀论文/2021年国赛优秀论文C题-C066/C4.jpg,76D34EF50770D19AF0B88543F5AF9E33E3EBD680C4C4FCF99BAD0B2AAAF59022,tesseract.js,7.0.0,1119,C522A332555794B5D34C4DC3EBD1E1225372F99AA5EF7881F963602D7B990F80,TEXT_PAGE,ocr-text,0
CUMCM-2021-C-C066,5,image_sequence,2021年数学建模国赛真题+优秀论文/2021年国赛优秀论文C题-C066/C5.jpg,E29982614031280DB0BFF6A32458A361EBF4908FD94DBB2873B840F56FC28947,tesseract.js,7.0.0,1456,97D509C00907BE2387A030A0248D29F7513150D630585C5753B1BFC59A3A9F72,TEXT_PAGE,ocr-text,0
CUMCM-2021-C-C066,6,image_sequence,2021年数学建模国赛真题+优秀论文/2021年国赛优秀论文C题-C066/C6.jpg,E8EBF57BE91348DF3C583B580A2F6FF061228468D4F0F04304475303DE16411B,tesseract.js,7.0.0,1205,A5D9F3CC0DCF0FDDA00776570C665634B5BE4C0DAF696E5E31E033D644E071B0,TEXT_PAGE,ocr-text,0
CUMCM-2021-C-C066,7,image_sequence,2021年数学建模国赛真题+优秀论文/2021年国赛优秀论文C题-C066/C7.jpg,A8988FAC92006125800FA19F2AFFCCCF2FE7CD8A99F0075F40F51FA52A6D5474,tesseract.js,7.0.0,1153,F86BD3E5EED17A8621E7899EC53565C592D8E993446150A2243BCD8B71B9C684,TEXT_PAGE,ocr-text,0
CUMCM-2021-C-C066,8,image_sequence,2021年数学建模国赛真题+优秀论文/2021年国赛优秀论文C题-C066/C8.jpg,7F71B8AA1A78A09CFA04FF64B1C52C0436F8258CA5994D93780BEED9454906E3,tesseract.js,7.0.0,1331,2C380975C67D1D1906817F21A1AD7B75560C2A31FF07C3C2803B1B8324B8A9C7,TEXT_PAGE,ocr-text,0
CUMCM-2021-C-C066,9,image_sequence,2021年数学建模国赛真题+优秀论文/2021年国赛优秀论文C题-C066/C9.jpg,BC63D47BF37E5481C5F3139A4735C61029A3B5DF98DA9D4E27D1CBB4403E8FBC,tesseract.js,7.0.0,1383,36768A5B423F199A141E03D0D80F0F50518F3D7065552E57E8D023CDA0C679F6,TEXT_PAGE,ocr-text,0
CUMCM-2021-C-C066,10,image_sequence,2021年数学建模国赛真题+优秀论文/2021年国赛优秀论文C题-C066/C10.jpg,084879937DDB23D048C12C8A3231519A266A9461EA618905A413FE3D7856E03B,tesseract.js,7.0.0,1449,B18915A952130C55033161CC04249C2FC9C3F9AA81974362AF4C55F746D4A113,TEXT_PAGE,ocr-text,0
CUMCM-2021-C-C066,11,image_sequence,2021年数学建模国赛真题+优秀论文/2021年国赛优秀论文C题-C066/C11.jpg,E44006CF6A6D353263D30CD3621EB3D9463E70A3720CE498F3E5E135378C1489,tesseract.js,7.0.0,1040,63980309B80D3F4B41040EC689ACE249CA3A84B334036F622A08182FFB89BB3C,TEXT_PAGE,ocr-text,0
CUMCM-2021-C-C066,12,image_sequence,2021年数学建模国赛真题+优秀论文/2021年国赛优秀论文C题-C066/C12.jpg,F939868076D790788CB08CAEC082C4228087D086BFDCE6F53D647BBC87AD906C,tesseract.js,7.0.0,1085,E92CCFC5B3194877F2F59159870D5C06B7B51F9FB09A89B25A96CE9245D5B7E6,TEXT_PAGE,ocr-text,0
CUMCM-2021-C-C066,13,image_sequence,2021年数学建模国赛真题+优秀论文/2021年国赛优秀论文C题-C066/C13.jpg,02EC783D6A53A5FF1C545D45E8A1DD7955D76CA2B786097D0DFE96794FC49CD4,tesseract.js,7.0.0,961,16851EFC7B65CB193CFD36789E10ED80E11F8EF34144556097A507806244BEE8,TEXT_PAGE,ocr-text,0
CUMCM-2021-C-C066,14,image_sequence,2021年数学建模国赛真题+优秀论文/2021年国赛优秀论文C题-C066/C14.jpg,965CBD3CC4CA172E6BF60916B5075B251B5E38B4F39E8A4C7078AD6C26075B5D,tesseract.js,7.0.0,1703,590B0E0BC036D3537A53059EA14443E93C7979901ABCC057D29386E614AD5CFA,TEXT_PAGE,ocr-text,0
CUMCM-2021-C-C066,15,image_sequence,2021年数学建模国赛真题+优秀论文/2021年国赛优秀论文C题-C066/C15.jpg,977060FD51A377B801F8DDAE4BEF0799B4883FFF075769B59DF345C474D87CCC,tesseract.js,7.0.0,1278,B35E3DFEDE028F884ED083C3C076CC7B3CA93C0006EF069DDD070204B2E2AA8E,TEXT_PAGE,ocr-text,0
CUMCM-2021-C-C066,16,image_sequence,2021年数学建模国赛真题+优秀论文/2021年国赛优秀论文C题-C066/C16.jpg,725CC84BF7C2D7BC16684F06F81FE2463B17FD3224C5D986DD778F036883EAC4,tesseract.js,7.0.0,739,505F0B9E763A217812BD33CA03EA49B8036C3FBA6F33B9F4D44F3A6571DB4FA6,TEXT_PAGE,ocr-text,0
CUMCM-2021-C-C066,17,image_sequence,2021年数学建模国赛真题+优秀论文/2021年国赛优秀论文C题-C066/C17.jpg,8B2FE6C3FB9446F2C1058FBF49C3726C5AD7B916DE8B77E2535109ACA7D95F87,tesseract.js,7.0.0,860,00C7AEF84F589C868110263A4CF3E8F42937B843C70637693E4A63CBF9C2E0D6,TEXT_PAGE,ocr-text,0
CUMCM-2021-C-C066,18,image_sequence,2021年数学建模国赛真题+优秀论文/2021年国赛优秀论文C题-C066/C18.jpg,2342AD423E8E59B9B425EC6505502CD5AD38562F22FA1F005EDE8FE956146651,tesseract.js,7.0.0,1126,0DA6839B61C6813D39CDA3C46397B87DEB071C78CC99209C5FE190A4A0062941,TEXT_PAGE,ocr-text,0
CUMCM-2021-C-C066,19,image_sequence,2021年数学建模国赛真题+优秀论文/2021年国赛优秀论文C题-C066/C19.jpg,AA2407E80C434BFF3F7F1D13B7D51FFF329BF9BADC52F36FA5E64AE049FE511D,tesseract.js,7.0.0,1579,9F01B9082D81296DC784294A097807475F3052A1F9F5FB135AB03610BAB1E08C,TEXT_PAGE,ocr-text,0
CUMCM-2021-C-C066,20,image_sequence,2021年数学建模国赛真题+优秀论文/2021年国赛优秀论文C题-C066/C20.jpg,E1A1773A39FB49D4D3A2AEE66924463EAE1E03DA180958DCF3CF876328302197,tesseract.js,7.0.0,1629,0A2EACA354B43328C0E5AD0BD41B5456C2F86E594DEEE6D8765BED43043A03FB,TEXT_PAGE,ocr-text,0
CUMCM-2021-C-C066,21,image_sequence,2021年数学建模国赛真题+优秀论文/2021年国赛优秀论文C题-C066/C21.jpg,83919DF68C48150C3C3CBC9552386BD04EF6C27FE7A368E7EF5156FFAB8091DA,tesseract.js,7.0.0,957,2666E406EDDD7FE149A28FD1FE43B5D2CE8B827D8D3540DE00E77B94F2D76991,TEXT_PAGE,ocr-text,0
CUMCM-2021-C-C066,22,image_sequence,2021年数学建模国赛真题+优秀论文/2021年国赛优秀论文C题-C066/C22.jpg,AE6F6129555E7B50F74F101DC3B4C09530AD4BB281065ECAC8076EB7B1F33E41,tesseract.js,7.0.0,1135,6CE7476481DE615147F00F1CDAFBC46AD477C03E3D89758D04F9A85C92C13375,TEXT_PAGE,ocr-text,0
CUMCM-2021-C-C066,23,image_sequence,2021年数学建模国赛真题+优秀论文/2021年国赛优秀论文C题-C066/C23.jpg,B4FE256257C9CFD8B755EA14B64A71F864BFD9EA508DB2CF97576D02805BD0FA,tesseract.js,7.0.0,1275,634D9D2209F8C2F3729A4E7444014E94A0D39897EF1C1A769E02205295D7BAE5,TEXT_PAGE,ocr-text,0
CUMCM-2021-C-C066,24,image_sequence,2021年数学建模国赛真题+优秀论文/2021年国赛优秀论文C题-C066/C24.jpg,BCE8D141EF6AC390DC8B8A60EC8B2246A549339EEBFA4BDCD1209D76B91E7952,tesseract.js,7.0.0,1715,DE361F8267B5F98B03A07D4724947E35E890B2FAE02F7A10A0C20C9A37E63DBC,TEXT_PAGE,ocr-text,0
CUMCM-2021-C-C066,25,image_sequence,2021年数学建模国赛真题+优秀论文/2021年国赛优秀论文C题-C066/C25.jpg,C289949874C11C006E70E6A7AB5E3D93D1174F90685F3CD341AC4291E554E4E8,tesseract.js,7.0.0,887,762730ACB62E9B8D64142892121EAE45E300D79F270740614A4CAE3D1F48A4D9,TEXT_PAGE,ocr-text,0
CUMCM-2021-C-C066,26,image_sequence,2021年数学建模国赛真题+优秀论文/2021年国赛优秀论文C题-C066/C26.jpg,5A94ECA3819F3B8FBB3DBBE6DE64276D55788337DF437E9B64879656CCF8F65F,tesseract.js,7.0.0,1195,6B77FB989F0CA34505C078C6FCE5DD43E03EC463ED4FF4641E29A19DB3C540FE,TEXT_PAGE,ocr-text,0
CUMCM-2021-C-C066,27,image_sequence,2021年数学建模国赛真题+优秀论文/2021年国赛优秀论文C题-C066/C27.jpg,68591079C42C13070E6FDCBCCF500AB31C9431DECF81943B043A9C400AA6DDCB,tesseract.js,7.0.0,1628,C24CB7BD57FC5FA8BF1BFA95A6E96198BBE22CFFFCD732CD68F1153FDCC469FE,TEXT_PAGE,ocr-text,0
CUMCM-2021-C-C066,28,image_sequence,2021年数学建模国赛真题+优秀论文/2021年国赛优秀论文C题-C066/C28.jpg,2F132665A7FFF81669E6C464AB9947F47FA0E2BD493BBE1F2CDB82512476E3BD,tesseract.js,7.0.0,932,E7ADBD32E3762C8FD805D2F449B2ED0ADFBE09688336623AA5BD10F83045B844,TEXT_PAGE,ocr-text,0
CUMCM-2021-C-C066,29,image_sequence,2021年数学建模国赛真题+优秀论文/2021年国赛优秀论文C题-C066/C29.jpg,16D6D91C4593C50E45E68AFC1E3A5F99B408C240B4B0862874BCF543C9E1472D,tesseract.js,7.0.0,1370,21641067C565343639F656E53294FFA53E1920E188471BFE7668F4CEC31F9F03,TEXT_PAGE,ocr-text,0
CUMCM-2021-C-C066,30,image_sequence,2021年数学建模国赛真题+优秀论文/2021年国赛优秀论文C题-C066/C30.jpg,DF8AEE0F9EF32CE6FD5CEE66498ACF081C1EACA73900401877851CDF41342B81,tesseract.js,7.0.0,838,E6F9F157DB6AD18DE65366016ECA34EAAB5003EFAA6B8BB4E78B1271D946F6B9,TEXT_PAGE,ocr-text,0
CUMCM-2021-C-C066,31,image_sequence,2021年数学建模国赛真题+优秀论文/2021年国赛优秀论文C题-C066/C31.jpg,23A4C1C610F2D39E2DC1E75F69048370B18A995D393899B0B5CD3C170A4E905B,tesseract.js,7.0.0,988,50E7C461D31EDAA6B1F33FE13DCDF9C0C6945071E7FB19CC842A6A7176A3DFF2,TEXT_PAGE,ocr-text,0
CUMCM-2021-C-C066,32,image_sequence,2021年数学建模国赛真题+优秀论文/2021年国赛优秀论文C题-C066/C32.jpg,1BCAE12EC2A7100773BE90931D79251BCB3EFDCB13D7472FD325A4BD70F555B0,tesseract.js,7.0.0,664,DFAAAB635C30C7730A5F07F73122E502A8D17078731B1D7957039DEB909F8B42,TEXT_PAGE,ocr-text,0
CUMCM-2021-C-C066,33,image_sequence,2021年数学建模国赛真题+优秀论文/2021年国赛优秀论文C题-C066/C33.jpg,09E38BB35B9D4B5E14B961AC62FF0ECE9E5C6908C43C2A4EC4B47042E4B0F56F,tesseract.js,7.0.0,1676,EEC8335C24A79F1EE0E4E171032533F82868CA01A80DF4DFCA0EAFD1F4764587,TEXT_PAGE,ocr-text,0
CUMCM-2021-C-C066,34,image_sequence,2021年数学建模国赛真题+优秀论文/2021年国赛优秀论文C题-C066/C34.jpg,5F51D937EDA54391CEAA784B9E55CC21907C01B76A62F9D621F67816DCA2A7F6,tesseract.js,7.0.0,795,E41379B718B17BB44C9279D01B36E48DE8F9759EEC2C721C8EADE7786DE437DB,TEXT_PAGE,ocr-text,0
CUMCM-2021-C-C066,35,image_sequence,2021年数学建模国赛真题+优秀论文/2021年国赛优秀论文C题-C066/C35.jpg,DD62A9D1CF52F3164AF3ED30DB62F517F213F1C122CAB85E806295C16B732F39,tesseract.js,7.0.0,1410,8994630DCF20C831F81B2DD146D840ACB999C28AF51B54D616B1E0AC6D49D966,TEXT_PAGE,ocr-text,0
CUMCM-2021-C-C066,36,image_sequence,2021年数学建模国赛真题+优秀论文/2021年国赛优秀论文C题-C066/C36.jpg,DF10953A77C834773A0C1A757B855DD23E59F2DA133178CD8C775CEDEAD99470,tesseract.js,7.0.0,454,0D830193D933D2C0C223619809272C125418ED9F49B8068D3AED288DF872F986,TEXT_PAGE,ocr-text,0
CUMCM-2021-C-C066,37,image_sequence,2021年数学建模国赛真题+优秀论文/2021年国赛优秀论文C题-C066/C37.jpg,7FB0C18FA9E418A8B42C567DD1D73C15CE802E1254A3B1D6F2FBD3E938DD1BA3,tesseract.js,7.0.0,1440,6859BE9B9A95503C3847B7EB8AF1195BE6855C530A5FCB1FED5CDA1ACBEC3C49,TEXT_PAGE,ocr-text,0
CUMCM-2021-C-C066,38,image_sequence,2021年数学建模国赛真题+优秀论文/2021年国赛优秀论文C题-C066/C38.jpg,9EE47208D03B8654BE453E7A2CB8898807F43D3B43395C687AB292F857215A18,tesseract.js,7.0.0,1048,9AE4CE4ACB6DAC6B76AF19641D28A0AB793C535E90CDEF2176DE46CEAF0466EF,TEXT_PAGE,ocr-text,0
CUMCM-2021-C-C066,39,image_sequence,2021年数学建模国赛真题+优秀论文/2021年国赛优秀论文C题-C066/C39.jpg,B39A07FDCE53D61C5D863E49D8AD102A1D1E5F462D1C84C3D5F440EE014F4155,tesseract.js,7.0.0,2024,E3FD3A1E666D7BB3A79A177483AB5B6DAC14E6D93B4A0E61C4CE76EEC7ED6F1D,TEXT_PAGE,ocr-text,0
CUMCM-2021-C-C066,40,image_sequence,2021年数学建模国赛真题+优秀论文/2021年国赛优秀论文C题-C066/C40.jpg,A233B9FC23CDE90A32C2C8993F9AF0938E1823DB42C36040A1B232585945DF25,tesseract.js,7.0.0,1668,0276DA3C9C8B9AE63D4226C013118C51AC4C8BF5881EFF725123815DEA13F142,TEXT_PAGE,ocr-text,0
CUMCM-2021-C-C066,41,image_sequence,2021年数学建模国赛真题+优秀论文/2021年国赛优秀论文C题-C066/C41.jpg,19C9D5418C0F6DAFF8816BCF9F1CD226A09753E6444EE776D8FC7AF2C62AC566,tesseract.js,7.0.0,1531,794FD9F2C30BDD4FD264692C4C8196D6F1D2E223F9C0D2ACA8F04F4FD0F52849,TEXT_PAGE,ocr-text,0
CUMCM-2021-C-C066,42,image_sequence,2021年数学建模国赛真题+优秀论文/2021年国赛优秀论文C题-C066/C42.jpg,2F6E39881CF14FC6E6F18E3BE83F9A74A39B539C6444C018CF19B5B09EE4AA2D,tesseract.js,7.0.0,1968,C9D8B7DA227126FD3C196BB2F4C4FF0DD34944EC418AC1821C2259478D80BD5C,TEXT_PAGE,ocr-text,0
CUMCM-2021-C-C066,43,image_sequence,2021年数学建模国赛真题+优秀论文/2021年国赛优秀论文C题-C066/C43.jpg,43F7DD10544204B59311B75E6486F70E8D2F332175EF4782F263C26638DB20D3,tesseract.js,7.0.0,772,E9C9049C7BFE7595774BE1D486F3BA3D4640B818D71E8E992D805279D87A5422,TEXT_PAGE,ocr-text,0
CUMCM-2021-C-C066,44,image_sequence,2021年数学建模国赛真题+优秀论文/2021年国赛优秀论文C题-C066/C44.jpg,6A31458705760ECF2677FD6910950C6D911E9F5D5567C115E4E503471911FAAF,tesseract.js,7.0.0,2073,E53142D69C759A00BB0D2A122102C546601ADE6B250FBB00E00D2858061836E6,TEXT_PAGE,ocr-text,0
CUMCM-2021-C-C066,45,image_sequence,2021年数学建模国赛真题+优秀论文/2021年国赛优秀论文C题-C066/C45.jpg,9C4DD3A9E68DC511769B1F45371F885E6664586EF8DA128918394D4FD5C071EC,tesseract.js,7.0.0,1818,D0B3F2B4900E1BCE4C688D4712DE9A17323E7DE42BABE6C43D0924E1C3AA5904,TEXT_PAGE,ocr-text,0
CUMCM-2021-C-C066,46,image_sequence,2021年数学建模国赛真题+优秀论文/2021年国赛优秀论文C题-C066/C46.jpg,3A8A133DBBAD294D1B342692F471672554DA004020B2115E847D408783573D6B,tesseract.js,7.0.0,1968,29141E7D96BA7C648CE9F9E9BA74DED0D71616D606E884ACFC68E5EB522F6ED1,TEXT_PAGE,ocr-text,0
CUMCM-2021-C-C066,47,image_sequence,2021年数学建模国赛真题+优秀论文/2021年国赛优秀论文C题-C066/C47.jpg,F1A0CCD8882D4FF81E7B0139915A9434508EF98621F04A20E1AF3AF1F07C0196,tesseract.js,7.0.0,1927,B886AEBD52C7DA944CCA67E2D319B297EE0BD358EE04B9C2B3A64AF13D3FF0C6,TEXT_PAGE,ocr-text,0
CUMCM-2021-C-C066,48,image_sequence,2021年数学建模国赛真题+优秀论文/2021年国赛优秀论文C题-C066/C48.jpg,4EA5ECF2F14D2C8D772FD4A5B87CD7C8BDDA8D919A8B4474B876D1D2A9DA4359,tesseract.js,7.0.0,1209,B7AC2D2DA4D42D43FA2B966427124377B8458021E62A7668BB365C22D22958BB,TEXT_PAGE,ocr-text,0
CUMCM-2021-C-C066,49,image_sequence,2021年数学建模国赛真题+优秀论文/2021年国赛优秀论文C题-C066/C49.jpg,87F983848956A434B34A0780AE8588563D21620F1CB6C735A9C00DBFB633C121,tesseract.js,7.0.0,1574,A2C53E926D8238B54BE466A6A3F988EBA89476CF864D7F09469F5DBBB19EA30B,TEXT_PAGE,ocr-text,0
CUMCM-2021-C-C066,50,image_sequence,2021年数学建模国赛真题+优秀论文/2021年国赛优秀论文C题-C066/C50.jpg,C13519584389192B69285E737A3BD92C81C6557BCE62B244A927AD4E94531B31,tesseract.js,7.0.0,1599,570B1F8585147F0A6EAB53E374E8850007F4F9AE0B5A9773491168787472073A,TEXT_PAGE,ocr-text,0
CUMCM-2021-C-C066,51,image_sequence,2021年数学建模国赛真题+优秀论文/2021年国赛优秀论文C题-C066/C51.jpg,274437B59F08763931C492888D910E78DC9C68391B9A691EA6361291A5E51A9A,tesseract.js,7.0.0,2398,A4B3BA736B07B4FBF1C53A5C45673A03373C96B8C2EA5BD20563C36DF0B4D965,TEXT_PAGE,ocr-text,0
CUMCM-2021-C-C066,52,image_sequence,2021年数学建模国赛真题+优秀论文/2021年国赛优秀论文C题-C066/C52.jpg,C922AD39DFAB4D31904216372F617CF4ED4C8C82492BD9528F63C11184493897,tesseract.js,7.0.0,1905,41C146594C86099914511FC9A57BDD42DBC746611B51CC04A8B7D8D6DE31D860,TEXT_PAGE,ocr-text,0
CUMCM-2021-C-C066,53,image_sequence,2021年数学建模国赛真题+优秀论文/2021年国赛优秀论文C题-C066/C53.jpg,39766816ED8F945552DD3B2D02C14A912BF0AD8922765CD66D436F195860490C,tesseract.js,7.0.0,2253,3E4829B9C95EE01F6EE2A629F5B18ECE4D5812E39A717BA7F8E55A6ADCC60BD3,TEXT_PAGE,ocr-text,0
CUMCM-2021-C-C066,54,image_sequence,2021年数学建模国赛真题+优秀论文/2021年国赛优秀论文C题-C066/C54.jpg,C5429A2FC5266EAF39AB99ABF0393FF1E6ABADCF856EF7E56364DFD2FE232F42,tesseract.js,7.0.0,1520,FC46470961CA85E971ACFF9D9E0BF740B804F5A1F394E487199AFE63859E201B,TEXT_PAGE,ocr-text,0
CUMCM-2021-C-C066,55,image_sequence,2021年数学建模国赛真题+优秀论文/2021年国赛优秀论文C题-C066/C55.jpg,45F9D3CD654DF27BD2B0247011FF394998722DBD0E126081B5736F398A86A0DA,tesseract.js,7.0.0,1152,69F584B98C4CA68979CB537DE5CD6FE7F02378A90D94992A5315C594081D49D1,TEXT_PAGE,ocr-text,0
CUMCM-2021-C-C066,56,image_sequence,2021年数学建模国赛真题+优秀论文/2021年国赛优秀论文C题-C066/C56.jpg,925DE771DB95C5D657B851AF945FD6F018AC555B3D835C175EF8923BD35D95CD,tesseract.js,7.0.0,1501,50BF3B19CDBC0B5AF23CDFA413B721923993CA701BBD9C51A7C703C22A775754,TEXT_PAGE,ocr-text,0
CUMCM-2021-C-C066,57,image_sequence,2021年数学建模国赛真题+优秀论文/2021年国赛优秀论文C题-C066/C57.jpg,7A31A43F29BBE12745CD8FEBC2AD3F6201B0E321E1BAB5E06E08B1AAB5E5E223,tesseract.js,7.0.0,750,681CA11E6D1325126AA2514ECF3CD8F3B298F50CAD246FC64F6D633E8935FF14,TEXT_PAGE,ocr-text,0
CUMCM-2021-C-C066,58,image_sequence,2021年数学建模国赛真题+优秀论文/2021年国赛优秀论文C题-C066/C58.jpg,DF3987345145451A7B32F1B5CB852B563E9AF395DE05018601D8F9BC6F13A54F,tesseract.js,7.0.0,2416,A52436E8C92AEAB81373EFC3F8F87751BC37884993005D6796F2CBBE09C1977C,TEXT_PAGE,ocr-text,0
CUMCM-2021-C-C066,59,image_sequence,2021年数学建模国赛真题+优秀论文/2021年国赛优秀论文C题-C066/C59.jpg,CC15F099B5C4000AD462C271A2137FFB3ED6DCF7639A4E0AFD84890BB900A3A8,tesseract.js,7.0.0,1463,CE74B56A6F283AA0D045B406D020A163A4FD7B08E738844E6537A0586344B72B,TEXT_PAGE,ocr-text,0
CUMCM-2021-C-C066,60,image_sequence,2021年数学建模国赛真题+优秀论文/2021年国赛优秀论文C题-C066/C60.jpg,E422A6E962255783BF7C2E1DA862499F30E5A838A583E5AA15060751267A3A6F,tesseract.js,7.0.0,229,43D4F533CF86D6B709892A8F71F1822994D7881056E8C0109BF2E4BC61B1057B,TEXT_PAGE,ocr-text,0
CUMCM-2021-C-C085,1,image_sequence,2021年数学建模国赛真题+优秀论文/2021年国赛优秀论文C题-C085/C1.jpg,24D7E77815731CDAD56457C691FB63EFD8A1ABD70A15FF6E9519549B6C008449,tesseract.js,7.0.0,2035,E7ACC7CDE2246267ACEE8AC8AD9C72C88E7B62B6265767B02A32374098BAC781,TEXT_PAGE,ocr-text,0
CUMCM-2021-C-C085,2,image_sequence,2021年数学建模国赛真题+优秀论文/2021年国赛优秀论文C题-C085/C2.jpg,B9A34E020ABE7F3028ACFAB54C8EA39CA7E270DB860FE349346B1BCE8EFAE3B9,tesseract.js,7.0.0,1447,23847832F1C3D6207F915BF8AE5621E35DED0376F0452A698C77FB3CA2C67DDE,TEXT_PAGE,ocr-text,0
CUMCM-2021-C-C085,3,image_sequence,2021年数学建模国赛真题+优秀论文/2021年国赛优秀论文C题-C085/C3.jpg,0420AFD09E99BF3EBB1248298196992E2BE2A844294C0A4D5C99EED9B38A0CAC,tesseract.js,7.0.0,1059,2FF221F294DEF02FA96EBAE325EC72EF40ADD9FF32D7075464ADF5DC50E2FFDA,TEXT_PAGE,ocr-text,0
CUMCM-2021-C-C085,4,image_sequence,2021年数学建模国赛真题+优秀论文/2021年国赛优秀论文C题-C085/C4.jpg,2B0E7590DCBFA4D07BE30CD1CEB15567BEF30913A5B1B47BB3075F71F072D2E1,tesseract.js,7.0.0,902,E032F6E39C525EB656469C065A563D64ACE429AD72B843466ADAD8509845BD15,TEXT_PAGE,ocr-text,0
CUMCM-2021-C-C085,5,image_sequence,2021年数学建模国赛真题+优秀论文/2021年国赛优秀论文C题-C085/C5.jpg,A75801FB4B27673E3C1E37311026C1D0E1ADA19F03E1FBB7CDE76B20791F19B7,tesseract.js,7.0.0,623,D2B26C4F403C570AE24D714A26DA2A89BC3D27C5138C4827D87AC8F06C10D739,TEXT_PAGE,ocr-text,0
CUMCM-2021-C-C085,6,image_sequence,2021年数学建模国赛真题+优秀论文/2021年国赛优秀论文C题-C085/C6.jpg,2D45E17DCE6988660F8AA9D304ACBA5E6EFD2C7C7BB7746BE0F27F5011588BEA,tesseract.js,7.0.0,1360,0E4150B06B8267680563CDCA96A8D21D4C24671C8E0A34F2E63CD5C1CD902E12,TEXT_PAGE,ocr-text,0
CUMCM-2021-C-C085,7,image_sequence,2021年数学建模国赛真题+优秀论文/2021年国赛优秀论文C题-C085/C7.jpg,1C6450B9791FD141BC3BD075093DBDB6E1798042BB4C87BFFF90A8F6653783B1,tesseract.js,7.0.0,1226,A74ACC5D82932DD7DAB5414DA2B3F39F64E384C05A9BFB83AE66A050B80C4949,TEXT_PAGE,ocr-text,0
CUMCM-2021-C-C085,8,image_sequence,2021年数学建模国赛真题+优秀论文/2021年国赛优秀论文C题-C085/C8.jpg,1BC39F8CC66707A67EC48C25A6E3B38499F9CBDB99D821D110A716C2D728798C,tesseract.js,7.0.0,1040,BA752C4DCCFAA09D811A2A585824603F9867260C722CB6659F8178095835A3F9,TEXT_PAGE,ocr-text,0
CUMCM-2021-C-C085,9,image_sequence,2021年数学建模国赛真题+优秀论文/2021年国赛优秀论文C题-C085/C9.jpg,3F448A813810B4FC7CCC34BF88CE9E07F7C827F08B209BE8F1EE2B54D52CF64C,tesseract.js,7.0.0,938,EF07D6321E2A855B44F49CCD64E3407D5D4DEA8EF4652D458CAB3AE2A4F7E9C4,TEXT_PAGE,ocr-text,0
CUMCM-2021-C-C085,10,image_sequence,2021年数学建模国赛真题+优秀论文/2021年国赛优秀论文C题-C085/C10.jpg,2AB055A82D08E5A259BC54C12DB15C74CDDADADF875DFFDD8F4FCBC000BA76BB,tesseract.js,7.0.0,843,C8990DEBF12B773A3A79F08721A04A353C46FE84EF5022AD918BFF90790D7A4C,TEXT_PAGE,ocr-text,0
CUMCM-2021-C-C085,11,image_sequence,2021年数学建模国赛真题+优秀论文/2021年国赛优秀论文C题-C085/C11.jpg,D2E6BCE84DBEEBF76341461DCED3A3566D152EF1FDAE4506BC98A72E324E20D9,tesseract.js,7.0.0,1148,B5B842A5F5015C8D4193FAB6BB0DC2DA15D648DC8AE11881A7A9780EFA811CA6,TEXT_PAGE,ocr-text,0
CUMCM-2021-C-C085,12,image_sequence,2021年数学建模国赛真题+优秀论文/2021年国赛优秀论文C题-C085/C12.jpg,0613D0D4F041FA78BCD197C64C6EFF8F7B4D560544DADF06CD97335F1E8579C8,tesseract.js,7.0.0,1262,5B522A08859AE57A9B9CB8AE89D2B5E2F54F5712D148B85B90E40A2A6A80F948,TEXT_PAGE,ocr-text,0
CUMCM-2021-C-C085,13,image_sequence,2021年数学建模国赛真题+优秀论文/2021年国赛优秀论文C题-C085/C13.jpg,93633D74037276FC9E3645C63A91C0D7F6E40D79B3EC3D50C0A23E61F5C16818,tesseract.js,7.0.0,1508,4CBFA8243EDC7963785A76C50616A8530C3759257F6C5DA8F3CB0C516FB42178,TEXT_PAGE,ocr-text,0
CUMCM-2021-C-C085,14,image_sequence,2021年数学建模国赛真题+优秀论文/2021年国赛优秀论文C题-C085/C14.jpg,7572FD0997817AD7A50CF71D9DAD4F43BEFB8C3855C0D1C8CD93CB555090C0EA,tesseract.js,7.0.0,1802,86EE4DCEA96F93284CD15711D6113A9D2DD1FC30E78A8950FBB32BDD6B79B0C0,TEXT_PAGE,ocr-text,0
CUMCM-2021-C-C085,15,image_sequence,2021年数学建模国赛真题+优秀论文/2021年国赛优秀论文C题-C085/C15.jpg,7E6C5F682FF3ECB8AF72969FAEFF37868DF4CFB1C59AEBEC6EF0C5A83095C22A,tesseract.js,7.0.0,1400,681C75521B7156D232C35C805FD0078B72913C681067442D3CB1DEF876CA369A,TEXT_PAGE,ocr-text,0
CUMCM-2021-C-C085,16,image_sequence,2021年数学建模国赛真题+优秀论文/2021年国赛优秀论文C题-C085/C16.jpg,430DD8E976E6957D0F6C7772394787DBF664A50D7E07E799767E42AF0563BDDB,tesseract.js,7.0.0,959,82A14929A5C17D8B3E58BCCA552F6792E3B09BFB351135ECC606AF0200ED7EAF,TEXT_PAGE,ocr-text,0
CUMCM-2021-C-C085,17,image_sequence,2021年数学建模国赛真题+优秀论文/2021年国赛优秀论文C题-C085/C17.jpg,A7CF6461EEF3F08010E21F746AE9C8477C935FCC3426258BD76D4E549FAB682D,tesseract.js,7.0.0,1228,6B654790B9CA19C83385E613FA99D4AA859EC9E860E909B5ADB86B58C496D76F,TEXT_PAGE,ocr-text,0
CUMCM-2021-C-C085,18,image_sequence,2021年数学建模国赛真题+优秀论文/2021年国赛优秀论文C题-C085/C18.jpg,415172E03037F18634BF4A89DFC93C4C7802CF524FC62CB55B7F4D73D2C6CEC5,tesseract.js,7.0.0,1272,3D821FD4F9372C87871D26537DAA6350C895655DB8AF247BB4874D589D64AE37,TEXT_PAGE,ocr-text,0
CUMCM-2021-C-C085,19,image_sequence,2021年数学建模国赛真题+优秀论文/2021年国赛优秀论文C题-C085/C19.jpg,EC48671C0D8CA7121D8A94D90B28DCAD67804D19282F30B7CF15F454AE46C807,tesseract.js,7.0.0,910,DF39FAD72E30CCD9446DA261E0906A33A547532F6BD1D17DFF44A1BF7BBCDB24,TEXT_PAGE,ocr-text,0
CUMCM-2021-C-C085,20,image_sequence,2021年数学建模国赛真题+优秀论文/2021年国赛优秀论文C题-C085/C20.jpg,73AEE928889C5B0ECBB49F899FFFC68F413F5EBDD685C64FD46CF912BB2BCC62,tesseract.js,7.0.0,1309,28E452D75753D86FB33A8A165F3A0F4F629D04E0485C8278BD49DB99B3C245E2,TEXT_PAGE,ocr-text,0
CUMCM-2021-C-C085,21,image_sequence,2021年数学建模国赛真题+优秀论文/2021年国赛优秀论文C题-C085/C21.jpg,CCC85A29825FE7A92850E6A2608AF739DAB13651385F99041D1D92FB8953D5C0,tesseract.js,7.0.0,1129,54A58709F988CEC906E9D2D4AA3301F80B331302FBBC53777630D6F5A791BABB,TEXT_PAGE,ocr-text,0
CUMCM-2021-C-C085,22,image_sequence,2021年数学建模国赛真题+优秀论文/2021年国赛优秀论文C题-C085/C22.jpg,BC2ACF8B3F952E1BE1108ECB236C905A717E7B70E1CDCFB3F6B34771D2CDAD8A,tesseract.js,7.0.0,1224,62F71E182BCD767FE4B29AD380C19E3910923278FCC414869C5335FC1189C74D,TEXT_PAGE,ocr-text,0
CUMCM-2021-C-C085,23,image_sequence,2021年数学建模国赛真题+优秀论文/2021年国赛优秀论文C题-C085/C23.jpg,BBA9FD013EA318F6FD2667FE35F38A0ACFC4D33190E948150FA1913DA8F6D3B0,tesseract.js,7.0.0,729,190E51C6AF983E9297AB1F784AAA9B0E4E823E162743C9B8F199D38A2B7DF831,TEXT_PAGE,ocr-text,0
CUMCM-2021-C-C085,24,image_sequence,2021年数学建模国赛真题+优秀论文/2021年国赛优秀论文C题-C085/C24.jpg,A9CB7FE47C7876E516BF1830356C129982B225756EA0921A3F3EFC6BEA3D22EC,tesseract.js,7.0.0,1021,368B246862C39EA14293FE96C70123F5162021B1D3D7CB0F749B576406D6428B,TEXT_PAGE,ocr-text,0
CUMCM-2021-C-C085,25,image_sequence,2021年数学建模国赛真题+优秀论文/2021年国赛优秀论文C题-C085/C25.jpg,C30D10BEAE1D6C6232943711D651E78AFD3072235F828B35DA97D2C0AC925746,tesseract.js,7.0.0,1284,65E1CE86338C0113ACD34D7A4A4D9F36DA3F90D69EF3D1392FCCFB2B57887727,TEXT_PAGE,ocr-text,0
CUMCM-2021-C-C085,26,image_sequence,2021年数学建模国赛真题+优秀论文/2021年国赛优秀论文C题-C085/C26.jpg,45D80C292A74329E599E4042D6F8E12321BB05E9A0DE278851BCD63A27DDD80F,tesseract.js,7.0.0,979,1C5B436D56782AF483DB9E683F2CDF4BD95F72135C83D5252A604D41AE24D243,TEXT_PAGE,ocr-text,0
CUMCM-2021-C-C085,27,image_sequence,2021年数学建模国赛真题+优秀论文/2021年国赛优秀论文C题-C085/C27.jpg,2252A50D3A2BE9F6E32ADEBCC7129124DF69CA81DC3E0001E1B3945E603FEE1C,tesseract.js,7.0.0,996,513C685DD093BF352218E12467A13B0ACD51209573F9926068E90A0D42CADB96,TEXT_PAGE,ocr-text,0
CUMCM-2021-C-C085,28,image_sequence,2021年数学建模国赛真题+优秀论文/2021年国赛优秀论文C题-C085/C28.jpg,C30ACD957DC23331882FA024C50CD03229DDE1DC496893A410D7E46EA6412C77,tesseract.js,7.0.0,792,472A7C739FEBAD69D4E2EFA0396461767C4B58C268ABC17435CA560718D71DC0,TEXT_PAGE,ocr-text,0
CUMCM-2021-C-C085,29,image_sequence,2021年数学建模国赛真题+优秀论文/2021年国赛优秀论文C题-C085/C29.jpg,715E92E53F1F550BDECEF50677FF873540BB8D3CB1D1A763E44B01B9F766FDA7,tesseract.js,7.0.0,797,0EC37B310C3345DB4218A0E0D38A4AFDC7F693474EC422F4BEAE994E28536C7F,TEXT_PAGE,ocr-text,0
CUMCM-2021-C-C085,30,image_sequence,2021年数学建模国赛真题+优秀论文/2021年国赛优秀论文C题-C085/C30.jpg,0299D04D4A8177E82049E4B262F810CA0EB557CD8DF773A91D0B1F96979F724A,tesseract.js,7.0.0,758,C83018CC98F52D25479CFE502905CE1F71DC17941F43A89DCE75EA1A569CDD9E,TEXT_PAGE,ocr-text,0
CUMCM-2021-C-C085,31,image_sequence,2021年数学建模国赛真题+优秀论文/2021年国赛优秀论文C题-C085/C31.jpg,1C68EBBC4B0E04B93D7A7EF44305351E27DC8568A52DA5C2CE5C97477EF3023E,tesseract.js,7.0.0,655,428A41BC631810426931759F261E51F88824A5901FA0D6DDEE83041056C67BDD,TEXT_PAGE,ocr-text,0
CUMCM-2021-C-C085,32,image_sequence,2021年数学建模国赛真题+优秀论文/2021年国赛优秀论文C题-C085/C32.jpg,04EDE94CEE22C9EFE449556F2AF618F9B4AC4369D349A384B2C427388E4365C9,tesseract.js,7.0.0,729,97B8CD3E993921ABDB88883478602B1507ADBB15B46A66E99E9162305DF3F5C7,TEXT_PAGE,ocr-text,0
CUMCM-2021-C-C085,33,image_sequence,2021年数学建模国赛真题+优秀论文/2021年国赛优秀论文C题-C085/C33.jpg,7B33259EAC2CAC07097D2B884ABDF1618D94008412625F09D99D359F4CDDC9A5,tesseract.js,7.0.0,631,AC87369EF9FB9421F47C843F6EB47F423876B8834F7650078A4137E954867304,TEXT_PAGE,ocr-text,0
CUMCM-2021-C-C085,34,image_sequence,2021年数学建模国赛真题+优秀论文/2021年国赛优秀论文C题-C085/C34.jpg,CA572378C6F61EC971E20D063FE26982766A4C1B413B507B35E25530E19E14DE,tesseract.js,7.0.0,584,4201E3302FE7E69FC12120A3C720938DA60E90E4D5876AFCD81BBD38919E1058,TEXT_PAGE,ocr-text,0
CUMCM-2021-C-C085,35,image_sequence,2021年数学建模国赛真题+优秀论文/2021年国赛优秀论文C题-C085/C35.jpg,878839D1A355A4AD970B7B545C9A01DA782A9BED34C73D330C26E3383F927569,tesseract.js,7.0.0,826,5ECEB6C4EBA7A5ACD58FA8E6348583CCA34A64367858229A2484DE90FEF49A7B,TEXT_PAGE,ocr-text,0
CUMCM-2021-C-C085,36,image_sequence,2021年数学建模国赛真题+优秀论文/2021年国赛优秀论文C题-C085/C36.jpg,2653EA8D7A04CF38C89A8CD2024887302A0990624D06D3C5330AA5850284471E,tesseract.js,7.0.0,692,70482E30FA1AE2269C239457CC92646370A82C4475FC8BD37B65F260F2A0023F,TEXT_PAGE,ocr-text,0
CUMCM-2021-C-C085,37,image_sequence,2021年数学建模国赛真题+优秀论文/2021年国赛优秀论文C题-C085/C37.jpg,802DD743B7246A3A03F41CCBAEBBCFEE4DA180599908A416851C4692F4AD7F28,tesseract.js,7.0.0,674,DE284D7B0ECF7892FD7359A57ABBA3EF0D7AAB5E5E58B53FA83FFC89655BBE1B,TEXT_PAGE,ocr-text,0
CUMCM-2021-C-C085,38,image_sequence,2021年数学建模国赛真题+优秀论文/2021年国赛优秀论文C题-C085/C38.jpg,49125806F7511F8EC01C58370D9007D2383D2E563FA6828767EAA55AC0280D18,tesseract.js,7.0.0,827,A8E313D8544093C289E24D448B801CF00F06AEF78B9D29FB6391E65F079BA829,TEXT_PAGE,ocr-text,0
CUMCM-2021-C-C085,39,image_sequence,2021年数学建模国赛真题+优秀论文/2021年国赛优秀论文C题-C085/C39.jpg,063771B7B2A2F4605E17F1ED2144AA4B2EA6CC50EB294444AF8CB51EED63E8FF,tesseract.js,7.0.0,670,F530F9FFB681B76CF2AF6B22907B87F4856C87E1CAE966924EC886DF53B79440,TEXT_PAGE,ocr-text,0
CUMCM-2021-C-C085,40,image_sequence,2021年数学建模国赛真题+优秀论文/2021年国赛优秀论文C题-C085/C40.jpg,50439D85AB22604FD0E94E04294DECCD7F037F794B556F9F643EC2A3BB8C8768,tesseract.js,7.0.0,922,0B62DF9B736E3C86EB8C59939BC66B9DABD68BAD205982918B1BA89A1567C9D1,TEXT_PAGE,ocr-text,0
CUMCM-2021-C-C085,41,image_sequence,2021年数学建模国赛真题+优秀论文/2021年国赛优秀论文C题-C085/C41.jpg,5514C9E3C748B5922FB1B6C9F2FEB9229A27C4AA5CA5F1D433E70475E13F2D72,tesseract.js,7.0.0,570,F2F44370475B5B6798EC1C93FB8DE3B6E9B9C042E96C3BC04591E9F259A0DF4A,TEXT_PAGE,ocr-text,0
CUMCM-2021-C-C085,42,image_sequence,2021年数学建模国赛真题+优秀论文/2021年国赛优秀论文C题-C085/C42.jpg,853E64D6AF444695238A460B87D17081F457850BDFE64BFECA02133D0D0DAA16,tesseract.js,7.0.0,789,7472396A55E961F0A3EC2E682C1BBA2D60CC1B3BBE7EB546B39A278988905EC8,TEXT_PAGE,ocr-text,0
CUMCM-2021-C-C085,43,image_sequence,2021年数学建模国赛真题+优秀论文/2021年国赛优秀论文C题-C085/C43.jpg,87DE3FEFAD3679EAF29B87928316F6BCF7671344252784AFD8935BEDD732B42E,tesseract.js,7.0.0,508,B466862778FEB0D044D58B51FC49686AC81E44588548A8AAA1104EE3696FE332,TEXT_PAGE,ocr-text,0
CUMCM-2021-C-C085,44,image_sequence,2021年数学建模国赛真题+优秀论文/2021年国赛优秀论文C题-C085/C44.jpg,B0A4F40D1C50D5243AF5CF43319A6DBD805DC9734575C0E4A2719C0019BC3688,tesseract.js,7.0.0,616,DE4961C1D6E257F22771DF663B066413B1B65D13C5FD22580FA947A1E1EF6761,TEXT_PAGE,ocr-text,0
CUMCM-2021-C-C085,45,image_sequence,2021年数学建模国赛真题+优秀论文/2021年国赛优秀论文C题-C085/C45.jpg,299A8435C8EA1046B20D91CC084DDED2F95912910C34855AC672A9627085F94B,tesseract.js,7.0.0,603,0DA7D03A2C9D989BF2F8AA4A7E9BE51AD78ABDE98D730C659DCB95643B95159D,TEXT_PAGE,ocr-text,0
CUMCM-2021-C-C085,46,image_sequence,2021年数学建模国赛真题+优秀论文/2021年国赛优秀论文C题-C085/C46.jpg,597053F5EB1C9BFDC8ED2D01F100CC23EF5D977632538E4DDF9B29515A601449,tesseract.js,7.0.0,628,0E90D8E5C5F2910A6FAD71F69825A0A3853D53C92FA6DB2A41B812666293371D,TEXT_PAGE,ocr-text,0
CUMCM-2021-C-C085,47,image_sequence,2021年数学建模国赛真题+优秀论文/2021年国赛优秀论文C题-C085/C47.jpg,6A6719AFB8C8A697DED13821B6A8362569705C4A30914060394A7A18C137DA40,tesseract.js,7.0.0,763,62D1AC69A27F583BA0013D54A6011505DDAB302C534FDE1F0ECDDF4445E10157,TEXT_PAGE,ocr-text,0
CUMCM-2021-C-C085,48,image_sequence,2021年数学建模国赛真题+优秀论文/2021年国赛优秀论文C题-C085/C48.jpg,61D4F60345F10D3FB46BA5115F6088F74010EC2DE85020EC4B05225968E00D0A,tesseract.js,7.0.0,540,7591AA962EBF7764EF7912209C47505EA3A0C07381E352A91E24258A6442D680,TEXT_PAGE,ocr-text,0
CUMCM-2021-C-C085,49,image_sequence,2021年数学建模国赛真题+优秀论文/2021年国赛优秀论文C题-C085/C49.jpg,FC2CF7A19EE28565F0E8BD9B2711BB08D901F98A54AD4AE1A5462BB01CBE73E7,tesseract.js,7.0.0,813,AABB659D904B8F6BA368B4F7ABB36F88551F3145B6BD3FD9F7092809E6140973,TEXT_PAGE,ocr-text,0
CUMCM-2021-C-C085,50,image_sequence,2021年数学建模国赛真题+优秀论文/2021年国赛优秀论文C题-C085/C50.jpg,AF5FB71AE167E963FFE2248054459C015DCEAB3ABC9C2C21F580F379FB3103AC,tesseract.js,7.0.0,623,6155E452392E47DEDBE804781791397C74CF6683028431F13A752B8275D110C7,TEXT_PAGE,ocr-text,0
CUMCM-2021-C-C085,51,image_sequence,2021年数学建模国赛真题+优秀论文/2021年国赛优秀论文C题-C085/C51.jpg,47551DA75342CE7F08AFE71E0379655354F6358EB8E4AAD0C54324E99DF3EA06,tesseract.js,7.0.0,646,0BDD31A028754A7EEFF7A7523985A6FC2FF3F1B084889BACCEE1DD8420C3A8A5,TEXT_PAGE,ocr-text,0
CUMCM-2021-C-C085,52,image_sequence,2021年数学建模国赛真题+优秀论文/2021年国赛优秀论文C题-C085/C52.jpg,61AF94B63A28457356A41731AB0E40FC19FFE446F15940FE6DEF9D7C4DD2B6BF,tesseract.js,7.0.0,458,8857A2F94380A9CE92852C800F411A74FC6D03F7C83EF7711701BA12EEB0DF30,TEXT_PAGE,ocr-text,0
CUMCM-2021-C-C085,53,image_sequence,2021年数学建模国赛真题+优秀论文/2021年国赛优秀论文C题-C085/C53.jpg,F91B74A8C0FEF478462E4C522FAF75D2B4FC04BD4EF3430C50094A0F4F9C6C96,tesseract.js,7.0.0,584,5DD677D5FCA48FD1E7FC588EEBA08608CF019A6EB7E52FE89CBD90E3EF776371,TEXT_PAGE,ocr-text,0
CUMCM-2021-C-C085,54,image_sequence,2021年数学建模国赛真题+优秀论文/2021年国赛优秀论文C题-C085/C54.jpg,C62974F60A656E363F7265E5B15FDB918ABF7F2EEDD6B0A201039AC34FF21708,tesseract.js,7.0.0,628,F3FF4AEE3F9F888722F29523C572AE8A33F82D35BC144C4556629C61470DD463,TEXT_PAGE,ocr-text,0
CUMCM-2021-C-C085,55,image_sequence,2021年数学建模国赛真题+优秀论文/2021年国赛优秀论文C题-C085/C55.jpg,9DF5C923D8810B0015EB1D97539CA5F30E1ACFF40EE515EBD0DC8BB448AA681E,tesseract.js,7.0.0,592,5F2FA30EF3C1FD6A9AAE590C1E97FCEDB1947414CA427079F619488BAB93248B,TEXT_PAGE,ocr-text,0
CUMCM-2021-C-C085,56,image_sequence,2021年数学建模国赛真题+优秀论文/2021年国赛优秀论文C题-C085/C56.jpg,C2D3A9809D4D64BCF1A31B95AA14E09A0131E4FAEA1AAE84EC114CD62B1976BC,tesseract.js,7.0.0,230,81DD538CB86CCCD430B3FCBC716CF41650FA66DD5FDB77ECD476AABDD60C84FC,TEXT_PAGE,ocr-text,0
CUMCM-2021-C-C169,1,image_sequence,2021年数学建模国赛真题+优秀论文/2021年国赛优秀论文C题-C169/C1.jpg,733C555ACDE12B8E8FEAA88A1AEFE199E696DB16BF0C565C58D25D2AD3FBCD8D,tesseract.js,7.0.0,1911,E4E649F95A6FEB5042B3784C7CB6B54011B459F6FECBCCB5D7CF1497236EFF4D,TEXT_PAGE,ocr-text,0
CUMCM-2021-C-C169,2,image_sequence,2021年数学建模国赛真题+优秀论文/2021年国赛优秀论文C题-C169/C2.jpg,F630A2D0CAA6A2D4E1E5260FCD7F9EE1B151E7B727B21AC32C9FB7DF0B947C55,tesseract.js,7.0.0,1799,6AD5A369F08E565804B30418D51CCB380ED52E222C241443182F93FF58C51EA6,TEXT_PAGE,ocr-text,0
CUMCM-2021-C-C169,3,image_sequence,2021年数学建模国赛真题+优秀论文/2021年国赛优秀论文C题-C169/C3.jpg,A025D956A346902B216CD8B9FAAFFFBD8535B0C99AEF5958C24161761EFC907E,tesseract.js,7.0.0,1779,5445220878977E793773CCBB1BAC807E5E7F66E1745D5AF222E28FC1DE466B1E,TEXT_PAGE,ocr-text,0
CUMCM-2021-C-C169,4,image_sequence,2021年数学建模国赛真题+优秀论文/2021年国赛优秀论文C题-C169/C4.jpg,22C069CAC20115EA74149DE489BBB8D286D7A6ECEB8C94DC105FA3DD2BA0F3A9,tesseract.js,7.0.0,907,884FE6F84E3CB8B4E75C69504A1AAB2108EC2CC0C126378F2510B9C5CC19DB65,TEXT_PAGE,ocr-text,0
CUMCM-2021-C-C169,5,image_sequence,2021年数学建模国赛真题+优秀论文/2021年国赛优秀论文C题-C169/C5.jpg,C5F0F62356E40043068128957CA7000F3DBE0B5819B8EC1462841CAFF327FDA0,tesseract.js,7.0.0,1743,77146064A227AC090F200846EA3E23E18C2F23FFB3BDE5FFBE81073B110F5BB4,TEXT_PAGE,ocr-text,0
CUMCM-2021-C-C169,6,image_sequence,2021年数学建模国赛真题+优秀论文/2021年国赛优秀论文C题-C169/C6.jpg,245882D14E44ECE04DAC69D2CC7D34CE8926BAB280DBA3E9CB704535E356EFF2,tesseract.js,7.0.0,1046,BB98727A02E36D82E6A4D12B2420D59424F2ACF7311B5F4606AFA05902686E84,TEXT_PAGE,ocr-text,0
CUMCM-2021-C-C169,7,image_sequence,2021年数学建模国赛真题+优秀论文/2021年国赛优秀论文C题-C169/C7.jpg,193A265B7148D760E14C13E5CEBB7B2C3571731CDA157035818EAFC300675F76,tesseract.js,7.0.0,985,FA2DF32741EC48206AD764D6489EB761A4179D4F7D431334C223CCFEAD5C576A,TEXT_PAGE,ocr-text,0
CUMCM-2021-C-C169,8,image_sequence,2021年数学建模国赛真题+优秀论文/2021年国赛优秀论文C题-C169/C8.jpg,A4F119EBC5BBDCD00A41126E38D48792BD4DC9DC2AC569677CD4E960476AB481,tesseract.js,7.0.0,1237,F9AB8FB8C7A21D4CDA70ACD27CDCD44A6BB09AFF90CFC6E6F36CF128111CB5EA,TEXT_PAGE,ocr-text,0
CUMCM-2021-C-C169,9,image_sequence,2021年数学建模国赛真题+优秀论文/2021年国赛优秀论文C题-C169/C9.jpg,F848396709D3FDB1237C5FCF8218860E56BBD485F868F1C52B1054F336713C45,tesseract.js,7.0.0,1070,9979D1F26EBAEBD3A09E17A916E8BB676D68F6BA1C7EE18EB90973EDB1A8D7AF,TEXT_PAGE,ocr-text,0
CUMCM-2021-C-C169,10,image_sequence,2021年数学建模国赛真题+优秀论文/2021年国赛优秀论文C题-C169/C10.jpg,0CCE17573ACCD6F55BF2034317738778408E620520D4439E4F826F0A7FB1482D,tesseract.js,7.0.0,905,33AD0068830813F6AB27E0F02C2E30802E791D2C699EAC4943879C5C12A6D0AB,TEXT_PAGE,ocr-text,0
CUMCM-2021-C-C169,11,image_sequence,2021年数学建模国赛真题+优秀论文/2021年国赛优秀论文C题-C169/C11.jpg,DF795D63062AFC12E41148DFE72CD7FB8502EF52AF5250CBE2A27CD14B50A5FC,tesseract.js,7.0.0,809,882F18D1563EB7D91F74092D8646755E75AF6A985C75F5C0C7BDEADA4D7AD686,TEXT_PAGE,ocr-text,0
CUMCM-2021-C-C169,12,image_sequence,2021年数学建模国赛真题+优秀论文/2021年国赛优秀论文C题-C169/C12.jpg,9597BC0EFA6B890A9ABE04D03B17A2F68596EB65657BFD291717802B6914A91A,tesseract.js,7.0.0,617,94EF8B885EB8209BE21DB3DB1AC804FC604479B29CA36E1F47FBF0D59B95D288,TEXT_PAGE,ocr-text,0
CUMCM-2021-C-C169,13,image_sequence,2021年数学建模国赛真题+优秀论文/2021年国赛优秀论文C题-C169/C13.jpg,F9032D988AA5599D1026D2717A269371C94EDABEACE46621598F441DDA71D0C4,tesseract.js,7.0.0,840,F37531980E936BD3B892ABD82EC2D9387C5E1BAC7253D0C2C1F835357AB4463F,TEXT_PAGE,ocr-text,0
CUMCM-2021-C-C169,14,image_sequence,2021年数学建模国赛真题+优秀论文/2021年国赛优秀论文C题-C169/C14.jpg,B772253CD0F338F6FE6E72D41150CA85C9727166F43022914902BA16C0A429EA,tesseract.js,7.0.0,1416,22B86E21847019172A4A2B7C280A893AF269AFC5C40529550E2886AA5FD1E945,TEXT_PAGE,ocr-text,0
CUMCM-2021-C-C169,15,image_sequence,2021年数学建模国赛真题+优秀论文/2021年国赛优秀论文C题-C169/C15.jpg,0974F30E76D9CAF25898A6C2FEF75088E84DFDB748E7822A02281DDD1A849656,tesseract.js,7.0.0,638,49FF1ACF6ABC856A1663B4D7D4F272B28A9D2ABA04A6A3E34F4BD80FAD4D52FD,TEXT_PAGE,ocr-text,0
CUMCM-2021-C-C169,16,image_sequence,2021年数学建模国赛真题+优秀论文/2021年国赛优秀论文C题-C169/C16.jpg,F4333E4655B8183C5A8D43B2CA634200A7302927353FC5106639AE8A9BB472D3,tesseract.js,7.0.0,902,25B513301A4C2342D130181478B585729DAF8DB2D01AF84508C46B2206345F66,TEXT_PAGE,ocr-text,0
CUMCM-2021-C-C169,17,image_sequence,2021年数学建模国赛真题+优秀论文/2021年国赛优秀论文C题-C169/C17.jpg,CED460CCAFA930B5727C20250761176C87C177AEF095CCFC66519E2293D2158D,tesseract.js,7.0.0,824,085961A9BCC61F370190E82AD924F301C44A8E5B3945DDEEA8DC111943300F38,TEXT_PAGE,ocr-text,0
CUMCM-2021-C-C169,18,image_sequence,2021年数学建模国赛真题+优秀论文/2021年国赛优秀论文C题-C169/C18.jpg,5BCB639202D2ECDB698F8D15D6AEB819E31D0C12894891AFEF1631E87BF8276D,tesseract.js,7.0.0,1349,16E6FB72F77392AE6C62FA17CC7566EED6FD65C7F56989222B2B63A534BBC675,TEXT_PAGE,ocr-text,0
CUMCM-2021-C-C169,19,image_sequence,2021年数学建模国赛真题+优秀论文/2021年国赛优秀论文C题-C169/C19.jpg,4B7F49C699E611B7694B7F62BB1FC2E66F50F4DD245ACEEA053F625A1FAEF6A6,tesseract.js,7.0.0,1292,29A7530AC15EC6C3EE72E6FD3932E627952F94C8ACE2A864D0C4829CA1C65516,TEXT_PAGE,ocr-text,0
CUMCM-2021-C-C169,20,image_sequence,2021年数学建模国赛真题+优秀论文/2021年国赛优秀论文C题-C169/C20.jpg,FC6E2F9707751F693312A616C45F657B0E97930B59FB68DD2CEFF3F5C0D9B72B,tesseract.js,7.0.0,731,3EE7C380DE9F7D93BADA1C699AE6F3F878E2C7EC78D40B1D18378BB2990D093E,TEXT_PAGE,ocr-text,0
CUMCM-2021-C-C169,21,image_sequence,2021年数学建模国赛真题+优秀论文/2021年国赛优秀论文C题-C169/C21.jpg,79C94CD2BF55B0023AFCBB108984AFB44A0EDECD7F77AA325EC73CAE3456F167,tesseract.js,7.0.0,967,0B26F59CE32A83DC22A1BDEBD6953D8EBCAD18F40D4683E0B69ACB2F668B01DF,TEXT_PAGE,ocr-text,0
CUMCM-2021-C-C169,22,image_sequence,2021年数学建模国赛真题+优秀论文/2021年国赛优秀论文C题-C169/C22.jpg,900C4500988511472C3D7D88470F5C6B79CCCFADFF28EDCE5B25D92967562748,tesseract.js,7.0.0,1161,C7D83CA8240F0C5AB9FC3F74EC5A8E40D8B17D38849643B60BCF4B7EA34C4589,TEXT_PAGE,ocr-text,0
CUMCM-2021-C-C169,23,image_sequence,2021年数学建模国赛真题+优秀论文/2021年国赛优秀论文C题-C169/C23.jpg,D2993EE02FA248C9DCB77E2516AED2580F3DFBF233492BFE5F7E9098A82EBA14,tesseract.js,7.0.0,990,9974AC1FF5429BB27D9569225327EBC83D5BFFE61C49623242EBEC7FEE5AD9F9,TEXT_PAGE,ocr-text,0
CUMCM-2021-C-C169,24,image_sequence,2021年数学建模国赛真题+优秀论文/2021年国赛优秀论文C题-C169/C24.jpg,051DA35D8DF62EC714BC70E26761E67E2E82B6A03AB4D7A66A2B2166D7920563,tesseract.js,7.0.0,1466,CFB52DB7F277F4BFCB0CB74DE7FD8EC76D6944ABAD74EE802A7C0207619A6C44,TEXT_PAGE,ocr-text,0
CUMCM-2021-C-C169,25,image_sequence,2021年数学建模国赛真题+优秀论文/2021年国赛优秀论文C题-C169/C25.jpg,58D2F8BEA403C114810D3FA1B3C78E96A146E0C45F558F9463FF3084E3345EAA,tesseract.js,7.0.0,568,211928C6AFA7EA463CC11CE1D7CD94779388D9C25C709D9823C43978D9547A3A,TEXT_PAGE,ocr-text,0
CUMCM-2021-C-C169,26,image_sequence,2021年数学建模国赛真题+优秀论文/2021年国赛优秀论文C题-C169/C26.jpg,C586CFF60AB2FF7BF7A2CE7D2109BE6C1594DA53CECDC304D51710CB7AAF4F71,tesseract.js,7.0.0,483,A7EF6314363FF957FDE6C7F02DF1B8EB9B9024EA877FBBB070576959AFF6128B,TEXT_PAGE,ocr-text,0
CUMCM-2021-C-C169,27,image_sequence,2021年数学建模国赛真题+优秀论文/2021年国赛优秀论文C题-C169/C27.jpg,CDC477CFB968287EB1C84E81D37401F0825342C93793B4A98926C92D4ACB1FFC,tesseract.js,7.0.0,871,61639C3850CAA10704A4DB3DB302AE939A9E877C8B9AD0458D19C5F556FD9FDD,TEXT_PAGE,ocr-text,0
CUMCM-2021-C-C169,28,image_sequence,2021年数学建模国赛真题+优秀论文/2021年国赛优秀论文C题-C169/C28.jpg,DE8EE2C832A52C5E47729B73C85C8CB55DF340E0DDBFDB3D94F5EC64F073D8BE,tesseract.js,7.0.0,843,4A6446F2FC2E183E528D2B6F2CBCACF9C54F6F148AEED9A18901FD6E534F009C,TEXT_PAGE,ocr-text,0
CUMCM-2021-C-C169,29,image_sequence,2021年数学建模国赛真题+优秀论文/2021年国赛优秀论文C题-C169/C29.jpg,6C0D3BD24111F372B702A677F7A128510AF7766561E0D090EE920EB2B8D1ED78,tesseract.js,7.0.0,1282,38CC27A3CD5CC5B0C0B9E5AA68C27CD0CE1952F2768B63CC48762DE3DEC612A5,TEXT_PAGE,ocr-text,0
CUMCM-2021-C-C169,30,image_sequence,2021年数学建模国赛真题+优秀论文/2021年国赛优秀论文C题-C169/C30.jpg,86581C24B8E4C7C7DA05539F5C960236666D2E2A5A8EE8748C623FD4C4DD21C4,tesseract.js,7.0.0,1091,5E5E96C3938F67EBD9CBD2F7DC133716D921636752E585E32D8D7BC7FD1E7A8E,TEXT_PAGE,ocr-text,0
CUMCM-2021-C-C169,31,image_sequence,2021年数学建模国赛真题+优秀论文/2021年国赛优秀论文C题-C169/C31.jpg,DB5C530A182654573F9327054887CF5F38D362771C75A061AB135F0A6D17DFD4,tesseract.js,7.0.0,1021,18574F667E4397A8E44B56C0075BD3A2918C2FA7E5ADD78FA9652DF28F0D8D9C,TEXT_PAGE,ocr-text,0
CUMCM-2021-C-C169,32,image_sequence,2021年数学建模国赛真题+优秀论文/2021年国赛优秀论文C题-C169/C32.jpg,88D0BE580F9FCD2FC347F566AE3E47BDB4DA0D733B5F38E382756062661BB397,tesseract.js,7.0.0,826,E5F581F57B7B01971F59BC35516CBF59E3C334321693E71FFC8F71A271FD1128,TEXT_PAGE,ocr-text,0
CUMCM-2021-C-C169,33,image_sequence,2021年数学建模国赛真题+优秀论文/2021年国赛优秀论文C题-C169/C33.jpg,8075D48C81A5FCA1E2449338E0DEA4FEB3FAB4D69356D73AFD48ED69AD3888AD,tesseract.js,7.0.0,466,DF7C44BC89E2AF7C5DED619CEDA3491CE26A714984212092B1F5471449761A8A,TEXT_PAGE,ocr-text,0
CUMCM-2021-C-C169,34,image_sequence,2021年数学建模国赛真题+优秀论文/2021年国赛优秀论文C题-C169/C34.jpg,923116C536BDFF6CD352A074513CDEDE9B734BECB4BF3D53FBA713A237EF0C31,tesseract.js,7.0.0,815,E265924B01014D1F3591C7CE16D9FEFB5A8BE9226DE9668B33660EBA7971AFDC,TEXT_PAGE,ocr-text,0
CUMCM-2021-C-C169,35,image_sequence,2021年数学建模国赛真题+优秀论文/2021年国赛优秀论文C题-C169/C35.jpg,A8BF843D710F6369647DC70BAFACFD83FC77439EB91F728FECFBA81ED8E7BEAD,tesseract.js,7.0.0,574,4985F6449A546DF3B438D5B10F914E6B5544D222279D4BD861E903E9030996DE,TEXT_PAGE,ocr-text,0
CUMCM-2021-C-C169,36,image_sequence,2021年数学建模国赛真题+优秀论文/2021年国赛优秀论文C题-C169/C36.jpg,3F6090B9EB446F7512DE834CC56A90CD6C82F90F019E7A84148E7AFFC9592003,tesseract.js,7.0.0,422,5CF76A294A3B601338082454EA1AD3E739C810EE128AD8DF95EBF4632EF4A4F2,TEXT_PAGE,ocr-text,0
CUMCM-2021-C-C169,37,image_sequence,2021年数学建模国赛真题+优秀论文/2021年国赛优秀论文C题-C169/C37.jpg,9FF9455D3BB5E9DF9FB72754449E9C407430C2A9F3B2C1D117E7EDFA94CF806B,tesseract.js,7.0.0,565,B2CEDB09237877809D9D6CD3739F8D905B40B48D6E67730D4095D2545CD7DBD0,TEXT_PAGE,ocr-text,0
CUMCM-2021-C-C169,38,image_sequence,2021年数学建模国赛真题+优秀论文/2021年国赛优秀论文C题-C169/C38.jpg,70911DC3D500CE84CA810513B9B31B3D1B5548A715C76C4EA8F5A06BBE9D5D10,tesseract.js,7.0.0,540,168168546C119CC407063087B4AE356BF579387849E0AC569C8159DD6A6368F9,TEXT_PAGE,ocr-text,0
CUMCM-2021-C-C169,39,image_sequence,2021年数学建模国赛真题+优秀论文/2021年国赛优秀论文C题-C169/C39.jpg,775C8F456E9E663FC2C033D968D1FDBE61DD70676885CBBCCB49DF24D9EB4412,tesseract.js,7.0.0,280,51721802683EC0E678C3B12A9EC1548AD6472C4B16917CAEE1DCDA2655CFC724,TEXT_PAGE,ocr-text,0
CUMCM-2021-C-C169,40,image_sequence,2021年数学建模国赛真题+优秀论文/2021年国赛优秀论文C题-C169/C40.jpg,979BF51898254C7D833948F22B5CA527F11B40BF182752E8307F21B8CEE74547,tesseract.js,7.0.0,757,D2CE388718A3C778620FD67A9493F526CFBE15E934FFDA7944AB5AB234C2AF82,TEXT_PAGE,ocr-text,0
CUMCM-2021-C-C169,41,image_sequence,2021年数学建模国赛真题+优秀论文/2021年国赛优秀论文C题-C169/C41.jpg,85EE5C640C472A41E8276F0EED27B3D6C6CD8D0F1C5041E7E36311BC38BA8321,tesseract.js,7.0.0,456,BBB87A6CB272B65CB50ACCCA8FF3C0556C43FFF720129A8D29A34CE88E9562E5,TEXT_PAGE,ocr-text,0
CUMCM-2021-C-C169,42,image_sequence,2021年数学建模国赛真题+优秀论文/2021年国赛优秀论文C题-C169/C42.jpg,3E660F6F2BE2DE7073534B990F3408FD93146E93EB536D09F945F76C6353C53B,tesseract.js,7.0.0,473,B690CB26731199AE5D2273716B16BA0508A54262C57D11EEFD96F614E9F94224,TEXT_PAGE,ocr-text,0
CUMCM-2021-C-C169,43,image_sequence,2021年数学建模国赛真题+优秀论文/2021年国赛优秀论文C题-C169/C43.jpg,E32E65A9DE0524FDA3487735A32FB82B42E86CE3A4DAD40A1C9E9865E2EC2CF2,tesseract.js,7.0.0,879,F440FABE8DA41CC380271226340357C606BB7B63DE4836EAAB4463FC70640875,TEXT_PAGE,ocr-text,0
CUMCM-2021-C-C169,44,image_sequence,2021年数学建模国赛真题+优秀论文/2021年国赛优秀论文C题-C169/C44.jpg,224D5332C8B466F43C01B1674EE1AD636E14B6C2630731038B739FDC0BF146A6,tesseract.js,7.0.0,868,9D70A97BD71A9854F667C42A62F557D94FB4CF460FC37587DDE181308BADB3F0,TEXT_PAGE,ocr-text,0
CUMCM-2021-C-C169,45,image_sequence,2021年数学建模国赛真题+优秀论文/2021年国赛优秀论文C题-C169/C45.jpg,CF1881351294CA73DE62E26120211844383E285698B4F9E3787C391713EA32DE,tesseract.js,7.0.0,753,24120A6CDFF3846B9F94EA8DBBFF4ED3631A1729A974856074BC367E2A8568AF,TEXT_PAGE,ocr-text,0
CUMCM-2021-C-C169,46,image_sequence,2021年数学建模国赛真题+优秀论文/2021年国赛优秀论文C题-C169/C46.jpg,EDF95A8E33C73D3CB13E728362672FC6BAEDB2B7FC6F85DCD8C78A38B4C3DEFB,tesseract.js,7.0.0,794,7E679DC3B1890200143D9B0FB075684C3A09CBCA4AF8069B96B9FF48F4286D53,TEXT_PAGE,ocr-text,0
CUMCM-2021-C-C169,47,image_sequence,2021年数学建模国赛真题+优秀论文/2021年国赛优秀论文C题-C169/C47.jpg,7BD8EE2494B0F3A8EC718EA62912D0DFB31EAD6AAF96C97423ED8E4DF5FB3EE6,tesseract.js,7.0.0,690,FD701FCADC140396497008E72292368E3EF847CF1A1B31BE7E8A6EBCE4F18EE5,TEXT_PAGE,ocr-text,0
CUMCM-2021-C-C169,48,image_sequence,2021年数学建模国赛真题+优秀论文/2021年国赛优秀论文C题-C169/C48.jpg,4398811B694D9E983440A03B369689CBDBEFBB88256714466275E01C9DE3AE4F,tesseract.js,7.0.0,933,19749CEA62EC03F7EDABC975C5844BBFDB18166A31E2B7A0FC3AB8474BF8441E,TEXT_PAGE,ocr-text,0
CUMCM-2021-C-C169,49,image_sequence,2021年数学建模国赛真题+优秀论文/2021年国赛优秀论文C题-C169/C49.jpg,04A6C8045D9D7DE53E3B32076048110D887A4F85136D0C0F0FA0C3A5AE84BF4B,tesseract.js,7.0.0,894,D472C9BE39422942917B9ED334373FB25E1460AA0C38E673926DC83A9485E1B0,TEXT_PAGE,ocr-text,0
CUMCM-2021-C-C169,50,image_sequence,2021年数学建模国赛真题+优秀论文/2021年国赛优秀论文C题-C169/C50.jpg,858A9DD4FF1854D0AA658D020AAD5F51E57258960491DBCE479C0580C584B674,tesseract.js,7.0.0,674,5493D57EF58502F1DB9F7E767FF87A1F7D5F8800810A9685BF619D3C080D8535,TEXT_PAGE,ocr-text,0
CUMCM-2021-C-C169,51,image_sequence,2021年数学建模国赛真题+优秀论文/2021年国赛优秀论文C题-C169/C51.jpg,25B09E336BCD7610547CBEDE696AA776B67AB4C13A302A1234274E0B6393999E,tesseract.js,7.0.0,386,6565A3B486D5C56F4556BB54AA028778D669CE1960F6F7C55C39B414C3291EFB,TEXT_PAGE,ocr-text,0
CUMCM-2021-C-C283,1,image_sequence,2021年数学建模国赛真题+优秀论文/2021年国赛优秀论文C题-C283/C1.jpg,493F17CAAB4B2B076420C0FCB179CFAAE3A95E1F41E967F6F3827BD22C5F6BE4,tesseract.js,7.0.0,2090,1F3C5C5FD16658919122644A06B5A3089C8379C59F3B9765332D4660CAB50A86,TEXT_PAGE,ocr-text,0
CUMCM-2021-C-C283,2,image_sequence,2021年数学建模国赛真题+优秀论文/2021年国赛优秀论文C题-C283/C2.jpg,75A7B486542DAB5298F4E9FCC6410003228DA1D5D2B1DBC36301A6B1D4C7702B,tesseract.js,7.0.0,1558,3D106887A6C0F6F02275260C67A553F3A01FAF7ACD545F7758963FC8E9B024C3,TEXT_PAGE,ocr-text,0
CUMCM-2021-C-C283,3,image_sequence,2021年数学建模国赛真题+优秀论文/2021年国赛优秀论文C题-C283/C3.jpg,3407B5F72296447C30973EE8C33268EC8D48D290ADEAD1ED4BCF7AEAF32F61B0,tesseract.js,7.0.0,1416,A6582CC45F92F898DB72EF5DA80EDE6F016CB6D6E3B29753AEB89C20DAA092F2,TEXT_PAGE,ocr-text,0
CUMCM-2021-C-C283,4,image_sequence,2021年数学建模国赛真题+优秀论文/2021年国赛优秀论文C题-C283/C4.jpg,FEC6C1B3A23BD9F9A01444FF37938CD8FBA5B94A75E6D15D606912681446D13A,tesseract.js,7.0.0,1068,18FD3BEBC6E14E2681ACBC473E7CE245E3BEDE2B8097D6396B46A9593B901093,TEXT_PAGE,ocr-text,0
CUMCM-2021-C-C283,5,image_sequence,2021年数学建模国赛真题+优秀论文/2021年国赛优秀论文C题-C283/C5.jpg,042D51AB2CCE2F4B3AD51D80394E28865FA6D3FF3389F14F82FE6634C327E9AA,tesseract.js,7.0.0,1665,B7DA3B70F29F2137963E8A7173E34A25141EECB2C95D2B2132BC6318F80BA8DB,TEXT_PAGE,ocr-text,0
CUMCM-2021-C-C283,6,image_sequence,2021年数学建模国赛真题+优秀论文/2021年国赛优秀论文C题-C283/C6.jpg,43EE8CBCB80527D03BC543354D5EFCDE1417A73464550E10B1A3298345B0ADAA,tesseract.js,7.0.0,965,5476B2183A9721250A6A2B6A45252C01BDA8A0CFB26A165F5873AA60223701BF,TEXT_PAGE,ocr-text,0
CUMCM-2021-C-C283,7,image_sequence,2021年数学建模国赛真题+优秀论文/2021年国赛优秀论文C题-C283/C7.jpg,844FB7A0303C2BE995B0E422B29C7DC829DFD7EA28143EB1AE0029A6520BFD9D,tesseract.js,7.0.0,1172,5B681B466C61E7BC3340F4AA6703605E6AA1FCADFE8D2C9BD1A139487CBDC078,TEXT_PAGE,ocr-text,0
CUMCM-2021-C-C283,8,image_sequence,2021年数学建模国赛真题+优秀论文/2021年国赛优秀论文C题-C283/C8.jpg,17762DFBEFFA83FFA9DA30281B827890AAA938F0F98BBA8797112FD624C9BF97,tesseract.js,7.0.0,1173,0031A9AD9E0E9C5B499F5773BC0BDB8A7F03B306183B5240D40B092A070DE5E1,TEXT_PAGE,ocr-text,0
CUMCM-2021-C-C283,9,image_sequence,2021年数学建模国赛真题+优秀论文/2021年国赛优秀论文C题-C283/C9.jpg,7AD40D7F21426514CE98581F66DEB53645F1EA05E572338068EAE21CD44E27B8,tesseract.js,7.0.0,1082,795A6C6E00940966617DA6346B9F3F050E696976110A16FA32529EE10A216AC9,TEXT_PAGE,ocr-text,0
CUMCM-2021-C-C283,10,image_sequence,2021年数学建模国赛真题+优秀论文/2021年国赛优秀论文C题-C283/C10.jpg,045048CF813E8E3411C859E5C3522E5AEC2653BBFEE46389639AAAD9545C60A6,tesseract.js,7.0.0,501,CE0DB60B0E8FBDEB61C0939074C547B28CE5FCF9D0411A5A2BC622666E751BED,TEXT_PAGE,ocr-text,0
CUMCM-2021-C-C283,11,image_sequence,2021年数学建模国赛真题+优秀论文/2021年国赛优秀论文C题-C283/C11.jpg,4FD7F529EF89FFCC0A474453ABE0B875F0E59BF747F8A58471049BC98BC87DD1,tesseract.js,7.0.0,1571,B7843185E1E19BB7880828282BB0809E0CA7C2CCE34CF618EEFDAAF5471F36DD,TEXT_PAGE,ocr-text,0
CUMCM-2021-C-C283,12,image_sequence,2021年数学建模国赛真题+优秀论文/2021年国赛优秀论文C题-C283/C12.jpg,F8F5010B4E76206943935156B4AA593F0831C7547211F7FB78D795743FCA37B1,tesseract.js,7.0.0,925,BE3DD21B56F66341C78D288F970BF7A35311BD4202D15970DD4BE7A006EE6D5D,TEXT_PAGE,ocr-text,0
CUMCM-2021-C-C283,13,image_sequence,2021年数学建模国赛真题+优秀论文/2021年国赛优秀论文C题-C283/C13.jpg,48588E4D7CC0BEDA160E187858FB75763C627E0BF7F44C47F8031B1BB67A3BA7,tesseract.js,7.0.0,1658,B823E6613437BEC0D0270F45F5D59907A3BDB983D05AAF5421926F6BA97AEBAC,TEXT_PAGE,ocr-text,0
CUMCM-2021-C-C283,14,image_sequence,2021年数学建模国赛真题+优秀论文/2021年国赛优秀论文C题-C283/C14.jpg,8BC39FA42214E906C6AC8545798B1CCECB61F2D098DADAB20466239735B791CD,tesseract.js,7.0.0,1112,E0AF05ACE326FBB74FDA3A0D97D13987ADA8ECC04AFE0F7FFC191A4148F81B05,TEXT_PAGE,ocr-text,0
CUMCM-2021-C-C283,15,image_sequence,2021年数学建模国赛真题+优秀论文/2021年国赛优秀论文C题-C283/C15.jpg,2C77E9C576FDB3FEE0A14CF70C6AC555C46098A86D96B463681D6AFFF1D83FC4,tesseract.js,7.0.0,461,2E08EBB6C62E4CB3627B8955DAAFA695F654C31D4C7F44C0CB78A7BFB266FEC9,TEXT_PAGE,ocr-text,0
CUMCM-2021-C-C283,16,image_sequence,2021年数学建模国赛真题+优秀论文/2021年国赛优秀论文C题-C283/C16.jpg,31716AF4C717CBC657795AC9CF4412AB83C92A9D3858DD1B82A9B6087E5E20FA,tesseract.js,7.0.0,578,CA354059BF665B764D5D1193E074DAEE80AB8E934F29845E9C171B9097112D93,TEXT_PAGE,ocr-text,0
CUMCM-2021-C-C283,17,image_sequence,2021年数学建模国赛真题+优秀论文/2021年国赛优秀论文C题-C283/C17.jpg,366D6300D2CEF007C2A8820CE5E8569408FF1081C2FFC2ECF58D68B9B69B5F38,tesseract.js,7.0.0,1702,A5DD56EE4AAF63CC33F2C8F8083E8B4C7B39B0683AE8701004E37BBECEEECDC4,TEXT_PAGE,ocr-text,0
CUMCM-2021-C-C283,18,image_sequence,2021年数学建模国赛真题+优秀论文/2021年国赛优秀论文C题-C283/C18.jpg,333DD6AD277DCAD0747FF997E71D6B5116F719484DEF5D202085913F2618B018,tesseract.js,7.0.0,1290,5D1E14FEBB2D2A98E2ECDA225A56FDFEFA83406A54B3DFA34AC1107B67298BF9,TEXT_PAGE,ocr-text,0
CUMCM-2021-C-C283,19,image_sequence,2021年数学建模国赛真题+优秀论文/2021年国赛优秀论文C题-C283/C19.jpg,EB04A05F97C279B284806C7946789CAA144AFAC518E41CEEDE2D7000EB8DD978,tesseract.js,7.0.0,123,AB9A6D0FE62EECF35F6DCED4E4500F5D603ED43E94AAF6600122AC75139868D3,TEXT_PAGE,ocr-text,0
CUMCM-2021-C-C283,20,image_sequence,2021年数学建模国赛真题+优秀论文/2021年国赛优秀论文C题-C283/C20.jpg,2ABF620027B39401B6DE2FF28E4D32A0D3C55448A95864F314375E6A80E4ED1E,tesseract.js,7.0.0,796,B07123D0CF835E16150B9E0182EB9B470B8D82A6DFB40C54847D3DF605DA3E5F,TEXT_PAGE,ocr-text,0
CUMCM-2021-C-C283,21,image_sequence,2021年数学建模国赛真题+优秀论文/2021年国赛优秀论文C题-C283/C21.jpg,770738468405A164977EA8A0941228CBEE14B29000B8742E6405289A1AA58C07,tesseract.js,7.0.0,1185,C0934C0221C8A8D357BEFE7FA43AA802A90D6D1EAD2BE52165446F46BFB1E394,TEXT_PAGE,ocr-text,0
CUMCM-2021-C-C283,22,image_sequence,2021年数学建模国赛真题+优秀论文/2021年国赛优秀论文C题-C283/C22.jpg,EE1503CA5E960E5C9A1F2EF14A58805999511C9E50DE71DF505EE6ADB0D31EE2,tesseract.js,7.0.0,1268,BE284A389C2E305A06346F25685A5C024F8D06B2EB10A8627E32EDB27AF4EE02,TEXT_PAGE,ocr-text,0
CUMCM-2021-C-C283,23,image_sequence,2021年数学建模国赛真题+优秀论文/2021年国赛优秀论文C题-C283/C23.jpg,116F161820177BBF4903D816B688A30DCD571106B79C50725C390A18B8DE6AE7,tesseract.js,7.0.0,1177,81DDDB02FDB811568B0B40C8A75FB9672F65DE558066A816BD968920127D4681,TEXT_PAGE,ocr-text,0
CUMCM-2021-C-C283,24,image_sequence,2021年数学建模国赛真题+优秀论文/2021年国赛优秀论文C题-C283/C24.jpg,6A40AAAA07F169E519011105C27B43AED465C9F4FAA368E4FD900096CB4817A6,tesseract.js,7.0.0,1443,6653EA57FEB56E3B3BB59B6E5E975691F7FBFB73C1B95655D01762A8049F6DA9,TEXT_PAGE,ocr-text,0
CUMCM-2021-C-C283,25,image_sequence,2021年数学建模国赛真题+优秀论文/2021年国赛优秀论文C题-C283/C25.jpg,B5EB11B0F54CAD6384FCF0550BB93B80628BC38069EBB0269C282E524A3DE49E,tesseract.js,7.0.0,1252,F8CA951B48E9D89ABB9A50FB1DFBCA2301D96E531718458065A9E84BFBA1D835,TEXT_PAGE,ocr-text,0
CUMCM-2021-C-C283,26,image_sequence,2021年数学建模国赛真题+优秀论文/2021年国赛优秀论文C题-C283/C26.jpg,44292B5BE40082640BC9F987951E2C63454727C0376E6CBFB11FA7413295BB2B,tesseract.js,7.0.0,1164,F9A321B6334E97D1AC8F09BEEA609B678952608AF9BD6C88C4B6502DEAB4E4A9,TEXT_PAGE,ocr-text,0
CUMCM-2021-C-C283,27,image_sequence,2021年数学建模国赛真题+优秀论文/2021年国赛优秀论文C题-C283/C27.jpg,D1391F2606EC3D73323BA1E4B2D24FC4E7F7A7FF6ACB75351819B51671BAF0E6,tesseract.js,7.0.0,2030,87442F9FC5FB08E48462024462CECBD9CEC1AB9F032E358DE48B9F5450418401,TEXT_PAGE,ocr-text,0
CUMCM-2021-C-C283,28,image_sequence,2021年数学建模国赛真题+优秀论文/2021年国赛优秀论文C题-C283/C28.jpg,03CE49FA33C483038D7CE61E69DFBF9CD518E60C31E6B353D35DB188D908E2D9,tesseract.js,7.0.0,412,22068F5A4711154DB2734E02C82FEA11C4D365E2FE0E40E13F69DA3F4ABD9395,TEXT_PAGE,ocr-text,0
CUMCM-2021-C-C283,29,image_sequence,2021年数学建模国赛真题+优秀论文/2021年国赛优秀论文C题-C283/C29.jpg,654156EC6E57413B843AB95D098AC31A75726F37D22025132CF1C898D27C3529,tesseract.js,7.0.0,237,00DC5740946F25AC5A775EA39A51197475F4C1D8D429772448DF262765D0FAE9,TEXT_PAGE,ocr-text,0
CUMCM-2021-C-C283,30,image_sequence,2021年数学建模国赛真题+优秀论文/2021年国赛优秀论文C题-C283/C30.jpg,EA03D5F2E7CBF65CDD0BF11266553AF72A0E7089CF31515D16D9E2642DFB3DED,tesseract.js,7.0.0,1682,D243ED6A5C7D5912ACB413893932D5D623F00E5C1A55F5F6DB02F262A467BD89,TEXT_PAGE,ocr-text,0
CUMCM-2021-C-C283,31,image_sequence,2021年数学建模国赛真题+优秀论文/2021年国赛优秀论文C题-C283/C31.jpg,9A5EC6610A1D2B137E1D01F38ABEF626A4C3075179EDADD0715FA0CE97178D53,tesseract.js,7.0.0,932,2D44003571D3E41FD1A9FEDDEEEBA6E48AB2110D7138C3A603659F04F9D0146F,TEXT_PAGE,ocr-text,0
CUMCM-2021-C-C283,32,image_sequence,2021年数学建模国赛真题+优秀论文/2021年国赛优秀论文C题-C283/C32.jpg,9A9C98E5B546556441F676A8AFCEDA0A94415A6C62C135542648F83B39BD8CD0,tesseract.js,7.0.0,1376,647D3F162B952BFC96300A8AD9ABBEEF01D43C9ADBBD3DA365A1B792FCEA3855,TEXT_PAGE,ocr-text,0
CUMCM-2021-C-C283,33,image_sequence,2021年数学建模国赛真题+优秀论文/2021年国赛优秀论文C题-C283/C33.jpg,5B66EE506A53B17D98970D41D8CBCA806D7C2D2233D894A6D1A738563752404D,tesseract.js,7.0.0,1513,C09EE9147283DCA292B39836FD39359D2CF632AA9AB20983224DBF7FB59A0834,TEXT_PAGE,ocr-text,0
CUMCM-2021-C-C283,34,image_sequence,2021年数学建模国赛真题+优秀论文/2021年国赛优秀论文C题-C283/C34.jpg,EBCB3521EF1B4B7F1A395C0D743A23543E0A45160438B9AA6A3D855783855815,tesseract.js,7.0.0,1763,2FAE6C38BDB2CE1741981FD90B3B143AA833FEB0C8C359C61449750502E43126,TEXT_PAGE,ocr-text,0
CUMCM-2021-C-C283,35,image_sequence,2021年数学建模国赛真题+优秀论文/2021年国赛优秀论文C题-C283/C35.jpg,CCF475D54CC8D50495A597914F4A91657667ADC7FE3DE597739014C0ED931AD3,tesseract.js,7.0.0,1781,51D7B92CFA5350F84DCD2A08B8E397BB5FF8C21D812C2D2B4FAC881EFAABADDF,TEXT_PAGE,ocr-text,0
CUMCM-2021-C-C283,36,image_sequence,2021年数学建模国赛真题+优秀论文/2021年国赛优秀论文C题-C283/C36.jpg,91AAB13FFB7472859BD52A638D2B9917BA097CDD776B1A880C809FE1C5BE0B85,tesseract.js,7.0.0,650,79147A7C0A218CB23968A3551950F5B417E0D7303725BD57884EB7C686F4462C,TEXT_PAGE,ocr-text,0
CUMCM-2021-C-C283,37,image_sequence,2021年数学建模国赛真题+优秀论文/2021年国赛优秀论文C题-C283/C37.jpg,2F2608A9A1414AA3CDA639240B7F0EAF67B391A054EBFBA52337383D22E99C93,tesseract.js,7.0.0,1903,750CB1F5D36DAD6B399305279D855992337EB0EB7EB0A95CC6B4FC11EDDC3DF1,TEXT_PAGE,ocr-text,0
CUMCM-2021-C-C283,38,image_sequence,2021年数学建模国赛真题+优秀论文/2021年国赛优秀论文C题-C283/C38.jpg,D1A3E892F2E25EFBBA9E0F842680845DF9F9AE579FDE875CCC945513308BC501,tesseract.js,7.0.0,2001,384F496A7260A3E4A774669E9D869526D13A2B9EADE9C9BA550298F96A940A78,TEXT_PAGE,ocr-text,0
CUMCM-2021-C-C283,39,image_sequence,2021年数学建模国赛真题+优秀论文/2021年国赛优秀论文C题-C283/C39.jpg,6E83457A22D3145899F9ED3D54EBB3C65320648DC8C8BE825AEE113F77F9C4AC,tesseract.js,7.0.0,1084,33E4EEA150E90F8AEED84B3D0FD16D99C4F7BD37A88D38C6723AD4BA399C2D83,TEXT_PAGE,ocr-text,0
CUMCM-2021-C-C283,40,image_sequence,2021年数学建模国赛真题+优秀论文/2021年国赛优秀论文C题-C283/C40.jpg,6BFD582BD6EDF11863B2C7BC84CD8E133118FAEC68D7C83470429984E31C8524,tesseract.js,7.0.0,1048,8E3E461EE4AE1CFD66D23260E74CC3AB417D9A7615D0D698E4760F4DCBFD6E49,TEXT_PAGE,ocr-text,0
CUMCM-2021-C-C283,41,image_sequence,2021年数学建模国赛真题+优秀论文/2021年国赛优秀论文C题-C283/C41.jpg,4A1031BE25444D50C17511B35BA1019F33CDCDD5D8C447A35A145F6D36AE7B6C,tesseract.js,7.0.0,1111,9E18CDD11264A90039440F01B45C5A8E9E16D1917D79545F557D894580EFDB4E,TEXT_PAGE,ocr-text,0
CUMCM-2021-C-C283,42,image_sequence,2021年数学建模国赛真题+优秀论文/2021年国赛优秀论文C题-C283/C42.jpg,8BD474156AA8B1E0342C4049A32DEFDE4042BE4589792CD061FBF7544C9762E7,tesseract.js,7.0.0,653,F7DA0CD5126EAD097BCBD82A7E486DE84B29DDC365F1D9601073F65B71E62ED2,TEXT_PAGE,ocr-text,0
CUMCM-2021-C-C283,43,image_sequence,2021年数学建模国赛真题+优秀论文/2021年国赛优秀论文C题-C283/C43.jpg,5156C4F20019EA81C197E06748F8F2BD8CB417DD0356A87AD134102802233D0C,tesseract.js,7.0.0,838,3A00303840779D956C84380C89E13AD879E62C63E2E2F5B43FFB407C1B333E1E,TEXT_PAGE,ocr-text,0
CUMCM-2021-C-C283,44,image_sequence,2021年数学建模国赛真题+优秀论文/2021年国赛优秀论文C题-C283/C44.jpg,58286CEA9A13A76E279962352B100439D725FF29D96DBB15B6B97CB8A309F4CB,tesseract.js,7.0.0,375,C1E85C0DE3936CBA76F2C45409A8D6D8986FDBEBCC9C2E4D4EB51D4F80D1498B,TEXT_PAGE,ocr-text,0
CUMCM-2021-C-C283,45,image_sequence,2021年数学建模国赛真题+优秀论文/2021年国赛优秀论文C题-C283/C45.jpg,C7A92CF8B8E61C6B5E7B6C3F4958A9B5D81A16E7A191AE83AFEAA3C617004FF3,tesseract.js,7.0.0,1298,8CB33572971D66C4A7B05C0D2DE1261870158CAD4F8CE2B625E0B596F6944C31,TEXT_PAGE,ocr-text,0
CUMCM-2021-C-C283,46,image_sequence,2021年数学建模国赛真题+优秀论文/2021年国赛优秀论文C题-C283/C46.jpg,9FAF9F2FC0FB51345A1E2CC2900AC425DAAB2620C749CDFA3A742111945EFB76,tesseract.js,7.0.0,1327,063E12759B2902D380D3853D39B7FC00FCF6196D141EBAC461AD81C6723E6027,TEXT_PAGE,ocr-text,0
CUMCM-2021-C-C283,47,image_sequence,2021年数学建模国赛真题+优秀论文/2021年国赛优秀论文C题-C283/C47.jpg,4CC21DEBA712AE6588EA219AEDB8F8B57873A4694D8A3E44ECA0733F4B590D73,tesseract.js,7.0.0,1014,609843A3B8AFACBC5222B6C0A33E2654ADBE144DC53AFB71ECD2F45D6C00B9C2,TEXT_PAGE,ocr-text,0
CUMCM-2021-C-C283,48,image_sequence,2021年数学建模国赛真题+优秀论文/2021年国赛优秀论文C题-C283/C48.jpg,9608EA0364AAFB22EFC5EE4F76577154FB6CDDABE7CF14E7D9F565C022A6C3CE,tesseract.js,7.0.0,1148,10640731A9C032E353382DFE0BC71A649EA55FE2C970BD6B114F4246B1D46419,TEXT_PAGE,ocr-text,0
CUMCM-2021-C-C283,49,image_sequence,2021年数学建模国赛真题+优秀论文/2021年国赛优秀论文C题-C283/C49.jpg,F52469B7EEFBAEAE051F4883E164D562D8557C4AEE0461CD8208CC2E04246414,tesseract.js,7.0.0,330,343BFB1390DA714FFBA2C9B3FDD86237BFE28217DE928B3BA06BD0BB1F9FB535,TEXT_PAGE,ocr-text,0
CUMCM-2021-C-C283,50,image_sequence,2021年数学建模国赛真题+优秀论文/2021年国赛优秀论文C题-C283/C50.jpg,04E663FB30E39962051EE2F4D7D5B795E71FEA965D6B6FCC5EA803481AEB7C47,tesseract.js,7.0.0,1489,D968F8D4B1D09BED403D2F2DD17F9625336A98A3A764D04A47A51C7BAA426F18,TEXT_PAGE,ocr-text,0
CUMCM-2021-C-C283,51,image_sequence,2021年数学建模国赛真题+优秀论文/2021年国赛优秀论文C题-C283/C51.jpg,3459AB8FD4B156DB1E6E12E05F1DD7FEE0520FE33C73B4AE40706BF431B53F75,tesseract.js,7.0.0,1075,9E6808886AA6113E1F55BD3365D1D4DD4D7BD95D5D7B7C520ABC683C6F6B4CE4,TEXT_PAGE,ocr-text,0
CUMCM-2021-C-C283,52,image_sequence,2021年数学建模国赛真题+优秀论文/2021年国赛优秀论文C题-C283/C52.jpg,34924EFA80815D037701357F0683B918259354D6DD124B01EC412DCDFC95B069,tesseract.js,7.0.0,1435,2AB99BF1030B970BF4DF892237181AE8B89585580CF0BDFFB32071F22BA3E3F1,TEXT_PAGE,ocr-text,0
CUMCM-2021-C-C283,53,image_sequence,2021年数学建模国赛真题+优秀论文/2021年国赛优秀论文C题-C283/C53.jpg,F55C0A0D7C7951DDAA2D080266673C2842E94F94A41916F0EF26FD7451AA3E90,tesseract.js,7.0.0,1397,E88EFB1ABE57F5A45E480EA859E1E7C9306E9814501391D4FF029267FD09E923,TEXT_PAGE,ocr-text,0
CUMCM-2021-C-C283,54,image_sequence,2021年数学建模国赛真题+优秀论文/2021年国赛优秀论文C题-C283/C54.jpg,A7BB18263494046636284A66D36FC97AFF6D3842D90F8BA700D9EE8069B46987,tesseract.js,7.0.0,818,2DFEDCE8B75681FC9E64063C9E0EB86C4A42539641285D38240FBD142A4C0F9A,TEXT_PAGE,ocr-text,0
CUMCM-2021-C-C283,55,image_sequence,2021年数学建模国赛真题+优秀论文/2021年国赛优秀论文C题-C283/C55.jpg,C51C80C0AB3E0A51F7395FF43286DAD51D6AE729B0C46200384302DC846721AC,tesseract.js,7.0.0,1422,364C65B31432334E1125F012F10FEE1563599D517030AA97412E52062B1AC8D8,TEXT_PAGE,ocr-text,0
CUMCM-2021-C-C283,56,image_sequence,2021年数学建模国赛真题+优秀论文/2021年国赛优秀论文C题-C283/C56.jpg,BD5232E64BECFD3F59B3733D9D30FD41CC28D2D29457FC55A53E8B3E5484C004,tesseract.js,7.0.0,1411,2C88B423B94268E6A7932A1C40D7470DC059EEB1B8D0FBFB6B56246B4AC10182,TEXT_PAGE,ocr-text,0
CUMCM-2021-C-C283,57,image_sequence,2021年数学建模国赛真题+优秀论文/2021年国赛优秀论文C题-C283/C57.jpg,8D12D1704B9D5509010307A1083B3505D9FC3B0BEBD84F8C66C48CD3DC07726B,tesseract.js,7.0.0,1463,4D94EC393B258C0CE5535CA2ACED4B73A39C177F478D7502330216F1535D14F5,TEXT_PAGE,ocr-text,0
CUMCM-2021-C-C283,58,image_sequence,2021年数学建模国赛真题+优秀论文/2021年国赛优秀论文C题-C283/C58.jpg,3120B7F54A60CDFBE6609F033F79FEC74F105BEC423F3CB8908298FAFE71FCCB,tesseract.js,7.0.0,1366,F51795A754DFFE63D917E4DA533AB15C8EB7B87F53387A758A2105A9AE7B22E1,TEXT_PAGE,ocr-text,0
CUMCM-2021-D-D017,1,image_sequence,2021年数学建模国赛真题+优秀论文/2021年国赛优秀论文D题-D017/D1.jpg,ACA3B9486DC296F9380F9EF3E657C5DE2C718F62388AA96B89C70A457567DAA9,tesseract.js,7.0.0,1412,F75233AB304F90D985DC5918B4588B77D52A757AC2E3E311BAB2A4BDB39E45BC,TEXT_PAGE,ocr-text,0
CUMCM-2021-D-D017,2,image_sequence,2021年数学建模国赛真题+优秀论文/2021年国赛优秀论文D题-D017/D2.jpg,B4E786031708F7A603CF1C9BB5D5E08DF8EAEA222C9E55BA147570458F4FB322,tesseract.js,7.0.0,1509,ACCD127857E4684C0AA003371D2B2326782F1C2725284E23227479F5274DFB06,TEXT_PAGE,ocr-text,0
CUMCM-2021-D-D017,3,image_sequence,2021年数学建模国赛真题+优秀论文/2021年国赛优秀论文D题-D017/D3.jpg,F857B407733FDD3E07435E257FA1903F485CDFC5355C9356BF7950E9CDE947DA,tesseract.js,7.0.0,1139,5124077AAB39AAD25E2292F48B2C7607B6D92577952D7C0282252AE4883CA7C7,TEXT_PAGE,ocr-text,0
CUMCM-2021-D-D017,4,image_sequence,2021年数学建模国赛真题+优秀论文/2021年国赛优秀论文D题-D017/D4.jpg,4B35A075EAD02B8E17DE3D97A036F28E42D6505EED2CBBCB218FB2D52591800A,tesseract.js,7.0.0,1197,60605B57BE986A5FF213D2757F462F2F70B9843CB0CE37FDA5E7EB24554625F9,TEXT_PAGE,ocr-text,0
CUMCM-2021-D-D017,5,image_sequence,2021年数学建模国赛真题+优秀论文/2021年国赛优秀论文D题-D017/D5.jpg,539F13AEDDE492D1B833F20E9D0C9BC1D4135EF28F0A4DF5D9FB64EE00752E00,tesseract.js,7.0.0,1440,1FF09C0362B9C6036B6DE79375393A5F2C41564F1C0F6CFDA652B31B54211E83,TEXT_PAGE,ocr-text,0
CUMCM-2021-D-D017,6,image_sequence,2021年数学建模国赛真题+优秀论文/2021年国赛优秀论文D题-D017/D6.jpg,880E5A39DCCF2CE1BD8EB66CB25EE5B16F1D93C0913A2AB013A539CD99A06A66,tesseract.js,7.0.0,1410,0C0E112B595070DC201EE51EEE875035251252CCC3F565AEFA60F6DDC03971CA,TEXT_PAGE,ocr-text,0
CUMCM-2021-D-D017,7,image_sequence,2021年数学建模国赛真题+优秀论文/2021年国赛优秀论文D题-D017/D7.jpg,E43940A18A5556EB1570C12AC7615CB18E4212226B2D4A8368AA1C114DE06EC7,tesseract.js,7.0.0,1177,29A2C2C8322C707F9B6E5BFBE84E5F8E68DA2F857C83C6A53F6701410E2CA3F1,TEXT_PAGE,ocr-text,0
CUMCM-2021-D-D017,8,image_sequence,2021年数学建模国赛真题+优秀论文/2021年国赛优秀论文D题-D017/D8.jpg,E386575945E07916A860545BC64FB66F52A81D076C76F6EA8277772818098FFE,tesseract.js,7.0.0,1266,7419DA45696C126E747A0B20BF0DF933723E59F183FCF9B748D490E355D48F30,TEXT_PAGE,ocr-text,0
CUMCM-2021-D-D017,9,image_sequence,2021年数学建模国赛真题+优秀论文/2021年国赛优秀论文D题-D017/D9.jpg,D9AABF8C1DEBBCC9B157611CA6270ABA9AD49A108E13069B07D871A3E9A41352,tesseract.js,7.0.0,1534,CC787E8C15027BA4E95A06E02C76DB3BE033F2583D629FC12453B4838F11FED3,TEXT_PAGE,ocr-text,0
CUMCM-2021-D-D017,10,image_sequence,2021年数学建模国赛真题+优秀论文/2021年国赛优秀论文D题-D017/D10.jpg,4C5C7B2ABA59CD4A2CA1612E818CD121D360B08E4F2E2EED59E5F5F8CC421438,tesseract.js,7.0.0,1110,5586E4DE0FE23D3F7ADD8AD0456D73CC4D9B0D27DF1B274326ADE7EFF9349E79,TEXT_PAGE,ocr-text,0
CUMCM-2021-D-D017,11,image_sequence,2021年数学建模国赛真题+优秀论文/2021年国赛优秀论文D题-D017/D11.jpg,32B1CCBD480057BC521927E23B7DBB5D2A4D6678422A226650FFAAF2CD3478FE,tesseract.js,7.0.0,529,F32912AC823943DB39A12BD24249DBB0688B759A56C14BA60A9CCCE2698C03DB,TEXT_PAGE,ocr-text,0
CUMCM-2021-D-D017,12,image_sequence,2021年数学建模国赛真题+优秀论文/2021年国赛优秀论文D题-D017/D12.jpg,5A21CB208182DBCEA3994B98C685D9B7F890776813AB9A2BCC6E91449888E995,tesseract.js,7.0.0,649,6A34A4A1838F3E22767A6940F6DEB03E0DDEA66FDC68D604AD290BC873013E90,TEXT_PAGE,ocr-text,0
CUMCM-2021-D-D017,13,image_sequence,2021年数学建模国赛真题+优秀论文/2021年国赛优秀论文D题-D017/D13.jpg,E53168C3A267458097B2625FE1D8EFB486C9607D6994103D18F5B2FD5460446C,tesseract.js,7.0.0,1035,24BF9CB3D9829B207849B53EDCC1A4A58FD3148FDF9A0DF500A101ACED0092FC,TEXT_PAGE,ocr-text,0
CUMCM-2021-D-D017,14,image_sequence,2021年数学建模国赛真题+优秀论文/2021年国赛优秀论文D题-D017/D14.jpg,6750A9863D641A744052A1C747706DB9FA9406C3CFD399A59166EDBFEF83D65C,tesseract.js,7.0.0,541,E262A8DBFBA143A32724FD89D9536CA1EDC213B13CF8F3602E1F95BDA3BC2CCA,TEXT_PAGE,ocr-text,0
CUMCM-2021-D-D017,15,image_sequence,2021年数学建模国赛真题+优秀论文/2021年国赛优秀论文D题-D017/D15.jpg,ED45659268E48786224E2AB4B5646C57F473BFF4B5386204CFA551032782B785,tesseract.js,7.0.0,751,11A4E6F084BB5073CA9819833F7B7E1037E1D46F8C8C5094FC13A9F40A76238A,TEXT_PAGE,ocr-text,0
CUMCM-2021-D-D017,16,image_sequence,2021年数学建模国赛真题+优秀论文/2021年国赛优秀论文D题-D017/D16.jpg,3BC8F9A2E3936EE9B5F133DB87E23CB08D3FFCA3B263F992B348C8FF3CD5BFFC,tesseract.js,7.0.0,1043,D4E252322340206AB55FB159961E4FD94289542F8C88F0709360681E1CD5F70B,TEXT_PAGE,ocr-text,0
CUMCM-2021-D-D017,17,image_sequence,2021年数学建模国赛真题+优秀论文/2021年国赛优秀论文D题-D017/D17.jpg,6AC04E107A55FD7114B86DF4AD7C451CB138B2DFAE82D9FD7850094A95471BB9,tesseract.js,7.0.0,586,9624D0C351E2EB009AD882A55C0D9887FB8831A8B59127C0383A87F50A42C441,TEXT_PAGE,ocr-text,0
CUMCM-2021-D-D017,18,image_sequence,2021年数学建模国赛真题+优秀论文/2021年国赛优秀论文D题-D017/D18.jpg,2DB9DCC836AD184A52EA10EDFE1CD58A7893DC2723537855D328B878E3476253,tesseract.js,7.0.0,825,07236F68FA7C9817CC7291686AF5AAE5EB8AFAEECED98A48EB849C231F59E433,TEXT_PAGE,ocr-text,0
CUMCM-2021-D-D017,19,image_sequence,2021年数学建模国赛真题+优秀论文/2021年国赛优秀论文D题-D017/D19.jpg,2C824F3A68D8B6172E136FF0649DFF9AA1F01F1411F796CC7FEB8D4A41F466EC,tesseract.js,7.0.0,736,A251A6F73D8CBCDC95EBF6650C37D1830FE3C71948773134EA8D3B5DF514A6DF,TEXT_PAGE,ocr-text,0
CUMCM-2021-D-D017,20,image_sequence,2021年数学建模国赛真题+优秀论文/2021年国赛优秀论文D题-D017/D20.jpg,CF7DD33A89C67A8BAB987DE6EDED80BD830ADEBF39692840FD5A8DA9BD2966DD,tesseract.js,7.0.0,645,EF7FA97419290EC739AC05B1A5821111FF5C9CD227EA9CDAFE3CCFD0CFC34970,TEXT_PAGE,ocr-text,0
CUMCM-2021-D-D017,21,image_sequence,2021年数学建模国赛真题+优秀论文/2021年国赛优秀论文D题-D017/D21.jpg,C8D659C3F45D7387D7CBBA91A083B9E23336921A4E89E67787ED08721ABCB82E,tesseract.js,7.0.0,316,CAA22270BA44C5959630D1F290C0C0134D0CE4698F90763DE70EA0E5006C741D,TEXT_PAGE,ocr-text,0
CUMCM-2021-E-E014,1,image_sequence,2021年数学建模国赛真题+优秀论文/2021年国赛优秀论文E题-E014/E1.jpg,5CD1E5B933E7BB2238C3CD4A48ADF250527F674AFB2F0DBC1263388519E615CE,tesseract.js,7.0.0,1728,8C3BA3D5344EC09F84F651A404DE4FC304DB42E152F056C516EE8D159CAFE322,TEXT_PAGE,ocr-text,0
CUMCM-2021-E-E014,2,image_sequence,2021年数学建模国赛真题+优秀论文/2021年国赛优秀论文E题-E014/E2.jpg,B5349A8DF2AF0843803B40872473D18CED495EFEDF259F26D117500B5540EC07,tesseract.js,7.0.0,2081,F041A107F0FB61F3AB783D47E9D3EAC1CF8CAD9E37DA3F1FEA19CF3F6CB7D113,TEXT_PAGE,ocr-text,0
CUMCM-2021-E-E014,3,image_sequence,2021年数学建模国赛真题+优秀论文/2021年国赛优秀论文E题-E014/E3.jpg,063F9F012994016E02E4ECD83842739988AEF42709D711827B4EC5E2469C56F8,tesseract.js,7.0.0,913,17B7AC081481EB353D64AF8F044351968C0599FC47EFF14C55A9EA82FF1E2ADE,TEXT_PAGE,ocr-text,0
CUMCM-2021-E-E014,4,image_sequence,2021年数学建模国赛真题+优秀论文/2021年国赛优秀论文E题-E014/E4.jpg,265F74BB3EE67427C8B37CC958F60D97340E36F7ADB73B0C66204E22EC1DC065,tesseract.js,7.0.0,1151,9AE64E7BCF423D756DB96620719A917DC0515B419E7BA94A741A4046B74260CF,TEXT_PAGE,ocr-text,0
CUMCM-2021-E-E014,5,image_sequence,2021年数学建模国赛真题+优秀论文/2021年国赛优秀论文E题-E014/E5.jpg,48F6C6675E2F94154D1FB1117CDF31A69C1A53BB1D5522AFB54B14AC2A8D71AE,tesseract.js,7.0.0,934,E7894C3A98903ED68BC4B83938112CD4342A61CECBFDDEC7E590F75DFCA8438E,TEXT_PAGE,ocr-text,0
CUMCM-2021-E-E014,6,image_sequence,2021年数学建模国赛真题+优秀论文/2021年国赛优秀论文E题-E014/E6.jpg,B75AE57ED2F2651BBE471A74769823A862809760B8CB115D34F2A9021AD67E7D,tesseract.js,7.0.0,1103,7E187E888DB12EF8E755DD04EF00C40BE4A1E398A2343F74606D7CE30418AA6C,TEXT_PAGE,ocr-text,0
CUMCM-2021-E-E014,7,image_sequence,2021年数学建模国赛真题+优秀论文/2021年国赛优秀论文E题-E014/E7.jpg,A997DC083F845549BBAE42A583D03E9FDE9665033F4D3B389335DDCE7F5B24AF,tesseract.js,7.0.0,1258,2A9056409A4F9D2810E563C3EC531A5BE06336B7D288E6A16744355225E24AD6,TEXT_PAGE,ocr-text,0
CUMCM-2021-E-E014,8,image_sequence,2021年数学建模国赛真题+优秀论文/2021年国赛优秀论文E题-E014/E8.jpg,8E4F92CA76B62DD84C97C7CFB1BDF244CC6091AF1B848E5D05E873598AB96D52,tesseract.js,7.0.0,588,532067DBB325411316E69FA60158C8E343E75DC7A89FD4BBD42DA4FAA7AD8108,TEXT_PAGE,ocr-text,0
CUMCM-2021-E-E014,9,image_sequence,2021年数学建模国赛真题+优秀论文/2021年国赛优秀论文E题-E014/E9.jpg,30ADC1F85512F9DA579DA3796222F47F9FCCAFE6BE48CC43A00C0D589DF5C695,tesseract.js,7.0.0,1339,DA35DE8A07D74992BFDB0C0F5C6DD4EC15B820442E29E1FF9E4B9B76AE026EED,TEXT_PAGE,ocr-text,0
CUMCM-2021-E-E014,10,image_sequence,2021年数学建模国赛真题+优秀论文/2021年国赛优秀论文E题-E014/E10.jpg,ECEE0C06612357D0AB71F0A512D20254C5B1ECA07BCCD893B0CFBF7C47A8A9A5,tesseract.js,7.0.0,1349,C0646614315FD621DCE9F06B21148F739B5D886677D9C0A405FEB52C881BFC55,TEXT_PAGE,ocr-text,0
CUMCM-2021-E-E014,11,image_sequence,2021年数学建模国赛真题+优秀论文/2021年国赛优秀论文E题-E014/E11.jpg,9A2F2BFCD580A4776E41FE15839F6889D7C32DDD176B2B4A8BCD1DBA7762A7A1,tesseract.js,7.0.0,416,5CD13AB768F472CE5724CC4BFBA014A38A6696EA1EE936F4FB6E5939FC242FC7,TEXT_PAGE,ocr-text,0
CUMCM-2021-E-E014,12,image_sequence,2021年数学建模国赛真题+优秀论文/2021年国赛优秀论文E题-E014/E12.jpg,3BE74490F58F57C954098EDABBF9EB46E3A52F54B213B8C87E1D17002B9E5A8E,tesseract.js,7.0.0,1365,ACF6954D6FF73E96190AAA328C97BB784EF3CF9C24ACC232EA4F7D0ED5E1226D,TEXT_PAGE,ocr-text,0
CUMCM-2021-E-E014,13,image_sequence,2021年数学建模国赛真题+优秀论文/2021年国赛优秀论文E题-E014/E13.jpg,91F2486ED6EB3AEF0915C60B738F854089F6E5A84520BF821A4B7909D67D561F,tesseract.js,7.0.0,1675,6920D3162CC3C468D24B6A75C72168127BAD4E7218148E171454913885A3C588,TEXT_PAGE,ocr-text,0
CUMCM-2021-E-E014,14,image_sequence,2021年数学建模国赛真题+优秀论文/2021年国赛优秀论文E题-E014/E14.jpg,07E7947D2E25197F5D8002259D5427708F1D9FBFB0A8F25DC5D5BF5FABDF1B44,tesseract.js,7.0.0,1057,7DFDA26A6CF8507AE91EC15B4DC8ACE6BC60D8585F6332748636378459A3A403,TEXT_PAGE,ocr-text,0
CUMCM-2021-E-E014,15,image_sequence,2021年数学建模国赛真题+优秀论文/2021年国赛优秀论文E题-E014/E15.jpg,951402929C879BFA82DCB58618C4DC9DB4148F6CE52018DF90484A1390C55659,tesseract.js,7.0.0,1345,80FA69023A61FBAA25B4C7790B9032E7645D993834C60A468B2A866ECFD01DAD,TEXT_PAGE,ocr-text,0
CUMCM-2021-E-E014,16,image_sequence,2021年数学建模国赛真题+优秀论文/2021年国赛优秀论文E题-E014/E16.jpg,D591017D24770847DD6CDFCCFE81F37DC34662D14BDC1BB0B4986BD930D0AD35,tesseract.js,7.0.0,1256,74CBD2459F9E7449B5CF57D7C3152AED18E038551661ADFEB4E4622480A48055,TEXT_PAGE,ocr-text,0
CUMCM-2021-E-E014,17,image_sequence,2021年数学建模国赛真题+优秀论文/2021年国赛优秀论文E题-E014/E17.jpg,8FC5CBD241571162877899E3D5007319C8F0B2CDFD60CD0F86D94C42C6C1852A,tesseract.js,7.0.0,1512,B59F1FC5D07264CC4F95E74C587F563C4A711D9E0663A7571D712B2CC939ACAC,TEXT_PAGE,ocr-text,0
CUMCM-2021-E-E014,18,image_sequence,2021年数学建模国赛真题+优秀论文/2021年国赛优秀论文E题-E014/E18.jpg,C3F3B249D08EA0DCB6AED59F96CB001281F8E93AA2E527C7BEB83EAA6B7F6AF6,tesseract.js,7.0.0,1094,C528C04A499FAD85B857628B06E23073CA28BB1C59157D1C49EBA799430372FC,TEXT_PAGE,ocr-text,0
CUMCM-2021-E-E014,19,image_sequence,2021年数学建模国赛真题+优秀论文/2021年国赛优秀论文E题-E014/E19.jpg,89D888E846D668FD205E3E94A213DC4269185DEE56DABCD94E1194BB0FC88065,tesseract.js,7.0.0,875,D8E02328095F26952758BBE2B6CDD56FBDFC7F5CCCC1675ED3154F1DF91F8CAE,TEXT_PAGE,ocr-text,0
CUMCM-2021-E-E014,20,image_sequence,2021年数学建模国赛真题+优秀论文/2021年国赛优秀论文E题-E014/E20.jpg,D6C4AA4053A5E7CB010FCFB8793D6F7EC700EC61C2F7C86F766E3BDC5B0F286F,tesseract.js,7.0.0,996,B3081545F78F63FB396D8B90B28BB26C6ACB64CF89274E88E43DA9ADEF43C9FB,TEXT_PAGE,ocr-text,0
CUMCM-2021-E-E014,21,image_sequence,2021年数学建模国赛真题+优秀论文/2021年国赛优秀论文E题-E014/E21.jpg,1758676F9B9C3D85BA629511FF058E68F6407D215A5797216D2BBC01175F28E5,tesseract.js,7.0.0,1209,14AC1EC5F826CEE8A006BD625D8355E25A60D463E962B0C21BCDBE416A08D6F6,TEXT_PAGE,ocr-text,0
CUMCM-2021-E-E014,22,image_sequence,2021年数学建模国赛真题+优秀论文/2021年国赛优秀论文E题-E014/E22.jpg,C09A2B317EA9452D1BEDEA07D26CCBC01EB68F0874109F38E8EFE558475A83C3,tesseract.js,7.0.0,925,EC1463AE0D46A2CC5FFF18B5451731E6E03652577FCA509A992DCCB2BFFCCBB2,TEXT_PAGE,ocr-text,0
CUMCM-2021-E-E014,23,image_sequence,2021年数学建模国赛真题+优秀论文/2021年国赛优秀论文E题-E014/E23.jpg,8210AAF0A35014FD6C386E7692CC731DB0421C027C7AFC9BFE3CD5C4A4A106FC,tesseract.js,7.0.0,844,EEAE9B2084F0FA36AA968D489177637E3C123676C98CB9FF6C2677676E1701CB,TEXT_PAGE,ocr-text,0
CUMCM-2021-E-E014,24,image_sequence,2021年数学建模国赛真题+优秀论文/2021年国赛优秀论文E题-E014/E24.jpg,101324AB50C9F1A15D6FC268EB80206A5D9CE002CC53A6A8EB26726720274F5E,tesseract.js,7.0.0,837,F2DFDE4817E74471FE6BB84494608267D63D51733BFF1D2554F3EB62326A7DA1,TEXT_PAGE,ocr-text,0
CUMCM-2021-E-E014,25,image_sequence,2021年数学建模国赛真题+优秀论文/2021年国赛优秀论文E题-E014/E25.jpg,A61635EAB13567C77500AB7D7ED17B9228102CB225007C45A51552137D3B370D,tesseract.js,7.0.0,1038,EC9EF77127EFDE2F6B3A7F1262A57B457CD380631D61CE09CC949E25AFE9AC60,TEXT_PAGE,ocr-text,0
CUMCM-2021-E-E014,26,image_sequence,2021年数学建模国赛真题+优秀论文/2021年国赛优秀论文E题-E014/E26.jpg,5BB769A1F3CAA01A5D69951EA731FB3F2534213CCAB4BBC289339DEE24E16E49,tesseract.js,7.0.0,1485,4502FE4C30294C6713BBFC962D73904B576A2A3EC8D7F2233A736EE239AA0D23,TEXT_PAGE,ocr-text,0
CUMCM-2021-E-E014,27,image_sequence,2021年数学建模国赛真题+优秀论文/2021年国赛优秀论文E题-E014/E27.jpg,D614F8A2C389F8E576B8532211A959E7863CFF208B69575E522DAD8D6240339F,tesseract.js,7.0.0,1088,704E8BAB86304B22ADFD3BA747294F91ECB585C172A263A08F60F9C15F51DBCE,TEXT_PAGE,ocr-text,0
CUMCM-2021-E-E014,28,image_sequence,2021年数学建模国赛真题+优秀论文/2021年国赛优秀论文E题-E014/E28.jpg,0ECC530BAA2C46E1B123C731585802922194E31492FC9DEACCECE076CAD9B6C9,tesseract.js,7.0.0,727,871E812FA6C2657E335655FE5144E233BFE930C93C09859283BEB09EF5CB8081,TEXT_PAGE,ocr-text,0
CUMCM-2021-E-E014,29,image_sequence,2021年数学建模国赛真题+优秀论文/2021年国赛优秀论文E题-E014/E29.jpg,C76E7FF6E4CD3FCB6B9E0211B51145CF36B8C1EF1863BE2A257A97822DF9BD3B,tesseract.js,7.0.0,923,8248743B6BED53C0440048DD67A919985A5B211864B54C707E7A24709634E138,TEXT_PAGE,ocr-text,0
CUMCM-2021-E-E014,30,image_sequence,2021年数学建模国赛真题+优秀论文/2021年国赛优秀论文E题-E014/E30.jpg,CC45BF65DA3F30DE4E9769FBCF6ABDBC264B9E3D1A9891411F8C81B22466E11F,tesseract.js,7.0.0,718,2CA161F8D9F04CE8AAD4F9CCBE4AEDAA147C41E5DC0D9D831B3230C903A3F87D,TEXT_PAGE,ocr-text,0
CUMCM-2021-E-E014,31,image_sequence,2021年数学建模国赛真题+优秀论文/2021年国赛优秀论文E题-E014/E31.jpg,EBA232AABA38199B9C3F0A0E3D8009A3C8604861743843E1F39482FB8D1C2B1E,tesseract.js,7.0.0,889,20299B1CB3B4939B2B2D865B38C1A1432685F1BA881D93A0FC0B7F705F56E1C6,TEXT_PAGE,ocr-text,0
CUMCM-2021-E-E014,32,image_sequence,2021年数学建模国赛真题+优秀论文/2021年国赛优秀论文E题-E014/E32.jpg,D4CCF5445AB3FC6F564FD7CB0E2A6B5DC54FE1BA2C47B70D8B1906F7871B1956,tesseract.js,7.0.0,861,D91D7D4EDA7711DBF034399C40CE4E434568B0245B84C5B873008259D197683F,TEXT_PAGE,ocr-text,0
CUMCM-2021-E-E014,33,image_sequence,2021年数学建模国赛真题+优秀论文/2021年国赛优秀论文E题-E014/E33.jpg,68CD09CD5CAF4524FB2CA16BBC35B3C4A18FBCA5A1D953DB93B9A2D1157F04FE,tesseract.js,7.0.0,962,9AF105B837CBB76BE9B002370EC72E8C82E1499DFAEFDA64E5923FDA1C9FB92E,TEXT_PAGE,ocr-text,0
CUMCM-2021-E-E014,34,image_sequence,2021年数学建模国赛真题+优秀论文/2021年国赛优秀论文E题-E014/E34.jpg,710FB17F10AA86307A4C393C8FF59100AD5148A5881A36F3556B0348131717EC,tesseract.js,7.0.0,953,7F7447DC8C212FB5EDC9E2352C600818DDA81104EA042DB949A9683D289FBFE7,TEXT_PAGE,ocr-text,0
CUMCM-2021-E-E014,35,image_sequence,2021年数学建模国赛真题+优秀论文/2021年国赛优秀论文E题-E014/E35.jpg,74AA1A2576E6D0456E7728689BA5397CAA3D80AF19C62150A85B05F049261D82,tesseract.js,7.0.0,548,4B86DCB9604888A77F79D1E4F48D90B884F7CFD809FB815EC5326FF9A83968FF,TEXT_PAGE,ocr-text,0
CUMCM-2021-E-E014,36,image_sequence,2021年数学建模国赛真题+优秀论文/2021年国赛优秀论文E题-E014/E36.jpg,FD18A2FC5904553828D949A4BF059FD6B3EBDCCFD791F3B5F45A0B251C3F44B4,tesseract.js,7.0.0,1035,D740FB0B4BC8681FA77951AA6445AC70475A842E8A0D65FB0C3A1B4804A2177B,TEXT_PAGE,ocr-text,0
CUMCM-2021-E-E014,37,image_sequence,2021年数学建模国赛真题+优秀论文/2021年国赛优秀论文E题-E014/E37.jpg,6C6F2103BFDE8B8A2840A3FD0A3A438FB8108433F6B00819E89FB1D4FB62FF90,tesseract.js,7.0.0,830,5DBE2938117B9CF45D24B1BD7F60EB976747A65B69F21CE71110CC17384518AA,TEXT_PAGE,ocr-text,0
CUMCM-2021-E-E014,38,image_sequence,2021年数学建模国赛真题+优秀论文/2021年国赛优秀论文E题-E014/E38.jpg,4ADFAED844840E8388192359F06480D38178514E62732D557912D7A2AD21DC5E,tesseract.js,7.0.0,1274,AD5CFECF900CD17F204A3560B4C55E83FC7EBD625B05DE9103F52BCDA48116CA,TEXT_PAGE,ocr-text,0
CUMCM-2021-E-E014,39,image_sequence,2021年数学建模国赛真题+优秀论文/2021年国赛优秀论文E题-E014/E39.jpg,D0D681433DE04EE0474086A61336996F6A232F87E4B723BF5757F8669B0030BA,tesseract.js,7.0.0,1483,817D5ED367FEE933430F4952F645E3DCEF0D7F5F2A3DE266CB0A6D31F70773D1,TEXT_PAGE,ocr-text,0
CUMCM-2021-E-E014,40,image_sequence,2021年数学建模国赛真题+优秀论文/2021年国赛优秀论文E题-E014/E40.jpg,1017AF25EBC6EC8D561313F4B2BFF517A4D5B797064A6FF257F885F5D300D326,tesseract.js,7.0.0,1156,DEB94BB79FCC80B87555B5171FC947936A6A2FE463490F7FBCE0D2DD81BE261A,TEXT_PAGE,ocr-text,0
CUMCM-2021-E-E014,41,image_sequence,2021年数学建模国赛真题+优秀论文/2021年国赛优秀论文E题-E014/E41.jpg,328C36286B36F50D6CB25A158837A6347464A4E06B8F1627AEE42019017C04F2,tesseract.js,7.0.0,1069,23D62AC820994E30376506854F26F5CDF0A43763F798CFE4266A83DEA28CA9D3,TEXT_PAGE,ocr-text,0
CUMCM-2021-E-E014,42,image_sequence,2021年数学建模国赛真题+优秀论文/2021年国赛优秀论文E题-E014/E42.jpg,9DE0DFF3E0C443548558473A6015546628737E2ECF995227D4517697943763B6,tesseract.js,7.0.0,1046,2DAA90F5AD076FF3DC43E2E03268647F3A5F70B1A7F6589A7861ECC9E7E3D71A,TEXT_PAGE,ocr-text,0
CUMCM-2021-E-E014,43,image_sequence,2021年数学建模国赛真题+优秀论文/2021年国赛优秀论文E题-E014/E43.jpg,667B2FA86FE0B394D248EB7C80664A45FD9A337EE6E72E6402314A9A097F1E90,tesseract.js,7.0.0,1049,A7B03CD06DF9D63FCF087FBD979BAB6071DF1146411B00CAEE0A33B636049C18,TEXT_PAGE,ocr-text,0
CUMCM-2021-E-E014,44,image_sequence,2021年数学建模国赛真题+优秀论文/2021年国赛优秀论文E题-E014/E44.jpg,D8E3FB810447944B79344BC2D9262C85A5C93AA51327FC887754E46EF1CC1EEC,tesseract.js,7.0.0,1258,457EF4B40AAA653D7DB73D63152079372FF6460A8A45A7B56F6E941F8509BC87,TEXT_PAGE,ocr-text,0
CUMCM-2021-E-E014,45,image_sequence,2021年数学建模国赛真题+优秀论文/2021年国赛优秀论文E题-E014/E45.jpg,9262C8D00C9D9BE3D00C93A632FB19BF04706265E7D425237668E048C791471A,tesseract.js,7.0.0,1036,B1C4C259CCED344A3DF3A5389FCA4F4C5660C9C01D8B57510BE0DA407C5BB9D7,TEXT_PAGE,ocr-text,0
CUMCM-2021-E-E014,46,image_sequence,2021年数学建模国赛真题+优秀论文/2021年国赛优秀论文E题-E014/E46.jpg,2342EA83E2D7791ECDE6666B5F026D73B107192D542573E3BE8C980A34C13E25,tesseract.js,7.0.0,965,911989BA93326FD336ADD7CA690A4F11196316EE1CD1D01EF4B2C48B6BAF0416,TEXT_PAGE,ocr-text,0
CUMCM-2021-E-E014,47,image_sequence,2021年数学建模国赛真题+优秀论文/2021年国赛优秀论文E题-E014/E47.jpg,686DE79BEF5E1A8D1BEB2763AF08DBAE0D5DFDA09EDBA11E3E1A3D82B34CE4B2,tesseract.js,7.0.0,1161,4255D957A81A814C7381A1D7AF3148983F34FF7C7B5AE48E655D2BBD98DA0636,TEXT_PAGE,ocr-text,0
CUMCM-2021-E-E014,48,image_sequence,2021年数学建模国赛真题+优秀论文/2021年国赛优秀论文E题-E014/E48.jpg,35528F58FDD3B1A67C73E8C9D6989768B49884EBB1FC6675DABF350DCB183B2C,tesseract.js,7.0.0,1500,AE5FF5BCCAC7161BDF6294C78F21883B3450D6B8B23DC5FB1259AD8D673F5278,TEXT_PAGE,ocr-text,0
CUMCM-2021-E-E014,49,image_sequence,2021年数学建模国赛真题+优秀论文/2021年国赛优秀论文E题-E014/E49.jpg,DFDD8A6ABC3538F9CE24E4F778CFA5CF177868938015565F572582343445861B,tesseract.js,7.0.0,1303,C9AFBD67ECFBDF7282FAFED80F35C94DEA99A31A40781A07D23B1881198BD12D,TEXT_PAGE,ocr-text,0
CUMCM-2021-E-E014,50,image_sequence,2021年数学建模国赛真题+优秀论文/2021年国赛优秀论文E题-E014/E50.jpg,BECE2EFBEF3F15EFD676317EF127299F15C09EA97479AE1E07EF22B06CA1EAD4,tesseract.js,7.0.0,1146,6EEDF1593091D705ABC9C6A5589A755EC1D4F1B0FACD41C700E5CD21E5270E67,TEXT_PAGE,ocr-text,0
CUMCM-2021-E-E014,51,image_sequence,2021年数学建模国赛真题+优秀论文/2021年国赛优秀论文E题-E014/E51.jpg,55D6A47A784D1233609E135F9A4B9F23329A95947F775FF08E9281786D317940,tesseract.js,7.0.0,758,E54336F321E890165224928CF9569DCAD122F57BDD57B9E073FFD661763DE246,TEXT_PAGE,ocr-text,0
CUMCM-2021-D-D034,1,image_sequence,2021年数学建模国赛真题+优秀论文/2021年国赛优秀论文D题-D034/D1.jpg,E4B7ADA72E78AED02A11012DF408685A1658D47BDC9B4623A7BC239EAC20EBA0,tesseract.js,7.0.0,1440,D25D5BFAD2FC11EE7FD5A64DD469CBE5E35F0F406FB394510585608F22DBC284,TEXT_PAGE,ocr-text,0
CUMCM-2021-D-D034,2,image_sequence,2021年数学建模国赛真题+优秀论文/2021年国赛优秀论文D题-D034/D2.jpg,2803F170E7CEA30BE26F334B69846537659E4C6E0A762D62380FCE56A223044E,tesseract.js,7.0.0,2034,DD2359E7A51834C29DBD82CF9CF68DF8CE7C7E1950DC3DEA00839BCE33C09E15,TEXT_PAGE,ocr-text,0
CUMCM-2021-D-D034,3,image_sequence,2021年数学建模国赛真题+优秀论文/2021年国赛优秀论文D题-D034/D3.jpg,AB9F2532E63ABA8CC1215DB5E6E5A78B2DD1A29FB4FD499A5E0748297708FE18,tesseract.js,7.0.0,2917,383FDAEB2E597C0B770E2774FE2E560F231E2FAB7573041CC68AA28421C6100A,TEXT_PAGE,ocr-text,0
CUMCM-2021-D-D034,4,image_sequence,2021年数学建模国赛真题+优秀论文/2021年国赛优秀论文D题-D034/D4.jpg,92C6EDE6522F236EA1441E17D5C7872D751ED337C5D7B401D025EAB196B70F83,tesseract.js,7.0.0,356,4428A511A99F9F7A1B2D3CA7EB75DF0281AA4B9157C1D9F4D71AD10BFE4E21DA,TEXT_PAGE,ocr-text,0
CUMCM-2021-D-D034,5,image_sequence,2021年数学建模国赛真题+优秀论文/2021年国赛优秀论文D题-D034/D5.jpg,5B6E3453607C3FB7F8F82BE0C8D7C3EA305661A52DC9753A4DAAC1DA7F5B3028,tesseract.js,7.0.0,1020,EF5546B141DB21A340FADC3AA51AE153903523DD9ACCCFC9814ADC368B6800E5,TEXT_PAGE,ocr-text,0
CUMCM-2021-D-D034,6,image_sequence,2021年数学建模国赛真题+优秀论文/2021年国赛优秀论文D题-D034/D6.jpg,1064C33D8ED624A03E1CCEED4C04BBDF6F547C33BCFE24A4E80285BB9C9A6A6E,tesseract.js,7.0.0,438,8D5DE51837AB7DCF6516D992B62047645AC4B1370F2AB627C46643FE0B072877,TEXT_PAGE,ocr-text,0
CUMCM-2021-D-D034,7,image_sequence,2021年数学建模国赛真题+优秀论文/2021年国赛优秀论文D题-D034/D7.jpg,871037DB54C3B57795A2D62E9EEC7F7C8622C4010E1E2D664114D493D9E17A78,tesseract.js,7.0.0,1502,A3708AB417BA0A6F6EE9A1658F1D9DB122299DED01245298D49FAC2ADCD303E5,TEXT_PAGE,ocr-text,0
CUMCM-2021-D-D034,8,image_sequence,2021年数学建模国赛真题+优秀论文/2021年国赛优秀论文D题-D034/D8.jpg,D2DBF0A45FAD082282076D44BD64F6F7261634B466330E9E6A54993D539BCA16,tesseract.js,7.0.0,1457,5D5065D52D64BD294EE4C7313C546CFB4555F98E30EA1582E64733674E27089D,TEXT_PAGE,ocr-text,0
CUMCM-2021-D-D034,9,image_sequence,2021年数学建模国赛真题+优秀论文/2021年国赛优秀论文D题-D034/D9.jpg,D03788F11E2F50FF241103AD2BCAF5B99489BA3065CB1247EE041A0AEB6A5426,tesseract.js,7.0.0,1648,E351E1F20C0E41B8E2F039E418897152A625D123B35A16316FE174B15B1F30E7,TEXT_PAGE,ocr-text,0
CUMCM-2021-D-D034,10,image_sequence,2021年数学建模国赛真题+优秀论文/2021年国赛优秀论文D题-D034/D10.jpg,2C6C7377653C7BFFBB0890749744E01453A881DFEA3E30F730A1BA9A433063BC,tesseract.js,7.0.0,1289,1F5042B7E828BC0857312BA742922222BEA74A9B30034A9C1726AEAAA9E99C61,TEXT_PAGE,ocr-text,0
CUMCM-2021-D-D034,11,image_sequence,2021年数学建模国赛真题+优秀论文/2021年国赛优秀论文D题-D034/D11.jpg,DD0D34761B179EE7CD0B9236A4D1924CA8DA1D33DA08B2F94B66D4EC47CC6A7C,tesseract.js,7.0.0,313,606E9560BB8801B5C0DC1A5D85D28017E44F2C7321D213ECD98BF2E0361988C2,TEXT_PAGE,ocr-text,0
CUMCM-2021-D-D034,12,image_sequence,2021年数学建模国赛真题+优秀论文/2021年国赛优秀论文D题-D034/D12.jpg,AF5CF410BFEA7C8EAEA64AC371797219A88CF35089EFA5D682E9802C9D11E65A,tesseract.js,7.0.0,2034,5E01FE9CBE9AD12924C79B626523323DCCC5197FA3A64D6D45BBB7DD27651541,TEXT_PAGE,ocr-text,0
CUMCM-2021-D-D034,13,image_sequence,2021年数学建模国赛真题+优秀论文/2021年国赛优秀论文D题-D034/D13.jpg,4AB304D27CDDFF0EA551DEDF4C249C6EF15D82B2480D76A9CE99529AE9BF48D3,tesseract.js,7.0.0,1660,F2BE3E06086127C8C55249C3613F3127594C15859AB033DE878A8DF702F341E4,TEXT_PAGE,ocr-text,0
CUMCM-2021-D-D034,14,image_sequence,2021年数学建模国赛真题+优秀论文/2021年国赛优秀论文D题-D034/D14.jpg,236A4033A0FF3CED06F3A573ADC94F96E6C9337920117376F42FABFC8735D4E2,tesseract.js,7.0.0,89,DB780A77FB3CB3C62FC0C1212D36F447743F6995F46D528D992D971C9C319561,TEXT_PAGE,ocr-text,0
CUMCM-2021-D-D034,15,image_sequence,2021年数学建模国赛真题+优秀论文/2021年国赛优秀论文D题-D034/D15.jpg,0A9613F3934AFA0A0AA4E87FED570E83E36F2883075B0D2F332D9A9AB07CF13B,tesseract.js,7.0.0,351,578C49EA1A624F0282D0AC0F45B27FAECCE684659CD943FEC2D01B3A179D776F,TEXT_PAGE,ocr-text,0
CUMCM-2021-D-D034,16,image_sequence,2021年数学建模国赛真题+优秀论文/2021年国赛优秀论文D题-D034/D16.jpg,93405C2A78FBAEBD8CDCA09B3494A1D5B27D2DCA60BD75D66A38F6F54369B93C,tesseract.js,7.0.0,488,87DA10B8E55EDE822B30164802B2629FB71BB5CBCF8B18DFF8591D33A0620657,TEXT_PAGE,ocr-text,0
CUMCM-2021-D-D034,17,image_sequence,2021年数学建模国赛真题+优秀论文/2021年国赛优秀论文D题-D034/D17.jpg,7E747B10470EFAD28F5209490AA50EC203616091A8A792CFBABEFAF0D97A4E6A,tesseract.js,7.0.0,203,AD5880A0E2D314A74B1473F7F842C9598AF0074F16D439371AE7586DBBCD27A4,TEXT_PAGE,ocr-text,0
CUMCM-2021-D-D034,18,image_sequence,2021年数学建模国赛真题+优秀论文/2021年国赛优秀论文D题-D034/D18.jpg,E6098DCA742C15282A94A532F4D0B560F1B37555218DCFFF06EA88321B03EC32,tesseract.js,7.0.0,368,0B8DA7C689FF4D82B491EC7D43307B827BB0B4612CF95DEF256FCF9E42DD6605,TEXT_PAGE,ocr-text,0
CUMCM-2021-D-D034,19,image_sequence,2021年数学建模国赛真题+优秀论文/2021年国赛优秀论文D题-D034/D19.jpg,C2635C5D537A566928D9AC4C6CED673657451B8A578FD41E9C067750B6B31663,tesseract.js,7.0.0,945,76BF5B01A2151E28EEFFF4AFFC3977D1829FD22DC5AA105D9D0F8143194D03E4,TEXT_PAGE,ocr-text,0
CUMCM-2021-D-D034,20,image_sequence,2021年数学建模国赛真题+优秀论文/2021年国赛优秀论文D题-D034/D20.jpg,00CE82386BF3040A3F7231CA7A606999B295956C5CCFD86CEFCDE73DDF295FCB,tesseract.js,7.0.0,1325,563B04E42B70855065B22EBF38879BAD51E06B80B55FF65367C6CBE4BDCED95C,TEXT_PAGE,ocr-text,0
CUMCM-2021-D-D034,21,image_sequence,2021年数学建模国赛真题+优秀论文/2021年国赛优秀论文D题-D034/D21.jpg,B465296A49970C3EEEDDD1F3E8133F29700C3F2613C13F26DF4CE609D39C9272,tesseract.js,7.0.0,1025,191FDBB3328EDACA98EF502949900E399D6E00F700A95FC1FC8A0B733CADF17E,TEXT_PAGE,ocr-text,0
CUMCM-2021-D-D034,22,image_sequence,2021年数学建模国赛真题+优秀论文/2021年国赛优秀论文D题-D034/D22.jpg,3BE1DAEDB2F00ADB5E0A207FD8D9B4FAB55751939CA9DBAF4A6B749DA3FB9650,tesseract.js,7.0.0,1240,A3DEB44543D88248D9EC32AD0FB2E4FBEEFB3020466E7F88AB39C09C17C0D932,TEXT_PAGE,ocr-text,0
CUMCM-2021-D-D034,23,image_sequence,2021年数学建模国赛真题+优秀论文/2021年国赛优秀论文D题-D034/D23.jpg,1F9FD6E6CD4F76A98CCFF32AF9E8D8E045BEBE9D1980F1D028A8D94A44233F9F,tesseract.js,7.0.0,995,0C366B31F828B36D18392CDF97F61F676EC8CA194CCBD8EA66266802986309A4,TEXT_PAGE,ocr-text,0
CUMCM-2021-D-D034,24,image_sequence,2021年数学建模国赛真题+优秀论文/2021年国赛优秀论文D题-D034/D24.jpg,4D667D20746371E83AF5160C63E317A272F941A55B3D28C800A01AE26F464D80,tesseract.js,7.0.0,1202,8296254B2BF05D61AF2D75BE094A6452BBE90EECA9A1620AA3D3D61BA8604868,TEXT_PAGE,ocr-text,0
CUMCM-2021-D-D034,25,image_sequence,2021年数学建模国赛真题+优秀论文/2021年国赛优秀论文D题-D034/D25.jpg,8D1A6C593BEC7F687FE2D8CC8F832F793449B0796C38AECA741B29BACEB65676,tesseract.js,7.0.0,1227,C2509291E5BC0E89BA35A8373D922626834C9EA8018234CFA47B6F1BA0D02B17,TEXT_PAGE,ocr-text,0
CUMCM-2021-D-D034,26,image_sequence,2021年数学建模国赛真题+优秀论文/2021年国赛优秀论文D题-D034/D26.jpg,C6C15AD1CA0A95AF1328971D14CAA02D7F631D812ED0EFBF53A52E20833FD0A7,tesseract.js,7.0.0,1168,7C0C1C654EDA97BE2C649C18568729673B875AA71CD1168E694DC2A277ADCEA2,TEXT_PAGE,ocr-text,0
CUMCM-2021-D-D034,27,image_sequence,2021年数学建模国赛真题+优秀论文/2021年国赛优秀论文D题-D034/D27.jpg,855619951680911772969F1E01A48A8F0E5ED55241D15BECD43356B88FCDF71B,tesseract.js,7.0.0,852,D0BCF803A4E2949CE807A40EE20E48D645B33E04B3CE8D7544C2976D841CED06,TEXT_PAGE,ocr-text,0
CUMCM-2021-D-D034,28,image_sequence,2021年数学建模国赛真题+优秀论文/2021年国赛优秀论文D题-D034/D28.jpg,B89477188F3F3EF8F0187678A50231DE55CBC4A6E5B4297176C4AE509B975EF5,tesseract.js,7.0.0,1230,927DFE50773F1E18CDF918D26A88B794B1A32C6678229DAA785853EF6A9AE13A,TEXT_PAGE,ocr-text,0
CUMCM-2021-D-D034,29,image_sequence,2021年数学建模国赛真题+优秀论文/2021年国赛优秀论文D题-D034/D29.jpg,E425394148C2E48F8DF335317ECAA2745CAAE62B2B14D0CFDC7414B34175FA3C,tesseract.js,7.0.0,1259,995ECC2E8470413DC3A413413644AFAFCE8DA1DE555C217D43B2970AAC69B91B,TEXT_PAGE,ocr-text,0
CUMCM-2021-D-D034,30,image_sequence,2021年数学建模国赛真题+优秀论文/2021年国赛优秀论文D题-D034/D30.jpg,D24B84313F0D30DB2489C5031E5A5F8005A9A230A8981A4A969795D8F88410DF,tesseract.js,7.0.0,967,58C129A84B2CFD30991BE93C70B02B0D190DAD38B83FF4376F2D38B7CE1DF089,TEXT_PAGE,ocr-text,0
CUMCM-2021-D-D026,1,image_sequence,2021年数学建模国赛真题+优秀论文/2021年国赛优秀论文D题-D026/D1.jpg,BFD4A4CE494B06AF94DC8A19AC4FA2F58008238292B37643045C05CDD01D4BD8,tesseract.js,7.0.0,2020,1089193980BB80814C1133EE93AC506073363723DF4F4204907A97F9A3137B57,TEXT_PAGE,ocr-text,0
CUMCM-2021-D-D026,2,image_sequence,2021年数学建模国赛真题+优秀论文/2021年国赛优秀论文D题-D026/D2.jpg,524F1C507252EA96540812515BF48B0CF6B6F7A03C30BBA4EF09F888065A175A,tesseract.js,7.0.0,1767,4A81B1122EB09E50ABD637277FB071446300E38F16C979CE642E172710B09458,TEXT_PAGE,ocr-text,0
CUMCM-2021-D-D026,3,image_sequence,2021年数学建模国赛真题+优秀论文/2021年国赛优秀论文D题-D026/D3.jpg,06D53976C0F115324304F571049A61915FD53DE29C4328D81368327CE4A359E7,tesseract.js,7.0.0,2187,5FF38A6FAA734BD2C2C7DDF2C5E23EE3432C722D613FEC90177A569178E163FF,TEXT_PAGE,ocr-text,0
CUMCM-2021-D-D026,4,image_sequence,2021年数学建模国赛真题+优秀论文/2021年国赛优秀论文D题-D026/D4.jpg,EA3F0A9903E53546C67B5384F008A1E6710F0D3F20626E580A73A903701BC283,tesseract.js,7.0.0,1336,3D42BFCE1F348636084B4ED814C9FB4E4F57600E97207580215B95B1C61A41C5,TEXT_PAGE,ocr-text,0
CUMCM-2021-D-D026,5,image_sequence,2021年数学建模国赛真题+优秀论文/2021年国赛优秀论文D题-D026/D5.jpg,A02DDED899DF69814F793528B536C0F1141454DD2B06D44141E026CD3E95F966,tesseract.js,7.0.0,933,8E7C46666BE5D8BECCE3187DF7FCE3CE81B0F61B43BF59816302151AD41575CF,TEXT_PAGE,ocr-text,0
CUMCM-2021-D-D026,6,image_sequence,2021年数学建模国赛真题+优秀论文/2021年国赛优秀论文D题-D026/D6.jpg,AA5D5103526D967CC31693122D98AD0F1C276971C61A163384F333635DACC05B,tesseract.js,7.0.0,1523,73E262479C5649391A63C8569F1239071DD2386EE59ABDE0C3C0BA051B038770,TEXT_PAGE,ocr-text,0
CUMCM-2021-D-D026,7,image_sequence,2021年数学建模国赛真题+优秀论文/2021年国赛优秀论文D题-D026/D7.jpg,FD13C7EDAC2F31453EC699D99A480580B50A3CDCA8A1C233EE03E02B123444B1,tesseract.js,7.0.0,1025,3C01E07FFF1EDDA5888E697BD9630575858C808BAF62A8D38D2BD07DD4593827,TEXT_PAGE,ocr-text,0
CUMCM-2021-D-D026,8,image_sequence,2021年数学建模国赛真题+优秀论文/2021年国赛优秀论文D题-D026/D8.jpg,8D513946BFD3ECC57C584485D47802CBBDBFE7622DB380794E7ABA3B40BC3D64,tesseract.js,7.0.0,1350,2E8D6EA9E080CDF60A69302D762148D98CEED3020A0C99B3971A2F72C498A84B,TEXT_PAGE,ocr-text,0
CUMCM-2021-D-D026,9,image_sequence,2021年数学建模国赛真题+优秀论文/2021年国赛优秀论文D题-D026/D9.jpg,34479F9D8637C1288CEC11E4D969C27B7A83616A51B58A3822C01B39933F0F36,tesseract.js,7.0.0,1337,43CE86280330B243FBDCD74A847C81488EB49BB0E1890F8447537353D53C2220,TEXT_PAGE,ocr-text,0
CUMCM-2021-D-D026,10,image_sequence,2021年数学建模国赛真题+优秀论文/2021年国赛优秀论文D题-D026/D10.jpg,151DF05DB7E3133C6F8CA63BFE62565EE33376EBDE904BBB6D1CD1AEE60A38CA,tesseract.js,7.0.0,1562,C5D8AE7A3D0FC056EF9DCFF93554213EB902E80C5053B6ADCC8196E4B0345D92,TEXT_PAGE,ocr-text,0
CUMCM-2021-D-D026,11,image_sequence,2021年数学建模国赛真题+优秀论文/2021年国赛优秀论文D题-D026/D11.jpg,DBBBDF576DB84346A1459EC90986A0F59885743D15F177B67919498057675412,tesseract.js,7.0.0,1748,FEAF87B7C971C04C73388F8573DCF6618C21599802995E7F8730893201B030C9,TEXT_PAGE,ocr-text,0
CUMCM-2021-D-D026,12,image_sequence,2021年数学建模国赛真题+优秀论文/2021年国赛优秀论文D题-D026/D12.jpg,C68164414D976984FF61C1A9CC6D3467599527680F6E3201C42E6D7E1C2D2CA4,tesseract.js,7.0.0,1233,640A40BB4550510463785DC7A81EAB1D2B21451B1C48FF6EAE6857D357786600,TEXT_PAGE,ocr-text,0
CUMCM-2021-D-D026,13,image_sequence,2021年数学建模国赛真题+优秀论文/2021年国赛优秀论文D题-D026/D13.jpg,E2321B00053610864E9BD24510F9C82A29A364C5B0BC7775DB1188A0DA152B55,tesseract.js,7.0.0,1443,DA76A5E6093F1F55F4A5786789E5BE4332A215BE5A06F93334D81A794A7336E4,TEXT_PAGE,ocr-text,0
CUMCM-2021-D-D026,14,image_sequence,2021年数学建模国赛真题+优秀论文/2021年国赛优秀论文D题-D026/D14.jpg,EADB3E311349DD70EED306150CB3824FB3613531BEAD40D1D98F0EB8803C7ADB,tesseract.js,7.0.0,2107,4DC96787310EF24B8299C686248863C22A1E973ACBE2033C510030E9511F03BE,TEXT_PAGE,ocr-text,0
CUMCM-2021-D-D026,15,image_sequence,2021年数学建模国赛真题+优秀论文/2021年国赛优秀论文D题-D026/D15.jpg,8601FCBC3F11D0236BC9130750D97220905F2A62E607D28FA79DF8698A1C1440,tesseract.js,7.0.0,580,F7C3C8FB6E23B49FE4CA7DA291DEA01EE64E0689632EC4464583A16BAC1BD81F,TEXT_PAGE,ocr-text,0
CUMCM-2021-D-D026,16,image_sequence,2021年数学建模国赛真题+优秀论文/2021年国赛优秀论文D题-D026/D16.jpg,A95A80C16850D4FB090C5D475B42A1CDAADB514B932573E6275E6763DF04A029,tesseract.js,7.0.0,593,830FD1B37F5C0A832F526EACF768F6A0BEC80D6DBF9CF7D342F7C73BCF5D7A42,TEXT_PAGE,ocr-text,0
CUMCM-2021-D-D026,17,image_sequence,2021年数学建模国赛真题+优秀论文/2021年国赛优秀论文D题-D026/D17.jpg,EB43877C2862A34F7DCC75C7D5655BEB6899A78A0BE8E560631244C42281025F,tesseract.js,7.0.0,1571,81E6E6841966790F5C5F2A16B3E1E38FC1E789F0BD6670768F5FF2850CD87235,TEXT_PAGE,ocr-text,0
CUMCM-2021-D-D026,18,image_sequence,2021年数学建模国赛真题+优秀论文/2021年国赛优秀论文D题-D026/D18.jpg,B3DBB5D3D0E6129F0A8E6248B826FF4607D4D01892DD35D9BB0B796C279C6657,tesseract.js,7.0.0,1789,7F8E548DB31EDB6835067E86A0E4D49513D353374458F5C880453EBA0A7F6F16,TEXT_PAGE,ocr-text,0
CUMCM-2021-D-D026,19,image_sequence,2021年数学建模国赛真题+优秀论文/2021年国赛优秀论文D题-D026/D19.jpg,4527BEFBAAFFC906928D4D5B6B4173EB32AB20E71E4A4002D83208695862ABF8,tesseract.js,7.0.0,1914,FE73B5CB66C5FA1879875152E72F30D3F8097D6085A78E06C8D667B11C4DAC68,TEXT_PAGE,ocr-text,0
CUMCM-2021-D-D026,20,image_sequence,2021年数学建模国赛真题+优秀论文/2021年国赛优秀论文D题-D026/D20.jpg,BD5F206D3747857A46F856886DA4641B939D1E6121C8685A7BBA232DECDD6ED5,tesseract.js,7.0.0,1730,36ABF2FBBF01BBC0C95E9F152D92B2DC38F5D0362DE9EA5C338F1EAB0100A33A,TEXT_PAGE,ocr-text,0
CUMCM-2021-D-D026,21,image_sequence,2021年数学建模国赛真题+优秀论文/2021年国赛优秀论文D题-D026/D21.jpg,3AF88F35598967B7B7A4A7CABFF0CABD78DDF7E18F4F3A0247E0C8B241735720,tesseract.js,7.0.0,1133,C4DC1E31904C6ADF7F0F807482C76E40F93BED57BFABA95038683859A944EA99,TEXT_PAGE,ocr-text,0
CUMCM-2021-D-D026,22,image_sequence,2021年数学建模国赛真题+优秀论文/2021年国赛优秀论文D题-D026/D22.jpg,71EAD3A128D63EAFAB3D969AA88D5F02EF26C87DE505D05D11F3A2B44EEEA6B0,tesseract.js,7.0.0,780,D98155D1B6426292728F9A41EA98133ED6EF8FB8C2648DEB00EF551C6DE51843,TEXT_PAGE,ocr-text,0
CUMCM-2021-D-D026,23,image_sequence,2021年数学建模国赛真题+优秀论文/2021年国赛优秀论文D题-D026/D23.jpg,4AE3859161A43E4F13A1E7BF625D90AE90B3BDD047C59AB0C2E816979160D241,tesseract.js,7.0.0,938,DFC377755F567407792E47F6FE26D026D677BEABEC334E8B3D5BDE0510F71197,TEXT_PAGE,ocr-text,0
CUMCM-2021-D-D026,24,image_sequence,2021年数学建模国赛真题+优秀论文/2021年国赛优秀论文D题-D026/D24.jpg,79C56D1DB47C3595DB201EEB74D5F6728582BBBCF4DEFD075A586A9231CC05C0,tesseract.js,7.0.0,682,0E06B8E88905FC1349055FD6DC5995661B00A2ACFB144285770C655900A0F256,TEXT_PAGE,ocr-text,0
CUMCM-2021-D-D026,25,image_sequence,2021年数学建模国赛真题+优秀论文/2021年国赛优秀论文D题-D026/D25.jpg,5DB5FF458DEDA4BBACE0821635D3118F765FE43BF1876CE1FA11B87E47FA3A15,tesseract.js,7.0.0,809,AD125BE33441F961EC3625C8A0025D9452259364561ED04F358CD30A25A0380D,TEXT_PAGE,ocr-text,0
CUMCM-2021-D-D026,26,image_sequence,2021年数学建模国赛真题+优秀论文/2021年国赛优秀论文D题-D026/D26.jpg,5E5CBA457353BF6B5788F5E66C9810747397EF0B142677088BA912BFCE5F2FE7,tesseract.js,7.0.0,641,C549CD6E1AF5BC73A76533CDA9129EC13E364E8621AF3F6BC9973DC7765F67E7,TEXT_PAGE,ocr-text,0
CUMCM-2021-D-D026,27,image_sequence,2021年数学建模国赛真题+优秀论文/2021年国赛优秀论文D题-D026/D27.jpg,2904DB064FD67CECD488E071748B667B7A386D172A3E4A98EBA88695BDEFF0EE,tesseract.js,7.0.0,784,8984ABB2EB06A4618BA755AC371A2AE87F366C0B38C4ADE20D60CD647664138C,TEXT_PAGE,ocr-text,0
CUMCM-2021-D-D026,28,image_sequence,2021年数学建模国赛真题+优秀论文/2021年国赛优秀论文D题-D026/D28.jpg,4AD4624510842CCE86BE6E533751A2D060EB32E6BCE0BAE16C571504646CBFF4,tesseract.js,7.0.0,744,0F8DF3BA9226C3BAADEBFE2BB2569F7AEEF40558C9DB28AB43BA99A669826877,TEXT_PAGE,ocr-text,0
CUMCM-2021-D-D026,29,image_sequence,2021年数学建模国赛真题+优秀论文/2021年国赛优秀论文D题-D026/D29.jpg,6A9D99871848163C9A8F35272E53B07C51DCB70C81751E4DFE24CD15861BAA08,tesseract.js,7.0.0,797,1DEBF3CE8FD413D1A88DECA30363E5DD3C2167A8B975742AC369C3C42A236820,TEXT_PAGE,ocr-text,0
CUMCM-2021-D-D026,30,image_sequence,2021年数学建模国赛真题+优秀论文/2021年国赛优秀论文D题-D026/D30.jpg,5246AA6D473A9D486CC246C78785D768D17A5C8B450AA8B9045DA4D24F01911F,tesseract.js,7.0.0,771,2EDD8E687D288B9FBBCC33D7D7A22F9852A384FFDF5634ABE254193E9F9AFCC2,TEXT_PAGE,ocr-text,0
CUMCM-2021-D-D026,31,image_sequence,2021年数学建模国赛真题+优秀论文/2021年国赛优秀论文D题-D026/D31.jpg,FF6E8598C3E7B53EA37C1F7290DDD3D6163E7D96EFFEE74C5315946EB7C65863,tesseract.js,7.0.0,685,755DF840868ED41903460D2188182940EE41A400743E280027F077B347E528FD,TEXT_PAGE,ocr-text,0
CUMCM-2021-D-D026,32,image_sequence,2021年数学建模国赛真题+优秀论文/2021年国赛优秀论文D题-D026/D32.jpg,0A47911C5151FE93704695B6E6C989FA910AB5FB540A8CB8E0B46EC6B60991D5,tesseract.js,7.0.0,684,0AC8A2241133D615C36FBC61133E40C59C4B7458F86FDDBBEDD915B6AFD8EDBA,TEXT_PAGE,ocr-text,0
CUMCM-2021-D-D026,33,image_sequence,2021年数学建模国赛真题+优秀论文/2021年国赛优秀论文D题-D026/D33.jpg,209A4EB8C7C0F29B6BFF4298F7665F6AC5E0046FA7545D7E26365C8697E2B88C,tesseract.js,7.0.0,686,B9D80E8AD50FC58714FF5AB86BF9862B4B2F410E3932E7BF8F3B89214BDB923A,TEXT_PAGE,ocr-text,0
CUMCM-2021-D-D026,34,image_sequence,2021年数学建模国赛真题+优秀论文/2021年国赛优秀论文D题-D026/D34.jpg,2EC68988129B2164A24858EEE2CC0CC515FD115CE346B5512084A5262340E70E,tesseract.js,7.0.0,1385,292F48EA29EA3E1EB30B3D3A47BA66805AB0066F3541236C88E7E9AFEAABD63C,TEXT_PAGE,ocr-text,0
CUMCM-2021-D-D026,35,image_sequence,2021年数学建模国赛真题+优秀论文/2021年国赛优秀论文D题-D026/D35.jpg,C436EF1DB2D2C7A0A9191FEE55868B8E5410A61A3BE7E5F2292325321B370064,tesseract.js,7.0.0,1175,439D7970AB4100E926280187BEEB4885A9D81F07BC5D9873048791EC8A1A9035,TEXT_PAGE,ocr-text,0
CUMCM-2021-D-D026,36,image_sequence,2021年数学建模国赛真题+优秀论文/2021年国赛优秀论文D题-D026/D36.jpg,9BB9ED1B1144B3DFA1998258BE45C77A1E403C637742CB286A3D96E8702EEF35,tesseract.js,7.0.0,1048,0252CBAF46BB251697095A2C2C812ED7E093D47A1A8421E90730EFF36D257520,TEXT_PAGE,ocr-text,0
CUMCM-2022-C-C229,1,image_sequence,2022年数学建模国赛真题+优秀论文/2022年国赛优秀论文C题C229/8122397.jpg,91A05808CCE3A469785B84B91F738760A6A40CECE36A099CE98E034F29E2FF1F,tesseract.js,7.0.0,2478,47462174DB5B7422D85E1BB4FAF45E4A3F3B41D362B32DFAB8A38F0A1C4CF607,TEXT_PAGE,ocr-text,0
CUMCM-2022-C-C229,2,image_sequence,2022年数学建模国赛真题+优秀论文/2022年国赛优秀论文C题C229/8122399.jpg,589996526EB80890EDE0AFE59A0D32286752B4AD0E9318853B386EB98ADEED67,tesseract.js,7.0.0,1572,DEA5FA48DC4047CA7270B5E8EA6B6944B0C196DAA48E7FFF11F32800DD128980,TEXT_PAGE,ocr-text,0
CUMCM-2022-C-C229,3,image_sequence,2022年数学建模国赛真题+优秀论文/2022年国赛优秀论文C题C229/8122401.jpg,A3D0B73C077322935AB50C9D6A4D5E64EDC00CA0588B574AF2106BA5C89FFF36,tesseract.js,7.0.0,1239,EC27907266F4039F96A99C4C7C423E1971A733ED8FF253315DB13E4154C05138,TEXT_PAGE,ocr-text,0
CUMCM-2022-C-C229,4,image_sequence,2022年数学建模国赛真题+优秀论文/2022年国赛优秀论文C题C229/8122403.jpg,44460834781126AC811A22F95C330DC3038DDA540F3F0E393D33DD787D1A27EC,tesseract.js,7.0.0,1555,FF8EABDADD9860BE486C50EBDD3826CDBF4E633CEE97645BEBD4025EAE46F2A8,TEXT_PAGE,ocr-text,0
CUMCM-2022-C-C229,5,image_sequence,2022年数学建模国赛真题+优秀论文/2022年国赛优秀论文C题C229/8122405.jpg,53D57FF0B8A9E1BEAA27FFFB6540061D028A126A9601AE278196AA7665901427,tesseract.js,7.0.0,1154,37C052C35F4F89D1613CFFC3BAA7EA70330DFD911D6C2AA1A1CCB6C2E9B54D9F,TEXT_PAGE,ocr-text,0
CUMCM-2022-C-C229,6,image_sequence,2022年数学建模国赛真题+优秀论文/2022年国赛优秀论文C题C229/8122407.jpg,E5C568858038FAEB32502F00D8533C1C278F5FC01A78C1F2D48F09634BE961A4,tesseract.js,7.0.0,1081,9D5B22C73B718E032C79312AA46AE0E41CEE6F21F255119C8D0E7568261060D3,TEXT_PAGE,ocr-text,0
CUMCM-2022-C-C229,7,image_sequence,2022年数学建模国赛真题+优秀论文/2022年国赛优秀论文C题C229/8122409.jpg,91100A778052C18235FE54E54856A57AAA8F85804D506DA4BB33991E07CEB0CF,tesseract.js,7.0.0,506,251B8100BD41B1B88505C851AED99C23FBE7A1F4E2E60F9F7ACF48D584B6CBA2,TEXT_PAGE,ocr-text,0
CUMCM-2022-C-C229,8,image_sequence,2022年数学建模国赛真题+优秀论文/2022年国赛优秀论文C题C229/8122411.jpg,D20DFC57A5720B88274434E7FDC07A5277892F92A02241455E05345CA380E54E,tesseract.js,7.0.0,1011,F0BD51BF79A3666B9B2EDED358AE7F893C7CD6AE2CAFB8BA76C92BB8CB91EEF0,TEXT_PAGE,ocr-text,0
CUMCM-2022-C-C229,9,image_sequence,2022年数学建模国赛真题+优秀论文/2022年国赛优秀论文C题C229/8122413.jpg,3E3FFADB71ED6702ECDF7EDB1D88AEEABB44DB64A70FE1B8771AFEFE145382A9,tesseract.js,7.0.0,375,9C3D1DB33C70F94322A2E2ECBAB2DE699E7968C2102A9ED3C2152D609E697791,TEXT_PAGE,ocr-text,0
CUMCM-2022-C-C229,10,image_sequence,2022年数学建模国赛真题+优秀论文/2022年国赛优秀论文C题C229/8122415.jpg,50C8BC752AA4C35BD0A32AFCBD2A15678DD8418376B50C4EE8690C54A5EFF296,tesseract.js,7.0.0,738,E00D50CA46C11FCAC527D82FCC64160107F8F28BD1DDF2C3A08A79246F5E2B19,TEXT_PAGE,ocr-text,0
CUMCM-2022-C-C229,11,image_sequence,2022年数学建模国赛真题+优秀论文/2022年国赛优秀论文C题C229/8122417.jpg,F382A4F87363FC49A720C9E62CDCA05A18B72CADE94E935D121A61B63A9F02B3,tesseract.js,7.0.0,1129,1C48E60811A32D89B847B660D10E9FFCEF8C6F924C9CDE2B0B72B28C5E02A95A,TEXT_PAGE,ocr-text,0
CUMCM-2022-C-C229,12,image_sequence,2022年数学建模国赛真题+优秀论文/2022年国赛优秀论文C题C229/8122419.jpg,6F93A321596CDD75C0F98D7BE4763979C34FBC11C2B9F867DC07232F161A4ED8,tesseract.js,7.0.0,415,C3B67BEFED9B096A427E23412841EDAEAE703BFEFCA4554151C5D1F0D10A8B15,TEXT_PAGE,ocr-text,0
CUMCM-2022-C-C229,13,image_sequence,2022年数学建模国赛真题+优秀论文/2022年国赛优秀论文C题C229/8122421.jpg,B64B68AD926F2BA2DCAF1E61E57D7E9FFEF095C77081DE1D21EBE72C53D76FB2,tesseract.js,7.0.0,1088,90D9F79843568FFBF2D520EB6934A0C47E99C5C93D607B3316340A19826DF078,TEXT_PAGE,ocr-text,0
CUMCM-2022-C-C229,14,image_sequence,2022年数学建模国赛真题+优秀论文/2022年国赛优秀论文C题C229/8122423.jpg,3AD61A84E1C9451C5A954DEB7A6F93EAC0DC156AE208362141400B0BC407BF6B,tesseract.js,7.0.0,927,9F77EF20BA7D0F909025E0FFAFB9A8043B960C97D9DA48B23DE391CFB4349C25,TEXT_PAGE,ocr-text,0
CUMCM-2022-C-C229,15,image_sequence,2022年数学建模国赛真题+优秀论文/2022年国赛优秀论文C题C229/8122425.jpg,3A51E7F02B993DE9EBAAC35A5BA842A66849B9F3BAFCD581A8112B57915DA10B,tesseract.js,7.0.0,748,BDEDD79950A5860E24363F6570D9D298BA6A2810B69845539AD753CBBB46DF47,TEXT_PAGE,ocr-text,0
CUMCM-2022-C-C229,16,image_sequence,2022年数学建模国赛真题+优秀论文/2022年国赛优秀论文C题C229/8122427.jpg,6BFA8BD605AFD1F6B955CCC8CD3FBD58B566B3B130ABC51CF8630FE13FB79734,tesseract.js,7.0.0,882,DAB7EC1545AD9DBF072BA81F4374D46786F274724C296A1EE46D3DB2B9126AE1,TEXT_PAGE,ocr-text,0
CUMCM-2022-C-C229,17,image_sequence,2022年数学建模国赛真题+优秀论文/2022年国赛优秀论文C题C229/8122429.jpg,6C386E09EBAD0611BC4A8DBD3F2AD5D544932E380D602A500ECF7A4586C858E5,tesseract.js,7.0.0,968,7907A72DBA6CB700291030C635B715ED4F0762C8314C65B021305EE95FE6BF92,TEXT_PAGE,ocr-text,0
CUMCM-2022-C-C229,18,image_sequence,2022年数学建模国赛真题+优秀论文/2022年国赛优秀论文C题C229/8122431.jpg,135DBDF479823E4B62160C55719B599FCA29D89B3A108AA01294792E7C079C10,tesseract.js,7.0.0,1100,EED057C69B8BC093E0CBF582302443B41CDEB798A646C2BDF45498709AB58C35,TEXT_PAGE,ocr-text,0
CUMCM-2022-C-C229,19,image_sequence,2022年数学建模国赛真题+优秀论文/2022年国赛优秀论文C题C229/8122433.jpg,7576CEB1D86D8F0C3377F03F7D22413D6CB2879053C1B08964E63FDC544D0308,tesseract.js,7.0.0,1710,5B78DFA0156FF8B0B58D485758B7CEAA133546C2D12CFE71F30959C5B8DE8BE0,TEXT_PAGE,ocr-text,0
CUMCM-2022-C-C229,20,image_sequence,2022年数学建模国赛真题+优秀论文/2022年国赛优秀论文C题C229/8122435.jpg,443E4B65D1E9A6AA9455A86C513FB39F611E482DC74BF0CA874860DA33DFDFB0,tesseract.js,7.0.0,773,724AEB973CBC0BB7DA169945A83E5AA3353DE310D59FD8294AFA326E60DE4BFE,TEXT_PAGE,ocr-text,0
CUMCM-2022-C-C229,21,image_sequence,2022年数学建模国赛真题+优秀论文/2022年国赛优秀论文C题C229/8122437.jpg,3F168BFC06B47839B454D9D3005A68EEC2B06A6A7DA6F96ADBF295FF2645642A,tesseract.js,7.0.0,831,FE111374A38E9B775B771A239842406D3625533E911D7319D970F3D065611808,TEXT_PAGE,ocr-text,0
CUMCM-2022-C-C229,22,image_sequence,2022年数学建模国赛真题+优秀论文/2022年国赛优秀论文C题C229/8122439.jpg,2F941F32B83A3E477B51E6765069132A69110C7DDFAF6BAFA62426918B3406B9,tesseract.js,7.0.0,915,66F1C6F3CAC57CC2E99088B5A0D77DB8BEBD586A2CB9BA89B86384414854ADAC,TEXT_PAGE,ocr-text,0
CUMCM-2022-C-C229,23,image_sequence,2022年数学建模国赛真题+优秀论文/2022年国赛优秀论文C题C229/8122441.jpg,8AAF300406FD86966EB4522527582E225809CBD94076BF310BD701DD68679A2E,tesseract.js,7.0.0,1395,D74F65E388F83C5701EF9E85B10E94379641CD0C966347D50E026FACF918CC0C,TEXT_PAGE,ocr-text,0
CUMCM-2022-C-C229,24,image_sequence,2022年数学建模国赛真题+优秀论文/2022年国赛优秀论文C题C229/8122443.jpg,C786E790C1DF7B29F2D31590006CC6E682CEFED44A1494860AECEAA4392E1CB4,tesseract.js,7.0.0,1082,00D70AA568F376AC78D77250B2851FF20D4D0E3A36FE24F9F1739BB179835355,TEXT_PAGE,ocr-text,0
CUMCM-2022-C-C229,25,image_sequence,2022年数学建模国赛真题+优秀论文/2022年国赛优秀论文C题C229/8122445.jpg,E089B3C05BFEC1E7EF6C868C274CE8ADB7E638D439DD5B07692E52645573DB79,tesseract.js,7.0.0,1554,399703B2ACDA329DD8ECEE3D33905EDAB8049B5E83F39532A34FD55D6D4E8878,TEXT_PAGE,ocr-text,0
CUMCM-2022-C-C229,26,image_sequence,2022年数学建模国赛真题+优秀论文/2022年国赛优秀论文C题C229/8122447.jpg,0B7F23787710FDBAA5E342C52EF9FEB0D94F2B069B03221497A3920414CCE8F1,tesseract.js,7.0.0,345,004D295131AC5B85914C7BCC74524C75772E4A4E422E0642B159B67E73A5C2A4,TEXT_PAGE,ocr-text,0
CUMCM-2022-E-E014,1,image_sequence,2022年数学建模国赛真题+优秀论文/2022年国赛优秀论文E题E014/8122239.jpg,DFA068914E29070A744E23D89E0A2AF25027025A945BF5B8F9C04756FB00EAA8,tesseract.js,7.0.0,1945,E94A15086262E473CB9C8124824554A6229A6394A8644DEFB707EEB6F9153591,TEXT_PAGE,ocr-text,0
CUMCM-2022-E-E014,2,image_sequence,2022年数学建模国赛真题+优秀论文/2022年国赛优秀论文E题E014/8122241.jpg,A4BD8CD1BC14DFEE4F4AA2DF3AAD0CFBE933AB95C4C1534122DEF52174C5C796,tesseract.js,7.0.0,1211,65998BFE9546582FC5052A31B5B223CD87A0144A8461C1FAE1F19FC2A971CB37,TEXT_PAGE,ocr-text,0
CUMCM-2022-E-E014,3,image_sequence,2022年数学建模国赛真题+优秀论文/2022年国赛优秀论文E题E014/8122243.jpg,3F596BD5D36162638D0CB379101F62AD3E7F0B326138C2A2E33E93CAF2BC0F43,tesseract.js,7.0.0,984,B204626030B2C89D22939C1418949984823A3F9EF841189175D50E39924DA586,TEXT_PAGE,ocr-text,0
CUMCM-2022-E-E014,4,image_sequence,2022年数学建模国赛真题+优秀论文/2022年国赛优秀论文E题E014/8122245.jpg,5A01F9C81158B987745782C4ED6C91DC942EB3FDC2BDFF0D304E3638631973CD,tesseract.js,7.0.0,1118,282677A57B8935C2CE6080D3B0B9B0C4A17698CC808D6DCDCC32F8381BE134CC,TEXT_PAGE,ocr-text,0
CUMCM-2022-E-E014,5,image_sequence,2022年数学建模国赛真题+优秀论文/2022年国赛优秀论文E题E014/8122247.jpg,41E9C8EAF34C0D77344FAF72BA94366430006E2E97EBFFF3C8695B426A4B4B00,tesseract.js,7.0.0,1016,25FC45EE7B59F12AD49AA952390C63B1240AEC2860F37E7444E158E0F30C0195,TEXT_PAGE,ocr-text,0
CUMCM-2022-E-E014,6,image_sequence,2022年数学建模国赛真题+优秀论文/2022年国赛优秀论文E题E014/8122249.jpg,B7BCA3EDBDDD4F71B1A9C3FF6E15762D55BBD17C1ED395FEC30F3027B5919C9C,tesseract.js,7.0.0,424,382AFC6772DB3B3EC8ABE5F373D57F7FD12A4D364573A467019B43F608E9484E,TEXT_PAGE,ocr-text,0
CUMCM-2022-E-E014,7,image_sequence,2022年数学建模国赛真题+优秀论文/2022年国赛优秀论文E题E014/8122251.jpg,97BAA923C732CAD7418DE1ED1F701C9CBE4355973D5DF44C1FDD76AF38F18552,tesseract.js,7.0.0,905,DF07390432B5EDEBD6A0C8FCAC7C94D1118F47B1ABD79D5492B25A7743680077,TEXT_PAGE,ocr-text,0
CUMCM-2022-E-E014,8,image_sequence,2022年数学建模国赛真题+优秀论文/2022年国赛优秀论文E题E014/8122253.jpg,5C4BA7492B026DE7D54B500D4D1766AAC1AF56CD1416A6D2AF2F7594DB1B7D63,tesseract.js,7.0.0,574,62DD3CC684C43F701FD9F297B4B836F5EEBE1E3F52DB95B79103A6BD44DA2A28,TEXT_PAGE,ocr-text,0
CUMCM-2022-E-E014,9,image_sequence,2022年数学建模国赛真题+优秀论文/2022年国赛优秀论文E题E014/8122255.jpg,D18C7DAE63F40F8309A5390A4394D1E802424E055B8123D1A171A7FFDE0DAB01,tesseract.js,7.0.0,396,13BDC2FFD8CCDF29575FAA9734887E0D791CADC8418DF64F2DAB6B50217B1811,TEXT_PAGE,ocr-text,0
CUMCM-2022-E-E014,10,image_sequence,2022年数学建模国赛真题+优秀论文/2022年国赛优秀论文E题E014/8122257.jpg,A4A23A30B3276409B079815EA1DA3BC4A055B8E0038A460547837EF61762A540,tesseract.js,7.0.0,562,9851E7C0FA02F1E09261603E9818D8BE279FF9C20605FED7ECE61FBFA77295E7,TEXT_PAGE,ocr-text,0
CUMCM-2022-E-E014,11,image_sequence,2022年数学建模国赛真题+优秀论文/2022年国赛优秀论文E题E014/8122259.jpg,EFA122B932887B199731ACFF0FDA94534AE9F56F7290687B8DC0DFB50183F383,tesseract.js,7.0.0,927,082D5EFC2D704CE3088C3C21D04B6D5B2453F96B27D958727DD3D2D23612556A,TEXT_PAGE,ocr-text,0
CUMCM-2022-E-E014,12,image_sequence,2022年数学建模国赛真题+优秀论文/2022年国赛优秀论文E题E014/8122261.jpg,F8884EDF27E75E7250F7E9FA86A16D2B4E2CFCE048E8484637BDD710AC2F1184,tesseract.js,7.0.0,1055,E2A2287C74349BB36B6866171F4A3FE2E4D156D7CDA6E2873A42269D0F9BE92C,TEXT_PAGE,ocr-text,0
CUMCM-2022-E-E014,13,image_sequence,2022年数学建模国赛真题+优秀论文/2022年国赛优秀论文E题E014/8122263.jpg,ED8B26ED6FD2FD8F3AFAE663F5E5DA6ED7F090895796F4049F4A169B595C8A9D,tesseract.js,7.0.0,1030,EAFED3AA457CA8318C2D8E2E841DE0DFB2C95F4D5FCE72B81278C60F92B40A04,TEXT_PAGE,ocr-text,0
CUMCM-2022-E-E014,14,image_sequence,2022年数学建模国赛真题+优秀论文/2022年国赛优秀论文E题E014/8122265.jpg,2181280D0BF95342CF553B94FEBACA2294741E83F429D05DDBD8F717049BF9C6,tesseract.js,7.0.0,863,B44D646FF1E79A080EE3612326E6BF80E138E7B694559404D45436A7304F9B76,TEXT_PAGE,ocr-text,0
CUMCM-2022-E-E014,15,image_sequence,2022年数学建模国赛真题+优秀论文/2022年国赛优秀论文E题E014/8122267.jpg,B935B44028FA13B23617E598C0AE21D23F17CD29A3D4E46B0D6F470760090D6A,tesseract.js,7.0.0,1394,63C6E84543DE1A83A90462A8435D0273F9C9E1A6B85DF9D6CE726826A4E3B8DC,TEXT_PAGE,ocr-text,0
CUMCM-2022-E-E014,16,image_sequence,2022年数学建模国赛真题+优秀论文/2022年国赛优秀论文E题E014/8122269.jpg,5FDEB20AC0340216DE50E3CC9610B28C3498AE5BD65B30FBDFA95AA3FD03F214,tesseract.js,7.0.0,1335,0D0928E2F0FEE8FF5CE5F0C0239538A72BA7332C5A31C80A8146473DE4F458F2,TEXT_PAGE,ocr-text,0
CUMCM-2022-E-E014,17,image_sequence,2022年数学建模国赛真题+优秀论文/2022年国赛优秀论文E题E014/8122271.jpg,AE526C0132A3F271DA0357CE9A7FAB263E07D08D6B402250E5296600AB161FFB,tesseract.js,7.0.0,1303,642738105642E33E2EFBADB9997572B3D5BB793FBCA7BD2643CF6B10D9DEB8DE,TEXT_PAGE,ocr-text,0
CUMCM-2022-E-E014,18,image_sequence,2022年数学建模国赛真题+优秀论文/2022年国赛优秀论文E题E014/8122273.jpg,3920C327A6F06A3F5449AE31C4DCB6113375C2714F4B15AC8CD20C2F9F72153B,tesseract.js,7.0.0,999,09F06FF9F8AA01131645826D40F0736BA1DC6D74DAAB98414893A0F8AFE9A812,TEXT_PAGE,ocr-text,0
CUMCM-2022-E-E014,19,image_sequence,2022年数学建模国赛真题+优秀论文/2022年国赛优秀论文E题E014/8122275.jpg,A3B9538BF491D75684FA32CF50C08F1C7DD9A01138127493D3AB0B39CB87E7C0,tesseract.js,7.0.0,1376,167C106A8439F502171514E254986723B4103E39417791C04AA3F8CC1386C1E1,TEXT_PAGE,ocr-text,0
CUMCM-2022-E-E014,20,image_sequence,2022年数学建模国赛真题+优秀论文/2022年国赛优秀论文E题E014/8122277.jpg,BEBB4A6D5831EB54DE46BE5B333B980561401AFA337815BFB277CE307E2D0C62,tesseract.js,7.0.0,1331,63CA1AB729078B1F028BD1E3EC99CDB629F067DEA0B21A067887011FDF5D1523,TEXT_PAGE,ocr-text,0
CUMCM-2022-E-E014,21,image_sequence,2022年数学建模国赛真题+优秀论文/2022年国赛优秀论文E题E014/8122279.jpg,9526F957EB8A86458488CBCB76D65A72C2C623AB9FBB142971F2B903BF8F8613,tesseract.js,7.0.0,790,7E73335AED84F174B746731D0E1E8D6087EC6C3E9B66FE055473DD5375F711D1,TEXT_PAGE,ocr-text,0
CUMCM-2022-E-E014,22,image_sequence,2022年数学建模国赛真题+优秀论文/2022年国赛优秀论文E题E014/8122281.jpg,84A0A6373EA720A3DAC307999663B203DA28D56672EC3DC2FC8D2A156177A80D,tesseract.js,7.0.0,833,64DFC584E297CF837BADAB9B07E24F0236DA39CF9306881C259EC430DC2299BE,TEXT_PAGE,ocr-text,0
CUMCM-2022-E-E014,23,image_sequence,2022年数学建模国赛真题+优秀论文/2022年国赛优秀论文E题E014/8122283.jpg,43C0BA9F1F60409EFD14188531B5AB4D1F1151D4E0BD4AFC3DC35E3F50FE03B2,tesseract.js,7.0.0,703,A3310F62FD1C81ED18B11007541FD3B0FA198F335F6AD4D7C2DDCDD98DA33657,TEXT_PAGE,ocr-text,0
CUMCM-2022-E-E014,24,image_sequence,2022年数学建模国赛真题+优秀论文/2022年国赛优秀论文E题E014/8122285.jpg,92FEFE708922ABF6E3DCB81377453BC38B7CB9DD512800A27C39908097571821,tesseract.js,7.0.0,459,4575BAA5647143CDB57A809E01C6780805DDF70288AD269B81C4ADD29BA6C2B7,TEXT_PAGE,ocr-text,0
CUMCM-2021-E-E025,1,image_sequence,2021年数学建模国赛真题+优秀论文/2021年国赛优秀论文E题-E025/E1.jpg,AA8D7B9FAD876342DB9A929AC349DD1C7C14C9AAB9508C2D655A4A8B95559692,tesseract.js,7.0.0,2096,16525AF701AC39176A83014AC763B78FF74860C0576D2AC78A307D5EE80ED3BE,TEXT_PAGE,ocr-text,0
CUMCM-2021-E-E025,2,image_sequence,2021年数学建模国赛真题+优秀论文/2021年国赛优秀论文E题-E025/E2.jpg,D5BF279229464E902A6B5883F0D8B22CD7C6F84D7FD9302A379283441194F72C,tesseract.js,7.0.0,1894,3353C028601C6B7A3A1463FC2BA9262A0F69A022B0461D45A571DC51E59B386B,TEXT_PAGE,ocr-text,0
CUMCM-2021-E-E025,3,image_sequence,2021年数学建模国赛真题+优秀论文/2021年国赛优秀论文E题-E025/E3.jpg,E88439E2B084A5DF85F30F415437E48DCA133E0FDC19E392C91A41B3932F2598,tesseract.js,7.0.0,1214,AD5D6BB36874F3695A2A29B3AC03AE10F53395304EA940E059912C2973C451BA,TEXT_PAGE,ocr-text,0
CUMCM-2021-E-E025,4,image_sequence,2021年数学建模国赛真题+优秀论文/2021年国赛优秀论文E题-E025/E4.jpg,3E43837FC590A9FC6F60A3C5E13F2C8873E21194AFA806AA0045B939E279C351,tesseract.js,7.0.0,1099,D2BA6A50847481B27C93D356F68F967B31B1ABC62005F6B5AD75AB4DDD471519,TEXT_PAGE,ocr-text,0
CUMCM-2021-E-E025,5,image_sequence,2021年数学建模国赛真题+优秀论文/2021年国赛优秀论文E题-E025/E5.jpg,850BCFD92937CBE8EE86630C3FA15E2AE2B8EB101835750381214A1A8FB54C9C,tesseract.js,7.0.0,1371,9AF7E734FBAA1EFD04234138003BDF266BD76CC92E3ED7F09E43A3D422A6D20A,TEXT_PAGE,ocr-text,0
CUMCM-2021-E-E025,6,image_sequence,2021年数学建模国赛真题+优秀论文/2021年国赛优秀论文E题-E025/E6.jpg,BCB35682ABCA4D1FF5ED0584E6E719BB588A4F74FF6513CCD8A1482F0AE06BDE,tesseract.js,7.0.0,1380,4766ED13C99F9EF83C1462018FCBDB75A7846CFAC1B3F543AD1ACD2C9BACF560,TEXT_PAGE,ocr-text,0
CUMCM-2021-E-E025,7,image_sequence,2021年数学建模国赛真题+优秀论文/2021年国赛优秀论文E题-E025/E7.jpg,BB850AC4137A86AACE0D601C4542ADC9B698475FC64608047DE662202B8623D5,tesseract.js,7.0.0,1333,9D3222613CEB20F8A4116F8EB099C4B76BBDECDF47A52E957886924354E04976,TEXT_PAGE,ocr-text,0
CUMCM-2021-E-E025,8,image_sequence,2021年数学建模国赛真题+优秀论文/2021年国赛优秀论文E题-E025/E8.jpg,9EEB3C988FD87B1CBDA5FD5A41111EF1116094E4915A5D5A18DFB9BA682C692E,tesseract.js,7.0.0,1081,3D48476D10DF0F60A65B3B9482A1A2BBA2FAE62146BCE9DD591BC32D1CD44E73,TEXT_PAGE,ocr-text,0
CUMCM-2021-E-E025,9,image_sequence,2021年数学建模国赛真题+优秀论文/2021年国赛优秀论文E题-E025/E9.jpg,04DD0ADCAA8909DC7930FEB7EBE0CB4861EF3175002385142CE1A8FE176B9F08,tesseract.js,7.0.0,1212,EA18881DFB9966FC56CA290BED8F5B22353D6AD7D58F5BBB16EB3924654CC527,TEXT_PAGE,ocr-text,0
CUMCM-2021-E-E025,10,image_sequence,2021年数学建模国赛真题+优秀论文/2021年国赛优秀论文E题-E025/E10.jpg,D45F191424C3D3DFDB7EE5FAB6E99C9F1877625A02984165C5A63D45DE5C2D61,tesseract.js,7.0.0,623,834368A3029D2F0F318F09066E8DC05E8377A24BD2EDD882EC609202DFC88328,TEXT_PAGE,ocr-text,0
CUMCM-2021-E-E025,11,image_sequence,2021年数学建模国赛真题+优秀论文/2021年国赛优秀论文E题-E025/E11.jpg,1E898DE69EC2E7C610077EFDFEDA760CC208BEBF0DDB2FD314A99376046C18E7,tesseract.js,7.0.0,998,F182E00C1E4F02513DBF68F47403642C5C57ACF3261668667D95550E59A3624E,TEXT_PAGE,ocr-text,0
CUMCM-2021-E-E025,12,image_sequence,2021年数学建模国赛真题+优秀论文/2021年国赛优秀论文E题-E025/E12.jpg,291665BF8249B21A3B7AA39C79914918C0DC9B18EB662915DAEE744CBA7EEAE1,tesseract.js,7.0.0,1301,96AC4E15A6E499EC692B00A2CEB3EFEA51D7F134C83467524F2C4DDC759F2B86,TEXT_PAGE,ocr-text,0
CUMCM-2021-E-E025,13,image_sequence,2021年数学建模国赛真题+优秀论文/2021年国赛优秀论文E题-E025/E13.jpg,3A0297BD0FB0DB583AFACE858D0A36685CED93BDE6C6431214F676744AEEC870,tesseract.js,7.0.0,1314,A697DEEDD73ADBC277DAA72856FA36C447FA21DAB43E8049069B3E4AC65ABE01,TEXT_PAGE,ocr-text,0
CUMCM-2021-E-E025,14,image_sequence,2021年数学建模国赛真题+优秀论文/2021年国赛优秀论文E题-E025/E14.jpg,4B9EB34C8C2E2212F8775AFD57B1A347B25715A3B710BB98ED09A5EF192276BD,tesseract.js,7.0.0,1139,133BBDC85C50B4E5CCF6A123F55FA9C4F27938EA8FEE0993937D552E7CBC92EF,TEXT_PAGE,ocr-text,0
CUMCM-2021-E-E025,15,image_sequence,2021年数学建模国赛真题+优秀论文/2021年国赛优秀论文E题-E025/E15.jpg,01CAD5191662307BB43FEE944AAFF025FDB5E8733A75D9B9F9E1046506EEB30F,tesseract.js,7.0.0,1592,4B2AFDA9CEBB8E56986C504DFE094B54726451B387DECFC9F4742D2E79B3CDD5,TEXT_PAGE,ocr-text,0
CUMCM-2021-E-E025,16,image_sequence,2021年数学建模国赛真题+优秀论文/2021年国赛优秀论文E题-E025/E16.jpg,B31DD72BBC4807677B0CFDE361E3D2355F341313D002F9C870D5B9206E6B1812,tesseract.js,7.0.0,845,70CC1B484C5A506D58382D739E11090A4791EDB2430BD861361554A3B50FA667,TEXT_PAGE,ocr-text,0
CUMCM-2021-E-E025,17,image_sequence,2021年数学建模国赛真题+优秀论文/2021年国赛优秀论文E题-E025/E17.jpg,4DE18434D1089E7BA78490F1F2DBB923782C0D46F7DBE7CFAE1C12BA35943C59,tesseract.js,7.0.0,1262,CC98B676796FFFE2EE336068B4DB0FE098490473B341BFEDDBD5B48905EDBC99,TEXT_PAGE,ocr-text,0
CUMCM-2021-E-E025,18,image_sequence,2021年数学建模国赛真题+优秀论文/2021年国赛优秀论文E题-E025/E18.jpg,FF41F910BDFFD132BE0C97681BB7A60828A5CEF2ED1FE0A1F38CF3E99E29F287,tesseract.js,7.0.0,1488,D30A4A98A96496D3199291B6E03CA25AC29796FA80F621785FEF124771BCDB17,TEXT_PAGE,ocr-text,0
CUMCM-2021-E-E025,19,image_sequence,2021年数学建模国赛真题+优秀论文/2021年国赛优秀论文E题-E025/E19.jpg,429D599F7D5C9A1125558015937207EC9AEEE9FA8FC0AB56A1B7B6A6A7929845,tesseract.js,7.0.0,1467,08C5BAA1BC1809EE322D678B6079525187F11402F3266A97DE09B53109EC5079,TEXT_PAGE,ocr-text,0
CUMCM-2021-E-E025,20,image_sequence,2021年数学建模国赛真题+优秀论文/2021年国赛优秀论文E题-E025/E20.jpg,6980422D8ECDB3099BD363799F6F82559D0F63794035B91B805BEF6617F345FE,tesseract.js,7.0.0,1534,2D76EB18776EC665EF04F3992CE2EA64413D16A4628F810E02775D719BDBC55C,TEXT_PAGE,ocr-text,0
CUMCM-2021-E-E025,21,image_sequence,2021年数学建模国赛真题+优秀论文/2021年国赛优秀论文E题-E025/E21.jpg,5CD72B82FB4C019362715398C4372CB8CAFB07A2FD1A681ECD8B25CA011FC0B0,tesseract.js,7.0.0,732,02E3FFB865C223C7774F4F63701D85F4C4FFC3B46118279555E6D7D66B5E8863,TEXT_PAGE,ocr-text,0
CUMCM-2021-E-E025,22,image_sequence,2021年数学建模国赛真题+优秀论文/2021年国赛优秀论文E题-E025/E22.jpg,A8399427FDDEEDB792450BD173294AEDC493B202A93F9DA47EF774772B97F6E8,tesseract.js,7.0.0,1399,B93F8318E59342CCABDE73A6FFCA76A249BE14F390E6107B36E92FD8D7EF7890,TEXT_PAGE,ocr-text,0
CUMCM-2021-E-E025,23,image_sequence,2021年数学建模国赛真题+优秀论文/2021年国赛优秀论文E题-E025/E23.jpg,B65F6986C0BF53FF451D4BA82728B80839D49DE2EE07F1602DD474C66EC5C17B,tesseract.js,7.0.0,1215,4335188A4129E8EC1FDF5A0620C34E6D9D499EF468A4D5CB98BF3AE1572FD777,TEXT_PAGE,ocr-text,0
CUMCM-2021-E-E025,24,image_sequence,2021年数学建模国赛真题+优秀论文/2021年国赛优秀论文E题-E025/E24.jpg,4A7CAC1E8E5818CB2FCA50746EB3D60158488D65891AAD48CD2C815436330A97,tesseract.js,7.0.0,1558,E73A2B5819652D222944C80057FBCE1C0E47C1C406A46F73FAEA1F8C5F5CCD1A,TEXT_PAGE,ocr-text,0
CUMCM-2021-E-E025,25,image_sequence,2021年数学建模国赛真题+优秀论文/2021年国赛优秀论文E题-E025/E25.jpg,0D9D72C9ACBF55D739B680A4F62EBC99257B68DCF60203223DE98FCD063A5247,tesseract.js,7.0.0,1400,443AD724BBCE82ABBC8B5D8FD87B11202E2A4FDFECF3216B94F3568C235BFC5A,TEXT_PAGE,ocr-text,0
CUMCM-2021-E-E025,26,image_sequence,2021年数学建模国赛真题+优秀论文/2021年国赛优秀论文E题-E025/E26.jpg,5D184CFD8523E25B7B90D7BCF0C9F8D2F6FA0A51A8F60F83C9DD72A80510968B,tesseract.js,7.0.0,2134,40E46C2938247197DEC2CD41BBCBBFBDB41F7B1B8134FDCA957DD888A4D6DF60,TEXT_PAGE,ocr-text,0
CUMCM-2021-E-E025,27,image_sequence,2021年数学建模国赛真题+优秀论文/2021年国赛优秀论文E题-E025/E27.jpg,83D7761AF1537B7EAD17FCBAAE52580C85C715B381179FB48CF6EC113362FFDD,tesseract.js,7.0.0,1503,89C378E069669BB51D9EC27F5010E4C37D93FB63E92410CB12D007BB3778D801,TEXT_PAGE,ocr-text,0
CUMCM-2021-E-E025,28,image_sequence,2021年数学建模国赛真题+优秀论文/2021年国赛优秀论文E题-E025/E28.jpg,F25690F99C3FAEFCCBB9F340799FBA766FC9614AC378D135C706B2E634817654,tesseract.js,7.0.0,1122,60555B694E6235881D1EC04FBFA61C39566704742506DB8B0CD4543EA808D3B2,TEXT_PAGE,ocr-text,0
CUMCM-2021-E-E025,29,image_sequence,2021年数学建模国赛真题+优秀论文/2021年国赛优秀论文E题-E025/E29.jpg,1B1E194C6CBCE15085D59B38686EA00E7262D6179BB0870E937BBCE2A98BD91C,tesseract.js,7.0.0,1307,5171A4C128B0EA15EFFAA56E5BD901D69108324A8F1E01C2E1BE8ED6FF87D90D,TEXT_PAGE,ocr-text,0
CUMCM-2021-E-E025,30,image_sequence,2021年数学建模国赛真题+优秀论文/2021年国赛优秀论文E题-E025/E30.jpg,F1874B9B992AD636971C5FB3F125B0177D61078F2D02398E4B537AFCE71B4E5C,tesseract.js,7.0.0,1770,5A94542DDD201BD729845F2760202F4EECFF78FDCEF21D3FC57EB983CEFA65B8,TEXT_PAGE,ocr-text,0
CUMCM-2021-E-E025,31,image_sequence,2021年数学建模国赛真题+优秀论文/2021年国赛优秀论文E题-E025/E31.jpg,E83B01D5A8FA3E628C5E7B00C88F5D897C8EED88A03D2C13B1FC29CBBC6B3354,tesseract.js,7.0.0,1764,F20F0447B99324D855483B10025BB66A82E75AC7745A6AD0FAEB076BC466B2CB,TEXT_PAGE,ocr-text,0
CUMCM-2021-E-E025,32,image_sequence,2021年数学建模国赛真题+优秀论文/2021年国赛优秀论文E题-E025/E32.jpg,D3F7567AB96370F3FE59163635A75A40BDE651DEFF2AD678D09A88AEFE816D6D,tesseract.js,7.0.0,1747,30EECB8CDD975DC2004A064E274EC9ED828E59EE2415579CA60C4E268278A7DD,TEXT_PAGE,ocr-text,0
CUMCM-2021-E-E025,33,image_sequence,2021年数学建模国赛真题+优秀论文/2021年国赛优秀论文E题-E025/E33.jpg,7BFED776BD4F57A9801742C9FE9C90A0E5FC4B91F130AD7BDF2488D1A6F56FC0,tesseract.js,7.0.0,1595,27E83D0A7F32FEC0F15EC011446AE6D3050A19C121562375343A64D5739390C5,TEXT_PAGE,ocr-text,0
CUMCM-2021-E-E025,34,image_sequence,2021年数学建模国赛真题+优秀论文/2021年国赛优秀论文E题-E025/E34.jpg,EBDA47AED298126BA789C24C472F61F6E4CE6EB5C78AB5392C295534EF359420,tesseract.js,7.0.0,1185,28A44B39FB66B1AB312942AE3A6556EBFA3BBD76A663ED906BF73B21356180DF,TEXT_PAGE,ocr-text,0
CUMCM-2021-E-E025,35,image_sequence,2021年数学建模国赛真题+优秀论文/2021年国赛优秀论文E题-E025/E35.jpg,C8A7D7C0297F4484920A5E862DBC7295D9D3AFEF7D5C922AEEDF90289078B333,tesseract.js,7.0.0,1743,C0BA619095BB02A8D379871594849DEBEC5C9D12569AA3AD4B968ED632581139,TEXT_PAGE,ocr-text,0
CUMCM-2021-E-E025,36,image_sequence,2021年数学建模国赛真题+优秀论文/2021年国赛优秀论文E题-E025/E36.jpg,62BC4B41E9386A72938D919029B1E72DC43CF9AEA1B92E25259F060EB7DEC790,tesseract.js,7.0.0,1570,E70BB86F2D085AB792B467A3E5798F909C632551292CC8C71617FB4482446A83,TEXT_PAGE,ocr-text,0
CUMCM-2021-E-E025,37,image_sequence,2021年数学建模国赛真题+优秀论文/2021年国赛优秀论文E题-E025/E37.jpg,2B5DFA5D1232A6CB1449274D7CEDC0E3775C6371DCD7EE353D848B3262D3C51F,tesseract.js,7.0.0,2103,34EE247D9B495EA02CC74480C02F0156954AC46C73A71C533B54AE80DFEC9409,TEXT_PAGE,ocr-text,0
CUMCM-2021-E-E025,38,image_sequence,2021年数学建模国赛真题+优秀论文/2021年国赛优秀论文E题-E025/E38.jpg,F5444E79D09456790EAA9A8F2BB75072DA13A76FE7F3B98FEB59DD9FAE9CF33D,tesseract.js,7.0.0,2627,4FC0E59C83762275BFED16EC5051B173D08880141EBB60B109947F24C382CD13,TEXT_PAGE,ocr-text,0
CUMCM-2021-E-E025,39,image_sequence,2021年数学建模国赛真题+优秀论文/2021年国赛优秀论文E题-E025/E39.jpg,0781F9866FD108A5F011A5C4F8B86E17BEB8F78AA741376903542D95F97DF01B,tesseract.js,7.0.0,1248,01F93F68F105922AC38676F0A277CF571B65EE0ADE186E020E7D9DB373489750,TEXT_PAGE,ocr-text,0
CUMCM-2021-E-E037,1,image_sequence,2021年数学建模国赛真题+优秀论文/2021年国赛优秀论文E题-E037/E1.jpg,17AFC86E098AD0A88D6C75DC699EC70FD5C5848C68CBDB492F970D3DECBBFE27,tesseract.js,7.0.0,1856,DED8DBFF3699109BB8AE22542E48C3BE6729B75C5B3B64A372C728FB7D181C86,TEXT_PAGE,ocr-text,0
CUMCM-2021-E-E037,2,image_sequence,2021年数学建模国赛真题+优秀论文/2021年国赛优秀论文E题-E037/E2.jpg,F299F8D1153FA9DE2E877C797FD18AD62245EF2D77925BB9E5F03D4A72664751,tesseract.js,7.0.0,977,B907D01A9703002FCF9BC4742665280BDE201884D15F0C7A657E57F407FF4981,TEXT_PAGE,ocr-text,0
CUMCM-2021-E-E037,3,image_sequence,2021年数学建模国赛真题+优秀论文/2021年国赛优秀论文E题-E037/E3.jpg,41DE543E3D53DBC2FECC54B005A28AED47652AD90E3DA810440DC12BAE641DF3,tesseract.js,7.0.0,1076,DB40649D913DE2FCB30003EA9BA4FF08D8925090F073B05C7AEE930391017950,TEXT_PAGE,ocr-text,0
CUMCM-2021-E-E037,4,image_sequence,2021年数学建模国赛真题+优秀论文/2021年国赛优秀论文E题-E037/E4.jpg,0E174B3349FC34F3AB93B369C31713A17BDA029B5272C91E2A295F7074516041,tesseract.js,7.0.0,868,8DF284B45010468F95AB0F31D8FDCE9C1D6B3794BFD2A5D844ACEE71C2D5C534,TEXT_PAGE,ocr-text,0
CUMCM-2021-E-E037,5,image_sequence,2021年数学建模国赛真题+优秀论文/2021年国赛优秀论文E题-E037/E5.jpg,7F47EAB2609CE4A8E03C8C9A10A0217C41E3379A19306AE627C07D239CA19A93,tesseract.js,7.0.0,568,0F2450DF9AAAC10CA94C30ECAB6527C6CC38730C8C838F476F4C1ADF24879963,TEXT_PAGE,ocr-text,0
CUMCM-2021-E-E037,6,image_sequence,2021年数学建模国赛真题+优秀论文/2021年国赛优秀论文E题-E037/E6.jpg,46E3AD41DC6681EF0790EEC9D1B9FB1576A7A8A025171B2360F51602F90D9E55,tesseract.js,7.0.0,934,2157B449A2B64457CB1ECF10C14378B5A6E6CE0400D3B7913FCBE7390CFAF4C0,TEXT_PAGE,ocr-text,0
CUMCM-2021-E-E037,7,image_sequence,2021年数学建模国赛真题+优秀论文/2021年国赛优秀论文E题-E037/E7.jpg,17B22B294F247140E52202584DBDB96AD799A221D2AE26D460E7E1842EBD24D7,tesseract.js,7.0.0,1218,F12E9B9522A49EBF9F1E68051DECA4F046D256E1E24412694E6481FA41882C8A,TEXT_PAGE,ocr-text,0
CUMCM-2021-E-E037,8,image_sequence,2021年数学建模国赛真题+优秀论文/2021年国赛优秀论文E题-E037/E8.jpg,7C183403660BF9290F5F499ACB7E670ADB18054DE41FD9DE5501BC5050D43309,tesseract.js,7.0.0,803,DEF531B1DA0319B882AC4C3B29C98EFB4853FA7427345EF455DC0254ADD63A80,TEXT_PAGE,ocr-text,0
CUMCM-2021-E-E037,9,image_sequence,2021年数学建模国赛真题+优秀论文/2021年国赛优秀论文E题-E037/E9.jpg,6306A7971766A22EDEF171D2CF0C0885FD2E558C0BA936556D448DD7CB5DB76F,tesseract.js,7.0.0,468,623D6948670FAC76735B90CDB92EBE65BF99A980BDB5F385AA649B903E1670E6,TEXT_PAGE,ocr-text,0
CUMCM-2021-E-E037,10,image_sequence,2021年数学建模国赛真题+优秀论文/2021年国赛优秀论文E题-E037/E10.jpg,E20101D5147A8C5298441898ADCA1822E8C47EC2D21F09E0BAD6B22AD9537ACB,tesseract.js,7.0.0,958,413FB12B75A9012A4944F945B8746E6A2A8E8CA631CD5F7C73740C60998910CA,TEXT_PAGE,ocr-text,0
CUMCM-2021-E-E037,11,image_sequence,2021年数学建模国赛真题+优秀论文/2021年国赛优秀论文E题-E037/E11.jpg,B8F09204C6D739E70D95DF5AB8EFA2075B5F1AAD1707D898015FAB743ADE9E2C,tesseract.js,7.0.0,790,F4EFC57D8E6B3D63C54EFEB6BF0B1E4B8A50FD820AF0313D8913EC20498668B0,TEXT_PAGE,ocr-text,0
CUMCM-2021-E-E037,12,image_sequence,2021年数学建模国赛真题+优秀论文/2021年国赛优秀论文E题-E037/E12.jpg,1FECAC97625BD1846D8C4AD3462AAD98B5038AC7ADF3EE731234E0BD4EE8893B,tesseract.js,7.0.0,1805,B554B2AED321DE944B37D2F71DA79E9C96C144ECEC70F4D88782EAAC33ECA536,TEXT_PAGE,ocr-text,0
CUMCM-2021-E-E037,13,image_sequence,2021年数学建模国赛真题+优秀论文/2021年国赛优秀论文E题-E037/E13.jpg,8274F903B0ED1FFFA3334FAED79DA2F48EE9ADCBA5597589BFC812A163D6C3CF,tesseract.js,7.0.0,1002,6EB1257CBA1786AB12E6D9CA5CC94BC68932ECDE654DFAFD5BC6DA1C7D6C0CF9,TEXT_PAGE,ocr-text,0
CUMCM-2021-E-E037,14,image_sequence,2021年数学建模国赛真题+优秀论文/2021年国赛优秀论文E题-E037/E14.jpg,49FF9EAB57B9F67240ABAB383A5CE876679BEB2E410002C6D42A064691FB8837,tesseract.js,7.0.0,296,F5042647FF9D8DD01264B31182B0BEDE3EA557EA1B9EA17B57E1B8B16E6FA6D9,TEXT_PAGE,ocr-text,0
CUMCM-2021-E-E037,15,image_sequence,2021年数学建模国赛真题+优秀论文/2021年国赛优秀论文E题-E037/E15.jpg,030ED5E5EDF2BC0525CBE58BB9BD6A999FBE994B4AD1E255552B2BF4EFA9FBDB,tesseract.js,7.0.0,880,AA067A062EB2715E2A00DB354005AC61899BFBECF0288261D4141CAA1C8B9C88,TEXT_PAGE,ocr-text,0
CUMCM-2021-E-E037,16,image_sequence,2021年数学建模国赛真题+优秀论文/2021年国赛优秀论文E题-E037/E16.jpg,1299B3ADF7AB2B2845FC796CF9E9DEF2DEF1623743B0C3E7FD2A7D6D93FB067D,tesseract.js,7.0.0,818,AC30D03D5F0BAF94AB3D648F956AF3BFC06302528AD17317DAECD4B8066B062B,TEXT_PAGE,ocr-text,0
CUMCM-2021-E-E037,17,image_sequence,2021年数学建模国赛真题+优秀论文/2021年国赛优秀论文E题-E037/E17.jpg,47C55A4623DA69AB27BA026C4B9B2776A2188E8B740005C2D98110795FE38EA8,tesseract.js,7.0.0,615,9F2C51AA6BC1F1C51B3EFB095AD40B44778DBD63B307E8799712410066E2E76F,TEXT_PAGE,ocr-text,0
CUMCM-2021-E-E037,18,image_sequence,2021年数学建模国赛真题+优秀论文/2021年国赛优秀论文E题-E037/E18.jpg,221382886A1110A2852D8F75724806B87D07ED71AAC2EFC733E92E732CB09458,tesseract.js,7.0.0,1201,F9C09882DB3EB2081CC514BEAEC3DAA9BBDBCD79AE8B5499672F66AF5C4D3CF7,TEXT_PAGE,ocr-text,0
CUMCM-2021-E-E037,19,image_sequence,2021年数学建模国赛真题+优秀论文/2021年国赛优秀论文E题-E037/E19.jpg,55C5A46D125C872730DE5B2917E06214F55E3D48C9952C1D1F9E31775BDAD273,tesseract.js,7.0.0,591,2CB9AAFDD1A01247D8F195DDA2A9D2E660828736E5804BB935A42BDEAE221348,TEXT_PAGE,ocr-text,0
CUMCM-2021-E-E037,20,image_sequence,2021年数学建模国赛真题+优秀论文/2021年国赛优秀论文E题-E037/E20.jpg,0657F6E17C6A51E4A87AC975FDBEF4EA88C335D9BCF0F8FCDEFFC25757C5E6E2,tesseract.js,7.0.0,951,4D57117D3C3A55C84EDC632D4BF2B786EEBDB759D26258FD7953EF77839D896B,TEXT_PAGE,ocr-text,0
CUMCM-2021-E-E037,21,image_sequence,2021年数学建模国赛真题+优秀论文/2021年国赛优秀论文E题-E037/E21.jpg,50FBDFD5A5BF82ED8425317A7ADF2B78C3F463E10F5A2C46A60B7290744F8C4D,tesseract.js,7.0.0,671,6B399174BC2657F5DD5F3A2D23E0F193F2AFD027CBE9C912539AF13C849EA413,TEXT_PAGE,ocr-text,0
CUMCM-2021-E-E037,22,image_sequence,2021年数学建模国赛真题+优秀论文/2021年国赛优秀论文E题-E037/E22.jpg,C05A2CD9165E06EB6AAD296CBCF3867380573FA19CAFC68626D992803F17996B,tesseract.js,7.0.0,969,E8226A6C723F1D3EF1A0FC67F0E88BB59247DD14706303ED3174852704428508,TEXT_PAGE,ocr-text,0
CUMCM-2021-E-E037,23,image_sequence,2021年数学建模国赛真题+优秀论文/2021年国赛优秀论文E题-E037/E23.jpg,14679088F474C76C908DABA44E7C7F80F95EA98D4E4E20F49326EACD7A04A501,tesseract.js,7.0.0,1148,13A5A139AFFBFD8107A2C9C0FB78AE8D15268AB1C10EB63DF219944F347962B6,TEXT_PAGE,ocr-text,0
CUMCM-2021-E-E037,24,image_sequence,2021年数学建模国赛真题+优秀论文/2021年国赛优秀论文E题-E037/E24.jpg,2BFD24111AED28AE368177F623C7163D481CB4168AD26D83EF99D2426BE9A1A6,tesseract.js,7.0.0,1148,8CD7B8C84B2244D84CC3D710724B2297C6E0D88C4B09831391C65B22D1390025,TEXT_PAGE,ocr-text,0
CUMCM-2021-E-E037,25,image_sequence,2021年数学建模国赛真题+优秀论文/2021年国赛优秀论文E题-E037/E25.jpg,F91E705833B631A1250F834B4F35A4C7E1A919D6312A1113BA3A057B90DBDC9A,tesseract.js,7.0.0,1231,201FE80237EE37E03090C42B13EF3D9872E2F206B110459025D45DC89E4090F8,TEXT_PAGE,ocr-text,0
CUMCM-2021-E-E037,26,image_sequence,2021年数学建模国赛真题+优秀论文/2021年国赛优秀论文E题-E037/E26.jpg,91148C779357A740E07F9B2ADC88752C83FC66B3FC16927C84472F1B9CEA8019,tesseract.js,7.0.0,1436,29B5212DB939802507E7E4C4C0FFABB3BEF9EFE2FADC76D5AA90D2B0FF314092,TEXT_PAGE,ocr-text,0
CUMCM-2021-E-E037,27,image_sequence,2021年数学建模国赛真题+优秀论文/2021年国赛优秀论文E题-E037/E27.jpg,BAD2D975E86A72F91CCDB56B2F38A0E5BA88B37CAFA59668D0C929B1781D999C,tesseract.js,7.0.0,1862,6C151F1B27030095ACCB09295D90C7744E3C4687A5AE68B9EBE78E4E05F8A788,TEXT_PAGE,ocr-text,0
CUMCM-2021-E-E037,28,image_sequence,2021年数学建模国赛真题+优秀论文/2021年国赛优秀论文E题-E037/E28.jpg,B5E6F37E2F54837E9C3E11380713BC7AFBF3C041855121B2AD395E18AAFDC075,tesseract.js,7.0.0,1146,BDC8C1883A817234C5A575D7ABE7B31CB0525789CE2D16E6D2712AC61EB0ECDF,TEXT_PAGE,ocr-text,0
CUMCM-2021-E-E037,29,image_sequence,2021年数学建模国赛真题+优秀论文/2021年国赛优秀论文E题-E037/E29.jpg,536D06B1C8A695F58B944706EA46BA6B42524D28D2E8D71C2CD6B7E97BFD7777,tesseract.js,7.0.0,1231,CBC2C4E9350633D37DAA8E9613D192B73A750CBA8EF4540A5A18A180F23B9A63,TEXT_PAGE,ocr-text,0
CUMCM-2021-E-E037,30,image_sequence,2021年数学建模国赛真题+优秀论文/2021年国赛优秀论文E题-E037/E30.jpg,C43A0FE4D68286226E50AB12D3707334ED33CE52B807C15A133D3C6B9D6D755C,tesseract.js,7.0.0,1600,289EF791C28DA8474D6FD7B65F6896E0CD066B7E23653D389E618860FA57B5FF,TEXT_PAGE,ocr-text,0
CUMCM-2021-E-E037,31,image_sequence,2021年数学建模国赛真题+优秀论文/2021年国赛优秀论文E题-E037/E31.jpg,38C857B933FF9A131D9CDC2579E281E898A071B5D41C4E093476710FFA54FFB5,tesseract.js,7.0.0,1593,4749FA94FA1A8CE026DDF031AF99632D7D6B94C6479785C241844FA771C682E2,TEXT_PAGE,ocr-text,0
CUMCM-2021-E-E037,32,image_sequence,2021年数学建模国赛真题+优秀论文/2021年国赛优秀论文E题-E037/E32.jpg,A669FD2514FB243418E12268B2890A33308AD57E14F952377B76D247569EFBD8,tesseract.js,7.0.0,1144,F97212F4D982FB25FE6A04DDD1239D1C997486930507436FB14AB56BC2E665EE,TEXT_PAGE,ocr-text,0
CUMCM-2021-E-E037,33,image_sequence,2021年数学建模国赛真题+优秀论文/2021年国赛优秀论文E题-E037/E33.jpg,6632FC95230A0226C6EE1104DA7FC9BADC53830917CBCCB5AECFD040911B030A,tesseract.js,7.0.0,1496,99B2463FFDDF1CFD173084FC90A753A5655760EEAB2125810EC86AC2A6091662,TEXT_PAGE,ocr-text,0
CUMCM-2021-E-E037,34,image_sequence,2021年数学建模国赛真题+优秀论文/2021年国赛优秀论文E题-E037/E34.jpg,9FBF9DA09265EFFE36D2E97333806673E431CA9344AFE2390D0AE1308CCADA1D,tesseract.js,7.0.0,1826,A8687D5B3966870598AB8C0775EDD8D853CF9F981D9E0BFE96A321C8DB144CD2,TEXT_PAGE,ocr-text,0
CUMCM-2021-E-E037,35,image_sequence,2021年数学建模国赛真题+优秀论文/2021年国赛优秀论文E题-E037/E35.jpg,DCD79A2AA219FF50DEA79E492E2B4A03512B2CF8F318C8F6CDFBEF2D49A1D947,tesseract.js,7.0.0,1788,62C0CDC6A8A9E4375FA844691F12FF3377B0BCC3BB0402C3D70AAF969D748E44,TEXT_PAGE,ocr-text,0
CUMCM-2021-E-E037,36,image_sequence,2021年数学建模国赛真题+优秀论文/2021年国赛优秀论文E题-E037/E36.jpg,5F365D6F87EAF9792442D23229D8DDBAB486C3E00E9A2A3F0785073134B6B0F5,tesseract.js,7.0.0,1609,324D35FB03CA428B7BFA099874B9411D8EEF5F6349332116D2E71E9F5AA589CF,TEXT_PAGE,ocr-text,0
CUMCM-2021-E-E037,37,image_sequence,2021年数学建模国赛真题+优秀论文/2021年国赛优秀论文E题-E037/E37.jpg,7919B121FDD74ADA78D492D6835C4C1AD241BDA1CBFA5C105D2F6E0ADA60388E,tesseract.js,7.0.0,329,960E204769DA01A8B4076B2A97C5259B6F7B7C3B2B30773724C1F4ACED73A301,TEXT_PAGE,ocr-text,0
