paper_id,source_image_path,source_image_sha256,logical_page_number,ordering_evidence,duplicate_sha,readable,orientation_status,page_status
CUMCM-2012-C-001,2012年数学建模国赛真题+优秀论文/2012年优秀论文/2012C：脑卒中发病环境因素分析及干预 (1)/逐步回归分析/all.jpg,E8494A347664490B96C25EE69D119AF92049E25EFF19890F2375CEE98FD47F0A,1,frozen membership ordering,0,1,NO_EXIF_ORIENTATION,PASS
CUMCM-2012-C-001,2012年数学建模国赛真题+优秀论文/2012年优秀论文/2012C：脑卒中发病环境因素分析及干预 (1)/逐步回归分析/out6.jpg,A5ECDA559991AFF2AC3290899318850464568213FC91DB4D4A0948FA10741A43,2,numeric filename tokens,0,1,NO_EXIF_ORIENTATION,PASS
CUMCM-2012-C-001,2012年数学建模国赛真题+优秀论文/2012年优秀论文/2012C：脑卒中发病环境因素分析及干预 (1)/逐步回归分析/out67.jpg,A6F8706F5DD6698D07F7977C526DFD61F5C718DFC5C43539376BC8C1D20247B6,3,numeric filename tokens,0,1,NO_EXIF_ORIENTATION,PASS
CUMCM-2012-C-001,2012年数学建模国赛真题+优秀论文/2012年优秀论文/2012C：脑卒中发病环境因素分析及干预 (1)/逐步回归分析/zhubu.jpg,9802DD1A46268F21B99079DE07B1AE98B87CFE75B4B454FF3E6790C198D15C8B,4,frozen membership ordering,0,1,NO_EXIF_ORIENTATION,PASS
CUMCM-2014-B-001,2014年数学建模国赛真题+优秀论文/2014优秀论文/2014B：创意平板折叠桌 (3)/w1-1-1.jpg,D9FFC1EFFC70BFACDBB9B741215EEC0032F75B47858AA84CF8D801CC64204781,1,numeric filename tokens,0,1,NO_EXIF_ORIENTATION,PASS
CUMCM-2014-B-001,2014年数学建模国赛真题+优秀论文/2014优秀论文/2014B：创意平板折叠桌 (3)/w1-1.jpg,5A2B71DC9829B3E0FA2FE135126A30D28A1C90FE71C1E5EDC211FCAFF391E872,2,numeric filename tokens,0,1,NO_EXIF_ORIENTATION,PASS
CUMCM-2014-B-001,2014年数学建模国赛真题+优秀论文/2014优秀论文/2014B：创意平板折叠桌 (3)/w1_2.jpg,A18DB8218086EDCD1790C06676E78AACD72F46AAF2509062E1A30907DBF4BB14,3,numeric filename tokens,0,1,NO_EXIF_ORIENTATION,PASS
CUMCM-2014-B-001,2014年数学建模国赛真题+优秀论文/2014优秀论文/2014B：创意平板折叠桌 (3)/w2.jpg,0C5319D2A42F3C43456CE3BEAC6F3EFEF403801BC2C11DA273DC49B34D25E82A,4,numeric filename tokens,0,1,NO_EXIF_ORIENTATION,PASS
CUMCM-2014-B-001,2014年数学建模国赛真题+优秀论文/2014优秀论文/2014B：创意平板折叠桌 (3)/w3_1.jpg,9DE75648923D274A6893FC76F9E142952D81171FB5ECFE7812DEC1625E7200BA,5,numeric filename tokens,0,1,EXIF_NORMAL,PASS
CUMCM-2014-B-001,2014年数学建模国赛真题+优秀论文/2014优秀论文/2014B：创意平板折叠桌 (3)/w3_2.jpg,C32A0BF31CB82A1227C99CEE23CD862D16B4BFC8FCE3931B7AC936B4CB9998A0,6,numeric filename tokens,0,1,EXIF_NORMAL,PASS
CUMCM-2014-B-001,2014年数学建模国赛真题+优秀论文/2014优秀论文/2014B：创意平板折叠桌 (3)/w3_3.jpg,A1DCDA4DF3E4BDD254D1DABE09E1962744E055B551D41549EB7244AB93E09129,7,numeric filename tokens,0,1,NO_EXIF_ORIENTATION,PASS
CUMCM-2014-B-001,2014年数学建模国赛真题+优秀论文/2014优秀论文/2014B：创意平板折叠桌 (3)/w3_4.jpg,EA71886F74FB6506E5C9A833A9E3CEE9693326BADE862EDF642214D69DFE9402,8,numeric filename tokens,0,1,NO_EXIF_ORIENTATION,PASS
CUMCM-2014-B-B1604,2014年数学建模国赛真题+优秀论文/2014优秀论文/2014B：创意平板折叠桌 (3)/B16046004_程双泽_李君昌_陈凌勤/w1-1-1.jpg,D9FFC1EFFC70BFACDBB9B741215EEC0032F75B47858AA84CF8D801CC64204781,1,numeric filename tokens,0,1,NO_EXIF_ORIENTATION,PASS
CUMCM-2014-B-B1604,2014年数学建模国赛真题+优秀论文/2014优秀论文/2014B：创意平板折叠桌 (3)/B16046004_程双泽_李君昌_陈凌勤/w1-1.jpg,5A2B71DC9829B3E0FA2FE135126A30D28A1C90FE71C1E5EDC211FCAFF391E872,2,numeric filename tokens,0,1,NO_EXIF_ORIENTATION,PASS
CUMCM-2014-B-B1604,2014年数学建模国赛真题+优秀论文/2014优秀论文/2014B：创意平板折叠桌 (3)/B16046004_程双泽_李君昌_陈凌勤/w1_2.jpg,A18DB8218086EDCD1790C06676E78AACD72F46AAF2509062E1A30907DBF4BB14,3,numeric filename tokens,0,1,NO_EXIF_ORIENTATION,PASS
CUMCM-2014-B-B1604,2014年数学建模国赛真题+优秀论文/2014优秀论文/2014B：创意平板折叠桌 (3)/B16046004_程双泽_李君昌_陈凌勤/w2.jpg,0C5319D2A42F3C43456CE3BEAC6F3EFEF403801BC2C11DA273DC49B34D25E82A,4,numeric filename tokens,0,1,NO_EXIF_ORIENTATION,PASS
CUMCM-2014-B-B1604,2014年数学建模国赛真题+优秀论文/2014优秀论文/2014B：创意平板折叠桌 (3)/B16046004_程双泽_李君昌_陈凌勤/w3_1.jpg,9DE75648923D274A6893FC76F9E142952D81171FB5ECFE7812DEC1625E7200BA,5,numeric filename tokens,0,1,EXIF_NORMAL,PASS
CUMCM-2014-B-B1604,2014年数学建模国赛真题+优秀论文/2014优秀论文/2014B：创意平板折叠桌 (3)/B16046004_程双泽_李君昌_陈凌勤/w3_2.jpg,C32A0BF31CB82A1227C99CEE23CD862D16B4BFC8FCE3931B7AC936B4CB9998A0,6,numeric filename tokens,0,1,EXIF_NORMAL,PASS
CUMCM-2014-B-B1604,2014年数学建模国赛真题+优秀论文/2014优秀论文/2014B：创意平板折叠桌 (3)/B16046004_程双泽_李君昌_陈凌勤/w3_3.jpg,A1DCDA4DF3E4BDD254D1DABE09E1962744E055B551D41549EB7244AB93E09129,7,numeric filename tokens,0,1,NO_EXIF_ORIENTATION,PASS
CUMCM-2014-B-B1604,2014年数学建模国赛真题+优秀论文/2014优秀论文/2014B：创意平板折叠桌 (3)/B16046004_程双泽_李君昌_陈凌勤/w3_4.jpg,EA71886F74FB6506E5C9A833A9E3CEE9693326BADE862EDF642214D69DFE9402,8,numeric filename tokens,0,1,NO_EXIF_ORIENTATION,PASS
CUMCM-2021-A-A028,2021年数学建模国赛真题+优秀论文/2021年国赛优秀论文A题-A028/A1.jpg,339F0E41B101537C5DFAE8A0BA9ECAA434948D8791724C671091E4DFAA7C1A27,1,numeric filename tokens,0,1,NO_EXIF_ORIENTATION,PASS
CUMCM-2021-A-A028,2021年数学建模国赛真题+优秀论文/2021年国赛优秀论文A题-A028/A2.jpg,C4C6CAEDD3C549BCB4D83851BE88C80879313FDEDAA37FE583B4F26A5DE52B42,2,numeric filename tokens,0,1,NO_EXIF_ORIENTATION,PASS
CUMCM-2021-A-A028,2021年数学建模国赛真题+优秀论文/2021年国赛优秀论文A题-A028/A3.jpg,6F597769A73E3FDA516D8076DE924F25E449D30E6C3CA2278ACE397AE8ADAF47,3,numeric filename tokens,0,1,NO_EXIF_ORIENTATION,PASS
CUMCM-2021-A-A028,2021年数学建模国赛真题+优秀论文/2021年国赛优秀论文A题-A028/A4.jpg,BD0BEAB7B11FB88644C01C2E0800CD636E0768523F877FB288478E78194FB553,4,numeric filename tokens,0,1,NO_EXIF_ORIENTATION,PASS
CUMCM-2021-A-A028,2021年数学建模国赛真题+优秀论文/2021年国赛优秀论文A题-A028/A5.jpg,C2755D4956E28A98961901828850AFA3E54043BD6A7F81621051873A416DAE8B,5,numeric filename tokens,0,1,NO_EXIF_ORIENTATION,PASS
CUMCM-2021-A-A028,2021年数学建模国赛真题+优秀论文/2021年国赛优秀论文A题-A028/A6.jpg,746B252B8D9841471294732778D4C58C61E11C0E5D58C49264A10D1E18AA946E,6,numeric filename tokens,0,1,NO_EXIF_ORIENTATION,PASS
CUMCM-2021-A-A028,2021年数学建模国赛真题+优秀论文/2021年国赛优秀论文A题-A028/A7.jpg,560B1D72D9798AF6C9A29A99297054C95A1F506862F96998984DB45C4412A47F,7,numeric filename tokens,0,1,NO_EXIF_ORIENTATION,PASS
CUMCM-2021-A-A028,2021年数学建模国赛真题+优秀论文/2021年国赛优秀论文A题-A028/A8.jpg,B9135950079A309C6BD3CE747349658A8AE991750E0A855DE74378704CAFCB4A,8,numeric filename tokens,0,1,NO_EXIF_ORIENTATION,PASS
CUMCM-2021-A-A028,2021年数学建模国赛真题+优秀论文/2021年国赛优秀论文A题-A028/A9.jpg,C9532143075A74F60DACEA42E34E6FD2CB4C192CFDF120F05452DD818CDFB1C9,9,numeric filename tokens,0,1,NO_EXIF_ORIENTATION,PASS
CUMCM-2021-A-A028,2021年数学建模国赛真题+优秀论文/2021年国赛优秀论文A题-A028/A10.jpg,25EF68F8B3D3D3440882516C591D90AAE46C5CD63D7322896CFDD519CF8892FA,10,numeric filename tokens,0,1,NO_EXIF_ORIENTATION,PASS
CUMCM-2021-A-A028,2021年数学建模国赛真题+优秀论文/2021年国赛优秀论文A题-A028/A11.jpg,CD0A02F580E35D264577A7613C0A9862DFDA492E507694BB68F9A69F34B7C5F4,11,numeric filename tokens,0,1,NO_EXIF_ORIENTATION,PASS
CUMCM-2021-A-A028,2021年数学建模国赛真题+优秀论文/2021年国赛优秀论文A题-A028/A12.jpg,922F815BBDE71496F1118C49F3047AD18A6AE68B470CCB385E2A65530A03D9F6,12,numeric filename tokens,0,1,NO_EXIF_ORIENTATION,PASS
CUMCM-2021-A-A028,2021年数学建模国赛真题+优秀论文/2021年国赛优秀论文A题-A028/A13.jpg,84637E7C09A07D8131FE920CFD38BE7601DB3BD3960084738337BC3ABF9785AD,13,numeric filename tokens,0,1,NO_EXIF_ORIENTATION,PASS
CUMCM-2021-A-A028,2021年数学建模国赛真题+优秀论文/2021年国赛优秀论文A题-A028/A14.jpg,6F7A470F6CCDF4C734DDFC7937007A90987F922FFA170B217D1C31A91ACB4178,14,numeric filename tokens,0,1,NO_EXIF_ORIENTATION,PASS
CUMCM-2021-A-A028,2021年数学建模国赛真题+优秀论文/2021年国赛优秀论文A题-A028/A15.jpg,E446CBD250E32D2AA1E61B7C4E2340E44EABA92B29EFE1137789141ECC88C2E8,15,numeric filename tokens,0,1,NO_EXIF_ORIENTATION,PASS
CUMCM-2021-A-A028,2021年数学建模国赛真题+优秀论文/2021年国赛优秀论文A题-A028/A16.jpg,9B5B705E13D454AE259D1539A3769241408D2AD60CDE0C4729C29FA3199D64CF,16,numeric filename tokens,0,1,NO_EXIF_ORIENTATION,PASS
CUMCM-2021-A-A028,2021年数学建模国赛真题+优秀论文/2021年国赛优秀论文A题-A028/A17.jpg,72700B108C3007C5F52370AABF7153FBDCB0CEA07F15E063D1497E081474E68C,17,numeric filename tokens,0,1,NO_EXIF_ORIENTATION,PASS
CUMCM-2021-A-A028,2021年数学建模国赛真题+优秀论文/2021年国赛优秀论文A题-A028/A18.jpg,14DE67E0490BB202D6F7C76B0B828E54026E29287A06250218B7A217FF1E460E,18,numeric filename tokens,0,1,NO_EXIF_ORIENTATION,PASS
CUMCM-2021-A-A028,2021年数学建模国赛真题+优秀论文/2021年国赛优秀论文A题-A028/A19.jpg,FA8A5BA2263B524C9D3A436D643A262B56D2B21D0BD07DC6DF6292CC3E88B1CA,19,numeric filename tokens,0,1,NO_EXIF_ORIENTATION,PASS
CUMCM-2021-A-A028,2021年数学建模国赛真题+优秀论文/2021年国赛优秀论文A题-A028/A20.jpg,AFBDC927FAE8FE0BF58443ABD3B00ED09ADFFC29FEB12C0B240DDDEBA7F2D14D,20,numeric filename tokens,0,1,NO_EXIF_ORIENTATION,PASS
CUMCM-2021-A-A028,2021年数学建模国赛真题+优秀论文/2021年国赛优秀论文A题-A028/A21.jpg,7AFF30123D1550D6A064CCF9C9B1137CB674E729A3A987DFD0CF03F194AC2495,21,numeric filename tokens,0,1,NO_EXIF_ORIENTATION,PASS
CUMCM-2021-A-A028,2021年数学建模国赛真题+优秀论文/2021年国赛优秀论文A题-A028/A22.jpg,BAF441B7A7EA84BDDBF8A6DC1FC2DF3D2A2CC2BC74FECCFF9F81696DF3CAF582,22,numeric filename tokens,0,1,NO_EXIF_ORIENTATION,PASS
CUMCM-2021-A-A028,2021年数学建模国赛真题+优秀论文/2021年国赛优秀论文A题-A028/A23.jpg,BF49125AE5401EB10F008A0ACF34A44660BB6A654CF1C04EF00CE19BF8CE4271,23,numeric filename tokens,0,1,NO_EXIF_ORIENTATION,PASS
CUMCM-2021-A-A028,2021年数学建模国赛真题+优秀论文/2021年国赛优秀论文A题-A028/A24.jpg,9370F58CAFB284645DD6EFBAF48DCD96E1270FCF9D59A5B55A2CAECEECB58427,24,numeric filename tokens,0,1,NO_EXIF_ORIENTATION,PASS
CUMCM-2021-A-A028,2021年数学建模国赛真题+优秀论文/2021年国赛优秀论文A题-A028/A25.jpg,DE55277CFA109C2D243CCBA69CBB741166D7C1F222AF1FE2C3EECFF9362B00A2,25,numeric filename tokens,0,1,NO_EXIF_ORIENTATION,PASS
CUMCM-2021-A-A028,2021年数学建模国赛真题+优秀论文/2021年国赛优秀论文A题-A028/A26.jpg,A4194B389F50BA3D7A22BAE83AA987D27A43D15B9E169F749DA0F17DFE89BB79,26,numeric filename tokens,0,1,NO_EXIF_ORIENTATION,PASS
CUMCM-2021-A-A028,2021年数学建模国赛真题+优秀论文/2021年国赛优秀论文A题-A028/A27.jpg,E188A5A37C3296823987A5FAB99FBB781577672A27CE8A94F3E7B028EA86332F,27,numeric filename tokens,0,1,NO_EXIF_ORIENTATION,PASS
CUMCM-2021-A-A028,2021年数学建模国赛真题+优秀论文/2021年国赛优秀论文A题-A028/A28.jpg,32518F18016C6F9BC7C937316D23A7F2755AEEFE94E3BA763721DAC070308F0B,28,numeric filename tokens,0,1,NO_EXIF_ORIENTATION,PASS
CUMCM-2021-A-A028,2021年数学建模国赛真题+优秀论文/2021年国赛优秀论文A题-A028/A29.jpg,4B504BEF8172E680FD4DEB32ACFE00E758AB406F7B658656E9EC46098AD47798,29,numeric filename tokens,0,1,NO_EXIF_ORIENTATION,PASS
CUMCM-2021-A-A028,2021年数学建模国赛真题+优秀论文/2021年国赛优秀论文A题-A028/A30.jpg,D9099CEF1DE630841F1602E450FB3932E2BC72F103F78C93AE9B73B0A0F8415E,30,numeric filename tokens,0,1,NO_EXIF_ORIENTATION,PASS
CUMCM-2021-A-A028,2021年数学建模国赛真题+优秀论文/2021年国赛优秀论文A题-A028/A31.jpg,380B3C6DCD4CFCAE0D6D82E2EF359BA27B33A37C3009CF401E5375F6B5A1E31F,31,numeric filename tokens,0,1,NO_EXIF_ORIENTATION,PASS
CUMCM-2021-A-A028,2021年数学建模国赛真题+优秀论文/2021年国赛优秀论文A题-A028/A32.jpg,09E3608B47B4CE73978B0103106A40AE3990DEA22916C28D2DB84EF583F2BF3F,32,numeric filename tokens,0,1,NO_EXIF_ORIENTATION,PASS
CUMCM-2021-A-A028,2021年数学建模国赛真题+优秀论文/2021年国赛优秀论文A题-A028/A33.jpg,1555BB3BFC5E1D72E8E26C16BF363BFFB6E1AEEE9D0AFF7CB2055C5E8FA78217,33,numeric filename tokens,0,1,NO_EXIF_ORIENTATION,PASS
CUMCM-2021-A-A028,2021年数学建模国赛真题+优秀论文/2021年国赛优秀论文A题-A028/A34.jpg,4A169EBDA42E60DA60E6B44B91D5577A6A5731BB4358B2B76B841297AF450CA4,34,numeric filename tokens,0,1,NO_EXIF_ORIENTATION,PASS
CUMCM-2021-A-A028,2021年数学建模国赛真题+优秀论文/2021年国赛优秀论文A题-A028/A35.jpg,C88809045A67C460C2D09308A3413BD6A8AEAED04D752D778BCB9D0C581F1906,35,numeric filename tokens,0,1,NO_EXIF_ORIENTATION,PASS
CUMCM-2021-A-A028,2021年数学建模国赛真题+优秀论文/2021年国赛优秀论文A题-A028/A36.jpg,F047896ABCFF1BFD6A6C42F4DCB04EBDBCD9D8ED06899967085556955B71D0DB,36,numeric filename tokens,0,1,NO_EXIF_ORIENTATION,PASS
CUMCM-2021-A-A028,2021年数学建模国赛真题+优秀论文/2021年国赛优秀论文A题-A028/A37.jpg,C035724967D16E9A0B69124F255E92CFBE3F78E9DDCA01BCCB98F614CD1F0E60,37,numeric filename tokens,0,1,NO_EXIF_ORIENTATION,PASS
CUMCM-2021-A-A028,2021年数学建模国赛真题+优秀论文/2021年国赛优秀论文A题-A028/A38.jpg,0E9F5EF78899A2616D354482CF0CB2BFA59C188B00D540DFE6A4C9379E10EF61,38,numeric filename tokens,0,1,NO_EXIF_ORIENTATION,PASS
CUMCM-2021-A-A115,2021年数学建模国赛真题+优秀论文/2021年国赛优秀论文A题-A115/A1.jpg,C4CCFAC9EAC03AD8B833E2E595A23E9F1A7EA0CBBF68A94205035C3A1CCF6B3D,1,numeric filename tokens,0,1,NO_EXIF_ORIENTATION,PASS
CUMCM-2021-A-A115,2021年数学建模国赛真题+优秀论文/2021年国赛优秀论文A题-A115/A2.jpg,897BA436506A536F7E11D4C373E667E7E71FD13BE6F47F28D360F7A2681424A9,2,numeric filename tokens,0,1,NO_EXIF_ORIENTATION,PASS
CUMCM-2021-A-A115,2021年数学建模国赛真题+优秀论文/2021年国赛优秀论文A题-A115/A3.jpg,3D70F887E713167D5F539C9AFE3E2C81031B92EE38312EB4969FDA019CA7B072,3,numeric filename tokens,0,1,NO_EXIF_ORIENTATION,PASS
CUMCM-2021-A-A115,2021年数学建模国赛真题+优秀论文/2021年国赛优秀论文A题-A115/A4.jpg,DBC5EA1220380B0020EABA0446174BC88DC4685F8CFCAD2CF41FF75785B6AC4F,4,numeric filename tokens,0,1,NO_EXIF_ORIENTATION,PASS
CUMCM-2021-A-A115,2021年数学建模国赛真题+优秀论文/2021年国赛优秀论文A题-A115/A5.jpg,CA2E3AEC725AC7BB56E9E8EEAB9595A2B8E5BD7D79A5FD8A77821BAD7E4FBDEC,5,numeric filename tokens,0,1,NO_EXIF_ORIENTATION,PASS
CUMCM-2021-A-A115,2021年数学建模国赛真题+优秀论文/2021年国赛优秀论文A题-A115/A6.jpg,8AA1A16F09B07E5E466B7563797CBDAFEFAAEB623140F38FA0B25F15D8D88CDA,6,numeric filename tokens,0,1,NO_EXIF_ORIENTATION,PASS
CUMCM-2021-A-A115,2021年数学建模国赛真题+优秀论文/2021年国赛优秀论文A题-A115/A7.jpg,1D4179726B7829D87C5EE7FEB51993CB35EB2FB91C5A094CB21EEBA45E401964,7,numeric filename tokens,0,1,NO_EXIF_ORIENTATION,PASS
CUMCM-2021-A-A115,2021年数学建模国赛真题+优秀论文/2021年国赛优秀论文A题-A115/A8.jpg,50BB3AB3B663A8B26340961B5464CCA5CB27D1569E51889CAA6F7C61B4B4959B,8,numeric filename tokens,0,1,NO_EXIF_ORIENTATION,PASS
CUMCM-2021-A-A115,2021年数学建模国赛真题+优秀论文/2021年国赛优秀论文A题-A115/A9.jpg,D746DB1B814616B875E3E30AAAD475B45E02CD1EE2F7938E9FD8540FAEB656F7,9,numeric filename tokens,0,1,NO_EXIF_ORIENTATION,PASS
CUMCM-2021-A-A115,2021年数学建模国赛真题+优秀论文/2021年国赛优秀论文A题-A115/A10.jpg,3508021A12D095BF3F4258D267EBEA503EA206FAC1784461A630AC77EF70B124,10,numeric filename tokens,0,1,NO_EXIF_ORIENTATION,PASS
CUMCM-2021-A-A115,2021年数学建模国赛真题+优秀论文/2021年国赛优秀论文A题-A115/A11.jpg,C5E45EC38F6BF5C34CCDD5107CA87D9D5A855AC376D987DC6EF0151649654C97,11,numeric filename tokens,0,1,NO_EXIF_ORIENTATION,PASS
CUMCM-2021-A-A115,2021年数学建模国赛真题+优秀论文/2021年国赛优秀论文A题-A115/A12.jpg,0949382DB38836933FB596B1986FD465B3076B493E4A7AD7289FF411AD18E07E,12,numeric filename tokens,0,1,NO_EXIF_ORIENTATION,PASS
CUMCM-2021-A-A115,2021年数学建模国赛真题+优秀论文/2021年国赛优秀论文A题-A115/A13.jpg,24FBEF304C4F0A4BF06BFBD70234EF0B28C96BC75E689477CD7D4E2E55F98D04,13,numeric filename tokens,0,1,NO_EXIF_ORIENTATION,PASS
CUMCM-2021-A-A115,2021年数学建模国赛真题+优秀论文/2021年国赛优秀论文A题-A115/A14.jpg,58F6E9957E7E09ED116ECB02946A2650DA9A8314AB2C28CA81DB50F190A78BEA,14,numeric filename tokens,0,1,NO_EXIF_ORIENTATION,PASS
CUMCM-2021-A-A115,2021年数学建模国赛真题+优秀论文/2021年国赛优秀论文A题-A115/A15.jpg,781B1DC0EDABDA3E8F5FC1869BCF7C9E0F4D6F065356CE14FC6006A55EC45D55,15,numeric filename tokens,0,1,NO_EXIF_ORIENTATION,PASS
CUMCM-2021-A-A115,2021年数学建模国赛真题+优秀论文/2021年国赛优秀论文A题-A115/A16.jpg,8BC9E918BCCA8437532C5D8AFC642DCB82BAFF3C12342B34D36D4C3471471BED,16,numeric filename tokens,0,1,NO_EXIF_ORIENTATION,PASS
CUMCM-2021-A-A115,2021年数学建模国赛真题+优秀论文/2021年国赛优秀论文A题-A115/A17.jpg,248C5CBE5D7DA0E4DA20B87FB2A16F969423B417F7E3A7CCDE875E324A9BD5FF,17,numeric filename tokens,0,1,NO_EXIF_ORIENTATION,PASS
CUMCM-2021-A-A115,2021年数学建模国赛真题+优秀论文/2021年国赛优秀论文A题-A115/A18.jpg,38E2EEB0F001839E31743039E05F522C0062DC72EF46E2CD610724DB00C8C30D,18,numeric filename tokens,0,1,NO_EXIF_ORIENTATION,PASS
CUMCM-2021-A-A115,2021年数学建模国赛真题+优秀论文/2021年国赛优秀论文A题-A115/A19.jpg,6C619A55780E1B42D101057D9BD7CB1A8D465E64254BCD07921C9BAB3B8750E5,19,numeric filename tokens,0,1,NO_EXIF_ORIENTATION,PASS
CUMCM-2021-A-A115,2021年数学建模国赛真题+优秀论文/2021年国赛优秀论文A题-A115/A20.jpg,EA1BC7706701A38CE51C1B8D23BDCBDBEF073FA30A586615E708A803541B4F81,20,numeric filename tokens,0,1,NO_EXIF_ORIENTATION,PASS
CUMCM-2021-A-A115,2021年数学建模国赛真题+优秀论文/2021年国赛优秀论文A题-A115/A21.jpg,71B9AF7FAB2147A9015950CFB7E9B622EDD84966B54E197262B48AF4EDC1FB6E,21,numeric filename tokens,0,1,NO_EXIF_ORIENTATION,PASS
CUMCM-2021-A-A115,2021年数学建模国赛真题+优秀论文/2021年国赛优秀论文A题-A115/A22.jpg,70688CFDFF3361D3029FE1E305DDE5F3F5C983D81AFA4F37286F1A28B2BCBA26,22,numeric filename tokens,0,1,NO_EXIF_ORIENTATION,PASS
CUMCM-2021-A-A115,2021年数学建模国赛真题+优秀论文/2021年国赛优秀论文A题-A115/A23.jpg,5FCB26DF4F042C62DB98ACBEFE4CCBBB7A5968E6DEB5AF55BF594C8B6033075F,23,numeric filename tokens,0,1,NO_EXIF_ORIENTATION,PASS
CUMCM-2021-A-A115,2021年数学建模国赛真题+优秀论文/2021年国赛优秀论文A题-A115/A24.jpg,374BCABA0DCEB22DE56031C94C36EEE24A3F5DC8D6C7BED7AFCE0DA7BA3D9B84,24,numeric filename tokens,0,1,NO_EXIF_ORIENTATION,PASS
CUMCM-2021-A-A115,2021年数学建模国赛真题+优秀论文/2021年国赛优秀论文A题-A115/A25.jpg,3A8A89A05CC3D7523A3BD265D12EAE92F44C901F1955C1032EF726F802397F08,25,numeric filename tokens,0,1,NO_EXIF_ORIENTATION,PASS
CUMCM-2021-A-A115,2021年数学建模国赛真题+优秀论文/2021年国赛优秀论文A题-A115/A26.jpg,123C7742177E9041752355B01B88C846867A17A293ACC64D5E162D3BF05453E8,26,numeric filename tokens,0,1,NO_EXIF_ORIENTATION,PASS
CUMCM-2021-A-A115,2021年数学建模国赛真题+优秀论文/2021年国赛优秀论文A题-A115/A27.jpg,BD0A1EDE14112F4A202C3544D150CFF38872C64B1C679D535F5646AEBD71BED7,27,numeric filename tokens,0,1,NO_EXIF_ORIENTATION,PASS
CUMCM-2021-A-A115,2021年数学建模国赛真题+优秀论文/2021年国赛优秀论文A题-A115/A28.jpg,7BBDB987E50BAA66C65371A3E1581C94599A293E472600DB7BE781D899A98606,28,numeric filename tokens,0,1,NO_EXIF_ORIENTATION,PASS
CUMCM-2021-A-A115,2021年数学建模国赛真题+优秀论文/2021年国赛优秀论文A题-A115/A29.jpg,7367BE434B5CC23F18EC327CD41FD6EDF265091D36D35D95CD9D1BF2441084CA,29,numeric filename tokens,0,1,NO_EXIF_ORIENTATION,PASS
CUMCM-2021-A-A115,2021年数学建模国赛真题+优秀论文/2021年国赛优秀论文A题-A115/A30.jpg,AD3DA0365AE74BBFA13EFEB2788FCB9B49E31C5243121C45B68D3A57F10DD0CA,30,numeric filename tokens,0,1,NO_EXIF_ORIENTATION,PASS
CUMCM-2021-A-A115,2021年数学建模国赛真题+优秀论文/2021年国赛优秀论文A题-A115/A31.jpg,0496C783860F210A5EFC038B4950D4529A72A483236A2636AD5B484C8DCBABEB,31,numeric filename tokens,0,1,NO_EXIF_ORIENTATION,PASS
CUMCM-2021-A-A115,2021年数学建模国赛真题+优秀论文/2021年国赛优秀论文A题-A115/A32.jpg,C59C4CB61E72DB4A3912CA19A00FC88913D74A80D2B685FD134E15129F4AB9C2,32,numeric filename tokens,0,1,NO_EXIF_ORIENTATION,PASS
CUMCM-2021-A-A115,2021年数学建模国赛真题+优秀论文/2021年国赛优秀论文A题-A115/A33.jpg,DE8928206EF2D0DE786B95C19DCE2AC6E1A9BD68CED57EDA5CD5B55FA0B0A8D5,33,numeric filename tokens,0,1,NO_EXIF_ORIENTATION,PASS
CUMCM-2021-A-A115,2021年数学建模国赛真题+优秀论文/2021年国赛优秀论文A题-A115/A34.jpg,ECBB9AE0ABEA32AB5791A3E444FFAD7C007C4708EBA6A79372ADADFD3CC08B95,34,numeric filename tokens,0,1,NO_EXIF_ORIENTATION,PASS
CUMCM-2021-A-A115,2021年数学建模国赛真题+优秀论文/2021年国赛优秀论文A题-A115/A35.jpg,AAB8FD1ED2EF45D7C428B6F5594706DACFFDA1E76DCAE05DA98D80BF9AA9BF8F,35,numeric filename tokens,0,1,NO_EXIF_ORIENTATION,PASS
CUMCM-2021-A-A217,2021年数学建模国赛真题+优秀论文/2021年国赛优秀论文A题-A217/A1.jpg,161768AEB1E9D258E31A46F476DE676A22F57AE9AEA27978BA88DCB20CAC22D5,1,numeric filename tokens,0,1,NO_EXIF_ORIENTATION,PASS
CUMCM-2021-A-A217,2021年数学建模国赛真题+优秀论文/2021年国赛优秀论文A题-A217/A2.jpg,08D5F1F1E77B7F84872D87F90AC7AE1B08ECF0033302560FFBA1D6FF2CF4D25B,2,numeric filename tokens,0,1,NO_EXIF_ORIENTATION,PASS
CUMCM-2021-A-A217,2021年数学建模国赛真题+优秀论文/2021年国赛优秀论文A题-A217/A3.jpg,6DA0105DE4A945DF87EA3382C812A74419AF4F457D14D84D0A8C1E5FA719B841,3,numeric filename tokens,0,1,NO_EXIF_ORIENTATION,PASS
CUMCM-2021-A-A217,2021年数学建模国赛真题+优秀论文/2021年国赛优秀论文A题-A217/A4.jpg,5395CC798E0187E826A37B3B74E9F0B718C48571DAC03F6D8C20A1A5CFB5CA02,4,numeric filename tokens,0,1,NO_EXIF_ORIENTATION,PASS
CUMCM-2021-A-A217,2021年数学建模国赛真题+优秀论文/2021年国赛优秀论文A题-A217/A5.jpg,BBE8158EC8C9EDB94EA8C6C7D926A8073F2CB89DC0509949750B6B0BD783FDE8,5,numeric filename tokens,0,1,NO_EXIF_ORIENTATION,PASS
CUMCM-2021-A-A217,2021年数学建模国赛真题+优秀论文/2021年国赛优秀论文A题-A217/A6.jpg,4877BA2CB6637C302DBF501C02C7F72356ECED32F1A6D2FB93BF212A73A834F8,6,numeric filename tokens,0,1,NO_EXIF_ORIENTATION,PASS
CUMCM-2021-A-A217,2021年数学建模国赛真题+优秀论文/2021年国赛优秀论文A题-A217/A7.jpg,E7B9DEE20642BD980DBDFD6CA96C8B40146469A7AFDF0E52B2CFEFE4A7CF63D7,7,numeric filename tokens,0,1,NO_EXIF_ORIENTATION,PASS
CUMCM-2021-A-A217,2021年数学建模国赛真题+优秀论文/2021年国赛优秀论文A题-A217/A8.jpg,672EFB154E4FD1F43F3468D3D725AA3A0DFB9FD35B1E6F5DF50C0B6ECE1AFAE3,8,numeric filename tokens,0,1,NO_EXIF_ORIENTATION,PASS
CUMCM-2021-A-A217,2021年数学建模国赛真题+优秀论文/2021年国赛优秀论文A题-A217/A9.jpg,6B086AC70BA8E0C02DFBDD07E2FA5C0CEE9082987F5927DA755987C46EC859ED,9,numeric filename tokens,0,1,NO_EXIF_ORIENTATION,PASS
CUMCM-2021-A-A217,2021年数学建模国赛真题+优秀论文/2021年国赛优秀论文A题-A217/A10.jpg,493490E8AEB125188B5A8D5E997C61F919997456E642838251B2AEFF0DE6204D,10,numeric filename tokens,0,1,NO_EXIF_ORIENTATION,PASS
CUMCM-2021-A-A217,2021年数学建模国赛真题+优秀论文/2021年国赛优秀论文A题-A217/A11.jpg,F513E0FBE920FC8C8A4A0AFA893C3436EB169558DCF738078574AC1E722D0E38,11,numeric filename tokens,0,1,NO_EXIF_ORIENTATION,PASS
CUMCM-2021-A-A217,2021年数学建模国赛真题+优秀论文/2021年国赛优秀论文A题-A217/A12.jpg,7F9E2235974AEE6EE9ED9EABF1BBA67B1427546E3E7332ED14BB6232596AC64C,12,numeric filename tokens,0,1,NO_EXIF_ORIENTATION,PASS
CUMCM-2021-A-A217,2021年数学建模国赛真题+优秀论文/2021年国赛优秀论文A题-A217/A13.jpg,56D54E01E6B3CDB0D253E874F62AFCC70957D35BF8B24BF90B4BB3E24C1BED18,13,numeric filename tokens,0,1,NO_EXIF_ORIENTATION,PASS
CUMCM-2021-A-A217,2021年数学建模国赛真题+优秀论文/2021年国赛优秀论文A题-A217/A14.jpg,30C608BD9B58C8A074572A4BD6E6116D79D9E7392B1D622BF84A86828ECCCAC2,14,numeric filename tokens,0,1,NO_EXIF_ORIENTATION,PASS
CUMCM-2021-A-A217,2021年数学建模国赛真题+优秀论文/2021年国赛优秀论文A题-A217/A15.jpg,8148C85D05AE47CE0E456151041516883665806141BA37BE970DB692A3B57015,15,numeric filename tokens,0,1,NO_EXIF_ORIENTATION,PASS
CUMCM-2021-A-A217,2021年数学建模国赛真题+优秀论文/2021年国赛优秀论文A题-A217/A16.jpg,490348FC5770AF3B6BD0D572B754C2F69DAA0D9E6E48287C89DFD801EF2FD865,16,numeric filename tokens,0,1,NO_EXIF_ORIENTATION,PASS
CUMCM-2021-A-A217,2021年数学建模国赛真题+优秀论文/2021年国赛优秀论文A题-A217/A17.jpg,62A49AEF15902BE3A7C5D225E9F8D901BC8FDD2CEC472984784A0B01C9ACECBD,17,numeric filename tokens,0,1,NO_EXIF_ORIENTATION,PASS
CUMCM-2021-A-A217,2021年数学建模国赛真题+优秀论文/2021年国赛优秀论文A题-A217/A18.jpg,905D4C8CDE837B8A2650C0E225883FA82DE08810D136504165F0E9310B229682,18,numeric filename tokens,0,1,NO_EXIF_ORIENTATION,PASS
CUMCM-2021-A-A217,2021年数学建模国赛真题+优秀论文/2021年国赛优秀论文A题-A217/A19.jpg,C39C9583D439EADCD759B3E9AA8412ED06F3A8DD866BE7A434684340B22D5F5F,19,numeric filename tokens,0,1,NO_EXIF_ORIENTATION,PASS
CUMCM-2021-A-A217,2021年数学建模国赛真题+优秀论文/2021年国赛优秀论文A题-A217/A20.jpg,7E2F4A4E8D662B15514C300B3330824EE116C382D6E648486CE75DD46FE24D7D,20,numeric filename tokens,0,1,NO_EXIF_ORIENTATION,PASS
CUMCM-2021-A-A217,2021年数学建模国赛真题+优秀论文/2021年国赛优秀论文A题-A217/A21.jpg,D58D819D3E91FD2E6F4AC7C56C3BA440B3D749C4461E8FE19E5118C88F6ACB59,21,numeric filename tokens,0,1,NO_EXIF_ORIENTATION,PASS
CUMCM-2021-A-A217,2021年数学建模国赛真题+优秀论文/2021年国赛优秀论文A题-A217/A22.jpg,892E7C77F07C926BE4DF9B3238CEDCE8E882A251F9C5330647C73688CE33FC3C,22,numeric filename tokens,0,1,NO_EXIF_ORIENTATION,PASS
CUMCM-2021-A-A217,2021年数学建模国赛真题+优秀论文/2021年国赛优秀论文A题-A217/A23.jpg,00FF6506B2E5DA072E903BA1657DD6605956B738B097FA8BF2B916C12529C095,23,numeric filename tokens,0,1,NO_EXIF_ORIENTATION,PASS
CUMCM-2021-A-A217,2021年数学建模国赛真题+优秀论文/2021年国赛优秀论文A题-A217/A24.jpg,275B44DB820A38156550107057565AD163AC28432D7377AD9C67676A2A40AE1C,24,numeric filename tokens,0,1,NO_EXIF_ORIENTATION,PASS
CUMCM-2021-A-A217,2021年数学建模国赛真题+优秀论文/2021年国赛优秀论文A题-A217/A25.jpg,9E92AAC934FAB1844A8E13E7C8958C14BC012F8C50586D05312B0749ADBB71AE,25,numeric filename tokens,0,1,NO_EXIF_ORIENTATION,PASS
CUMCM-2021-A-A217,2021年数学建模国赛真题+优秀论文/2021年国赛优秀论文A题-A217/A26.jpg,80B813412D43EAA75AA5851903D91528117E09D23AB5A3F48C4D60175AA1969A,26,numeric filename tokens,0,1,NO_EXIF_ORIENTATION,PASS
CUMCM-2021-A-A217,2021年数学建模国赛真题+优秀论文/2021年国赛优秀论文A题-A217/A27.jpg,413DC723997E69C7027496759FF07AF68BF627626390D94F68426B6CBD5BCBE9,27,numeric filename tokens,0,1,NO_EXIF_ORIENTATION,PASS
CUMCM-2021-A-A217,2021年数学建模国赛真题+优秀论文/2021年国赛优秀论文A题-A217/A28.jpg,E0E78E02095F4D591E24317CA9C7C9BD21B2DB9CC859C6F9AD80ED4A388395B8,28,numeric filename tokens,0,1,NO_EXIF_ORIENTATION,PASS
CUMCM-2021-A-A217,2021年数学建模国赛真题+优秀论文/2021年国赛优秀论文A题-A217/A29.jpg,4E45EEA1A53569F2B396B7131B3357986BCF5B248DB46DD5EF9B73A6D84C128A,29,numeric filename tokens,0,1,NO_EXIF_ORIENTATION,PASS
CUMCM-2021-A-A217,2021年数学建模国赛真题+优秀论文/2021年国赛优秀论文A题-A217/A30.jpg,29BE3AEA48BC18430FC83725FDCE75A55184F0B90FC8D0231CA30808512C7FA5,30,numeric filename tokens,0,1,NO_EXIF_ORIENTATION,PASS
CUMCM-2021-A-A217,2021年数学建模国赛真题+优秀论文/2021年国赛优秀论文A题-A217/A31.jpg,6EF12600D751B81B98236A5E6F7690F563E06CFAECF5A76FFE60611E64C54EC7,31,numeric filename tokens,0,1,NO_EXIF_ORIENTATION,PASS
CUMCM-2021-A-A217,2021年数学建模国赛真题+优秀论文/2021年国赛优秀论文A题-A217/A32.jpg,27A05A87E52254F4CB4B83A4EC4B50675D0AF9DA4C72AD24D1CAD8494A1EF1F1,32,numeric filename tokens,0,1,NO_EXIF_ORIENTATION,PASS
CUMCM-2021-A-A217,2021年数学建模国赛真题+优秀论文/2021年国赛优秀论文A题-A217/A33.jpg,AE9C27492287E5369E5E1E8EF94D99A12B940BB17BE9317AC58A5FC95D64FF23,33,numeric filename tokens,0,1,NO_EXIF_ORIENTATION,PASS
CUMCM-2021-A-A217,2021年数学建模国赛真题+优秀论文/2021年国赛优秀论文A题-A217/A34.jpg,866F9163CE3DA6787DDD9ABE4D4F524A53FE75D60AB9D973C1BFEB82D83F6239,34,numeric filename tokens,0,1,NO_EXIF_ORIENTATION,PASS
CUMCM-2021-A-A217,2021年数学建模国赛真题+优秀论文/2021年国赛优秀论文A题-A217/A35.jpg,5BABF3C454193A38D108D2CEEB30C6347A84C815DB463AE05E6AC4CDACDCEE51,35,numeric filename tokens,0,1,NO_EXIF_ORIENTATION,PASS
CUMCM-2021-A-A217,2021年数学建模国赛真题+优秀论文/2021年国赛优秀论文A题-A217/A36.jpg,4028F38E1AEEBEFEDA49C3286E00D676B5432B08BF8C1ADAE6137FED383DEDF4,36,numeric filename tokens,0,1,NO_EXIF_ORIENTATION,PASS
CUMCM-2021-A-A217,2021年数学建模国赛真题+优秀论文/2021年国赛优秀论文A题-A217/A37.jpg,F19A5C593899F1D89A05C2A79F8EE159CBC9698267510B76ABC07379FF4B0A5C,37,numeric filename tokens,0,1,NO_EXIF_ORIENTATION,PASS
CUMCM-2021-A-A217,2021年数学建模国赛真题+优秀论文/2021年国赛优秀论文A题-A217/A38.jpg,900D94C97AEC5D3F372ECDD91D4E73B9D68424E67072DE2E1EF3E18DF32982AB,38,numeric filename tokens,0,1,NO_EXIF_ORIENTATION,PASS
CUMCM-2021-A-A217,2021年数学建模国赛真题+优秀论文/2021年国赛优秀论文A题-A217/A39.jpg,F7E11506B733190F4E245A481AEF99E52B49F75D54760EFD69C8A2F43E9D9433,39,numeric filename tokens,0,1,NO_EXIF_ORIENTATION,PASS
CUMCM-2021-A-A217,2021年数学建模国赛真题+优秀论文/2021年国赛优秀论文A题-A217/A40.jpg,8080589F5743DD91B59EE7CA720CA7B4CC7E3263194AF7F78C1731D41D6B89CB,40,numeric filename tokens,0,1,NO_EXIF_ORIENTATION,PASS
CUMCM-2021-A-A217,2021年数学建模国赛真题+优秀论文/2021年国赛优秀论文A题-A217/A41.jpg,7A012887492CED8829E9C3CFD898E1DE607C43591C5F552B8F78DF3792112E2E,41,numeric filename tokens,0,1,NO_EXIF_ORIENTATION,PASS
CUMCM-2021-A-A217,2021年数学建模国赛真题+优秀论文/2021年国赛优秀论文A题-A217/A42.jpg,1764730645CDB98CA462B8E9E2A4E32AEE49F1F7EA1941E133424E3F843AF9C8,42,numeric filename tokens,0,1,NO_EXIF_ORIENTATION,PASS
CUMCM-2021-A-A217,2021年数学建模国赛真题+优秀论文/2021年国赛优秀论文A题-A217/A43.jpg,CBEE93569C9D411080C6B24155F1605F31A72838D518515CF2AEDBD81BEEADE8,43,numeric filename tokens,0,1,NO_EXIF_ORIENTATION,PASS
CUMCM-2021-A-A217,2021年数学建模国赛真题+优秀论文/2021年国赛优秀论文A题-A217/A44.jpg,BD72FA9B0D6664FD115ECC3D57E86B8399AB4E0563C84AD61E679A7F07C9C455,44,numeric filename tokens,0,1,NO_EXIF_ORIENTATION,PASS
CUMCM-2021-A-A217,2021年数学建模国赛真题+优秀论文/2021年国赛优秀论文A题-A217/A45.jpg,FD74AA095698E9B093ECB17A337BE0006DCFECF35B6F4043108F9CB0EBA26903,45,numeric filename tokens,0,1,NO_EXIF_ORIENTATION,PASS
CUMCM-2021-A-A217,2021年数学建模国赛真题+优秀论文/2021年国赛优秀论文A题-A217/A46.jpg,ACE823FAA1722595E4E62BA05DDE65B25D301DF72559BE3A8F280E0CAA889D35,46,numeric filename tokens,0,1,NO_EXIF_ORIENTATION,PASS
CUMCM-2021-A-A217,2021年数学建模国赛真题+优秀论文/2021年国赛优秀论文A题-A217/A47.jpg,91F86AB162C24FD3627A187D430A35BFB74FC323DA39BCD06F9BEFC196D8D332,47,numeric filename tokens,0,1,NO_EXIF_ORIENTATION,PASS
CUMCM-2021-A-A217,2021年数学建模国赛真题+优秀论文/2021年国赛优秀论文A题-A217/A48.jpg,52BAF8DBE168397A4AB578BC53819E37B311FCE315F7385EC9A5CCB67DBF4B6D,48,numeric filename tokens,0,1,NO_EXIF_ORIENTATION,PASS
CUMCM-2021-A-A217,2021年数学建模国赛真题+优秀论文/2021年国赛优秀论文A题-A217/A49.jpg,0FF090010FA6E013DEDE655266B48B11E2B36B7E5903B4273B48B1B8CD375132,49,numeric filename tokens,0,1,NO_EXIF_ORIENTATION,PASS
CUMCM-2021-A-A217,2021年数学建模国赛真题+优秀论文/2021年国赛优秀论文A题-A217/A50.jpg,0E6F50E55892DDC8A0F9DA115B6F8DFCD267A2C9D098D75A07C9B3C2256463A3,50,numeric filename tokens,0,1,NO_EXIF_ORIENTATION,PASS
CUMCM-2021-A-A217,2021年数学建模国赛真题+优秀论文/2021年国赛优秀论文A题-A217/A51.jpg,5CED248BCA34DC97D1E1716CCEA98A61D72138F9904E7781C764A0A981BF4A04,51,numeric filename tokens,0,1,NO_EXIF_ORIENTATION,PASS
CUMCM-2021-A-A217,2021年数学建模国赛真题+优秀论文/2021年国赛优秀论文A题-A217/A52.jpg,B154D736FFC953E03B803DC5DF28BB31A0F59028485B241C4BE02957A41E3515,52,numeric filename tokens,0,1,NO_EXIF_ORIENTATION,PASS
CUMCM-2021-A-A217,2021年数学建模国赛真题+优秀论文/2021年国赛优秀论文A题-A217/A53.jpg,8F155EB72F7898D942715A5285D5FB2EDD5C28EC31B8D94349EE416DC4B2592D,53,numeric filename tokens,0,1,NO_EXIF_ORIENTATION,PASS
CUMCM-2021-A-A217,2021年数学建模国赛真题+优秀论文/2021年国赛优秀论文A题-A217/A54.jpg,3B5A49D4DC35F8301AA036D5B5A8D106610B340C06C2CBD9E462063622AF2057,54,numeric filename tokens,0,1,NO_EXIF_ORIENTATION,PASS
CUMCM-2021-A-A217,2021年数学建模国赛真题+优秀论文/2021年国赛优秀论文A题-A217/A55.jpg,8CFF3D5E8F60DA3ECB90111B8F7B74FBD450E0B7C6437B839A7DA9327F32725F,55,numeric filename tokens,0,1,NO_EXIF_ORIENTATION,PASS
CUMCM-2021-A-A217,2021年数学建模国赛真题+优秀论文/2021年国赛优秀论文A题-A217/A56.jpg,C565776DDC853640EFB26942A51F092D57405C66445D29C029BDC94524A29961,56,numeric filename tokens,0,1,NO_EXIF_ORIENTATION,PASS
CUMCM-2021-A-A217,2021年数学建模国赛真题+优秀论文/2021年国赛优秀论文A题-A217/A57.jpg,F6657A8DD6F0D2707D9683ADEBEF29FD2FAECF5D0C307ECC08232CE4C429546D,57,numeric filename tokens,0,1,NO_EXIF_ORIENTATION,PASS
CUMCM-2021-A-A217,2021年数学建模国赛真题+优秀论文/2021年国赛优秀论文A题-A217/A58.jpg,6E15EAAF6612FDC1E2DC0B3FF574C1A074965C075EF3180B084CD41EB225E858,58,numeric filename tokens,0,1,NO_EXIF_ORIENTATION,PASS
CUMCM-2021-A-A217,2021年数学建模国赛真题+优秀论文/2021年国赛优秀论文A题-A217/A59.jpg,582A19F6477E9C0CED2BF7F6EDF73784654C06D354F316AEEE762DD2A103F52C,59,numeric filename tokens,0,1,NO_EXIF_ORIENTATION,PASS
CUMCM-2021-B-B007,2021年数学建模国赛真题+优秀论文/2021年国赛优秀论文B题-B007/B1.jpg,C687EC4B8F274A3F2DD3D8DBDD4E93160FB869317A39769921949FD1D739CC28,1,numeric filename tokens,0,1,NO_EXIF_ORIENTATION,PASS
CUMCM-2021-B-B007,2021年数学建模国赛真题+优秀论文/2021年国赛优秀论文B题-B007/B2.jpg,CFC1DEB2CD30D85C7608AF49E9A1D4EDA77828F7450948D9BAD49C267640996A,2,numeric filename tokens,0,1,NO_EXIF_ORIENTATION,PASS
CUMCM-2021-B-B007,2021年数学建模国赛真题+优秀论文/2021年国赛优秀论文B题-B007/B3.jpg,336271D9107AF6DF8D72A18030F8E27E04311B0C6ECA27529301C07C5CAF6782,3,numeric filename tokens,0,1,NO_EXIF_ORIENTATION,PASS
CUMCM-2021-B-B007,2021年数学建模国赛真题+优秀论文/2021年国赛优秀论文B题-B007/B4.jpg,2E31A1248CE8F7538B6FE1FABD0D3E045B5EDD0051037F145A630D2D21809771,4,numeric filename tokens,0,1,NO_EXIF_ORIENTATION,PASS
CUMCM-2021-B-B007,2021年数学建模国赛真题+优秀论文/2021年国赛优秀论文B题-B007/B5.jpg,E2DFF05220CB00CD6CAC3AEB946F2D7CB0D2376AE141F3B43C13B0E10E326175,5,numeric filename tokens,0,1,NO_EXIF_ORIENTATION,PASS
CUMCM-2021-B-B007,2021年数学建模国赛真题+优秀论文/2021年国赛优秀论文B题-B007/B6.jpg,DAFE93B7C3F178CC37847E8B43FD01CBFBC3C2137ACBCD7345F7B7A00EC9080A,6,numeric filename tokens,0,1,NO_EXIF_ORIENTATION,PASS
CUMCM-2021-B-B007,2021年数学建模国赛真题+优秀论文/2021年国赛优秀论文B题-B007/B7.jpg,3318840FE15FA3D2F7F85468D5E94112FF3859FC744F8684D89285318C2D53D2,7,numeric filename tokens,0,1,NO_EXIF_ORIENTATION,PASS
CUMCM-2021-B-B007,2021年数学建模国赛真题+优秀论文/2021年国赛优秀论文B题-B007/B8.jpg,8E3B94C272A778DF3A588476D181C77D1E1128F3662F9E8C0C983B4FB912E381,8,numeric filename tokens,0,1,NO_EXIF_ORIENTATION,PASS
CUMCM-2021-B-B007,2021年数学建模国赛真题+优秀论文/2021年国赛优秀论文B题-B007/B9.jpg,89AA2F8B2298291052A75C7A2DD8B6DA72336898B961A2CCF865469BBB7EAC8A,9,numeric filename tokens,0,1,NO_EXIF_ORIENTATION,PASS
CUMCM-2021-B-B007,2021年数学建模国赛真题+优秀论文/2021年国赛优秀论文B题-B007/B10.jpg,EC953FEC302FE25660DFB79CD5716834653588ED0061580535C7058675C27B81,10,numeric filename tokens,0,1,NO_EXIF_ORIENTATION,PASS
CUMCM-2021-B-B007,2021年数学建模国赛真题+优秀论文/2021年国赛优秀论文B题-B007/B11.jpg,319CC718D49687FF9C4312E715FFC04E43823BAC1C8C873EEB77A3D54D090DA4,11,numeric filename tokens,0,1,NO_EXIF_ORIENTATION,PASS
CUMCM-2021-B-B007,2021年数学建模国赛真题+优秀论文/2021年国赛优秀论文B题-B007/B12.jpg,6B6FCEB64D5C3D33B1FFA274A82D79CA5406FD439E9245D97111E5EC71BA4E20,12,numeric filename tokens,0,1,NO_EXIF_ORIENTATION,PASS
CUMCM-2021-B-B007,2021年数学建模国赛真题+优秀论文/2021年国赛优秀论文B题-B007/B13.jpg,6378F2277D48F733645F9099176E05336C502E91583B41D5B87D00FB77524FDA,13,numeric filename tokens,0,1,NO_EXIF_ORIENTATION,PASS
CUMCM-2021-B-B007,2021年数学建模国赛真题+优秀论文/2021年国赛优秀论文B题-B007/B14.jpg,1A73D0DC7551CA640FAF68BB0A55D23ED6CC18CBC4965780CF3010CB931FD4C0,14,numeric filename tokens,0,1,NO_EXIF_ORIENTATION,PASS
CUMCM-2021-B-B007,2021年数学建模国赛真题+优秀论文/2021年国赛优秀论文B题-B007/B15.jpg,F99B26207DF33F6DFC5604FF11FE09B53F7CDEC33CFB93544A0FE76C63B83764,15,numeric filename tokens,0,1,NO_EXIF_ORIENTATION,PASS
CUMCM-2021-B-B007,2021年数学建模国赛真题+优秀论文/2021年国赛优秀论文B题-B007/B16.jpg,862F8ED83003B3030C6677A5F22306636C6BD280AB713DF6FB8F8603AAE464DA,16,numeric filename tokens,0,1,NO_EXIF_ORIENTATION,PASS
CUMCM-2021-B-B007,2021年数学建模国赛真题+优秀论文/2021年国赛优秀论文B题-B007/B17.jpg,098F601ED1C17ED1BA7E0A2F5634713E0A285A505F1579654F970F88A561D99C,17,numeric filename tokens,0,1,NO_EXIF_ORIENTATION,PASS
CUMCM-2021-B-B007,2021年数学建模国赛真题+优秀论文/2021年国赛优秀论文B题-B007/B18.jpg,B9C97DF1FEC2311B3B3A55FD6967A707A6DE6DF869160CDE11A1E57AFA72291E,18,numeric filename tokens,0,1,NO_EXIF_ORIENTATION,PASS
CUMCM-2021-B-B007,2021年数学建模国赛真题+优秀论文/2021年国赛优秀论文B题-B007/B19.jpg,74E362124F3BD797626A0AC897411459EC73CA7867E0B8065EC7FED6C3C21183,19,numeric filename tokens,0,1,NO_EXIF_ORIENTATION,PASS
CUMCM-2021-B-B007,2021年数学建模国赛真题+优秀论文/2021年国赛优秀论文B题-B007/B20.jpg,AC7AE53A2449BA80CF5BCA4FF15CBF9332539B228CA3F5E10EA4BFED141F19B3,20,numeric filename tokens,0,1,NO_EXIF_ORIENTATION,PASS
CUMCM-2021-B-B007,2021年数学建模国赛真题+优秀论文/2021年国赛优秀论文B题-B007/B21.jpg,B29B769A638DC1C8DEF4B47151C8868E9D212691E8693E24931FAF6E856FFE1D,21,numeric filename tokens,0,1,NO_EXIF_ORIENTATION,PASS
CUMCM-2021-B-B007,2021年数学建模国赛真题+优秀论文/2021年国赛优秀论文B题-B007/B22.jpg,D512E8DCE2A47F7664B494E3E3E24D4EF2A25BAA29633B47EA4662BF5796C5DA,22,numeric filename tokens,0,1,NO_EXIF_ORIENTATION,PASS
CUMCM-2021-B-B007,2021年数学建模国赛真题+优秀论文/2021年国赛优秀论文B题-B007/B23.jpg,6333CAF4FC4DCF8E31297DB4324164EC90918C6A5351A3D8F677612966FC6499,23,numeric filename tokens,0,1,NO_EXIF_ORIENTATION,PASS
CUMCM-2021-B-B007,2021年数学建模国赛真题+优秀论文/2021年国赛优秀论文B题-B007/B24.jpg,4919AAD3D86DFB97E80531F442101A687B3A4024C2CB50982CBFF749CF43C42A,24,numeric filename tokens,0,1,NO_EXIF_ORIENTATION,PASS
CUMCM-2021-B-B007,2021年数学建模国赛真题+优秀论文/2021年国赛优秀论文B题-B007/B25.jpg,2D7557538394A063A3D6133DBC3A54C6D90465BCE5C4E8B7F79407BB106C7D08,25,numeric filename tokens,0,1,NO_EXIF_ORIENTATION,PASS
CUMCM-2021-B-B007,2021年数学建模国赛真题+优秀论文/2021年国赛优秀论文B题-B007/B26.jpg,379165004867ED1C339AD3C228905083B26E995EB592FEDF3FB5721B62B338F7,26,numeric filename tokens,0,1,NO_EXIF_ORIENTATION,PASS
CUMCM-2021-B-B007,2021年数学建模国赛真题+优秀论文/2021年国赛优秀论文B题-B007/B27.jpg,774F4D54137D24F9E7B729343325E2B1D4812BAF9D89DB1466144B2C7F41EDD6,27,numeric filename tokens,0,1,NO_EXIF_ORIENTATION,PASS
CUMCM-2021-B-B007,2021年数学建模国赛真题+优秀论文/2021年国赛优秀论文B题-B007/B28.jpg,98B8584A1E22D723678C33AA5E82DE441631FFFB06D2F4E6247FAA00D2339B6E,28,numeric filename tokens,0,1,NO_EXIF_ORIENTATION,PASS
CUMCM-2021-B-B007,2021年数学建模国赛真题+优秀论文/2021年国赛优秀论文B题-B007/B29.jpg,5B5B2779C0A7BB8D5C177881205F7A851FFD258E98735B848A26FFD8F62BBAEE,29,numeric filename tokens,0,1,NO_EXIF_ORIENTATION,PASS
CUMCM-2021-B-B007,2021年数学建模国赛真题+优秀论文/2021年国赛优秀论文B题-B007/B30.jpg,A522CD8002C357DADDFA416EA5C8D094A409C854D043691C70A3AF70B2E16D4A,30,numeric filename tokens,0,1,NO_EXIF_ORIENTATION,PASS
CUMCM-2021-B-B007,2021年数学建模国赛真题+优秀论文/2021年国赛优秀论文B题-B007/B31.jpg,E5E9C897CE8FEF584E9AC4D5749DD13D98A8BB81481ECB82C093FA82D406745F,31,numeric filename tokens,0,1,NO_EXIF_ORIENTATION,PASS
CUMCM-2021-B-B007,2021年数学建模国赛真题+优秀论文/2021年国赛优秀论文B题-B007/B32.jpg,32D430B31AD5F91CE25A50E5175B49741E70DE0FB3CA556D26F675FD6FD625AC,32,numeric filename tokens,0,1,NO_EXIF_ORIENTATION,PASS
CUMCM-2021-B-B007,2021年数学建模国赛真题+优秀论文/2021年国赛优秀论文B题-B007/B33.jpg,44E0C0F0941620AE2E4F4F4ECEFB15402BC328CAB640E6211E95D63B8BB51765,33,numeric filename tokens,0,1,NO_EXIF_ORIENTATION,PASS
CUMCM-2021-B-B007,2021年数学建模国赛真题+优秀论文/2021年国赛优秀论文B题-B007/B34.jpg,D9B8417C6898A0D42B1F83C70E01AF6C99924351A23B44C8C0C6F7B023E82283,34,numeric filename tokens,0,1,NO_EXIF_ORIENTATION,PASS
CUMCM-2021-B-B007,2021年数学建模国赛真题+优秀论文/2021年国赛优秀论文B题-B007/B35.jpg,86D6627F2C32415BF5F70D937064891C5BBD6D1A9E79E6B307A048B43926792D,35,numeric filename tokens,0,1,NO_EXIF_ORIENTATION,PASS
CUMCM-2021-B-B007,2021年数学建模国赛真题+优秀论文/2021年国赛优秀论文B题-B007/B36.jpg,30F76135521BD666F2DCA9A6D39CC2FF9CF0171F2434EAE3858E017248B7F85B,36,numeric filename tokens,0,1,NO_EXIF_ORIENTATION,PASS
CUMCM-2021-B-B007,2021年数学建模国赛真题+优秀论文/2021年国赛优秀论文B题-B007/B37.jpg,58CC2710457F2FFC775A1396F746BDB3C9E66A15FC8D2B5F8716C23014AFD9F6,37,numeric filename tokens,0,1,NO_EXIF_ORIENTATION,PASS
CUMCM-2021-B-B007,2021年数学建模国赛真题+优秀论文/2021年国赛优秀论文B题-B007/B38.jpg,90E3913E2983FD8464D615481EF7DCAE5CA5AEA4B927D914DA119429B4D1AD25,38,numeric filename tokens,0,1,NO_EXIF_ORIENTATION,PASS
CUMCM-2021-B-B007,2021年数学建模国赛真题+优秀论文/2021年国赛优秀论文B题-B007/B39.jpg,7615D467D5FBC91BE38EAE1D7DA174AEAB9B0A79FDB17AF7EF0D0CC406357DC1,39,numeric filename tokens,0,1,NO_EXIF_ORIENTATION,PASS
CUMCM-2021-B-B007,2021年数学建模国赛真题+优秀论文/2021年国赛优秀论文B题-B007/B40.jpg,E0C60788716E090F95DAF0A910356494D60F32E1A9763248383EAE486B6D03F9,40,numeric filename tokens,0,1,NO_EXIF_ORIENTATION,PASS
CUMCM-2021-B-B007,2021年数学建模国赛真题+优秀论文/2021年国赛优秀论文B题-B007/B41.jpg,463920B358271BE4781BCE4ABDFB87A4D0FE7E751E01470220F578A2B0BD1F98,41,numeric filename tokens,0,1,NO_EXIF_ORIENTATION,PASS
CUMCM-2021-B-B007,2021年数学建模国赛真题+优秀论文/2021年国赛优秀论文B题-B007/B42.jpg,848CD78743849C0AC702652E4D68D35A8518174B4770F04521FDFC8E889C8F8F,42,numeric filename tokens,0,1,NO_EXIF_ORIENTATION,PASS
CUMCM-2021-B-B007,2021年数学建模国赛真题+优秀论文/2021年国赛优秀论文B题-B007/B43.jpg,E67A72DD18CE28185E05ACD56E44FC316FF9A09B1C81C5AF88C224110BB591B4,43,numeric filename tokens,0,1,NO_EXIF_ORIENTATION,PASS
CUMCM-2021-B-B007,2021年数学建模国赛真题+优秀论文/2021年国赛优秀论文B题-B007/B44.jpg,012D67AEFFDFE2A48560FA51631EFEA5A285373794702452770CC4965A034ECC,44,numeric filename tokens,0,1,NO_EXIF_ORIENTATION,PASS
CUMCM-2021-B-B007,2021年数学建模国赛真题+优秀论文/2021年国赛优秀论文B题-B007/B45.jpg,7F549D2552BDA98E7760AE56E3C36D486DD2AEF0218B93FBE3C505471A5D7206,45,numeric filename tokens,0,1,NO_EXIF_ORIENTATION,PASS
CUMCM-2021-B-B026,2021年数学建模国赛真题+优秀论文/2021年国赛优秀论文B题-B026/B1.jpg,DCBBF4C7A13F3AED3BCB8815EF93EC3B6DEA5392AC4C2482D2BCA25310DAB906,1,numeric filename tokens,0,1,NO_EXIF_ORIENTATION,PASS
CUMCM-2021-B-B026,2021年数学建模国赛真题+优秀论文/2021年国赛优秀论文B题-B026/B2.jpg,BC01B64A82182B3E83BEFD32B34D8047C75BBFBE5BB1DE02A23303A2AAAD1EB5,2,numeric filename tokens,0,1,NO_EXIF_ORIENTATION,PASS
CUMCM-2021-B-B026,2021年数学建模国赛真题+优秀论文/2021年国赛优秀论文B题-B026/B3.jpg,EFCEC276C971D65FC297A67A5A099D1A318EA6233F3B60A9128A0A9C965B78B6,3,numeric filename tokens,0,1,NO_EXIF_ORIENTATION,PASS
CUMCM-2021-B-B026,2021年数学建模国赛真题+优秀论文/2021年国赛优秀论文B题-B026/B4.jpg,579AC196F10B953BD80EEE261BFEE328878D8F4C428EB514375E058D7CC4E643,4,numeric filename tokens,0,1,NO_EXIF_ORIENTATION,PASS
CUMCM-2021-B-B026,2021年数学建模国赛真题+优秀论文/2021年国赛优秀论文B题-B026/B5.jpg,BE937D8E288DEEAD2AB04C8BC9CAE91E5E66BA2954E2A176F631C47BF951A4A8,5,numeric filename tokens,0,1,NO_EXIF_ORIENTATION,PASS
CUMCM-2021-B-B026,2021年数学建模国赛真题+优秀论文/2021年国赛优秀论文B题-B026/B6.jpg,EBCDFDC88CB33253A84126D868BE74595D71CD00794225BABBFEF0C93DDAFEAF,6,numeric filename tokens,0,1,NO_EXIF_ORIENTATION,PASS
CUMCM-2021-B-B026,2021年数学建模国赛真题+优秀论文/2021年国赛优秀论文B题-B026/B7.jpg,5F8C3E73AB0013011980003465EE9F61E12CA176A8ECD7398BFBC1F477282CA0,7,numeric filename tokens,0,1,NO_EXIF_ORIENTATION,PASS
CUMCM-2021-B-B026,2021年数学建模国赛真题+优秀论文/2021年国赛优秀论文B题-B026/B8.jpg,67678BF6975051EC36889F18E5ADFCE5B546F8B286FB79DE83A7126E6652C15E,8,numeric filename tokens,0,1,NO_EXIF_ORIENTATION,PASS
CUMCM-2021-B-B026,2021年数学建模国赛真题+优秀论文/2021年国赛优秀论文B题-B026/B9.jpg,9C299711FAF1352615D48441AD3DEBC3C8C3E58AC61AD4F5BA93F234BA1C5EE9,9,numeric filename tokens,0,1,NO_EXIF_ORIENTATION,PASS
CUMCM-2021-B-B026,2021年数学建模国赛真题+优秀论文/2021年国赛优秀论文B题-B026/B10.jpg,24B8AA58AB74CA2A07A054D3DAF2A3F8216DE111B1FE6C77F7062252F72BD664,10,numeric filename tokens,0,1,NO_EXIF_ORIENTATION,PASS
CUMCM-2021-B-B026,2021年数学建模国赛真题+优秀论文/2021年国赛优秀论文B题-B026/B11.jpg,CEBFD064864B7297EC822369D23A9AB1C24A7EBF75423E5FB4F6565027C2C8EF,11,numeric filename tokens,0,1,NO_EXIF_ORIENTATION,PASS
CUMCM-2021-B-B026,2021年数学建模国赛真题+优秀论文/2021年国赛优秀论文B题-B026/B12.jpg,098A2E8D8D87A60B751E079D225AA9CFC44ACE0662BB3C629A45919B05DE8645,12,numeric filename tokens,0,1,NO_EXIF_ORIENTATION,PASS
CUMCM-2021-B-B026,2021年数学建模国赛真题+优秀论文/2021年国赛优秀论文B题-B026/B13.jpg,599F02F732F422A5B1653140C8C540B81353B67BC2F6A007CB7406AA03BF1440,13,numeric filename tokens,0,1,NO_EXIF_ORIENTATION,PASS
CUMCM-2021-B-B026,2021年数学建模国赛真题+优秀论文/2021年国赛优秀论文B题-B026/B14.jpg,E07861ADCDC33D2CA352044DE2D89D9F1968D975FB896CA4BA6A86914912D3F4,14,numeric filename tokens,0,1,NO_EXIF_ORIENTATION,PASS
CUMCM-2021-B-B026,2021年数学建模国赛真题+优秀论文/2021年国赛优秀论文B题-B026/B15.jpg,584A356660E0DD40C84597601583A8A3DB589CFF8988B8F2F4EC6E09D5B3032C,15,numeric filename tokens,0,1,NO_EXIF_ORIENTATION,PASS
CUMCM-2021-B-B026,2021年数学建模国赛真题+优秀论文/2021年国赛优秀论文B题-B026/B16.jpg,F8E0FB04EE473412067235CBA9F79411A71BEF2A333D0DF3F24919BACE3053F9,16,numeric filename tokens,0,1,NO_EXIF_ORIENTATION,PASS
CUMCM-2021-B-B026,2021年数学建模国赛真题+优秀论文/2021年国赛优秀论文B题-B026/B17.jpg,92473D7A1CB9B58534E995B1A630A5A74336F3B2A7700DAC1F3F1739BE9644EF,17,numeric filename tokens,0,1,NO_EXIF_ORIENTATION,PASS
CUMCM-2021-B-B026,2021年数学建模国赛真题+优秀论文/2021年国赛优秀论文B题-B026/B18.jpg,9A88097A6F8C54F20BBB1FC81FA531C2E6882BBF2E9045718E14972E175FF5AA,18,numeric filename tokens,0,1,NO_EXIF_ORIENTATION,PASS
CUMCM-2021-B-B026,2021年数学建模国赛真题+优秀论文/2021年国赛优秀论文B题-B026/B19.jpg,62634A4994A5BB6AD422D4F6CE6C5140E6BDE5A18BA12BCDCA762C9C0891E565,19,numeric filename tokens,0,1,NO_EXIF_ORIENTATION,PASS
CUMCM-2021-B-B026,2021年数学建模国赛真题+优秀论文/2021年国赛优秀论文B题-B026/B20.jpg,263D68D6C71D769CCBA00AE336ACECD8009BAD328B0A17AA9DD440BC736BD69E,20,numeric filename tokens,0,1,NO_EXIF_ORIENTATION,PASS
CUMCM-2021-B-B026,2021年数学建模国赛真题+优秀论文/2021年国赛优秀论文B题-B026/B21.jpg,0AAE0867A58F8F8A1AC7B2D994635FD39BF9D046FE78FF5F118E774348A025A5,21,numeric filename tokens,0,1,NO_EXIF_ORIENTATION,PASS
CUMCM-2021-B-B026,2021年数学建模国赛真题+优秀论文/2021年国赛优秀论文B题-B026/B22.jpg,CABE9F7A3AAB3E75D63202E55AD4989EC492B1166AD02765DE6AB1A2433AC01E,22,numeric filename tokens,0,1,NO_EXIF_ORIENTATION,PASS
CUMCM-2021-B-B026,2021年数学建模国赛真题+优秀论文/2021年国赛优秀论文B题-B026/B23.jpg,FD4C52534E2DDF3A6FF6E3927C14B5CE7241425E797A9735112888816DBC431B,23,numeric filename tokens,0,1,NO_EXIF_ORIENTATION,PASS
CUMCM-2021-B-B026,2021年数学建模国赛真题+优秀论文/2021年国赛优秀论文B题-B026/B24.jpg,055EED05FB5E714221AACE44E9ACE9297B8A7EDFB0B25F71072A3136D440461B,24,numeric filename tokens,0,1,NO_EXIF_ORIENTATION,PASS
CUMCM-2021-B-B026,2021年数学建模国赛真题+优秀论文/2021年国赛优秀论文B题-B026/B25.jpg,114215B1496D8764FC90FC77E558BB54EA7A056558C34087BC654D74AEB868B1,25,numeric filename tokens,0,1,NO_EXIF_ORIENTATION,PASS
CUMCM-2021-B-B026,2021年数学建模国赛真题+优秀论文/2021年国赛优秀论文B题-B026/B26.jpg,37BF38DC098C383D2E81D3BE8E610BBAA333653FC52D1E1E4891A0EE125AEAD9,26,numeric filename tokens,0,1,NO_EXIF_ORIENTATION,PASS
CUMCM-2021-B-B050,2021年数学建模国赛真题+优秀论文/2021年国赛优秀论文B题-B050/B1.jpg,C6BE943BF780B63CEB6604428FDA51945F454F1043F8D8CD0C9B755A938D8C17,1,numeric filename tokens,0,1,NO_EXIF_ORIENTATION,PASS
CUMCM-2021-B-B050,2021年数学建模国赛真题+优秀论文/2021年国赛优秀论文B题-B050/B2.jpg,DB0FC215F1915C5F5DB753ECE325BA282B03A5FFC07EF0EAF98264EFE50C2C62,2,numeric filename tokens,0,1,NO_EXIF_ORIENTATION,PASS
CUMCM-2021-B-B050,2021年数学建模国赛真题+优秀论文/2021年国赛优秀论文B题-B050/B3.jpg,D254754DBE90D867FAAE4DBC65B8E70B91F8AFD996995D28F4B43E8D4DBE89C2,3,numeric filename tokens,0,1,NO_EXIF_ORIENTATION,PASS
CUMCM-2021-B-B050,2021年数学建模国赛真题+优秀论文/2021年国赛优秀论文B题-B050/B4.jpg,5C6EDF6316926E67DEF386A84A5203254C82DC71BA3CF933001252AC94DA34AC,4,numeric filename tokens,0,1,NO_EXIF_ORIENTATION,PASS
CUMCM-2021-B-B050,2021年数学建模国赛真题+优秀论文/2021年国赛优秀论文B题-B050/B5.jpg,1553CA30C596A5E9C3143E659F10580B27F136F72F18340EA731F4950BFA9843,5,numeric filename tokens,0,1,NO_EXIF_ORIENTATION,PASS
CUMCM-2021-B-B050,2021年数学建模国赛真题+优秀论文/2021年国赛优秀论文B题-B050/B6.jpg,1FE30EE6EFF83F43D9B2998FC8CEF3832B2D7D2A49AE07DD3B72C5C2BC731BBD,6,numeric filename tokens,0,1,NO_EXIF_ORIENTATION,PASS
CUMCM-2021-B-B050,2021年数学建模国赛真题+优秀论文/2021年国赛优秀论文B题-B050/B7.jpg,B8EE49E3BE3AFBB581EF6E7B4C5FB248D60CBBACD74060D7E290CEDB5138D917,7,numeric filename tokens,0,1,NO_EXIF_ORIENTATION,PASS
CUMCM-2021-B-B050,2021年数学建模国赛真题+优秀论文/2021年国赛优秀论文B题-B050/B8.jpg,97A012DB0D735D9AEC442A54412249A7853B5614C7D78E1B814BDEE129D4241A,8,numeric filename tokens,0,1,NO_EXIF_ORIENTATION,PASS
CUMCM-2021-B-B050,2021年数学建模国赛真题+优秀论文/2021年国赛优秀论文B题-B050/B9.jpg,9ED531EC92931CF263B7A788C45DA962A66289F00689835467517C941E7C036A,9,numeric filename tokens,0,1,NO_EXIF_ORIENTATION,PASS
CUMCM-2021-B-B050,2021年数学建模国赛真题+优秀论文/2021年国赛优秀论文B题-B050/B10.jpg,C7CFDB6E80CC29E9A033BDC79DFD79BF1F4E91F1B6C42C7B82621B03ABC6EA5A,10,numeric filename tokens,0,1,NO_EXIF_ORIENTATION,PASS
CUMCM-2021-B-B050,2021年数学建模国赛真题+优秀论文/2021年国赛优秀论文B题-B050/B11.jpg,8FB75ECF45FA2D3A5E5CB079529D1E255B0253969C5998123D0DD06F61384635,11,numeric filename tokens,0,1,NO_EXIF_ORIENTATION,PASS
CUMCM-2021-B-B050,2021年数学建模国赛真题+优秀论文/2021年国赛优秀论文B题-B050/B12.jpg,139568B618A770B4B97ADF3F8ECD259F3062CBF34FEA229B89B19AD98975F02C,12,numeric filename tokens,0,1,NO_EXIF_ORIENTATION,PASS
CUMCM-2021-B-B050,2021年数学建模国赛真题+优秀论文/2021年国赛优秀论文B题-B050/B13.jpg,CC68B2CA73751CECFF9578FA3E40DEA31BE40B4FFFD697757FBE022B8B57D8AA,13,numeric filename tokens,0,1,NO_EXIF_ORIENTATION,PASS
CUMCM-2021-B-B050,2021年数学建模国赛真题+优秀论文/2021年国赛优秀论文B题-B050/B14.jpg,30147AED87131BD0B7F3E715D8D80D798F4D31FD32848A843893CD595123665E,14,numeric filename tokens,0,1,NO_EXIF_ORIENTATION,PASS
CUMCM-2021-B-B050,2021年数学建模国赛真题+优秀论文/2021年国赛优秀论文B题-B050/B15.jpg,39B0F25F5D9B0EA0AECF047B626001B026E04D341D854BCD3B1CFDBDF3C6DF01,15,numeric filename tokens,0,1,NO_EXIF_ORIENTATION,PASS
CUMCM-2021-B-B050,2021年数学建模国赛真题+优秀论文/2021年国赛优秀论文B题-B050/B16.jpg,99507FC29E4015D22000C3C7123EFCE7FBE149A59485291D7E479866A3430909,16,numeric filename tokens,0,1,NO_EXIF_ORIENTATION,PASS
CUMCM-2021-B-B050,2021年数学建模国赛真题+优秀论文/2021年国赛优秀论文B题-B050/B17.jpg,9C85907AF7404D09F5E93E808B65D38F91ABB78E4638570B307D7B7B66909382,17,numeric filename tokens,0,1,NO_EXIF_ORIENTATION,PASS
CUMCM-2021-B-B050,2021年数学建模国赛真题+优秀论文/2021年国赛优秀论文B题-B050/B18.jpg,E1CA879F88C24B4D6315E47B10335C21BA79F89B7844999459FBC925D4FF7F0E,18,numeric filename tokens,0,1,NO_EXIF_ORIENTATION,PASS
CUMCM-2021-B-B050,2021年数学建模国赛真题+优秀论文/2021年国赛优秀论文B题-B050/B19.jpg,3B025EAB4650EED574AD4803E0A13EE8D15B537832AFC928B57160C0E159B6C2,19,numeric filename tokens,0,1,NO_EXIF_ORIENTATION,PASS
CUMCM-2021-B-B050,2021年数学建模国赛真题+优秀论文/2021年国赛优秀论文B题-B050/B20.jpg,0C76660A5B5BCA680514F2358B4C3C03A130C2CFECAE3A7385608FC09645B1E1,20,numeric filename tokens,0,1,NO_EXIF_ORIENTATION,PASS
CUMCM-2021-B-B050,2021年数学建模国赛真题+优秀论文/2021年国赛优秀论文B题-B050/B21.jpg,F71D6CBAF24D53B7FF8139A0CAC5E5A9B7EB017FAEF5FAF095C4A2A3E228AE9F,21,numeric filename tokens,0,1,NO_EXIF_ORIENTATION,PASS
CUMCM-2021-B-B050,2021年数学建模国赛真题+优秀论文/2021年国赛优秀论文B题-B050/B22.jpg,0F9A3930A5AB99B3868AB7FA0180320F6B919B4B5534C20D137AA62DC73404E8,22,numeric filename tokens,0,1,NO_EXIF_ORIENTATION,PASS
CUMCM-2021-B-B050,2021年数学建模国赛真题+优秀论文/2021年国赛优秀论文B题-B050/B23.jpg,D77E86D88EF8AE6902ECECFC97E0BD87822EBF961071214582C0B949A51F6026,23,numeric filename tokens,0,1,NO_EXIF_ORIENTATION,PASS
CUMCM-2021-B-B050,2021年数学建模国赛真题+优秀论文/2021年国赛优秀论文B题-B050/B24.jpg,4835AA924B8A2228558715A703038321066532765A08B42616D3485BDC0F2E46,24,numeric filename tokens,0,1,NO_EXIF_ORIENTATION,PASS
CUMCM-2021-B-B050,2021年数学建模国赛真题+优秀论文/2021年国赛优秀论文B题-B050/B25.jpg,9F91C6F76D8C12F4C95693104B4F53510E67A2EF051FA068864749F99F5E17B4,25,numeric filename tokens,0,1,NO_EXIF_ORIENTATION,PASS
CUMCM-2021-B-B050,2021年数学建模国赛真题+优秀论文/2021年国赛优秀论文B题-B050/B26.jpg,24BC663AD552E1BA97C689BA95AD1D951F1511CD64566A7F4D88CD9C2686A20D,26,numeric filename tokens,0,1,NO_EXIF_ORIENTATION,PASS
CUMCM-2021-B-B050,2021年数学建模国赛真题+优秀论文/2021年国赛优秀论文B题-B050/B27.jpg,8B6FE327D520639491C5197115186A51481E04C38EF7AB6A5DAEEDDF597568FF,27,numeric filename tokens,0,1,NO_EXIF_ORIENTATION,PASS
CUMCM-2021-B-B050,2021年数学建模国赛真题+优秀论文/2021年国赛优秀论文B题-B050/B28.jpg,546840CCB329BE3F7F3167402730B19290F8F2D26F0D6731C47D75868FA136B2,28,numeric filename tokens,0,1,NO_EXIF_ORIENTATION,PASS
CUMCM-2021-B-B050,2021年数学建模国赛真题+优秀论文/2021年国赛优秀论文B题-B050/B29.jpg,2D725B77275BCBC513BC759BFC09B422AD0FAEE7CB8EEA39CC4DE816D886405D,29,numeric filename tokens,0,1,NO_EXIF_ORIENTATION,PASS
CUMCM-2021-B-B050,2021年数学建模国赛真题+优秀论文/2021年国赛优秀论文B题-B050/B30.jpg,B62F715E3BD2E179E95C65D8CD8A66BB05F91B480241771DACAF7FA10F683FC5,30,numeric filename tokens,0,1,NO_EXIF_ORIENTATION,PASS
CUMCM-2021-B-B050,2021年数学建模国赛真题+优秀论文/2021年国赛优秀论文B题-B050/B31.jpg,557F5BBE7BA50F74CA42FFC3D99E6912B764D646D31845E10B1D45B39C6C281C,31,numeric filename tokens,0,1,NO_EXIF_ORIENTATION,PASS
CUMCM-2021-B-B050,2021年数学建模国赛真题+优秀论文/2021年国赛优秀论文B题-B050/B32.jpg,ADC894728BA4C90427D63D076B659A009C93E681C6E720B04C7BC13BC255925D,32,numeric filename tokens,0,1,NO_EXIF_ORIENTATION,PASS
CUMCM-2021-B-B050,2021年数学建模国赛真题+优秀论文/2021年国赛优秀论文B题-B050/B33.jpg,3BF0B84A527985978957158273AE89EB6700786F163F28028D5D0EA9A3B8C238,33,numeric filename tokens,0,1,NO_EXIF_ORIENTATION,PASS
CUMCM-2021-B-B050,2021年数学建模国赛真题+优秀论文/2021年国赛优秀论文B题-B050/B34.jpg,C16EBFA9A5A0FA3801EE6138409E6EC6AD64F5E9F32A4AC767442806431FCE63,34,numeric filename tokens,0,1,NO_EXIF_ORIENTATION,PASS
CUMCM-2021-B-B050,2021年数学建模国赛真题+优秀论文/2021年国赛优秀论文B题-B050/B35.jpg,4E699CF5483DC45572E025AC238AA36CE250E8ADD085652835B692E035201C65,35,numeric filename tokens,0,1,NO_EXIF_ORIENTATION,PASS
CUMCM-2021-B-B050,2021年数学建模国赛真题+优秀论文/2021年国赛优秀论文B题-B050/B36.jpg,744F8C0AED7E5442972C4E708A21C411EDABF1697764724BCE2ECC7F4B1302FA,36,numeric filename tokens,0,1,NO_EXIF_ORIENTATION,PASS
CUMCM-2021-B-B050,2021年数学建模国赛真题+优秀论文/2021年国赛优秀论文B题-B050/B37.jpg,8958295F561FAD785BFDFB61DD5E41C6E2469514C20B982A8735D2E2C0CC3666,37,numeric filename tokens,0,1,NO_EXIF_ORIENTATION,PASS
CUMCM-2021-B-B050,2021年数学建模国赛真题+优秀论文/2021年国赛优秀论文B题-B050/B38.jpg,50FF5C70D477A3F023E8CCADE6D01A8F41A3FCCC7150FEE66DEE8FBD34342B89,38,numeric filename tokens,0,1,NO_EXIF_ORIENTATION,PASS
CUMCM-2021-B-B050,2021年数学建模国赛真题+优秀论文/2021年国赛优秀论文B题-B050/B39.jpg,766E18E94B24C7408871F84AAF742671720336F0F0C2A9DB5DE0D88D32119738,39,numeric filename tokens,0,1,NO_EXIF_ORIENTATION,PASS
CUMCM-2021-B-B050,2021年数学建模国赛真题+优秀论文/2021年国赛优秀论文B题-B050/B40.jpg,584C7015F9B10EE31D97BD3EECA0C0A480C86281457A966A12A575AE4FC28488,40,numeric filename tokens,0,1,NO_EXIF_ORIENTATION,PASS
CUMCM-2021-B-B050,2021年数学建模国赛真题+优秀论文/2021年国赛优秀论文B题-B050/B41.jpg,B086DD2AECB21564A0728EC10A1F98CB2C68D61A5FB3AD3F85D694CC6EAED2D4,41,numeric filename tokens,0,1,NO_EXIF_ORIENTATION,PASS
CUMCM-2021-B-B050,2021年数学建模国赛真题+优秀论文/2021年国赛优秀论文B题-B050/B42.jpg,8D741FC72287960522241CD901147234BF7EE877B23FB346C6F645F53A4136CE,42,numeric filename tokens,0,1,NO_EXIF_ORIENTATION,PASS
CUMCM-2021-B-B050,2021年数学建模国赛真题+优秀论文/2021年国赛优秀论文B题-B050/B43.jpg,2BB404EE333D9F9B9272DC639630122086196432AA7825F06EAA378262897726,43,numeric filename tokens,0,1,NO_EXIF_ORIENTATION,PASS
CUMCM-2021-B-B050,2021年数学建模国赛真题+优秀论文/2021年国赛优秀论文B题-B050/B44.jpg,D2EF7660D9F941BE041C0E2942C75FADB45CB9DDF4B3E192A40C269CD7FB4192,44,numeric filename tokens,0,1,NO_EXIF_ORIENTATION,PASS
CUMCM-2021-B-B050,2021年数学建模国赛真题+优秀论文/2021年国赛优秀论文B题-B050/B45.jpg,A8316ECF808DE69D5BE928B658A8DC226C173542F36E7EB3D818DED962BC87E3,45,numeric filename tokens,0,1,NO_EXIF_ORIENTATION,PASS
CUMCM-2021-B-B050,2021年数学建模国赛真题+优秀论文/2021年国赛优秀论文B题-B050/B46.jpg,2D7A35F978E4BBBBB73EEFA5647BF421C1CF66D4D42CBB6BCB590D2164A81897,46,numeric filename tokens,0,1,NO_EXIF_ORIENTATION,PASS
CUMCM-2021-B-B050,2021年数学建模国赛真题+优秀论文/2021年国赛优秀论文B题-B050/B47.jpg,F54240A80F1DA83A75BAB159FEC712E8873FBD554FE70F0E82676A7C449E362C,47,numeric filename tokens,0,1,NO_EXIF_ORIENTATION,PASS
CUMCM-2021-B-B050,2021年数学建模国赛真题+优秀论文/2021年国赛优秀论文B题-B050/B48.jpg,899FF5123184ACF389426AF6D230F7039A7DE14B1E9EB2C4EC59F8873300BB55,48,numeric filename tokens,0,1,NO_EXIF_ORIENTATION,PASS
CUMCM-2021-B-B050,2021年数学建模国赛真题+优秀论文/2021年国赛优秀论文B题-B050/B49.jpg,5ECC909DEBEA304E26CBE0894D33BF6D185CCBAB16DAA3DDF1FF8E1934F346BF,49,numeric filename tokens,0,1,NO_EXIF_ORIENTATION,PASS
CUMCM-2021-B-B050,2021年数学建模国赛真题+优秀论文/2021年国赛优秀论文B题-B050/B50.jpg,472E02A4CBD33B1FFD3496A6FD19A06A40DC3507D22022F6A75E21D97F2F06C7,50,numeric filename tokens,0,1,NO_EXIF_ORIENTATION,PASS
CUMCM-2021-B-B050,2021年数学建模国赛真题+优秀论文/2021年国赛优秀论文B题-B050/B51.jpg,A73B8EE4C1D1A9A865254C84AD14B1B8CFF1CF8BC3755E0345259CBD7886CBE8,51,numeric filename tokens,0,1,NO_EXIF_ORIENTATION,PASS
CUMCM-2021-B-B050,2021年数学建模国赛真题+优秀论文/2021年国赛优秀论文B题-B050/B52.jpg,4A8FF51C42AA6EB21FFA8F51D8A36163D3CB8799F095E21353CCAA0BF6644314,52,numeric filename tokens,0,1,NO_EXIF_ORIENTATION,PASS
CUMCM-2021-B-B050,2021年数学建模国赛真题+优秀论文/2021年国赛优秀论文B题-B050/B53.jpg,4674E7DDE347861B12CB04B1EA2ACFA0BEB27EA2B87846C6DA46D424B2DE9470,53,numeric filename tokens,0,1,NO_EXIF_ORIENTATION,PASS
CUMCM-2021-B-B050,2021年数学建模国赛真题+优秀论文/2021年国赛优秀论文B题-B050/B54.jpg,A37FEA1276CF4AE57E0A14CF2C766EB331F0BA60F1FFD16248E63EC157E4DBE0,54,numeric filename tokens,0,1,NO_EXIF_ORIENTATION,PASS
CUMCM-2021-B-B050,2021年数学建模国赛真题+优秀论文/2021年国赛优秀论文B题-B050/B55.jpg,39CB680F807B52E14DC05AE42E64C2AC15181A4DDE520AAE4846B735B3FDA702,55,numeric filename tokens,0,1,NO_EXIF_ORIENTATION,PASS
CUMCM-2021-B-B050,2021年数学建模国赛真题+优秀论文/2021年国赛优秀论文B题-B050/B56.jpg,056A654C34A0485EE96DE6F425D2F0E128B247D9EF9B1FC646A0E6CDBA484864,56,numeric filename tokens,0,1,NO_EXIF_ORIENTATION,PASS
CUMCM-2021-B-B050,2021年数学建模国赛真题+优秀论文/2021年国赛优秀论文B题-B050/B57.jpg,56C6AFB24255B322C2F05B548F1699FC62D4CCDFD2EFC5CFB83AA57B802B5D2F,57,numeric filename tokens,0,1,NO_EXIF_ORIENTATION,PASS
CUMCM-2021-B-B050,2021年数学建模国赛真题+优秀论文/2021年国赛优秀论文B题-B050/B58.jpg,D13252F9C9E38C6A6A2CCF2EFA5E75E894CC66801C77F2F2446AB8C1760C3463,58,numeric filename tokens,0,1,NO_EXIF_ORIENTATION,PASS
CUMCM-2021-B-B050,2021年数学建模国赛真题+优秀论文/2021年国赛优秀论文B题-B050/B59.jpg,04353DD5F4D1DCC6606023AD4BC35269D6E920633ABE45F982F9FE41EAD0FBD2,59,numeric filename tokens,0,1,NO_EXIF_ORIENTATION,PASS
CUMCM-2021-B-B106,2021年数学建模国赛真题+优秀论文/2021年国赛优秀论文B题-B106/B1.jpg,C2006CC92DDDA31601271F31FAC56DC2C53D04B5A30215E7B08A0555DED45718,1,numeric filename tokens,0,1,NO_EXIF_ORIENTATION,PASS
CUMCM-2021-B-B106,2021年数学建模国赛真题+优秀论文/2021年国赛优秀论文B题-B106/B2.jpg,4595A9EA9653F084F8DA82C400AF987E38CE925CBBC53D9CBAA1972A8E4113C9,2,numeric filename tokens,0,1,NO_EXIF_ORIENTATION,PASS
CUMCM-2021-B-B106,2021年数学建模国赛真题+优秀论文/2021年国赛优秀论文B题-B106/B3.jpg,8247EC263331B0D487640D50673239204B698FFE4EDE4E4EB80E9A5A333FE18F,3,numeric filename tokens,0,1,NO_EXIF_ORIENTATION,PASS
CUMCM-2021-B-B106,2021年数学建模国赛真题+优秀论文/2021年国赛优秀论文B题-B106/B4.jpg,124321804F1BB6C76401E34ADE43972609C4195FD186943DCE8A83FAF3EA347D,4,numeric filename tokens,0,1,NO_EXIF_ORIENTATION,PASS
CUMCM-2021-B-B106,2021年数学建模国赛真题+优秀论文/2021年国赛优秀论文B题-B106/B5.jpg,30369373CBD4E1F0B9BEDC652E7DF72866A222678C9BAB1581C844366D3B2A1F,5,numeric filename tokens,0,1,NO_EXIF_ORIENTATION,PASS
CUMCM-2021-B-B106,2021年数学建模国赛真题+优秀论文/2021年国赛优秀论文B题-B106/B6.jpg,98F191CF942F722E69786099F014EFC4078E302097AE1EE2CE298A647FFE0ED7,6,numeric filename tokens,0,1,NO_EXIF_ORIENTATION,PASS
CUMCM-2021-B-B106,2021年数学建模国赛真题+优秀论文/2021年国赛优秀论文B题-B106/B7.jpg,0D8C6818C7E69AA27200014217A1D2D5264CB309BBC71BCCBFC1D01E8F10D63D,7,numeric filename tokens,0,1,NO_EXIF_ORIENTATION,PASS
CUMCM-2021-B-B106,2021年数学建模国赛真题+优秀论文/2021年国赛优秀论文B题-B106/B8.jpg,0E2D8D5A0CFFDB068F9CD6FBC58A2121451293ABADEC5A2DECAEDB86D29C2A12,8,numeric filename tokens,0,1,NO_EXIF_ORIENTATION,PASS
CUMCM-2021-B-B106,2021年数学建模国赛真题+优秀论文/2021年国赛优秀论文B题-B106/B9.jpg,070D3A2B0B9832785E37397D9D7EE67E7A980653590E75161D952581D4C0EE22,9,numeric filename tokens,0,1,NO_EXIF_ORIENTATION,PASS
CUMCM-2021-B-B106,2021年数学建模国赛真题+优秀论文/2021年国赛优秀论文B题-B106/B10.jpg,8A93E265A462716CD1CA66AFCA40E043124D039EFD0C97DE6CE3635932888B1E,10,numeric filename tokens,0,1,NO_EXIF_ORIENTATION,PASS
CUMCM-2021-B-B106,2021年数学建模国赛真题+优秀论文/2021年国赛优秀论文B题-B106/B11.jpg,4A19A0BCA986A71698B8C7D0C7B69E0E32E448C669FB42D606A0A5A7402B82D8,11,numeric filename tokens,0,1,NO_EXIF_ORIENTATION,PASS
CUMCM-2021-B-B106,2021年数学建模国赛真题+优秀论文/2021年国赛优秀论文B题-B106/B12.jpg,35F744573845652F0BF820C97CDD3E992B89D223DD6E233EF14D173D6A32BD20,12,numeric filename tokens,0,1,NO_EXIF_ORIENTATION,PASS
CUMCM-2021-B-B106,2021年数学建模国赛真题+优秀论文/2021年国赛优秀论文B题-B106/B13.jpg,66F06FE0F114201DB9BA9BB8A8C56B9947C5352F97A22606170D0ECB63D359D8,13,numeric filename tokens,0,1,NO_EXIF_ORIENTATION,PASS
CUMCM-2021-B-B106,2021年数学建模国赛真题+优秀论文/2021年国赛优秀论文B题-B106/B14.jpg,C0F8FE9D3B097C75EEB8E05C690807A67C1F9279F16B0E787CFCFAE21CC7983D,14,numeric filename tokens,0,1,NO_EXIF_ORIENTATION,PASS
CUMCM-2021-B-B106,2021年数学建模国赛真题+优秀论文/2021年国赛优秀论文B题-B106/B15.jpg,77FDC3C0B647C1F22FBE0A6A65AFA1D83DB1589285E9BE904B19EF0ACC9E4ADD,15,numeric filename tokens,0,1,NO_EXIF_ORIENTATION,PASS
CUMCM-2021-B-B106,2021年数学建模国赛真题+优秀论文/2021年国赛优秀论文B题-B106/B16.jpg,BCB6A082C59000823EC5D6ECC6CD92409FDF526A09B98BA7E7E36E9A5BAB7DF5,16,numeric filename tokens,0,1,NO_EXIF_ORIENTATION,PASS
CUMCM-2021-B-B106,2021年数学建模国赛真题+优秀论文/2021年国赛优秀论文B题-B106/B17.jpg,35921115D869A70CEED2110AA9817CBF4AD13EE2552BB569B9FBAC7FA8E54F2E,17,numeric filename tokens,0,1,NO_EXIF_ORIENTATION,PASS
CUMCM-2021-B-B106,2021年数学建模国赛真题+优秀论文/2021年国赛优秀论文B题-B106/B18.jpg,EC39C1052C2B7FA26C1F14DE3D5162D163A1BFF232F69C85AA59C8B366F813BC,18,numeric filename tokens,0,1,NO_EXIF_ORIENTATION,PASS
CUMCM-2021-B-B106,2021年数学建模国赛真题+优秀论文/2021年国赛优秀论文B题-B106/B19.jpg,9B0F7C60AC2E43903D097D4A96C0B0916CB72ED44F649A921B15E7D60FD18F8B,19,numeric filename tokens,0,1,NO_EXIF_ORIENTATION,PASS
CUMCM-2021-B-B106,2021年数学建模国赛真题+优秀论文/2021年国赛优秀论文B题-B106/B20.jpg,8537BDA27B0DD543B24A7CA7B50FB0EB540CAC17B07911B707BDB202D1EBD858,20,numeric filename tokens,0,1,NO_EXIF_ORIENTATION,PASS
CUMCM-2021-B-B106,2021年数学建模国赛真题+优秀论文/2021年国赛优秀论文B题-B106/B21.jpg,7EBE5D9B7FCBB57D74D080A4FD23CBA3CAB730AD65EF77126E0F30349E2125C6,21,numeric filename tokens,0,1,NO_EXIF_ORIENTATION,PASS
CUMCM-2021-B-B106,2021年数学建模国赛真题+优秀论文/2021年国赛优秀论文B题-B106/B22.jpg,4C28CA7110970D1D60D008A4BE3FA21D92EF6C2DACE0650D2E006F921DD84EFB,22,numeric filename tokens,0,1,NO_EXIF_ORIENTATION,PASS
CUMCM-2021-B-B106,2021年数学建模国赛真题+优秀论文/2021年国赛优秀论文B题-B106/B23.jpg,B329EF1A015017764D46476DF71906145BE10D693E7ECF18336409D507D9DA50,23,numeric filename tokens,0,1,NO_EXIF_ORIENTATION,PASS
CUMCM-2021-B-B106,2021年数学建模国赛真题+优秀论文/2021年国赛优秀论文B题-B106/B24.jpg,60BD348305E83282B296CFEA87586923B3E5EDD07868F4D202B3AE31E56C23A2,24,numeric filename tokens,0,1,NO_EXIF_ORIENTATION,PASS
CUMCM-2021-B-B106,2021年数学建模国赛真题+优秀论文/2021年国赛优秀论文B题-B106/B25.jpg,DFF422E201CD904F2365741D7E7B289A96D3BFEA6FAF5661764DC2B12132C4E1,25,numeric filename tokens,0,1,NO_EXIF_ORIENTATION,PASS
CUMCM-2021-B-B106,2021年数学建模国赛真题+优秀论文/2021年国赛优秀论文B题-B106/B26.jpg,9DDF1D42FD187BE5DB71CE3EBE9411B0E6705312FF75BBEB547CDFAC885F1AE4,26,numeric filename tokens,0,1,NO_EXIF_ORIENTATION,PASS
CUMCM-2021-B-B106,2021年数学建模国赛真题+优秀论文/2021年国赛优秀论文B题-B106/B27.jpg,3DAA6C567E72CB1F3FE62BFF795447F8728C4F060B80C0E5C47117C582B93450,27,numeric filename tokens,0,1,NO_EXIF_ORIENTATION,PASS
CUMCM-2021-B-B106,2021年数学建模国赛真题+优秀论文/2021年国赛优秀论文B题-B106/B28.jpg,EF65B850349537CBD7E9310D308500554335582397CD33D38DD407C04D236CCE,28,numeric filename tokens,0,1,NO_EXIF_ORIENTATION,PASS
CUMCM-2021-C-C066,2021年数学建模国赛真题+优秀论文/2021年国赛优秀论文C题-C066/C1.jpg,1CF669C857E11FD25958DCA7954A9C5F1A4F616DAFB6FD44E6275C73FA4CFCF3,1,numeric filename tokens,0,1,NO_EXIF_ORIENTATION,PASS
CUMCM-2021-C-C066,2021年数学建模国赛真题+优秀论文/2021年国赛优秀论文C题-C066/C2.jpg,054B1AD44280AC205CF0381A5BCEE911EFB8539BB5C52A9F55E86512E231A360,2,numeric filename tokens,0,1,NO_EXIF_ORIENTATION,PASS
CUMCM-2021-C-C066,2021年数学建模国赛真题+优秀论文/2021年国赛优秀论文C题-C066/C3.jpg,45CA6EFE9AA421BF07915B72B1E44824F5B0B7FA511EEAD75BE948496F290F37,3,numeric filename tokens,0,1,NO_EXIF_ORIENTATION,PASS
CUMCM-2021-C-C066,2021年数学建模国赛真题+优秀论文/2021年国赛优秀论文C题-C066/C4.jpg,76D34EF50770D19AF0B88543F5AF9E33E3EBD680C4C4FCF99BAD0B2AAAF59022,4,numeric filename tokens,0,1,NO_EXIF_ORIENTATION,PASS
CUMCM-2021-C-C066,2021年数学建模国赛真题+优秀论文/2021年国赛优秀论文C题-C066/C5.jpg,E29982614031280DB0BFF6A32458A361EBF4908FD94DBB2873B840F56FC28947,5,numeric filename tokens,0,1,NO_EXIF_ORIENTATION,PASS
CUMCM-2021-C-C066,2021年数学建模国赛真题+优秀论文/2021年国赛优秀论文C题-C066/C6.jpg,E8EBF57BE91348DF3C583B580A2F6FF061228468D4F0F04304475303DE16411B,6,numeric filename tokens,0,1,NO_EXIF_ORIENTATION,PASS
CUMCM-2021-C-C066,2021年数学建模国赛真题+优秀论文/2021年国赛优秀论文C题-C066/C7.jpg,A8988FAC92006125800FA19F2AFFCCCF2FE7CD8A99F0075F40F51FA52A6D5474,7,numeric filename tokens,0,1,NO_EXIF_ORIENTATION,PASS
CUMCM-2021-C-C066,2021年数学建模国赛真题+优秀论文/2021年国赛优秀论文C题-C066/C8.jpg,7F71B8AA1A78A09CFA04FF64B1C52C0436F8258CA5994D93780BEED9454906E3,8,numeric filename tokens,0,1,NO_EXIF_ORIENTATION,PASS
CUMCM-2021-C-C066,2021年数学建模国赛真题+优秀论文/2021年国赛优秀论文C题-C066/C9.jpg,BC63D47BF37E5481C5F3139A4735C61029A3B5DF98DA9D4E27D1CBB4403E8FBC,9,numeric filename tokens,0,1,NO_EXIF_ORIENTATION,PASS
CUMCM-2021-C-C066,2021年数学建模国赛真题+优秀论文/2021年国赛优秀论文C题-C066/C10.jpg,084879937DDB23D048C12C8A3231519A266A9461EA618905A413FE3D7856E03B,10,numeric filename tokens,0,1,NO_EXIF_ORIENTATION,PASS
CUMCM-2021-C-C066,2021年数学建模国赛真题+优秀论文/2021年国赛优秀论文C题-C066/C11.jpg,E44006CF6A6D353263D30CD3621EB3D9463E70A3720CE498F3E5E135378C1489,11,numeric filename tokens,0,1,NO_EXIF_ORIENTATION,PASS
CUMCM-2021-C-C066,2021年数学建模国赛真题+优秀论文/2021年国赛优秀论文C题-C066/C12.jpg,F939868076D790788CB08CAEC082C4228087D086BFDCE6F53D647BBC87AD906C,12,numeric filename tokens,0,1,NO_EXIF_ORIENTATION,PASS
CUMCM-2021-C-C066,2021年数学建模国赛真题+优秀论文/2021年国赛优秀论文C题-C066/C13.jpg,02EC783D6A53A5FF1C545D45E8A1DD7955D76CA2B786097D0DFE96794FC49CD4,13,numeric filename tokens,0,1,NO_EXIF_ORIENTATION,PASS
CUMCM-2021-C-C066,2021年数学建模国赛真题+优秀论文/2021年国赛优秀论文C题-C066/C14.jpg,965CBD3CC4CA172E6BF60916B5075B251B5E38B4F39E8A4C7078AD6C26075B5D,14,numeric filename tokens,0,1,NO_EXIF_ORIENTATION,PASS
CUMCM-2021-C-C066,2021年数学建模国赛真题+优秀论文/2021年国赛优秀论文C题-C066/C15.jpg,977060FD51A377B801F8DDAE4BEF0799B4883FFF075769B59DF345C474D87CCC,15,numeric filename tokens,0,1,NO_EXIF_ORIENTATION,PASS
CUMCM-2021-C-C066,2021年数学建模国赛真题+优秀论文/2021年国赛优秀论文C题-C066/C16.jpg,725CC84BF7C2D7BC16684F06F81FE2463B17FD3224C5D986DD778F036883EAC4,16,numeric filename tokens,0,1,NO_EXIF_ORIENTATION,PASS
CUMCM-2021-C-C066,2021年数学建模国赛真题+优秀论文/2021年国赛优秀论文C题-C066/C17.jpg,8B2FE6C3FB9446F2C1058FBF49C3726C5AD7B916DE8B77E2535109ACA7D95F87,17,numeric filename tokens,0,1,NO_EXIF_ORIENTATION,PASS
CUMCM-2021-C-C066,2021年数学建模国赛真题+优秀论文/2021年国赛优秀论文C题-C066/C18.jpg,2342AD423E8E59B9B425EC6505502CD5AD38562F22FA1F005EDE8FE956146651,18,numeric filename tokens,0,1,NO_EXIF_ORIENTATION,PASS
CUMCM-2021-C-C066,2021年数学建模国赛真题+优秀论文/2021年国赛优秀论文C题-C066/C19.jpg,AA2407E80C434BFF3F7F1D13B7D51FFF329BF9BADC52F36FA5E64AE049FE511D,19,numeric filename tokens,0,1,NO_EXIF_ORIENTATION,PASS
CUMCM-2021-C-C066,2021年数学建模国赛真题+优秀论文/2021年国赛优秀论文C题-C066/C20.jpg,E1A1773A39FB49D4D3A2AEE66924463EAE1E03DA180958DCF3CF876328302197,20,numeric filename tokens,0,1,NO_EXIF_ORIENTATION,PASS
CUMCM-2021-C-C066,2021年数学建模国赛真题+优秀论文/2021年国赛优秀论文C题-C066/C21.jpg,83919DF68C48150C3C3CBC9552386BD04EF6C27FE7A368E7EF5156FFAB8091DA,21,numeric filename tokens,0,1,NO_EXIF_ORIENTATION,PASS
CUMCM-2021-C-C066,2021年数学建模国赛真题+优秀论文/2021年国赛优秀论文C题-C066/C22.jpg,AE6F6129555E7B50F74F101DC3B4C09530AD4BB281065ECAC8076EB7B1F33E41,22,numeric filename tokens,0,1,NO_EXIF_ORIENTATION,PASS
CUMCM-2021-C-C066,2021年数学建模国赛真题+优秀论文/2021年国赛优秀论文C题-C066/C23.jpg,B4FE256257C9CFD8B755EA14B64A71F864BFD9EA508DB2CF97576D02805BD0FA,23,numeric filename tokens,0,1,NO_EXIF_ORIENTATION,PASS
CUMCM-2021-C-C066,2021年数学建模国赛真题+优秀论文/2021年国赛优秀论文C题-C066/C24.jpg,BCE8D141EF6AC390DC8B8A60EC8B2246A549339EEBFA4BDCD1209D76B91E7952,24,numeric filename tokens,0,1,NO_EXIF_ORIENTATION,PASS
CUMCM-2021-C-C066,2021年数学建模国赛真题+优秀论文/2021年国赛优秀论文C题-C066/C25.jpg,C289949874C11C006E70E6A7AB5E3D93D1174F90685F3CD341AC4291E554E4E8,25,numeric filename tokens,0,1,NO_EXIF_ORIENTATION,PASS
CUMCM-2021-C-C066,2021年数学建模国赛真题+优秀论文/2021年国赛优秀论文C题-C066/C26.jpg,5A94ECA3819F3B8FBB3DBBE6DE64276D55788337DF437E9B64879656CCF8F65F,26,numeric filename tokens,0,1,NO_EXIF_ORIENTATION,PASS
CUMCM-2021-C-C066,2021年数学建模国赛真题+优秀论文/2021年国赛优秀论文C题-C066/C27.jpg,68591079C42C13070E6FDCBCCF500AB31C9431DECF81943B043A9C400AA6DDCB,27,numeric filename tokens,0,1,NO_EXIF_ORIENTATION,PASS
CUMCM-2021-C-C066,2021年数学建模国赛真题+优秀论文/2021年国赛优秀论文C题-C066/C28.jpg,2F132665A7FFF81669E6C464AB9947F47FA0E2BD493BBE1F2CDB82512476E3BD,28,numeric filename tokens,0,1,NO_EXIF_ORIENTATION,PASS
CUMCM-2021-C-C066,2021年数学建模国赛真题+优秀论文/2021年国赛优秀论文C题-C066/C29.jpg,16D6D91C4593C50E45E68AFC1E3A5F99B408C240B4B0862874BCF543C9E1472D,29,numeric filename tokens,0,1,NO_EXIF_ORIENTATION,PASS
CUMCM-2021-C-C066,2021年数学建模国赛真题+优秀论文/2021年国赛优秀论文C题-C066/C30.jpg,DF8AEE0F9EF32CE6FD5CEE66498ACF081C1EACA73900401877851CDF41342B81,30,numeric filename tokens,0,1,NO_EXIF_ORIENTATION,PASS
CUMCM-2021-C-C066,2021年数学建模国赛真题+优秀论文/2021年国赛优秀论文C题-C066/C31.jpg,23A4C1C610F2D39E2DC1E75F69048370B18A995D393899B0B5CD3C170A4E905B,31,numeric filename tokens,0,1,NO_EXIF_ORIENTATION,PASS
CUMCM-2021-C-C066,2021年数学建模国赛真题+优秀论文/2021年国赛优秀论文C题-C066/C32.jpg,1BCAE12EC2A7100773BE90931D79251BCB3EFDCB13D7472FD325A4BD70F555B0,32,numeric filename tokens,0,1,NO_EXIF_ORIENTATION,PASS
CUMCM-2021-C-C066,2021年数学建模国赛真题+优秀论文/2021年国赛优秀论文C题-C066/C33.jpg,09E38BB35B9D4B5E14B961AC62FF0ECE9E5C6908C43C2A4EC4B47042E4B0F56F,33,numeric filename tokens,0,1,NO_EXIF_ORIENTATION,PASS
CUMCM-2021-C-C066,2021年数学建模国赛真题+优秀论文/2021年国赛优秀论文C题-C066/C34.jpg,5F51D937EDA54391CEAA784B9E55CC21907C01B76A62F9D621F67816DCA2A7F6,34,numeric filename tokens,0,1,NO_EXIF_ORIENTATION,PASS
CUMCM-2021-C-C066,2021年数学建模国赛真题+优秀论文/2021年国赛优秀论文C题-C066/C35.jpg,DD62A9D1CF52F3164AF3ED30DB62F517F213F1C122CAB85E806295C16B732F39,35,numeric filename tokens,0,1,NO_EXIF_ORIENTATION,PASS
CUMCM-2021-C-C066,2021年数学建模国赛真题+优秀论文/2021年国赛优秀论文C题-C066/C36.jpg,DF10953A77C834773A0C1A757B855DD23E59F2DA133178CD8C775CEDEAD99470,36,numeric filename tokens,0,1,NO_EXIF_ORIENTATION,PASS
CUMCM-2021-C-C066,2021年数学建模国赛真题+优秀论文/2021年国赛优秀论文C题-C066/C37.jpg,7FB0C18FA9E418A8B42C567DD1D73C15CE802E1254A3B1D6F2FBD3E938DD1BA3,37,numeric filename tokens,0,1,NO_EXIF_ORIENTATION,PASS
CUMCM-2021-C-C066,2021年数学建模国赛真题+优秀论文/2021年国赛优秀论文C题-C066/C38.jpg,9EE47208D03B8654BE453E7A2CB8898807F43D3B43395C687AB292F857215A18,38,numeric filename tokens,0,1,NO_EXIF_ORIENTATION,PASS
CUMCM-2021-C-C066,2021年数学建模国赛真题+优秀论文/2021年国赛优秀论文C题-C066/C39.jpg,B39A07FDCE53D61C5D863E49D8AD102A1D1E5F462D1C84C3D5F440EE014F4155,39,numeric filename tokens,0,1,NO_EXIF_ORIENTATION,PASS
CUMCM-2021-C-C066,2021年数学建模国赛真题+优秀论文/2021年国赛优秀论文C题-C066/C40.jpg,A233B9FC23CDE90A32C2C8993F9AF0938E1823DB42C36040A1B232585945DF25,40,numeric filename tokens,0,1,NO_EXIF_ORIENTATION,PASS
CUMCM-2021-C-C066,2021年数学建模国赛真题+优秀论文/2021年国赛优秀论文C题-C066/C41.jpg,19C9D5418C0F6DAFF8816BCF9F1CD226A09753E6444EE776D8FC7AF2C62AC566,41,numeric filename tokens,0,1,NO_EXIF_ORIENTATION,PASS
CUMCM-2021-C-C066,2021年数学建模国赛真题+优秀论文/2021年国赛优秀论文C题-C066/C42.jpg,2F6E39881CF14FC6E6F18E3BE83F9A74A39B539C6444C018CF19B5B09EE4AA2D,42,numeric filename tokens,0,1,NO_EXIF_ORIENTATION,PASS
CUMCM-2021-C-C066,2021年数学建模国赛真题+优秀论文/2021年国赛优秀论文C题-C066/C43.jpg,43F7DD10544204B59311B75E6486F70E8D2F332175EF4782F263C26638DB20D3,43,numeric filename tokens,0,1,NO_EXIF_ORIENTATION,PASS
CUMCM-2021-C-C066,2021年数学建模国赛真题+优秀论文/2021年国赛优秀论文C题-C066/C44.jpg,6A31458705760ECF2677FD6910950C6D911E9F5D5567C115E4E503471911FAAF,44,numeric filename tokens,0,1,NO_EXIF_ORIENTATION,PASS
CUMCM-2021-C-C066,2021年数学建模国赛真题+优秀论文/2021年国赛优秀论文C题-C066/C45.jpg,9C4DD3A9E68DC511769B1F45371F885E6664586EF8DA128918394D4FD5C071EC,45,numeric filename tokens,0,1,NO_EXIF_ORIENTATION,PASS
CUMCM-2021-C-C066,2021年数学建模国赛真题+优秀论文/2021年国赛优秀论文C题-C066/C46.jpg,3A8A133DBBAD294D1B342692F471672554DA004020B2115E847D408783573D6B,46,numeric filename tokens,0,1,NO_EXIF_ORIENTATION,PASS
CUMCM-2021-C-C066,2021年数学建模国赛真题+优秀论文/2021年国赛优秀论文C题-C066/C47.jpg,F1A0CCD8882D4FF81E7B0139915A9434508EF98621F04A20E1AF3AF1F07C0196,47,numeric filename tokens,0,1,NO_EXIF_ORIENTATION,PASS
CUMCM-2021-C-C066,2021年数学建模国赛真题+优秀论文/2021年国赛优秀论文C题-C066/C48.jpg,4EA5ECF2F14D2C8D772FD4A5B87CD7C8BDDA8D919A8B4474B876D1D2A9DA4359,48,numeric filename tokens,0,1,NO_EXIF_ORIENTATION,PASS
CUMCM-2021-C-C066,2021年数学建模国赛真题+优秀论文/2021年国赛优秀论文C题-C066/C49.jpg,87F983848956A434B34A0780AE8588563D21620F1CB6C735A9C00DBFB633C121,49,numeric filename tokens,0,1,NO_EXIF_ORIENTATION,PASS
CUMCM-2021-C-C066,2021年数学建模国赛真题+优秀论文/2021年国赛优秀论文C题-C066/C50.jpg,C13519584389192B69285E737A3BD92C81C6557BCE62B244A927AD4E94531B31,50,numeric filename tokens,0,1,NO_EXIF_ORIENTATION,PASS
CUMCM-2021-C-C066,2021年数学建模国赛真题+优秀论文/2021年国赛优秀论文C题-C066/C51.jpg,274437B59F08763931C492888D910E78DC9C68391B9A691EA6361291A5E51A9A,51,numeric filename tokens,0,1,NO_EXIF_ORIENTATION,PASS
CUMCM-2021-C-C066,2021年数学建模国赛真题+优秀论文/2021年国赛优秀论文C题-C066/C52.jpg,C922AD39DFAB4D31904216372F617CF4ED4C8C82492BD9528F63C11184493897,52,numeric filename tokens,0,1,NO_EXIF_ORIENTATION,PASS
CUMCM-2021-C-C066,2021年数学建模国赛真题+优秀论文/2021年国赛优秀论文C题-C066/C53.jpg,39766816ED8F945552DD3B2D02C14A912BF0AD8922765CD66D436F195860490C,53,numeric filename tokens,0,1,NO_EXIF_ORIENTATION,PASS
CUMCM-2021-C-C066,2021年数学建模国赛真题+优秀论文/2021年国赛优秀论文C题-C066/C54.jpg,C5429A2FC5266EAF39AB99ABF0393FF1E6ABADCF856EF7E56364DFD2FE232F42,54,numeric filename tokens,0,1,NO_EXIF_ORIENTATION,PASS
CUMCM-2021-C-C066,2021年数学建模国赛真题+优秀论文/2021年国赛优秀论文C题-C066/C55.jpg,45F9D3CD654DF27BD2B0247011FF394998722DBD0E126081B5736F398A86A0DA,55,numeric filename tokens,0,1,NO_EXIF_ORIENTATION,PASS
CUMCM-2021-C-C066,2021年数学建模国赛真题+优秀论文/2021年国赛优秀论文C题-C066/C56.jpg,925DE771DB95C5D657B851AF945FD6F018AC555B3D835C175EF8923BD35D95CD,56,numeric filename tokens,0,1,NO_EXIF_ORIENTATION,PASS
CUMCM-2021-C-C066,2021年数学建模国赛真题+优秀论文/2021年国赛优秀论文C题-C066/C57.jpg,7A31A43F29BBE12745CD8FEBC2AD3F6201B0E321E1BAB5E06E08B1AAB5E5E223,57,numeric filename tokens,0,1,NO_EXIF_ORIENTATION,PASS
CUMCM-2021-C-C066,2021年数学建模国赛真题+优秀论文/2021年国赛优秀论文C题-C066/C58.jpg,DF3987345145451A7B32F1B5CB852B563E9AF395DE05018601D8F9BC6F13A54F,58,numeric filename tokens,0,1,NO_EXIF_ORIENTATION,PASS
CUMCM-2021-C-C066,2021年数学建模国赛真题+优秀论文/2021年国赛优秀论文C题-C066/C59.jpg,CC15F099B5C4000AD462C271A2137FFB3ED6DCF7639A4E0AFD84890BB900A3A8,59,numeric filename tokens,0,1,NO_EXIF_ORIENTATION,PASS
CUMCM-2021-C-C066,2021年数学建模国赛真题+优秀论文/2021年国赛优秀论文C题-C066/C60.jpg,E422A6E962255783BF7C2E1DA862499F30E5A838A583E5AA15060751267A3A6F,60,numeric filename tokens,0,1,NO_EXIF_ORIENTATION,PASS
CUMCM-2021-C-C085,2021年数学建模国赛真题+优秀论文/2021年国赛优秀论文C题-C085/C1.jpg,24D7E77815731CDAD56457C691FB63EFD8A1ABD70A15FF6E9519549B6C008449,1,numeric filename tokens,0,1,NO_EXIF_ORIENTATION,PASS
CUMCM-2021-C-C085,2021年数学建模国赛真题+优秀论文/2021年国赛优秀论文C题-C085/C2.jpg,B9A34E020ABE7F3028ACFAB54C8EA39CA7E270DB860FE349346B1BCE8EFAE3B9,2,numeric filename tokens,0,1,NO_EXIF_ORIENTATION,PASS
CUMCM-2021-C-C085,2021年数学建模国赛真题+优秀论文/2021年国赛优秀论文C题-C085/C3.jpg,0420AFD09E99BF3EBB1248298196992E2BE2A844294C0A4D5C99EED9B38A0CAC,3,numeric filename tokens,0,1,NO_EXIF_ORIENTATION,PASS
CUMCM-2021-C-C085,2021年数学建模国赛真题+优秀论文/2021年国赛优秀论文C题-C085/C4.jpg,2B0E7590DCBFA4D07BE30CD1CEB15567BEF30913A5B1B47BB3075F71F072D2E1,4,numeric filename tokens,0,1,NO_EXIF_ORIENTATION,PASS
CUMCM-2021-C-C085,2021年数学建模国赛真题+优秀论文/2021年国赛优秀论文C题-C085/C5.jpg,A75801FB4B27673E3C1E37311026C1D0E1ADA19F03E1FBB7CDE76B20791F19B7,5,numeric filename tokens,0,1,NO_EXIF_ORIENTATION,PASS
CUMCM-2021-C-C085,2021年数学建模国赛真题+优秀论文/2021年国赛优秀论文C题-C085/C6.jpg,2D45E17DCE6988660F8AA9D304ACBA5E6EFD2C7C7BB7746BE0F27F5011588BEA,6,numeric filename tokens,0,1,NO_EXIF_ORIENTATION,PASS
CUMCM-2021-C-C085,2021年数学建模国赛真题+优秀论文/2021年国赛优秀论文C题-C085/C7.jpg,1C6450B9791FD141BC3BD075093DBDB6E1798042BB4C87BFFF90A8F6653783B1,7,numeric filename tokens,0,1,NO_EXIF_ORIENTATION,PASS
CUMCM-2021-C-C085,2021年数学建模国赛真题+优秀论文/2021年国赛优秀论文C题-C085/C8.jpg,1BC39F8CC66707A67EC48C25A6E3B38499F9CBDB99D821D110A716C2D728798C,8,numeric filename tokens,0,1,NO_EXIF_ORIENTATION,PASS
CUMCM-2021-C-C085,2021年数学建模国赛真题+优秀论文/2021年国赛优秀论文C题-C085/C9.jpg,3F448A813810B4FC7CCC34BF88CE9E07F7C827F08B209BE8F1EE2B54D52CF64C,9,numeric filename tokens,0,1,NO_EXIF_ORIENTATION,PASS
CUMCM-2021-C-C085,2021年数学建模国赛真题+优秀论文/2021年国赛优秀论文C题-C085/C10.jpg,2AB055A82D08E5A259BC54C12DB15C74CDDADADF875DFFDD8F4FCBC000BA76BB,10,numeric filename tokens,0,1,NO_EXIF_ORIENTATION,PASS
CUMCM-2021-C-C085,2021年数学建模国赛真题+优秀论文/2021年国赛优秀论文C题-C085/C11.jpg,D2E6BCE84DBEEBF76341461DCED3A3566D152EF1FDAE4506BC98A72E324E20D9,11,numeric filename tokens,0,1,NO_EXIF_ORIENTATION,PASS
CUMCM-2021-C-C085,2021年数学建模国赛真题+优秀论文/2021年国赛优秀论文C题-C085/C12.jpg,0613D0D4F041FA78BCD197C64C6EFF8F7B4D560544DADF06CD97335F1E8579C8,12,numeric filename tokens,0,1,NO_EXIF_ORIENTATION,PASS
CUMCM-2021-C-C085,2021年数学建模国赛真题+优秀论文/2021年国赛优秀论文C题-C085/C13.jpg,93633D74037276FC9E3645C63A91C0D7F6E40D79B3EC3D50C0A23E61F5C16818,13,numeric filename tokens,0,1,NO_EXIF_ORIENTATION,PASS
CUMCM-2021-C-C085,2021年数学建模国赛真题+优秀论文/2021年国赛优秀论文C题-C085/C14.jpg,7572FD0997817AD7A50CF71D9DAD4F43BEFB8C3855C0D1C8CD93CB555090C0EA,14,numeric filename tokens,0,1,NO_EXIF_ORIENTATION,PASS
CUMCM-2021-C-C085,2021年数学建模国赛真题+优秀论文/2021年国赛优秀论文C题-C085/C15.jpg,7E6C5F682FF3ECB8AF72969FAEFF37868DF4CFB1C59AEBEC6EF0C5A83095C22A,15,numeric filename tokens,0,1,NO_EXIF_ORIENTATION,PASS
CUMCM-2021-C-C085,2021年数学建模国赛真题+优秀论文/2021年国赛优秀论文C题-C085/C16.jpg,430DD8E976E6957D0F6C7772394787DBF664A50D7E07E799767E42AF0563BDDB,16,numeric filename tokens,0,1,NO_EXIF_ORIENTATION,PASS
CUMCM-2021-C-C085,2021年数学建模国赛真题+优秀论文/2021年国赛优秀论文C题-C085/C17.jpg,A7CF6461EEF3F08010E21F746AE9C8477C935FCC3426258BD76D4E549FAB682D,17,numeric filename tokens,0,1,NO_EXIF_ORIENTATION,PASS
CUMCM-2021-C-C085,2021年数学建模国赛真题+优秀论文/2021年国赛优秀论文C题-C085/C18.jpg,415172E03037F18634BF4A89DFC93C4C7802CF524FC62CB55B7F4D73D2C6CEC5,18,numeric filename tokens,0,1,NO_EXIF_ORIENTATION,PASS
CUMCM-2021-C-C085,2021年数学建模国赛真题+优秀论文/2021年国赛优秀论文C题-C085/C19.jpg,EC48671C0D8CA7121D8A94D90B28DCAD67804D19282F30B7CF15F454AE46C807,19,numeric filename tokens,0,1,NO_EXIF_ORIENTATION,PASS
CUMCM-2021-C-C085,2021年数学建模国赛真题+优秀论文/2021年国赛优秀论文C题-C085/C20.jpg,73AEE928889C5B0ECBB49F899FFFC68F413F5EBDD685C64FD46CF912BB2BCC62,20,numeric filename tokens,0,1,NO_EXIF_ORIENTATION,PASS
CUMCM-2021-C-C085,2021年数学建模国赛真题+优秀论文/2021年国赛优秀论文C题-C085/C21.jpg,CCC85A29825FE7A92850E6A2608AF739DAB13651385F99041D1D92FB8953D5C0,21,numeric filename tokens,0,1,NO_EXIF_ORIENTATION,PASS
CUMCM-2021-C-C085,2021年数学建模国赛真题+优秀论文/2021年国赛优秀论文C题-C085/C22.jpg,BC2ACF8B3F952E1BE1108ECB236C905A717E7B70E1CDCFB3F6B34771D2CDAD8A,22,numeric filename tokens,0,1,NO_EXIF_ORIENTATION,PASS
CUMCM-2021-C-C085,2021年数学建模国赛真题+优秀论文/2021年国赛优秀论文C题-C085/C23.jpg,BBA9FD013EA318F6FD2667FE35F38A0ACFC4D33190E948150FA1913DA8F6D3B0,23,numeric filename tokens,0,1,NO_EXIF_ORIENTATION,PASS
CUMCM-2021-C-C085,2021年数学建模国赛真题+优秀论文/2021年国赛优秀论文C题-C085/C24.jpg,A9CB7FE47C7876E516BF1830356C129982B225756EA0921A3F3EFC6BEA3D22EC,24,numeric filename tokens,0,1,NO_EXIF_ORIENTATION,PASS
CUMCM-2021-C-C085,2021年数学建模国赛真题+优秀论文/2021年国赛优秀论文C题-C085/C25.jpg,C30D10BEAE1D6C6232943711D651E78AFD3072235F828B35DA97D2C0AC925746,25,numeric filename tokens,0,1,NO_EXIF_ORIENTATION,PASS
CUMCM-2021-C-C085,2021年数学建模国赛真题+优秀论文/2021年国赛优秀论文C题-C085/C26.jpg,45D80C292A74329E599E4042D6F8E12321BB05E9A0DE278851BCD63A27DDD80F,26,numeric filename tokens,0,1,NO_EXIF_ORIENTATION,PASS
CUMCM-2021-C-C085,2021年数学建模国赛真题+优秀论文/2021年国赛优秀论文C题-C085/C27.jpg,2252A50D3A2BE9F6E32ADEBCC7129124DF69CA81DC3E0001E1B3945E603FEE1C,27,numeric filename tokens,0,1,NO_EXIF_ORIENTATION,PASS
CUMCM-2021-C-C085,2021年数学建模国赛真题+优秀论文/2021年国赛优秀论文C题-C085/C28.jpg,C30ACD957DC23331882FA024C50CD03229DDE1DC496893A410D7E46EA6412C77,28,numeric filename tokens,0,1,NO_EXIF_ORIENTATION,PASS
CUMCM-2021-C-C085,2021年数学建模国赛真题+优秀论文/2021年国赛优秀论文C题-C085/C29.jpg,715E92E53F1F550BDECEF50677FF873540BB8D3CB1D1A763E44B01B9F766FDA7,29,numeric filename tokens,0,1,NO_EXIF_ORIENTATION,PASS
CUMCM-2021-C-C085,2021年数学建模国赛真题+优秀论文/2021年国赛优秀论文C题-C085/C30.jpg,0299D04D4A8177E82049E4B262F810CA0EB557CD8DF773A91D0B1F96979F724A,30,numeric filename tokens,0,1,NO_EXIF_ORIENTATION,PASS
CUMCM-2021-C-C085,2021年数学建模国赛真题+优秀论文/2021年国赛优秀论文C题-C085/C31.jpg,1C68EBBC4B0E04B93D7A7EF44305351E27DC8568A52DA5C2CE5C97477EF3023E,31,numeric filename tokens,0,1,NO_EXIF_ORIENTATION,PASS
CUMCM-2021-C-C085,2021年数学建模国赛真题+优秀论文/2021年国赛优秀论文C题-C085/C32.jpg,04EDE94CEE22C9EFE449556F2AF618F9B4AC4369D349A384B2C427388E4365C9,32,numeric filename tokens,0,1,NO_EXIF_ORIENTATION,PASS
CUMCM-2021-C-C085,2021年数学建模国赛真题+优秀论文/2021年国赛优秀论文C题-C085/C33.jpg,7B33259EAC2CAC07097D2B884ABDF1618D94008412625F09D99D359F4CDDC9A5,33,numeric filename tokens,0,1,NO_EXIF_ORIENTATION,PASS
CUMCM-2021-C-C085,2021年数学建模国赛真题+优秀论文/2021年国赛优秀论文C题-C085/C34.jpg,CA572378C6F61EC971E20D063FE26982766A4C1B413B507B35E25530E19E14DE,34,numeric filename tokens,0,1,NO_EXIF_ORIENTATION,PASS
CUMCM-2021-C-C085,2021年数学建模国赛真题+优秀论文/2021年国赛优秀论文C题-C085/C35.jpg,878839D1A355A4AD970B7B545C9A01DA782A9BED34C73D330C26E3383F927569,35,numeric filename tokens,0,1,NO_EXIF_ORIENTATION,PASS
CUMCM-2021-C-C085,2021年数学建模国赛真题+优秀论文/2021年国赛优秀论文C题-C085/C36.jpg,2653EA8D7A04CF38C89A8CD2024887302A0990624D06D3C5330AA5850284471E,36,numeric filename tokens,0,1,NO_EXIF_ORIENTATION,PASS
CUMCM-2021-C-C085,2021年数学建模国赛真题+优秀论文/2021年国赛优秀论文C题-C085/C37.jpg,802DD743B7246A3A03F41CCBAEBBCFEE4DA180599908A416851C4692F4AD7F28,37,numeric filename tokens,0,1,NO_EXIF_ORIENTATION,PASS
CUMCM-2021-C-C085,2021年数学建模国赛真题+优秀论文/2021年国赛优秀论文C题-C085/C38.jpg,49125806F7511F8EC01C58370D9007D2383D2E563FA6828767EAA55AC0280D18,38,numeric filename tokens,0,1,NO_EXIF_ORIENTATION,PASS
CUMCM-2021-C-C085,2021年数学建模国赛真题+优秀论文/2021年国赛优秀论文C题-C085/C39.jpg,063771B7B2A2F4605E17F1ED2144AA4B2EA6CC50EB294444AF8CB51EED63E8FF,39,numeric filename tokens,0,1,NO_EXIF_ORIENTATION,PASS
CUMCM-2021-C-C085,2021年数学建模国赛真题+优秀论文/2021年国赛优秀论文C题-C085/C40.jpg,50439D85AB22604FD0E94E04294DECCD7F037F794B556F9F643EC2A3BB8C8768,40,numeric filename tokens,0,1,NO_EXIF_ORIENTATION,PASS
CUMCM-2021-C-C085,2021年数学建模国赛真题+优秀论文/2021年国赛优秀论文C题-C085/C41.jpg,5514C9E3C748B5922FB1B6C9F2FEB9229A27C4AA5CA5F1D433E70475E13F2D72,41,numeric filename tokens,0,1,NO_EXIF_ORIENTATION,PASS
CUMCM-2021-C-C085,2021年数学建模国赛真题+优秀论文/2021年国赛优秀论文C题-C085/C42.jpg,853E64D6AF444695238A460B87D17081F457850BDFE64BFECA02133D0D0DAA16,42,numeric filename tokens,0,1,NO_EXIF_ORIENTATION,PASS
CUMCM-2021-C-C085,2021年数学建模国赛真题+优秀论文/2021年国赛优秀论文C题-C085/C43.jpg,87DE3FEFAD3679EAF29B87928316F6BCF7671344252784AFD8935BEDD732B42E,43,numeric filename tokens,0,1,NO_EXIF_ORIENTATION,PASS
CUMCM-2021-C-C085,2021年数学建模国赛真题+优秀论文/2021年国赛优秀论文C题-C085/C44.jpg,B0A4F40D1C50D5243AF5CF43319A6DBD805DC9734575C0E4A2719C0019BC3688,44,numeric filename tokens,0,1,NO_EXIF_ORIENTATION,PASS
CUMCM-2021-C-C085,2021年数学建模国赛真题+优秀论文/2021年国赛优秀论文C题-C085/C45.jpg,299A8435C8EA1046B20D91CC084DDED2F95912910C34855AC672A9627085F94B,45,numeric filename tokens,0,1,NO_EXIF_ORIENTATION,PASS
CUMCM-2021-C-C085,2021年数学建模国赛真题+优秀论文/2021年国赛优秀论文C题-C085/C46.jpg,597053F5EB1C9BFDC8ED2D01F100CC23EF5D977632538E4DDF9B29515A601449,46,numeric filename tokens,0,1,NO_EXIF_ORIENTATION,PASS
CUMCM-2021-C-C085,2021年数学建模国赛真题+优秀论文/2021年国赛优秀论文C题-C085/C47.jpg,6A6719AFB8C8A697DED13821B6A8362569705C4A30914060394A7A18C137DA40,47,numeric filename tokens,0,1,NO_EXIF_ORIENTATION,PASS
CUMCM-2021-C-C085,2021年数学建模国赛真题+优秀论文/2021年国赛优秀论文C题-C085/C48.jpg,61D4F60345F10D3FB46BA5115F6088F74010EC2DE85020EC4B05225968E00D0A,48,numeric filename tokens,0,1,NO_EXIF_ORIENTATION,PASS
CUMCM-2021-C-C085,2021年数学建模国赛真题+优秀论文/2021年国赛优秀论文C题-C085/C49.jpg,FC2CF7A19EE28565F0E8BD9B2711BB08D901F98A54AD4AE1A5462BB01CBE73E7,49,numeric filename tokens,0,1,NO_EXIF_ORIENTATION,PASS
CUMCM-2021-C-C085,2021年数学建模国赛真题+优秀论文/2021年国赛优秀论文C题-C085/C50.jpg,AF5FB71AE167E963FFE2248054459C015DCEAB3ABC9C2C21F580F379FB3103AC,50,numeric filename tokens,0,1,NO_EXIF_ORIENTATION,PASS
CUMCM-2021-C-C085,2021年数学建模国赛真题+优秀论文/2021年国赛优秀论文C题-C085/C51.jpg,47551DA75342CE7F08AFE71E0379655354F6358EB8E4AAD0C54324E99DF3EA06,51,numeric filename tokens,0,1,NO_EXIF_ORIENTATION,PASS
CUMCM-2021-C-C085,2021年数学建模国赛真题+优秀论文/2021年国赛优秀论文C题-C085/C52.jpg,61AF94B63A28457356A41731AB0E40FC19FFE446F15940FE6DEF9D7C4DD2B6BF,52,numeric filename tokens,0,1,NO_EXIF_ORIENTATION,PASS
CUMCM-2021-C-C085,2021年数学建模国赛真题+优秀论文/2021年国赛优秀论文C题-C085/C53.jpg,F91B74A8C0FEF478462E4C522FAF75D2B4FC04BD4EF3430C50094A0F4F9C6C96,53,numeric filename tokens,0,1,NO_EXIF_ORIENTATION,PASS
CUMCM-2021-C-C085,2021年数学建模国赛真题+优秀论文/2021年国赛优秀论文C题-C085/C54.jpg,C62974F60A656E363F7265E5B15FDB918ABF7F2EEDD6B0A201039AC34FF21708,54,numeric filename tokens,0,1,NO_EXIF_ORIENTATION,PASS
CUMCM-2021-C-C085,2021年数学建模国赛真题+优秀论文/2021年国赛优秀论文C题-C085/C55.jpg,9DF5C923D8810B0015EB1D97539CA5F30E1ACFF40EE515EBD0DC8BB448AA681E,55,numeric filename tokens,0,1,NO_EXIF_ORIENTATION,PASS
CUMCM-2021-C-C085,2021年数学建模国赛真题+优秀论文/2021年国赛优秀论文C题-C085/C56.jpg,C2D3A9809D4D64BCF1A31B95AA14E09A0131E4FAEA1AAE84EC114CD62B1976BC,56,numeric filename tokens,0,1,NO_EXIF_ORIENTATION,PASS
CUMCM-2021-C-C169,2021年数学建模国赛真题+优秀论文/2021年国赛优秀论文C题-C169/C1.jpg,733C555ACDE12B8E8FEAA88A1AEFE199E696DB16BF0C565C58D25D2AD3FBCD8D,1,numeric filename tokens,0,1,NO_EXIF_ORIENTATION,PASS
CUMCM-2021-C-C169,2021年数学建模国赛真题+优秀论文/2021年国赛优秀论文C题-C169/C2.jpg,F630A2D0CAA6A2D4E1E5260FCD7F9EE1B151E7B727B21AC32C9FB7DF0B947C55,2,numeric filename tokens,0,1,NO_EXIF_ORIENTATION,PASS
CUMCM-2021-C-C169,2021年数学建模国赛真题+优秀论文/2021年国赛优秀论文C题-C169/C3.jpg,A025D956A346902B216CD8B9FAAFFFBD8535B0C99AEF5958C24161761EFC907E,3,numeric filename tokens,0,1,NO_EXIF_ORIENTATION,PASS
CUMCM-2021-C-C169,2021年数学建模国赛真题+优秀论文/2021年国赛优秀论文C题-C169/C4.jpg,22C069CAC20115EA74149DE489BBB8D286D7A6ECEB8C94DC105FA3DD2BA0F3A9,4,numeric filename tokens,0,1,NO_EXIF_ORIENTATION,PASS
CUMCM-2021-C-C169,2021年数学建模国赛真题+优秀论文/2021年国赛优秀论文C题-C169/C5.jpg,C5F0F62356E40043068128957CA7000F3DBE0B5819B8EC1462841CAFF327FDA0,5,numeric filename tokens,0,1,NO_EXIF_ORIENTATION,PASS
CUMCM-2021-C-C169,2021年数学建模国赛真题+优秀论文/2021年国赛优秀论文C题-C169/C6.jpg,245882D14E44ECE04DAC69D2CC7D34CE8926BAB280DBA3E9CB704535E356EFF2,6,numeric filename tokens,0,1,NO_EXIF_ORIENTATION,PASS
CUMCM-2021-C-C169,2021年数学建模国赛真题+优秀论文/2021年国赛优秀论文C题-C169/C7.jpg,193A265B7148D760E14C13E5CEBB7B2C3571731CDA157035818EAFC300675F76,7,numeric filename tokens,0,1,NO_EXIF_ORIENTATION,PASS
CUMCM-2021-C-C169,2021年数学建模国赛真题+优秀论文/2021年国赛优秀论文C题-C169/C8.jpg,A4F119EBC5BBDCD00A41126E38D48792BD4DC9DC2AC569677CD4E960476AB481,8,numeric filename tokens,0,1,NO_EXIF_ORIENTATION,PASS
CUMCM-2021-C-C169,2021年数学建模国赛真题+优秀论文/2021年国赛优秀论文C题-C169/C9.jpg,F848396709D3FDB1237C5FCF8218860E56BBD485F868F1C52B1054F336713C45,9,numeric filename tokens,0,1,NO_EXIF_ORIENTATION,PASS
CUMCM-2021-C-C169,2021年数学建模国赛真题+优秀论文/2021年国赛优秀论文C题-C169/C10.jpg,0CCE17573ACCD6F55BF2034317738778408E620520D4439E4F826F0A7FB1482D,10,numeric filename tokens,0,1,NO_EXIF_ORIENTATION,PASS
CUMCM-2021-C-C169,2021年数学建模国赛真题+优秀论文/2021年国赛优秀论文C题-C169/C11.jpg,DF795D63062AFC12E41148DFE72CD7FB8502EF52AF5250CBE2A27CD14B50A5FC,11,numeric filename tokens,0,1,NO_EXIF_ORIENTATION,PASS
CUMCM-2021-C-C169,2021年数学建模国赛真题+优秀论文/2021年国赛优秀论文C题-C169/C12.jpg,9597BC0EFA6B890A9ABE04D03B17A2F68596EB65657BFD291717802B6914A91A,12,numeric filename tokens,0,1,NO_EXIF_ORIENTATION,PASS
CUMCM-2021-C-C169,2021年数学建模国赛真题+优秀论文/2021年国赛优秀论文C题-C169/C13.jpg,F9032D988AA5599D1026D2717A269371C94EDABEACE46621598F441DDA71D0C4,13,numeric filename tokens,0,1,NO_EXIF_ORIENTATION,PASS
CUMCM-2021-C-C169,2021年数学建模国赛真题+优秀论文/2021年国赛优秀论文C题-C169/C14.jpg,B772253CD0F338F6FE6E72D41150CA85C9727166F43022914902BA16C0A429EA,14,numeric filename tokens,0,1,NO_EXIF_ORIENTATION,PASS
CUMCM-2021-C-C169,2021年数学建模国赛真题+优秀论文/2021年国赛优秀论文C题-C169/C15.jpg,0974F30E76D9CAF25898A6C2FEF75088E84DFDB748E7822A02281DDD1A849656,15,numeric filename tokens,0,1,NO_EXIF_ORIENTATION,PASS
CUMCM-2021-C-C169,2021年数学建模国赛真题+优秀论文/2021年国赛优秀论文C题-C169/C16.jpg,F4333E4655B8183C5A8D43B2CA634200A7302927353FC5106639AE8A9BB472D3,16,numeric filename tokens,0,1,NO_EXIF_ORIENTATION,PASS
CUMCM-2021-C-C169,2021年数学建模国赛真题+优秀论文/2021年国赛优秀论文C题-C169/C17.jpg,CED460CCAFA930B5727C20250761176C87C177AEF095CCFC66519E2293D2158D,17,numeric filename tokens,0,1,NO_EXIF_ORIENTATION,PASS
CUMCM-2021-C-C169,2021年数学建模国赛真题+优秀论文/2021年国赛优秀论文C题-C169/C18.jpg,5BCB639202D2ECDB698F8D15D6AEB819E31D0C12894891AFEF1631E87BF8276D,18,numeric filename tokens,0,1,NO_EXIF_ORIENTATION,PASS
CUMCM-2021-C-C169,2021年数学建模国赛真题+优秀论文/2021年国赛优秀论文C题-C169/C19.jpg,4B7F49C699E611B7694B7F62BB1FC2E66F50F4DD245ACEEA053F625A1FAEF6A6,19,numeric filename tokens,0,1,NO_EXIF_ORIENTATION,PASS
CUMCM-2021-C-C169,2021年数学建模国赛真题+优秀论文/2021年国赛优秀论文C题-C169/C20.jpg,FC6E2F9707751F693312A616C45F657B0E97930B59FB68DD2CEFF3F5C0D9B72B,20,numeric filename tokens,0,1,NO_EXIF_ORIENTATION,PASS
CUMCM-2021-C-C169,2021年数学建模国赛真题+优秀论文/2021年国赛优秀论文C题-C169/C21.jpg,79C94CD2BF55B0023AFCBB108984AFB44A0EDECD7F77AA325EC73CAE3456F167,21,numeric filename tokens,0,1,NO_EXIF_ORIENTATION,PASS
CUMCM-2021-C-C169,2021年数学建模国赛真题+优秀论文/2021年国赛优秀论文C题-C169/C22.jpg,900C4500988511472C3D7D88470F5C6B79CCCFADFF28EDCE5B25D92967562748,22,numeric filename tokens,0,1,NO_EXIF_ORIENTATION,PASS
CUMCM-2021-C-C169,2021年数学建模国赛真题+优秀论文/2021年国赛优秀论文C题-C169/C23.jpg,D2993EE02FA248C9DCB77E2516AED2580F3DFBF233492BFE5F7E9098A82EBA14,23,numeric filename tokens,0,1,NO_EXIF_ORIENTATION,PASS
CUMCM-2021-C-C169,2021年数学建模国赛真题+优秀论文/2021年国赛优秀论文C题-C169/C24.jpg,051DA35D8DF62EC714BC70E26761E67E2E82B6A03AB4D7A66A2B2166D7920563,24,numeric filename tokens,0,1,NO_EXIF_ORIENTATION,PASS
CUMCM-2021-C-C169,2021年数学建模国赛真题+优秀论文/2021年国赛优秀论文C题-C169/C25.jpg,58D2F8BEA403C114810D3FA1B3C78E96A146E0C45F558F9463FF3084E3345EAA,25,numeric filename tokens,0,1,NO_EXIF_ORIENTATION,PASS
CUMCM-2021-C-C169,2021年数学建模国赛真题+优秀论文/2021年国赛优秀论文C题-C169/C26.jpg,C586CFF60AB2FF7BF7A2CE7D2109BE6C1594DA53CECDC304D51710CB7AAF4F71,26,numeric filename tokens,0,1,NO_EXIF_ORIENTATION,PASS
CUMCM-2021-C-C169,2021年数学建模国赛真题+优秀论文/2021年国赛优秀论文C题-C169/C27.jpg,CDC477CFB968287EB1C84E81D37401F0825342C93793B4A98926C92D4ACB1FFC,27,numeric filename tokens,0,1,NO_EXIF_ORIENTATION,PASS
CUMCM-2021-C-C169,2021年数学建模国赛真题+优秀论文/2021年国赛优秀论文C题-C169/C28.jpg,DE8EE2C832A52C5E47729B73C85C8CB55DF340E0DDBFDB3D94F5EC64F073D8BE,28,numeric filename tokens,0,1,NO_EXIF_ORIENTATION,PASS
CUMCM-2021-C-C169,2021年数学建模国赛真题+优秀论文/2021年国赛优秀论文C题-C169/C29.jpg,6C0D3BD24111F372B702A677F7A128510AF7766561E0D090EE920EB2B8D1ED78,29,numeric filename tokens,0,1,NO_EXIF_ORIENTATION,PASS
CUMCM-2021-C-C169,2021年数学建模国赛真题+优秀论文/2021年国赛优秀论文C题-C169/C30.jpg,86581C24B8E4C7C7DA05539F5C960236666D2E2A5A8EE8748C623FD4C4DD21C4,30,numeric filename tokens,0,1,NO_EXIF_ORIENTATION,PASS
CUMCM-2021-C-C169,2021年数学建模国赛真题+优秀论文/2021年国赛优秀论文C题-C169/C31.jpg,DB5C530A182654573F9327054887CF5F38D362771C75A061AB135F0A6D17DFD4,31,numeric filename tokens,0,1,NO_EXIF_ORIENTATION,PASS
CUMCM-2021-C-C169,2021年数学建模国赛真题+优秀论文/2021年国赛优秀论文C题-C169/C32.jpg,88D0BE580F9FCD2FC347F566AE3E47BDB4DA0D733B5F38E382756062661BB397,32,numeric filename tokens,0,1,NO_EXIF_ORIENTATION,PASS
CUMCM-2021-C-C169,2021年数学建模国赛真题+优秀论文/2021年国赛优秀论文C题-C169/C33.jpg,8075D48C81A5FCA1E2449338E0DEA4FEB3FAB4D69356D73AFD48ED69AD3888AD,33,numeric filename tokens,0,1,NO_EXIF_ORIENTATION,PASS
CUMCM-2021-C-C169,2021年数学建模国赛真题+优秀论文/2021年国赛优秀论文C题-C169/C34.jpg,923116C536BDFF6CD352A074513CDEDE9B734BECB4BF3D53FBA713A237EF0C31,34,numeric filename tokens,0,1,NO_EXIF_ORIENTATION,PASS
CUMCM-2021-C-C169,2021年数学建模国赛真题+优秀论文/2021年国赛优秀论文C题-C169/C35.jpg,A8BF843D710F6369647DC70BAFACFD83FC77439EB91F728FECFBA81ED8E7BEAD,35,numeric filename tokens,0,1,NO_EXIF_ORIENTATION,PASS
CUMCM-2021-C-C169,2021年数学建模国赛真题+优秀论文/2021年国赛优秀论文C题-C169/C36.jpg,3F6090B9EB446F7512DE834CC56A90CD6C82F90F019E7A84148E7AFFC9592003,36,numeric filename tokens,0,1,NO_EXIF_ORIENTATION,PASS
CUMCM-2021-C-C169,2021年数学建模国赛真题+优秀论文/2021年国赛优秀论文C题-C169/C37.jpg,9FF9455D3BB5E9DF9FB72754449E9C407430C2A9F3B2C1D117E7EDFA94CF806B,37,numeric filename tokens,0,1,NO_EXIF_ORIENTATION,PASS
CUMCM-2021-C-C169,2021年数学建模国赛真题+优秀论文/2021年国赛优秀论文C题-C169/C38.jpg,70911DC3D500CE84CA810513B9B31B3D1B5548A715C76C4EA8F5A06BBE9D5D10,38,numeric filename tokens,0,1,NO_EXIF_ORIENTATION,PASS
CUMCM-2021-C-C169,2021年数学建模国赛真题+优秀论文/2021年国赛优秀论文C题-C169/C39.jpg,775C8F456E9E663FC2C033D968D1FDBE61DD70676885CBBCCB49DF24D9EB4412,39,numeric filename tokens,0,1,NO_EXIF_ORIENTATION,PASS
CUMCM-2021-C-C169,2021年数学建模国赛真题+优秀论文/2021年国赛优秀论文C题-C169/C40.jpg,979BF51898254C7D833948F22B5CA527F11B40BF182752E8307F21B8CEE74547,40,numeric filename tokens,0,1,NO_EXIF_ORIENTATION,PASS
CUMCM-2021-C-C169,2021年数学建模国赛真题+优秀论文/2021年国赛优秀论文C题-C169/C41.jpg,85EE5C640C472A41E8276F0EED27B3D6C6CD8D0F1C5041E7E36311BC38BA8321,41,numeric filename tokens,0,1,NO_EXIF_ORIENTATION,PASS
CUMCM-2021-C-C169,2021年数学建模国赛真题+优秀论文/2021年国赛优秀论文C题-C169/C42.jpg,3E660F6F2BE2DE7073534B990F3408FD93146E93EB536D09F945F76C6353C53B,42,numeric filename tokens,0,1,NO_EXIF_ORIENTATION,PASS
CUMCM-2021-C-C169,2021年数学建模国赛真题+优秀论文/2021年国赛优秀论文C题-C169/C43.jpg,E32E65A9DE0524FDA3487735A32FB82B42E86CE3A4DAD40A1C9E9865E2EC2CF2,43,numeric filename tokens,0,1,NO_EXIF_ORIENTATION,PASS
CUMCM-2021-C-C169,2021年数学建模国赛真题+优秀论文/2021年国赛优秀论文C题-C169/C44.jpg,224D5332C8B466F43C01B1674EE1AD636E14B6C2630731038B739FDC0BF146A6,44,numeric filename tokens,0,1,NO_EXIF_ORIENTATION,PASS
CUMCM-2021-C-C169,2021年数学建模国赛真题+优秀论文/2021年国赛优秀论文C题-C169/C45.jpg,CF1881351294CA73DE62E26120211844383E285698B4F9E3787C391713EA32DE,45,numeric filename tokens,0,1,NO_EXIF_ORIENTATION,PASS
CUMCM-2021-C-C169,2021年数学建模国赛真题+优秀论文/2021年国赛优秀论文C题-C169/C46.jpg,EDF95A8E33C73D3CB13E728362672FC6BAEDB2B7FC6F85DCD8C78A38B4C3DEFB,46,numeric filename tokens,0,1,NO_EXIF_ORIENTATION,PASS
CUMCM-2021-C-C169,2021年数学建模国赛真题+优秀论文/2021年国赛优秀论文C题-C169/C47.jpg,7BD8EE2494B0F3A8EC718EA62912D0DFB31EAD6AAF96C97423ED8E4DF5FB3EE6,47,numeric filename tokens,0,1,NO_EXIF_ORIENTATION,PASS
CUMCM-2021-C-C169,2021年数学建模国赛真题+优秀论文/2021年国赛优秀论文C题-C169/C48.jpg,4398811B694D9E983440A03B369689CBDBEFBB88256714466275E01C9DE3AE4F,48,numeric filename tokens,0,1,NO_EXIF_ORIENTATION,PASS
CUMCM-2021-C-C169,2021年数学建模国赛真题+优秀论文/2021年国赛优秀论文C题-C169/C49.jpg,04A6C8045D9D7DE53E3B32076048110D887A4F85136D0C0F0FA0C3A5AE84BF4B,49,numeric filename tokens,0,1,NO_EXIF_ORIENTATION,PASS
CUMCM-2021-C-C169,2021年数学建模国赛真题+优秀论文/2021年国赛优秀论文C题-C169/C50.jpg,858A9DD4FF1854D0AA658D020AAD5F51E57258960491DBCE479C0580C584B674,50,numeric filename tokens,0,1,NO_EXIF_ORIENTATION,PASS
CUMCM-2021-C-C169,2021年数学建模国赛真题+优秀论文/2021年国赛优秀论文C题-C169/C51.jpg,25B09E336BCD7610547CBEDE696AA776B67AB4C13A302A1234274E0B6393999E,51,numeric filename tokens,0,1,NO_EXIF_ORIENTATION,PASS
CUMCM-2021-C-C283,2021年数学建模国赛真题+优秀论文/2021年国赛优秀论文C题-C283/C1.jpg,493F17CAAB4B2B076420C0FCB179CFAAE3A95E1F41E967F6F3827BD22C5F6BE4,1,numeric filename tokens,0,1,NO_EXIF_ORIENTATION,PASS
CUMCM-2021-C-C283,2021年数学建模国赛真题+优秀论文/2021年国赛优秀论文C题-C283/C2.jpg,75A7B486542DAB5298F4E9FCC6410003228DA1D5D2B1DBC36301A6B1D4C7702B,2,numeric filename tokens,0,1,NO_EXIF_ORIENTATION,PASS
CUMCM-2021-C-C283,2021年数学建模国赛真题+优秀论文/2021年国赛优秀论文C题-C283/C3.jpg,3407B5F72296447C30973EE8C33268EC8D48D290ADEAD1ED4BCF7AEAF32F61B0,3,numeric filename tokens,0,1,NO_EXIF_ORIENTATION,PASS
CUMCM-2021-C-C283,2021年数学建模国赛真题+优秀论文/2021年国赛优秀论文C题-C283/C4.jpg,FEC6C1B3A23BD9F9A01444FF37938CD8FBA5B94A75E6D15D606912681446D13A,4,numeric filename tokens,0,1,NO_EXIF_ORIENTATION,PASS
CUMCM-2021-C-C283,2021年数学建模国赛真题+优秀论文/2021年国赛优秀论文C题-C283/C5.jpg,042D51AB2CCE2F4B3AD51D80394E28865FA6D3FF3389F14F82FE6634C327E9AA,5,numeric filename tokens,0,1,NO_EXIF_ORIENTATION,PASS
CUMCM-2021-C-C283,2021年数学建模国赛真题+优秀论文/2021年国赛优秀论文C题-C283/C6.jpg,43EE8CBCB80527D03BC543354D5EFCDE1417A73464550E10B1A3298345B0ADAA,6,numeric filename tokens,0,1,NO_EXIF_ORIENTATION,PASS
CUMCM-2021-C-C283,2021年数学建模国赛真题+优秀论文/2021年国赛优秀论文C题-C283/C7.jpg,844FB7A0303C2BE995B0E422B29C7DC829DFD7EA28143EB1AE0029A6520BFD9D,7,numeric filename tokens,0,1,NO_EXIF_ORIENTATION,PASS
CUMCM-2021-C-C283,2021年数学建模国赛真题+优秀论文/2021年国赛优秀论文C题-C283/C8.jpg,17762DFBEFFA83FFA9DA30281B827890AAA938F0F98BBA8797112FD624C9BF97,8,numeric filename tokens,0,1,NO_EXIF_ORIENTATION,PASS
CUMCM-2021-C-C283,2021年数学建模国赛真题+优秀论文/2021年国赛优秀论文C题-C283/C9.jpg,7AD40D7F21426514CE98581F66DEB53645F1EA05E572338068EAE21CD44E27B8,9,numeric filename tokens,0,1,NO_EXIF_ORIENTATION,PASS
CUMCM-2021-C-C283,2021年数学建模国赛真题+优秀论文/2021年国赛优秀论文C题-C283/C10.jpg,045048CF813E8E3411C859E5C3522E5AEC2653BBFEE46389639AAAD9545C60A6,10,numeric filename tokens,0,1,NO_EXIF_ORIENTATION,PASS
CUMCM-2021-C-C283,2021年数学建模国赛真题+优秀论文/2021年国赛优秀论文C题-C283/C11.jpg,4FD7F529EF89FFCC0A474453ABE0B875F0E59BF747F8A58471049BC98BC87DD1,11,numeric filename tokens,0,1,NO_EXIF_ORIENTATION,PASS
CUMCM-2021-C-C283,2021年数学建模国赛真题+优秀论文/2021年国赛优秀论文C题-C283/C12.jpg,F8F5010B4E76206943935156B4AA593F0831C7547211F7FB78D795743FCA37B1,12,numeric filename tokens,0,1,NO_EXIF_ORIENTATION,PASS
CUMCM-2021-C-C283,2021年数学建模国赛真题+优秀论文/2021年国赛优秀论文C题-C283/C13.jpg,48588E4D7CC0BEDA160E187858FB75763C627E0BF7F44C47F8031B1BB67A3BA7,13,numeric filename tokens,0,1,NO_EXIF_ORIENTATION,PASS
CUMCM-2021-C-C283,2021年数学建模国赛真题+优秀论文/2021年国赛优秀论文C题-C283/C14.jpg,8BC39FA42214E906C6AC8545798B1CCECB61F2D098DADAB20466239735B791CD,14,numeric filename tokens,0,1,NO_EXIF_ORIENTATION,PASS
CUMCM-2021-C-C283,2021年数学建模国赛真题+优秀论文/2021年国赛优秀论文C题-C283/C15.jpg,2C77E9C576FDB3FEE0A14CF70C6AC555C46098A86D96B463681D6AFFF1D83FC4,15,numeric filename tokens,0,1,NO_EXIF_ORIENTATION,PASS
CUMCM-2021-C-C283,2021年数学建模国赛真题+优秀论文/2021年国赛优秀论文C题-C283/C16.jpg,31716AF4C717CBC657795AC9CF4412AB83C92A9D3858DD1B82A9B6087E5E20FA,16,numeric filename tokens,0,1,NO_EXIF_ORIENTATION,PASS
CUMCM-2021-C-C283,2021年数学建模国赛真题+优秀论文/2021年国赛优秀论文C题-C283/C17.jpg,366D6300D2CEF007C2A8820CE5E8569408FF1081C2FFC2ECF58D68B9B69B5F38,17,numeric filename tokens,0,1,NO_EXIF_ORIENTATION,PASS
CUMCM-2021-C-C283,2021年数学建模国赛真题+优秀论文/2021年国赛优秀论文C题-C283/C18.jpg,333DD6AD277DCAD0747FF997E71D6B5116F719484DEF5D202085913F2618B018,18,numeric filename tokens,0,1,NO_EXIF_ORIENTATION,PASS
CUMCM-2021-C-C283,2021年数学建模国赛真题+优秀论文/2021年国赛优秀论文C题-C283/C19.jpg,EB04A05F97C279B284806C7946789CAA144AFAC518E41CEEDE2D7000EB8DD978,19,numeric filename tokens,0,1,NO_EXIF_ORIENTATION,PASS
CUMCM-2021-C-C283,2021年数学建模国赛真题+优秀论文/2021年国赛优秀论文C题-C283/C20.jpg,2ABF620027B39401B6DE2FF28E4D32A0D3C55448A95864F314375E6A80E4ED1E,20,numeric filename tokens,0,1,NO_EXIF_ORIENTATION,PASS
CUMCM-2021-C-C283,2021年数学建模国赛真题+优秀论文/2021年国赛优秀论文C题-C283/C21.jpg,770738468405A164977EA8A0941228CBEE14B29000B8742E6405289A1AA58C07,21,numeric filename tokens,0,1,NO_EXIF_ORIENTATION,PASS
CUMCM-2021-C-C283,2021年数学建模国赛真题+优秀论文/2021年国赛优秀论文C题-C283/C22.jpg,EE1503CA5E960E5C9A1F2EF14A58805999511C9E50DE71DF505EE6ADB0D31EE2,22,numeric filename tokens,0,1,NO_EXIF_ORIENTATION,PASS
CUMCM-2021-C-C283,2021年数学建模国赛真题+优秀论文/2021年国赛优秀论文C题-C283/C23.jpg,116F161820177BBF4903D816B688A30DCD571106B79C50725C390A18B8DE6AE7,23,numeric filename tokens,0,1,NO_EXIF_ORIENTATION,PASS
CUMCM-2021-C-C283,2021年数学建模国赛真题+优秀论文/2021年国赛优秀论文C题-C283/C24.jpg,6A40AAAA07F169E519011105C27B43AED465C9F4FAA368E4FD900096CB4817A6,24,numeric filename tokens,0,1,NO_EXIF_ORIENTATION,PASS
CUMCM-2021-C-C283,2021年数学建模国赛真题+优秀论文/2021年国赛优秀论文C题-C283/C25.jpg,B5EB11B0F54CAD6384FCF0550BB93B80628BC38069EBB0269C282E524A3DE49E,25,numeric filename tokens,0,1,NO_EXIF_ORIENTATION,PASS
CUMCM-2021-C-C283,2021年数学建模国赛真题+优秀论文/2021年国赛优秀论文C题-C283/C26.jpg,44292B5BE40082640BC9F987951E2C63454727C0376E6CBFB11FA7413295BB2B,26,numeric filename tokens,0,1,NO_EXIF_ORIENTATION,PASS
CUMCM-2021-C-C283,2021年数学建模国赛真题+优秀论文/2021年国赛优秀论文C题-C283/C27.jpg,D1391F2606EC3D73323BA1E4B2D24FC4E7F7A7FF6ACB75351819B51671BAF0E6,27,numeric filename tokens,0,1,NO_EXIF_ORIENTATION,PASS
CUMCM-2021-C-C283,2021年数学建模国赛真题+优秀论文/2021年国赛优秀论文C题-C283/C28.jpg,03CE49FA33C483038D7CE61E69DFBF9CD518E60C31E6B353D35DB188D908E2D9,28,numeric filename tokens,0,1,NO_EXIF_ORIENTATION,PASS
CUMCM-2021-C-C283,2021年数学建模国赛真题+优秀论文/2021年国赛优秀论文C题-C283/C29.jpg,654156EC6E57413B843AB95D098AC31A75726F37D22025132CF1C898D27C3529,29,numeric filename tokens,0,1,NO_EXIF_ORIENTATION,PASS
CUMCM-2021-C-C283,2021年数学建模国赛真题+优秀论文/2021年国赛优秀论文C题-C283/C30.jpg,EA03D5F2E7CBF65CDD0BF11266553AF72A0E7089CF31515D16D9E2642DFB3DED,30,numeric filename tokens,0,1,NO_EXIF_ORIENTATION,PASS
CUMCM-2021-C-C283,2021年数学建模国赛真题+优秀论文/2021年国赛优秀论文C题-C283/C31.jpg,9A5EC6610A1D2B137E1D01F38ABEF626A4C3075179EDADD0715FA0CE97178D53,31,numeric filename tokens,0,1,NO_EXIF_ORIENTATION,PASS
CUMCM-2021-C-C283,2021年数学建模国赛真题+优秀论文/2021年国赛优秀论文C题-C283/C32.jpg,9A9C98E5B546556441F676A8AFCEDA0A94415A6C62C135542648F83B39BD8CD0,32,numeric filename tokens,0,1,NO_EXIF_ORIENTATION,PASS
CUMCM-2021-C-C283,2021年数学建模国赛真题+优秀论文/2021年国赛优秀论文C题-C283/C33.jpg,5B66EE506A53B17D98970D41D8CBCA806D7C2D2233D894A6D1A738563752404D,33,numeric filename tokens,0,1,NO_EXIF_ORIENTATION,PASS
CUMCM-2021-C-C283,2021年数学建模国赛真题+优秀论文/2021年国赛优秀论文C题-C283/C34.jpg,EBCB3521EF1B4B7F1A395C0D743A23543E0A45160438B9AA6A3D855783855815,34,numeric filename tokens,0,1,NO_EXIF_ORIENTATION,PASS
CUMCM-2021-C-C283,2021年数学建模国赛真题+优秀论文/2021年国赛优秀论文C题-C283/C35.jpg,CCF475D54CC8D50495A597914F4A91657667ADC7FE3DE597739014C0ED931AD3,35,numeric filename tokens,0,1,NO_EXIF_ORIENTATION,PASS
CUMCM-2021-C-C283,2021年数学建模国赛真题+优秀论文/2021年国赛优秀论文C题-C283/C36.jpg,91AAB13FFB7472859BD52A638D2B9917BA097CDD776B1A880C809FE1C5BE0B85,36,numeric filename tokens,0,1,NO_EXIF_ORIENTATION,PASS
CUMCM-2021-C-C283,2021年数学建模国赛真题+优秀论文/2021年国赛优秀论文C题-C283/C37.jpg,2F2608A9A1414AA3CDA639240B7F0EAF67B391A054EBFBA52337383D22E99C93,37,numeric filename tokens,0,1,NO_EXIF_ORIENTATION,PASS
CUMCM-2021-C-C283,2021年数学建模国赛真题+优秀论文/2021年国赛优秀论文C题-C283/C38.jpg,D1A3E892F2E25EFBBA9E0F842680845DF9F9AE579FDE875CCC945513308BC501,38,numeric filename tokens,0,1,NO_EXIF_ORIENTATION,PASS
CUMCM-2021-C-C283,2021年数学建模国赛真题+优秀论文/2021年国赛优秀论文C题-C283/C39.jpg,6E83457A22D3145899F9ED3D54EBB3C65320648DC8C8BE825AEE113F77F9C4AC,39,numeric filename tokens,0,1,NO_EXIF_ORIENTATION,PASS
CUMCM-2021-C-C283,2021年数学建模国赛真题+优秀论文/2021年国赛优秀论文C题-C283/C40.jpg,6BFD582BD6EDF11863B2C7BC84CD8E133118FAEC68D7C83470429984E31C8524,40,numeric filename tokens,0,1,NO_EXIF_ORIENTATION,PASS
CUMCM-2021-C-C283,2021年数学建模国赛真题+优秀论文/2021年国赛优秀论文C题-C283/C41.jpg,4A1031BE25444D50C17511B35BA1019F33CDCDD5D8C447A35A145F6D36AE7B6C,41,numeric filename tokens,0,1,NO_EXIF_ORIENTATION,PASS
CUMCM-2021-C-C283,2021年数学建模国赛真题+优秀论文/2021年国赛优秀论文C题-C283/C42.jpg,8BD474156AA8B1E0342C4049A32DEFDE4042BE4589792CD061FBF7544C9762E7,42,numeric filename tokens,0,1,NO_EXIF_ORIENTATION,PASS
CUMCM-2021-C-C283,2021年数学建模国赛真题+优秀论文/2021年国赛优秀论文C题-C283/C43.jpg,5156C4F20019EA81C197E06748F8F2BD8CB417DD0356A87AD134102802233D0C,43,numeric filename tokens,0,1,NO_EXIF_ORIENTATION,PASS
CUMCM-2021-C-C283,2021年数学建模国赛真题+优秀论文/2021年国赛优秀论文C题-C283/C44.jpg,58286CEA9A13A76E279962352B100439D725FF29D96DBB15B6B97CB8A309F4CB,44,numeric filename tokens,0,1,NO_EXIF_ORIENTATION,PASS
CUMCM-2021-C-C283,2021年数学建模国赛真题+优秀论文/2021年国赛优秀论文C题-C283/C45.jpg,C7A92CF8B8E61C6B5E7B6C3F4958A9B5D81A16E7A191AE83AFEAA3C617004FF3,45,numeric filename tokens,0,1,NO_EXIF_ORIENTATION,PASS
CUMCM-2021-C-C283,2021年数学建模国赛真题+优秀论文/2021年国赛优秀论文C题-C283/C46.jpg,9FAF9F2FC0FB51345A1E2CC2900AC425DAAB2620C749CDFA3A742111945EFB76,46,numeric filename tokens,0,1,NO_EXIF_ORIENTATION,PASS
CUMCM-2021-C-C283,2021年数学建模国赛真题+优秀论文/2021年国赛优秀论文C题-C283/C47.jpg,4CC21DEBA712AE6588EA219AEDB8F8B57873A4694D8A3E44ECA0733F4B590D73,47,numeric filename tokens,0,1,NO_EXIF_ORIENTATION,PASS
CUMCM-2021-C-C283,2021年数学建模国赛真题+优秀论文/2021年国赛优秀论文C题-C283/C48.jpg,9608EA0364AAFB22EFC5EE4F76577154FB6CDDABE7CF14E7D9F565C022A6C3CE,48,numeric filename tokens,0,1,NO_EXIF_ORIENTATION,PASS
CUMCM-2021-C-C283,2021年数学建模国赛真题+优秀论文/2021年国赛优秀论文C题-C283/C49.jpg,F52469B7EEFBAEAE051F4883E164D562D8557C4AEE0461CD8208CC2E04246414,49,numeric filename tokens,0,1,NO_EXIF_ORIENTATION,PASS
CUMCM-2021-C-C283,2021年数学建模国赛真题+优秀论文/2021年国赛优秀论文C题-C283/C50.jpg,04E663FB30E39962051EE2F4D7D5B795E71FEA965D6B6FCC5EA803481AEB7C47,50,numeric filename tokens,0,1,NO_EXIF_ORIENTATION,PASS
CUMCM-2021-C-C283,2021年数学建模国赛真题+优秀论文/2021年国赛优秀论文C题-C283/C51.jpg,3459AB8FD4B156DB1E6E12E05F1DD7FEE0520FE33C73B4AE40706BF431B53F75,51,numeric filename tokens,0,1,NO_EXIF_ORIENTATION,PASS
CUMCM-2021-C-C283,2021年数学建模国赛真题+优秀论文/2021年国赛优秀论文C题-C283/C52.jpg,34924EFA80815D037701357F0683B918259354D6DD124B01EC412DCDFC95B069,52,numeric filename tokens,0,1,NO_EXIF_ORIENTATION,PASS
CUMCM-2021-C-C283,2021年数学建模国赛真题+优秀论文/2021年国赛优秀论文C题-C283/C53.jpg,F55C0A0D7C7951DDAA2D080266673C2842E94F94A41916F0EF26FD7451AA3E90,53,numeric filename tokens,0,1,NO_EXIF_ORIENTATION,PASS
CUMCM-2021-C-C283,2021年数学建模国赛真题+优秀论文/2021年国赛优秀论文C题-C283/C54.jpg,A7BB18263494046636284A66D36FC97AFF6D3842D90F8BA700D9EE8069B46987,54,numeric filename tokens,0,1,NO_EXIF_ORIENTATION,PASS
CUMCM-2021-C-C283,2021年数学建模国赛真题+优秀论文/2021年国赛优秀论文C题-C283/C55.jpg,C51C80C0AB3E0A51F7395FF43286DAD51D6AE729B0C46200384302DC846721AC,55,numeric filename tokens,0,1,NO_EXIF_ORIENTATION,PASS
CUMCM-2021-C-C283,2021年数学建模国赛真题+优秀论文/2021年国赛优秀论文C题-C283/C56.jpg,BD5232E64BECFD3F59B3733D9D30FD41CC28D2D29457FC55A53E8B3E5484C004,56,numeric filename tokens,0,1,NO_EXIF_ORIENTATION,PASS
CUMCM-2021-C-C283,2021年数学建模国赛真题+优秀论文/2021年国赛优秀论文C题-C283/C57.jpg,8D12D1704B9D5509010307A1083B3505D9FC3B0BEBD84F8C66C48CD3DC07726B,57,numeric filename tokens,0,1,NO_EXIF_ORIENTATION,PASS
CUMCM-2021-C-C283,2021年数学建模国赛真题+优秀论文/2021年国赛优秀论文C题-C283/C58.jpg,3120B7F54A60CDFBE6609F033F79FEC74F105BEC423F3CB8908298FAFE71FCCB,58,numeric filename tokens,0,1,NO_EXIF_ORIENTATION,PASS
CUMCM-2021-D-D017,2021年数学建模国赛真题+优秀论文/2021年国赛优秀论文D题-D017/D1.jpg,ACA3B9486DC296F9380F9EF3E657C5DE2C718F62388AA96B89C70A457567DAA9,1,numeric filename tokens,0,1,NO_EXIF_ORIENTATION,PASS
CUMCM-2021-D-D017,2021年数学建模国赛真题+优秀论文/2021年国赛优秀论文D题-D017/D2.jpg,B4E786031708F7A603CF1C9BB5D5E08DF8EAEA222C9E55BA147570458F4FB322,2,numeric filename tokens,0,1,NO_EXIF_ORIENTATION,PASS
CUMCM-2021-D-D017,2021年数学建模国赛真题+优秀论文/2021年国赛优秀论文D题-D017/D3.jpg,F857B407733FDD3E07435E257FA1903F485CDFC5355C9356BF7950E9CDE947DA,3,numeric filename tokens,0,1,NO_EXIF_ORIENTATION,PASS
CUMCM-2021-D-D017,2021年数学建模国赛真题+优秀论文/2021年国赛优秀论文D题-D017/D4.jpg,4B35A075EAD02B8E17DE3D97A036F28E42D6505EED2CBBCB218FB2D52591800A,4,numeric filename tokens,0,1,NO_EXIF_ORIENTATION,PASS
CUMCM-2021-D-D017,2021年数学建模国赛真题+优秀论文/2021年国赛优秀论文D题-D017/D5.jpg,539F13AEDDE492D1B833F20E9D0C9BC1D4135EF28F0A4DF5D9FB64EE00752E00,5,numeric filename tokens,0,1,NO_EXIF_ORIENTATION,PASS
CUMCM-2021-D-D017,2021年数学建模国赛真题+优秀论文/2021年国赛优秀论文D题-D017/D6.jpg,880E5A39DCCF2CE1BD8EB66CB25EE5B16F1D93C0913A2AB013A539CD99A06A66,6,numeric filename tokens,0,1,NO_EXIF_ORIENTATION,PASS
CUMCM-2021-D-D017,2021年数学建模国赛真题+优秀论文/2021年国赛优秀论文D题-D017/D7.jpg,E43940A18A5556EB1570C12AC7615CB18E4212226B2D4A8368AA1C114DE06EC7,7,numeric filename tokens,0,1,NO_EXIF_ORIENTATION,PASS
CUMCM-2021-D-D017,2021年数学建模国赛真题+优秀论文/2021年国赛优秀论文D题-D017/D8.jpg,E386575945E07916A860545BC64FB66F52A81D076C76F6EA8277772818098FFE,8,numeric filename tokens,0,1,NO_EXIF_ORIENTATION,PASS
CUMCM-2021-D-D017,2021年数学建模国赛真题+优秀论文/2021年国赛优秀论文D题-D017/D9.jpg,D9AABF8C1DEBBCC9B157611CA6270ABA9AD49A108E13069B07D871A3E9A41352,9,numeric filename tokens,0,1,NO_EXIF_ORIENTATION,PASS
CUMCM-2021-D-D017,2021年数学建模国赛真题+优秀论文/2021年国赛优秀论文D题-D017/D10.jpg,4C5C7B2ABA59CD4A2CA1612E818CD121D360B08E4F2E2EED59E5F5F8CC421438,10,numeric filename tokens,0,1,NO_EXIF_ORIENTATION,PASS
CUMCM-2021-D-D017,2021年数学建模国赛真题+优秀论文/2021年国赛优秀论文D题-D017/D11.jpg,32B1CCBD480057BC521927E23B7DBB5D2A4D6678422A226650FFAAF2CD3478FE,11,numeric filename tokens,0,1,NO_EXIF_ORIENTATION,PASS
CUMCM-2021-D-D017,2021年数学建模国赛真题+优秀论文/2021年国赛优秀论文D题-D017/D12.jpg,5A21CB208182DBCEA3994B98C685D9B7F890776813AB9A2BCC6E91449888E995,12,numeric filename tokens,0,1,NO_EXIF_ORIENTATION,PASS
CUMCM-2021-D-D017,2021年数学建模国赛真题+优秀论文/2021年国赛优秀论文D题-D017/D13.jpg,E53168C3A267458097B2625FE1D8EFB486C9607D6994103D18F5B2FD5460446C,13,numeric filename tokens,0,1,NO_EXIF_ORIENTATION,PASS
CUMCM-2021-D-D017,2021年数学建模国赛真题+优秀论文/2021年国赛优秀论文D题-D017/D14.jpg,6750A9863D641A744052A1C747706DB9FA9406C3CFD399A59166EDBFEF83D65C,14,numeric filename tokens,0,1,NO_EXIF_ORIENTATION,PASS
CUMCM-2021-D-D017,2021年数学建模国赛真题+优秀论文/2021年国赛优秀论文D题-D017/D15.jpg,ED45659268E48786224E2AB4B5646C57F473BFF4B5386204CFA551032782B785,15,numeric filename tokens,0,1,NO_EXIF_ORIENTATION,PASS
CUMCM-2021-D-D017,2021年数学建模国赛真题+优秀论文/2021年国赛优秀论文D题-D017/D16.jpg,3BC8F9A2E3936EE9B5F133DB87E23CB08D3FFCA3B263F992B348C8FF3CD5BFFC,16,numeric filename tokens,0,1,NO_EXIF_ORIENTATION,PASS
CUMCM-2021-D-D017,2021年数学建模国赛真题+优秀论文/2021年国赛优秀论文D题-D017/D17.jpg,6AC04E107A55FD7114B86DF4AD7C451CB138B2DFAE82D9FD7850094A95471BB9,17,numeric filename tokens,0,1,NO_EXIF_ORIENTATION,PASS
CUMCM-2021-D-D017,2021年数学建模国赛真题+优秀论文/2021年国赛优秀论文D题-D017/D18.jpg,2DB9DCC836AD184A52EA10EDFE1CD58A7893DC2723537855D328B878E3476253,18,numeric filename tokens,0,1,NO_EXIF_ORIENTATION,PASS
CUMCM-2021-D-D017,2021年数学建模国赛真题+优秀论文/2021年国赛优秀论文D题-D017/D19.jpg,2C824F3A68D8B6172E136FF0649DFF9AA1F01F1411F796CC7FEB8D4A41F466EC,19,numeric filename tokens,0,1,NO_EXIF_ORIENTATION,PASS
CUMCM-2021-D-D017,2021年数学建模国赛真题+优秀论文/2021年国赛优秀论文D题-D017/D20.jpg,CF7DD33A89C67A8BAB987DE6EDED80BD830ADEBF39692840FD5A8DA9BD2966DD,20,numeric filename tokens,0,1,NO_EXIF_ORIENTATION,PASS
CUMCM-2021-D-D017,2021年数学建模国赛真题+优秀论文/2021年国赛优秀论文D题-D017/D21.jpg,C8D659C3F45D7387D7CBBA91A083B9E23336921A4E89E67787ED08721ABCB82E,21,numeric filename tokens,0,1,NO_EXIF_ORIENTATION,PASS
CUMCM-2021-D-D026,2021年数学建模国赛真题+优秀论文/2021年国赛优秀论文D题-D026/D1.jpg,BFD4A4CE494B06AF94DC8A19AC4FA2F58008238292B37643045C05CDD01D4BD8,1,numeric filename tokens,0,1,NO_EXIF_ORIENTATION,PASS
CUMCM-2021-D-D026,2021年数学建模国赛真题+优秀论文/2021年国赛优秀论文D题-D026/D2.jpg,524F1C507252EA96540812515BF48B0CF6B6F7A03C30BBA4EF09F888065A175A,2,numeric filename tokens,0,1,NO_EXIF_ORIENTATION,PASS
CUMCM-2021-D-D026,2021年数学建模国赛真题+优秀论文/2021年国赛优秀论文D题-D026/D3.jpg,06D53976C0F115324304F571049A61915FD53DE29C4328D81368327CE4A359E7,3,numeric filename tokens,0,1,NO_EXIF_ORIENTATION,PASS
CUMCM-2021-D-D026,2021年数学建模国赛真题+优秀论文/2021年国赛优秀论文D题-D026/D4.jpg,EA3F0A9903E53546C67B5384F008A1E6710F0D3F20626E580A73A903701BC283,4,numeric filename tokens,0,1,NO_EXIF_ORIENTATION,PASS
CUMCM-2021-D-D026,2021年数学建模国赛真题+优秀论文/2021年国赛优秀论文D题-D026/D5.jpg,A02DDED899DF69814F793528B536C0F1141454DD2B06D44141E026CD3E95F966,5,numeric filename tokens,0,1,NO_EXIF_ORIENTATION,PASS
CUMCM-2021-D-D026,2021年数学建模国赛真题+优秀论文/2021年国赛优秀论文D题-D026/D6.jpg,AA5D5103526D967CC31693122D98AD0F1C276971C61A163384F333635DACC05B,6,numeric filename tokens,0,1,NO_EXIF_ORIENTATION,PASS
CUMCM-2021-D-D026,2021年数学建模国赛真题+优秀论文/2021年国赛优秀论文D题-D026/D7.jpg,FD13C7EDAC2F31453EC699D99A480580B50A3CDCA8A1C233EE03E02B123444B1,7,numeric filename tokens,0,1,NO_EXIF_ORIENTATION,PASS
CUMCM-2021-D-D026,2021年数学建模国赛真题+优秀论文/2021年国赛优秀论文D题-D026/D8.jpg,8D513946BFD3ECC57C584485D47802CBBDBFE7622DB380794E7ABA3B40BC3D64,8,numeric filename tokens,0,1,NO_EXIF_ORIENTATION,PASS
CUMCM-2021-D-D026,2021年数学建模国赛真题+优秀论文/2021年国赛优秀论文D题-D026/D9.jpg,34479F9D8637C1288CEC11E4D969C27B7A83616A51B58A3822C01B39933F0F36,9,numeric filename tokens,0,1,NO_EXIF_ORIENTATION,PASS
CUMCM-2021-D-D026,2021年数学建模国赛真题+优秀论文/2021年国赛优秀论文D题-D026/D10.jpg,151DF05DB7E3133C6F8CA63BFE62565EE33376EBDE904BBB6D1CD1AEE60A38CA,10,numeric filename tokens,0,1,NO_EXIF_ORIENTATION,PASS
CUMCM-2021-D-D026,2021年数学建模国赛真题+优秀论文/2021年国赛优秀论文D题-D026/D11.jpg,DBBBDF576DB84346A1459EC90986A0F59885743D15F177B67919498057675412,11,numeric filename tokens,0,1,NO_EXIF_ORIENTATION,PASS
CUMCM-2021-D-D026,2021年数学建模国赛真题+优秀论文/2021年国赛优秀论文D题-D026/D12.jpg,C68164414D976984FF61C1A9CC6D3467599527680F6E3201C42E6D7E1C2D2CA4,12,numeric filename tokens,0,1,NO_EXIF_ORIENTATION,PASS
CUMCM-2021-D-D026,2021年数学建模国赛真题+优秀论文/2021年国赛优秀论文D题-D026/D13.jpg,E2321B00053610864E9BD24510F9C82A29A364C5B0BC7775DB1188A0DA152B55,13,numeric filename tokens,0,1,NO_EXIF_ORIENTATION,PASS
CUMCM-2021-D-D026,2021年数学建模国赛真题+优秀论文/2021年国赛优秀论文D题-D026/D14.jpg,EADB3E311349DD70EED306150CB3824FB3613531BEAD40D1D98F0EB8803C7ADB,14,numeric filename tokens,0,1,NO_EXIF_ORIENTATION,PASS
CUMCM-2021-D-D026,2021年数学建模国赛真题+优秀论文/2021年国赛优秀论文D题-D026/D15.jpg,8601FCBC3F11D0236BC9130750D97220905F2A62E607D28FA79DF8698A1C1440,15,numeric filename tokens,0,1,NO_EXIF_ORIENTATION,PASS
CUMCM-2021-D-D026,2021年数学建模国赛真题+优秀论文/2021年国赛优秀论文D题-D026/D16.jpg,A95A80C16850D4FB090C5D475B42A1CDAADB514B932573E6275E6763DF04A029,16,numeric filename tokens,0,1,NO_EXIF_ORIENTATION,PASS
CUMCM-2021-D-D026,2021年数学建模国赛真题+优秀论文/2021年国赛优秀论文D题-D026/D17.jpg,EB43877C2862A34F7DCC75C7D5655BEB6899A78A0BE8E560631244C42281025F,17,numeric filename tokens,0,1,NO_EXIF_ORIENTATION,PASS
CUMCM-2021-D-D026,2021年数学建模国赛真题+优秀论文/2021年国赛优秀论文D题-D026/D18.jpg,B3DBB5D3D0E6129F0A8E6248B826FF4607D4D01892DD35D9BB0B796C279C6657,18,numeric filename tokens,0,1,NO_EXIF_ORIENTATION,PASS
CUMCM-2021-D-D026,2021年数学建模国赛真题+优秀论文/2021年国赛优秀论文D题-D026/D19.jpg,4527BEFBAAFFC906928D4D5B6B4173EB32AB20E71E4A4002D83208695862ABF8,19,numeric filename tokens,0,1,NO_EXIF_ORIENTATION,PASS
CUMCM-2021-D-D026,2021年数学建模国赛真题+优秀论文/2021年国赛优秀论文D题-D026/D20.jpg,BD5F206D3747857A46F856886DA4641B939D1E6121C8685A7BBA232DECDD6ED5,20,numeric filename tokens,0,1,NO_EXIF_ORIENTATION,PASS
CUMCM-2021-D-D026,2021年数学建模国赛真题+优秀论文/2021年国赛优秀论文D题-D026/D21.jpg,3AF88F35598967B7B7A4A7CABFF0CABD78DDF7E18F4F3A0247E0C8B241735720,21,numeric filename tokens,0,1,NO_EXIF_ORIENTATION,PASS
CUMCM-2021-D-D026,2021年数学建模国赛真题+优秀论文/2021年国赛优秀论文D题-D026/D22.jpg,71EAD3A128D63EAFAB3D969AA88D5F02EF26C87DE505D05D11F3A2B44EEEA6B0,22,numeric filename tokens,0,1,NO_EXIF_ORIENTATION,PASS
CUMCM-2021-D-D026,2021年数学建模国赛真题+优秀论文/2021年国赛优秀论文D题-D026/D23.jpg,4AE3859161A43E4F13A1E7BF625D90AE90B3BDD047C59AB0C2E816979160D241,23,numeric filename tokens,0,1,NO_EXIF_ORIENTATION,PASS
CUMCM-2021-D-D026,2021年数学建模国赛真题+优秀论文/2021年国赛优秀论文D题-D026/D24.jpg,79C56D1DB47C3595DB201EEB74D5F6728582BBBCF4DEFD075A586A9231CC05C0,24,numeric filename tokens,0,1,NO_EXIF_ORIENTATION,PASS
CUMCM-2021-D-D026,2021年数学建模国赛真题+优秀论文/2021年国赛优秀论文D题-D026/D25.jpg,5DB5FF458DEDA4BBACE0821635D3118F765FE43BF1876CE1FA11B87E47FA3A15,25,numeric filename tokens,0,1,NO_EXIF_ORIENTATION,PASS
CUMCM-2021-D-D026,2021年数学建模国赛真题+优秀论文/2021年国赛优秀论文D题-D026/D26.jpg,5E5CBA457353BF6B5788F5E66C9810747397EF0B142677088BA912BFCE5F2FE7,26,numeric filename tokens,0,1,NO_EXIF_ORIENTATION,PASS
CUMCM-2021-D-D026,2021年数学建模国赛真题+优秀论文/2021年国赛优秀论文D题-D026/D27.jpg,2904DB064FD67CECD488E071748B667B7A386D172A3E4A98EBA88695BDEFF0EE,27,numeric filename tokens,0,1,NO_EXIF_ORIENTATION,PASS
CUMCM-2021-D-D026,2021年数学建模国赛真题+优秀论文/2021年国赛优秀论文D题-D026/D28.jpg,4AD4624510842CCE86BE6E533751A2D060EB32E6BCE0BAE16C571504646CBFF4,28,numeric filename tokens,0,1,NO_EXIF_ORIENTATION,PASS
CUMCM-2021-D-D026,2021年数学建模国赛真题+优秀论文/2021年国赛优秀论文D题-D026/D29.jpg,6A9D99871848163C9A8F35272E53B07C51DCB70C81751E4DFE24CD15861BAA08,29,numeric filename tokens,0,1,NO_EXIF_ORIENTATION,PASS
CUMCM-2021-D-D026,2021年数学建模国赛真题+优秀论文/2021年国赛优秀论文D题-D026/D30.jpg,5246AA6D473A9D486CC246C78785D768D17A5C8B450AA8B9045DA4D24F01911F,30,numeric filename tokens,0,1,NO_EXIF_ORIENTATION,PASS
CUMCM-2021-D-D026,2021年数学建模国赛真题+优秀论文/2021年国赛优秀论文D题-D026/D31.jpg,FF6E8598C3E7B53EA37C1F7290DDD3D6163E7D96EFFEE74C5315946EB7C65863,31,numeric filename tokens,0,1,NO_EXIF_ORIENTATION,PASS
CUMCM-2021-D-D026,2021年数学建模国赛真题+优秀论文/2021年国赛优秀论文D题-D026/D32.jpg,0A47911C5151FE93704695B6E6C989FA910AB5FB540A8CB8E0B46EC6B60991D5,32,numeric filename tokens,0,1,NO_EXIF_ORIENTATION,PASS
CUMCM-2021-D-D026,2021年数学建模国赛真题+优秀论文/2021年国赛优秀论文D题-D026/D33.jpg,209A4EB8C7C0F29B6BFF4298F7665F6AC5E0046FA7545D7E26365C8697E2B88C,33,numeric filename tokens,0,1,NO_EXIF_ORIENTATION,PASS
CUMCM-2021-D-D026,2021年数学建模国赛真题+优秀论文/2021年国赛优秀论文D题-D026/D34.jpg,2EC68988129B2164A24858EEE2CC0CC515FD115CE346B5512084A5262340E70E,34,numeric filename tokens,0,1,NO_EXIF_ORIENTATION,PASS
CUMCM-2021-D-D026,2021年数学建模国赛真题+优秀论文/2021年国赛优秀论文D题-D026/D35.jpg,C436EF1DB2D2C7A0A9191FEE55868B8E5410A61A3BE7E5F2292325321B370064,35,numeric filename tokens,0,1,NO_EXIF_ORIENTATION,PASS
CUMCM-2021-D-D026,2021年数学建模国赛真题+优秀论文/2021年国赛优秀论文D题-D026/D36.jpg,9BB9ED1B1144B3DFA1998258BE45C77A1E403C637742CB286A3D96E8702EEF35,36,numeric filename tokens,0,1,NO_EXIF_ORIENTATION,PASS
CUMCM-2021-D-D034,2021年数学建模国赛真题+优秀论文/2021年国赛优秀论文D题-D034/D1.jpg,E4B7ADA72E78AED02A11012DF408685A1658D47BDC9B4623A7BC239EAC20EBA0,1,numeric filename tokens,0,1,NO_EXIF_ORIENTATION,PASS
CUMCM-2021-D-D034,2021年数学建模国赛真题+优秀论文/2021年国赛优秀论文D题-D034/D2.jpg,2803F170E7CEA30BE26F334B69846537659E4C6E0A762D62380FCE56A223044E,2,numeric filename tokens,0,1,NO_EXIF_ORIENTATION,PASS
CUMCM-2021-D-D034,2021年数学建模国赛真题+优秀论文/2021年国赛优秀论文D题-D034/D3.jpg,AB9F2532E63ABA8CC1215DB5E6E5A78B2DD1A29FB4FD499A5E0748297708FE18,3,numeric filename tokens,0,1,NO_EXIF_ORIENTATION,PASS
CUMCM-2021-D-D034,2021年数学建模国赛真题+优秀论文/2021年国赛优秀论文D题-D034/D4.jpg,92C6EDE6522F236EA1441E17D5C7872D751ED337C5D7B401D025EAB196B70F83,4,numeric filename tokens,0,1,NO_EXIF_ORIENTATION,PASS
CUMCM-2021-D-D034,2021年数学建模国赛真题+优秀论文/2021年国赛优秀论文D题-D034/D5.jpg,5B6E3453607C3FB7F8F82BE0C8D7C3EA305661A52DC9753A4DAAC1DA7F5B3028,5,numeric filename tokens,0,1,NO_EXIF_ORIENTATION,PASS
CUMCM-2021-D-D034,2021年数学建模国赛真题+优秀论文/2021年国赛优秀论文D题-D034/D6.jpg,1064C33D8ED624A03E1CCEED4C04BBDF6F547C33BCFE24A4E80285BB9C9A6A6E,6,numeric filename tokens,0,1,NO_EXIF_ORIENTATION,PASS
CUMCM-2021-D-D034,2021年数学建模国赛真题+优秀论文/2021年国赛优秀论文D题-D034/D7.jpg,871037DB54C3B57795A2D62E9EEC7F7C8622C4010E1E2D664114D493D9E17A78,7,numeric filename tokens,0,1,NO_EXIF_ORIENTATION,PASS
CUMCM-2021-D-D034,2021年数学建模国赛真题+优秀论文/2021年国赛优秀论文D题-D034/D8.jpg,D2DBF0A45FAD082282076D44BD64F6F7261634B466330E9E6A54993D539BCA16,8,numeric filename tokens,0,1,NO_EXIF_ORIENTATION,PASS
CUMCM-2021-D-D034,2021年数学建模国赛真题+优秀论文/2021年国赛优秀论文D题-D034/D9.jpg,D03788F11E2F50FF241103AD2BCAF5B99489BA3065CB1247EE041A0AEB6A5426,9,numeric filename tokens,0,1,NO_EXIF_ORIENTATION,PASS
CUMCM-2021-D-D034,2021年数学建模国赛真题+优秀论文/2021年国赛优秀论文D题-D034/D10.jpg,2C6C7377653C7BFFBB0890749744E01453A881DFEA3E30F730A1BA9A433063BC,10,numeric filename tokens,0,1,NO_EXIF_ORIENTATION,PASS
CUMCM-2021-D-D034,2021年数学建模国赛真题+优秀论文/2021年国赛优秀论文D题-D034/D11.jpg,DD0D34761B179EE7CD0B9236A4D1924CA8DA1D33DA08B2F94B66D4EC47CC6A7C,11,numeric filename tokens,0,1,NO_EXIF_ORIENTATION,PASS
CUMCM-2021-D-D034,2021年数学建模国赛真题+优秀论文/2021年国赛优秀论文D题-D034/D12.jpg,AF5CF410BFEA7C8EAEA64AC371797219A88CF35089EFA5D682E9802C9D11E65A,12,numeric filename tokens,0,1,NO_EXIF_ORIENTATION,PASS
CUMCM-2021-D-D034,2021年数学建模国赛真题+优秀论文/2021年国赛优秀论文D题-D034/D13.jpg,4AB304D27CDDFF0EA551DEDF4C249C6EF15D82B2480D76A9CE99529AE9BF48D3,13,numeric filename tokens,0,1,NO_EXIF_ORIENTATION,PASS
CUMCM-2021-D-D034,2021年数学建模国赛真题+优秀论文/2021年国赛优秀论文D题-D034/D14.jpg,236A4033A0FF3CED06F3A573ADC94F96E6C9337920117376F42FABFC8735D4E2,14,numeric filename tokens,0,1,NO_EXIF_ORIENTATION,PASS
CUMCM-2021-D-D034,2021年数学建模国赛真题+优秀论文/2021年国赛优秀论文D题-D034/D15.jpg,0A9613F3934AFA0A0AA4E87FED570E83E36F2883075B0D2F332D9A9AB07CF13B,15,numeric filename tokens,0,1,NO_EXIF_ORIENTATION,PASS
CUMCM-2021-D-D034,2021年数学建模国赛真题+优秀论文/2021年国赛优秀论文D题-D034/D16.jpg,93405C2A78FBAEBD8CDCA09B3494A1D5B27D2DCA60BD75D66A38F6F54369B93C,16,numeric filename tokens,0,1,NO_EXIF_ORIENTATION,PASS
CUMCM-2021-D-D034,2021年数学建模国赛真题+优秀论文/2021年国赛优秀论文D题-D034/D17.jpg,7E747B10470EFAD28F5209490AA50EC203616091A8A792CFBABEFAF0D97A4E6A,17,numeric filename tokens,0,1,NO_EXIF_ORIENTATION,PASS
CUMCM-2021-D-D034,2021年数学建模国赛真题+优秀论文/2021年国赛优秀论文D题-D034/D18.jpg,E6098DCA742C15282A94A532F4D0B560F1B37555218DCFFF06EA88321B03EC32,18,numeric filename tokens,0,1,NO_EXIF_ORIENTATION,PASS
CUMCM-2021-D-D034,2021年数学建模国赛真题+优秀论文/2021年国赛优秀论文D题-D034/D19.jpg,C2635C5D537A566928D9AC4C6CED673657451B8A578FD41E9C067750B6B31663,19,numeric filename tokens,0,1,NO_EXIF_ORIENTATION,PASS
CUMCM-2021-D-D034,2021年数学建模国赛真题+优秀论文/2021年国赛优秀论文D题-D034/D20.jpg,00CE82386BF3040A3F7231CA7A606999B295956C5CCFD86CEFCDE73DDF295FCB,20,numeric filename tokens,0,1,NO_EXIF_ORIENTATION,PASS
CUMCM-2021-D-D034,2021年数学建模国赛真题+优秀论文/2021年国赛优秀论文D题-D034/D21.jpg,B465296A49970C3EEEDDD1F3E8133F29700C3F2613C13F26DF4CE609D39C9272,21,numeric filename tokens,0,1,NO_EXIF_ORIENTATION,PASS
CUMCM-2021-D-D034,2021年数学建模国赛真题+优秀论文/2021年国赛优秀论文D题-D034/D22.jpg,3BE1DAEDB2F00ADB5E0A207FD8D9B4FAB55751939CA9DBAF4A6B749DA3FB9650,22,numeric filename tokens,0,1,NO_EXIF_ORIENTATION,PASS
CUMCM-2021-D-D034,2021年数学建模国赛真题+优秀论文/2021年国赛优秀论文D题-D034/D23.jpg,1F9FD6E6CD4F76A98CCFF32AF9E8D8E045BEBE9D1980F1D028A8D94A44233F9F,23,numeric filename tokens,0,1,NO_EXIF_ORIENTATION,PASS
CUMCM-2021-D-D034,2021年数学建模国赛真题+优秀论文/2021年国赛优秀论文D题-D034/D24.jpg,4D667D20746371E83AF5160C63E317A272F941A55B3D28C800A01AE26F464D80,24,numeric filename tokens,0,1,NO_EXIF_ORIENTATION,PASS
CUMCM-2021-D-D034,2021年数学建模国赛真题+优秀论文/2021年国赛优秀论文D题-D034/D25.jpg,8D1A6C593BEC7F687FE2D8CC8F832F793449B0796C38AECA741B29BACEB65676,25,numeric filename tokens,0,1,NO_EXIF_ORIENTATION,PASS
CUMCM-2021-D-D034,2021年数学建模国赛真题+优秀论文/2021年国赛优秀论文D题-D034/D26.jpg,C6C15AD1CA0A95AF1328971D14CAA02D7F631D812ED0EFBF53A52E20833FD0A7,26,numeric filename tokens,0,1,NO_EXIF_ORIENTATION,PASS
CUMCM-2021-D-D034,2021年数学建模国赛真题+优秀论文/2021年国赛优秀论文D题-D034/D27.jpg,855619951680911772969F1E01A48A8F0E5ED55241D15BECD43356B88FCDF71B,27,numeric filename tokens,0,1,NO_EXIF_ORIENTATION,PASS
CUMCM-2021-D-D034,2021年数学建模国赛真题+优秀论文/2021年国赛优秀论文D题-D034/D28.jpg,B89477188F3F3EF8F0187678A50231DE55CBC4A6E5B4297176C4AE509B975EF5,28,numeric filename tokens,0,1,NO_EXIF_ORIENTATION,PASS
CUMCM-2021-D-D034,2021年数学建模国赛真题+优秀论文/2021年国赛优秀论文D题-D034/D29.jpg,E425394148C2E48F8DF335317ECAA2745CAAE62B2B14D0CFDC7414B34175FA3C,29,numeric filename tokens,0,1,NO_EXIF_ORIENTATION,PASS
CUMCM-2021-D-D034,2021年数学建模国赛真题+优秀论文/2021年国赛优秀论文D题-D034/D30.jpg,D24B84313F0D30DB2489C5031E5A5F8005A9A230A8981A4A969795D8F88410DF,30,numeric filename tokens,0,1,NO_EXIF_ORIENTATION,PASS
CUMCM-2021-E-E014,2021年数学建模国赛真题+优秀论文/2021年国赛优秀论文E题-E014/E1.jpg,5CD1E5B933E7BB2238C3CD4A48ADF250527F674AFB2F0DBC1263388519E615CE,1,numeric filename tokens,0,1,NO_EXIF_ORIENTATION,PASS
CUMCM-2021-E-E014,2021年数学建模国赛真题+优秀论文/2021年国赛优秀论文E题-E014/E2.jpg,B5349A8DF2AF0843803B40872473D18CED495EFEDF259F26D117500B5540EC07,2,numeric filename tokens,0,1,NO_EXIF_ORIENTATION,PASS
CUMCM-2021-E-E014,2021年数学建模国赛真题+优秀论文/2021年国赛优秀论文E题-E014/E3.jpg,063F9F012994016E02E4ECD83842739988AEF42709D711827B4EC5E2469C56F8,3,numeric filename tokens,0,1,NO_EXIF_ORIENTATION,PASS
CUMCM-2021-E-E014,2021年数学建模国赛真题+优秀论文/2021年国赛优秀论文E题-E014/E4.jpg,265F74BB3EE67427C8B37CC958F60D97340E36F7ADB73B0C66204E22EC1DC065,4,numeric filename tokens,0,1,NO_EXIF_ORIENTATION,PASS
CUMCM-2021-E-E014,2021年数学建模国赛真题+优秀论文/2021年国赛优秀论文E题-E014/E5.jpg,48F6C6675E2F94154D1FB1117CDF31A69C1A53BB1D5522AFB54B14AC2A8D71AE,5,numeric filename tokens,0,1,NO_EXIF_ORIENTATION,PASS
CUMCM-2021-E-E014,2021年数学建模国赛真题+优秀论文/2021年国赛优秀论文E题-E014/E6.jpg,B75AE57ED2F2651BBE471A74769823A862809760B8CB115D34F2A9021AD67E7D,6,numeric filename tokens,0,1,NO_EXIF_ORIENTATION,PASS
CUMCM-2021-E-E014,2021年数学建模国赛真题+优秀论文/2021年国赛优秀论文E题-E014/E7.jpg,A997DC083F845549BBAE42A583D03E9FDE9665033F4D3B389335DDCE7F5B24AF,7,numeric filename tokens,0,1,NO_EXIF_ORIENTATION,PASS
CUMCM-2021-E-E014,2021年数学建模国赛真题+优秀论文/2021年国赛优秀论文E题-E014/E8.jpg,8E4F92CA76B62DD84C97C7CFB1BDF244CC6091AF1B848E5D05E873598AB96D52,8,numeric filename tokens,0,1,NO_EXIF_ORIENTATION,PASS
CUMCM-2021-E-E014,2021年数学建模国赛真题+优秀论文/2021年国赛优秀论文E题-E014/E9.jpg,30ADC1F85512F9DA579DA3796222F47F9FCCAFE6BE48CC43A00C0D589DF5C695,9,numeric filename tokens,0,1,NO_EXIF_ORIENTATION,PASS
CUMCM-2021-E-E014,2021年数学建模国赛真题+优秀论文/2021年国赛优秀论文E题-E014/E10.jpg,ECEE0C06612357D0AB71F0A512D20254C5B1ECA07BCCD893B0CFBF7C47A8A9A5,10,numeric filename tokens,0,1,NO_EXIF_ORIENTATION,PASS
CUMCM-2021-E-E014,2021年数学建模国赛真题+优秀论文/2021年国赛优秀论文E题-E014/E11.jpg,9A2F2BFCD580A4776E41FE15839F6889D7C32DDD176B2B4A8BCD1DBA7762A7A1,11,numeric filename tokens,0,1,NO_EXIF_ORIENTATION,PASS
CUMCM-2021-E-E014,2021年数学建模国赛真题+优秀论文/2021年国赛优秀论文E题-E014/E12.jpg,3BE74490F58F57C954098EDABBF9EB46E3A52F54B213B8C87E1D17002B9E5A8E,12,numeric filename tokens,0,1,NO_EXIF_ORIENTATION,PASS
CUMCM-2021-E-E014,2021年数学建模国赛真题+优秀论文/2021年国赛优秀论文E题-E014/E13.jpg,91F2486ED6EB3AEF0915C60B738F854089F6E5A84520BF821A4B7909D67D561F,13,numeric filename tokens,0,1,NO_EXIF_ORIENTATION,PASS
CUMCM-2021-E-E014,2021年数学建模国赛真题+优秀论文/2021年国赛优秀论文E题-E014/E14.jpg,07E7947D2E25197F5D8002259D5427708F1D9FBFB0A8F25DC5D5BF5FABDF1B44,14,numeric filename tokens,0,1,NO_EXIF_ORIENTATION,PASS
CUMCM-2021-E-E014,2021年数学建模国赛真题+优秀论文/2021年国赛优秀论文E题-E014/E15.jpg,951402929C879BFA82DCB58618C4DC9DB4148F6CE52018DF90484A1390C55659,15,numeric filename tokens,0,1,NO_EXIF_ORIENTATION,PASS
CUMCM-2021-E-E014,2021年数学建模国赛真题+优秀论文/2021年国赛优秀论文E题-E014/E16.jpg,D591017D24770847DD6CDFCCFE81F37DC34662D14BDC1BB0B4986BD930D0AD35,16,numeric filename tokens,0,1,NO_EXIF_ORIENTATION,PASS
CUMCM-2021-E-E014,2021年数学建模国赛真题+优秀论文/2021年国赛优秀论文E题-E014/E17.jpg,8FC5CBD241571162877899E3D5007319C8F0B2CDFD60CD0F86D94C42C6C1852A,17,numeric filename tokens,0,1,NO_EXIF_ORIENTATION,PASS
CUMCM-2021-E-E014,2021年数学建模国赛真题+优秀论文/2021年国赛优秀论文E题-E014/E18.jpg,C3F3B249D08EA0DCB6AED59F96CB001281F8E93AA2E527C7BEB83EAA6B7F6AF6,18,numeric filename tokens,0,1,NO_EXIF_ORIENTATION,PASS
CUMCM-2021-E-E014,2021年数学建模国赛真题+优秀论文/2021年国赛优秀论文E题-E014/E19.jpg,89D888E846D668FD205E3E94A213DC4269185DEE56DABCD94E1194BB0FC88065,19,numeric filename tokens,0,1,NO_EXIF_ORIENTATION,PASS
CUMCM-2021-E-E014,2021年数学建模国赛真题+优秀论文/2021年国赛优秀论文E题-E014/E20.jpg,D6C4AA4053A5E7CB010FCFB8793D6F7EC700EC61C2F7C86F766E3BDC5B0F286F,20,numeric filename tokens,0,1,NO_EXIF_ORIENTATION,PASS
CUMCM-2021-E-E014,2021年数学建模国赛真题+优秀论文/2021年国赛优秀论文E题-E014/E21.jpg,1758676F9B9C3D85BA629511FF058E68F6407D215A5797216D2BBC01175F28E5,21,numeric filename tokens,0,1,NO_EXIF_ORIENTATION,PASS
CUMCM-2021-E-E014,2021年数学建模国赛真题+优秀论文/2021年国赛优秀论文E题-E014/E22.jpg,C09A2B317EA9452D1BEDEA07D26CCBC01EB68F0874109F38E8EFE558475A83C3,22,numeric filename tokens,0,1,NO_EXIF_ORIENTATION,PASS
CUMCM-2021-E-E014,2021年数学建模国赛真题+优秀论文/2021年国赛优秀论文E题-E014/E23.jpg,8210AAF0A35014FD6C386E7692CC731DB0421C027C7AFC9BFE3CD5C4A4A106FC,23,numeric filename tokens,0,1,NO_EXIF_ORIENTATION,PASS
CUMCM-2021-E-E014,2021年数学建模国赛真题+优秀论文/2021年国赛优秀论文E题-E014/E24.jpg,101324AB50C9F1A15D6FC268EB80206A5D9CE002CC53A6A8EB26726720274F5E,24,numeric filename tokens,0,1,NO_EXIF_ORIENTATION,PASS
CUMCM-2021-E-E014,2021年数学建模国赛真题+优秀论文/2021年国赛优秀论文E题-E014/E25.jpg,A61635EAB13567C77500AB7D7ED17B9228102CB225007C45A51552137D3B370D,25,numeric filename tokens,0,1,NO_EXIF_ORIENTATION,PASS
CUMCM-2021-E-E014,2021年数学建模国赛真题+优秀论文/2021年国赛优秀论文E题-E014/E26.jpg,5BB769A1F3CAA01A5D69951EA731FB3F2534213CCAB4BBC289339DEE24E16E49,26,numeric filename tokens,0,1,NO_EXIF_ORIENTATION,PASS
CUMCM-2021-E-E014,2021年数学建模国赛真题+优秀论文/2021年国赛优秀论文E题-E014/E27.jpg,D614F8A2C389F8E576B8532211A959E7863CFF208B69575E522DAD8D6240339F,27,numeric filename tokens,0,1,NO_EXIF_ORIENTATION,PASS
CUMCM-2021-E-E014,2021年数学建模国赛真题+优秀论文/2021年国赛优秀论文E题-E014/E28.jpg,0ECC530BAA2C46E1B123C731585802922194E31492FC9DEACCECE076CAD9B6C9,28,numeric filename tokens,0,1,NO_EXIF_ORIENTATION,PASS
CUMCM-2021-E-E014,2021年数学建模国赛真题+优秀论文/2021年国赛优秀论文E题-E014/E29.jpg,C76E7FF6E4CD3FCB6B9E0211B51145CF36B8C1EF1863BE2A257A97822DF9BD3B,29,numeric filename tokens,0,1,NO_EXIF_ORIENTATION,PASS
CUMCM-2021-E-E014,2021年数学建模国赛真题+优秀论文/2021年国赛优秀论文E题-E014/E30.jpg,CC45BF65DA3F30DE4E9769FBCF6ABDBC264B9E3D1A9891411F8C81B22466E11F,30,numeric filename tokens,0,1,NO_EXIF_ORIENTATION,PASS
CUMCM-2021-E-E014,2021年数学建模国赛真题+优秀论文/2021年国赛优秀论文E题-E014/E31.jpg,EBA232AABA38199B9C3F0A0E3D8009A3C8604861743843E1F39482FB8D1C2B1E,31,numeric filename tokens,0,1,NO_EXIF_ORIENTATION,PASS
CUMCM-2021-E-E014,2021年数学建模国赛真题+优秀论文/2021年国赛优秀论文E题-E014/E32.jpg,D4CCF5445AB3FC6F564FD7CB0E2A6B5DC54FE1BA2C47B70D8B1906F7871B1956,32,numeric filename tokens,0,1,NO_EXIF_ORIENTATION,PASS
CUMCM-2021-E-E014,2021年数学建模国赛真题+优秀论文/2021年国赛优秀论文E题-E014/E33.jpg,68CD09CD5CAF4524FB2CA16BBC35B3C4A18FBCA5A1D953DB93B9A2D1157F04FE,33,numeric filename tokens,0,1,NO_EXIF_ORIENTATION,PASS
CUMCM-2021-E-E014,2021年数学建模国赛真题+优秀论文/2021年国赛优秀论文E题-E014/E34.jpg,710FB17F10AA86307A4C393C8FF59100AD5148A5881A36F3556B0348131717EC,34,numeric filename tokens,0,1,NO_EXIF_ORIENTATION,PASS
CUMCM-2021-E-E014,2021年数学建模国赛真题+优秀论文/2021年国赛优秀论文E题-E014/E35.jpg,74AA1A2576E6D0456E7728689BA5397CAA3D80AF19C62150A85B05F049261D82,35,numeric filename tokens,0,1,NO_EXIF_ORIENTATION,PASS
CUMCM-2021-E-E014,2021年数学建模国赛真题+优秀论文/2021年国赛优秀论文E题-E014/E36.jpg,FD18A2FC5904553828D949A4BF059FD6B3EBDCCFD791F3B5F45A0B251C3F44B4,36,numeric filename tokens,0,1,NO_EXIF_ORIENTATION,PASS
CUMCM-2021-E-E014,2021年数学建模国赛真题+优秀论文/2021年国赛优秀论文E题-E014/E37.jpg,6C6F2103BFDE8B8A2840A3FD0A3A438FB8108433F6B00819E89FB1D4FB62FF90,37,numeric filename tokens,0,1,NO_EXIF_ORIENTATION,PASS
CUMCM-2021-E-E014,2021年数学建模国赛真题+优秀论文/2021年国赛优秀论文E题-E014/E38.jpg,4ADFAED844840E8388192359F06480D38178514E62732D557912D7A2AD21DC5E,38,numeric filename tokens,0,1,NO_EXIF_ORIENTATION,PASS
CUMCM-2021-E-E014,2021年数学建模国赛真题+优秀论文/2021年国赛优秀论文E题-E014/E39.jpg,D0D681433DE04EE0474086A61336996F6A232F87E4B723BF5757F8669B0030BA,39,numeric filename tokens,0,1,NO_EXIF_ORIENTATION,PASS
CUMCM-2021-E-E014,2021年数学建模国赛真题+优秀论文/2021年国赛优秀论文E题-E014/E40.jpg,1017AF25EBC6EC8D561313F4B2BFF517A4D5B797064A6FF257F885F5D300D326,40,numeric filename tokens,0,1,NO_EXIF_ORIENTATION,PASS
CUMCM-2021-E-E014,2021年数学建模国赛真题+优秀论文/2021年国赛优秀论文E题-E014/E41.jpg,328C36286B36F50D6CB25A158837A6347464A4E06B8F1627AEE42019017C04F2,41,numeric filename tokens,0,1,NO_EXIF_ORIENTATION,PASS
CUMCM-2021-E-E014,2021年数学建模国赛真题+优秀论文/2021年国赛优秀论文E题-E014/E42.jpg,9DE0DFF3E0C443548558473A6015546628737E2ECF995227D4517697943763B6,42,numeric filename tokens,0,1,NO_EXIF_ORIENTATION,PASS
CUMCM-2021-E-E014,2021年数学建模国赛真题+优秀论文/2021年国赛优秀论文E题-E014/E43.jpg,667B2FA86FE0B394D248EB7C80664A45FD9A337EE6E72E6402314A9A097F1E90,43,numeric filename tokens,0,1,NO_EXIF_ORIENTATION,PASS
CUMCM-2021-E-E014,2021年数学建模国赛真题+优秀论文/2021年国赛优秀论文E题-E014/E44.jpg,D8E3FB810447944B79344BC2D9262C85A5C93AA51327FC887754E46EF1CC1EEC,44,numeric filename tokens,0,1,NO_EXIF_ORIENTATION,PASS
CUMCM-2021-E-E014,2021年数学建模国赛真题+优秀论文/2021年国赛优秀论文E题-E014/E45.jpg,9262C8D00C9D9BE3D00C93A632FB19BF04706265E7D425237668E048C791471A,45,numeric filename tokens,0,1,NO_EXIF_ORIENTATION,PASS
CUMCM-2021-E-E014,2021年数学建模国赛真题+优秀论文/2021年国赛优秀论文E题-E014/E46.jpg,2342EA83E2D7791ECDE6666B5F026D73B107192D542573E3BE8C980A34C13E25,46,numeric filename tokens,0,1,NO_EXIF_ORIENTATION,PASS
CUMCM-2021-E-E014,2021年数学建模国赛真题+优秀论文/2021年国赛优秀论文E题-E014/E47.jpg,686DE79BEF5E1A8D1BEB2763AF08DBAE0D5DFDA09EDBA11E3E1A3D82B34CE4B2,47,numeric filename tokens,0,1,NO_EXIF_ORIENTATION,PASS
CUMCM-2021-E-E014,2021年数学建模国赛真题+优秀论文/2021年国赛优秀论文E题-E014/E48.jpg,35528F58FDD3B1A67C73E8C9D6989768B49884EBB1FC6675DABF350DCB183B2C,48,numeric filename tokens,0,1,NO_EXIF_ORIENTATION,PASS
CUMCM-2021-E-E014,2021年数学建模国赛真题+优秀论文/2021年国赛优秀论文E题-E014/E49.jpg,DFDD8A6ABC3538F9CE24E4F778CFA5CF177868938015565F572582343445861B,49,numeric filename tokens,0,1,NO_EXIF_ORIENTATION,PASS
CUMCM-2021-E-E014,2021年数学建模国赛真题+优秀论文/2021年国赛优秀论文E题-E014/E50.jpg,BECE2EFBEF3F15EFD676317EF127299F15C09EA97479AE1E07EF22B06CA1EAD4,50,numeric filename tokens,0,1,NO_EXIF_ORIENTATION,PASS
CUMCM-2021-E-E014,2021年数学建模国赛真题+优秀论文/2021年国赛优秀论文E题-E014/E51.jpg,55D6A47A784D1233609E135F9A4B9F23329A95947F775FF08E9281786D317940,51,numeric filename tokens,0,1,NO_EXIF_ORIENTATION,PASS
CUMCM-2021-E-E025,2021年数学建模国赛真题+优秀论文/2021年国赛优秀论文E题-E025/E1.jpg,AA8D7B9FAD876342DB9A929AC349DD1C7C14C9AAB9508C2D655A4A8B95559692,1,numeric filename tokens,0,1,NO_EXIF_ORIENTATION,PASS
CUMCM-2021-E-E025,2021年数学建模国赛真题+优秀论文/2021年国赛优秀论文E题-E025/E2.jpg,D5BF279229464E902A6B5883F0D8B22CD7C6F84D7FD9302A379283441194F72C,2,numeric filename tokens,0,1,NO_EXIF_ORIENTATION,PASS
CUMCM-2021-E-E025,2021年数学建模国赛真题+优秀论文/2021年国赛优秀论文E题-E025/E3.jpg,E88439E2B084A5DF85F30F415437E48DCA133E0FDC19E392C91A41B3932F2598,3,numeric filename tokens,0,1,NO_EXIF_ORIENTATION,PASS
CUMCM-2021-E-E025,2021年数学建模国赛真题+优秀论文/2021年国赛优秀论文E题-E025/E4.jpg,3E43837FC590A9FC6F60A3C5E13F2C8873E21194AFA806AA0045B939E279C351,4,numeric filename tokens,0,1,NO_EXIF_ORIENTATION,PASS
CUMCM-2021-E-E025,2021年数学建模国赛真题+优秀论文/2021年国赛优秀论文E题-E025/E5.jpg,850BCFD92937CBE8EE86630C3FA15E2AE2B8EB101835750381214A1A8FB54C9C,5,numeric filename tokens,0,1,NO_EXIF_ORIENTATION,PASS
CUMCM-2021-E-E025,2021年数学建模国赛真题+优秀论文/2021年国赛优秀论文E题-E025/E6.jpg,BCB35682ABCA4D1FF5ED0584E6E719BB588A4F74FF6513CCD8A1482F0AE06BDE,6,numeric filename tokens,0,1,NO_EXIF_ORIENTATION,PASS
CUMCM-2021-E-E025,2021年数学建模国赛真题+优秀论文/2021年国赛优秀论文E题-E025/E7.jpg,BB850AC4137A86AACE0D601C4542ADC9B698475FC64608047DE662202B8623D5,7,numeric filename tokens,0,1,NO_EXIF_ORIENTATION,PASS
CUMCM-2021-E-E025,2021年数学建模国赛真题+优秀论文/2021年国赛优秀论文E题-E025/E8.jpg,9EEB3C988FD87B1CBDA5FD5A41111EF1116094E4915A5D5A18DFB9BA682C692E,8,numeric filename tokens,0,1,NO_EXIF_ORIENTATION,PASS
CUMCM-2021-E-E025,2021年数学建模国赛真题+优秀论文/2021年国赛优秀论文E题-E025/E9.jpg,04DD0ADCAA8909DC7930FEB7EBE0CB4861EF3175002385142CE1A8FE176B9F08,9,numeric filename tokens,0,1,NO_EXIF_ORIENTATION,PASS
CUMCM-2021-E-E025,2021年数学建模国赛真题+优秀论文/2021年国赛优秀论文E题-E025/E10.jpg,D45F191424C3D3DFDB7EE5FAB6E99C9F1877625A02984165C5A63D45DE5C2D61,10,numeric filename tokens,0,1,NO_EXIF_ORIENTATION,PASS
CUMCM-2021-E-E025,2021年数学建模国赛真题+优秀论文/2021年国赛优秀论文E题-E025/E11.jpg,1E898DE69EC2E7C610077EFDFEDA760CC208BEBF0DDB2FD314A99376046C18E7,11,numeric filename tokens,0,1,NO_EXIF_ORIENTATION,PASS
CUMCM-2021-E-E025,2021年数学建模国赛真题+优秀论文/2021年国赛优秀论文E题-E025/E12.jpg,291665BF8249B21A3B7AA39C79914918C0DC9B18EB662915DAEE744CBA7EEAE1,12,numeric filename tokens,0,1,NO_EXIF_ORIENTATION,PASS
CUMCM-2021-E-E025,2021年数学建模国赛真题+优秀论文/2021年国赛优秀论文E题-E025/E13.jpg,3A0297BD0FB0DB583AFACE858D0A36685CED93BDE6C6431214F676744AEEC870,13,numeric filename tokens,0,1,NO_EXIF_ORIENTATION,PASS
CUMCM-2021-E-E025,2021年数学建模国赛真题+优秀论文/2021年国赛优秀论文E题-E025/E14.jpg,4B9EB34C8C2E2212F8775AFD57B1A347B25715A3B710BB98ED09A5EF192276BD,14,numeric filename tokens,0,1,NO_EXIF_ORIENTATION,PASS
CUMCM-2021-E-E025,2021年数学建模国赛真题+优秀论文/2021年国赛优秀论文E题-E025/E15.jpg,01CAD5191662307BB43FEE944AAFF025FDB5E8733A75D9B9F9E1046506EEB30F,15,numeric filename tokens,0,1,NO_EXIF_ORIENTATION,PASS
CUMCM-2021-E-E025,2021年数学建模国赛真题+优秀论文/2021年国赛优秀论文E题-E025/E16.jpg,B31DD72BBC4807677B0CFDE361E3D2355F341313D002F9C870D5B9206E6B1812,16,numeric filename tokens,0,1,NO_EXIF_ORIENTATION,PASS
CUMCM-2021-E-E025,2021年数学建模国赛真题+优秀论文/2021年国赛优秀论文E题-E025/E17.jpg,4DE18434D1089E7BA78490F1F2DBB923782C0D46F7DBE7CFAE1C12BA35943C59,17,numeric filename tokens,0,1,NO_EXIF_ORIENTATION,PASS
CUMCM-2021-E-E025,2021年数学建模国赛真题+优秀论文/2021年国赛优秀论文E题-E025/E18.jpg,FF41F910BDFFD132BE0C97681BB7A60828A5CEF2ED1FE0A1F38CF3E99E29F287,18,numeric filename tokens,0,1,NO_EXIF_ORIENTATION,PASS
CUMCM-2021-E-E025,2021年数学建模国赛真题+优秀论文/2021年国赛优秀论文E题-E025/E19.jpg,429D599F7D5C9A1125558015937207EC9AEEE9FA8FC0AB56A1B7B6A6A7929845,19,numeric filename tokens,0,1,NO_EXIF_ORIENTATION,PASS
CUMCM-2021-E-E025,2021年数学建模国赛真题+优秀论文/2021年国赛优秀论文E题-E025/E20.jpg,6980422D8ECDB3099BD363799F6F82559D0F63794035B91B805BEF6617F345FE,20,numeric filename tokens,0,1,NO_EXIF_ORIENTATION,PASS
CUMCM-2021-E-E025,2021年数学建模国赛真题+优秀论文/2021年国赛优秀论文E题-E025/E21.jpg,5CD72B82FB4C019362715398C4372CB8CAFB07A2FD1A681ECD8B25CA011FC0B0,21,numeric filename tokens,0,1,NO_EXIF_ORIENTATION,PASS
CUMCM-2021-E-E025,2021年数学建模国赛真题+优秀论文/2021年国赛优秀论文E题-E025/E22.jpg,A8399427FDDEEDB792450BD173294AEDC493B202A93F9DA47EF774772B97F6E8,22,numeric filename tokens,0,1,NO_EXIF_ORIENTATION,PASS
CUMCM-2021-E-E025,2021年数学建模国赛真题+优秀论文/2021年国赛优秀论文E题-E025/E23.jpg,B65F6986C0BF53FF451D4BA82728B80839D49DE2EE07F1602DD474C66EC5C17B,23,numeric filename tokens,0,1,NO_EXIF_ORIENTATION,PASS
CUMCM-2021-E-E025,2021年数学建模国赛真题+优秀论文/2021年国赛优秀论文E题-E025/E24.jpg,4A7CAC1E8E5818CB2FCA50746EB3D60158488D65891AAD48CD2C815436330A97,24,numeric filename tokens,0,1,NO_EXIF_ORIENTATION,PASS
CUMCM-2021-E-E025,2021年数学建模国赛真题+优秀论文/2021年国赛优秀论文E题-E025/E25.jpg,0D9D72C9ACBF55D739B680A4F62EBC99257B68DCF60203223DE98FCD063A5247,25,numeric filename tokens,0,1,NO_EXIF_ORIENTATION,PASS
CUMCM-2021-E-E025,2021年数学建模国赛真题+优秀论文/2021年国赛优秀论文E题-E025/E26.jpg,5D184CFD8523E25B7B90D7BCF0C9F8D2F6FA0A51A8F60F83C9DD72A80510968B,26,numeric filename tokens,0,1,NO_EXIF_ORIENTATION,PASS
CUMCM-2021-E-E025,2021年数学建模国赛真题+优秀论文/2021年国赛优秀论文E题-E025/E27.jpg,83D7761AF1537B7EAD17FCBAAE52580C85C715B381179FB48CF6EC113362FFDD,27,numeric filename tokens,0,1,NO_EXIF_ORIENTATION,PASS
CUMCM-2021-E-E025,2021年数学建模国赛真题+优秀论文/2021年国赛优秀论文E题-E025/E28.jpg,F25690F99C3FAEFCCBB9F340799FBA766FC9614AC378D135C706B2E634817654,28,numeric filename tokens,0,1,NO_EXIF_ORIENTATION,PASS
CUMCM-2021-E-E025,2021年数学建模国赛真题+优秀论文/2021年国赛优秀论文E题-E025/E29.jpg,1B1E194C6CBCE15085D59B38686EA00E7262D6179BB0870E937BBCE2A98BD91C,29,numeric filename tokens,0,1,NO_EXIF_ORIENTATION,PASS
CUMCM-2021-E-E025,2021年数学建模国赛真题+优秀论文/2021年国赛优秀论文E题-E025/E30.jpg,F1874B9B992AD636971C5FB3F125B0177D61078F2D02398E4B537AFCE71B4E5C,30,numeric filename tokens,0,1,NO_EXIF_ORIENTATION,PASS
CUMCM-2021-E-E025,2021年数学建模国赛真题+优秀论文/2021年国赛优秀论文E题-E025/E31.jpg,E83B01D5A8FA3E628C5E7B00C88F5D897C8EED88A03D2C13B1FC29CBBC6B3354,31,numeric filename tokens,0,1,NO_EXIF_ORIENTATION,PASS
CUMCM-2021-E-E025,2021年数学建模国赛真题+优秀论文/2021年国赛优秀论文E题-E025/E32.jpg,D3F7567AB96370F3FE59163635A75A40BDE651DEFF2AD678D09A88AEFE816D6D,32,numeric filename tokens,0,1,NO_EXIF_ORIENTATION,PASS
CUMCM-2021-E-E025,2021年数学建模国赛真题+优秀论文/2021年国赛优秀论文E题-E025/E33.jpg,7BFED776BD4F57A9801742C9FE9C90A0E5FC4B91F130AD7BDF2488D1A6F56FC0,33,numeric filename tokens,0,1,NO_EXIF_ORIENTATION,PASS
CUMCM-2021-E-E025,2021年数学建模国赛真题+优秀论文/2021年国赛优秀论文E题-E025/E34.jpg,EBDA47AED298126BA789C24C472F61F6E4CE6EB5C78AB5392C295534EF359420,34,numeric filename tokens,0,1,NO_EXIF_ORIENTATION,PASS
CUMCM-2021-E-E025,2021年数学建模国赛真题+优秀论文/2021年国赛优秀论文E题-E025/E35.jpg,C8A7D7C0297F4484920A5E862DBC7295D9D3AFEF7D5C922AEEDF90289078B333,35,numeric filename tokens,0,1,NO_EXIF_ORIENTATION,PASS
CUMCM-2021-E-E025,2021年数学建模国赛真题+优秀论文/2021年国赛优秀论文E题-E025/E36.jpg,62BC4B41E9386A72938D919029B1E72DC43CF9AEA1B92E25259F060EB7DEC790,36,numeric filename tokens,0,1,NO_EXIF_ORIENTATION,PASS
CUMCM-2021-E-E025,2021年数学建模国赛真题+优秀论文/2021年国赛优秀论文E题-E025/E37.jpg,2B5DFA5D1232A6CB1449274D7CEDC0E3775C6371DCD7EE353D848B3262D3C51F,37,numeric filename tokens,0,1,NO_EXIF_ORIENTATION,PASS
CUMCM-2021-E-E025,2021年数学建模国赛真题+优秀论文/2021年国赛优秀论文E题-E025/E38.jpg,F5444E79D09456790EAA9A8F2BB75072DA13A76FE7F3B98FEB59DD9FAE9CF33D,38,numeric filename tokens,0,1,NO_EXIF_ORIENTATION,PASS
CUMCM-2021-E-E025,2021年数学建模国赛真题+优秀论文/2021年国赛优秀论文E题-E025/E39.jpg,0781F9866FD108A5F011A5C4F8B86E17BEB8F78AA741376903542D95F97DF01B,39,numeric filename tokens,0,1,NO_EXIF_ORIENTATION,PASS
CUMCM-2021-E-E037,2021年数学建模国赛真题+优秀论文/2021年国赛优秀论文E题-E037/E1.jpg,17AFC86E098AD0A88D6C75DC699EC70FD5C5848C68CBDB492F970D3DECBBFE27,1,numeric filename tokens,0,1,NO_EXIF_ORIENTATION,PASS
CUMCM-2021-E-E037,2021年数学建模国赛真题+优秀论文/2021年国赛优秀论文E题-E037/E2.jpg,F299F8D1153FA9DE2E877C797FD18AD62245EF2D77925BB9E5F03D4A72664751,2,numeric filename tokens,0,1,NO_EXIF_ORIENTATION,PASS
CUMCM-2021-E-E037,2021年数学建模国赛真题+优秀论文/2021年国赛优秀论文E题-E037/E3.jpg,41DE543E3D53DBC2FECC54B005A28AED47652AD90E3DA810440DC12BAE641DF3,3,numeric filename tokens,0,1,NO_EXIF_ORIENTATION,PASS
CUMCM-2021-E-E037,2021年数学建模国赛真题+优秀论文/2021年国赛优秀论文E题-E037/E4.jpg,0E174B3349FC34F3AB93B369C31713A17BDA029B5272C91E2A295F7074516041,4,numeric filename tokens,0,1,NO_EXIF_ORIENTATION,PASS
CUMCM-2021-E-E037,2021年数学建模国赛真题+优秀论文/2021年国赛优秀论文E题-E037/E5.jpg,7F47EAB2609CE4A8E03C8C9A10A0217C41E3379A19306AE627C07D239CA19A93,5,numeric filename tokens,0,1,NO_EXIF_ORIENTATION,PASS
CUMCM-2021-E-E037,2021年数学建模国赛真题+优秀论文/2021年国赛优秀论文E题-E037/E6.jpg,46E3AD41DC6681EF0790EEC9D1B9FB1576A7A8A025171B2360F51602F90D9E55,6,numeric filename tokens,0,1,NO_EXIF_ORIENTATION,PASS
CUMCM-2021-E-E037,2021年数学建模国赛真题+优秀论文/2021年国赛优秀论文E题-E037/E7.jpg,17B22B294F247140E52202584DBDB96AD799A221D2AE26D460E7E1842EBD24D7,7,numeric filename tokens,0,1,NO_EXIF_ORIENTATION,PASS
CUMCM-2021-E-E037,2021年数学建模国赛真题+优秀论文/2021年国赛优秀论文E题-E037/E8.jpg,7C183403660BF9290F5F499ACB7E670ADB18054DE41FD9DE5501BC5050D43309,8,numeric filename tokens,0,1,NO_EXIF_ORIENTATION,PASS
CUMCM-2021-E-E037,2021年数学建模国赛真题+优秀论文/2021年国赛优秀论文E题-E037/E9.jpg,6306A7971766A22EDEF171D2CF0C0885FD2E558C0BA936556D448DD7CB5DB76F,9,numeric filename tokens,0,1,NO_EXIF_ORIENTATION,PASS
CUMCM-2021-E-E037,2021年数学建模国赛真题+优秀论文/2021年国赛优秀论文E题-E037/E10.jpg,E20101D5147A8C5298441898ADCA1822E8C47EC2D21F09E0BAD6B22AD9537ACB,10,numeric filename tokens,0,1,NO_EXIF_ORIENTATION,PASS
CUMCM-2021-E-E037,2021年数学建模国赛真题+优秀论文/2021年国赛优秀论文E题-E037/E11.jpg,B8F09204C6D739E70D95DF5AB8EFA2075B5F1AAD1707D898015FAB743ADE9E2C,11,numeric filename tokens,0,1,NO_EXIF_ORIENTATION,PASS
CUMCM-2021-E-E037,2021年数学建模国赛真题+优秀论文/2021年国赛优秀论文E题-E037/E12.jpg,1FECAC97625BD1846D8C4AD3462AAD98B5038AC7ADF3EE731234E0BD4EE8893B,12,numeric filename tokens,0,1,NO_EXIF_ORIENTATION,PASS
CUMCM-2021-E-E037,2021年数学建模国赛真题+优秀论文/2021年国赛优秀论文E题-E037/E13.jpg,8274F903B0ED1FFFA3334FAED79DA2F48EE9ADCBA5597589BFC812A163D6C3CF,13,numeric filename tokens,0,1,NO_EXIF_ORIENTATION,PASS
CUMCM-2021-E-E037,2021年数学建模国赛真题+优秀论文/2021年国赛优秀论文E题-E037/E14.jpg,49FF9EAB57B9F67240ABAB383A5CE876679BEB2E410002C6D42A064691FB8837,14,numeric filename tokens,0,1,NO_EXIF_ORIENTATION,PASS
CUMCM-2021-E-E037,2021年数学建模国赛真题+优秀论文/2021年国赛优秀论文E题-E037/E15.jpg,030ED5E5EDF2BC0525CBE58BB9BD6A999FBE994B4AD1E255552B2BF4EFA9FBDB,15,numeric filename tokens,0,1,NO_EXIF_ORIENTATION,PASS
CUMCM-2021-E-E037,2021年数学建模国赛真题+优秀论文/2021年国赛优秀论文E题-E037/E16.jpg,1299B3ADF7AB2B2845FC796CF9E9DEF2DEF1623743B0C3E7FD2A7D6D93FB067D,16,numeric filename tokens,0,1,NO_EXIF_ORIENTATION,PASS
CUMCM-2021-E-E037,2021年数学建模国赛真题+优秀论文/2021年国赛优秀论文E题-E037/E17.jpg,47C55A4623DA69AB27BA026C4B9B2776A2188E8B740005C2D98110795FE38EA8,17,numeric filename tokens,0,1,NO_EXIF_ORIENTATION,PASS
CUMCM-2021-E-E037,2021年数学建模国赛真题+优秀论文/2021年国赛优秀论文E题-E037/E18.jpg,221382886A1110A2852D8F75724806B87D07ED71AAC2EFC733E92E732CB09458,18,numeric filename tokens,0,1,NO_EXIF_ORIENTATION,PASS
CUMCM-2021-E-E037,2021年数学建模国赛真题+优秀论文/2021年国赛优秀论文E题-E037/E19.jpg,55C5A46D125C872730DE5B2917E06214F55E3D48C9952C1D1F9E31775BDAD273,19,numeric filename tokens,0,1,NO_EXIF_ORIENTATION,PASS
CUMCM-2021-E-E037,2021年数学建模国赛真题+优秀论文/2021年国赛优秀论文E题-E037/E20.jpg,0657F6E17C6A51E4A87AC975FDBEF4EA88C335D9BCF0F8FCDEFFC25757C5E6E2,20,numeric filename tokens,0,1,NO_EXIF_ORIENTATION,PASS
CUMCM-2021-E-E037,2021年数学建模国赛真题+优秀论文/2021年国赛优秀论文E题-E037/E21.jpg,50FBDFD5A5BF82ED8425317A7ADF2B78C3F463E10F5A2C46A60B7290744F8C4D,21,numeric filename tokens,0,1,NO_EXIF_ORIENTATION,PASS
CUMCM-2021-E-E037,2021年数学建模国赛真题+优秀论文/2021年国赛优秀论文E题-E037/E22.jpg,C05A2CD9165E06EB6AAD296CBCF3867380573FA19CAFC68626D992803F17996B,22,numeric filename tokens,0,1,NO_EXIF_ORIENTATION,PASS
CUMCM-2021-E-E037,2021年数学建模国赛真题+优秀论文/2021年国赛优秀论文E题-E037/E23.jpg,14679088F474C76C908DABA44E7C7F80F95EA98D4E4E20F49326EACD7A04A501,23,numeric filename tokens,0,1,NO_EXIF_ORIENTATION,PASS
CUMCM-2021-E-E037,2021年数学建模国赛真题+优秀论文/2021年国赛优秀论文E题-E037/E24.jpg,2BFD24111AED28AE368177F623C7163D481CB4168AD26D83EF99D2426BE9A1A6,24,numeric filename tokens,0,1,NO_EXIF_ORIENTATION,PASS
CUMCM-2021-E-E037,2021年数学建模国赛真题+优秀论文/2021年国赛优秀论文E题-E037/E25.jpg,F91E705833B631A1250F834B4F35A4C7E1A919D6312A1113BA3A057B90DBDC9A,25,numeric filename tokens,0,1,NO_EXIF_ORIENTATION,PASS
CUMCM-2021-E-E037,2021年数学建模国赛真题+优秀论文/2021年国赛优秀论文E题-E037/E26.jpg,91148C779357A740E07F9B2ADC88752C83FC66B3FC16927C84472F1B9CEA8019,26,numeric filename tokens,0,1,NO_EXIF_ORIENTATION,PASS
CUMCM-2021-E-E037,2021年数学建模国赛真题+优秀论文/2021年国赛优秀论文E题-E037/E27.jpg,BAD2D975E86A72F91CCDB56B2F38A0E5BA88B37CAFA59668D0C929B1781D999C,27,numeric filename tokens,0,1,NO_EXIF_ORIENTATION,PASS
CUMCM-2021-E-E037,2021年数学建模国赛真题+优秀论文/2021年国赛优秀论文E题-E037/E28.jpg,B5E6F37E2F54837E9C3E11380713BC7AFBF3C041855121B2AD395E18AAFDC075,28,numeric filename tokens,0,1,NO_EXIF_ORIENTATION,PASS
CUMCM-2021-E-E037,2021年数学建模国赛真题+优秀论文/2021年国赛优秀论文E题-E037/E29.jpg,536D06B1C8A695F58B944706EA46BA6B42524D28D2E8D71C2CD6B7E97BFD7777,29,numeric filename tokens,0,1,NO_EXIF_ORIENTATION,PASS
CUMCM-2021-E-E037,2021年数学建模国赛真题+优秀论文/2021年国赛优秀论文E题-E037/E30.jpg,C43A0FE4D68286226E50AB12D3707334ED33CE52B807C15A133D3C6B9D6D755C,30,numeric filename tokens,0,1,NO_EXIF_ORIENTATION,PASS
CUMCM-2021-E-E037,2021年数学建模国赛真题+优秀论文/2021年国赛优秀论文E题-E037/E31.jpg,38C857B933FF9A131D9CDC2579E281E898A071B5D41C4E093476710FFA54FFB5,31,numeric filename tokens,0,1,NO_EXIF_ORIENTATION,PASS
CUMCM-2021-E-E037,2021年数学建模国赛真题+优秀论文/2021年国赛优秀论文E题-E037/E32.jpg,A669FD2514FB243418E12268B2890A33308AD57E14F952377B76D247569EFBD8,32,numeric filename tokens,0,1,NO_EXIF_ORIENTATION,PASS
CUMCM-2021-E-E037,2021年数学建模国赛真题+优秀论文/2021年国赛优秀论文E题-E037/E33.jpg,6632FC95230A0226C6EE1104DA7FC9BADC53830917CBCCB5AECFD040911B030A,33,numeric filename tokens,0,1,NO_EXIF_ORIENTATION,PASS
CUMCM-2021-E-E037,2021年数学建模国赛真题+优秀论文/2021年国赛优秀论文E题-E037/E34.jpg,9FBF9DA09265EFFE36D2E97333806673E431CA9344AFE2390D0AE1308CCADA1D,34,numeric filename tokens,0,1,NO_EXIF_ORIENTATION,PASS
CUMCM-2021-E-E037,2021年数学建模国赛真题+优秀论文/2021年国赛优秀论文E题-E037/E35.jpg,DCD79A2AA219FF50DEA79E492E2B4A03512B2CF8F318C8F6CDFBEF2D49A1D947,35,numeric filename tokens,0,1,NO_EXIF_ORIENTATION,PASS
CUMCM-2021-E-E037,2021年数学建模国赛真题+优秀论文/2021年国赛优秀论文E题-E037/E36.jpg,5F365D6F87EAF9792442D23229D8DDBAB486C3E00E9A2A3F0785073134B6B0F5,36,numeric filename tokens,0,1,NO_EXIF_ORIENTATION,PASS
CUMCM-2021-E-E037,2021年数学建模国赛真题+优秀论文/2021年国赛优秀论文E题-E037/E37.jpg,7919B121FDD74ADA78D492D6835C4C1AD241BDA1CBFA5C105D2F6E0ADA60388E,37,numeric filename tokens,0,1,NO_EXIF_ORIENTATION,PASS
CUMCM-2022-C-C229,2022年数学建模国赛真题+优秀论文/2022年国赛优秀论文C题C229/8122397.jpg,91A05808CCE3A469785B84B91F738760A6A40CECE36A099CE98E034F29E2FF1F,1,numeric filename tokens,0,1,NO_EXIF_ORIENTATION,PASS
CUMCM-2022-C-C229,2022年数学建模国赛真题+优秀论文/2022年国赛优秀论文C题C229/8122399.jpg,589996526EB80890EDE0AFE59A0D32286752B4AD0E9318853B386EB98ADEED67,2,numeric filename tokens,0,1,NO_EXIF_ORIENTATION,PASS
CUMCM-2022-C-C229,2022年数学建模国赛真题+优秀论文/2022年国赛优秀论文C题C229/8122401.jpg,A3D0B73C077322935AB50C9D6A4D5E64EDC00CA0588B574AF2106BA5C89FFF36,3,numeric filename tokens,0,1,NO_EXIF_ORIENTATION,PASS
CUMCM-2022-C-C229,2022年数学建模国赛真题+优秀论文/2022年国赛优秀论文C题C229/8122403.jpg,44460834781126AC811A22F95C330DC3038DDA540F3F0E393D33DD787D1A27EC,4,numeric filename tokens,0,1,NO_EXIF_ORIENTATION,PASS
CUMCM-2022-C-C229,2022年数学建模国赛真题+优秀论文/2022年国赛优秀论文C题C229/8122405.jpg,53D57FF0B8A9E1BEAA27FFFB6540061D028A126A9601AE278196AA7665901427,5,numeric filename tokens,0,1,NO_EXIF_ORIENTATION,PASS
CUMCM-2022-C-C229,2022年数学建模国赛真题+优秀论文/2022年国赛优秀论文C题C229/8122407.jpg,E5C568858038FAEB32502F00D8533C1C278F5FC01A78C1F2D48F09634BE961A4,6,numeric filename tokens,0,1,NO_EXIF_ORIENTATION,PASS
CUMCM-2022-C-C229,2022年数学建模国赛真题+优秀论文/2022年国赛优秀论文C题C229/8122409.jpg,91100A778052C18235FE54E54856A57AAA8F85804D506DA4BB33991E07CEB0CF,7,numeric filename tokens,0,1,NO_EXIF_ORIENTATION,PASS
CUMCM-2022-C-C229,2022年数学建模国赛真题+优秀论文/2022年国赛优秀论文C题C229/8122411.jpg,D20DFC57A5720B88274434E7FDC07A5277892F92A02241455E05345CA380E54E,8,numeric filename tokens,0,1,NO_EXIF_ORIENTATION,PASS
CUMCM-2022-C-C229,2022年数学建模国赛真题+优秀论文/2022年国赛优秀论文C题C229/8122413.jpg,3E3FFADB71ED6702ECDF7EDB1D88AEEABB44DB64A70FE1B8771AFEFE145382A9,9,numeric filename tokens,0,1,NO_EXIF_ORIENTATION,PASS
CUMCM-2022-C-C229,2022年数学建模国赛真题+优秀论文/2022年国赛优秀论文C题C229/8122415.jpg,50C8BC752AA4C35BD0A32AFCBD2A15678DD8418376B50C4EE8690C54A5EFF296,10,numeric filename tokens,0,1,NO_EXIF_ORIENTATION,PASS
CUMCM-2022-C-C229,2022年数学建模国赛真题+优秀论文/2022年国赛优秀论文C题C229/8122417.jpg,F382A4F87363FC49A720C9E62CDCA05A18B72CADE94E935D121A61B63A9F02B3,11,numeric filename tokens,0,1,NO_EXIF_ORIENTATION,PASS
CUMCM-2022-C-C229,2022年数学建模国赛真题+优秀论文/2022年国赛优秀论文C题C229/8122419.jpg,6F93A321596CDD75C0F98D7BE4763979C34FBC11C2B9F867DC07232F161A4ED8,12,numeric filename tokens,0,1,NO_EXIF_ORIENTATION,PASS
CUMCM-2022-C-C229,2022年数学建模国赛真题+优秀论文/2022年国赛优秀论文C题C229/8122421.jpg,B64B68AD926F2BA2DCAF1E61E57D7E9FFEF095C77081DE1D21EBE72C53D76FB2,13,numeric filename tokens,0,1,NO_EXIF_ORIENTATION,PASS
CUMCM-2022-C-C229,2022年数学建模国赛真题+优秀论文/2022年国赛优秀论文C题C229/8122423.jpg,3AD61A84E1C9451C5A954DEB7A6F93EAC0DC156AE208362141400B0BC407BF6B,14,numeric filename tokens,0,1,NO_EXIF_ORIENTATION,PASS
CUMCM-2022-C-C229,2022年数学建模国赛真题+优秀论文/2022年国赛优秀论文C题C229/8122425.jpg,3A51E7F02B993DE9EBAAC35A5BA842A66849B9F3BAFCD581A8112B57915DA10B,15,numeric filename tokens,0,1,NO_EXIF_ORIENTATION,PASS
CUMCM-2022-C-C229,2022年数学建模国赛真题+优秀论文/2022年国赛优秀论文C题C229/8122427.jpg,6BFA8BD605AFD1F6B955CCC8CD3FBD58B566B3B130ABC51CF8630FE13FB79734,16,numeric filename tokens,0,1,NO_EXIF_ORIENTATION,PASS
CUMCM-2022-C-C229,2022年数学建模国赛真题+优秀论文/2022年国赛优秀论文C题C229/8122429.jpg,6C386E09EBAD0611BC4A8DBD3F2AD5D544932E380D602A500ECF7A4586C858E5,17,numeric filename tokens,0,1,NO_EXIF_ORIENTATION,PASS
CUMCM-2022-C-C229,2022年数学建模国赛真题+优秀论文/2022年国赛优秀论文C题C229/8122431.jpg,135DBDF479823E4B62160C55719B599FCA29D89B3A108AA01294792E7C079C10,18,numeric filename tokens,0,1,NO_EXIF_ORIENTATION,PASS
CUMCM-2022-C-C229,2022年数学建模国赛真题+优秀论文/2022年国赛优秀论文C题C229/8122433.jpg,7576CEB1D86D8F0C3377F03F7D22413D6CB2879053C1B08964E63FDC544D0308,19,numeric filename tokens,0,1,NO_EXIF_ORIENTATION,PASS
CUMCM-2022-C-C229,2022年数学建模国赛真题+优秀论文/2022年国赛优秀论文C题C229/8122435.jpg,443E4B65D1E9A6AA9455A86C513FB39F611E482DC74BF0CA874860DA33DFDFB0,20,numeric filename tokens,0,1,NO_EXIF_ORIENTATION,PASS
CUMCM-2022-C-C229,2022年数学建模国赛真题+优秀论文/2022年国赛优秀论文C题C229/8122437.jpg,3F168BFC06B47839B454D9D3005A68EEC2B06A6A7DA6F96ADBF295FF2645642A,21,numeric filename tokens,0,1,NO_EXIF_ORIENTATION,PASS
CUMCM-2022-C-C229,2022年数学建模国赛真题+优秀论文/2022年国赛优秀论文C题C229/8122439.jpg,2F941F32B83A3E477B51E6765069132A69110C7DDFAF6BAFA62426918B3406B9,22,numeric filename tokens,0,1,NO_EXIF_ORIENTATION,PASS
CUMCM-2022-C-C229,2022年数学建模国赛真题+优秀论文/2022年国赛优秀论文C题C229/8122441.jpg,8AAF300406FD86966EB4522527582E225809CBD94076BF310BD701DD68679A2E,23,numeric filename tokens,0,1,NO_EXIF_ORIENTATION,PASS
CUMCM-2022-C-C229,2022年数学建模国赛真题+优秀论文/2022年国赛优秀论文C题C229/8122443.jpg,C786E790C1DF7B29F2D31590006CC6E682CEFED44A1494860AECEAA4392E1CB4,24,numeric filename tokens,0,1,NO_EXIF_ORIENTATION,PASS
CUMCM-2022-C-C229,2022年数学建模国赛真题+优秀论文/2022年国赛优秀论文C题C229/8122445.jpg,E089B3C05BFEC1E7EF6C868C274CE8ADB7E638D439DD5B07692E52645573DB79,25,numeric filename tokens,0,1,NO_EXIF_ORIENTATION,PASS
CUMCM-2022-C-C229,2022年数学建模国赛真题+优秀论文/2022年国赛优秀论文C题C229/8122447.jpg,0B7F23787710FDBAA5E342C52EF9FEB0D94F2B069B03221497A3920414CCE8F1,26,numeric filename tokens,0,1,NO_EXIF_ORIENTATION,PASS
CUMCM-2022-E-E014,2022年数学建模国赛真题+优秀论文/2022年国赛优秀论文E题E014/8122239.jpg,DFA068914E29070A744E23D89E0A2AF25027025A945BF5B8F9C04756FB00EAA8,1,numeric filename tokens,0,1,NO_EXIF_ORIENTATION,PASS
CUMCM-2022-E-E014,2022年数学建模国赛真题+优秀论文/2022年国赛优秀论文E题E014/8122241.jpg,A4BD8CD1BC14DFEE4F4AA2DF3AAD0CFBE933AB95C4C1534122DEF52174C5C796,2,numeric filename tokens,0,1,NO_EXIF_ORIENTATION,PASS
CUMCM-2022-E-E014,2022年数学建模国赛真题+优秀论文/2022年国赛优秀论文E题E014/8122243.jpg,3F596BD5D36162638D0CB379101F62AD3E7F0B326138C2A2E33E93CAF2BC0F43,3,numeric filename tokens,0,1,NO_EXIF_ORIENTATION,PASS
CUMCM-2022-E-E014,2022年数学建模国赛真题+优秀论文/2022年国赛优秀论文E题E014/8122245.jpg,5A01F9C81158B987745782C4ED6C91DC942EB3FDC2BDFF0D304E3638631973CD,4,numeric filename tokens,0,1,NO_EXIF_ORIENTATION,PASS
CUMCM-2022-E-E014,2022年数学建模国赛真题+优秀论文/2022年国赛优秀论文E题E014/8122247.jpg,41E9C8EAF34C0D77344FAF72BA94366430006E2E97EBFFF3C8695B426A4B4B00,5,numeric filename tokens,0,1,NO_EXIF_ORIENTATION,PASS
CUMCM-2022-E-E014,2022年数学建模国赛真题+优秀论文/2022年国赛优秀论文E题E014/8122249.jpg,B7BCA3EDBDDD4F71B1A9C3FF6E15762D55BBD17C1ED395FEC30F3027B5919C9C,6,numeric filename tokens,0,1,NO_EXIF_ORIENTATION,PASS
CUMCM-2022-E-E014,2022年数学建模国赛真题+优秀论文/2022年国赛优秀论文E题E014/8122251.jpg,97BAA923C732CAD7418DE1ED1F701C9CBE4355973D5DF44C1FDD76AF38F18552,7,numeric filename tokens,0,1,NO_EXIF_ORIENTATION,PASS
CUMCM-2022-E-E014,2022年数学建模国赛真题+优秀论文/2022年国赛优秀论文E题E014/8122253.jpg,5C4BA7492B026DE7D54B500D4D1766AAC1AF56CD1416A6D2AF2F7594DB1B7D63,8,numeric filename tokens,0,1,NO_EXIF_ORIENTATION,PASS
CUMCM-2022-E-E014,2022年数学建模国赛真题+优秀论文/2022年国赛优秀论文E题E014/8122255.jpg,D18C7DAE63F40F8309A5390A4394D1E802424E055B8123D1A171A7FFDE0DAB01,9,numeric filename tokens,0,1,NO_EXIF_ORIENTATION,PASS
CUMCM-2022-E-E014,2022年数学建模国赛真题+优秀论文/2022年国赛优秀论文E题E014/8122257.jpg,A4A23A30B3276409B079815EA1DA3BC4A055B8E0038A460547837EF61762A540,10,numeric filename tokens,0,1,NO_EXIF_ORIENTATION,PASS
CUMCM-2022-E-E014,2022年数学建模国赛真题+优秀论文/2022年国赛优秀论文E题E014/8122259.jpg,EFA122B932887B199731ACFF0FDA94534AE9F56F7290687B8DC0DFB50183F383,11,numeric filename tokens,0,1,NO_EXIF_ORIENTATION,PASS
CUMCM-2022-E-E014,2022年数学建模国赛真题+优秀论文/2022年国赛优秀论文E题E014/8122261.jpg,F8884EDF27E75E7250F7E9FA86A16D2B4E2CFCE048E8484637BDD710AC2F1184,12,numeric filename tokens,0,1,NO_EXIF_ORIENTATION,PASS
CUMCM-2022-E-E014,2022年数学建模国赛真题+优秀论文/2022年国赛优秀论文E题E014/8122263.jpg,ED8B26ED6FD2FD8F3AFAE663F5E5DA6ED7F090895796F4049F4A169B595C8A9D,13,numeric filename tokens,0,1,NO_EXIF_ORIENTATION,PASS
CUMCM-2022-E-E014,2022年数学建模国赛真题+优秀论文/2022年国赛优秀论文E题E014/8122265.jpg,2181280D0BF95342CF553B94FEBACA2294741E83F429D05DDBD8F717049BF9C6,14,numeric filename tokens,0,1,NO_EXIF_ORIENTATION,PASS
CUMCM-2022-E-E014,2022年数学建模国赛真题+优秀论文/2022年国赛优秀论文E题E014/8122267.jpg,B935B44028FA13B23617E598C0AE21D23F17CD29A3D4E46B0D6F470760090D6A,15,numeric filename tokens,0,1,NO_EXIF_ORIENTATION,PASS
CUMCM-2022-E-E014,2022年数学建模国赛真题+优秀论文/2022年国赛优秀论文E题E014/8122269.jpg,5FDEB20AC0340216DE50E3CC9610B28C3498AE5BD65B30FBDFA95AA3FD03F214,16,numeric filename tokens,0,1,NO_EXIF_ORIENTATION,PASS
CUMCM-2022-E-E014,2022年数学建模国赛真题+优秀论文/2022年国赛优秀论文E题E014/8122271.jpg,AE526C0132A3F271DA0357CE9A7FAB263E07D08D6B402250E5296600AB161FFB,17,numeric filename tokens,0,1,NO_EXIF_ORIENTATION,PASS
CUMCM-2022-E-E014,2022年数学建模国赛真题+优秀论文/2022年国赛优秀论文E题E014/8122273.jpg,3920C327A6F06A3F5449AE31C4DCB6113375C2714F4B15AC8CD20C2F9F72153B,18,numeric filename tokens,0,1,NO_EXIF_ORIENTATION,PASS
CUMCM-2022-E-E014,2022年数学建模国赛真题+优秀论文/2022年国赛优秀论文E题E014/8122275.jpg,A3B9538BF491D75684FA32CF50C08F1C7DD9A01138127493D3AB0B39CB87E7C0,19,numeric filename tokens,0,1,NO_EXIF_ORIENTATION,PASS
CUMCM-2022-E-E014,2022年数学建模国赛真题+优秀论文/2022年国赛优秀论文E题E014/8122277.jpg,BEBB4A6D5831EB54DE46BE5B333B980561401AFA337815BFB277CE307E2D0C62,20,numeric filename tokens,0,1,NO_EXIF_ORIENTATION,PASS
CUMCM-2022-E-E014,2022年数学建模国赛真题+优秀论文/2022年国赛优秀论文E题E014/8122279.jpg,9526F957EB8A86458488CBCB76D65A72C2C623AB9FBB142971F2B903BF8F8613,21,numeric filename tokens,0,1,NO_EXIF_ORIENTATION,PASS
CUMCM-2022-E-E014,2022年数学建模国赛真题+优秀论文/2022年国赛优秀论文E题E014/8122281.jpg,84A0A6373EA720A3DAC307999663B203DA28D56672EC3DC2FC8D2A156177A80D,22,numeric filename tokens,0,1,NO_EXIF_ORIENTATION,PASS
CUMCM-2022-E-E014,2022年数学建模国赛真题+优秀论文/2022年国赛优秀论文E题E014/8122283.jpg,43C0BA9F1F60409EFD14188531B5AB4D1F1151D4E0BD4AFC3DC35E3F50FE03B2,23,numeric filename tokens,0,1,NO_EXIF_ORIENTATION,PASS
CUMCM-2022-E-E014,2022年数学建模国赛真题+优秀论文/2022年国赛优秀论文E题E014/8122285.jpg,92FEFE708922ABF6E3DCB81377453BC38B7CB9DD512800A27C39908097571821,24,numeric filename tokens,0,1,NO_EXIF_ORIENTATION,PASS
