batch_attempt_id,paper_id,page_number,tool_kind,phase,timeout_seconds,duration_ms,status,timed_out,exit_code,cleanup_success,render_width,render_height,render_pixel_count,render_file_size,render_sha256,ocr_text_chars,ocr_text_sha256,ocr_quality_status
20260902T181812821882_f3ed3664,CUMCM-2020-B-005,1,TESSERACT_OCR,PHASE_6_SELECTIVE_PAGE_OCR,180,5152,SUCCESS,0,0,0,1191,1684,2005644,1865718,84A6806BC4A3E84EA78DB5103A271077411ACA948CEDC9380CB8AE99E1AC2B77,2169,284C2129871F2EBE3FC678C10B67270C04EEE3FEB14AA3009E87C5421F881FFA,PASS
20260902T181812821882_f3ed3664,CUMCM-2020-B-005,2,TESSERACT_OCR,PHASE_6_SELECTIVE_PAGE_OCR,180,4344,SUCCESS,0,0,0,1191,1684,2005644,1909412,037ED7FF0FD0C1FF46605FA9E6D9A810491E00885C25DBE6F5BF5ECFF468D96A,2225,CE2B6C0B15383669E3A0C85C8EE55DF94E6DF7661083FE649644FF92C5D2F7C1,PASS
20260902T181812821882_f3ed3664,CUMCM-2020-B-005,3,TESSERACT_OCR,PHASE_6_SELECTIVE_PAGE_OCR,180,2811,SUCCESS,0,0,0,1191,1684,2005644,1271470,2C8ACA742C537E5346444BBFA5A506F168C4B4778DF4DE475AF7144644D2D0C2,1277,C737C942C6A956681E0882AB3CDBF1A20A29A3D765287011451ACFBE675BDB5E,PASS
20260902T181812821882_f3ed3664,CUMCM-2020-B-005,4,TESSERACT_OCR,PHASE_6_SELECTIVE_PAGE_OCR,180,3857,SUCCESS,0,0,0,1191,1684,2005644,1657543,8D82EF0B74A067F05F71DEBD1C1A246049DB5AC75455B7E37AA1069087F27825,1953,C98443A84C78D712C41D69495D71F2650B8AE4DF5123499B8549DF70C1AAE4BA,PASS
20260902T181812821882_f3ed3664,CUMCM-2020-B-005,5,TESSERACT_OCR,PHASE_6_SELECTIVE_PAGE_OCR,180,2319,SUCCESS,0,0,0,1191,1684,2005644,1233528,4D96DB8D9CF7EF724FFCE1314D360A322269614B570FE55B8AFDDDB0BA9D9235,1366,2497A6C83FAF2BC645187A96416EDCEFF4D047BDF225A7859B1F1938A564FBB4,PASS
20260902T181812821882_f3ed3664,CUMCM-2020-B-005,6,TESSERACT_OCR,PHASE_6_SELECTIVE_PAGE_OCR,180,2487,SUCCESS,0,0,0,1191,1684,2005644,1233979,47A2DB1DE57E849B72C6B246D4B3EC9C3210915E6BE9C29226DA79DFD68E1C92,1376,19D3BECB90944AE8FB0353E23AF73118F3298384EB2AFEE1AEAA88E682B5981F,PASS
20260902T181812821882_f3ed3664,CUMCM-2020-B-005,7,TESSERACT_OCR,PHASE_6_SELECTIVE_PAGE_OCR,180,2834,SUCCESS,0,0,0,1191,1684,2005644,1347139,5A389FA8F170405CA34671A5223E4241852A2C82400C5407DB2238F09EF20B26,1488,5EDE2EB92C0CD7F222AB2F63FF53B7B69D1A7F5DC5C8C60583417E65D1AE5758,PASS
20260902T181812821882_f3ed3664,CUMCM-2020-B-005,8,TESSERACT_OCR,PHASE_6_SELECTIVE_PAGE_OCR,180,2802,SUCCESS,0,0,0,1191,1684,2005644,1474764,90FAF5204F6D5ED24359553272152D97D233C3FFDA986154D9E30EE96EDFA059,1659,509EFDAB658B49E3A034275835BACF7BD650B691BF8D29522D89F008F9BBBCC4,PASS
20260902T181812821882_f3ed3664,CUMCM-2020-B-005,9,TESSERACT_OCR,PHASE_6_SELECTIVE_PAGE_OCR,180,3165,SUCCESS,0,0,0,1191,1684,2005644,1711046,3651F7E5D6FE173A5096C31C77DF18111AFB20FA3607D9FB2292E42ADD9B703D,1896,DD30B959625AC94613EF46977C42EEBDF2F04A9F8E79F319031BF576BF1AA867,PASS
20260902T181812821882_f3ed3664,CUMCM-2020-B-005,10,TESSERACT_OCR,PHASE_6_SELECTIVE_PAGE_OCR,180,3007,SUCCESS,0,0,0,1191,1684,2005644,1490995,FB43B06E519A6079E6DAFE732D1B38E1F45EB1D2A4C6663961A5C943B0FF3D3A,1496,B3EE965AEBF943D6A3E769C2AD9173567176348F41B523353F4FD842C5A18F88,PASS
20260902T181812821882_f3ed3664,CUMCM-2020-B-005,11,TESSERACT_OCR,PHASE_6_SELECTIVE_PAGE_OCR,180,2489,SUCCESS,0,0,0,1191,1684,2005644,1110607,86247AA2573DCE6BBEA2DE2D0FA8E7358FD7E055BBF82BF83EC309E53422EE0A,1294,D93387A17B1AF1F495A301F994D747DB866054A69376747E19A8E8263C729A28,PASS
20260902T181812821882_f3ed3664,CUMCM-2020-B-005,12,TESSERACT_OCR,PHASE_6_SELECTIVE_PAGE_OCR,180,3140,SUCCESS,0,0,0,1191,1684,2005644,1460985,C2C6A5BE1D615CF2C8E4B5A4FD9337F0A02EDB33281CF4873CF2E9EBC1C67FAB,1533,36AE975BE95178267777A93C535A3082D27BEC2C6703975F2459E1EDD8F12D01,PASS
20260902T181812821882_f3ed3664,CUMCM-2020-B-005,13,TESSERACT_OCR,PHASE_6_SELECTIVE_PAGE_OCR,180,2893,SUCCESS,0,0,0,1191,1684,2005644,1364445,318C0B5F07311954806A15D067E3FCA62949980A372E1D3D5DC25B31BB861577,1573,8BDA7A49F4F8203FD5C5026414DE262FAD17B4486BA652C591B9A84671FF0AE7,PASS
20260902T181812821882_f3ed3664,CUMCM-2020-B-005,14,TESSERACT_OCR,PHASE_6_SELECTIVE_PAGE_OCR,180,2924,SUCCESS,0,0,0,1191,1684,2005644,1445276,C1E79DEDB23E88A5BABFAD6E0E23B2233B8C66CDF80EC276422E4D97B588F823,1543,EDE49E5108C24232F34B3E6C72FB75A9498825BE4669A05E53BB25D10EF0AE50,PASS
20260902T181812821882_f3ed3664,CUMCM-2020-B-005,15,TESSERACT_OCR,PHASE_6_SELECTIVE_PAGE_OCR,180,2891,SUCCESS,0,0,0,1191,1684,2005644,1418201,636AB20C51994ADB5D2070AB4A15A0F46ED91977294B38C77AA8945D457FF427,1593,DE962F87B8A467F59959245A9C4539C02861CE61A61B4A30783076B7FABC6288,PASS
20260902T181812821882_f3ed3664,CUMCM-2020-B-005,16,TESSERACT_OCR,PHASE_6_SELECTIVE_PAGE_OCR,180,2927,SUCCESS,0,0,0,1191,1684,2005644,1521209,2FA067EB65BAE3986A15AE0A801AF758AEC2CC7B9C4C12B9421A6B81FBA43853,1721,87CC2541C43716BD8697F4A21BC1A4D614EE7A51A959E08C76788B20B3163D8C,PASS
20260902T181812821882_f3ed3664,CUMCM-2020-B-005,17,TESSERACT_OCR,PHASE_6_SELECTIVE_PAGE_OCR,180,2903,SUCCESS,0,0,0,1191,1684,2005644,1488032,90026F427EA342D0B6BB6DD5CBB79BC3F7C5140851042C21CDFB8613D5B13BBF,1631,DD3929FB6523B0A57909FFDE919415F3142F60956E375738963E94EF6E7DC004,PASS
20260902T181812821882_f3ed3664,CUMCM-2020-B-005,18,TESSERACT_OCR,PHASE_6_SELECTIVE_PAGE_OCR,180,3088,SUCCESS,0,0,0,1191,1684,2005644,1629261,9CA5C1480E3D0478DE9966F4E16E533780F40524390186C7664D7D00E5D1A94C,1874,B888EE088A966A52886640CCF37FD5D0AEC9C4DD68F43CC4317CA3B8483493FD,PASS
20260902T181812821882_f3ed3664,CUMCM-2020-B-005,19,TESSERACT_OCR,PHASE_6_SELECTIVE_PAGE_OCR,180,3235,SUCCESS,0,0,0,1191,1684,2005644,1184777,1E4986848384C7C8EB32B68318B44B992288AF1ABFDDFD9A14DD826CE55CF0C3,1242,3A4FB0A825120BD1D5B966E695D70BDF54A2BDCD1397F7F74702381ABF2D2817,PASS
20260902T181812821882_f3ed3664,CUMCM-2020-B-005,20,TESSERACT_OCR,PHASE_6_SELECTIVE_PAGE_OCR,180,3766,SUCCESS,0,0,0,1191,1684,2005644,1531132,72B9C65B4C4C878C05E3A13AD226EB6B7B4A33F898AB87B5153446DE8B0B5479,1733,90F39EA8A7658C41F4E8738771D48B97F0FE3524A02353F5A691F82BA8AE4BEB,PASS
20260902T181812821882_f3ed3664,CUMCM-2020-B-005,21,TESSERACT_OCR,PHASE_6_SELECTIVE_PAGE_OCR,180,3034,SUCCESS,0,0,0,1191,1684,2005644,1509317,25BA19AE337EEABBB94C541AE8143EB64CAE62F6A642659327FB800666569F67,1664,77CE13EE27395A673BF55692122AA0C073C290977A595562EFB96EDE9AA932CA,PASS
20260902T181812821882_f3ed3664,CUMCM-2020-B-005,22,TESSERACT_OCR,PHASE_6_SELECTIVE_PAGE_OCR,180,1842,SUCCESS,0,0,0,1191,1684,2005644,749247,E7050EE22E35243384D165F843A9A21D76001ECD2F0A5E905459C2C81BDEF39E,740,8FD501FE60D2806CD75277CCC6542153CCFD05120BCA15F4B6B6253F52517497,PASS
20260902T181812821882_f3ed3664,CUMCM-2020-B-005,23,TESSERACT_OCR,PHASE_6_SELECTIVE_PAGE_OCR,180,1829,SUCCESS,0,0,0,1191,1684,2005644,869040,0D335F1111B835E77828A3C676749CCA65CF52E963A5F4967280C3D1856B5573,901,A0FF7A56C41CA846063590EFA9A513A1ADF06D8E921326A933B19C09EE112326,PASS
20260902T181812821882_f3ed3664,CUMCM-2020-B-005,24,TESSERACT_OCR,PHASE_6_SELECTIVE_PAGE_OCR,180,1551,SUCCESS,0,0,0,1191,1684,2005644,681292,5107D119C7640FF450C7797725F3E6F8F9BD37E39F77AF1662D0FE241E4E3411,885,2399DDF8DF68CBBCA6C71D5854A8CF7FC4E712C870331CF8F6D5B394E50A43AB,PASS
20260902T181812821882_f3ed3664,CUMCM-2020-B-005,25,TESSERACT_OCR,PHASE_6_SELECTIVE_PAGE_OCR,180,1014,SUCCESS,0,0,0,1191,1684,2005644,445255,A4DE94B97BF9C9619B1F43AD9DB0D7870882A0E36E1F373CD0F5DA0185B83A00,457,18061580DA510D1DFF7169F937C03289131A10B9633133FBAE9130996913CFC7,PASS
20260902T181812821882_f3ed3664,CUMCM-2020-B-005,26,TESSERACT_OCR,PHASE_6_SELECTIVE_PAGE_OCR,180,1002,SUCCESS,0,0,0,1191,1684,2005644,447362,190339E170E4B2F5E9C13DFBCF7B285F8FF99230D0749874FB14465283662297,417,CF741B20D71170626EF79133DA980890B803105BF32D9B1966E5362B7A026D96,PASS
20260902T181812821882_f3ed3664,CUMCM-2020-B-005,27,TESSERACT_OCR,PHASE_6_SELECTIVE_PAGE_OCR,180,1326,SUCCESS,0,0,0,1191,1684,2005644,606393,B3D26F9E44CE91D43359E04EDFDE9199812FB4A97CF2AAE6569013612FE65877,741,4712C85DB6CA8DD5C5106FB4904C3BBD4B7E2DAC62F0A746E776747417FD08AB,PASS
20260902T181812821882_f3ed3664,CUMCM-2020-B-005,28,TESSERACT_OCR,PHASE_6_SELECTIVE_PAGE_OCR,180,1744,SUCCESS,0,0,0,1191,1684,2005644,791275,02011A9A89BFC9F7B18580C2666A718413C8540D3514D784AB17BCB4C1693355,1035,2244BC5D1F947D2C2DEBE0263182BAF33137698D0C08289E98E7F4E5A312DB67,PASS
20260902T181812821882_f3ed3664,CUMCM-2020-B-005,29,TESSERACT_OCR,PHASE_6_SELECTIVE_PAGE_OCR,180,1809,SUCCESS,0,0,0,1191,1684,2005644,809793,7478AE3FF7A64442137717747503578CC603F6B953F430E96D5B2E7235CAB027,1034,50F3375D2C020AD775FA46698912E6B60625D5E291CE440ED364032450FFDC5E,PASS
20260902T181812821882_f3ed3664,CUMCM-2020-B-005,30,TESSERACT_OCR,PHASE_6_SELECTIVE_PAGE_OCR,180,988,SUCCESS,0,0,0,1191,1684,2005644,476533,64CBB38B823F72526306852504E2C7D1465A967106A7DF5E8F2A70BE9AC42536,537,D6789485FA599F2297BCB581DB18FCFD10BB9953E436BC1E24FF82B98AA43849,PASS
20260902T181812821882_f3ed3664,CUMCM-2020-B-005,31,TESSERACT_OCR,PHASE_6_SELECTIVE_PAGE_OCR,180,896,SUCCESS,0,0,0,1191,1684,2005644,386124,7AB827CC55AA24800B06614988688F24E9790FBD8B9FD1A7388201F059BA5B59,318,3A576AE49139BE7DE0F535592976989E21E98287240355C22815D075BBC99F59,PASS
20260902T181812821882_f3ed3664,CUMCM-2020-B-005,32,TESSERACT_OCR,PHASE_6_SELECTIVE_PAGE_OCR,180,1055,SUCCESS,0,0,0,1191,1684,2005644,502249,1B269F1B956DAA1E8A9A3CAC6F42D2CF0EDFF074FB4511D3A5A614E90794C1A2,558,B7EC69AACC4E449CDCCD2E1DE3150BA515312CA2837833A06C7C147B006309AB,PASS
20260902T181812821882_f3ed3664,CUMCM-2020-B-005,33,TESSERACT_OCR,PHASE_6_SELECTIVE_PAGE_OCR,180,1771,SUCCESS,0,0,0,1191,1684,2005644,743541,AF07F63A269D0D70865BD893F7267C0686EDFA0AEE25847C2C1B3642CD3E918D,987,22C95C230C921C6D7460F4902D1A63F18B9D52F78DC3925C619BD040FF115254,PASS
20260902T181812821882_f3ed3664,CUMCM-2020-B-005,34,TESSERACT_OCR,PHASE_6_SELECTIVE_PAGE_OCR,180,1964,SUCCESS,0,0,0,1191,1684,2005644,883199,AC33B594CC36360E1CCF23F7782CB3443CC3EB6FC7C7BFE001C0FAE955AF3B59,1165,DF12CE852A9B34BC53642EA206EAD4DFA04B5335279385AE95AD3CF5FB4639BA,PASS
20260902T181812821882_f3ed3664,CUMCM-2020-B-005,35,TESSERACT_OCR,PHASE_6_SELECTIVE_PAGE_OCR,180,1269,SUCCESS,0,0,0,1191,1684,2005644,489219,7654BDC2471AC9334FAAD33FE42927F64F379CC0EBD7952544F998D4D6876141,577,BB207AC99E8F522CF98D01F04800CC676AF99C2639EEFF9582EFCF3CCB6978EA,PASS
20260902T181812821882_f3ed3664,CUMCM-2020-B-005,36,TESSERACT_OCR,PHASE_6_SELECTIVE_PAGE_OCR,180,866,SUCCESS,0,0,0,1191,1684,2005644,385013,D19CD289385DF4D5AEFD27604C2FE2E49767235C948E069BC921A0B95A01408A,308,F735D43B27A2FEDA9971D33A87A00142352C82BC606EEC81AFC6396BEB3CBAAC,PASS
20260902T181812821882_f3ed3664,CUMCM-2020-B-005,37,TESSERACT_OCR,PHASE_6_SELECTIVE_PAGE_OCR,180,1079,SUCCESS,0,0,0,1191,1684,2005644,488000,7F6A1FE619C31207940F040CD1C6CE1E5233E26951E73E60814B5B5950254E4A,528,3B5A6000EAFE085ADC796EB183CD6A06D034D64F039353ACD0FCA9BB8638B31E,PASS
20260902T181812821882_f3ed3664,CUMCM-2020-B-005,38,TESSERACT_OCR,PHASE_6_SELECTIVE_PAGE_OCR,180,2930,SUCCESS,0,0,0,1191,1684,2005644,870131,9DE45BF09A918DC5B45C21A9D982CD16AE99467FFF2E2EDDA83D1732481B4B20,1240,B3AFE14AF10EE4F669005E5764E55060A387385EDBCB99FDB2676363B3B7C03B,PASS
20260902T181812821882_f3ed3664,CUMCM-2020-B-005,39,TESSERACT_OCR,PHASE_6_SELECTIVE_PAGE_OCR,180,2002,SUCCESS,0,0,0,1191,1684,2005644,884013,2B10FCEF6F89ABCC30C58824BCD753B68AF5BFB8F0CCBE5CCD96BFFB401C52B9,1223,93781A35D93990F55FC74C62876ECEC4B8132A6E029AF8391ED8061F76668EFC,PASS
20260902T181812821882_f3ed3664,CUMCM-2020-B-005,40,TESSERACT_OCR,PHASE_6_SELECTIVE_PAGE_OCR,180,2714,SUCCESS,0,0,0,1191,1684,2005644,1222304,68C3E8A7B9733A07C4EE4C523815B514D07E3D82948CC385D55F861AF225AB97,1699,C46A0EE0E16656818AD2C5DBB90A13F02628554DEB1B72863BD8191F821F8E95,PASS
20260902T181812821882_f3ed3664,CUMCM-2020-B-005,41,TESSERACT_OCR,PHASE_6_SELECTIVE_PAGE_OCR,180,1642,SUCCESS,0,0,0,1191,1684,2005644,670453,34B81220D91EF48AD1AA0323B37E6B0C568A3E2B578528BD63BA5E7F904A259A,812,41AA3FFEA251184F2DB56D4303CAC5FF42DC61C4949B0DB38EF339C9E66E8617,PASS
20260902T181812821882_f3ed3664,CUMCM-2020-B-005,42,TESSERACT_OCR,PHASE_6_SELECTIVE_PAGE_OCR,180,1211,SUCCESS,0,0,0,1191,1684,2005644,554387,16B722E794CEC3791A2269F8A97481C9BC3EFC08F886A348EF178068DAFEBEF9,706,E6AB84885C3A4453FBF9941542FA0DF067A1EB97130BDE64AE8EB94DF2CB4C25,PASS
20260902T181812821882_f3ed3664,CUMCM-2020-B-005,43,TESSERACT_OCR,PHASE_6_SELECTIVE_PAGE_OCR,180,1426,SUCCESS,0,0,0,1191,1684,2005644,688136,29A73BC1B6BA61D20022ACBCF71F6D9AECA1BFAF22593EBA1943DFC05B81C767,1003,31F9B954DF1E2758B5789A17041FE2AD172F4422981242AA446955422263361D,PASS
20260902T181812821882_f3ed3664,CUMCM-2020-B-005,44,TESSERACT_OCR,PHASE_6_SELECTIVE_PAGE_OCR,180,1320,SUCCESS,0,0,0,1191,1684,2005644,608127,9B41F82668510339E3C03C8146B4DFDA0B105C92111878F537BF2A14C5AA2624,708,5C64D0FAB57D47606BDAA8616D4E54CDC78C910395A09C943A5EE36B41DADFFA,PASS
20260902T181812821882_f3ed3664,CUMCM-2020-B-005,45,TESSERACT_OCR,PHASE_6_SELECTIVE_PAGE_OCR,180,2137,SUCCESS,0,0,0,1191,1684,2005644,973312,BB091CCA56206C6BA73E247134327CF84908C0DBE01AAFE83E7904E51B3F2B58,1257,56BC5B79852B3571F959A1308074BFBF928C388B843A549A3D9D0920A1385590,PASS
20260902T181812821882_f3ed3664,CUMCM-2020-B-005,46,TESSERACT_OCR,PHASE_6_SELECTIVE_PAGE_OCR,180,1500,SUCCESS,0,0,0,1191,1684,2005644,627011,0EB703EEDC7D87577AC0403D4DF035556710879E8B7A3893E7F52B4E745E08B6,812,6A6E6AE4ABAFA1DACA553B267F3FD57B73D265B81F787AC09E3F5DDE210017D6,PASS
20260902T181812821882_f3ed3664,CUMCM-2020-B-005,47,TESSERACT_OCR,PHASE_6_SELECTIVE_PAGE_OCR,180,1317,SUCCESS,0,0,0,1191,1684,2005644,609609,0E3A4B3DF11BA6A9C9B2B75116800031E643CFDBAAE8A989D46C206435C2CEA1,795,7EC7141C57BD05E6A1D034D0608B4DA9A2AFCE59ECB917F69C3DC6401F2A133D,PASS
20260902T181812821882_f3ed3664,CUMCM-2020-B-005,48,TESSERACT_OCR,PHASE_6_SELECTIVE_PAGE_OCR,180,954,SUCCESS,0,0,0,1191,1684,2005644,451886,E3F78ABBEBC7FC4D5A2B31C4971D014A0DBF90E8A8A5ABF24DB0429DBB0A1EDA,491,16E1A1B99A7BBD531A2575F4D0A13A1960A72D2D7B6A05C4001AB22DA90FCF86,PASS
20260902T181812821882_f3ed3664,CUMCM-2020-B-005,49,TESSERACT_OCR,PHASE_6_SELECTIVE_PAGE_OCR,180,1914,SUCCESS,0,0,0,1191,1684,2005644,828308,1135DC8FD7A5E20E177BD68AF95E31FD7C7A10E09BCD80D556A7EC5614364B93,1163,E00A928C5EE10109C47027212CD6F1A9ABC316802C3B908BEDBD57B3028C0A1D,PASS
20260902T181812821882_f3ed3664,CUMCM-2020-B-005,50,TESSERACT_OCR,PHASE_6_SELECTIVE_PAGE_OCR,180,1483,SUCCESS,0,0,0,1191,1684,2005644,721370,BE672930837CD93E74FFE36BCA9AD5E480EC70A3834F970E70DC5CE57D721F2E,732,D93223D7F58E07267BDEBA1DEE58217E29EDE6848AA560BB6F5B158003B8C160,PASS
20260902T181812821882_f3ed3664,CUMCM-2020-C-001,1,TESSERACT_OCR,PHASE_6_SELECTIVE_PAGE_OCR,180,2508,SUCCESS,0,0,0,1191,1684,2005644,1408176,4C2EA280EB684CD3D538B8F28A802CEA5503228E6A1856F4E9B5A9738AC2F2D1,1437,964B06B491B87AA973C23722B8C64778A2737F9C5D0A8886B0F656D1EE8B4D9D,PASS
20260902T181812821882_f3ed3664,CUMCM-2020-C-001,2,TESSERACT_OCR,PHASE_6_SELECTIVE_PAGE_OCR,180,3114,SUCCESS,0,0,0,1191,1684,2005644,1602073,070972DB1828E629C32E0DE9F69851FA865E5B645E59E733199FB67306FF24A3,1770,FDF124E191C8AE66F1E2232AF26252D16D0A73EB024E4E1313926EC5ED830803,PASS
20260902T181812821882_f3ed3664,CUMCM-2020-C-001,3,TESSERACT_OCR,PHASE_6_SELECTIVE_PAGE_OCR,180,2458,SUCCESS,0,0,0,1191,1684,2005644,1310661,6D178E5B350437780AEE610371659930A319D5F972526E97E0316664C28EA5F8,1363,C1762335DCD76EBC1B0283ECDC227032F615D3A9B6D0E0CCC2BD63ABE41FC096,PASS
20260902T181812821882_f3ed3664,CUMCM-2020-C-001,4,TESSERACT_OCR,PHASE_6_SELECTIVE_PAGE_OCR,180,1518,SUCCESS,0,0,0,1191,1684,2005644,761708,856FE2BAEFAF9A3D97482DBBEDD211A7BA65ED1A186DA026DE777BA861F4AA10,734,60D1EA40DA4348F53E881F217B8E30974A5B47ED9EBD95B754ED001BA4E6C8DC,PASS
20260902T181812821882_f3ed3664,CUMCM-2020-C-001,5,TESSERACT_OCR,PHASE_6_SELECTIVE_PAGE_OCR,180,1781,SUCCESS,0,0,0,1191,1684,2005644,684795,B3A0E633D404835416E647051C5D4EEB402BC5D9C7B8DFBAACB5227D0CDEFA7F,711,51FECC207570C5AD15EF4D18399AFEEF0811A9B25CBFF99133A0D2DB7285405E,PASS
20260902T181812821882_f3ed3664,CUMCM-2020-C-001,6,TESSERACT_OCR,PHASE_6_SELECTIVE_PAGE_OCR,180,2387,SUCCESS,0,0,0,1191,1684,2005644,1169832,76C934F519B8126805009C17778C64F1D59C8610AE2308C9DEC72CE58F7EEC56,1244,722F1DF19CC5FABEBF094D640E49468623306DDA945E3C48B07F51C515038358,PASS
20260902T181812821882_f3ed3664,CUMCM-2020-C-001,7,TESSERACT_OCR,PHASE_6_SELECTIVE_PAGE_OCR,180,2740,SUCCESS,0,0,0,1191,1684,2005644,1220011,087395143C1CCDD2D29CAEA749A86C11A50BC67DA6DB9E3BF319AE9239207E79,1287,211E84C250A40A49179330CE24EDBB4F3A7845D4EF0F8370AC1DAB3AA7817452,PASS
20260902T181812821882_f3ed3664,CUMCM-2020-C-001,8,TESSERACT_OCR,PHASE_6_SELECTIVE_PAGE_OCR,180,3052,SUCCESS,0,0,0,1191,1684,2005644,1505407,E2C99D6F42023FFAC44C8035C9D83D2F76BB7CC63D183F0B6F347260ED7C0428,1728,96502A74736E759B42C29205DFA47FD0B3CDC11218947D4F6A9F678CD46CFF71,PASS
20260902T181812821882_f3ed3664,CUMCM-2020-C-001,9,TESSERACT_OCR,PHASE_6_SELECTIVE_PAGE_OCR,180,1899,SUCCESS,0,0,0,1191,1684,2005644,1023187,E9761FAD9B2FE7036606302F63ACC88876FA8FBC4165D56E14B691C04C4B45F4,1044,0196D71E81D47C2F581F196A46ED19D30A2E7364EECCDDAB8D10E7334F1F2AE8,PASS
20260902T181812821882_f3ed3664,CUMCM-2020-C-001,10,TESSERACT_OCR,PHASE_6_SELECTIVE_PAGE_OCR,180,1674,SUCCESS,0,0,0,1191,1684,2005644,993091,6929E963E23846E060711C924ECDF8B377E624276C11EFCEA65F88FBC1626AE7,960,5FBBBFE2B8051595E3125E2A69083A4B0E83FE8B96A1207854C827521E2680C6,PASS
20260902T181812821882_f3ed3664,CUMCM-2020-C-001,11,TESSERACT_OCR,PHASE_6_SELECTIVE_PAGE_OCR,180,1933,SUCCESS,0,0,0,1191,1684,2005644,1035892,3550B47489E18B9306AD145A37773AE1B0239E1DD511D188A1019EAED72B62A6,1098,83A519E223E76E376AE80C96207362E4CD0D74BC6810BEDBEB373B08769B157F,PASS
20260902T181812821882_f3ed3664,CUMCM-2020-C-001,12,TESSERACT_OCR,PHASE_6_SELECTIVE_PAGE_OCR,180,2136,SUCCESS,0,0,0,1191,1684,2005644,1023180,5DA1D0759542BD247CB53BE9949610ACF756016C8DC905C51545F062E95540D9,1109,5D202D00A9443252A461479B9BFC14DA7D36FAD627DD8A035C166208AFD5A32F,PASS
20260902T181812821882_f3ed3664,CUMCM-2020-C-001,13,TESSERACT_OCR,PHASE_6_SELECTIVE_PAGE_OCR,180,2041,SUCCESS,0,0,0,1191,1684,2005644,1073306,07638E4809E07F3E25D89C453A66FD50ECC4004F236B3A1B135C670A3105E19E,1116,FAD001B1E56E1E9BFF134367C975DBE818405EDB42C0BCC105833EA2147CCA17,PASS
20260902T181812821882_f3ed3664,CUMCM-2020-C-001,14,TESSERACT_OCR,PHASE_6_SELECTIVE_PAGE_OCR,180,2591,SUCCESS,0,0,0,1191,1684,2005644,1172314,D20722DBD970E0F8287CB5A7AE8C8779DF6690628E97D325EB86C8FCFF70E376,1321,3B3D62FE1E2CE26D8D0CA4DBEAFCC56897353E529FB65402B3035C8F1B4D5BDD,PASS
20260902T181812821882_f3ed3664,CUMCM-2020-C-001,15,TESSERACT_OCR,PHASE_6_SELECTIVE_PAGE_OCR,180,2092,SUCCESS,0,0,0,1191,1684,2005644,919445,167C45EE52C8BF66CCB28FE18EA792BF403CACCFCFD22F55DA6F3C98E6032436,1007,61FFEDF590A8B0EEA1814A60E275A12F54EE808CE12A596B95DF1517C9F24C57,PASS
20260902T181812821882_f3ed3664,CUMCM-2020-C-001,16,TESSERACT_OCR,PHASE_6_SELECTIVE_PAGE_OCR,180,1701,SUCCESS,0,0,0,1191,1684,2005644,772352,5D06FFBDB0A873F2B3F03F95AAE0A3DE65ADF2498F36FF4D22501201BF109B6F,729,598653878E7EE13ECC8E2CC296408490162CD935BF4EFC26477E8FE10362759C,PASS
20260902T181812821882_f3ed3664,CUMCM-2020-C-001,17,TESSERACT_OCR,PHASE_6_SELECTIVE_PAGE_OCR,180,1663,SUCCESS,0,0,0,1191,1684,2005644,685764,5CB6630C69C533FDF903227531A45B570D569643D3F8AE496143EF484B22BCB7,819,25AA2DDA48C378B223C21FE6319BD91638A1754FE3985F56FAFAD8FEBE83BA8B,PASS
20260902T181812821882_f3ed3664,CUMCM-2020-C-001,18,TESSERACT_OCR,PHASE_6_SELECTIVE_PAGE_OCR,180,2120,SUCCESS,0,0,0,1191,1684,2005644,997206,4874B40A13E2FFB518033AEE23C39267D6D561492B9510E3603AB07C3DEE562E,1185,5769FBCF1AC2956935326CF589DCAC93EB212CB6C16C802F9D5D4B01605FD321,PASS
20260902T181812821882_f3ed3664,CUMCM-2020-C-001,19,TESSERACT_OCR,PHASE_6_SELECTIVE_PAGE_OCR,180,1662,SUCCESS,0,0,0,1191,1684,2005644,940375,AD4DD0B528CC0CE4CD56A62E48EFECB555049BBC2CDB23EBF8D644A3FF59FE04,870,45AEE4D33C3C6C736AF7F7661FB81A995387C9F15103E248954CA04D332B8922,PASS
20260902T181812821882_f3ed3664,CUMCM-2020-C-001,20,TESSERACT_OCR,PHASE_6_SELECTIVE_PAGE_OCR,180,1539,SUCCESS,0,0,0,1191,1684,2005644,793834,9793EAF30EBC3935EF39A635E9922D6014C0694B795978EFC3AFF4284D113EBA,983,9A7677CE83A15357FB4C073708DB722249A9150D251A02902B5AB6D7848A3AAA,PASS
20260902T181812821882_f3ed3664,CUMCM-2020-C-001,21,TESSERACT_OCR,PHASE_6_SELECTIVE_PAGE_OCR,180,1137,SUCCESS,0,0,0,1191,1684,2005644,627973,EBD8A76795A683765F2B66E965B8D0F256974AA36C41AB13FBD0EFC8E3CFA2BC,778,F527A0E9DE768C0C90AF17D92C0A563434F73202F4E5C014BC3FBCDD18E6B9C9,PASS
20260902T181812821882_f3ed3664,CUMCM-2020-C-001,22,TESSERACT_OCR,PHASE_6_SELECTIVE_PAGE_OCR,180,1024,SUCCESS,0,0,0,1191,1684,2005644,629247,7B0EF0CBCCEC709A4B91437F544CE526A74A260CF788DC9BC95DB701023DFA83,779,B6F82F561360C748595FA842CB685F502694820BF869868FAED9FE1A3F7E52DD,PASS
20260902T181812821882_f3ed3664,CUMCM-2020-C-001,23,TESSERACT_OCR,PHASE_6_SELECTIVE_PAGE_OCR,180,1054,SUCCESS,0,0,0,1191,1684,2005644,573894,1E81B7BC455ABEE921B8C52BACFD0A4F797B6AF104CF50C35D2A1663CDCF479D,683,254CF6FB08D257AA6BEF60BA65EA4C0E2D3FF72162A6077EE322D8CD3223F1B5,PASS
20260902T181812821882_f3ed3664,CUMCM-2020-C-001,24,TESSERACT_OCR,PHASE_6_SELECTIVE_PAGE_OCR,180,1206,SUCCESS,0,0,0,1191,1684,2005644,561086,80D30F51F3662C599F381222D9AB2CDFCC13928B2B1E72658AF8A45DF2720B2C,755,D84611D33DC7B073855B9C194D3894F6881249B04B6E2D05874DB96572DAC9CF,PASS
20260902T181812821882_f3ed3664,CUMCM-2020-C-001,25,TESSERACT_OCR,PHASE_6_SELECTIVE_PAGE_OCR,180,1439,SUCCESS,0,0,0,1191,1684,2005644,711227,5F1324F3EB5D2F848A3A400766F5BEE26A9A7148FD73156E047602C1170C44CB,1108,5F95BF262E6C6F02378FA71B6752C5F24CA848AAFEB2BA28D62F5E73F504270C,PASS
20260902T181812821882_f3ed3664,CUMCM-2020-C-001,26,TESSERACT_OCR,PHASE_6_SELECTIVE_PAGE_OCR,180,1402,SUCCESS,0,0,0,1191,1684,2005644,687813,CC28141B744F719747ACE773739A1ECC1FEB3B7121565FB10417A88D0F0648E8,1016,4F6182BA74067659F4BCB938E98207C6FC4F965E9536C3A48E6CA38CCD25553C,PASS
20260902T181812821882_f3ed3664,CUMCM-2020-C-001,27,TESSERACT_OCR,PHASE_6_SELECTIVE_PAGE_OCR,180,1207,SUCCESS,0,0,0,1191,1684,2005644,585514,CF8A8BF5845747817F7F8F9535A00D8FAC1620950940826103004C07030BAD4D,720,8AF8ACA99AEE98C72D695C1281AA8AB5CF87ACDB24247628204F8B9F72832CFD,PASS
20260902T181812821882_f3ed3664,CUMCM-2020-C-001,28,TESSERACT_OCR,PHASE_6_SELECTIVE_PAGE_OCR,180,2002,SUCCESS,0,0,0,1191,1684,2005644,948224,026A369D68243374093AECB2DBDEB32DA46D1711875A871C80E4025B4864A366,1654,3FE23958BB8E5F6609ED391C83A9E352813900973906D022674F79E8A3DAE38B,PASS
20260902T181812821882_f3ed3664,CUMCM-2020-C-001,29,TESSERACT_OCR,PHASE_6_SELECTIVE_PAGE_OCR,180,2051,SUCCESS,0,0,0,1191,1684,2005644,976411,991D978D25BCAAD3BA3D0F9404AE4C5B0EDD1AA4E403E4A8DFDA8F09DD2FB01B,1591,CCD03067E1F37B67CB854CDA38893B214E68B53486A4B3EF160496AB2621C887,PASS
20260902T181812821882_f3ed3664,CUMCM-2020-C-001,30,TESSERACT_OCR,PHASE_6_SELECTIVE_PAGE_OCR,180,1937,SUCCESS,0,0,0,1191,1684,2005644,887358,8E7B421D0DFE3E9238F30C69D35C9AE27CC2B93C35900FCBB233AC2065422878,1372,63CE055DEF79BE150622DCFD6521FB816C6AC7B6227D696F38E7087E5E397C13,PASS
20260902T181812821882_f3ed3664,CUMCM-2020-C-001,31,TESSERACT_OCR,PHASE_6_SELECTIVE_PAGE_OCR,180,2020,SUCCESS,0,0,0,1191,1684,2005644,1004077,A7A9D9987950EB7BEFC65D7C444A2C5F4DE4F95D3ADB2C5D951960ED1093A2B5,1665,11D00ABD2A56A4E229B1838DDE771212FA024EA34735C9176411D28ED75D30B0,PASS
20260902T181812821882_f3ed3664,CUMCM-2020-C-001,32,TESSERACT_OCR,PHASE_6_SELECTIVE_PAGE_OCR,180,1700,SUCCESS,0,0,0,1191,1684,2005644,791389,835DAD2F5FEF13455C9FB5F4A01832A671935BAE8F1FA309A9E438BAF82DD265,1171,54722E194528CA87D560BE4788C2FF68F8FB495A85EFF9A7975F0F00BEA9A6B2,PASS
20260902T181812821882_f3ed3664,CUMCM-2020-C-001,33,TESSERACT_OCR,PHASE_6_SELECTIVE_PAGE_OCR,180,1888,SUCCESS,0,0,0,1191,1684,2005644,895023,CBD9DF8D1280CE4A81C362E1A611E865198DCD02A68E2650AD6768E31E5C5C82,1455,6DC92A379BEFEA8666841003B04F9B3F837DEF6161FCB267F3A532C3150FA7F2,PASS
20260902T181812821882_f3ed3664,CUMCM-2020-C-001,34,TESSERACT_OCR,PHASE_6_SELECTIVE_PAGE_OCR,180,1850,SUCCESS,0,0,0,1191,1684,2005644,797796,EA9EA3FDA50B82E34378C625E25A6B556380FE5E673477387F9DB259F690045A,1160,32DF46A4C9CF4B5D82F49CC50484BC125C9F3FBB767115773CC822A9D7C5E2F6,PASS
20260902T181812821882_f3ed3664,CUMCM-2020-C-001,35,TESSERACT_OCR,PHASE_6_SELECTIVE_PAGE_OCR,180,1363,SUCCESS,0,0,0,1191,1684,2005644,646579,790F264A77EC55AD13F40D36CDC04008EEF69417A2B61B87638ADE1A26D3186E,851,F50CE2EB2684E4E257EEBE971446C3EE3948A45BE1DE57E47ADDF0531F2D04B3,PASS
20260902T181812821882_f3ed3664,CUMCM-2020-C-002,1,TESSERACT_OCR,PHASE_6_SELECTIVE_PAGE_OCR,180,2684,SUCCESS,0,0,0,1191,1684,2005644,1520804,D8C981943FAB0DEAB4537D08BDC621C48F734497F6FF95DE3ECF4E0A53DF3EB9,1571,E0D1B9C4FD7CD47665111D506E1ADC0E707A0593371F4602E40EB23B8B41AC73,PASS
20260902T181812821882_f3ed3664,CUMCM-2020-C-002,2,TESSERACT_OCR,PHASE_6_SELECTIVE_PAGE_OCR,180,3081,SUCCESS,0,0,0,1191,1684,2005644,1593021,F088DBC11AB2B6499D08E4E69D33E0392C7F20BB32EE89FA47FF1AB2FB5520B8,1721,7290EC03F6B12F5E208ED08B4BAF3A3A8E6640B0E20F9B1BA5DBF3761CCA7DBF,PASS
20260902T181812821882_f3ed3664,CUMCM-2020-C-002,3,TESSERACT_OCR,PHASE_6_SELECTIVE_PAGE_OCR,180,2569,SUCCESS,0,0,0,1191,1684,2005644,1431766,FE9682111E8FDB94C5A2EA2ADD3018B2FAF9509DFBBB15D7CDC2740391294F6F,1469,B658A5AC653DCDCE6031A509C4D89C28397B51A0BB1F88C2E0B541FA9F31AE56,PASS
20260902T181812821882_f3ed3664,CUMCM-2020-C-002,4,TESSERACT_OCR,PHASE_6_SELECTIVE_PAGE_OCR,180,1914,SUCCESS,0,0,0,1191,1684,2005644,995679,85184B98B20DBC76DC323A3F61C3BE0C01CCD6FBB43C55373879EF55E4E09090,881,9D1BACAA4CA169E894D1895220692DFEF4D35541A6A413A776F61B30249F310A,PASS
20260902T181812821882_f3ed3664,CUMCM-2020-C-002,5,TESSERACT_OCR,PHASE_6_SELECTIVE_PAGE_OCR,180,1800,SUCCESS,0,0,0,1191,1684,2005644,690525,C8D3F7BAEDFDE6DEEBA3D33072028B97B3417B83A72644602F780FAA520AF218,607,7D654DC18D10618780A3D4DFAC58D92219B97835DA9D2CA8A6BBBC2E3BC710DA,PASS
20260902T181812821882_f3ed3664,CUMCM-2020-C-002,6,TESSERACT_OCR,PHASE_6_SELECTIVE_PAGE_OCR,180,2230,SUCCESS,0,0,0,1191,1684,2005644,1291084,3E1E02A5D3FA793174AC34607E624580B954AAF2354CE6801DC7B48B1A2C9C3C,1356,EC6A04A806ACE9FCC5A428C79A7C0A3E4831370D902614DD67B9EEFB46ECE429,PASS
20260902T181812821882_f3ed3664,CUMCM-2020-C-002,7,TESSERACT_OCR,PHASE_6_SELECTIVE_PAGE_OCR,180,2351,SUCCESS,0,0,0,1191,1684,2005644,1185536,C21A689ACE0250D56855584372987BA828C15A000D25669556CE10DD18FF065E,1246,FB444C6C15D8DA55FF8E05087767E471040BD030BC241FB9448CD27C43E05CC5,PASS
20260902T181812821882_f3ed3664,CUMCM-2020-C-002,8,TESSERACT_OCR,PHASE_6_SELECTIVE_PAGE_OCR,180,2484,SUCCESS,0,0,0,1191,1684,2005644,1126650,DAB9276786C848B402DFA6C4E3494944A0D30C4D6E182EC0FBCDAF0010416664,1045,D427629CB27EED14421E74BFDA68BA64D2C9C54AFAACCA1506108A8577B06BE1,PASS
20260902T181812821882_f3ed3664,CUMCM-2020-C-002,9,TESSERACT_OCR,PHASE_6_SELECTIVE_PAGE_OCR,180,2440,SUCCESS,0,0,0,1191,1684,2005644,1087222,D7D68EC6B110C276D5898E019158B0FE6FF42CB0AAFA58D8B1FB45FCF4D6C550,1159,909787B41B604164ADB43C8AC3848A96E47AEF8FAE0E315BEC4AD9A1B77C32B6,PASS
20260902T181812821882_f3ed3664,CUMCM-2020-C-002,10,TESSERACT_OCR,PHASE_6_SELECTIVE_PAGE_OCR,180,1938,SUCCESS,0,0,0,1191,1684,2005644,1025444,35A55B678F5531027243BDBACB5058458A37508BEC09ADA3B6DE2814E083E727,1007,F08565FF9B473848EE40F50408F095884B46A4A116BBFFF8A2DD183BE624ACB3,PASS
20260902T181812821882_f3ed3664,CUMCM-2020-C-002,11,TESSERACT_OCR,PHASE_6_SELECTIVE_PAGE_OCR,180,2009,SUCCESS,0,0,0,1191,1684,2005644,1097137,B0326CDC591E694B55E2F1CC88590A5202881ACC6EB82F33550B2E4F71E3327F,1133,38E40D382E423576856A378DA83DD3C2B9CEEF9DDE7DB18B4B19ACADFB92406F,PASS
20260902T181812821882_f3ed3664,CUMCM-2020-C-002,12,TESSERACT_OCR,PHASE_6_SELECTIVE_PAGE_OCR,180,2129,SUCCESS,0,0,0,1191,1684,2005644,925181,C64EC016FD11AD24E7C21CE9EF43D1795411757AD55775478237A8B9156ECD4D,889,7807DAC1129031B8414E50EB31A75C65BD83C6CEF299A8150A630F757CC4E47C,PASS
20260902T181812821882_f3ed3664,CUMCM-2020-C-002,13,TESSERACT_OCR,PHASE_6_SELECTIVE_PAGE_OCR,180,2165,SUCCESS,0,0,0,1191,1684,2005644,1023264,F563EF6224949256CFF5F9BF4CBC577E382667F2D21796A5DDA2154A4A72D6EF,958,8F6D49EB44909CB61D4E9D663D81FB2C3A328963ECEE657B326799629161136D,PASS
20260902T181812821882_f3ed3664,CUMCM-2020-C-002,14,TESSERACT_OCR,PHASE_6_SELECTIVE_PAGE_OCR,180,2884,SUCCESS,0,0,0,1191,1684,2005644,1238887,94C4D1C0D40F4BB5D2B9F6255F0AAD4BBEDF0DE5F6FD82174F257DB8DDB81E8D,1364,A24C943B1FEB1D2E0821366AD21B323C4E9FA68E5D43EEC1C21462B56A6B8576,PASS
20260902T181812821882_f3ed3664,CUMCM-2020-C-002,15,TESSERACT_OCR,PHASE_6_SELECTIVE_PAGE_OCR,180,2935,SUCCESS,0,0,0,1191,1684,2005644,1287905,3AB1C21F4FDA711EEDFF007627412CD8E1BD12DBEFD7A941536C7752BDD7BC72,1244,DF6160C2BA8262A9E67539BD87213F6A2259C287ED6D13259B1CFFAE4FD698DC,PASS
20260902T181812821882_f3ed3664,CUMCM-2020-C-002,16,TESSERACT_OCR,PHASE_6_SELECTIVE_PAGE_OCR,180,2674,SUCCESS,0,0,0,1191,1684,2005644,1399563,5EAFE22ADF1133F96182B75E30FDB15284FA692AC6F4A758173FD872F7CF15E5,1493,BC181E7196F87A93FBC9F74D9C223F139227BA9B39FE114566394FB4BCD4B86A,PASS
20260902T181812821882_f3ed3664,CUMCM-2020-C-002,17,TESSERACT_OCR,PHASE_6_SELECTIVE_PAGE_OCR,180,2350,SUCCESS,0,0,0,1191,1684,2005644,1123773,C9D84C8635B4B801E4F2780EB4523446262735F8FE9C00E0E162A31A50459604,953,0C4E2DE7B2C479A49E8A0106489DCB373E1ECBAA081365A81F387F216302F547,PASS
20260902T181812821882_f3ed3664,CUMCM-2020-C-002,18,TESSERACT_OCR,PHASE_6_SELECTIVE_PAGE_OCR,180,1842,SUCCESS,0,0,0,1191,1684,2005644,873445,A9363CB9AFA16AF522DD5902A3082164FA814BE76B4C1EB63BE97A21DA12ED38,822,1235FB0DCFD1D212388762FDBB229CD2D1E6B0C0768EF741AA0EED8127767688,PASS
20260902T181812821882_f3ed3664,CUMCM-2020-C-002,19,TESSERACT_OCR,PHASE_6_SELECTIVE_PAGE_OCR,180,2072,SUCCESS,0,0,0,1191,1684,2005644,1112577,D13D149BFF823893F8580702EA149B2F8385FE559C51431795552E4FEB016B12,1115,52523F0CF958120031D58B827F9E4C10330C002C4A289479ABBFE740326C7633,PASS
20260902T181812821882_f3ed3664,CUMCM-2020-C-002,20,TESSERACT_OCR,PHASE_6_SELECTIVE_PAGE_OCR,180,2373,SUCCESS,0,0,0,1191,1684,2005644,1097822,5FA5ECD3CEDD2CF8D9D6709151D8464E1E2108ED569BAEE52BA5C64BBDBB0228,1051,714A89A3A3B6C9C3244034F487A254789359E9AE52451B584AD6FCE5CC1450BA,PASS
20260902T181812821882_f3ed3664,CUMCM-2020-C-002,21,TESSERACT_OCR,PHASE_6_SELECTIVE_PAGE_OCR,180,2057,SUCCESS,0,0,0,1191,1684,2005644,1243194,8796EF59290299B0139C054E32E9E6552B87DA8B5AACB777E8CE1EFE528057A3,976,0F1CD1C2C3EB88A23DC32BDA03220B70FFC779E29E5C31FBC7CA77575EAEDC85,PASS
20260902T181812821882_f3ed3664,CUMCM-2020-C-002,22,TESSERACT_OCR,PHASE_6_SELECTIVE_PAGE_OCR,180,3304,SUCCESS,0,0,0,1191,1684,2005644,1476118,9564577D187235C370AEAFEBAC4B8EC239F264B2AEDE21623923B14B2FC3A13A,1642,AA2331C082435CC747DBB169B8658F718EBD9296CF3BE704F0E207AB4592C502,PASS
20260902T181812821882_f3ed3664,CUMCM-2020-C-002,23,TESSERACT_OCR,PHASE_6_SELECTIVE_PAGE_OCR,180,1817,SUCCESS,0,0,0,1191,1684,2005644,1002030,8CF31B96811C4DD7F2D03129DAFCA71842FD6E971F6FF6481A6E6831FB36D4A3,866,DF12579A6EF4E11564F9F6571BDD2D54DF9C56FA7EA2D0B2113CFA76B42592EF,PASS
20260902T181812821882_f3ed3664,CUMCM-2020-C-002,24,TESSERACT_OCR,PHASE_6_SELECTIVE_PAGE_OCR,180,1544,SUCCESS,0,0,0,1191,1684,2005644,841819,4CD7E651D892D35407DA8836D644A91168C098F11F47ECF4B6B46D483BCB3A32,735,A3CE5E22B214FBE110310DD1D9BB7321FD97552EEE47508D8511BF064CADC634,PASS
20260902T181812821882_f3ed3664,CUMCM-2020-C-002,25,TESSERACT_OCR,PHASE_6_SELECTIVE_PAGE_OCR,180,2195,SUCCESS,0,0,0,1191,1684,2005644,1189803,4857AAF00CA8782F591C8B09C669EE526FE8BB9C9BC430DC11249237201AC351,1015,9AA3D88CF10FDCCC2AD912E5C24E399FCFCCBD9D5BF126BDB2AE81016039A95B,PASS
20260902T181812821882_f3ed3664,CUMCM-2020-C-002,26,TESSERACT_OCR,PHASE_6_SELECTIVE_PAGE_OCR,180,2186,SUCCESS,0,0,0,1191,1684,2005644,1061502,74EBF1FF6FBABD23DB5D2AA3ACB58CC5ADC9E45709CA2BC7752254117D6637E4,1131,8900BDD6597472A17C934C6F601916492FAD3BB962917CA03C119165B52143B2,PASS
20260902T181812821882_f3ed3664,CUMCM-2020-C-002,27,TESSERACT_OCR,PHASE_6_SELECTIVE_PAGE_OCR,180,2263,SUCCESS,0,0,0,1191,1684,2005644,1040731,776CEFAB1588A37D724D00705ABC21DFEBFEBE74C8309072B5C77192A742B8C5,1021,B75F8289C04EA0552EF169F465D62C426CC572C78719A7D825DEBBDEB7BD9F9B,PASS
20260902T181812821882_f3ed3664,CUMCM-2020-C-002,28,TESSERACT_OCR,PHASE_6_SELECTIVE_PAGE_OCR,180,1861,SUCCESS,0,0,0,1191,1684,2005644,859240,2C5CA6BB5F77FB6CBBE9E4922B3376AA04C2B8B01877537285596536D4AB6D76,951,74ADFA3F234C1B8678467AB2188833B895FA6A2A66036511C1258D068AB53FA5,PASS
20260902T181812821882_f3ed3664,CUMCM-2020-C-002,29,TESSERACT_OCR,PHASE_6_SELECTIVE_PAGE_OCR,180,1851,SUCCESS,0,0,0,1191,1684,2005644,859239,75076DA8D4C4500D8633C858271E8AC5F4D00D06048D85A1E0E0C3FD1C3D2D5A,1074,8093BB93E9F91EA0B1C47ADBB75DCF83A60AD8AC4F15B73C50A61C16A33DF7E7,PASS
20260902T181812821882_f3ed3664,CUMCM-2020-C-002,30,TESSERACT_OCR,PHASE_6_SELECTIVE_PAGE_OCR,180,1738,SUCCESS,0,0,0,1191,1684,2005644,788825,70DD1C2E28C7E10AA0ADA2A4A264AB5496D3EBFA907992000CAF125FF950AF14,1196,A98FF0F87642F318E1A7A2CBAE2DBF677589A127A59417228D112FAA9D70564C,PASS
20260902T181812821882_f3ed3664,CUMCM-2020-C-002,31,TESSERACT_OCR,PHASE_6_SELECTIVE_PAGE_OCR,180,1669,SUCCESS,0,0,0,1191,1684,2005644,878218,4763CD48BC37F70EA0EDA5BF936675058D505C788E379C3267AC0CF1951A487F,1378,6B526D084CEF581BC18A74D85F3913AB5447D130B453D65AE4291D6341C6BE55,PASS
20260902T181812821882_f3ed3664,CUMCM-2020-C-002,32,TESSERACT_OCR,PHASE_6_SELECTIVE_PAGE_OCR,180,1558,SUCCESS,0,0,0,1191,1684,2005644,766449,A100CCE33CE59544038C673046D04189405C75CF9E7A4224377FD9400701349D,1077,5BF39D023B2CF6D66AA1BC4084FEC42C0A8E2905722A19E3E9D3115F3960FEAD,PASS
20260902T181812821882_f3ed3664,CUMCM-2020-C-002,33,TESSERACT_OCR,PHASE_6_SELECTIVE_PAGE_OCR,180,1659,SUCCESS,0,0,0,1191,1684,2005644,813901,8E8723CE690AF318D0D651607EDEE755BD09637CD2BA00A4306A194670809ACB,1184,656E82125798D645E953BF6500CBCFA601037E5CE0032622C59FAE66C484ACCE,PASS
20260902T181812821882_f3ed3664,CUMCM-2020-C-002,34,TESSERACT_OCR,PHASE_6_SELECTIVE_PAGE_OCR,180,1280,SUCCESS,0,0,0,1191,1684,2005644,610276,D7B860E6BE83F343E796A1312DA9E7D1C218604D96F3456527E03069CFDEC41B,823,9034AA438F8257CDD521E6A9F8A1BB119891D5563D8695DD912B66C332461921,PASS
20260902T181812821882_f3ed3664,CUMCM-2020-C-002,35,TESSERACT_OCR,PHASE_6_SELECTIVE_PAGE_OCR,180,1519,SUCCESS,0,0,0,1191,1684,2005644,675625,4829CF938ED9EF2005F32A19C3F67C3D45B96415DABAEEED0B0AEB540C6B884C,1056,94F9058F04897EC9274D4C9CF1C5307295107D16692318C966F8DB1013BE7E7A,PASS
20260902T181812821882_f3ed3664,CUMCM-2020-C-002,36,TESSERACT_OCR,PHASE_6_SELECTIVE_PAGE_OCR,180,1406,SUCCESS,0,0,0,1191,1684,2005644,681893,4E2E91C5CA0818FFD02FA997BE1B24881D2081EAF42293454B4552E3E131B5A2,853,B06BB3AD4314186DB093E2B177E3126346AEC83953FE876B12D5B3AFB88BB9F5,PASS
20260902T181812821882_f3ed3664,CUMCM-2020-C-002,37,TESSERACT_OCR,PHASE_6_SELECTIVE_PAGE_OCR,180,1408,SUCCESS,0,0,0,1191,1684,2005644,733350,774DC9AE08A85A94CEC359E0EEE34876A6D9161CAEB6CE383A2B1C043AEE1792,1011,566481B7705E7AEE4C2E91F3053809DD4369CA4558FF395622496E02377E8A18,PASS
20260902T181812821882_f3ed3664,CUMCM-2020-C-002,38,TESSERACT_OCR,PHASE_6_SELECTIVE_PAGE_OCR,180,1511,SUCCESS,0,0,0,1191,1684,2005644,748407,C10B35670EFB06A58CBFDA56DC94D2D1540EA92C37272C2D1A5F8D28E1844C4E,1068,A03DFFD6E10E09CCCE552E4FC16B7DB18254129AED6C49FF65183BD671BE0279,PASS
20260902T181812821882_f3ed3664,CUMCM-2020-C-002,39,TESSERACT_OCR,PHASE_6_SELECTIVE_PAGE_OCR,180,1420,SUCCESS,0,0,0,1191,1684,2005644,715744,8283ABDAB92FB6654B3A695B6F7A0FB8638F35FC89054E0611CC2D3748E3138E,1032,0B1E958D67562B2078FB0EB692DA32D616FEFBA59973DD8F9B397756BB71B2EB,PASS
20260902T181812821882_f3ed3664,CUMCM-2020-C-002,40,TESSERACT_OCR,PHASE_6_SELECTIVE_PAGE_OCR,180,1560,SUCCESS,0,0,0,1191,1684,2005644,745235,92D6D5F3AB53076F0812ACB3229929E1BF65A99136F102CD1AF76D7AB5BE639A,1118,BF189837604F8D4ECE1F39298F1AE4C1EAC01A2B8D729D23381DE68B9473893F,PASS
20260902T181812821882_f3ed3664,CUMCM-2020-C-002,41,TESSERACT_OCR,PHASE_6_SELECTIVE_PAGE_OCR,180,1284,SUCCESS,0,0,0,1191,1684,2005644,650704,CA3BC153AF572CE5CFF3A177CC35BC111E59F9F99FB1E6FA13974AEDE6064AB7,883,3453DEAC5280255EF17AC1A0D64F3AFF19DDE196D8D876F45E745B8E49D1AEE3,PASS
20260902T181812821882_f3ed3664,CUMCM-2020-C-002,42,TESSERACT_OCR,PHASE_6_SELECTIVE_PAGE_OCR,180,1321,SUCCESS,0,0,0,1191,1684,2005644,610986,FA3653E4E6A674E60E4426EC6EEAFB8677DC103BCF17F76BF8E4843CCCC99839,816,F21D8962BBF3FE9824AF1E9DA27A0EE165974BC07B7F2F7BC862156A15579011,PASS
20260902T181812821882_f3ed3664,CUMCM-2020-C-002,43,TESSERACT_OCR,PHASE_6_SELECTIVE_PAGE_OCR,180,1412,SUCCESS,0,0,0,1191,1684,2005644,682956,3A2EFA9CA2E88B4B22BE8A49D270337D8B40921F7D79938F04A6673E16F60673,824,DD2C6BEBD8347B6DEE14F1D652F481A7985D37B4D379842B5B56A6BDC0940D5E,PASS
20260902T181812821882_f3ed3664,CUMCM-2020-C-002,44,TESSERACT_OCR,PHASE_6_SELECTIVE_PAGE_OCR,180,1468,SUCCESS,0,0,0,1191,1684,2005644,753047,7A6F55E46124C2DD41188712995D11315A25EBDE5F69B61BFA727CF5FCE61996,1110,BE4992D90C406999B0CDBD7657F92A2D5739ADBA7D97EA327ECF3758FB0BB06A,PASS
20260902T181812821882_f3ed3664,CUMCM-2020-C-002,45,TESSERACT_OCR,PHASE_6_SELECTIVE_PAGE_OCR,180,1259,SUCCESS,0,0,0,1191,1684,2005644,615851,34D8D9F2673BAAD843CFEA33F7B803BF3AD1A8DC400AAA819BB12EF214B956A0,768,755FD90AF679BAE84E829376695639E3E9E15E6228C90209A33BDFFCF5F1B3F9,PASS
20260902T181812821882_f3ed3664,CUMCM-2020-C-003,1,TESSERACT_OCR,PHASE_6_SELECTIVE_PAGE_OCR,180,2547,SUCCESS,0,0,0,1191,1684,2005644,1393586,78CDB1E3A83292A8F11890D4BD66B3B6A6863273083CC0D41FEDC353DFE233E2,1629,28E5016A2B3068887A8FAC375CF05C0DA4942935533E69D3A69AFAB1D97EB806,PASS
20260902T181812821882_f3ed3664,CUMCM-2020-C-003,2,TESSERACT_OCR,PHASE_6_SELECTIVE_PAGE_OCR,180,2558,SUCCESS,0,0,0,1191,1684,2005644,1221458,85EBDA776A9D60B915636A6A91174FC4F3AE49F76389B35DC2B8CAED2D4E7FB9,1382,FB9C4FC2305CB8E6F68C2CBAD9ABDA99EACA45A1C10096E9025377B80171B655,PASS
20260902T181812821882_f3ed3664,CUMCM-2020-C-003,3,TESSERACT_OCR,PHASE_6_SELECTIVE_PAGE_OCR,180,2555,SUCCESS,0,0,0,1191,1684,2005644,1270217,BBBCA9203CFED27ED4949DA9B9A6EE350494068CA9C8856C2AE1653A649091FF,1403,8C5935BA90BDE7C2F888088C2B63218CC24B37CD87F36D74FC7D970B82317D8F,PASS
20260902T181812821882_f3ed3664,CUMCM-2020-C-003,4,TESSERACT_OCR,PHASE_6_SELECTIVE_PAGE_OCR,180,2977,SUCCESS,0,0,0,1191,1684,2005644,1218323,F154D3D365D2A4E5B4914D2C50D411F572FB17EC04F378544708069B9EEBB4DA,1362,6E8BD823BD5F7B4E1405AF6F82681FB2BB22C954BBEABEA04544989F08FAC942,PASS
20260902T181812821882_f3ed3664,CUMCM-2020-C-003,5,TESSERACT_OCR,PHASE_6_SELECTIVE_PAGE_OCR,180,1349,SUCCESS,0,0,0,1191,1684,2005644,692197,6AC2E63B40F8614B4A431F8E1D57582F2E8F78A6D9B126CFFFAC31DB78AE2ED9,650,1177B151C7CC49095D860C18B0519B8C14DD0F51611B57D5D5DCD57565609E97,PASS
20260902T181812821882_f3ed3664,CUMCM-2020-C-003,6,TESSERACT_OCR,PHASE_6_SELECTIVE_PAGE_OCR,180,1511,SUCCESS,0,0,0,1191,1684,2005644,681368,1B2060999FF319DBBAE08DF08E087F6712BF6BFEA4E5D4B8671E2560B4E6B02E,735,4068754AD72007E922945E52700DD4DA5C601474D97335C22BD42EEFCBB495B6,PASS
20260902T181812821882_f3ed3664,CUMCM-2020-C-003,7,TESSERACT_OCR,PHASE_6_SELECTIVE_PAGE_OCR,180,1786,SUCCESS,0,0,0,1191,1684,2005644,882352,C38E24362FB4B7E8595411E0219E438CCF6853BB77E63DFA39D8D28BB92DA28E,1003,5C8079D08D6858551AE90B20FC48C107E6547D3A48999E0C80AE805F60D5ED49,PASS
20260902T181812821882_f3ed3664,CUMCM-2020-C-003,8,TESSERACT_OCR,PHASE_6_SELECTIVE_PAGE_OCR,180,1951,SUCCESS,0,0,0,1191,1684,2005644,825640,BFEED8139FD4C528F343B10493AE9C380B7265A44D4FC804E731CBB62C5B8F57,908,ECA3D614C5BC6D9910549E183C6A2A683635AF4B3792D2B5EF103E04904150A5,PASS
20260902T181812821882_f3ed3664,CUMCM-2020-C-003,9,TESSERACT_OCR,PHASE_6_SELECTIVE_PAGE_OCR,180,2600,SUCCESS,0,0,0,1191,1684,2005644,1085299,ABF15F8635D690FD55FEA06FD1CC89323A28C40E769B3905DE228B9AF649C824,1143,016CAAC788DCA2A688CFBE0A4509B5B879C949121763935C8E388489912D4A99,PASS
20260902T181812821882_f3ed3664,CUMCM-2020-C-003,10,TESSERACT_OCR,PHASE_6_SELECTIVE_PAGE_OCR,180,2218,SUCCESS,0,0,0,1191,1684,2005644,1183160,7C3172F687A25A9A6B60BD1B8FB2880C89D028B8A48F71B3E74828B6A73950D2,1448,A6BE2E51E829E2CDA15EA8C0407BD3B821E52864FF8DC7F29ABB7700B97CEEC7,PASS
20260902T181812821882_f3ed3664,CUMCM-2020-C-003,11,TESSERACT_OCR,PHASE_6_SELECTIVE_PAGE_OCR,180,2208,SUCCESS,0,0,0,1191,1684,2005644,1080352,1216A407CF2AE251E2DE67DB1054C09FADD83EC8082985AF9DC79E089125AC1E,1270,08D7A13BC1C74A845F3FC86894CD6DC8E7E8F273C22180ACCBFF7EB691CF2FC1,PASS
20260902T181812821882_f3ed3664,CUMCM-2020-C-003,12,TESSERACT_OCR,PHASE_6_SELECTIVE_PAGE_OCR,180,1747,SUCCESS,0,0,0,1191,1684,2005644,893958,1C77D45F6B9918B0FAA2CB3195C931846365050B2F0C8CF65EB3D488120EC599,938,C698E141A5E9FAF52B197EFE20D119DDE637B4CE6C92D085CC2F13910EF811A8,PASS
20260902T181812821882_f3ed3664,CUMCM-2020-C-003,13,TESSERACT_OCR,PHASE_6_SELECTIVE_PAGE_OCR,180,1413,SUCCESS,0,0,0,1191,1684,2005644,771118,0E4233A8BB1866F828271BC927A0A1F9EC9E2AACAB28ADB259B5EB2F07E9AA0C,615,3F0DB4B42DE439CC0B7178FCA38B9A9D07B9219AC01DA72768179E0F64D58018,PASS
20260902T181812821882_f3ed3664,CUMCM-2020-C-003,14,TESSERACT_OCR,PHASE_6_SELECTIVE_PAGE_OCR,180,1836,SUCCESS,0,0,0,1191,1684,2005644,828380,5124DA879FC59319D79F86D367A39550A2972D6B88F8670E3FC9920F482C0E0E,926,4830A0070CF51451F9CDB3007CD5B68DFA462AF583C31A78DC48DCEB897E74E5,PASS
20260902T181812821882_f3ed3664,CUMCM-2020-C-003,15,TESSERACT_OCR,PHASE_6_SELECTIVE_PAGE_OCR,180,1787,SUCCESS,0,0,0,1191,1684,2005644,872012,9E22B8641B6BAF17936D511F102DC2F7265F7F0C2D251643C3D54373E64CD43E,724,14615788E724945F276F4AA809CEC938145237F4D129E315BB6E6D95D5AAC745,PASS
20260902T181812821882_f3ed3664,CUMCM-2020-C-003,16,TESSERACT_OCR,PHASE_6_SELECTIVE_PAGE_OCR,180,1670,SUCCESS,0,0,0,1191,1684,2005644,822255,9E2A121BF9CFF6F78311C19ADFAF1A0A9407D90F2F73EF1B45D73D8C1C938589,797,9C4958841E68CA8973127A63EF74690C8B3F184A29C4B2B445CC132FFB807DE3,PASS
20260902T181812821882_f3ed3664,CUMCM-2020-C-003,17,TESSERACT_OCR,PHASE_6_SELECTIVE_PAGE_OCR,180,1925,SUCCESS,0,0,0,1191,1684,2005644,1070424,28C06AFDA477FC771AAA4339FBEFA2C75BBC89406A9D83E2E354C199116B9D72,1237,D68218B7C8547946C6519B383C763140F28F12CC9B5028AB2BC4B608010A7420,PASS
20260902T181812821882_f3ed3664,CUMCM-2020-C-003,18,TESSERACT_OCR,PHASE_6_SELECTIVE_PAGE_OCR,180,1649,SUCCESS,0,0,0,1191,1684,2005644,871845,953D56185E966A7A7FC0CC803B31DF4CE0CBFF5BBAB2A0EEC09E8BBB7DB20FEC,1051,C3503A0AF8043AD1883C13D2AE7E4463924BAE3F79FC6D7E45CBF250D32EB8AF,PASS
20260902T181812821882_f3ed3664,CUMCM-2020-C-003,19,TESSERACT_OCR,PHASE_6_SELECTIVE_PAGE_OCR,180,1981,SUCCESS,0,0,0,1191,1684,2005644,1014529,D320D2D35C3FEFACAEFB39363210C1CF133286CE49DA3F722AA57B5B3008DFDF,1203,4455C4B166AE127CE30AD264517346BAB7DC505135C546759431C4319CFEB1B2,PASS
20260902T181812821882_f3ed3664,CUMCM-2020-C-003,20,TESSERACT_OCR,PHASE_6_SELECTIVE_PAGE_OCR,180,1951,SUCCESS,0,0,0,1191,1684,2005644,925269,F0C6DAFDB71D8F18CD2BA1B980F83F3E667245385411C6552327A1FFC3E65023,1032,98235D7916219A9153479328C487E92D1808D52CED572F3B95FB36A2BD00C721,PASS
20260902T181812821882_f3ed3664,CUMCM-2020-C-003,21,TESSERACT_OCR,PHASE_6_SELECTIVE_PAGE_OCR,180,1781,SUCCESS,0,0,0,1191,1684,2005644,853405,B15F77336AFE6E55078FCDF32B9FCE5433752D46CDFCCBA85A1F3E7EA0C55E14,837,21FC9B76BAB6F15C6DDDA81CE9DD3217E0CADFA5952B71063539D62288F1A73A,PASS
20260902T181812821882_f3ed3664,CUMCM-2020-C-003,22,TESSERACT_OCR,PHASE_6_SELECTIVE_PAGE_OCR,180,1575,SUCCESS,0,0,0,1191,1684,2005644,785282,56FDA21A6A44FF95183B8D6233A70CAF8D6EFE0128EEA40E5C5295D8E8897C93,834,15D4812C497DF98FD5874E3A0EC49F9015851AFB78BFD3BA743207A612397B3C,PASS
20260902T181812821882_f3ed3664,CUMCM-2020-C-003,23,TESSERACT_OCR,PHASE_6_SELECTIVE_PAGE_OCR,180,1827,SUCCESS,0,0,0,1191,1684,2005644,927864,579AF175C87D334325D072502ECBD7A01DA09E91372EC1F93D6CBE07361F0338,974,C424079D8FCD9826812F1B7B39EE832D211FEE43C083A89D7B81A63664E6A023,PASS
20260902T181812821882_f3ed3664,CUMCM-2020-C-003,24,TESSERACT_OCR,PHASE_6_SELECTIVE_PAGE_OCR,180,1833,SUCCESS,0,0,0,1191,1684,2005644,952664,77E3FAD16343C8AFE802FC3B365F30F566D1FBC2A1FE8DD35AF8C44A10517754,1067,B08F87DDAB82F873AABAC041D024905AA5C67E2490106EDB16E1B8A673B907AA,PASS
20260902T181812821882_f3ed3664,CUMCM-2020-C-003,25,TESSERACT_OCR,PHASE_6_SELECTIVE_PAGE_OCR,180,2028,SUCCESS,0,0,0,1191,1684,2005644,795679,032B41E214F91DCE519A775A8E9CF61EEF9120D44EDAE80B2AD0F354BC07093C,765,4162ED3D9444D1D3C0291ECBAF75F67821CC5EF2E7302CD8C689F120E4D9E8DF,PASS
20260902T181812821882_f3ed3664,CUMCM-2020-C-003,26,TESSERACT_OCR,PHASE_6_SELECTIVE_PAGE_OCR,180,1756,SUCCESS,0,0,0,1191,1684,2005644,903250,61C507D2F05E371A0077119CB9F0338EAC97CC7B729A18C3B677A0FECBB3C9C6,1043,CC27A805F870639B916409C8C3A2702DE3F6520172789D0E20C12267C0B5600F,PASS
20260902T181812821882_f3ed3664,CUMCM-2020-C-003,27,TESSERACT_OCR,PHASE_6_SELECTIVE_PAGE_OCR,180,1735,SUCCESS,0,0,0,1191,1684,2005644,925586,BB69760A1E6B9B58E5227EF5827372D6B03202B0F0DE299238C10D229E8C3057,1048,8DC8DC27B7527FF7545A095C1BFF7BE7C896709BC5CE2A3DA7C552492550E401,PASS
20260902T181812821882_f3ed3664,CUMCM-2020-C-003,28,TESSERACT_OCR,PHASE_6_SELECTIVE_PAGE_OCR,180,2126,SUCCESS,0,0,0,1191,1684,2005644,1037289,2574ED713BCE1FE039C69D24A4150703D804469F9A0D4D754C419B3F0B79E13E,1062,E7910521AF7E8FE3066B41A42F81986058AC8E0D6DA7C07B249C6FE6BA61D06A,PASS
20260902T181812821882_f3ed3664,CUMCM-2020-C-003,29,TESSERACT_OCR,PHASE_6_SELECTIVE_PAGE_OCR,180,1939,SUCCESS,0,0,0,1191,1684,2005644,1000500,848D159A37A436423E2C633CD2B6DC1DC87F4B88BAAA5B2BEB6A38FDAFF4C5C1,1137,B1A331285A19EF717826397F7E393480110531F3338C5F03C8648B9297CC0992,PASS
20260902T181812821882_f3ed3664,CUMCM-2020-C-003,30,TESSERACT_OCR,PHASE_6_SELECTIVE_PAGE_OCR,180,3432,SUCCESS,0,0,0,1191,1684,2005644,1109491,06085ED7304AAF0362E521477B134BDFFD57B4A512C42D3A313FD3067B4F5FC1,1235,0BDBAD90A98A6B12EAB0ED04D0980F3EF38916CF66FDCB4671080809ECF817E0,PASS
20260902T181812821882_f3ed3664,CUMCM-2020-C-003,31,TESSERACT_OCR,PHASE_6_SELECTIVE_PAGE_OCR,180,2732,SUCCESS,0,0,0,1191,1684,2005644,1093214,832EA7D3D9863F025F9A66242FD9535761E587BE772F17C3708E2CCCC43F11DC,1183,152C0AB17C1B54A7FD5EDA0DCC9651EEC99F5168AF758B0DC07F96E0F8ED9B6A,PASS
20260902T181812821882_f3ed3664,CUMCM-2020-C-003,32,TESSERACT_OCR,PHASE_6_SELECTIVE_PAGE_OCR,180,1596,SUCCESS,0,0,0,1191,1684,2005644,662881,791D270FFE8AF539CC7150BFB8C52979DD0D96B8B98264C86B8B44A1C48FA6DC,720,C2FC3AD054D2F40525F307A333E4F93D54E8B57B2510EACE5281969ADCD0EC4E,PASS
20260902T181812821882_f3ed3664,CUMCM-2020-C-003,33,TESSERACT_OCR,PHASE_6_SELECTIVE_PAGE_OCR,180,2074,SUCCESS,0,0,0,1191,1684,2005644,1063255,61C266031950B5017EF1E7ABDF9D4A5DFB3BA2E0AABF1023872921F85D032A03,1193,162490A1AED6790DB2FEB984EA66204D5E9306EC4EFC55C3148FD2A66C213B03,PASS
20260902T181812821882_f3ed3664,CUMCM-2020-C-003,34,TESSERACT_OCR,PHASE_6_SELECTIVE_PAGE_OCR,180,1809,SUCCESS,0,0,0,1191,1684,2005644,1018494,1A2F123902B3AF9F3C60DD8395F0BE6C25DE50CB723116BC5C8CF9EAF8103065,1119,D964ED17AF71197C945FACCEB1016DEBBFB7118564BA4638C5218682778FCF1A,PASS
20260902T181812821882_f3ed3664,CUMCM-2020-C-003,35,TESSERACT_OCR,PHASE_6_SELECTIVE_PAGE_OCR,180,2157,SUCCESS,0,0,0,1191,1684,2005644,809172,AE1A518104372A6BBDA786AF9F431E9237109CFD312CCE58E9524878156C9302,1177,1DAED8F7CA312E329A55EC80F93D13A07CD46E31BD71209115119DC1089DAB07,PASS
20260902T181812821882_f3ed3664,CUMCM-2020-C-003,36,TESSERACT_OCR,PHASE_6_SELECTIVE_PAGE_OCR,180,2200,SUCCESS,0,0,0,1191,1684,2005644,853459,844D00DDE9AA45F7339414A8BE27CADE6CA45980F9041CB6313A31D33E4CC42A,1251,82060A522706DA404E7BB9E623D21523C5B5CAD7CC9E81D77B4424ED8E279094,PASS
20260902T181812821882_f3ed3664,CUMCM-2020-C-003,37,TESSERACT_OCR,PHASE_6_SELECTIVE_PAGE_OCR,180,1975,SUCCESS,0,0,0,1191,1684,2005644,682318,BFD8B95D3D3569A633C396A1CF39EE348ECAA4879BB13A9F9DA41D139B099DAE,940,2C5BA8DBF53067276F14391A3C7652590231303E9CBC56B119F604C69CFCACE8,PASS
20260902T181812821882_f3ed3664,CUMCM-2020-C-003,38,TESSERACT_OCR,PHASE_6_SELECTIVE_PAGE_OCR,180,1885,SUCCESS,0,0,0,1191,1684,2005644,627252,6625C16911AD2872F0498D8D65AD5C75120338DB6534B45576FF22CB88F99787,839,1A13A46150895A39702DD60A12338E171F6198FA80C6773BA63B587A5BD421A4,PASS
20260902T181812821882_f3ed3664,CUMCM-2020-C-003,39,TESSERACT_OCR,PHASE_6_SELECTIVE_PAGE_OCR,180,1715,SUCCESS,0,0,0,1191,1684,2005644,650992,88037E8835F30F47E082C7FAC9F6733DCE897530B043E9A2052AD38D7004761B,893,DF795879D3AD5B65738BCB1B0A2665354E0A48D13FB2E66E473A8D0CA08E0A2C,PASS
20260902T181812821882_f3ed3664,CUMCM-2020-C-003,40,TESSERACT_OCR,PHASE_6_SELECTIVE_PAGE_OCR,180,685,SUCCESS,0,0,0,1191,1684,2005644,301477,2C2535546C24E536F783CFDA8A4CC143C55F4CF3EC999BF8F16F5EB6A41C6F0A,168,0BDECEAA31E20A3696CF5F5816207C59D3D02A0CED513018CB30E27562168A5D,PASS
20260902T181812821882_f3ed3664,CUMCM-2020-D-001,1,TESSERACT_OCR,PHASE_6_SELECTIVE_PAGE_OCR,180,2683,SUCCESS,0,0,0,1191,1684,2005644,1165274,F857F68D7183F36CCEB2B767DE810569DA82CCA26B5BE7131C94EA451F0FCC4D,1107,DCE5FEF06E200AE2AEDC28ACA6E5906FE513B7C5C8492282E5D988BE1039E236,PASS
20260902T181812821882_f3ed3664,CUMCM-2020-D-001,2,TESSERACT_OCR,PHASE_6_SELECTIVE_PAGE_OCR,180,2903,SUCCESS,0,0,0,1191,1684,2005644,1375032,FB4600ED9E27A912A9D55D46C79306D6D808D3E3DE71057BD0E30D6730282CBE,1387,877E5976CBA81725886F1DA7A7DDEBDF8DF07EFAC91A55A93AA28E2E7BA39B66,PASS
20260902T181812821882_f3ed3664,CUMCM-2020-D-001,3,TESSERACT_OCR,PHASE_6_SELECTIVE_PAGE_OCR,180,2235,SUCCESS,0,0,0,1191,1684,2005644,1079254,5184AA36D4C4919E06221724B6FC7D5FF4CBC4C41BE91C021B3D9D2A19BBF1CD,1027,E063474CD405F8C7291D176F85159643D7E01C3EEFEDB37F8923D47985A04D05,PASS
20260902T181812821882_f3ed3664,CUMCM-2020-D-001,4,TESSERACT_OCR,PHASE_6_SELECTIVE_PAGE_OCR,180,1220,SUCCESS,0,0,0,1191,1684,2005644,463494,9F962D93FA9767790D7E466F092443FEFE13C02E0EC80906D3A2277D751D3095,306,EB312304CEA8FAC49D9D6F7729E96B8DAA172BE5AC2783C12727140D59F71B3A,PASS
20260902T181812821882_f3ed3664,CUMCM-2020-D-001,5,TESSERACT_OCR,PHASE_6_SELECTIVE_PAGE_OCR,180,1519,SUCCESS,0,0,0,1191,1684,2005644,827584,F410FDEF973B7AA39DAEA948FB88B67AFB5E1ED10CB2DBD5F5A6E46EA4BDC0FC,735,FADFEF9A9E6C87EB46F6B4D130A1EAEA62D39EF7A17C76B1EF90CD690D58F3AD,PASS
20260902T181812821882_f3ed3664,CUMCM-2020-D-001,6,TESSERACT_OCR,PHASE_6_SELECTIVE_PAGE_OCR,180,1766,SUCCESS,0,0,0,1191,1684,2005644,729432,1797C1CB9C6CA5BCD8B5E60BCC24F82F3EED0DD3F37CBBC9D2CD8B390349B209,754,7126A965EBE66F408580664EDD14470D4B0582A37F4CF550FE2151C88A8F4769,PASS
20260902T181812821882_f3ed3664,CUMCM-2020-D-001,7,TESSERACT_OCR,PHASE_6_SELECTIVE_PAGE_OCR,180,1945,SUCCESS,0,0,0,1191,1684,2005644,797672,BA9453FCB7E3E05D40F694C88D74DC85B70D1AF0C66B96AD96F65EF2ACC36D2B,941,854AD2429FA46E98C51391B64C058FDE505ACAF94D246FF6D18A61CDEE4339B4,PASS
20260902T181812821882_f3ed3664,CUMCM-2020-D-001,8,TESSERACT_OCR,PHASE_6_SELECTIVE_PAGE_OCR,180,2085,SUCCESS,0,0,0,1191,1684,2005644,906653,E31B59C251CA18025EF677AE731903F9D9A35BE804487ABD3E3D76CF568494D9,1160,4FAE6479377BE9778F9ED318A01269C92A28E8515E8B93D9182B2D81B59ED481,PASS
20260902T181812821882_f3ed3664,CUMCM-2020-D-001,9,TESSERACT_OCR,PHASE_6_SELECTIVE_PAGE_OCR,180,2188,SUCCESS,0,0,0,1191,1684,2005644,1031195,5DA3FDC78E120ED007C477B2DC6CCCD446FBE5B05679E5F22482E3EA6153CA85,1469,BF8AB2A2EFDC613A5508D0813CEAF54CD5BB9180D5B562232A9C7BDB9A5CA33D,PASS
20260902T181812821882_f3ed3664,CUMCM-2020-D-001,10,TESSERACT_OCR,PHASE_6_SELECTIVE_PAGE_OCR,180,1672,SUCCESS,0,0,0,1191,1684,2005644,712817,D575F4B6F4D8B83FFBBDE03FADEA8F06F40D40507A816D498C38453DFDA3E6FF,475,A115942CF311FE2E9D335782F9ECD94E60D0B0C656E8B31538E782DB6E19690D,PASS
20260902T181812821882_f3ed3664,CUMCM-2020-D-001,11,TESSERACT_OCR,PHASE_6_SELECTIVE_PAGE_OCR,180,1414,SUCCESS,0,0,0,1191,1684,2005644,577013,E4F10B9047228DA94CF93B5FF42E34D9487BF9F9EEDDDBCEAF4CF983C749FA32,270,E777B080B3D6DBF1225701484791983AE98FB88403D0BE8F28BA9C06824CB527,PASS
20260902T181812821882_f3ed3664,CUMCM-2020-D-001,12,TESSERACT_OCR,PHASE_6_SELECTIVE_PAGE_OCR,180,2039,SUCCESS,0,0,0,1191,1684,2005644,885053,25BD0B24FFB60671620A47BDDD994AD201C4C4BDE37B4ABF4EC4292C17ABCCDD,1106,949E13059C07AE073483520F054B5838B07553CE9DF352EAF90257FC6439CBAD,PASS
20260902T181812821882_f3ed3664,CUMCM-2020-D-001,13,TESSERACT_OCR,PHASE_6_SELECTIVE_PAGE_OCR,180,1830,SUCCESS,0,0,0,1191,1684,2005644,709472,7D1EA5CC582F2692643D64E111E15DDDDF340FF217398A3682D114863EFBA27E,785,D8D203A62B14072F7858DAB2244EAE89C0357AE36B874B2B89432FB7F800E7FB,PASS
20260902T181812821882_f3ed3664,CUMCM-2020-D-001,14,TESSERACT_OCR,PHASE_6_SELECTIVE_PAGE_OCR,180,1829,SUCCESS,0,0,0,1191,1684,2005644,771465,9FB69CF28CC5B8E8DE2D421D47634A61F144C6E6E8588B91C118EB6CCE111B27,225,07CB2830486EFD3D7D97EBA6D7EEA2D6340E3874BAA9E3D376D0FD1E58446C5B,PASS
20260902T181812821882_f3ed3664,CUMCM-2020-D-001,15,TESSERACT_OCR,PHASE_6_SELECTIVE_PAGE_OCR,180,1218,SUCCESS,0,0,0,1191,1684,2005644,633506,CE3CBC83857855FAE919D0C2CDC39E1675216939C5A53ED3926A44BAE30E5816,263,622E5E8F077CB37270A38C6F9671D9B6179869CC6B0F97FB036E5884898843D1,PASS
20260902T181812821882_f3ed3664,CUMCM-2020-D-001,16,TESSERACT_OCR,PHASE_6_SELECTIVE_PAGE_OCR,180,2274,SUCCESS,0,0,0,1191,1684,2005644,1209978,23EC45F4641D012BCB4D0F1790101D23838465F49EF0EB0C9F04BF1BEB312848,1172,09A176012240E25491BF455B976C19030831BC2C71CA2F5D4104CCCCBC0EFEBB,PASS
20260902T181812821882_f3ed3664,CUMCM-2020-D-001,17,TESSERACT_OCR,PHASE_6_SELECTIVE_PAGE_OCR,180,1533,SUCCESS,0,0,0,1191,1684,2005644,716000,909594BAFC92A56B13E8CD22A10D73C2951408D7975CB41A1AD6CCF84AF6CDFD,533,CD6E0B964C63E02CB1CC4B7CFBFCD1C773FD2530043C7A233AA45253B25212B5,PASS
20260902T181812821882_f3ed3664,CUMCM-2020-D-001,18,TESSERACT_OCR,PHASE_6_SELECTIVE_PAGE_OCR,180,1894,SUCCESS,0,0,0,1191,1684,2005644,871134,708DEEF23C1DB68CD2AB13F8B34F96CD4E720D609DBFD6599FB9AC3941768425,630,CCF350835254AFD03E44D7BC4F1093D53C0F27D7EFF42B8C2DCE18A6A29A19F8,PASS
20260902T181812821882_f3ed3664,CUMCM-2020-D-001,19,TESSERACT_OCR,PHASE_6_SELECTIVE_PAGE_OCR,180,1712,SUCCESS,0,0,0,1191,1684,2005644,627402,43AD3A8AE35CA1FF6B6D0C4D303C3769464AEF1B0D6251A5219617A5FD3548EB,423,D08F7934DC6C489BE19AAA0509F39546BCEFF3CBED4034A77E913A85F90F6F12,PASS
20260902T181812821882_f3ed3664,CUMCM-2020-D-001,20,TESSERACT_OCR,PHASE_6_SELECTIVE_PAGE_OCR,180,1636,SUCCESS,0,0,0,1191,1684,2005644,695392,D20F62D81C82732545D280847BE5C35E49F6E9CCF0396547790750A4BB206B94,751,FB66E8C310864BFF5301BA5BA2E200B7992DC213AEDE3AF4AAD52322CEB15D5F,PASS
20260902T181812821882_f3ed3664,CUMCM-2020-D-001,21,TESSERACT_OCR,PHASE_6_SELECTIVE_PAGE_OCR,180,1331,SUCCESS,0,0,0,1191,1684,2005644,528021,254EFE68B5DDC343A497F494C3CAC900CD81B3FE4A86050A4C5B341BB541436E,248,C722EB5B72E76509825D1AC25027AA2A964A4E03179A7E03EC5C92C1224BD417,PASS
20260902T181812821882_f3ed3664,CUMCM-2020-D-001,22,TESSERACT_OCR,PHASE_6_SELECTIVE_PAGE_OCR,180,1825,SUCCESS,0,0,0,1191,1684,2005644,864899,D197A4ADD98763EC76F2C34D3D5D25FC5BBF8DE4B2D4D4F3016E11663B359F55,926,80331B90D40E329ECC48584EBE754D6A809FE2EA513D4EC0619BEBB03FBA28FF,PASS
20260902T181812821882_f3ed3664,CUMCM-2020-D-001,23,TESSERACT_OCR,PHASE_6_SELECTIVE_PAGE_OCR,180,1914,SUCCESS,0,0,0,1191,1684,2005644,762478,D20674709E0690D6AC2D415814238D09D747DA103D1839F0A9B3178BC44175FB,608,5D5A85518B3D76040D75E2F03BA3DD675C2501F671FF4315E857267E7381FCA9,PASS
20260902T181812821882_f3ed3664,CUMCM-2020-D-001,24,TESSERACT_OCR,PHASE_6_SELECTIVE_PAGE_OCR,180,609,SUCCESS,0,0,0,1191,1684,2005644,331508,C8137BC8816181AF013CA2747099E447D3981A6533F3AADCB99DCCD9F07DE146,115,7AC24786308CF117971F6E6C3A627C2A5DA09F74437383BCDDFCE52A599DC348,PASS
20260902T181812821882_f3ed3664,CUMCM-2020-D-001,25,TESSERACT_OCR,PHASE_6_SELECTIVE_PAGE_OCR,180,1445,SUCCESS,0,0,0,1191,1684,2005644,732810,0078771B0DA512769AC9FB788F6A26FD6FE9446C0F56E21BCD8260B3D17773C4,570,7F4B8FE33279FA7FEF79150B8D0FD90AF39DB1F0EF5E939E96AC03B5C9A63240,PASS
20260902T181812821882_f3ed3664,CUMCM-2020-D-001,26,TESSERACT_OCR,PHASE_6_SELECTIVE_PAGE_OCR,180,1517,SUCCESS,0,0,0,1191,1684,2005644,679138,53F94492E83791C878D9DCAF61CA6F039D0B5DBCDE62B22B38FD311A887FBB38,662,8B8DC8812D680146395A329FE5BC2625E2C422D3F3A4970AA11B742E70C94992,PASS
20260902T181812821882_f3ed3664,CUMCM-2020-D-001,27,TESSERACT_OCR,PHASE_6_SELECTIVE_PAGE_OCR,180,1572,SUCCESS,0,0,0,1191,1684,2005644,634291,E76E41E4170FEC1D42D97DBED171629F6C30599659139C7FC13212418F4F4C5C,831,43728EA8CC485D9FEDADE7582114E30AE6B10CBED8EE6124B4FBFBD92CBEDB55,PASS
20260902T181812821882_f3ed3664,CUMCM-2020-D-001,28,TESSERACT_OCR,PHASE_6_SELECTIVE_PAGE_OCR,180,1693,SUCCESS,0,0,0,1191,1684,2005644,682964,BB8D8E7F74749D33F22AD7BAAF818EF560307BD0F5E465A44B87333F02737140,871,5668ECBF8FC0881C6125D21B57F15DD26FB173779CF02721F1980E3237A0FE7B,PASS
20260902T181812821882_f3ed3664,CUMCM-2020-D-001,29,TESSERACT_OCR,PHASE_6_SELECTIVE_PAGE_OCR,180,1760,SUCCESS,0,0,0,1191,1684,2005644,771299,5762FC5CBEA3C9DB1C0EB64E385655CE0D946AE2B4A6F31503880F7298387464,1130,787BE474F0D4B5872B545FCA67223E804C9FAE55F0DABBE5622EEE8C568B2A32,PASS
20260902T181812821882_f3ed3664,CUMCM-2020-D-001,30,TESSERACT_OCR,PHASE_6_SELECTIVE_PAGE_OCR,180,1704,SUCCESS,0,0,0,1191,1684,2005644,734546,09100A6A44523741F300DDA5E9502421DBCEEC047D9412DBA9CB2ECA66C7E4E9,1131,52AF1FE5DF54AA1732F5A0360957EAC08193346E0ECA2C949850B7A4D4E0F9EE,PASS
20260902T181812821882_f3ed3664,CUMCM-2020-D-001,31,TESSERACT_OCR,PHASE_6_SELECTIVE_PAGE_OCR,180,1350,SUCCESS,0,0,0,1191,1684,2005644,611220,6BB929D8528A5080CF7CD427A98A154533E31F68C20288AACCFA02DC4BDED3D1,827,03947A36518B64ACE46B7A331B51DEBCB41C3D3FB457F88771768D5E6144FFE7,PASS
20260902T181812821882_f3ed3664,CUMCM-2020-D-001,32,TESSERACT_OCR,PHASE_6_SELECTIVE_PAGE_OCR,180,1512,SUCCESS,0,0,0,1191,1684,2005644,669923,C0FE06E8E24FE7F305B7C8737C2DF1ADF0FF19EE01848F5DB4BF0B53D6AAC5E0,1009,074330EACFFF8C30D728BF75B16359B92953CAE4754E9337714A26B55AF57625,PASS
20260902T181812821882_f3ed3664,CUMCM-2020-D-001,33,TESSERACT_OCR,PHASE_6_SELECTIVE_PAGE_OCR,180,1437,SUCCESS,0,0,0,1191,1684,2005644,619585,009631325C3CD2968CD190F22303B440B28EDC57AB6A4DBC2A2F153D9DCA299D,891,517151411E7E2CACA0BDB5022AA31B1271949DB74AA8F4FB5AAE3B3BCF6F2CC6,PASS
20260902T181812821882_f3ed3664,CUMCM-2020-D-001,34,TESSERACT_OCR,PHASE_6_SELECTIVE_PAGE_OCR,180,1568,SUCCESS,0,0,0,1191,1684,2005644,710427,AF355FE0955679286A50EB8A6C21954C11EEA97D31A5E0961B59A4E7918F168D,1064,22FC9408FCBB5191E2B0BD9746C93625E987111A8AC459B2A42F6BD59786865E,PASS
20260902T181812821882_f3ed3664,CUMCM-2020-D-001,35,TESSERACT_OCR,PHASE_6_SELECTIVE_PAGE_OCR,180,1531,SUCCESS,0,0,0,1191,1684,2005644,614561,A6D46291BFA475BC4C4C05F485832B12335CC32AA6E6820403E022E920DD0410,874,AC0D63294D51669E25C5B3DCC385D31C359D2763883F2876E67404DF50957D8C,PASS
20260902T181812821882_f3ed3664,CUMCM-2020-D-001,36,TESSERACT_OCR,PHASE_6_SELECTIVE_PAGE_OCR,180,1549,SUCCESS,0,0,0,1191,1684,2005644,682693,AA0DE58816A16E7671B679ED1687C7378A881CD3E68AC5BFA11CFB0746CFF6AB,965,397277D567532EF7ED66B0CA08E14F0BDD3FED07CFBCC2A493B52DC57F87C313,PASS
20260902T181812821882_f3ed3664,CUMCM-2020-D-001,37,TESSERACT_OCR,PHASE_6_SELECTIVE_PAGE_OCR,180,1586,SUCCESS,0,0,0,1191,1684,2005644,657218,45C002C7151B0978BB159F3E369A37A4697E4579E9E8B2940EBF08D81BE4243C,996,66911A0AFF52C2C77661E0A9C628D8B1B527B868C3F00B3CBE2C3828720C9172,PASS
20260902T181812821882_f3ed3664,CUMCM-2020-D-001,38,TESSERACT_OCR,PHASE_6_SELECTIVE_PAGE_OCR,180,1439,SUCCESS,0,0,0,1191,1684,2005644,623306,95946ED3E0E6DB56E479E18842CDABECB448D3E0F0301FDAA1DE0252FC675F52,859,48DC220CB9B7C594CBE5100C4A274E85FD2F63A8C9A0EB31B4DE998ADC6BBA82,PASS
20260902T181812821882_f3ed3664,CUMCM-2020-D-001,39,TESSERACT_OCR,PHASE_6_SELECTIVE_PAGE_OCR,180,1774,SUCCESS,0,0,0,1191,1684,2005644,773082,8B3CC64B44563592D52142039A5837AE1A5F223EBD311CDD07AD52E41345A27D,1165,49DB0AE7B46693194EE92FC991BAFFB0103AEC56574BA4918ECA238DD5F8C157,PASS
20260902T181812821882_f3ed3664,CUMCM-2020-D-001,40,TESSERACT_OCR,PHASE_6_SELECTIVE_PAGE_OCR,180,1873,SUCCESS,0,0,0,1191,1684,2005644,713392,916F53A6DF56E70691B73A83CC9633B5AB4EFC8F9A40F9BE36802EC9AC782E27,1077,87D457FFF11378A649D94FCE4883A5F0CF10A66D9DE6EC173A5A497C25996254,PASS
20260902T181812821882_f3ed3664,CUMCM-2020-D-001,41,TESSERACT_OCR,PHASE_6_SELECTIVE_PAGE_OCR,180,1467,SUCCESS,0,0,0,1191,1684,2005644,598262,993481BDCFEE3D0D53C6500A8751570D327C691FCC4F1887F51DE48A7D837A05,855,81472DB22150E6AF60A6AC5FB696ECADE8D0EE92B78D8527185158B4CD690E3A,PASS
20260902T181812821882_f3ed3664,CUMCM-2020-D-001,42,TESSERACT_OCR,PHASE_6_SELECTIVE_PAGE_OCR,180,1559,SUCCESS,0,0,0,1191,1684,2005644,623442,476AD778DBA8BE006EA9FDF3C1262E80127F117E5D3E04E505DDF1DD96BF3169,905,1B59D6782DC42F90DEB0A4CC4662CAD247234AC9682509AE5FE60D4BA8FF616B,PASS
20260902T181812821882_f3ed3664,CUMCM-2020-D-001,43,TESSERACT_OCR,PHASE_6_SELECTIVE_PAGE_OCR,180,1724,SUCCESS,0,0,0,1191,1684,2005644,654183,1251712FD661913BDF538211F1F3128BD3EE9C86C1D4A18FF271DF3055D8F1B8,952,74C4BEEA71D63C2391D4897114A07325E2456786E91BE5D4A0F53AE95E76000B,PASS
20260902T181812821882_f3ed3664,CUMCM-2020-D-001,44,TESSERACT_OCR,PHASE_6_SELECTIVE_PAGE_OCR,180,2011,SUCCESS,0,0,0,1191,1684,2005644,685611,8E3ABD2F6859BD6C9FBF1E6DF268F4A96E768249BCB2A3F43DD429BD497CC0D1,1044,23473C3862EC2F278FF926E813A8F122236FF2A18B5F13B7343FE66164611F30,PASS
20260902T181812821882_f3ed3664,CUMCM-2020-D-001,45,TESSERACT_OCR,PHASE_6_SELECTIVE_PAGE_OCR,180,1478,SUCCESS,0,0,0,1191,1684,2005644,641416,7F3C459D59DDEE875F2A84F128BD38A9195FC36BEBBEC28E603D1FDB4009CFCE,946,3F35E90DB122C9F1C55C39761F4324E86C4F4C7863E48AEFB27BDB2C61BE39A6,PASS
20260902T181812821882_f3ed3664,CUMCM-2020-D-001,46,TESSERACT_OCR,PHASE_6_SELECTIVE_PAGE_OCR,180,815,SUCCESS,0,0,0,1191,1684,2005644,354348,7486FBF549A50EE2B8AB19FBB3DC8FEAB0AC97789EA6FB5BA907B99769FC4C7D,298,1D1ABAA74AD6C45C4CE29DD3DC1350571288A465879F10F373456DDAFFFE441C,PASS
20260902T181812821882_f3ed3664,CUMCM-2020-D-003,1,TESSERACT_OCR,PHASE_6_SELECTIVE_PAGE_OCR,180,3089,SUCCESS,0,0,0,1191,1684,2005644,1473451,4E9E498CBF1EB172AD69C26591ABC4C440ADDF0C93DB96972BFCDFFD03526213,1533,03AFA362A9A027876D2162CBAF478230328CDBCE70F6D96324155E7E2C264B0C,PASS
20260902T181812821882_f3ed3664,CUMCM-2020-D-003,2,TESSERACT_OCR,PHASE_6_SELECTIVE_PAGE_OCR,180,2346,SUCCESS,0,0,0,1191,1684,2005644,1236101,C41A7D7DC379EEB2CE7A0BB274935C234D1AE3CF3C5BBFFF278D3555E105DA83,1198,91534A0A0C8C5E7576237BEF91E083ED9BBB0C9024B72337BED6677B194587BC,PASS
20260902T181812821882_f3ed3664,CUMCM-2020-D-003,3,TESSERACT_OCR,PHASE_6_SELECTIVE_PAGE_OCR,180,2401,SUCCESS,0,0,0,1191,1684,2005644,1061716,F1FD673AAA84C7263558043CE15E3DD0B90C917FE97BB77D5653DA270F2E1CA7,1058,F65CE0C345544DF0358EE4C67C3AAF8C115A096DA0CFE0DEB5065A0AC2E76FF0,PASS
20260902T181812821882_f3ed3664,CUMCM-2020-D-003,4,TESSERACT_OCR,PHASE_6_SELECTIVE_PAGE_OCR,180,2494,SUCCESS,0,0,0,1191,1684,2005644,1154537,55E3E2D002EF2C4DA15D3DEC28737BE7656851EEE38638B756E034BB981B9C8E,1019,36C650A0D56D9A903D03ECBD83E27719D1A9CD36091C764728089847CCB3ACE6,PASS
20260902T181812821882_f3ed3664,CUMCM-2020-D-003,5,TESSERACT_OCR,PHASE_6_SELECTIVE_PAGE_OCR,180,2288,SUCCESS,0,0,0,1191,1684,2005644,856342,0CDA0C5FE247335EAE4B2F9F24B0FEB056D99C3EA549AC99E979C29EE1D27C3B,822,E6587EBC7584AD8351C8568D53C70A5A12574D020DAD8247EB5EE3237955EC4D,PASS
20260902T181812821882_f3ed3664,CUMCM-2020-D-003,6,TESSERACT_OCR,PHASE_6_SELECTIVE_PAGE_OCR,180,2125,SUCCESS,0,0,0,1191,1684,2005644,852326,CE72FF873D8A58A5F56E3AB1FA38282832DDB407101633682C883B721E258CB5,780,32F03056FA265B6ED1CF6978486B3D060AD79FC071EF5B8293087F87C072635E,PASS
20260902T181812821882_f3ed3664,CUMCM-2020-D-003,7,TESSERACT_OCR,PHASE_6_SELECTIVE_PAGE_OCR,180,1894,SUCCESS,0,0,0,1191,1684,2005644,844394,8FABD1AAA7AFB67F3D8003B0EC49C5137FD8977A327BD9298316BA5F7B98298E,831,DB8DEAA37306EA3C1BFDF458C3A6553D13951EBD2267A8B17C8E8D9DAA368BB3,PASS
20260902T181812821882_f3ed3664,CUMCM-2020-D-003,8,TESSERACT_OCR,PHASE_6_SELECTIVE_PAGE_OCR,180,1769,SUCCESS,0,0,0,1191,1684,2005644,817824,92B2B205AD57C38E226FB28AC37B15EB366F01214321DC733A68F3F42CB08E38,752,94BDB806F4E4DE4E3B2588BDC362D69C2E6B6395C31EBF4B907F2C2FBF708273,PASS
20260902T181812821882_f3ed3664,CUMCM-2020-D-003,9,TESSERACT_OCR,PHASE_6_SELECTIVE_PAGE_OCR,180,1495,SUCCESS,0,0,0,1191,1684,2005644,701539,FB3CF31EA0121D5E94A58A6A204B0CFAA862FF4E1D19E578FBF4024F5DDBC57D,419,B4F80C94B287EBE83FE53C3A69D835832DCF686E398520A21D732FEE5CC3CFEA,PASS
20260902T181812821882_f3ed3664,CUMCM-2020-D-003,10,TESSERACT_OCR,PHASE_6_SELECTIVE_PAGE_OCR,180,1404,SUCCESS,0,0,0,1191,1684,2005644,624610,E533B2532770CE5385770A790C9166303CCFFC8C4AF9C9AD0E40679FC43C5FE3,324,51AD2B1877D23A3C805729647649DAC76CB61A88F61737418B9897C534F02E18,PASS
20260902T181812821882_f3ed3664,CUMCM-2020-D-003,11,TESSERACT_OCR,PHASE_6_SELECTIVE_PAGE_OCR,180,1664,SUCCESS,0,0,0,1191,1684,2005644,663287,84CE04852CBEE0F940257309B58F80C194CC769FF40A1E8F8640F46CC5066126,578,B84AE58C083F75FC0311A7B293FAC12B19324A2418DE9925E2AEC1F16BBFCE8B,PASS
20260902T181812821882_f3ed3664,CUMCM-2020-D-003,12,TESSERACT_OCR,PHASE_6_SELECTIVE_PAGE_OCR,180,1764,SUCCESS,0,0,0,1191,1684,2005644,773751,FD2A5D60A80F2A4C12A3873FAC36A27583E4A5AF144C0ACA4590C2B66772EEE4,727,58BCF9FACF982DAB68CD08786A3EB42B7074ABD95D256058E9F5254A47B3BD34,PASS
20260902T181812821882_f3ed3664,CUMCM-2020-D-003,13,TESSERACT_OCR,PHASE_6_SELECTIVE_PAGE_OCR,180,1871,SUCCESS,0,0,0,1191,1684,2005644,841097,F4BC26A07A731870F4D608688D44862FE936D384144B316C71DC46AF6BA88B92,836,CF9AD7F76D7808103D26CE83B853BB37F51F8147B05E80465E217FB7C1AB42F6,PASS
20260902T181812821882_f3ed3664,CUMCM-2020-D-003,14,TESSERACT_OCR,PHASE_6_SELECTIVE_PAGE_OCR,180,1887,SUCCESS,0,0,0,1191,1684,2005644,845347,89B107EE20C740D5C0B79CD941FE96656C81B45F31402B156801215A6B84F432,476,71597CB8B4FC7AA2BB235D56EB583A565E3465400FDAAE0615F98EE4A406F41C,PASS
20260902T181812821882_f3ed3664,CUMCM-2020-D-003,15,TESSERACT_OCR,PHASE_6_SELECTIVE_PAGE_OCR,180,2326,SUCCESS,0,0,0,1191,1684,2005644,987109,45432EC1AC17AD011D2C0BF7F30F538C383FD2FD52889EBC21DC908BDBEE0DF5,831,B8CCAFECD1B329452341B024E4793065C3AE0325FCC63464E8095FFD35F9B95C,PASS
20260902T181812821882_f3ed3664,CUMCM-2020-D-003,16,TESSERACT_OCR,PHASE_6_SELECTIVE_PAGE_OCR,180,1797,SUCCESS,0,0,0,1191,1684,2005644,628617,15156A24A9D7C09C25DE74E56F5BF2BB43D87C668DA45628D04811120B97D420,483,782346C55B796AE6DF0E289DFC468C482673408D0473A4EE6ECC6D69725A46EC,PASS
20260902T181812821882_f3ed3664,CUMCM-2020-D-003,17,TESSERACT_OCR,PHASE_6_SELECTIVE_PAGE_OCR,180,1608,SUCCESS,0,0,0,1191,1684,2005644,638180,969BF129DD9B77D31D10EC0C2DA069B0366FBC260D32B29EF4E17C387860D324,469,4B36F447B36A718E57F6AA2D9B68281EC9C62BD3F4CAE61B6F93825423C2003D,PASS
20260902T181812821882_f3ed3664,CUMCM-2020-D-003,18,TESSERACT_OCR,PHASE_6_SELECTIVE_PAGE_OCR,180,1661,SUCCESS,0,0,0,1191,1684,2005644,785626,58D35432F1149B430746218180C66FE70828375997ADE016AE5D8BDE84E14743,600,3C6D05E8DCD661B0403175B79B695625C43ACC87E86B4ED9610FF4ED75EEB25F,PASS
20260902T181812821882_f3ed3664,CUMCM-2020-D-003,19,TESSERACT_OCR,PHASE_6_SELECTIVE_PAGE_OCR,180,1872,SUCCESS,0,0,0,1191,1684,2005644,801313,DD760AB413D087023F67339DB50C2CD744D3E2692190CA48A9368EA5D6A0D426,656,3F0FB3DB3211CB1CA30BF685E6CFD85BA1EC0F48C8DC79F95B0B7518CD4B95B7,PASS
20260902T181812821882_f3ed3664,CUMCM-2020-D-003,20,TESSERACT_OCR,PHASE_6_SELECTIVE_PAGE_OCR,180,1598,SUCCESS,0,0,0,1191,1684,2005644,812580,C03C8954C0A5B52E6083C19AE54575B9252FF4989406C34230A26F52EB0050DB,744,FC203BE502CA99523EF4765D594B9C6882EEEE00BEE128E17CA4FBB5962B7AC6,PASS
20260902T181812821882_f3ed3664,CUMCM-2020-D-003,21,TESSERACT_OCR,PHASE_6_SELECTIVE_PAGE_OCR,180,1724,SUCCESS,0,0,0,1191,1684,2005644,764188,097F305ACCC0D03A7174E1F354883A387BF4A99222EB01A064A0E88F6939225A,747,FA453E7C5B6E609F8A29A12FE1DCA851ED5EB09302066EA4B398DA8CAA52A221,PASS
20260902T181812821882_f3ed3664,CUMCM-2020-D-003,22,TESSERACT_OCR,PHASE_6_SELECTIVE_PAGE_OCR,180,1591,SUCCESS,0,0,0,1191,1684,2005644,672981,4A8850A41BFF128607545A9E119BA171896F50B48FED10CB71E1ACCF13FEA7DD,582,4940BEF9310663FA285B9EEDDAC5457368A421FBD4C0379844F6D6AD0F90FE7C,PASS
20260902T181812821882_f3ed3664,CUMCM-2020-D-003,23,TESSERACT_OCR,PHASE_6_SELECTIVE_PAGE_OCR,180,1778,SUCCESS,0,0,0,1191,1684,2005644,849454,DE27D69D1451152FE11DB122FB36CF682707E3FF4E399A9120A25F8F6763B370,662,25284B60551D983C059557136088338B8238D0BFC32F3048188A8BD4178F05CB,PASS
20260902T181812821882_f3ed3664,CUMCM-2020-D-003,24,TESSERACT_OCR,PHASE_6_SELECTIVE_PAGE_OCR,180,1248,SUCCESS,0,0,0,1191,1684,2005644,588302,0F517644A7C9B1F0BD384B47059B25B5D8818E53E2428134EB139530284B459F,468,00544B5F7B56D2D7453ECBB18F8ED181922C9629155A98AC5393ABF53D2562AF,PASS
20260902T181812821882_f3ed3664,CUMCM-2020-D-003,25,TESSERACT_OCR,PHASE_6_SELECTIVE_PAGE_OCR,180,1030,SUCCESS,0,0,0,1191,1684,2005644,511375,1E70C11FF9F2F0A4A5FB52DC35E1F608B9C1727318AD2F033D5A088206D9FCDC,401,E0747EF76F543F7E375D39974FE2D9BE6200BF1FD2ED35F64CCB06C06ABFEA81,PASS
20260902T181812821882_f3ed3664,CUMCM-2020-D-003,26,TESSERACT_OCR,PHASE_6_SELECTIVE_PAGE_OCR,180,1142,SUCCESS,0,0,0,1191,1684,2005644,502020,7CF342B8B70FABD099F4656AB92FE7C8480274DFBB6C85C8D5D6E72BD078B62C,593,5D535240ECC6DB302F3088717C2A94908B826D72DA9A1D57CF0EACBFEAA2EB2B,PASS
20260902T181812821882_f3ed3664,CUMCM-2020-D-003,27,TESSERACT_OCR,PHASE_6_SELECTIVE_PAGE_OCR,180,1091,SUCCESS,0,0,0,1191,1684,2005644,466895,7582B9F52A396C6DE366B82BF35F27A9FF211600233834C4BA17F125D0CBDBFF,548,BBF456437A771C5D91A43B89552FA387260950F149B838D742931FBF2C3F88D0,PASS
20260902T181812821882_f3ed3664,CUMCM-2020-D-003,28,TESSERACT_OCR,PHASE_6_SELECTIVE_PAGE_OCR,180,1078,SUCCESS,0,0,0,1191,1684,2005644,474215,D8D6DF5ACE7124FA39C8D864AB8242DCB05C0D13A4FB9896D899053BBB0CA57B,582,F9F2F63846CFF69C63D139CED46175D9CF184EBAE64E680DA16270A4BEE4BEB9,PASS
20260902T181812821882_f3ed3664,CUMCM-2020-D-003,29,TESSERACT_OCR,PHASE_6_SELECTIVE_PAGE_OCR,180,1189,SUCCESS,0,0,0,1191,1684,2005644,451372,EAFE15E8C04C5383259310039BF2A511958CA919AD010056920A21F3ABCA10DF,527,BCD3B9B165402A3B5FFF46DA85DD2AFE84DB7DFD65782BA9C3CDB4E593698AF4,PASS
20260902T181812821882_f3ed3664,CUMCM-2020-D-003,30,TESSERACT_OCR,PHASE_6_SELECTIVE_PAGE_OCR,180,1070,SUCCESS,0,0,0,1191,1684,2005644,471284,DA96E690472BBD47E4C17FD7EE5A1745241FEC4F94FC9D1FEEB4C0F5D7B76211,614,2D3E4C750EBB041C9A3E5F0A0C1055C7C9CEF8B2D3CC52DCC8E7F5F29D1C0CFD,PASS
20260902T181812821882_f3ed3664,CUMCM-2020-D-003,31,TESSERACT_OCR,PHASE_6_SELECTIVE_PAGE_OCR,180,1087,SUCCESS,0,0,0,1191,1684,2005644,516135,D3D8819CE43BEEE15A0B001D69D57A59B45B50D464A3CAD078EE71C85D469AEB,591,23A67D711C2A0C6C53A6574AEF0EE41216BE70C364FE9F37FC5E9BC6430C1144,PASS
20260902T181812821882_f3ed3664,CUMCM-2020-D-003,32,TESSERACT_OCR,PHASE_6_SELECTIVE_PAGE_OCR,180,1082,SUCCESS,0,0,0,1191,1684,2005644,428426,7720F638A4079C29474C54BFA823D8469A5CFCACE6C0F12C1A9C03940DF3B364,428,6340DF0B699FB1AB7E45ED36B7ADA4430B7F27CFD3144FEA7C23674183A41C84,PASS
20260902T181812821882_f3ed3664,CUMCM-2020-D-003,33,TESSERACT_OCR,PHASE_6_SELECTIVE_PAGE_OCR,180,1267,SUCCESS,0,0,0,1191,1684,2005644,474551,1B37E1875C71286574EC5F624065CDF2DF67F0C87E472F51CB8F02F80B7FAB3C,541,810FCAC1A417732005E71FEBBE2A55727E592BDAD3142A35F8F4ACB22FF9DED3,PASS
20260902T181812821882_f3ed3664,CUMCM-2020-D-003,34,TESSERACT_OCR,PHASE_6_SELECTIVE_PAGE_OCR,180,1121,SUCCESS,0,0,0,1191,1684,2005644,481063,63FAE47B3B2121B8B0F07B645690CD271C8E2896B2D5AE5FDDB9CE9EC5A955F2,570,AAA5E3FCD3ECE91CFE243BD5ED6E0836BF11738C1BD18A497B2DC9D6C59FB2F3,PASS
20260902T181812821882_f3ed3664,CUMCM-2020-D-003,35,TESSERACT_OCR,PHASE_6_SELECTIVE_PAGE_OCR,180,1041,SUCCESS,0,0,0,1191,1684,2005644,483433,32DE9A47810A9059B5B0FDC900464FB4AD746E0906A1B4626FA15A985BAA1455,542,01A6637C7181622F568438404C9068DBACEFA0AEAA217041F03028C68AE1BA9D,PASS
20260902T181812821882_f3ed3664,CUMCM-2020-D-003,36,TESSERACT_OCR,PHASE_6_SELECTIVE_PAGE_OCR,180,1061,SUCCESS,0,0,0,1191,1684,2005644,462251,ADB2FD2F431C902510C63E23E3F8EA575F47ED97B655871DC466BE8688FFAE41,538,5BBA8BA6AAE464425519A88BCC5747BF0E28DD023C61122D6C9FC3D706CD9924,PASS
20260902T181812821882_f3ed3664,CUMCM-2020-D-003,37,TESSERACT_OCR,PHASE_6_SELECTIVE_PAGE_OCR,180,1225,SUCCESS,0,0,0,1191,1684,2005644,455110,77D5DC082E9F39D90BF4DAA9F7228EAADDC19838BA6D182DD430A9F3BC404A54,477,EE36F48E2E2F20F5932ACDF307341A41E7DF3372F1B62BC6C8BCCB12635CF8C2,PASS
20260902T181812821882_f3ed3664,CUMCM-2020-D-003,38,TESSERACT_OCR,PHASE_6_SELECTIVE_PAGE_OCR,180,1072,SUCCESS,0,0,0,1191,1684,2005644,450404,9EEE18ABFEEEF739FD53C6A2F04C3E6683FF921C54F303D4834D790F0637223B,541,867B7D6BB195C8A0B72B1C493AB7913EDC6D75DA84B0A898E6B19666935A7650,PASS
20260902T181812821882_f3ed3664,CUMCM-2020-D-003,39,TESSERACT_OCR,PHASE_6_SELECTIVE_PAGE_OCR,180,966,SUCCESS,0,0,0,1191,1684,2005644,469541,853A8D1C68B10FE9E323150D87C07BD3F2E2ED29BD266DE43E1ACEACD5186DD7,518,475CBD3E7DEBB58CE1334B7B50C2FBC2E8EEFD464647223A7C4AC5B2366D9940,PASS
20260902T181812821882_f3ed3664,CUMCM-2020-D-003,40,TESSERACT_OCR,PHASE_6_SELECTIVE_PAGE_OCR,180,1006,SUCCESS,0,0,0,1191,1684,2005644,431075,8FF280E545121BD3C64D6FEFD9F04F729B8DBA6BD1351A7B0A76A4AAF271E830,504,A2552FA4A89409211DD4DA0DC22EB17C13E8C4A59EBDB2060ABCC4917D319C4A,PASS
20260902T181812821882_f3ed3664,CUMCM-2020-D-003,41,TESSERACT_OCR,PHASE_6_SELECTIVE_PAGE_OCR,180,1297,SUCCESS,0,0,0,1191,1684,2005644,457637,9DEC0E7A10BBFC5C1AA9537F66676A6AFCDCFC82B6A14E8599A6C6503E9DABBF,550,7F62DEB0339D05015C7CD1555F5C36C9BCDFD0C805A36920D3EE10BBE85AE5A0,PASS
20260902T181812821882_f3ed3664,CUMCM-2020-D-003,42,TESSERACT_OCR,PHASE_6_SELECTIVE_PAGE_OCR,180,1124,SUCCESS,0,0,0,1191,1684,2005644,496455,214AFC7D96BD4DCFB9F58A41DD0515F20CED5011DE0D00A40F6A82EE6663DDB3,695,41B15473ABE90F345170D2627DBD5EB0BB87A34305EBFFEDF6F493405F7EBF49,PASS
20260902T181812821882_f3ed3664,CUMCM-2020-D-003,43,TESSERACT_OCR,PHASE_6_SELECTIVE_PAGE_OCR,180,1067,SUCCESS,0,0,0,1191,1684,2005644,503658,B3AEDCAD48DAF5C89010F7D0F89152B65FFC2B813297BA5A5A62628073A9078A,610,67A2F7BBE50054059D88F921A313CCAED3D5E8C3D0040CFA55E3B7714FB44EFC,PASS
20260902T181812821882_f3ed3664,CUMCM-2020-D-003,44,TESSERACT_OCR,PHASE_6_SELECTIVE_PAGE_OCR,180,1316,SUCCESS,0,0,0,1191,1684,2005644,475287,B2B6991E6715FF42FB21E95E76BC6CAA8081170CADF0E7F89DE38E0BE510F612,609,68B3B408C1AFC1CD13464FF39E11A3767A3734C1C8F80C775DEA4574F480FD29,PASS
20260902T181812821882_f3ed3664,CUMCM-2020-D-003,45,TESSERACT_OCR,PHASE_6_SELECTIVE_PAGE_OCR,180,1343,SUCCESS,0,0,0,1191,1684,2005644,505015,A5954D67F56ECA2A31E8EEF1A39D22A6033C0A77E9EF379CDADAE103A8212428,659,6CC0A1BB7003875A18B64442425378A8EF6D6ACE9C67021CFC7B3DDA67F6EA6B,PASS
20260902T181812821882_f3ed3664,CUMCM-2020-D-003,46,TESSERACT_OCR,PHASE_6_SELECTIVE_PAGE_OCR,180,1215,SUCCESS,0,0,0,1191,1684,2005644,554923,F8D53EDCB2CAB79E65A9A70DD0E5A68E783D23541D37EE1E31B48B7F6E08E774,731,ADB73DEDA8CBC5F685FD39A4DC63BE7FFC857388CCF9E868ECC6A86330746B71,PASS
20260902T181812821882_f3ed3664,CUMCM-2020-D-003,47,TESSERACT_OCR,PHASE_6_SELECTIVE_PAGE_OCR,180,1153,SUCCESS,0,0,0,1191,1684,2005644,496547,C5BFB8E7DCA90E28A8E35CF908FD410E64DEDE102652024E58253883089AADA0,651,987B7CCFC5A36110368AFDFE02B0502F8009946E4D605332B8C4F93B262FB1B8,PASS
20260902T181812821882_f3ed3664,CUMCM-2020-D-003,48,TESSERACT_OCR,PHASE_6_SELECTIVE_PAGE_OCR,180,1282,SUCCESS,0,0,0,1191,1684,2005644,533561,0A86615ABB57351A396933810E58F4288C2050BE0F562D034AD60A84DBCF46F9,847,045290AC2E3BE7530FA666FB76CE141D813434FE8D4462A7509ECF1471171568,PASS
20260902T181812821882_f3ed3664,CUMCM-2020-D-003,49,TESSERACT_OCR,PHASE_6_SELECTIVE_PAGE_OCR,180,1318,SUCCESS,0,0,0,1191,1684,2005644,505626,396A354D6A299FD01CD9A666ACEF1CAB11CFD0637953D3FACDEE82A6313C9546,669,F588DD89E6B31CD335B1CDB2E39E75463E0788C64CB0A5E85465F6AAAEE82636,PASS
20260902T181812821882_f3ed3664,CUMCM-2020-D-003,50,TESSERACT_OCR,PHASE_6_SELECTIVE_PAGE_OCR,180,1357,SUCCESS,0,0,0,1191,1684,2005644,493921,240FE2E8524C67345471F9B3D7DD97E3DD4CC5C4B7D30F233FB52A0B8C9BE977,659,AEFE2E0D11A847A67F217BEBEEEBD573A90AC3CB5D3274B2087CA32FC3CE3DF6,PASS
20260902T181812821882_f3ed3664,CUMCM-2020-D-003,51,TESSERACT_OCR,PHASE_6_SELECTIVE_PAGE_OCR,180,1078,SUCCESS,0,0,0,1191,1684,2005644,478384,713A25BE31D54A3164504E1DB3818085D982D0DFE1C63D8EA4F8B8CEE5BD2979,639,72DCFC915E5EFD5C119B39C84BA5B914FA6F34A4FAF68C34F4D8D73A001AB973,PASS
20260902T181812821882_f3ed3664,CUMCM-2020-D-003,52,TESSERACT_OCR,PHASE_6_SELECTIVE_PAGE_OCR,180,1111,SUCCESS,0,0,0,1191,1684,2005644,447951,0B53DD468F6C729F3DE9BF82F47DC7781CAB36C2CB3E4E012ABC40FD23578846,565,5A0AAF46499DDA431B9E87B34EC0EBA8660C349B7250092EAFB6D8A15E52B750,PASS
20260902T181812821882_f3ed3664,CUMCM-2020-D-003,53,TESSERACT_OCR,PHASE_6_SELECTIVE_PAGE_OCR,180,1347,SUCCESS,0,0,0,1191,1684,2005644,634182,0DC89DC46547B28227572C8119A0E724FF8EF026CC23E6B020333A9461C93F90,868,08F3D2CC62DF9BE9EA657F6D7E5AE0C11447E0CD027C373F2C5190554FC87162,PASS
20260902T181812821882_f3ed3664,CUMCM-2020-D-003,54,TESSERACT_OCR,PHASE_6_SELECTIVE_PAGE_OCR,180,1022,SUCCESS,0,0,0,1191,1684,2005644,485860,D36BA622470474C90C8B81AF573606CB1B0522B46B4EA5E14D3AC954F2CE95D6,513,7233ABD856C2DE8558580510C74D603DE6465B74DBBDB682B7CB9CB0B7C3305E,PASS
20260902T181812821882_f3ed3664,CUMCM-2020-D-003,55,TESSERACT_OCR,PHASE_6_SELECTIVE_PAGE_OCR,180,1531,SUCCESS,0,0,0,1191,1684,2005644,680762,EEA15AA2DE1BAA48A91E84E711D747C95D27F5BBF9A826A60BC9C59518198B2B,1002,E05804A0FFDB196A854A38E807FD47889A740E672F08E766D038F2CBB78A88C3,PASS
20260902T181812821882_f3ed3664,CUMCM-2020-D-003,56,TESSERACT_OCR,PHASE_6_SELECTIVE_PAGE_OCR,180,1282,SUCCESS,0,0,0,1191,1684,2005644,567861,DEFA0FC80F544DBE08D937D63450508F63EE19ED79C08A743E552DCE35F40593,664,868A5C409F3B3DAEB6504296EDBA8B0D95C8891C96F8D45097BB905A40E8F479,PASS
20260902T181812821882_f3ed3664,CUMCM-2020-D-003,57,TESSERACT_OCR,PHASE_6_SELECTIVE_PAGE_OCR,180,1208,SUCCESS,0,0,0,1191,1684,2005644,532585,DBFA8DC043FF02F48AFFDED63311DCFDB925FBF021DF6EE0AF703A688E5458F8,657,CC421444A7490276FA9C7B2B20D32AB81FC89335824EB1A5B7C562853EF4532C,PASS
20260902T181812821882_f3ed3664,CUMCM-2020-D-003,58,TESSERACT_OCR,PHASE_6_SELECTIVE_PAGE_OCR,180,1007,SUCCESS,0,0,0,1191,1684,2005644,451208,264A93E0CD2905710A4A104697F61F94F5C7105055C9E65527CC7F2642116C76,447,71B2B3DF2BC042E0094922A4A7BB2389850D89D50659646B6F2BC995BB87AE10,PASS
20260902T181812821882_f3ed3664,CUMCM-2020-D-003,59,TESSERACT_OCR,PHASE_6_SELECTIVE_PAGE_OCR,180,1318,SUCCESS,0,0,0,1191,1684,2005644,450803,FB457120D60F83D4B691BFDBF472E8F6F7F99EB65FA20B3FE49230F951B5F6BB,507,0A0DDD639E6CE5FAA658949CD372F7B16E15396465FE22A734AE4C73DC4C3568,PASS
20260902T181812821882_f3ed3664,CUMCM-2020-D-003,60,TESSERACT_OCR,PHASE_6_SELECTIVE_PAGE_OCR,180,949,SUCCESS,0,0,0,1191,1684,2005644,422757,085BCE019EBAF0E154DC320F4F234863EC02736C4982C1EAD56A30E524E5ACEB,467,BCF3773B91E86FEAEA07A47BCDA341E34E912B9410D2D245658408E923FA2A04,PASS
20260902T181812821882_f3ed3664,CUMCM-2020-D-003,61,TESSERACT_OCR,PHASE_6_SELECTIVE_PAGE_OCR,180,1003,SUCCESS,0,0,0,1191,1684,2005644,468857,47D6CCB33C46C978896D79233651579368CAA92C816006856C6C0F770F15B261,527,3DEEA019C4F89DA01F84F637AFC3894C417BA1560499449989D7A9022AEA7EB9,PASS
20260902T181812821882_f3ed3664,CUMCM-2020-D-003,62,TESSERACT_OCR,PHASE_6_SELECTIVE_PAGE_OCR,180,988,SUCCESS,0,0,0,1191,1684,2005644,427367,5BA98DDC03F0CE107EB4719FE749ECAB21E09189E544181A3162CAED69A218E9,502,02474B5304926E0D2C2B58D03F05F1D8D688454887ECC5BD2CA5885FC4EA6773,PASS
20260902T181812821882_f3ed3664,CUMCM-2020-D-003,63,TESSERACT_OCR,PHASE_6_SELECTIVE_PAGE_OCR,180,968,SUCCESS,0,0,0,1191,1684,2005644,469857,5D4A8ED31DF0A0039F0EAAFCDC1F26C125F07BADF5933A7A2022BE375FEC2DF1,519,DE95DC16C9F78B1509C304E66DD31DF5DABEE13BE7DF9F7B9D8CCFAF72C24B2F,PASS
20260902T181812821882_f3ed3664,CUMCM-2020-D-003,64,TESSERACT_OCR,PHASE_6_SELECTIVE_PAGE_OCR,180,1042,SUCCESS,0,0,0,1191,1684,2005644,481786,CA35CADFF6D1E23847BD2733367091C873FA32E4F3852B834B3F2CC0770CDC55,544,7BAAE1FA03E13093FEA31988585E3A4AF98A62F7CFB0DB3F3108070B1FE3121B,PASS
20260902T181812821882_f3ed3664,CUMCM-2020-D-003,65,TESSERACT_OCR,PHASE_6_SELECTIVE_PAGE_OCR,180,1232,SUCCESS,0,0,0,1191,1684,2005644,488304,42E90BA5630D09A249A4574B98EA5BD49285F86DB052A97F8B99D62CF8E9596C,626,71C8388C3E8888A94DC50C657B509282FCDA31D2BB1996D22CD4029B41BAE927,PASS
20260902T181812821882_f3ed3664,CUMCM-2020-D-003,66,TESSERACT_OCR,PHASE_6_SELECTIVE_PAGE_OCR,180,1093,SUCCESS,0,0,0,1191,1684,2005644,494943,D23B95F5A16D9E9A23DC89D9C4EEAB8059770619303EF85D2A8868AA17F20934,590,40B7325B6BBEB6E6831DDB0D08BFBD2B161F852E8524DF03FF5F45F6B42E0F09,PASS
20260902T181812821882_f3ed3664,CUMCM-2020-D-003,67,TESSERACT_OCR,PHASE_6_SELECTIVE_PAGE_OCR,180,1007,SUCCESS,0,0,0,1191,1684,2005644,470139,F9180AF2C1184CCA53CE8466733E501BB20D12DFE63D7A9787D72D199D08E796,635,769F3CB075BFB68F5FD4065E52C052AF67B64551C7105B7D074E5C040AEF9B37,PASS
20260902T181812821882_f3ed3664,CUMCM-2020-D-003,68,TESSERACT_OCR,PHASE_6_SELECTIVE_PAGE_OCR,180,1541,SUCCESS,0,0,0,1191,1684,2005644,484759,2EBE16F36C6FFD695520C26F198249FC8A927D7990F9F2821D25AF320298B028,597,142CF2C7D0F0C9B0BEE37467510D06835083C5096722DE00ECF15F4A36AFF298,PASS
20260902T181812821882_f3ed3664,CUMCM-2020-D-003,69,TESSERACT_OCR,PHASE_6_SELECTIVE_PAGE_OCR,180,1160,SUCCESS,0,0,0,1191,1684,2005644,538727,FD2ADE8966C0EB390E08AD2284141C7EF939FD1420E34399DF81438D041DB35E,688,2360FF0765B9233B81ACAD038A217D79D8FFDCB839AE01D23F1860348645686B,PASS
20260902T181812821882_f3ed3664,CUMCM-2020-D-003,70,TESSERACT_OCR,PHASE_6_SELECTIVE_PAGE_OCR,180,1118,SUCCESS,0,0,0,1191,1684,2005644,515536,7838087EA7DA30A08AE8DB3012C757BA9E1E2C08BD5C7571522490D96C3C51AC,684,A7F289B3A720167880A6D19567817DCE3260E0AB37E9AB22EEC6069A79A84C9D,PASS
20260902T181812821882_f3ed3664,CUMCM-2020-D-003,71,TESSERACT_OCR,PHASE_6_SELECTIVE_PAGE_OCR,180,1102,SUCCESS,0,0,0,1191,1684,2005644,488269,6631FF8A8DE82074462C1217CEB131722CA06473C5B0977431BCD91658DA5A3A,666,EF11EDEDA859700A28E13B74218BA68D71927801C8E385F393B250E13C3DEAA7,PASS
20260902T181812821882_f3ed3664,CUMCM-2020-D-003,72,TESSERACT_OCR,PHASE_6_SELECTIVE_PAGE_OCR,180,1111,SUCCESS,0,0,0,1191,1684,2005644,487963,1B1811C5015D8CC293F3CAC3C6E7265EAB17F7BD9A545C315AE34F659543CD0A,694,38FC80ABE328D443D183EE70AD8A2E11630A76E7D00EBF96671C2AACBB96D114,PASS
20260902T181812821882_f3ed3664,CUMCM-2020-D-003,73,TESSERACT_OCR,PHASE_6_SELECTIVE_PAGE_OCR,180,1049,SUCCESS,0,0,0,1191,1684,2005644,459122,023EDCB4F00D6E862629FE95FE5FD821E95ACA12082E9FEC4A10170EE9D881C1,601,EF6576F867A3E7810D756C1E044421D9B80BA3E12779931CE96FCF5141C420CE,PASS
20260902T181812821882_f3ed3664,CUMCM-2020-D-003,74,TESSERACT_OCR,PHASE_6_SELECTIVE_PAGE_OCR,180,1389,SUCCESS,0,0,0,1191,1684,2005644,480623,F26C316A674F754C397912C57BCF642C9B389881E850A398818A9CC92F2B3B93,605,7FEA0A975E81B5CED59F88057CE42701B51BE6EFB22E53D74F1F6B90774DDC49,PASS
20260902T181812821882_f3ed3664,CUMCM-2020-D-003,75,TESSERACT_OCR,PHASE_6_SELECTIVE_PAGE_OCR,180,1122,SUCCESS,0,0,0,1191,1684,2005644,499110,2EFA16341D59447CA559896E56927831A03CCAB18327DD0C54E00B29C5F5EAC0,648,A226078B268B0DB85ADF8C14BA253276F4E995CD2F9F1EB19C5D42AD44C21043,PASS
20260902T181812821882_f3ed3664,CUMCM-2020-D-003,76,TESSERACT_OCR,PHASE_6_SELECTIVE_PAGE_OCR,180,1343,SUCCESS,0,0,0,1191,1684,2005644,600344,BD7367AE376FEDCD020218411FCC77B5D20C9F8A55873D699B1399F6316A8828,809,64F8FA15C07FF13CBC5ECA75912B3AEFAB6B48C5C4FC88BDEB65EB606D3D9F9B,PASS
20260902T181812821882_f3ed3664,CUMCM-2020-D-003,77,TESSERACT_OCR,PHASE_6_SELECTIVE_PAGE_OCR,180,1259,SUCCESS,0,0,0,1191,1684,2005644,590570,4AE5AD197AD2BC77484F32C3E291C3AE120316C4DE2C81674D2E76C71048C5A9,754,99D3F9DDB3497F5B86B7F6B3C2AE8CF5FE77AA09D0BF7D7BFF1AA159BBC292C8,PASS
20260902T181812821882_f3ed3664,CUMCM-2020-D-003,78,TESSERACT_OCR,PHASE_6_SELECTIVE_PAGE_OCR,180,1421,SUCCESS,0,0,0,1191,1684,2005644,653346,F8ECECDDE8B3AEE4DE0DBB6E16A27037CABB03AF49E6D9061BC0ACA346DC2109,914,95E15F27907035CB9E72771D5B20FBDF719200D9194ECF7C4B83079EE9577B6C,PASS
20260902T181812821882_f3ed3664,CUMCM-2020-D-003,79,TESSERACT_OCR,PHASE_6_SELECTIVE_PAGE_OCR,180,1456,SUCCESS,0,0,0,1191,1684,2005644,601893,117661DF33665B1F6F9A9819F80ADC0351A7066FCF9834D3B8B256C2D3BF4B7A,797,9F73C05AA9ABB0667111D066214594AAE0AD5DF731F24A293264CC7FC7C02EB7,PASS
20260902T181812821882_f3ed3664,CUMCM-2020-D-003,80,TESSERACT_OCR,PHASE_6_SELECTIVE_PAGE_OCR,180,1103,SUCCESS,0,0,0,1191,1684,2005644,452329,6E5FE17143BCA281F513054023D4D5E5D064A297002502987703A8581AADD02B,549,BB57CC208089515B0E366074A072B0209552FCCDE6EFAEB0B331EF44333BC452,PASS
20260902T181812821882_f3ed3664,CUMCM-2020-D-003,81,TESSERACT_OCR,PHASE_6_SELECTIVE_PAGE_OCR,180,962,SUCCESS,0,0,0,1191,1684,2005644,430948,DFB06A00B8DECE4D8C7D20C767B9FCBDCD254E73589ADB6AF02B3ECA326EAF88,494,3B23E3ECF27DD5BB3B1569EB4BF81014CFD5093F383AF72290BCE93081CBCF2C,PASS
20260902T181812821882_f3ed3664,CUMCM-2020-D-003,82,TESSERACT_OCR,PHASE_6_SELECTIVE_PAGE_OCR,180,1144,SUCCESS,0,0,0,1191,1684,2005644,467040,C8FE80335C57AF7457C70A2F7FB2F0DBA10D5D21311057C3AAE24161886F78D6,595,C0A3C4C7B105498022BCF8F82099B362CCAE80653A04C96179A9A8B1E8A6CAE0,PASS
20260902T181812821882_f3ed3664,CUMCM-2020-D-003,83,TESSERACT_OCR,PHASE_6_SELECTIVE_PAGE_OCR,180,1059,SUCCESS,0,0,0,1191,1684,2005644,478662,478EF620DE9B1C2BA7CAD4C439D17E6D9BA52E0A3DFBFA6C33ABF175ACD7CCD2,627,53B3F2386C26BBF75CA95DDB2CDC51D6C1C5B1AAEC04BE75CA7ED2AEC0942E23,PASS
20260902T181812821882_f3ed3664,CUMCM-2020-D-003,84,TESSERACT_OCR,PHASE_6_SELECTIVE_PAGE_OCR,180,1132,SUCCESS,0,0,0,1191,1684,2005644,503847,967F7EEADE3CF6C4267BD99200EBB7D4D7BE9E5B6A4152F33D7BFD0D91664495,659,F559FA10B505A4ABD87B51335585D83677DE6381D4F8644B8EFB4C22093086B7,PASS
20260902T181812821882_f3ed3664,CUMCM-2020-D-003,85,TESSERACT_OCR,PHASE_6_SELECTIVE_PAGE_OCR,180,1011,SUCCESS,0,0,0,1191,1684,2005644,477124,E1C12D045A2359C84ECAB8B906B95E5C8EB4396D945BE8E1955B8C5024053A02,560,DBF36F78E3B474B4040A73178637B282DBE7D520E443025AA4DD34D805DC6BE3,PASS
20260902T181812821882_f3ed3664,CUMCM-2020-D-003,86,TESSERACT_OCR,PHASE_6_SELECTIVE_PAGE_OCR,180,1058,SUCCESS,0,0,0,1191,1684,2005644,489580,61499FCD4C262B7C7FE7C7AC22F89326712A05B88663931FB51FFC47C67BD2DA,626,595AB4824CEEF4F039E5ACFEC056E752DEFDA5675FC3B96CAA0AA72E76C0F141,PASS
20260902T181812821882_f3ed3664,CUMCM-2020-D-003,87,TESSERACT_OCR,PHASE_6_SELECTIVE_PAGE_OCR,180,999,SUCCESS,0,0,0,1191,1684,2005644,419508,E568BC68C26E7347261744E5BB9CAEB1C5C4FCDEF438D8CCF524AEEB8677CA34,465,6BA89E913EE9ACC773DD125BF5496BF52FAEB0B025B90768D81CB9F1D76D20A5,PASS
20260902T181812821882_f3ed3664,CUMCM-2020-D-003,88,TESSERACT_OCR,PHASE_6_SELECTIVE_PAGE_OCR,180,966,SUCCESS,0,0,0,1191,1684,2005644,418218,01CC2E18D143F98FBA2FAF27187374D88A4033B7F3697AD1D9FEC671171F18EF,430,DAC624220BC77BA000BB89DA0EEF35F80E4DDB3D2CDD2DBEAE1ABAB1B635B5D3,PASS
20260902T181812821882_f3ed3664,CUMCM-2020-D-003,89,TESSERACT_OCR,PHASE_6_SELECTIVE_PAGE_OCR,180,955,SUCCESS,0,0,0,1191,1684,2005644,416957,C5AEA4812E631C53A64EA9651F9668BB6FF91E1B8FA0AD610B398AC543A1F8E9,465,143714EF04C3C03DA6A5666C6470E17E2677278FF51888C5F49C2142DEA99900,PASS
20260902T181812821882_f3ed3664,CUMCM-2020-D-003,90,TESSERACT_OCR,PHASE_6_SELECTIVE_PAGE_OCR,180,896,SUCCESS,0,0,0,1191,1684,2005644,397701,CFD022D2D4D8A8617D3B51063536DF8D57E4081D1FC4D443330D5C5110145585,432,DD8ABAF0333E998E0AAE2D98280E2B109CDD4C2458D541B68AE752D861DB4051,PASS
20260902T181812821882_f3ed3664,CUMCM-2020-D-003,91,TESSERACT_OCR,PHASE_6_SELECTIVE_PAGE_OCR,180,992,SUCCESS,0,0,0,1191,1684,2005644,422882,1D21DB395C60422D438582959C6618FFDF65094610EA3212FC067A31FE399346,499,33F5B66C8082BD565D293F63735A22575492BACEB63116F815A43DE8903AFFF9,PASS
20260902T181812821882_f3ed3664,CUMCM-2020-D-003,92,TESSERACT_OCR,PHASE_6_SELECTIVE_PAGE_OCR,180,942,SUCCESS,0,0,0,1191,1684,2005644,427925,CF4889DC8A983958DD0270E8CCDF8896036DFA499A2DE2FEE6D509F4A54F9FA3,450,7425853AA3ABF9487294FDF1FFB382145274231F03A7492FC7A1A54CF403B287,PASS
20260902T181812821882_f3ed3664,CUMCM-2020-D-003,93,TESSERACT_OCR,PHASE_6_SELECTIVE_PAGE_OCR,180,1298,SUCCESS,0,0,0,1191,1684,2005644,440437,14D6099EE68E77317C6AB8BD0B292E7F014A7C9D224314F3743A5D6003E5CC0F,504,CB4F625C360A728F68D122079742D308920C0C8646877233C84F02120C38E084,PASS
20260902T181812821882_f3ed3664,CUMCM-2020-D-003,94,TESSERACT_OCR,PHASE_6_SELECTIVE_PAGE_OCR,180,1493,SUCCESS,0,0,0,1191,1684,2005644,511286,247BEE4EA4CF32467836A570735562901E99B8D0AF7CB8E75DC6EC22E86901A5,747,225A48E1C90DEE425C2BF6EE48DCCF15383B626E7CF138D947D8C05CAC97C798,PASS
20260902T181812821882_f3ed3664,CUMCM-2020-D-003,95,TESSERACT_OCR,PHASE_6_SELECTIVE_PAGE_OCR,180,1113,SUCCESS,0,0,0,1191,1684,2005644,513670,BC460319D38D2381C4A3EFE9374B72DD72571B37E63C1BAF3A8E80409940F3EB,745,AF8100765E42C2DCCE2E379A1782AEBCFC2FF2993355D27424945CFC2FB25A82,PASS
20260902T181812821882_f3ed3664,CUMCM-2020-D-003,96,TESSERACT_OCR,PHASE_6_SELECTIVE_PAGE_OCR,180,1133,SUCCESS,0,0,0,1191,1684,2005644,521936,F348D43263C6DB89B8C9617A39FBC2B97CE39846AB5406BD4E89CAF62B42F538,785,3BEF34017A899F85AD21893430B8A5A99D4D617C518D8E3AF864317A25BAE2D3,PASS
20260902T181812821882_f3ed3664,CUMCM-2020-D-003,97,TESSERACT_OCR,PHASE_6_SELECTIVE_PAGE_OCR,180,1128,SUCCESS,0,0,0,1191,1684,2005644,514705,09A8D01C5280FF1F2C0ABA80D09BCC8A5FF569527145B26CB8600A6339581745,767,28D63224EF45FEA9E9154BCFE97C81B45CC77DCF5471DC33C1FAD6CF91C1A796,PASS
20260902T181812821882_f3ed3664,CUMCM-2020-D-003,98,TESSERACT_OCR,PHASE_6_SELECTIVE_PAGE_OCR,180,1175,SUCCESS,0,0,0,1191,1684,2005644,542488,5F826DB1E0B45F4C59B7DEAD8D140E26393F3B24F8EB7507AD2C0C22A67B6658,865,D2960E13C2647DBF046E1D85EE423F8AE195D34F1C1249D7E51AADACA60B5389,PASS
20260902T181812821882_f3ed3664,CUMCM-2020-D-003,99,TESSERACT_OCR,PHASE_6_SELECTIVE_PAGE_OCR,180,1221,SUCCESS,0,0,0,1191,1684,2005644,536001,B414912447C21C7E01F3622C1464C7EC17018AB8A3E3903938D647DEB1C7E48C,878,82545C9B627C2A94F465BFC9D1490F8B1FF755D9EF0A3D46524B63B7118D8376,PASS
20260902T181812821882_f3ed3664,CUMCM-2020-D-003,100,TESSERACT_OCR,PHASE_6_SELECTIVE_PAGE_OCR,180,1065,SUCCESS,0,0,0,1191,1684,2005644,487609,B1AA582FA4A1EA9ECB3B905755B565971DA46530A6C5F63870C117DC4B63AE2D,674,A2FD859EF8D47AB3E9132625F421B427D4B53A2D63BE099ED7485150238D94C3,PASS
20260902T181812821882_f3ed3664,CUMCM-2020-D-003,101,TESSERACT_OCR,PHASE_6_SELECTIVE_PAGE_OCR,180,1437,SUCCESS,0,0,0,1191,1684,2005644,525949,C65A86A28AA6E739D4D5C51A8365BB3EC10B4F546FED4C0BF2D5E87A0B6955DF,843,F13AD5F5AA331972BEB562F72C25530712E721E95DBB290FF38C2DB22417A635,PASS
20260902T181812821882_f3ed3664,CUMCM-2020-D-003,102,TESSERACT_OCR,PHASE_6_SELECTIVE_PAGE_OCR,180,1203,SUCCESS,0,0,0,1191,1684,2005644,490184,23C2DF10701A44BB723F103684E463C11DFA2F9DDF6C94CDA2AB969BD8A8BF56,668,D767298E3035F77A3861D6B6180357103BC363D3F8C051A5B1121E3764FB6F9D,PASS
20260902T181812821882_f3ed3664,CUMCM-2020-D-003,103,TESSERACT_OCR,PHASE_6_SELECTIVE_PAGE_OCR,180,1171,SUCCESS,0,0,0,1191,1684,2005644,537049,5DCFC1AEBFDF18060AA88EE3096FB88A08871C7F6D441E0AB46EF082CDFF36C2,889,25D1F3376CF41F14F65D521F574FC4215C7534F105FF7EB5F1904DC16BACF1DB,PASS
20260902T181812821882_f3ed3664,CUMCM-2020-D-003,104,TESSERACT_OCR,PHASE_6_SELECTIVE_PAGE_OCR,180,1435,SUCCESS,0,0,0,1191,1684,2005644,587319,196999A9463C961D535A64163BE60B7C744E39BBACC0AC3D9F57C59936F84B36,1058,7E4997C96EADD3D9B89DD380EF85ED27161BB69CA479E7D43D801F5F699CBE23,PASS
20260902T181812821882_f3ed3664,CUMCM-2020-D-003,105,TESSERACT_OCR,PHASE_6_SELECTIVE_PAGE_OCR,180,1237,SUCCESS,0,0,0,1191,1684,2005644,485983,71E7077EFEEC7C0754EB1CA93FE61FA3B705B901E313541049DDC609E4FB8391,672,67B9229E8B270B7688B7FB09084260E9FC2A329AE3FEADEA11BFDCE0B4545B0A,PASS
20260902T181812821882_f3ed3664,CUMCM-2020-D-003,106,TESSERACT_OCR,PHASE_6_SELECTIVE_PAGE_OCR,180,1120,SUCCESS,0,0,0,1191,1684,2005644,494277,E1B076B7C94F4358A907850E122307951AA9AF921DD248D29986C70A65F026D5,531,6901BE65B6FE746A6F94EA471A6AC50811BFAA7C75F89C66A3AD92DDCAC5434C,PASS
20260902T181812821882_f3ed3664,CUMCM-2020-D-003,107,TESSERACT_OCR,PHASE_6_SELECTIVE_PAGE_OCR,180,1040,SUCCESS,0,0,0,1191,1684,2005644,462073,4F8032A7AC24DACB5908CC6755523A162C8E8905FB345DA0217A824A393952B4,544,3D64045F41996B8B623DAB313B17084C571AF0CEDECEF6DA1ADBC6F51C3B4C8D,PASS
20260902T181812821882_f3ed3664,CUMCM-2020-D-003,108,TESSERACT_OCR,PHASE_6_SELECTIVE_PAGE_OCR,180,1262,SUCCESS,0,0,0,1191,1684,2005644,497233,597EB6FA78C4AF6B932E9E2976AC6A9B8C4DDD04233DA913ADF6846877BA2333,656,505FA3FAB93FB57745578DADC8076D787E1C6F2BFABAC95ED567505CFD833748,PASS
20260902T181812821882_f3ed3664,CUMCM-2020-D-003,109,TESSERACT_OCR,PHASE_6_SELECTIVE_PAGE_OCR,180,1145,SUCCESS,0,0,0,1191,1684,2005644,490243,3B2B6CEE031A7170F6EA95ED5B465030900B85614091497E0F8EFD4DF58ADCEF,678,4A53667E89E139852BE1921B2B05CC5C7DC06E75D2CFF36D189B819EF5F38AB1,PASS
20260902T181812821882_f3ed3664,CUMCM-2020-D-003,110,TESSERACT_OCR,PHASE_6_SELECTIVE_PAGE_OCR,180,1032,SUCCESS,0,0,0,1191,1684,2005644,460321,2554131FA2E24297A3712A86633593101AA4D97566D026BDD4B13FC4BDC024CA,568,403D09FC3BA70678B4CAC1EC212D091F7787E20128DB64DF83897BAD4D783D5A,PASS
20260902T181812821882_f3ed3664,CUMCM-2020-D-003,111,TESSERACT_OCR,PHASE_6_SELECTIVE_PAGE_OCR,180,1655,SUCCESS,0,0,0,1191,1684,2005644,462788,285A7F9CA9BDC8B67D1E5CA596060F846ED9E4B002029C3FCB13AFDB546BA6FB,538,0022938F92C7D8D35ECF9FA9E1B90B1E2D0B427F437A42B6145ECD3C0ED4C902,PASS
20260902T181812821882_f3ed3664,CUMCM-2020-D-003,112,TESSERACT_OCR,PHASE_6_SELECTIVE_PAGE_OCR,180,1048,SUCCESS,0,0,0,1191,1684,2005644,469309,188E9B4A3B3B134C799DE847285B18DCD7B6622ECD19B11BE0DA9D4464C090BB,545,0403D18D2464FA59BD65181352D9395F191746454DA5458CE16EF868C2CF0971,PASS
20260902T181812821882_f3ed3664,CUMCM-2020-D-003,113,TESSERACT_OCR,PHASE_6_SELECTIVE_PAGE_OCR,180,971,SUCCESS,0,0,0,1191,1684,2005644,438909,5BFB3F2C86C7FD6DCB504770A8EF024AD72854362E703C957930109D1986BA04,492,5913603F7B319BF899F29B063BC4E7BE2BDFB5097ECD136805673635C7BF5B1B,PASS
20260902T181812821882_f3ed3664,CUMCM-2020-D-003,114,TESSERACT_OCR,PHASE_6_SELECTIVE_PAGE_OCR,180,1051,SUCCESS,0,0,0,1191,1684,2005644,457790,4EFA1C02F43E4E5D2B57A87BA76FF704CF098E063688718FCBA4744237EA390C,594,405C91F827FB0C0AC084278CBB6F31178AD1839AA8E8C8CC9B7FB0D70D1855B8,PASS
20260902T181812821882_f3ed3664,CUMCM-2020-D-003,115,TESSERACT_OCR,PHASE_6_SELECTIVE_PAGE_OCR,180,1083,SUCCESS,0,0,0,1191,1684,2005644,452566,2EB351A877FB8E40AE5556B1C32ABB2CC725D9612EA259DCDC001D1171A2472A,565,6D3B3B316E4920FBC42B3EFF34FA04B4C0314A3EDE9A3B127022CAE4206C19D5,PASS
20260902T181812821882_f3ed3664,CUMCM-2020-D-003,116,TESSERACT_OCR,PHASE_6_SELECTIVE_PAGE_OCR,180,995,SUCCESS,0,0,0,1191,1684,2005644,457580,FEC8FE56A3709498B86B6B3099A52EFD3CDA8218D9879E39CAB77305C802D7C0,508,7FA759918368D46E72DFE1183545769CE35CBF329654B399267F55217CEB44F1,PASS
20260902T181812821882_f3ed3664,CUMCM-2020-D-003,117,TESSERACT_OCR,PHASE_6_SELECTIVE_PAGE_OCR,180,961,SUCCESS,0,0,0,1191,1684,2005644,444332,37EC7B6D35D4F5B848A3FFF4E4D59C3D55D4B0E131745DB70793C2F0B7F3BD6B,494,2BE837F9F9B48375234FCCD63672BCACA21F59B1877B955CF8FD4E4711FDAC2A,PASS
20260902T181812821882_f3ed3664,CUMCM-2020-D-003,118,TESSERACT_OCR,PHASE_6_SELECTIVE_PAGE_OCR,180,978,SUCCESS,0,0,0,1191,1684,2005644,432187,16747C60FF27AE02DD0F776F3646EDCBD347FA2BA7DC777B42AE2E3D66D08E44,445,B78DB183697A0A8FEEBB10BD11EFB4F1579323BB8BA21521D40E2F15BBE5FA54,PASS
20260902T181812821882_f3ed3664,CUMCM-2020-D-003,119,TESSERACT_OCR,PHASE_6_SELECTIVE_PAGE_OCR,180,1039,SUCCESS,0,0,0,1191,1684,2005644,472882,6764EC0C4FCEC6D45C70BD4A4F670C0320B030460624F5367B6E4BB38D1E073E,526,70D54D6766DFCB275732CB4EC820CE4B6262D562E7278CE75008E8E926C8378D,PASS
20260902T181812821882_f3ed3664,CUMCM-2020-D-003,120,TESSERACT_OCR,PHASE_6_SELECTIVE_PAGE_OCR,180,1276,SUCCESS,0,0,0,1191,1684,2005644,483499,E4542ADC04F5E1CAE3D8273FF3EE7421A6996C9443F2D8EE8718397C815B3282,532,51911CDB072986AFEF0D2C71CAF3DEE23AC1030C4DF3D204F8A9AC9DE68CCF58,PASS
20260902T181812821882_f3ed3664,CUMCM-2020-D-003,121,TESSERACT_OCR,PHASE_6_SELECTIVE_PAGE_OCR,180,1060,SUCCESS,0,0,0,1191,1684,2005644,453439,0CCF6EAD5478C7A4D21372CE0DFF5BA1592F6CB9013D62B3959922E50F104394,519,9632B0C72336869D35B611F2A88ECAF60A45A9697F16FF30B365C7F1FC9FD77D,PASS
20260902T181812821882_f3ed3664,CUMCM-2020-D-003,122,TESSERACT_OCR,PHASE_6_SELECTIVE_PAGE_OCR,180,1217,SUCCESS,0,0,0,1191,1684,2005644,439253,7EAAC839961A871FA11D004E381955C344BF79E089D685A645145FD977E6BF51,550,418DCDB57FFBAA28E759DA9039CCAA4BC1FF643DB8F771233D2C50C193160B77,PASS
20260902T181812821882_f3ed3664,CUMCM-2020-D-003,123,TESSERACT_OCR,PHASE_6_SELECTIVE_PAGE_OCR,180,1035,SUCCESS,0,0,0,1191,1684,2005644,446810,62F42BFEFE57E3486823DAA1CCA4A18E8C774CFF692F883048C4DF93D97D7965,579,6D265D4F8D427C59B37D259BF129187AFD0048611D62DF973B00E5AF868A8247,PASS
20260902T181812821882_f3ed3664,CUMCM-2020-D-003,124,TESSERACT_OCR,PHASE_6_SELECTIVE_PAGE_OCR,180,1055,SUCCESS,0,0,0,1191,1684,2005644,461580,9D9016C7795CEB937A25D07590463F700851228F5D91C20322422CA04A9D6CAE,588,93E06A8079036C06E2D6FFB2C9E6B45B4EB68079F33CA356FAC0AF399563935C,PASS
20260902T181812821882_f3ed3664,CUMCM-2020-D-003,125,TESSERACT_OCR,PHASE_6_SELECTIVE_PAGE_OCR,180,1005,SUCCESS,0,0,0,1191,1684,2005644,425213,C25FCD4DC625EF2EA64048D2011F0D616FE57C237AEBF4C26167F2C57A8EF679,520,D4760E0E5E87F34B95691DF455867DA877CDA73C6BD319D26DB9F86D0F11E60B,PASS
20260902T181812821882_f3ed3664,CUMCM-2020-D-003,126,TESSERACT_OCR,PHASE_6_SELECTIVE_PAGE_OCR,180,1075,SUCCESS,0,0,0,1191,1684,2005644,465178,A753164A6297576AED627733C623B8E912F9E228DCE91A337EF781866E664A7D,604,5475461E7269DC174319BB31CE725ECDAB1B2D2978453DE548E62D485301A7A5,PASS
20260902T181812821882_f3ed3664,CUMCM-2020-D-003,127,TESSERACT_OCR,PHASE_6_SELECTIVE_PAGE_OCR,180,1228,SUCCESS,0,0,0,1191,1684,2005644,503881,25B555FE000BC9D72C79422EBC8B221E2F866176E2DD2A21E13683465D710FD6,626,3CA410F81DFF2124379AEB26C9BAA2BD6A17F652CB9E057FCF852344414C6BA4,PASS
20260902T181812821882_f3ed3664,CUMCM-2020-D-003,128,TESSERACT_OCR,PHASE_6_SELECTIVE_PAGE_OCR,180,1464,SUCCESS,0,0,0,1191,1684,2005644,632587,3ABA89C132BAFDC3C776570E16D5F4196C28E6C4B3C3B8522DFCD08872E7EACD,889,745476A19B6C14E9E9D055979117B5BDF599F07455D4412ADF99B37A5A944438,PASS
20260902T181812821882_f3ed3664,CUMCM-2020-D-003,129,TESSERACT_OCR,PHASE_6_SELECTIVE_PAGE_OCR,180,1564,SUCCESS,0,0,0,1191,1684,2005644,758010,1D9287745D98D798B02703EE83E388841F3F388D2667BC8F30DE707AE9DE8A34,1214,D93BEFCF28BCB108DD48C5665E0D2AA4887234809539992830765656D4550A04,PASS
20260902T181812821882_f3ed3664,CUMCM-2020-D-003,130,TESSERACT_OCR,PHASE_6_SELECTIVE_PAGE_OCR,180,1366,SUCCESS,0,0,0,1191,1684,2005644,610033,AE48C68C893A60D6F30CD078DCD511F01047F9178F5EE64B75217ED3858418D9,867,F27241181EFA0004FDC716852441FAE3506915F4CBCFF322D49BD91B1AE8A9A3,PASS
20260902T181812821882_f3ed3664,CUMCM-2020-D-003,131,TESSERACT_OCR,PHASE_6_SELECTIVE_PAGE_OCR,180,1170,SUCCESS,0,0,0,1191,1684,2005644,496995,18990977245ABCCACE359B420F52E62A196B9A922E388F636937984C2946B603,644,A6E07D82C8B5FC4A41F235065D0D834533A6700FB9F89E9A1A0271875CDF6B5D,PASS
20260902T181812821882_f3ed3664,CUMCM-2020-D-003,132,TESSERACT_OCR,PHASE_6_SELECTIVE_PAGE_OCR,180,1056,SUCCESS,0,0,0,1191,1684,2005644,432330,E7A810FE3A9C0B0431BC2AF8767C480D94A03584D255608E6BEE93A68F4302E0,454,9E3900BA5771E23E43DEC3BA1301C291FFC8E9AAB569E247D0FCD7D914B41D25,PASS
20260902T181812821882_f3ed3664,CUMCM-2020-D-003,133,TESSERACT_OCR,PHASE_6_SELECTIVE_PAGE_OCR,180,954,SUCCESS,0,0,0,1191,1684,2005644,443108,7731A26BDDC04EF7F681E6951E7EE4E72D8D4CA1206D50E0C74F90002EC474FC,466,D74538A77B475FA77EFC9790B0AAA47FE76D1948997A7B431AC42AB29BC12CDE,PASS
20260902T181812821882_f3ed3664,CUMCM-2020-D-003,134,TESSERACT_OCR,PHASE_6_SELECTIVE_PAGE_OCR,180,990,SUCCESS,0,0,0,1191,1684,2005644,409116,B97AD6E945DA0091900A492649CD5A0E6BCBE3E48B09028EC2E14193250505E9,390,B34666CD0E9EE4EBC53A9D11EBBAA4038B9AB8CA39136E9255940322F12908DF,PASS
20260902T181812821882_f3ed3664,CUMCM-2020-D-003,135,TESSERACT_OCR,PHASE_6_SELECTIVE_PAGE_OCR,180,988,SUCCESS,0,0,0,1191,1684,2005644,411415,2EC4D437DDC65C009A2D1BE0382C3FE70A1F7936AF52433494403149F4C7802E,331,9C7DE9A9E6208E89C1D4560EFF2028B3FCE0DDFCD1A8212874914F9925BEB804,PASS
20260902T181812821882_f3ed3664,CUMCM-2020-D-004,1,TESSERACT_OCR,PHASE_6_SELECTIVE_PAGE_OCR,180,3863,SUCCESS,0,0,0,1191,1684,2005644,1661045,A1401DA6D725D304B0B5BECE0B15CD2A79B9F2FBEBCC7D7FA19FDB759C577AD8,2230,1FC5BD35448B32272001041314474AD08C35CAE883F8D1830E858D19A6CBC02A,PASS
20260902T181812821882_f3ed3664,CUMCM-2020-D-004,2,TESSERACT_OCR,PHASE_6_SELECTIVE_PAGE_OCR,180,4233,SUCCESS,0,0,0,1191,1684,2005644,1688935,9802AD24CCED1BE5D299400BEEF1B601283641B9B10801ED6AB700874F40F9E2,2263,8B2508B57B3CBB057915613513218DACD45912B9A6FC1CB12F29E4DBD48A4905,PASS
20260902T181812821882_f3ed3664,CUMCM-2020-D-004,3,TESSERACT_OCR,PHASE_6_SELECTIVE_PAGE_OCR,180,2789,SUCCESS,0,0,0,1191,1684,2005644,1303272,B45AFC6B3820E62F1CE6CCC825C01A5429C5B2481047BA6C90351231BB8892E7,1651,391E35833A7F47D0263E1A536552F7EFD79981F35C524E207586D1B11EEFA15B,PASS
20260902T181812821882_f3ed3664,CUMCM-2020-D-004,4,TESSERACT_OCR,PHASE_6_SELECTIVE_PAGE_OCR,180,1869,SUCCESS,0,0,0,1191,1684,2005644,758574,4239AAC2405AE3817BBD7965D119A79D3D1F35EB5E5DF0F56F736CA1E21D6D99,543,7AD9453B18F2573C790479F4EDDCF644BBF46FF672D5F5D1251A089E81070F6A,PASS
20260902T181812821882_f3ed3664,CUMCM-2020-D-004,5,TESSERACT_OCR,PHASE_6_SELECTIVE_PAGE_OCR,180,3230,SUCCESS,0,0,0,1191,1684,2005644,1351018,099728EBB77D58E652B02C7422CEC61E3331DBB8BED082C492CBD834B223CA1A,1791,E9FAA2AE57D875AFBE26B39E93FA42CCB8D43B1C2B6E7748DBFFE4B080A6ADCD,PASS
20260902T181812821882_f3ed3664,CUMCM-2020-D-004,6,TESSERACT_OCR,PHASE_6_SELECTIVE_PAGE_OCR,180,3295,SUCCESS,0,0,0,1191,1684,2005644,1106978,1E235D08820E7B6A8CB86C55B23C22FDC13FF0AFE0B18EEB23BD2C5520D36F27,1451,5FB84D48AE7FE821C49BE04270607FE641D30A09068FE4797A296B21C8E18ED8,PASS
20260902T181812821882_f3ed3664,CUMCM-2020-D-004,7,TESSERACT_OCR,PHASE_6_SELECTIVE_PAGE_OCR,180,3818,SUCCESS,0,0,0,1191,1684,2005644,1547424,8FDDA19018E9309B312F2A2CAF2BCE7FA8EECD4568F2F977C3921FD6DDC7D1BC,2073,3342A545E4F6B8B9CAD1FED1A165E3A422CE7B278B799959B64AC0BE680E15FB,PASS
20260902T181812821882_f3ed3664,CUMCM-2020-D-004,8,TESSERACT_OCR,PHASE_6_SELECTIVE_PAGE_OCR,180,2899,SUCCESS,0,0,0,1191,1684,2005644,1326533,C203A11610E2F7E65DB2E89477414C3F44ABFFF608D9DBACB4A2E8FA33C8F7C7,1772,20C53D0F69E9285F3B3F2A111572389E670F10BB4A540F341A335EB804B133DE,PASS
20260902T181812821882_f3ed3664,CUMCM-2020-D-004,9,TESSERACT_OCR,PHASE_6_SELECTIVE_PAGE_OCR,180,2215,SUCCESS,0,0,0,1191,1684,2005644,1043487,5F72FBD257B6815C2D2F8EEF0FDCA515580CFE159F8786ABA333BE61C03254BF,1208,8784C739EE9848938B93881C9A7119B660D2A6A773E2C503EE3374F070C778A1,PASS
20260902T181812821882_f3ed3664,CUMCM-2020-D-004,10,TESSERACT_OCR,PHASE_6_SELECTIVE_PAGE_OCR,180,3010,SUCCESS,0,0,0,1191,1684,2005644,1430429,75862C50CD69EEEF211409B0BBFB62A53DC4D18337C2B2F2AEB64DC9DC1B0466,1880,440EC6B32EC26D82CDFE60EAF1CCA316E875E8000B3045203455B982F856ACFE,PASS
20260902T181812821882_f3ed3664,CUMCM-2020-D-004,11,TESSERACT_OCR,PHASE_6_SELECTIVE_PAGE_OCR,180,3083,SUCCESS,0,0,0,1191,1684,2005644,1241766,3D411E9615FF516A74AA5FFFFC69629A909FBBE79800764C8830AFA36C28AFE0,1630,1C44885C5BA7886B2C9A4682D1E6691DB83042A7E88384ABC633EA6B1F612136,PASS
20260902T181812821882_f3ed3664,CUMCM-2020-D-004,12,TESSERACT_OCR,PHASE_6_SELECTIVE_PAGE_OCR,180,2314,SUCCESS,0,0,0,1191,1684,2005644,1085575,9BB4B4240CB01625C3CC52E139F39803B9F85CBB27EE50DFCDFB2DE4FE1030AC,1345,5C70D0A26D71BB8BCDC59A8DF621E8C655698FE1E33249241ECD3BDCAF69A81C,PASS
20260902T181812821882_f3ed3664,CUMCM-2020-D-004,13,TESSERACT_OCR,PHASE_6_SELECTIVE_PAGE_OCR,180,2150,SUCCESS,0,0,0,1191,1684,2005644,1038194,D31B5BC6AAACA4737C3913277559EBB4A96B921950774B15B7BE3DA44E1C7584,1331,6081826A8F2C0AFB870FAF31BED2FAB6C10E54A789A36F3B29E85385C405A8C9,PASS
20260902T181812821882_f3ed3664,CUMCM-2020-D-004,14,TESSERACT_OCR,PHASE_6_SELECTIVE_PAGE_OCR,180,2747,SUCCESS,0,0,0,1191,1684,2005644,1261635,08ADA0DF6D65C1E8D77EBD21C2D9F362D18C7453A170C73C27E20127619F01EF,1711,F0C6F96A916A398A94AB751178E1595050C797323712DB9FA12C146DF479D0C9,PASS
20260902T181812821882_f3ed3664,CUMCM-2020-D-004,15,TESSERACT_OCR,PHASE_6_SELECTIVE_PAGE_OCR,180,2019,SUCCESS,0,0,0,1191,1684,2005644,874221,7277CAD449BFE7D160159C53616C16A74E4DEC41E8C574BB3AA87A853641DCC4,1053,910F5A5F0CB17819C940264DDEBB722FB0F8C5E53724D9CCD1F42FC45D201C12,PASS
20260902T181812821882_f3ed3664,CUMCM-2020-D-004,16,TESSERACT_OCR,PHASE_6_SELECTIVE_PAGE_OCR,180,2682,SUCCESS,0,0,0,1191,1684,2005644,1180188,F0CB179B5E537BA73A863F4E3E4962D22A4978C79C6647973A2D715AEF10AAF7,1478,FF35672C18DA02FFBBB33F57056053D346189B7ABD3ABE37ACBD30FCD05FD270,PASS
20260902T181812821882_f3ed3664,CUMCM-2020-D-004,17,TESSERACT_OCR,PHASE_6_SELECTIVE_PAGE_OCR,180,2370,SUCCESS,0,0,0,1191,1684,2005644,898630,94BDD6BC6E8A55CF9E062DF0DDE3909E70FC755F1517EFBB7B720ACD6DDD5971,1003,00C0DD10FACE2468D0CEE84E807FC18CFF59E233C4DA2D597FE692735D022FB7,PASS
20260902T181812821882_f3ed3664,CUMCM-2020-D-004,18,TESSERACT_OCR,PHASE_6_SELECTIVE_PAGE_OCR,180,1906,SUCCESS,0,0,0,1191,1684,2005644,901462,08395B7698B0CE417C031BF2FA96B06A03E9FA52E80841F8A1E45309505944EE,1090,D380FB452880678D754949E9552AAFE5EC994C4DFB53CC5F918D76C002E82DB1,PASS
20260902T181812821882_f3ed3664,CUMCM-2020-D-004,19,TESSERACT_OCR,PHASE_6_SELECTIVE_PAGE_OCR,180,2151,SUCCESS,0,0,0,1191,1684,2005644,989297,43DD84DB5B9FF8D0973B21BF77A8CE0B58200C449B49FD8C7D83ABFD3F4DED0B,1350,9D95D9366C1CBA05950F6A9E4002A4557467F914995600ED63F5E707A6274BB2,PASS
20260902T181812821882_f3ed3664,CUMCM-2020-D-004,20,TESSERACT_OCR,PHASE_6_SELECTIVE_PAGE_OCR,180,3667,SUCCESS,0,0,0,1191,1684,2005644,1341600,1CACF932F3311C0B00181DF8CD8B772DC5760B9A4002BB56D918E85A3686FF7B,1558,1D307A09EB2B5CBD14487ECEB579A396BB8522B3032D6BF78262E2079205BD99,PASS
20260902T181812821882_f3ed3664,CUMCM-2020-D-004,21,TESSERACT_OCR,PHASE_6_SELECTIVE_PAGE_OCR,180,3262,SUCCESS,0,0,0,1191,1684,2005644,1288050,8A97E9D8968A3852CBCCE96B9D78E65C3E2477D79AA82133121FE9F14E7AF356,1584,B038D596F7BF31EF66DC91C1F37D265B3E3FDD937F38E1F6118A58E4ECBE6AFB,PASS
20260902T181812821882_f3ed3664,CUMCM-2020-D-004,22,TESSERACT_OCR,PHASE_6_SELECTIVE_PAGE_OCR,180,2169,SUCCESS,0,0,0,1191,1684,2005644,1018717,85A7C54EDCC7700843F157C63C581956FB0EB75961E1624AAD716BDABE20EFDD,1179,F8C643062327CF9986446D8226ED2EDAE245A59C6DD3E8941B81AF2E9E1CC0E9,PASS
20260902T181812821882_f3ed3664,CUMCM-2020-D-004,23,TESSERACT_OCR,PHASE_6_SELECTIVE_PAGE_OCR,180,2382,SUCCESS,0,0,0,1191,1684,2005644,1117992,65ED7151B9D924ECC10EB83CA4D09F2E9D85E655CC7B4D9FF725D1F6D5AD743D,1469,63E6F44FA4BED9F610FD4C20C3F8A321EEE1B37500CF2A6006D6194F7439A5D9,PASS
20260902T181812821882_f3ed3664,CUMCM-2020-D-004,24,TESSERACT_OCR,PHASE_6_SELECTIVE_PAGE_OCR,180,3223,SUCCESS,0,0,0,1191,1684,2005644,1233394,940A71D137F1F49CD2DA42DE77E86FB150BEBFA81F05B46269B3132489527573,1596,49C6CA150D1F3C834EB68A00EC2CC21CB78E523318629F21934A756ACB731B68,PASS
20260902T181812821882_f3ed3664,CUMCM-2020-D-004,25,TESSERACT_OCR,PHASE_6_SELECTIVE_PAGE_OCR,180,3375,SUCCESS,0,0,0,1191,1684,2005644,1404641,2C47EE446D96CAEF81EC75975986B2F0BFB04DAE86771F75F1345C2E7616F5F6,2000,B74C88BFC06E2C6AA5401874C0F4AEBA2A4C8B9E3A94C5CEB0490679C727B4CF,PASS
20260902T181812821882_f3ed3664,CUMCM-2020-D-004,26,TESSERACT_OCR,PHASE_6_SELECTIVE_PAGE_OCR,180,5181,SUCCESS,0,0,0,1191,1684,2005644,1563789,650D5F7366028068AE221E96F88076696D194D1AB561B36CEB61C6C973DCAEDD,2127,DFB754520123086BB1EDDCC47874B07FA6DFF224D23482373BE67F483FA3211D,PASS
20260902T181812821882_f3ed3664,CUMCM-2020-D-004,27,TESSERACT_OCR,PHASE_6_SELECTIVE_PAGE_OCR,180,3032,SUCCESS,0,0,0,1191,1684,2005644,1087692,2A67ED27963B356DFF8E3F5266BC9FC4D3705C4796DA991D20869B58D5B1A781,1431,16BB8542EA6C849935636C6863D44C52809C19A864AFFF842105056E6C92234F,PASS
20260902T181812821882_f3ed3664,CUMCM-2020-D-004,28,TESSERACT_OCR,PHASE_6_SELECTIVE_PAGE_OCR,180,2602,SUCCESS,0,0,0,1191,1684,2005644,1275383,70182DB3B94D28D96FC90C87D135E57CC924F3F298E85B5C296ED4B8D1815283,1614,F315BD4CEEBC12538CF71C0D63A892B8373B09AAE415A8A9C999BAF276AD4B5D,PASS
20260902T181812821882_f3ed3664,CUMCM-2020-D-004,29,TESSERACT_OCR,PHASE_6_SELECTIVE_PAGE_OCR,180,2593,SUCCESS,0,0,0,1191,1684,2005644,1133911,E4F95EDB5C6332E7381DB4ED088FB600474D719CD35B5E392CEA4F4B906574B9,1358,4E0922D3E7651391AD9D3E5AF035063246D230FEBDE4E93EB9CEED1D297F11A4,PASS
20260902T181812821882_f3ed3664,CUMCM-2020-D-004,30,TESSERACT_OCR,PHASE_6_SELECTIVE_PAGE_OCR,180,2078,SUCCESS,0,0,0,1191,1684,2005644,686515,D7FA92339D9DE0997972DE1678444D7A9EF316A0FCA1A11FDEDAEBD2C9A4326C,776,BBDDCF65583CAA11F824D6E44B773FBE6005C6579ADBEA269F299321817781B8,PASS
20260902T181812821882_f3ed3664,CUMCM-2020-D-004,31,TESSERACT_OCR,PHASE_6_SELECTIVE_PAGE_OCR,180,1947,SUCCESS,0,0,0,1191,1684,2005644,849686,400BDF3F1199BFC679E82089B0F6300A3B09C766F2BAC0744043F5C18C225266,1274,D63848072F097ACE399BB2493A7EDCB81D770000E1E14DA32885A099C9EE61AC,PASS
20260902T181812821882_f3ed3664,CUMCM-2020-D-004,32,TESSERACT_OCR,PHASE_6_SELECTIVE_PAGE_OCR,180,1886,SUCCESS,0,0,0,1191,1684,2005644,817583,8C2CB1F73723FEF0E19008F4AA7808FE7303D3D3859D9A0BB1B95D6431F8202A,980,3E06EB67263ACA22D23FD81DA4097C02450D6D4E87B4B5542234ADB649109E6D,PASS
20260902T181812821882_f3ed3664,CUMCM-2020-D-004,33,TESSERACT_OCR,PHASE_6_SELECTIVE_PAGE_OCR,180,1598,SUCCESS,0,0,0,1191,1684,2005644,882685,EC76F54CEC9652C723471B9E7F4DDB6507B80C9AA8560B8CADB32D50FE21EE68,960,9EA443407138C2C457C52DB5E9285885099B1C7AA9389234D69357383ACB9495,PASS
20260902T181812821882_f3ed3664,CUMCM-2020-D-004,34,TESSERACT_OCR,PHASE_6_SELECTIVE_PAGE_OCR,180,1618,SUCCESS,0,0,0,1191,1684,2005644,894028,F862DE5CBDC259840992144232BED61F0092EEA6533C59E19827F23233A07382,975,A74638D0F7D7E5339936A0FD68B54F7B38CAE34CD783D75E91736C7DDAD81D9D,PASS
20260902T181812821882_f3ed3664,CUMCM-2020-D-004,35,TESSERACT_OCR,PHASE_6_SELECTIVE_PAGE_OCR,180,2758,SUCCESS,0,0,0,1191,1684,2005644,1049596,B6AD93EF456052E1B072E0D1D9A856C23C3C4C0985C6B1C947FA0ED2B4247C98,1555,1874D83DB82254D192657A1174E7D1BB3D38C9453E1B32AF5D63C4D106F7CB76,PASS
20260902T181812821882_f3ed3664,CUMCM-2020-D-004,36,TESSERACT_OCR,PHASE_6_SELECTIVE_PAGE_OCR,180,2565,SUCCESS,0,0,0,1191,1684,2005644,987243,16C54C2256BC73F8D8C53A92346798489C0BC18A70A03E3A7E80E4E3F00E57C0,1439,8531A91B9D3D37B040D1E4861EB9FD92C9DC9BAA5407E00391F592D9F905E0D5,PASS
20260902T181812821882_f3ed3664,CUMCM-2020-D-004,37,TESSERACT_OCR,PHASE_6_SELECTIVE_PAGE_OCR,180,1761,SUCCESS,0,0,0,1191,1684,2005644,704059,2894F7E16C1640FA529FE52251EBB2A3515920C4597C017C87C998347532C98C,919,4BF28CB16D9653EB4C7316F4DCBEB687B15E5D9FF0E3152674A1A56109D3C824,PASS
20260902T181812821882_f3ed3664,CUMCM-2020-D-004,38,TESSERACT_OCR,PHASE_6_SELECTIVE_PAGE_OCR,180,1412,SUCCESS,0,0,0,1191,1684,2005644,703925,67DEE083C0BFFF7C86C1D1EFFE3463FF5659303DD4B07841E32470FDC63A4D29,914,F6CA9A669BE5A3A4B02AE6DAD30BBF6590CDC432F94609C03DADDD01A3994B68,PASS
20260902T181812821882_f3ed3664,CUMCM-2020-D-004,39,TESSERACT_OCR,PHASE_6_SELECTIVE_PAGE_OCR,180,2846,SUCCESS,0,0,0,1191,1684,2005644,955400,12FE6F00C08BCD6A69267967BAFF35F0322828BD94DE37F73DA00DFC204EEFA3,1422,FF9941587D1A7ED6EB5E4EA180E652EC06DE3E029923A5BC7F03F03116FE258C,PASS
20260902T181812821882_f3ed3664,CUMCM-2020-D-004,40,TESSERACT_OCR,PHASE_6_SELECTIVE_PAGE_OCR,180,2320,SUCCESS,0,0,0,1191,1684,2005644,1043811,966F8003E75DA8F1A7825C0763ECDF21DE65516D55B3DE70ECFE0C64C1CA4A51,1683,3BA6CACB2DD0935FE8807455F138650CFB88F3816C8485FD6EE7DA90BEEB53DB,PASS
20260902T181812821882_f3ed3664,CUMCM-2020-D-004,41,TESSERACT_OCR,PHASE_6_SELECTIVE_PAGE_OCR,180,2455,SUCCESS,0,0,0,1191,1684,2005644,865692,CB363F8870A1596A2B38F68B073231321DBD1092A4099320051D4FFE2C8DDFFF,1197,4A44E9AF02547F1056BD795904B00D584DB97BA870A026662EE4ACDAFD676DF8,PASS
20260902T181812821882_f3ed3664,CUMCM-2020-D-004,42,TESSERACT_OCR,PHASE_6_SELECTIVE_PAGE_OCR,180,2006,SUCCESS,0,0,0,1191,1684,2005644,855484,7A39D8D729924C22B60F527219050C6AEE205D973B11283E74C6170CB9D55972,933,48638F5EEDDAF849689F9ECE034D04F1FD5C69D060AC0888D7E2FBB798268ADB,PASS
20260902T181812821882_f3ed3664,CUMCM-2020-D-004,43,TESSERACT_OCR,PHASE_6_SELECTIVE_PAGE_OCR,180,1844,SUCCESS,0,0,0,1191,1684,2005644,856362,820371493010AA095301A5EF5EDCED4574DB21D00A76987325CCA99301C76A70,915,FD29D122091C64C77537B849408EAF6F0712B8B6CA4C1D035AE9C8BCB15B7481,PASS
20260902T181812821882_f3ed3664,CUMCM-2020-D-004,44,TESSERACT_OCR,PHASE_6_SELECTIVE_PAGE_OCR,180,1694,SUCCESS,0,0,0,1191,1684,2005644,838878,4AF9216D2ADAF3FF8BA3C128BA2E7FDFC2885CE2EC98B940F0E93C86D78A4D08,898,17069D8EB871632FDE6DA594A4BF4AE72EAB5FF98D4407DFBCAA42A97D80ECD7,PASS
20260902T181812821882_f3ed3664,CUMCM-2020-D-004,45,TESSERACT_OCR,PHASE_6_SELECTIVE_PAGE_OCR,180,1570,SUCCESS,0,0,0,1191,1684,2005644,832711,9B6537E249A434748A0141AB5B73B166F825ADB2F3E7656C13222973AD3AB865,899,509439261BE911C0A6299932E3A682C611581AA4B48D7A0F5834470437EFC5BF,PASS
20260902T181812821882_f3ed3664,CUMCM-2020-D-004,46,TESSERACT_OCR,PHASE_6_SELECTIVE_PAGE_OCR,180,1652,SUCCESS,0,0,0,1191,1684,2005644,858791,77773BE5C75AD1EF40EBB88168A5A8F88E6948C407BF26495787089E0FF5BF6C,904,12718860B4DCA1A27F7763283CE8AF81BF4D411AD7F074B32A7BFA5D6CB1B88D,PASS
20260902T181812821882_f3ed3664,CUMCM-2020-D-004,47,TESSERACT_OCR,PHASE_6_SELECTIVE_PAGE_OCR,180,1683,SUCCESS,0,0,0,1191,1684,2005644,860242,549087AE702E353A7053F52587C6CAF2F5FCC100A040911CD6FF8424B6610DB0,834,3E9D234C6E90AACBEE969513A0572425CE6B2B499A0D547FB20E569C030E840C,PASS
20260902T181812821882_f3ed3664,CUMCM-2020-D-004,48,TESSERACT_OCR,PHASE_6_SELECTIVE_PAGE_OCR,180,1454,SUCCESS,0,0,0,1191,1684,2005644,865063,797E4C590567FFF614952FF20FD0C2F08B4AB04E736890CE6A5ABD313798914B,891,E381E0137063244807ABE5A3B4CDBC3FAA9993426F4415B44CE3889FCD2B73AC,PASS
20260902T181812821882_f3ed3664,CUMCM-2020-D-004,49,TESSERACT_OCR,PHASE_6_SELECTIVE_PAGE_OCR,180,2860,SUCCESS,0,0,0,1191,1684,2005644,1095168,080C71F6C49C3A287A141FF30E136B6EBF7117DF2726CB3679F6BF88DF77DB18,1614,9ADFCDDE38016A463D38BB3DAC0AFD7568941D3CFC07EC8A73FBD789F9F93644,PASS
20260902T181812821882_f3ed3664,CUMCM-2020-D-004,50,TESSERACT_OCR,PHASE_6_SELECTIVE_PAGE_OCR,180,3486,SUCCESS,0,0,0,1191,1684,2005644,1147377,2AC160F0D6BF52530C7C92726ED4843E84955C3C7413BE05AE30C24B564FD457,1808,39B4E3BCFE56C3AFF64F6956903F31AE0191F986965F62384453D9F565A753CD,PASS
20260902T181812821882_f3ed3664,CUMCM-2020-D-004,51,TESSERACT_OCR,PHASE_6_SELECTIVE_PAGE_OCR,180,3572,SUCCESS,0,0,0,1191,1684,2005644,1152379,053856F864195BFA760C6525CAF58DB85E24F824085E98121FB538CCEFAB8104,1789,CD6524FB0C15DEC3F2CBC677BE0402F696345E2B539AA24C34ECF9A29CB198B8,PASS
20260902T181812821882_f3ed3664,CUMCM-2020-D-004,52,TESSERACT_OCR,PHASE_6_SELECTIVE_PAGE_OCR,180,2973,SUCCESS,0,0,0,1191,1684,2005644,976360,7A1078CED8AEB48D13C3FA244DC412859FEAF6C7471726698145DF96B97BFC9D,1446,EFE6C6BBA47BE312D7B3AB4FA2B02CDE98C6994CE8DE47E7A46BB86450D259E2,PASS
20260902T181812821882_f3ed3664,CUMCM-2020-D-004,53,TESSERACT_OCR,PHASE_6_SELECTIVE_PAGE_OCR,180,2965,SUCCESS,0,0,0,1191,1684,2005644,1061512,315771194BCF37CCADAD71514625CAD46E6BE06536D81C3CC95A1BE6F7E3E147,1542,6CA57288BFC3689600882A2A30CC474A72717392FF7769978964FF542C0AC384,PASS
20260902T181812821882_f3ed3664,CUMCM-2020-D-004,54,TESSERACT_OCR,PHASE_6_SELECTIVE_PAGE_OCR,180,3117,SUCCESS,0,0,0,1191,1684,2005644,989700,68D2E79A625908AAEF2673DC7336FD99A7B294A623CBBD796CE864EAC20D4ECF,1414,42E0E4A414AA113AAAE76C6D35B88AEDA1ECFB0BCC588550E531E6E8E75BF87A,PASS
20260902T181812821882_f3ed3664,CUMCM-2020-D-004,55,TESSERACT_OCR,PHASE_6_SELECTIVE_PAGE_OCR,180,2844,SUCCESS,0,0,0,1191,1684,2005644,1085388,AF1B986889B971021F11CE7630A7ABF298363F4BE881D1685A428709D7F4A5C0,1625,845740ACE1E8020CFF8C4052F52E39201B977C4412067ADD03122088552168E2,PASS
20260902T181812821882_f3ed3664,CUMCM-2020-D-004,56,TESSERACT_OCR,PHASE_6_SELECTIVE_PAGE_OCR,180,3046,SUCCESS,0,0,0,1191,1684,2005644,1101876,1441271982AD120A81C48A75B716476E3968B4E9AA9D9BA88D262D520A0CC27C,1625,176C5896217AA5FFE2861AF236D1DEB8D246CBF8DC75D2517A7FF894830FB239,PASS
20260902T181812821882_f3ed3664,CUMCM-2020-D-004,57,TESSERACT_OCR,PHASE_6_SELECTIVE_PAGE_OCR,180,3021,SUCCESS,0,0,0,1191,1684,2005644,1101740,70F9FD60092E710B980E62FC93BB63CE84EC9A0DED6ED4714E672799B041B896,1619,37C151ECFAE9EBD38EF06E0B99A7207552C37C0F12DAD39EB5A9D587079EB0CD,PASS
20260902T181812821882_f3ed3664,CUMCM-2020-D-004,58,TESSERACT_OCR,PHASE_6_SELECTIVE_PAGE_OCR,180,2328,SUCCESS,0,0,0,1191,1684,2005644,928468,39E4D48FD6B64CEC544EC81C8F72271E1F9AF2C755E15E48044E355736909829,1327,08DB7474206486648A3C5BB56C2C0000A79EEB77F036CB2A6D897F8C300CCE0B,PASS
20260902T181812821882_f3ed3664,CUMCM-2020-D-004,59,TESSERACT_OCR,PHASE_6_SELECTIVE_PAGE_OCR,180,2819,SUCCESS,0,0,0,1191,1684,2005644,956589,3451CC719C34233094894E25F7CCEC54D551D4743A43BE3A7D6CF651A13AF750,1639,1E8D891C4D336125275DA5B23AA076DC911DCE208EA94011D68DBE1E54ADEFA0,PASS
20260902T181812821882_f3ed3664,CUMCM-2020-D-004,60,TESSERACT_OCR,PHASE_6_SELECTIVE_PAGE_OCR,180,2194,SUCCESS,0,0,0,1191,1684,2005644,865152,D19CD3CFF7F96FEDDC89F884FD91BCD6EBF0ECC18B4A591F471F7BA55B282653,1463,319B77938D65EFF9BB3F72B6D386CB7581CAC0B18B255F58023E5D36CE27CF55,PASS
20260902T181812821882_f3ed3664,CUMCM-2020-D-004,61,TESSERACT_OCR,PHASE_6_SELECTIVE_PAGE_OCR,180,2148,SUCCESS,0,0,0,1191,1684,2005644,801237,44ED3BC814FACA61D634BF470CFBE6C0CB1490F9B8DBA1FBF7ED2683F206EA02,1347,8658E46DED70A162DA5E928973802ACD7EC49EFC9641AFFCBD54FD320DDF64CC,PASS
20260902T181812821882_f3ed3664,CUMCM-2020-D-004,62,TESSERACT_OCR,PHASE_6_SELECTIVE_PAGE_OCR,180,2438,SUCCESS,0,0,0,1191,1684,2005644,873783,5CE694F57213A35ACE830063B06FF329510F54100D696CD4A8B708D3F6B48FB5,1426,4B0F09432943B76BC43EDC7F1287A2460CC03B61322973D0B1CCCE7735F3C277,PASS
20260902T181812821882_f3ed3664,CUMCM-2020-D-004,63,TESSERACT_OCR,PHASE_6_SELECTIVE_PAGE_OCR,180,2614,SUCCESS,0,0,0,1191,1684,2005644,992782,15B97CB1B4657B2D619CD4F9154428ADB3B52280BC67524B162EAAD49673A573,1625,AAE4E1F39F6EFC4414C0BF103471B916212082F3CDFB999A50F4C0C0609C6508,PASS
20260902T181812821882_f3ed3664,CUMCM-2020-D-004,64,TESSERACT_OCR,PHASE_6_SELECTIVE_PAGE_OCR,180,2735,SUCCESS,0,0,0,1191,1684,2005644,993600,9E6CB7155BA70BDE84A7B2F297D120AF18D10581891F8F021D6E60301BB429B9,1598,F03C9B23866E1A64F5CEB1C418AEF4FD152127A0EBB77F713B0B260C8EF2A62B,PASS
20260902T181812821882_f3ed3664,CUMCM-2020-D-004,65,TESSERACT_OCR,PHASE_6_SELECTIVE_PAGE_OCR,180,2530,SUCCESS,0,0,0,1191,1684,2005644,972314,E196956FD4FF737AD4EE30B56A96523AA737EE8A8DCCD26C5304EC6AF0E75E05,1560,C68FC3F8A0A4338C62B682355CC19F064D672DC647FE7E836BCCBD0718C7B9F2,PASS
20260902T181812821882_f3ed3664,CUMCM-2020-D-004,66,TESSERACT_OCR,PHASE_6_SELECTIVE_PAGE_OCR,180,2521,SUCCESS,0,0,0,1191,1684,2005644,947230,FE8F37BCF599DFEE0B4D8C8B646702EA597768343F09BFA35A033C6C53774097,1547,8268873033F3053DF614D71AB3B31835BF9E61E575836D988475D8B710D8F307,PASS
20260902T181812821882_f3ed3664,CUMCM-2020-D-004,67,TESSERACT_OCR,PHASE_6_SELECTIVE_PAGE_OCR,180,2534,SUCCESS,0,0,0,1191,1684,2005644,985028,857476E02B03BEACD76DCD51EADCD96E5F9AF820B1EAD69AB930F498E3C7801F,1681,6FF53D2DBCDF02D9E623CEACC3D737A096E19E3DFAAC4C24CCDDEDAC482292B0,PASS
20260902T181812821882_f3ed3664,CUMCM-2020-D-004,68,TESSERACT_OCR,PHASE_6_SELECTIVE_PAGE_OCR,180,2055,SUCCESS,0,0,0,1191,1684,2005644,862974,A2D661CEEF32EE751E1D7B7B3C06AC7F248254F87569D3616145EA3C3D316C06,1374,A25E0C5D7AFF22D95B13350D11CFAF0694777514937CBD4CBBFBBE07945BCB10,PASS
20260902T181812821882_f3ed3664,CUMCM-2020-D-004,69,TESSERACT_OCR,PHASE_6_SELECTIVE_PAGE_OCR,180,1983,SUCCESS,0,0,0,1191,1684,2005644,686883,94365AED2EC0C7B8BC93425068D237EA68081CE98F7C907DC8F5ED93AB0230FD,940,6285762C5CADC55C1B28203EC1920127DF8D7E31570AC2DEEE78CE56EF130AF0,PASS
20260902T181812821882_f3ed3664,CUMCM-2020-D-004,70,TESSERACT_OCR,PHASE_6_SELECTIVE_PAGE_OCR,180,3232,SUCCESS,0,0,0,1191,1684,2005644,1501491,41346A7882BFE78C283D17592E897853E1809EF323FB385F72AAD6480DC7DF84,2650,8B4A2A82BB7EF5EE3F71E9550B54C320D1A4684FCA7928147E62F27AC18FD5B5,PASS
20260902T181812821882_f3ed3664,CUMCM-2020-D-004,71,TESSERACT_OCR,PHASE_6_SELECTIVE_PAGE_OCR,180,3535,SUCCESS,0,0,0,1191,1684,2005644,1255832,888D7FAC5377A42920EF69861C71BF71632106264C6707D675A2AFC74012096B,2239,7D2D07B52314518078574A9E5DCD2BE61E48505370ABCED3A1C2F9924A6F3E48,PASS
20260902T181812821882_f3ed3664,CUMCM-2020-D-004,72,TESSERACT_OCR,PHASE_6_SELECTIVE_PAGE_OCR,180,2838,SUCCESS,0,0,0,1191,1684,2005644,1328511,5A4B12120EF1BC7E53D3CFBFA0A48969FF3D767E6C7B0E53B20EFA84B9230308,2306,E104B1D7F2B6371AEB80062B88C1F8BB89C665C7A7312EE0A26B7EB2FC92D487,PASS
20260902T181812821882_f3ed3664,CUMCM-2020-D-004,73,TESSERACT_OCR,PHASE_6_SELECTIVE_PAGE_OCR,180,4627,SUCCESS,0,0,0,1191,1684,2005644,1569687,4C7907F708B45268C6BB78E9E518B949639C6A74663C4AB836FED23A185125AF,3333,0BE565A66C6D5F1074AC80C0708BD38EC39D6D2B8F3278BC988BC636B29586AB,PASS
20260902T181812821882_f3ed3664,CUMCM-2020-D-004,74,TESSERACT_OCR,PHASE_6_SELECTIVE_PAGE_OCR,180,2890,SUCCESS,0,0,0,1191,1684,2005644,1111170,F5E924C3F17DFCEB52315EF4F92F86FEB17D906100C7ABD63DC323877E8E0DD0,2202,68B0719C75AE592CCE0C35119AE05044B3BA80C15CFA1B8758A2EF7B1D48F8D3,PASS
20260902T181812821882_f3ed3664,CUMCM-2020-D-004,75,TESSERACT_OCR,PHASE_6_SELECTIVE_PAGE_OCR,180,3286,SUCCESS,0,0,0,1191,1684,2005644,1789960,F80B31CD84E297B8649AD15AED1F6896304F0B845766F6C8A3C550A826CDB0F3,3335,A1B4C570432ECAF4A408F1265D60C8840E04674A370C422118AC2A88D827C527,PASS
20260902T181812821882_f3ed3664,CUMCM-2020-D-004,76,TESSERACT_OCR,PHASE_6_SELECTIVE_PAGE_OCR,180,2151,SUCCESS,0,0,0,1191,1684,2005644,880619,1B3644CE002C2549819EBDCA733757B0B280F01E0BCE985F81F68B0E45963E8E,1495,04CD278A5E589A627FB0CC0F4D14F7DC6BE219BC1D8B795BE7BA7B83776FC8A2,PASS
20260902T181812821882_f3ed3664,CUMCM-2020-D-004,77,TESSERACT_OCR,PHASE_6_SELECTIVE_PAGE_OCR,180,803,SUCCESS,0,0,0,1191,1684,2005644,270660,7E824F487EF462360C2E751EC7C3D12B5AE4E890360EB6C790947E2A6DD377CB,86,704C6EF50D67D441C139122BCDAAAC61FBA828DCC35A196DABBFBB8BD2709105,PASS
