paper_id,source_page,original_file_path,original_sha256,readable_file_path,readable_sha256,pdf_inspector_page_chars,poppler_page_chars,pdf_inspector_status,poppler_status,verified_blank_page,final_page_class,classification_evidence,status
CUMCM-2025-A-A066,1,2025年数学建模国赛真题+优秀论文/2025数学建模国赛优秀论文/A066.pdf,9C14EAB19304FE45A36E45A965FA740E2636690630ECD8528335D4E4AEC3E2D4,derived/pilot/pdf_ocr/2025/A066.readable.pdf,DE5A8EFC16F27962652645721EA0C799603DA93CEAD0ED5673B44AB8946778F4,2059,1949,TEXT_PAGE,TEXT_PAGE,0,TEXT_PAGE,Poppler pdftotext returned meaningful page-scoped text; source_page=1 uses 1-based numbering.,PASS
CUMCM-2025-A-A066,2,2025年数学建模国赛真题+优秀论文/2025数学建模国赛优秀论文/A066.pdf,9C14EAB19304FE45A36E45A965FA740E2636690630ECD8528335D4E4AEC3E2D4,derived/pilot/pdf_ocr/2025/A066.readable.pdf,DE5A8EFC16F27962652645721EA0C799603DA93CEAD0ED5673B44AB8946778F4,1761,1635,TEXT_PAGE,TEXT_PAGE,0,TEXT_PAGE,Poppler pdftotext returned meaningful page-scoped text; source_page=2 uses 1-based numbering.,PASS
CUMCM-2025-A-A066,3,2025年数学建模国赛真题+优秀论文/2025数学建模国赛优秀论文/A066.pdf,9C14EAB19304FE45A36E45A965FA740E2636690630ECD8528335D4E4AEC3E2D4,derived/pilot/pdf_ocr/2025/A066.readable.pdf,DE5A8EFC16F27962652645721EA0C799603DA93CEAD0ED5673B44AB8946778F4,944,957,TEXT_PAGE,TEXT_PAGE,0,TEXT_PAGE,Poppler pdftotext returned meaningful page-scoped text; source_page=3 uses 1-based numbering.,PASS
CUMCM-2025-A-A066,4,2025年数学建模国赛真题+优秀论文/2025数学建模国赛优秀论文/A066.pdf,9C14EAB19304FE45A36E45A965FA740E2636690630ECD8528335D4E4AEC3E2D4,derived/pilot/pdf_ocr/2025/A066.readable.pdf,DE5A8EFC16F27962652645721EA0C799603DA93CEAD0ED5673B44AB8946778F4,1685,1667,TEXT_PAGE,TEXT_PAGE,0,TEXT_PAGE,Poppler pdftotext returned meaningful page-scoped text; source_page=4 uses 1-based numbering.,PASS
CUMCM-2025-A-A066,5,2025年数学建模国赛真题+优秀论文/2025数学建模国赛优秀论文/A066.pdf,9C14EAB19304FE45A36E45A965FA740E2636690630ECD8528335D4E4AEC3E2D4,derived/pilot/pdf_ocr/2025/A066.readable.pdf,DE5A8EFC16F27962652645721EA0C799603DA93CEAD0ED5673B44AB8946778F4,796,770,TEXT_PAGE,TEXT_PAGE,0,TEXT_PAGE,Poppler pdftotext returned meaningful page-scoped text; source_page=5 uses 1-based numbering.,PASS
CUMCM-2025-A-A066,6,2025年数学建模国赛真题+优秀论文/2025数学建模国赛优秀论文/A066.pdf,9C14EAB19304FE45A36E45A965FA740E2636690630ECD8528335D4E4AEC3E2D4,derived/pilot/pdf_ocr/2025/A066.readable.pdf,DE5A8EFC16F27962652645721EA0C799603DA93CEAD0ED5673B44AB8946778F4,1212,1230,TEXT_PAGE,TEXT_PAGE,0,TEXT_PAGE,Poppler pdftotext returned meaningful page-scoped text; source_page=6 uses 1-based numbering.,PASS
CUMCM-2025-A-A066,7,2025年数学建模国赛真题+优秀论文/2025数学建模国赛优秀论文/A066.pdf,9C14EAB19304FE45A36E45A965FA740E2636690630ECD8528335D4E4AEC3E2D4,derived/pilot/pdf_ocr/2025/A066.readable.pdf,DE5A8EFC16F27962652645721EA0C799603DA93CEAD0ED5673B44AB8946778F4,617,646,TEXT_PAGE,TEXT_PAGE,0,TEXT_PAGE,Poppler pdftotext returned meaningful page-scoped text; source_page=7 uses 1-based numbering.,PASS
CUMCM-2025-A-A066,8,2025年数学建模国赛真题+优秀论文/2025数学建模国赛优秀论文/A066.pdf,9C14EAB19304FE45A36E45A965FA740E2636690630ECD8528335D4E4AEC3E2D4,derived/pilot/pdf_ocr/2025/A066.readable.pdf,DE5A8EFC16F27962652645721EA0C799603DA93CEAD0ED5673B44AB8946778F4,618,692,TEXT_PAGE,TEXT_PAGE,0,TEXT_PAGE,Poppler pdftotext returned meaningful page-scoped text; source_page=8 uses 1-based numbering.,PASS
CUMCM-2025-A-A066,9,2025年数学建模国赛真题+优秀论文/2025数学建模国赛优秀论文/A066.pdf,9C14EAB19304FE45A36E45A965FA740E2636690630ECD8528335D4E4AEC3E2D4,derived/pilot/pdf_ocr/2025/A066.readable.pdf,DE5A8EFC16F27962652645721EA0C799603DA93CEAD0ED5673B44AB8946778F4,1172,1173,TEXT_PAGE,TEXT_PAGE,0,TEXT_PAGE,Poppler pdftotext returned meaningful page-scoped text; source_page=9 uses 1-based numbering.,PASS
CUMCM-2025-A-A066,10,2025年数学建模国赛真题+优秀论文/2025数学建模国赛优秀论文/A066.pdf,9C14EAB19304FE45A36E45A965FA740E2636690630ECD8528335D4E4AEC3E2D4,derived/pilot/pdf_ocr/2025/A066.readable.pdf,DE5A8EFC16F27962652645721EA0C799603DA93CEAD0ED5673B44AB8946778F4,771,864,TEXT_PAGE,TEXT_PAGE,0,TEXT_PAGE,Poppler pdftotext returned meaningful page-scoped text; source_page=10 uses 1-based numbering.,PASS
CUMCM-2025-A-A066,11,2025年数学建模国赛真题+优秀论文/2025数学建模国赛优秀论文/A066.pdf,9C14EAB19304FE45A36E45A965FA740E2636690630ECD8528335D4E4AEC3E2D4,derived/pilot/pdf_ocr/2025/A066.readable.pdf,DE5A8EFC16F27962652645721EA0C799603DA93CEAD0ED5673B44AB8946778F4,877,895,TEXT_PAGE,TEXT_PAGE,0,TEXT_PAGE,Poppler pdftotext returned meaningful page-scoped text; source_page=11 uses 1-based numbering.,PASS
CUMCM-2025-A-A066,12,2025年数学建模国赛真题+优秀论文/2025数学建模国赛优秀论文/A066.pdf,9C14EAB19304FE45A36E45A965FA740E2636690630ECD8528335D4E4AEC3E2D4,derived/pilot/pdf_ocr/2025/A066.readable.pdf,DE5A8EFC16F27962652645721EA0C799603DA93CEAD0ED5673B44AB8946778F4,1122,1115,TEXT_PAGE,TEXT_PAGE,0,TEXT_PAGE,Poppler pdftotext returned meaningful page-scoped text; source_page=12 uses 1-based numbering.,PASS
CUMCM-2025-A-A066,13,2025年数学建模国赛真题+优秀论文/2025数学建模国赛优秀论文/A066.pdf,9C14EAB19304FE45A36E45A965FA740E2636690630ECD8528335D4E4AEC3E2D4,derived/pilot/pdf_ocr/2025/A066.readable.pdf,DE5A8EFC16F27962652645721EA0C799603DA93CEAD0ED5673B44AB8946778F4,645,630,TEXT_PAGE,TEXT_PAGE,0,TEXT_PAGE,Poppler pdftotext returned meaningful page-scoped text; source_page=13 uses 1-based numbering.,PASS
CUMCM-2025-A-A066,14,2025年数学建模国赛真题+优秀论文/2025数学建模国赛优秀论文/A066.pdf,9C14EAB19304FE45A36E45A965FA740E2636690630ECD8528335D4E4AEC3E2D4,derived/pilot/pdf_ocr/2025/A066.readable.pdf,DE5A8EFC16F27962652645721EA0C799603DA93CEAD0ED5673B44AB8946778F4,889,900,TEXT_PAGE,TEXT_PAGE,0,TEXT_PAGE,Poppler pdftotext returned meaningful page-scoped text; source_page=14 uses 1-based numbering.,PASS
CUMCM-2025-A-A066,15,2025年数学建模国赛真题+优秀论文/2025数学建模国赛优秀论文/A066.pdf,9C14EAB19304FE45A36E45A965FA740E2636690630ECD8528335D4E4AEC3E2D4,derived/pilot/pdf_ocr/2025/A066.readable.pdf,DE5A8EFC16F27962652645721EA0C799603DA93CEAD0ED5673B44AB8946778F4,828,859,TEXT_PAGE,TEXT_PAGE,0,TEXT_PAGE,Poppler pdftotext returned meaningful page-scoped text; source_page=15 uses 1-based numbering.,PASS
CUMCM-2025-A-A066,16,2025年数学建模国赛真题+优秀论文/2025数学建模国赛优秀论文/A066.pdf,9C14EAB19304FE45A36E45A965FA740E2636690630ECD8528335D4E4AEC3E2D4,derived/pilot/pdf_ocr/2025/A066.readable.pdf,DE5A8EFC16F27962652645721EA0C799603DA93CEAD0ED5673B44AB8946778F4,1056,1063,TEXT_PAGE,TEXT_PAGE,0,TEXT_PAGE,Poppler pdftotext returned meaningful page-scoped text; source_page=16 uses 1-based numbering.,PASS
CUMCM-2025-A-A066,17,2025年数学建模国赛真题+优秀论文/2025数学建模国赛优秀论文/A066.pdf,9C14EAB19304FE45A36E45A965FA740E2636690630ECD8528335D4E4AEC3E2D4,derived/pilot/pdf_ocr/2025/A066.readable.pdf,DE5A8EFC16F27962652645721EA0C799603DA93CEAD0ED5673B44AB8946778F4,1216,1146,TEXT_PAGE,TEXT_PAGE,0,TEXT_PAGE,Poppler pdftotext returned meaningful page-scoped text; source_page=17 uses 1-based numbering.,PASS
CUMCM-2025-A-A066,18,2025年数学建模国赛真题+优秀论文/2025数学建模国赛优秀论文/A066.pdf,9C14EAB19304FE45A36E45A965FA740E2636690630ECD8528335D4E4AEC3E2D4,derived/pilot/pdf_ocr/2025/A066.readable.pdf,DE5A8EFC16F27962652645721EA0C799603DA93CEAD0ED5673B44AB8946778F4,935,907,TEXT_PAGE,TEXT_PAGE,0,TEXT_PAGE,Poppler pdftotext returned meaningful page-scoped text; source_page=18 uses 1-based numbering.,PASS
CUMCM-2025-A-A066,19,2025年数学建模国赛真题+优秀论文/2025数学建模国赛优秀论文/A066.pdf,9C14EAB19304FE45A36E45A965FA740E2636690630ECD8528335D4E4AEC3E2D4,derived/pilot/pdf_ocr/2025/A066.readable.pdf,DE5A8EFC16F27962652645721EA0C799603DA93CEAD0ED5673B44AB8946778F4,887,934,TEXT_PAGE,TEXT_PAGE,0,TEXT_PAGE,Poppler pdftotext returned meaningful page-scoped text; source_page=19 uses 1-based numbering.,PASS
CUMCM-2025-A-A066,20,2025年数学建模国赛真题+优秀论文/2025数学建模国赛优秀论文/A066.pdf,9C14EAB19304FE45A36E45A965FA740E2636690630ECD8528335D4E4AEC3E2D4,derived/pilot/pdf_ocr/2025/A066.readable.pdf,DE5A8EFC16F27962652645721EA0C799603DA93CEAD0ED5673B44AB8946778F4,1351,1391,TEXT_PAGE,TEXT_PAGE,0,TEXT_PAGE,Poppler pdftotext returned meaningful page-scoped text; source_page=20 uses 1-based numbering.,PASS
CUMCM-2025-A-A066,21,2025年数学建模国赛真题+优秀论文/2025数学建模国赛优秀论文/A066.pdf,9C14EAB19304FE45A36E45A965FA740E2636690630ECD8528335D4E4AEC3E2D4,derived/pilot/pdf_ocr/2025/A066.readable.pdf,DE5A8EFC16F27962652645721EA0C799603DA93CEAD0ED5673B44AB8946778F4,836,878,TEXT_PAGE,TEXT_PAGE,0,TEXT_PAGE,Poppler pdftotext returned meaningful page-scoped text; source_page=21 uses 1-based numbering.,PASS
CUMCM-2025-A-A066,22,2025年数学建模国赛真题+优秀论文/2025数学建模国赛优秀论文/A066.pdf,9C14EAB19304FE45A36E45A965FA740E2636690630ECD8528335D4E4AEC3E2D4,derived/pilot/pdf_ocr/2025/A066.readable.pdf,DE5A8EFC16F27962652645721EA0C799603DA93CEAD0ED5673B44AB8946778F4,657,723,TEXT_PAGE,TEXT_PAGE,0,TEXT_PAGE,Poppler pdftotext returned meaningful page-scoped text; source_page=22 uses 1-based numbering.,PASS
CUMCM-2025-A-A066,23,2025年数学建模国赛真题+优秀论文/2025数学建模国赛优秀论文/A066.pdf,9C14EAB19304FE45A36E45A965FA740E2636690630ECD8528335D4E4AEC3E2D4,derived/pilot/pdf_ocr/2025/A066.readable.pdf,DE5A8EFC16F27962652645721EA0C799603DA93CEAD0ED5673B44AB8946778F4,361,409,TEXT_PAGE,TEXT_PAGE,0,TEXT_PAGE,Poppler pdftotext returned meaningful page-scoped text; source_page=23 uses 1-based numbering.,PASS
CUMCM-2025-A-A066,24,2025年数学建模国赛真题+优秀论文/2025数学建模国赛优秀论文/A066.pdf,9C14EAB19304FE45A36E45A965FA740E2636690630ECD8528335D4E4AEC3E2D4,derived/pilot/pdf_ocr/2025/A066.readable.pdf,DE5A8EFC16F27962652645721EA0C799603DA93CEAD0ED5673B44AB8946778F4,718,716,TEXT_PAGE,TEXT_PAGE,0,TEXT_PAGE,Poppler pdftotext returned meaningful page-scoped text; source_page=24 uses 1-based numbering.,PASS
CUMCM-2025-A-A066,25,2025年数学建模国赛真题+优秀论文/2025数学建模国赛优秀论文/A066.pdf,9C14EAB19304FE45A36E45A965FA740E2636690630ECD8528335D4E4AEC3E2D4,derived/pilot/pdf_ocr/2025/A066.readable.pdf,DE5A8EFC16F27962652645721EA0C799603DA93CEAD0ED5673B44AB8946778F4,803,840,TEXT_PAGE,TEXT_PAGE,0,TEXT_PAGE,Poppler pdftotext returned meaningful page-scoped text; source_page=25 uses 1-based numbering.,PASS
CUMCM-2025-A-A066,26,2025年数学建模国赛真题+优秀论文/2025数学建模国赛优秀论文/A066.pdf,9C14EAB19304FE45A36E45A965FA740E2636690630ECD8528335D4E4AEC3E2D4,derived/pilot/pdf_ocr/2025/A066.readable.pdf,DE5A8EFC16F27962652645721EA0C799603DA93CEAD0ED5673B44AB8946778F4,1247,1193,TEXT_PAGE,TEXT_PAGE,0,TEXT_PAGE,Poppler pdftotext returned meaningful page-scoped text; source_page=26 uses 1-based numbering.,PASS
CUMCM-2025-A-A066,27,2025年数学建模国赛真题+优秀论文/2025数学建模国赛优秀论文/A066.pdf,9C14EAB19304FE45A36E45A965FA740E2636690630ECD8528335D4E4AEC3E2D4,derived/pilot/pdf_ocr/2025/A066.readable.pdf,DE5A8EFC16F27962652645721EA0C799603DA93CEAD0ED5673B44AB8946778F4,1294,1381,TEXT_PAGE,TEXT_PAGE,0,TEXT_PAGE,Poppler pdftotext returned meaningful page-scoped text; source_page=27 uses 1-based numbering.,PASS
CUMCM-2025-A-A066,28,2025年数学建模国赛真题+优秀论文/2025数学建模国赛优秀论文/A066.pdf,9C14EAB19304FE45A36E45A965FA740E2636690630ECD8528335D4E4AEC3E2D4,derived/pilot/pdf_ocr/2025/A066.readable.pdf,DE5A8EFC16F27962652645721EA0C799603DA93CEAD0ED5673B44AB8946778F4,1300,1361,TEXT_PAGE,TEXT_PAGE,0,TEXT_PAGE,Poppler pdftotext returned meaningful page-scoped text; source_page=28 uses 1-based numbering.,PASS
CUMCM-2025-A-A066,29,2025年数学建模国赛真题+优秀论文/2025数学建模国赛优秀论文/A066.pdf,9C14EAB19304FE45A36E45A965FA740E2636690630ECD8528335D4E4AEC3E2D4,derived/pilot/pdf_ocr/2025/A066.readable.pdf,DE5A8EFC16F27962652645721EA0C799603DA93CEAD0ED5673B44AB8946778F4,973,952,TEXT_PAGE,TEXT_PAGE,0,TEXT_PAGE,Poppler pdftotext returned meaningful page-scoped text; source_page=29 uses 1-based numbering.,PASS
CUMCM-2025-A-A066,30,2025年数学建模国赛真题+优秀论文/2025数学建模国赛优秀论文/A066.pdf,9C14EAB19304FE45A36E45A965FA740E2636690630ECD8528335D4E4AEC3E2D4,derived/pilot/pdf_ocr/2025/A066.readable.pdf,DE5A8EFC16F27962652645721EA0C799603DA93CEAD0ED5673B44AB8946778F4,1252,1309,TEXT_PAGE,TEXT_PAGE,0,TEXT_PAGE,Poppler pdftotext returned meaningful page-scoped text; source_page=30 uses 1-based numbering.,PASS
CUMCM-2025-A-A066,31,2025年数学建模国赛真题+优秀论文/2025数学建模国赛优秀论文/A066.pdf,9C14EAB19304FE45A36E45A965FA740E2636690630ECD8528335D4E4AEC3E2D4,derived/pilot/pdf_ocr/2025/A066.readable.pdf,DE5A8EFC16F27962652645721EA0C799603DA93CEAD0ED5673B44AB8946778F4,1380,1361,TEXT_PAGE,TEXT_PAGE,0,TEXT_PAGE,Poppler pdftotext returned meaningful page-scoped text; source_page=31 uses 1-based numbering.,PASS
CUMCM-2025-A-A066,32,2025年数学建模国赛真题+优秀论文/2025数学建模国赛优秀论文/A066.pdf,9C14EAB19304FE45A36E45A965FA740E2636690630ECD8528335D4E4AEC3E2D4,derived/pilot/pdf_ocr/2025/A066.readable.pdf,DE5A8EFC16F27962652645721EA0C799603DA93CEAD0ED5673B44AB8946778F4,1151,1334,TEXT_PAGE,TEXT_PAGE,0,TEXT_PAGE,Poppler pdftotext returned meaningful page-scoped text; source_page=32 uses 1-based numbering.,PASS
CUMCM-2025-A-A066,33,2025年数学建模国赛真题+优秀论文/2025数学建模国赛优秀论文/A066.pdf,9C14EAB19304FE45A36E45A965FA740E2636690630ECD8528335D4E4AEC3E2D4,derived/pilot/pdf_ocr/2025/A066.readable.pdf,DE5A8EFC16F27962652645721EA0C799603DA93CEAD0ED5673B44AB8946778F4,1622,1659,TEXT_PAGE,TEXT_PAGE,0,TEXT_PAGE,Poppler pdftotext returned meaningful page-scoped text; source_page=33 uses 1-based numbering.,PASS
CUMCM-2025-A-A066,34,2025年数学建模国赛真题+优秀论文/2025数学建模国赛优秀论文/A066.pdf,9C14EAB19304FE45A36E45A965FA740E2636690630ECD8528335D4E4AEC3E2D4,derived/pilot/pdf_ocr/2025/A066.readable.pdf,DE5A8EFC16F27962652645721EA0C799603DA93CEAD0ED5673B44AB8946778F4,563,570,TEXT_PAGE,TEXT_PAGE,0,TEXT_PAGE,Poppler pdftotext returned meaningful page-scoped text; source_page=34 uses 1-based numbering.,PASS
CUMCM-2025-A-A066,35,2025年数学建模国赛真题+优秀论文/2025数学建模国赛优秀论文/A066.pdf,9C14EAB19304FE45A36E45A965FA740E2636690630ECD8528335D4E4AEC3E2D4,derived/pilot/pdf_ocr/2025/A066.readable.pdf,DE5A8EFC16F27962652645721EA0C799603DA93CEAD0ED5673B44AB8946778F4,812,817,TEXT_PAGE,TEXT_PAGE,0,TEXT_PAGE,Poppler pdftotext returned meaningful page-scoped text; source_page=35 uses 1-based numbering.,PASS
CUMCM-2025-A-A066,36,2025年数学建模国赛真题+优秀论文/2025数学建模国赛优秀论文/A066.pdf,9C14EAB19304FE45A36E45A965FA740E2636690630ECD8528335D4E4AEC3E2D4,derived/pilot/pdf_ocr/2025/A066.readable.pdf,DE5A8EFC16F27962652645721EA0C799603DA93CEAD0ED5673B44AB8946778F4,881,893,TEXT_PAGE,TEXT_PAGE,0,TEXT_PAGE,Poppler pdftotext returned meaningful page-scoped text; source_page=36 uses 1-based numbering.,PASS
CUMCM-2025-A-A066,37,2025年数学建模国赛真题+优秀论文/2025数学建模国赛优秀论文/A066.pdf,9C14EAB19304FE45A36E45A965FA740E2636690630ECD8528335D4E4AEC3E2D4,derived/pilot/pdf_ocr/2025/A066.readable.pdf,DE5A8EFC16F27962652645721EA0C799603DA93CEAD0ED5673B44AB8946778F4,935,944,TEXT_PAGE,TEXT_PAGE,0,TEXT_PAGE,Poppler pdftotext returned meaningful page-scoped text; source_page=37 uses 1-based numbering.,PASS
CUMCM-2025-A-A066,38,2025年数学建模国赛真题+优秀论文/2025数学建模国赛优秀论文/A066.pdf,9C14EAB19304FE45A36E45A965FA740E2636690630ECD8528335D4E4AEC3E2D4,derived/pilot/pdf_ocr/2025/A066.readable.pdf,DE5A8EFC16F27962652645721EA0C799603DA93CEAD0ED5673B44AB8946778F4,723,730,TEXT_PAGE,TEXT_PAGE,0,TEXT_PAGE,Poppler pdftotext returned meaningful page-scoped text; source_page=38 uses 1-based numbering.,PASS
CUMCM-2025-A-A066,39,2025年数学建模国赛真题+优秀论文/2025数学建模国赛优秀论文/A066.pdf,9C14EAB19304FE45A36E45A965FA740E2636690630ECD8528335D4E4AEC3E2D4,derived/pilot/pdf_ocr/2025/A066.readable.pdf,DE5A8EFC16F27962652645721EA0C799603DA93CEAD0ED5673B44AB8946778F4,772,794,TEXT_PAGE,TEXT_PAGE,0,TEXT_PAGE,Poppler pdftotext returned meaningful page-scoped text; source_page=39 uses 1-based numbering.,PASS
CUMCM-2025-A-A066,40,2025年数学建模国赛真题+优秀论文/2025数学建模国赛优秀论文/A066.pdf,9C14EAB19304FE45A36E45A965FA740E2636690630ECD8528335D4E4AEC3E2D4,derived/pilot/pdf_ocr/2025/A066.readable.pdf,DE5A8EFC16F27962652645721EA0C799603DA93CEAD0ED5673B44AB8946778F4,859,858,TEXT_PAGE,TEXT_PAGE,0,TEXT_PAGE,Poppler pdftotext returned meaningful page-scoped text; source_page=40 uses 1-based numbering.,PASS
CUMCM-2025-A-A066,41,2025年数学建模国赛真题+优秀论文/2025数学建模国赛优秀论文/A066.pdf,9C14EAB19304FE45A36E45A965FA740E2636690630ECD8528335D4E4AEC3E2D4,derived/pilot/pdf_ocr/2025/A066.readable.pdf,DE5A8EFC16F27962652645721EA0C799603DA93CEAD0ED5673B44AB8946778F4,981,991,TEXT_PAGE,TEXT_PAGE,0,TEXT_PAGE,Poppler pdftotext returned meaningful page-scoped text; source_page=41 uses 1-based numbering.,PASS
CUMCM-2025-A-A066,42,2025年数学建模国赛真题+优秀论文/2025数学建模国赛优秀论文/A066.pdf,9C14EAB19304FE45A36E45A965FA740E2636690630ECD8528335D4E4AEC3E2D4,derived/pilot/pdf_ocr/2025/A066.readable.pdf,DE5A8EFC16F27962652645721EA0C799603DA93CEAD0ED5673B44AB8946778F4,739,750,TEXT_PAGE,TEXT_PAGE,0,TEXT_PAGE,Poppler pdftotext returned meaningful page-scoped text; source_page=42 uses 1-based numbering.,PASS
CUMCM-2025-A-A066,43,2025年数学建模国赛真题+优秀论文/2025数学建模国赛优秀论文/A066.pdf,9C14EAB19304FE45A36E45A965FA740E2636690630ECD8528335D4E4AEC3E2D4,derived/pilot/pdf_ocr/2025/A066.readable.pdf,DE5A8EFC16F27962652645721EA0C799603DA93CEAD0ED5673B44AB8946778F4,689,698,TEXT_PAGE,TEXT_PAGE,0,TEXT_PAGE,Poppler pdftotext returned meaningful page-scoped text; source_page=43 uses 1-based numbering.,PASS
CUMCM-2025-A-A066,44,2025年数学建模国赛真题+优秀论文/2025数学建模国赛优秀论文/A066.pdf,9C14EAB19304FE45A36E45A965FA740E2636690630ECD8528335D4E4AEC3E2D4,derived/pilot/pdf_ocr/2025/A066.readable.pdf,DE5A8EFC16F27962652645721EA0C799603DA93CEAD0ED5673B44AB8946778F4,683,701,TEXT_PAGE,TEXT_PAGE,0,TEXT_PAGE,Poppler pdftotext returned meaningful page-scoped text; source_page=44 uses 1-based numbering.,PASS
CUMCM-2025-A-A066,45,2025年数学建模国赛真题+优秀论文/2025数学建模国赛优秀论文/A066.pdf,9C14EAB19304FE45A36E45A965FA740E2636690630ECD8528335D4E4AEC3E2D4,derived/pilot/pdf_ocr/2025/A066.readable.pdf,DE5A8EFC16F27962652645721EA0C799603DA93CEAD0ED5673B44AB8946778F4,727,758,TEXT_PAGE,TEXT_PAGE,0,TEXT_PAGE,Poppler pdftotext returned meaningful page-scoped text; source_page=45 uses 1-based numbering.,PASS
CUMCM-2025-A-A066,46,2025年数学建模国赛真题+优秀论文/2025数学建模国赛优秀论文/A066.pdf,9C14EAB19304FE45A36E45A965FA740E2636690630ECD8528335D4E4AEC3E2D4,derived/pilot/pdf_ocr/2025/A066.readable.pdf,DE5A8EFC16F27962652645721EA0C799603DA93CEAD0ED5673B44AB8946778F4,966,976,TEXT_PAGE,TEXT_PAGE,0,TEXT_PAGE,Poppler pdftotext returned meaningful page-scoped text; source_page=46 uses 1-based numbering.,PASS
CUMCM-2025-A-A066,47,2025年数学建模国赛真题+优秀论文/2025数学建模国赛优秀论文/A066.pdf,9C14EAB19304FE45A36E45A965FA740E2636690630ECD8528335D4E4AEC3E2D4,derived/pilot/pdf_ocr/2025/A066.readable.pdf,DE5A8EFC16F27962652645721EA0C799603DA93CEAD0ED5673B44AB8946778F4,857,877,TEXT_PAGE,TEXT_PAGE,0,TEXT_PAGE,Poppler pdftotext returned meaningful page-scoped text; source_page=47 uses 1-based numbering.,PASS
CUMCM-2025-A-A066,48,2025年数学建模国赛真题+优秀论文/2025数学建模国赛优秀论文/A066.pdf,9C14EAB19304FE45A36E45A965FA740E2636690630ECD8528335D4E4AEC3E2D4,derived/pilot/pdf_ocr/2025/A066.readable.pdf,DE5A8EFC16F27962652645721EA0C799603DA93CEAD0ED5673B44AB8946778F4,1027,1032,TEXT_PAGE,TEXT_PAGE,0,TEXT_PAGE,Poppler pdftotext returned meaningful page-scoped text; source_page=48 uses 1-based numbering.,PASS
CUMCM-2025-A-A066,49,2025年数学建模国赛真题+优秀论文/2025数学建模国赛优秀论文/A066.pdf,9C14EAB19304FE45A36E45A965FA740E2636690630ECD8528335D4E4AEC3E2D4,derived/pilot/pdf_ocr/2025/A066.readable.pdf,DE5A8EFC16F27962652645721EA0C799603DA93CEAD0ED5673B44AB8946778F4,696,729,TEXT_PAGE,TEXT_PAGE,0,TEXT_PAGE,Poppler pdftotext returned meaningful page-scoped text; source_page=49 uses 1-based numbering.,PASS
CUMCM-2025-A-A066,50,2025年数学建模国赛真题+优秀论文/2025数学建模国赛优秀论文/A066.pdf,9C14EAB19304FE45A36E45A965FA740E2636690630ECD8528335D4E4AEC3E2D4,derived/pilot/pdf_ocr/2025/A066.readable.pdf,DE5A8EFC16F27962652645721EA0C799603DA93CEAD0ED5673B44AB8946778F4,585,589,TEXT_PAGE,TEXT_PAGE,0,TEXT_PAGE,Poppler pdftotext returned meaningful page-scoped text; source_page=50 uses 1-based numbering.,PASS
CUMCM-2025-A-A066,51,2025年数学建模国赛真题+优秀论文/2025数学建模国赛优秀论文/A066.pdf,9C14EAB19304FE45A36E45A965FA740E2636690630ECD8528335D4E4AEC3E2D4,derived/pilot/pdf_ocr/2025/A066.readable.pdf,DE5A8EFC16F27962652645721EA0C799603DA93CEAD0ED5673B44AB8946778F4,792,783,TEXT_PAGE,TEXT_PAGE,0,TEXT_PAGE,Poppler pdftotext returned meaningful page-scoped text; source_page=51 uses 1-based numbering.,PASS
CUMCM-2025-A-A066,52,2025年数学建模国赛真题+优秀论文/2025数学建模国赛优秀论文/A066.pdf,9C14EAB19304FE45A36E45A965FA740E2636690630ECD8528335D4E4AEC3E2D4,derived/pilot/pdf_ocr/2025/A066.readable.pdf,DE5A8EFC16F27962652645721EA0C799603DA93CEAD0ED5673B44AB8946778F4,1228,1217,TEXT_PAGE,TEXT_PAGE,0,TEXT_PAGE,Poppler pdftotext returned meaningful page-scoped text; source_page=52 uses 1-based numbering.,PASS
CUMCM-2025-A-A066,53,2025年数学建模国赛真题+优秀论文/2025数学建模国赛优秀论文/A066.pdf,9C14EAB19304FE45A36E45A965FA740E2636690630ECD8528335D4E4AEC3E2D4,derived/pilot/pdf_ocr/2025/A066.readable.pdf,DE5A8EFC16F27962652645721EA0C799603DA93CEAD0ED5673B44AB8946778F4,809,813,TEXT_PAGE,TEXT_PAGE,0,TEXT_PAGE,Poppler pdftotext returned meaningful page-scoped text; source_page=53 uses 1-based numbering.,PASS
CUMCM-2025-A-A066,54,2025年数学建模国赛真题+优秀论文/2025数学建模国赛优秀论文/A066.pdf,9C14EAB19304FE45A36E45A965FA740E2636690630ECD8528335D4E4AEC3E2D4,derived/pilot/pdf_ocr/2025/A066.readable.pdf,DE5A8EFC16F27962652645721EA0C799603DA93CEAD0ED5673B44AB8946778F4,716,727,TEXT_PAGE,TEXT_PAGE,0,TEXT_PAGE,Poppler pdftotext returned meaningful page-scoped text; source_page=54 uses 1-based numbering.,PASS
CUMCM-2025-A-A066,55,2025年数学建模国赛真题+优秀论文/2025数学建模国赛优秀论文/A066.pdf,9C14EAB19304FE45A36E45A965FA740E2636690630ECD8528335D4E4AEC3E2D4,derived/pilot/pdf_ocr/2025/A066.readable.pdf,DE5A8EFC16F27962652645721EA0C799603DA93CEAD0ED5673B44AB8946778F4,895,909,TEXT_PAGE,TEXT_PAGE,0,TEXT_PAGE,Poppler pdftotext returned meaningful page-scoped text; source_page=55 uses 1-based numbering.,PASS
CUMCM-2025-A-A066,56,2025年数学建模国赛真题+优秀论文/2025数学建模国赛优秀论文/A066.pdf,9C14EAB19304FE45A36E45A965FA740E2636690630ECD8528335D4E4AEC3E2D4,derived/pilot/pdf_ocr/2025/A066.readable.pdf,DE5A8EFC16F27962652645721EA0C799603DA93CEAD0ED5673B44AB8946778F4,996,1003,TEXT_PAGE,TEXT_PAGE,0,TEXT_PAGE,Poppler pdftotext returned meaningful page-scoped text; source_page=56 uses 1-based numbering.,PASS
CUMCM-2025-A-A066,57,2025年数学建模国赛真题+优秀论文/2025数学建模国赛优秀论文/A066.pdf,9C14EAB19304FE45A36E45A965FA740E2636690630ECD8528335D4E4AEC3E2D4,derived/pilot/pdf_ocr/2025/A066.readable.pdf,DE5A8EFC16F27962652645721EA0C799603DA93CEAD0ED5673B44AB8946778F4,1028,1032,TEXT_PAGE,TEXT_PAGE,0,TEXT_PAGE,Poppler pdftotext returned meaningful page-scoped text; source_page=57 uses 1-based numbering.,PASS
CUMCM-2025-A-A066,58,2025年数学建模国赛真题+优秀论文/2025数学建模国赛优秀论文/A066.pdf,9C14EAB19304FE45A36E45A965FA740E2636690630ECD8528335D4E4AEC3E2D4,derived/pilot/pdf_ocr/2025/A066.readable.pdf,DE5A8EFC16F27962652645721EA0C799603DA93CEAD0ED5673B44AB8946778F4,1129,1130,TEXT_PAGE,TEXT_PAGE,0,TEXT_PAGE,Poppler pdftotext returned meaningful page-scoped text; source_page=58 uses 1-based numbering.,PASS
CUMCM-2025-A-A066,59,2025年数学建模国赛真题+优秀论文/2025数学建模国赛优秀论文/A066.pdf,9C14EAB19304FE45A36E45A965FA740E2636690630ECD8528335D4E4AEC3E2D4,derived/pilot/pdf_ocr/2025/A066.readable.pdf,DE5A8EFC16F27962652645721EA0C799603DA93CEAD0ED5673B44AB8946778F4,1060,1063,TEXT_PAGE,TEXT_PAGE,0,TEXT_PAGE,Poppler pdftotext returned meaningful page-scoped text; source_page=59 uses 1-based numbering.,PASS
CUMCM-2025-A-A066,60,2025年数学建模国赛真题+优秀论文/2025数学建模国赛优秀论文/A066.pdf,9C14EAB19304FE45A36E45A965FA740E2636690630ECD8528335D4E4AEC3E2D4,derived/pilot/pdf_ocr/2025/A066.readable.pdf,DE5A8EFC16F27962652645721EA0C799603DA93CEAD0ED5673B44AB8946778F4,683,701,TEXT_PAGE,TEXT_PAGE,0,TEXT_PAGE,Poppler pdftotext returned meaningful page-scoped text; source_page=60 uses 1-based numbering.,PASS
CUMCM-2025-A-A066,61,2025年数学建模国赛真题+优秀论文/2025数学建模国赛优秀论文/A066.pdf,9C14EAB19304FE45A36E45A965FA740E2636690630ECD8528335D4E4AEC3E2D4,derived/pilot/pdf_ocr/2025/A066.readable.pdf,DE5A8EFC16F27962652645721EA0C799603DA93CEAD0ED5673B44AB8946778F4,755,742,TEXT_PAGE,TEXT_PAGE,0,TEXT_PAGE,Poppler pdftotext returned meaningful page-scoped text; source_page=61 uses 1-based numbering.,PASS
CUMCM-2025-A-A066,62,2025年数学建模国赛真题+优秀论文/2025数学建模国赛优秀论文/A066.pdf,9C14EAB19304FE45A36E45A965FA740E2636690630ECD8528335D4E4AEC3E2D4,derived/pilot/pdf_ocr/2025/A066.readable.pdf,DE5A8EFC16F27962652645721EA0C799603DA93CEAD0ED5673B44AB8946778F4,935,952,TEXT_PAGE,TEXT_PAGE,0,TEXT_PAGE,Poppler pdftotext returned meaningful page-scoped text; source_page=62 uses 1-based numbering.,PASS
CUMCM-2025-A-A066,63,2025年数学建模国赛真题+优秀论文/2025数学建模国赛优秀论文/A066.pdf,9C14EAB19304FE45A36E45A965FA740E2636690630ECD8528335D4E4AEC3E2D4,derived/pilot/pdf_ocr/2025/A066.readable.pdf,DE5A8EFC16F27962652645721EA0C799603DA93CEAD0ED5673B44AB8946778F4,1018,1018,TEXT_PAGE,TEXT_PAGE,0,TEXT_PAGE,Poppler pdftotext returned meaningful page-scoped text; source_page=63 uses 1-based numbering.,PASS
CUMCM-2025-A-A066,64,2025年数学建模国赛真题+优秀论文/2025数学建模国赛优秀论文/A066.pdf,9C14EAB19304FE45A36E45A965FA740E2636690630ECD8528335D4E4AEC3E2D4,derived/pilot/pdf_ocr/2025/A066.readable.pdf,DE5A8EFC16F27962652645721EA0C799603DA93CEAD0ED5673B44AB8946778F4,932,939,TEXT_PAGE,TEXT_PAGE,0,TEXT_PAGE,Poppler pdftotext returned meaningful page-scoped text; source_page=64 uses 1-based numbering.,PASS
CUMCM-2025-A-A066,65,2025年数学建模国赛真题+优秀论文/2025数学建模国赛优秀论文/A066.pdf,9C14EAB19304FE45A36E45A965FA740E2636690630ECD8528335D4E4AEC3E2D4,derived/pilot/pdf_ocr/2025/A066.readable.pdf,DE5A8EFC16F27962652645721EA0C799603DA93CEAD0ED5673B44AB8946778F4,891,945,TEXT_PAGE,TEXT_PAGE,0,TEXT_PAGE,Poppler pdftotext returned meaningful page-scoped text; source_page=65 uses 1-based numbering.,PASS
CUMCM-2025-A-A066,66,2025年数学建模国赛真题+优秀论文/2025数学建模国赛优秀论文/A066.pdf,9C14EAB19304FE45A36E45A965FA740E2636690630ECD8528335D4E4AEC3E2D4,derived/pilot/pdf_ocr/2025/A066.readable.pdf,DE5A8EFC16F27962652645721EA0C799603DA93CEAD0ED5673B44AB8946778F4,792,812,TEXT_PAGE,TEXT_PAGE,0,TEXT_PAGE,Poppler pdftotext returned meaningful page-scoped text; source_page=66 uses 1-based numbering.,PASS
CUMCM-2025-A-A066,67,2025年数学建模国赛真题+优秀论文/2025数学建模国赛优秀论文/A066.pdf,9C14EAB19304FE45A36E45A965FA740E2636690630ECD8528335D4E4AEC3E2D4,derived/pilot/pdf_ocr/2025/A066.readable.pdf,DE5A8EFC16F27962652645721EA0C799603DA93CEAD0ED5673B44AB8946778F4,1174,1250,TEXT_PAGE,TEXT_PAGE,0,TEXT_PAGE,Poppler pdftotext returned meaningful page-scoped text; source_page=67 uses 1-based numbering.,PASS
CUMCM-2025-A-A066,68,2025年数学建模国赛真题+优秀论文/2025数学建模国赛优秀论文/A066.pdf,9C14EAB19304FE45A36E45A965FA740E2636690630ECD8528335D4E4AEC3E2D4,derived/pilot/pdf_ocr/2025/A066.readable.pdf,DE5A8EFC16F27962652645721EA0C799603DA93CEAD0ED5673B44AB8946778F4,1178,1214,TEXT_PAGE,TEXT_PAGE,0,TEXT_PAGE,Poppler pdftotext returned meaningful page-scoped text; source_page=68 uses 1-based numbering.,PASS
CUMCM-2025-A-A066,69,2025年数学建模国赛真题+优秀论文/2025数学建模国赛优秀论文/A066.pdf,9C14EAB19304FE45A36E45A965FA740E2636690630ECD8528335D4E4AEC3E2D4,derived/pilot/pdf_ocr/2025/A066.readable.pdf,DE5A8EFC16F27962652645721EA0C799603DA93CEAD0ED5673B44AB8946778F4,909,915,TEXT_PAGE,TEXT_PAGE,0,TEXT_PAGE,Poppler pdftotext returned meaningful page-scoped text; source_page=69 uses 1-based numbering.,PASS
CUMCM-2025-A-A066,70,2025年数学建模国赛真题+优秀论文/2025数学建模国赛优秀论文/A066.pdf,9C14EAB19304FE45A36E45A965FA740E2636690630ECD8528335D4E4AEC3E2D4,derived/pilot/pdf_ocr/2025/A066.readable.pdf,DE5A8EFC16F27962652645721EA0C799603DA93CEAD0ED5673B44AB8946778F4,707,700,TEXT_PAGE,TEXT_PAGE,0,TEXT_PAGE,Poppler pdftotext returned meaningful page-scoped text; source_page=70 uses 1-based numbering.,PASS
CUMCM-2025-A-A066,71,2025年数学建模国赛真题+优秀论文/2025数学建模国赛优秀论文/A066.pdf,9C14EAB19304FE45A36E45A965FA740E2636690630ECD8528335D4E4AEC3E2D4,derived/pilot/pdf_ocr/2025/A066.readable.pdf,DE5A8EFC16F27962652645721EA0C799603DA93CEAD0ED5673B44AB8946778F4,1188,1178,TEXT_PAGE,TEXT_PAGE,0,TEXT_PAGE,Poppler pdftotext returned meaningful page-scoped text; source_page=71 uses 1-based numbering.,PASS
CUMCM-2025-A-A066,72,2025年数学建模国赛真题+优秀论文/2025数学建模国赛优秀论文/A066.pdf,9C14EAB19304FE45A36E45A965FA740E2636690630ECD8528335D4E4AEC3E2D4,derived/pilot/pdf_ocr/2025/A066.readable.pdf,DE5A8EFC16F27962652645721EA0C799603DA93CEAD0ED5673B44AB8946778F4,1061,1060,TEXT_PAGE,TEXT_PAGE,0,TEXT_PAGE,Poppler pdftotext returned meaningful page-scoped text; source_page=72 uses 1-based numbering.,PASS
CUMCM-2025-A-A066,73,2025年数学建模国赛真题+优秀论文/2025数学建模国赛优秀论文/A066.pdf,9C14EAB19304FE45A36E45A965FA740E2636690630ECD8528335D4E4AEC3E2D4,derived/pilot/pdf_ocr/2025/A066.readable.pdf,DE5A8EFC16F27962652645721EA0C799603DA93CEAD0ED5673B44AB8946778F4,1014,1019,TEXT_PAGE,TEXT_PAGE,0,TEXT_PAGE,Poppler pdftotext returned meaningful page-scoped text; source_page=73 uses 1-based numbering.,PASS
CUMCM-2025-A-A066,74,2025年数学建模国赛真题+优秀论文/2025数学建模国赛优秀论文/A066.pdf,9C14EAB19304FE45A36E45A965FA740E2636690630ECD8528335D4E4AEC3E2D4,derived/pilot/pdf_ocr/2025/A066.readable.pdf,DE5A8EFC16F27962652645721EA0C799603DA93CEAD0ED5673B44AB8946778F4,1249,1233,TEXT_PAGE,TEXT_PAGE,0,TEXT_PAGE,Poppler pdftotext returned meaningful page-scoped text; source_page=74 uses 1-based numbering.,PASS
CUMCM-2025-A-A066,75,2025年数学建模国赛真题+优秀论文/2025数学建模国赛优秀论文/A066.pdf,9C14EAB19304FE45A36E45A965FA740E2636690630ECD8528335D4E4AEC3E2D4,derived/pilot/pdf_ocr/2025/A066.readable.pdf,DE5A8EFC16F27962652645721EA0C799603DA93CEAD0ED5673B44AB8946778F4,1239,1213,TEXT_PAGE,TEXT_PAGE,0,TEXT_PAGE,Poppler pdftotext returned meaningful page-scoped text; source_page=75 uses 1-based numbering.,PASS
CUMCM-2025-A-A066,76,2025年数学建模国赛真题+优秀论文/2025数学建模国赛优秀论文/A066.pdf,9C14EAB19304FE45A36E45A965FA740E2636690630ECD8528335D4E4AEC3E2D4,derived/pilot/pdf_ocr/2025/A066.readable.pdf,DE5A8EFC16F27962652645721EA0C799603DA93CEAD0ED5673B44AB8946778F4,1303,1310,TEXT_PAGE,TEXT_PAGE,0,TEXT_PAGE,Poppler pdftotext returned meaningful page-scoped text; source_page=76 uses 1-based numbering.,PASS
CUMCM-2025-A-A066,77,2025年数学建模国赛真题+优秀论文/2025数学建模国赛优秀论文/A066.pdf,9C14EAB19304FE45A36E45A965FA740E2636690630ECD8528335D4E4AEC3E2D4,derived/pilot/pdf_ocr/2025/A066.readable.pdf,DE5A8EFC16F27962652645721EA0C799603DA93CEAD0ED5673B44AB8946778F4,791,798,TEXT_PAGE,TEXT_PAGE,0,TEXT_PAGE,Poppler pdftotext returned meaningful page-scoped text; source_page=77 uses 1-based numbering.,PASS
CUMCM-2025-A-A066,78,2025年数学建模国赛真题+优秀论文/2025数学建模国赛优秀论文/A066.pdf,9C14EAB19304FE45A36E45A965FA740E2636690630ECD8528335D4E4AEC3E2D4,derived/pilot/pdf_ocr/2025/A066.readable.pdf,DE5A8EFC16F27962652645721EA0C799603DA93CEAD0ED5673B44AB8946778F4,1004,1057,TEXT_PAGE,TEXT_PAGE,0,TEXT_PAGE,Poppler pdftotext returned meaningful page-scoped text; source_page=78 uses 1-based numbering.,PASS
CUMCM-2025-A-A066,79,2025年数学建模国赛真题+优秀论文/2025数学建模国赛优秀论文/A066.pdf,9C14EAB19304FE45A36E45A965FA740E2636690630ECD8528335D4E4AEC3E2D4,derived/pilot/pdf_ocr/2025/A066.readable.pdf,DE5A8EFC16F27962652645721EA0C799603DA93CEAD0ED5673B44AB8946778F4,972,970,TEXT_PAGE,TEXT_PAGE,0,TEXT_PAGE,Poppler pdftotext returned meaningful page-scoped text; source_page=79 uses 1-based numbering.,PASS
CUMCM-2025-A-A066,80,2025年数学建模国赛真题+优秀论文/2025数学建模国赛优秀论文/A066.pdf,9C14EAB19304FE45A36E45A965FA740E2636690630ECD8528335D4E4AEC3E2D4,derived/pilot/pdf_ocr/2025/A066.readable.pdf,DE5A8EFC16F27962652645721EA0C799603DA93CEAD0ED5673B44AB8946778F4,962,954,TEXT_PAGE,TEXT_PAGE,0,TEXT_PAGE,Poppler pdftotext returned meaningful page-scoped text; source_page=80 uses 1-based numbering.,PASS
CUMCM-2025-A-A066,81,2025年数学建模国赛真题+优秀论文/2025数学建模国赛优秀论文/A066.pdf,9C14EAB19304FE45A36E45A965FA740E2636690630ECD8528335D4E4AEC3E2D4,derived/pilot/pdf_ocr/2025/A066.readable.pdf,DE5A8EFC16F27962652645721EA0C799603DA93CEAD0ED5673B44AB8946778F4,963,961,TEXT_PAGE,TEXT_PAGE,0,TEXT_PAGE,Poppler pdftotext returned meaningful page-scoped text; source_page=81 uses 1-based numbering.,PASS
CUMCM-2025-A-A066,82,2025年数学建模国赛真题+优秀论文/2025数学建模国赛优秀论文/A066.pdf,9C14EAB19304FE45A36E45A965FA740E2636690630ECD8528335D4E4AEC3E2D4,derived/pilot/pdf_ocr/2025/A066.readable.pdf,DE5A8EFC16F27962652645721EA0C799603DA93CEAD0ED5673B44AB8946778F4,1011,1015,TEXT_PAGE,TEXT_PAGE,0,TEXT_PAGE,Poppler pdftotext returned meaningful page-scoped text; source_page=82 uses 1-based numbering.,PASS
CUMCM-2025-A-A066,83,2025年数学建模国赛真题+优秀论文/2025数学建模国赛优秀论文/A066.pdf,9C14EAB19304FE45A36E45A965FA740E2636690630ECD8528335D4E4AEC3E2D4,derived/pilot/pdf_ocr/2025/A066.readable.pdf,DE5A8EFC16F27962652645721EA0C799603DA93CEAD0ED5673B44AB8946778F4,944,945,TEXT_PAGE,TEXT_PAGE,0,TEXT_PAGE,Poppler pdftotext returned meaningful page-scoped text; source_page=83 uses 1-based numbering.,PASS
CUMCM-2025-A-A066,84,2025年数学建模国赛真题+优秀论文/2025数学建模国赛优秀论文/A066.pdf,9C14EAB19304FE45A36E45A965FA740E2636690630ECD8528335D4E4AEC3E2D4,derived/pilot/pdf_ocr/2025/A066.readable.pdf,DE5A8EFC16F27962652645721EA0C799603DA93CEAD0ED5673B44AB8946778F4,917,939,TEXT_PAGE,TEXT_PAGE,0,TEXT_PAGE,Poppler pdftotext returned meaningful page-scoped text; source_page=84 uses 1-based numbering.,PASS
CUMCM-2025-A-A066,85,2025年数学建模国赛真题+优秀论文/2025数学建模国赛优秀论文/A066.pdf,9C14EAB19304FE45A36E45A965FA740E2636690630ECD8528335D4E4AEC3E2D4,derived/pilot/pdf_ocr/2025/A066.readable.pdf,DE5A8EFC16F27962652645721EA0C799603DA93CEAD0ED5673B44AB8946778F4,1260,1282,TEXT_PAGE,TEXT_PAGE,0,TEXT_PAGE,Poppler pdftotext returned meaningful page-scoped text; source_page=85 uses 1-based numbering.,PASS
CUMCM-2025-A-A066,86,2025年数学建模国赛真题+优秀论文/2025数学建模国赛优秀论文/A066.pdf,9C14EAB19304FE45A36E45A965FA740E2636690630ECD8528335D4E4AEC3E2D4,derived/pilot/pdf_ocr/2025/A066.readable.pdf,DE5A8EFC16F27962652645721EA0C799603DA93CEAD0ED5673B44AB8946778F4,77,76,TEXT_PAGE,TEXT_PAGE,0,TEXT_PAGE,Poppler pdftotext returned meaningful page-scoped text; source_page=86 uses 1-based numbering.,PASS
CUMCM-2025-A-A196,1,2025年数学建模国赛真题+优秀论文/2025数学建模国赛优秀论文/A196.pdf,B5FB5FE4B2D06998BC85BB9276CF16AFC1755913D91F18C01D5209F8F13ADA92,derived/pilot/pdf_ocr/2025/A196.readable.pdf,A210D5CD5D45005F95875E843D236AD67229AB85FBF2B0D070CD5EDF8DC93F4A,2400,2271,TEXT_PAGE,TEXT_PAGE,0,TEXT_PAGE,Poppler pdftotext returned meaningful page-scoped text; source_page=1 uses 1-based numbering.,PASS
CUMCM-2025-A-A196,2,2025年数学建模国赛真题+优秀论文/2025数学建模国赛优秀论文/A196.pdf,B5FB5FE4B2D06998BC85BB9276CF16AFC1755913D91F18C01D5209F8F13ADA92,derived/pilot/pdf_ocr/2025/A196.readable.pdf,A210D5CD5D45005F95875E843D236AD67229AB85FBF2B0D070CD5EDF8DC93F4A,1189,1190,TEXT_PAGE,TEXT_PAGE,0,TEXT_PAGE,Poppler pdftotext returned meaningful page-scoped text; source_page=2 uses 1-based numbering.,PASS
CUMCM-2025-A-A196,3,2025年数学建模国赛真题+优秀论文/2025数学建模国赛优秀论文/A196.pdf,B5FB5FE4B2D06998BC85BB9276CF16AFC1755913D91F18C01D5209F8F13ADA92,derived/pilot/pdf_ocr/2025/A196.readable.pdf,A210D5CD5D45005F95875E843D236AD67229AB85FBF2B0D070CD5EDF8DC93F4A,1365,1323,TEXT_PAGE,TEXT_PAGE,0,TEXT_PAGE,Poppler pdftotext returned meaningful page-scoped text; source_page=3 uses 1-based numbering.,PASS
CUMCM-2025-A-A196,4,2025年数学建模国赛真题+优秀论文/2025数学建模国赛优秀论文/A196.pdf,B5FB5FE4B2D06998BC85BB9276CF16AFC1755913D91F18C01D5209F8F13ADA92,derived/pilot/pdf_ocr/2025/A196.readable.pdf,A210D5CD5D45005F95875E843D236AD67229AB85FBF2B0D070CD5EDF8DC93F4A,1073,1069,TEXT_PAGE,TEXT_PAGE,0,TEXT_PAGE,Poppler pdftotext returned meaningful page-scoped text; source_page=4 uses 1-based numbering.,PASS
CUMCM-2025-A-A196,5,2025年数学建模国赛真题+优秀论文/2025数学建模国赛优秀论文/A196.pdf,B5FB5FE4B2D06998BC85BB9276CF16AFC1755913D91F18C01D5209F8F13ADA92,derived/pilot/pdf_ocr/2025/A196.readable.pdf,A210D5CD5D45005F95875E843D236AD67229AB85FBF2B0D070CD5EDF8DC93F4A,947,912,TEXT_PAGE,TEXT_PAGE,0,TEXT_PAGE,Poppler pdftotext returned meaningful page-scoped text; source_page=5 uses 1-based numbering.,PASS
CUMCM-2025-A-A196,6,2025年数学建模国赛真题+优秀论文/2025数学建模国赛优秀论文/A196.pdf,B5FB5FE4B2D06998BC85BB9276CF16AFC1755913D91F18C01D5209F8F13ADA92,derived/pilot/pdf_ocr/2025/A196.readable.pdf,A210D5CD5D45005F95875E843D236AD67229AB85FBF2B0D070CD5EDF8DC93F4A,1444,1398,TEXT_PAGE,TEXT_PAGE,0,TEXT_PAGE,Poppler pdftotext returned meaningful page-scoped text; source_page=6 uses 1-based numbering.,PASS
CUMCM-2025-A-A196,7,2025年数学建模国赛真题+优秀论文/2025数学建模国赛优秀论文/A196.pdf,B5FB5FE4B2D06998BC85BB9276CF16AFC1755913D91F18C01D5209F8F13ADA92,derived/pilot/pdf_ocr/2025/A196.readable.pdf,A210D5CD5D45005F95875E843D236AD67229AB85FBF2B0D070CD5EDF8DC93F4A,1415,1423,TEXT_PAGE,TEXT_PAGE,0,TEXT_PAGE,Poppler pdftotext returned meaningful page-scoped text; source_page=7 uses 1-based numbering.,PASS
CUMCM-2025-A-A196,8,2025年数学建模国赛真题+优秀论文/2025数学建模国赛优秀论文/A196.pdf,B5FB5FE4B2D06998BC85BB9276CF16AFC1755913D91F18C01D5209F8F13ADA92,derived/pilot/pdf_ocr/2025/A196.readable.pdf,A210D5CD5D45005F95875E843D236AD67229AB85FBF2B0D070CD5EDF8DC93F4A,731,747,TEXT_PAGE,TEXT_PAGE,0,TEXT_PAGE,Poppler pdftotext returned meaningful page-scoped text; source_page=8 uses 1-based numbering.,PASS
CUMCM-2025-A-A196,9,2025年数学建模国赛真题+优秀论文/2025数学建模国赛优秀论文/A196.pdf,B5FB5FE4B2D06998BC85BB9276CF16AFC1755913D91F18C01D5209F8F13ADA92,derived/pilot/pdf_ocr/2025/A196.readable.pdf,A210D5CD5D45005F95875E843D236AD67229AB85FBF2B0D070CD5EDF8DC93F4A,1578,1539,TEXT_PAGE,TEXT_PAGE,0,TEXT_PAGE,Poppler pdftotext returned meaningful page-scoped text; source_page=9 uses 1-based numbering.,PASS
CUMCM-2025-A-A196,10,2025年数学建模国赛真题+优秀论文/2025数学建模国赛优秀论文/A196.pdf,B5FB5FE4B2D06998BC85BB9276CF16AFC1755913D91F18C01D5209F8F13ADA92,derived/pilot/pdf_ocr/2025/A196.readable.pdf,A210D5CD5D45005F95875E843D236AD67229AB85FBF2B0D070CD5EDF8DC93F4A,1331,1311,TEXT_PAGE,TEXT_PAGE,0,TEXT_PAGE,Poppler pdftotext returned meaningful page-scoped text; source_page=10 uses 1-based numbering.,PASS
CUMCM-2025-A-A196,11,2025年数学建模国赛真题+优秀论文/2025数学建模国赛优秀论文/A196.pdf,B5FB5FE4B2D06998BC85BB9276CF16AFC1755913D91F18C01D5209F8F13ADA92,derived/pilot/pdf_ocr/2025/A196.readable.pdf,A210D5CD5D45005F95875E843D236AD67229AB85FBF2B0D070CD5EDF8DC93F4A,1300,1293,TEXT_PAGE,TEXT_PAGE,0,TEXT_PAGE,Poppler pdftotext returned meaningful page-scoped text; source_page=11 uses 1-based numbering.,PASS
CUMCM-2025-A-A196,12,2025年数学建模国赛真题+优秀论文/2025数学建模国赛优秀论文/A196.pdf,B5FB5FE4B2D06998BC85BB9276CF16AFC1755913D91F18C01D5209F8F13ADA92,derived/pilot/pdf_ocr/2025/A196.readable.pdf,A210D5CD5D45005F95875E843D236AD67229AB85FBF2B0D070CD5EDF8DC93F4A,1660,1623,TEXT_PAGE,TEXT_PAGE,0,TEXT_PAGE,Poppler pdftotext returned meaningful page-scoped text; source_page=12 uses 1-based numbering.,PASS
CUMCM-2025-A-A196,13,2025年数学建模国赛真题+优秀论文/2025数学建模国赛优秀论文/A196.pdf,B5FB5FE4B2D06998BC85BB9276CF16AFC1755913D91F18C01D5209F8F13ADA92,derived/pilot/pdf_ocr/2025/A196.readable.pdf,A210D5CD5D45005F95875E843D236AD67229AB85FBF2B0D070CD5EDF8DC93F4A,926,943,TEXT_PAGE,TEXT_PAGE,0,TEXT_PAGE,Poppler pdftotext returned meaningful page-scoped text; source_page=13 uses 1-based numbering.,PASS
CUMCM-2025-A-A196,14,2025年数学建模国赛真题+优秀论文/2025数学建模国赛优秀论文/A196.pdf,B5FB5FE4B2D06998BC85BB9276CF16AFC1755913D91F18C01D5209F8F13ADA92,derived/pilot/pdf_ocr/2025/A196.readable.pdf,A210D5CD5D45005F95875E843D236AD67229AB85FBF2B0D070CD5EDF8DC93F4A,1761,1697,TEXT_PAGE,TEXT_PAGE,0,TEXT_PAGE,Poppler pdftotext returned meaningful page-scoped text; source_page=14 uses 1-based numbering.,PASS
CUMCM-2025-A-A196,15,2025年数学建模国赛真题+优秀论文/2025数学建模国赛优秀论文/A196.pdf,B5FB5FE4B2D06998BC85BB9276CF16AFC1755913D91F18C01D5209F8F13ADA92,derived/pilot/pdf_ocr/2025/A196.readable.pdf,A210D5CD5D45005F95875E843D236AD67229AB85FBF2B0D070CD5EDF8DC93F4A,1163,1185,TEXT_PAGE,TEXT_PAGE,0,TEXT_PAGE,Poppler pdftotext returned meaningful page-scoped text; source_page=15 uses 1-based numbering.,PASS
CUMCM-2025-A-A196,16,2025年数学建模国赛真题+优秀论文/2025数学建模国赛优秀论文/A196.pdf,B5FB5FE4B2D06998BC85BB9276CF16AFC1755913D91F18C01D5209F8F13ADA92,derived/pilot/pdf_ocr/2025/A196.readable.pdf,A210D5CD5D45005F95875E843D236AD67229AB85FBF2B0D070CD5EDF8DC93F4A,1630,1580,TEXT_PAGE,TEXT_PAGE,0,TEXT_PAGE,Poppler pdftotext returned meaningful page-scoped text; source_page=16 uses 1-based numbering.,PASS
CUMCM-2025-A-A196,17,2025年数学建模国赛真题+优秀论文/2025数学建模国赛优秀论文/A196.pdf,B5FB5FE4B2D06998BC85BB9276CF16AFC1755913D91F18C01D5209F8F13ADA92,derived/pilot/pdf_ocr/2025/A196.readable.pdf,A210D5CD5D45005F95875E843D236AD67229AB85FBF2B0D070CD5EDF8DC93F4A,1306,1271,TEXT_PAGE,TEXT_PAGE,0,TEXT_PAGE,Poppler pdftotext returned meaningful page-scoped text; source_page=17 uses 1-based numbering.,PASS
CUMCM-2025-A-A196,18,2025年数学建模国赛真题+优秀论文/2025数学建模国赛优秀论文/A196.pdf,B5FB5FE4B2D06998BC85BB9276CF16AFC1755913D91F18C01D5209F8F13ADA92,derived/pilot/pdf_ocr/2025/A196.readable.pdf,A210D5CD5D45005F95875E843D236AD67229AB85FBF2B0D070CD5EDF8DC93F4A,1398,1370,TEXT_PAGE,TEXT_PAGE,0,TEXT_PAGE,Poppler pdftotext returned meaningful page-scoped text; source_page=18 uses 1-based numbering.,PASS
CUMCM-2025-A-A196,19,2025年数学建模国赛真题+优秀论文/2025数学建模国赛优秀论文/A196.pdf,B5FB5FE4B2D06998BC85BB9276CF16AFC1755913D91F18C01D5209F8F13ADA92,derived/pilot/pdf_ocr/2025/A196.readable.pdf,A210D5CD5D45005F95875E843D236AD67229AB85FBF2B0D070CD5EDF8DC93F4A,1502,1437,TEXT_PAGE,TEXT_PAGE,0,TEXT_PAGE,Poppler pdftotext returned meaningful page-scoped text; source_page=19 uses 1-based numbering.,PASS
CUMCM-2025-A-A196,20,2025年数学建模国赛真题+优秀论文/2025数学建模国赛优秀论文/A196.pdf,B5FB5FE4B2D06998BC85BB9276CF16AFC1755913D91F18C01D5209F8F13ADA92,derived/pilot/pdf_ocr/2025/A196.readable.pdf,A210D5CD5D45005F95875E843D236AD67229AB85FBF2B0D070CD5EDF8DC93F4A,1627,1659,TEXT_PAGE,TEXT_PAGE,0,TEXT_PAGE,Poppler pdftotext returned meaningful page-scoped text; source_page=20 uses 1-based numbering.,PASS
CUMCM-2025-A-A196,21,2025年数学建模国赛真题+优秀论文/2025数学建模国赛优秀论文/A196.pdf,B5FB5FE4B2D06998BC85BB9276CF16AFC1755913D91F18C01D5209F8F13ADA92,derived/pilot/pdf_ocr/2025/A196.readable.pdf,A210D5CD5D45005F95875E843D236AD67229AB85FBF2B0D070CD5EDF8DC93F4A,1322,1276,TEXT_PAGE,TEXT_PAGE,0,TEXT_PAGE,Poppler pdftotext returned meaningful page-scoped text; source_page=21 uses 1-based numbering.,PASS
CUMCM-2025-A-A196,22,2025年数学建模国赛真题+优秀论文/2025数学建模国赛优秀论文/A196.pdf,B5FB5FE4B2D06998BC85BB9276CF16AFC1755913D91F18C01D5209F8F13ADA92,derived/pilot/pdf_ocr/2025/A196.readable.pdf,A210D5CD5D45005F95875E843D236AD67229AB85FBF2B0D070CD5EDF8DC93F4A,1047,1026,TEXT_PAGE,TEXT_PAGE,0,TEXT_PAGE,Poppler pdftotext returned meaningful page-scoped text; source_page=22 uses 1-based numbering.,PASS
CUMCM-2025-A-A196,23,2025年数学建模国赛真题+优秀论文/2025数学建模国赛优秀论文/A196.pdf,B5FB5FE4B2D06998BC85BB9276CF16AFC1755913D91F18C01D5209F8F13ADA92,derived/pilot/pdf_ocr/2025/A196.readable.pdf,A210D5CD5D45005F95875E843D236AD67229AB85FBF2B0D070CD5EDF8DC93F4A,864,828,TEXT_PAGE,TEXT_PAGE,0,TEXT_PAGE,Poppler pdftotext returned meaningful page-scoped text; source_page=23 uses 1-based numbering.,PASS
CUMCM-2025-A-A196,24,2025年数学建模国赛真题+优秀论文/2025数学建模国赛优秀论文/A196.pdf,B5FB5FE4B2D06998BC85BB9276CF16AFC1755913D91F18C01D5209F8F13ADA92,derived/pilot/pdf_ocr/2025/A196.readable.pdf,A210D5CD5D45005F95875E843D236AD67229AB85FBF2B0D070CD5EDF8DC93F4A,1803,1786,TEXT_PAGE,TEXT_PAGE,0,TEXT_PAGE,Poppler pdftotext returned meaningful page-scoped text; source_page=24 uses 1-based numbering.,PASS
CUMCM-2025-A-A196,25,2025年数学建模国赛真题+优秀论文/2025数学建模国赛优秀论文/A196.pdf,B5FB5FE4B2D06998BC85BB9276CF16AFC1755913D91F18C01D5209F8F13ADA92,derived/pilot/pdf_ocr/2025/A196.readable.pdf,A210D5CD5D45005F95875E843D236AD67229AB85FBF2B0D070CD5EDF8DC93F4A,998,984,TEXT_PAGE,TEXT_PAGE,0,TEXT_PAGE,Poppler pdftotext returned meaningful page-scoped text; source_page=25 uses 1-based numbering.,PASS
CUMCM-2025-A-A196,26,2025年数学建模国赛真题+优秀论文/2025数学建模国赛优秀论文/A196.pdf,B5FB5FE4B2D06998BC85BB9276CF16AFC1755913D91F18C01D5209F8F13ADA92,derived/pilot/pdf_ocr/2025/A196.readable.pdf,A210D5CD5D45005F95875E843D236AD67229AB85FBF2B0D070CD5EDF8DC93F4A,1514,1545,TEXT_PAGE,TEXT_PAGE,0,TEXT_PAGE,Poppler pdftotext returned meaningful page-scoped text; source_page=26 uses 1-based numbering.,PASS
CUMCM-2025-A-A196,27,2025年数学建模国赛真题+优秀论文/2025数学建模国赛优秀论文/A196.pdf,B5FB5FE4B2D06998BC85BB9276CF16AFC1755913D91F18C01D5209F8F13ADA92,derived/pilot/pdf_ocr/2025/A196.readable.pdf,A210D5CD5D45005F95875E843D236AD67229AB85FBF2B0D070CD5EDF8DC93F4A,1240,1259,TEXT_PAGE,TEXT_PAGE,0,TEXT_PAGE,Poppler pdftotext returned meaningful page-scoped text; source_page=27 uses 1-based numbering.,PASS
CUMCM-2025-A-A196,28,2025年数学建模国赛真题+优秀论文/2025数学建模国赛优秀论文/A196.pdf,B5FB5FE4B2D06998BC85BB9276CF16AFC1755913D91F18C01D5209F8F13ADA92,derived/pilot/pdf_ocr/2025/A196.readable.pdf,A210D5CD5D45005F95875E843D236AD67229AB85FBF2B0D070CD5EDF8DC93F4A,1738,1751,TEXT_PAGE,TEXT_PAGE,0,TEXT_PAGE,Poppler pdftotext returned meaningful page-scoped text; source_page=28 uses 1-based numbering.,PASS
CUMCM-2025-A-A196,29,2025年数学建模国赛真题+优秀论文/2025数学建模国赛优秀论文/A196.pdf,B5FB5FE4B2D06998BC85BB9276CF16AFC1755913D91F18C01D5209F8F13ADA92,derived/pilot/pdf_ocr/2025/A196.readable.pdf,A210D5CD5D45005F95875E843D236AD67229AB85FBF2B0D070CD5EDF8DC93F4A,1513,1428,TEXT_PAGE,TEXT_PAGE,0,TEXT_PAGE,Poppler pdftotext returned meaningful page-scoped text; source_page=29 uses 1-based numbering.,PASS
CUMCM-2025-A-A196,30,2025年数学建模国赛真题+优秀论文/2025数学建模国赛优秀论文/A196.pdf,B5FB5FE4B2D06998BC85BB9276CF16AFC1755913D91F18C01D5209F8F13ADA92,derived/pilot/pdf_ocr/2025/A196.readable.pdf,A210D5CD5D45005F95875E843D236AD67229AB85FBF2B0D070CD5EDF8DC93F4A,1073,1061,TEXT_PAGE,TEXT_PAGE,0,TEXT_PAGE,Poppler pdftotext returned meaningful page-scoped text; source_page=30 uses 1-based numbering.,PASS
CUMCM-2025-A-A196,31,2025年数学建模国赛真题+优秀论文/2025数学建模国赛优秀论文/A196.pdf,B5FB5FE4B2D06998BC85BB9276CF16AFC1755913D91F18C01D5209F8F13ADA92,derived/pilot/pdf_ocr/2025/A196.readable.pdf,A210D5CD5D45005F95875E843D236AD67229AB85FBF2B0D070CD5EDF8DC93F4A,1087,1128,TEXT_PAGE,TEXT_PAGE,0,TEXT_PAGE,Poppler pdftotext returned meaningful page-scoped text; source_page=31 uses 1-based numbering.,PASS
CUMCM-2025-A-A196,32,2025年数学建模国赛真题+优秀论文/2025数学建模国赛优秀论文/A196.pdf,B5FB5FE4B2D06998BC85BB9276CF16AFC1755913D91F18C01D5209F8F13ADA92,derived/pilot/pdf_ocr/2025/A196.readable.pdf,A210D5CD5D45005F95875E843D236AD67229AB85FBF2B0D070CD5EDF8DC93F4A,1599,1537,TEXT_PAGE,TEXT_PAGE,0,TEXT_PAGE,Poppler pdftotext returned meaningful page-scoped text; source_page=32 uses 1-based numbering.,PASS
CUMCM-2025-A-A196,33,2025年数学建模国赛真题+优秀论文/2025数学建模国赛优秀论文/A196.pdf,B5FB5FE4B2D06998BC85BB9276CF16AFC1755913D91F18C01D5209F8F13ADA92,derived/pilot/pdf_ocr/2025/A196.readable.pdf,A210D5CD5D45005F95875E843D236AD67229AB85FBF2B0D070CD5EDF8DC93F4A,1589,1494,TEXT_PAGE,TEXT_PAGE,0,TEXT_PAGE,Poppler pdftotext returned meaningful page-scoped text; source_page=33 uses 1-based numbering.,PASS
CUMCM-2025-A-A196,34,2025年数学建模国赛真题+优秀论文/2025数学建模国赛优秀论文/A196.pdf,B5FB5FE4B2D06998BC85BB9276CF16AFC1755913D91F18C01D5209F8F13ADA92,derived/pilot/pdf_ocr/2025/A196.readable.pdf,A210D5CD5D45005F95875E843D236AD67229AB85FBF2B0D070CD5EDF8DC93F4A,466,551,TEXT_PAGE,TEXT_PAGE,0,TEXT_PAGE,Poppler pdftotext returned meaningful page-scoped text; source_page=34 uses 1-based numbering.,PASS
CUMCM-2025-A-A196,35,2025年数学建模国赛真题+优秀论文/2025数学建模国赛优秀论文/A196.pdf,B5FB5FE4B2D06998BC85BB9276CF16AFC1755913D91F18C01D5209F8F13ADA92,derived/pilot/pdf_ocr/2025/A196.readable.pdf,A210D5CD5D45005F95875E843D236AD67229AB85FBF2B0D070CD5EDF8DC93F4A,753,817,TEXT_PAGE,TEXT_PAGE,0,TEXT_PAGE,Poppler pdftotext returned meaningful page-scoped text; source_page=35 uses 1-based numbering.,PASS
CUMCM-2025-A-A196,36,2025年数学建模国赛真题+优秀论文/2025数学建模国赛优秀论文/A196.pdf,B5FB5FE4B2D06998BC85BB9276CF16AFC1755913D91F18C01D5209F8F13ADA92,derived/pilot/pdf_ocr/2025/A196.readable.pdf,A210D5CD5D45005F95875E843D236AD67229AB85FBF2B0D070CD5EDF8DC93F4A,1120,1187,TEXT_PAGE,TEXT_PAGE,0,TEXT_PAGE,Poppler pdftotext returned meaningful page-scoped text; source_page=36 uses 1-based numbering.,PASS
CUMCM-2025-A-A196,37,2025年数学建模国赛真题+优秀论文/2025数学建模国赛优秀论文/A196.pdf,B5FB5FE4B2D06998BC85BB9276CF16AFC1755913D91F18C01D5209F8F13ADA92,derived/pilot/pdf_ocr/2025/A196.readable.pdf,A210D5CD5D45005F95875E843D236AD67229AB85FBF2B0D070CD5EDF8DC93F4A,1131,1167,TEXT_PAGE,TEXT_PAGE,0,TEXT_PAGE,Poppler pdftotext returned meaningful page-scoped text; source_page=37 uses 1-based numbering.,PASS
CUMCM-2025-A-A196,38,2025年数学建模国赛真题+优秀论文/2025数学建模国赛优秀论文/A196.pdf,B5FB5FE4B2D06998BC85BB9276CF16AFC1755913D91F18C01D5209F8F13ADA92,derived/pilot/pdf_ocr/2025/A196.readable.pdf,A210D5CD5D45005F95875E843D236AD67229AB85FBF2B0D070CD5EDF8DC93F4A,1134,1156,TEXT_PAGE,TEXT_PAGE,0,TEXT_PAGE,Poppler pdftotext returned meaningful page-scoped text; source_page=38 uses 1-based numbering.,PASS
CUMCM-2025-A-A196,39,2025年数学建模国赛真题+优秀论文/2025数学建模国赛优秀论文/A196.pdf,B5FB5FE4B2D06998BC85BB9276CF16AFC1755913D91F18C01D5209F8F13ADA92,derived/pilot/pdf_ocr/2025/A196.readable.pdf,A210D5CD5D45005F95875E843D236AD67229AB85FBF2B0D070CD5EDF8DC93F4A,974,1028,TEXT_PAGE,TEXT_PAGE,0,TEXT_PAGE,Poppler pdftotext returned meaningful page-scoped text; source_page=39 uses 1-based numbering.,PASS
CUMCM-2025-A-A196,40,2025年数学建模国赛真题+优秀论文/2025数学建模国赛优秀论文/A196.pdf,B5FB5FE4B2D06998BC85BB9276CF16AFC1755913D91F18C01D5209F8F13ADA92,derived/pilot/pdf_ocr/2025/A196.readable.pdf,A210D5CD5D45005F95875E843D236AD67229AB85FBF2B0D070CD5EDF8DC93F4A,1105,1167,TEXT_PAGE,TEXT_PAGE,0,TEXT_PAGE,Poppler pdftotext returned meaningful page-scoped text; source_page=40 uses 1-based numbering.,PASS
CUMCM-2025-A-A196,41,2025年数学建模国赛真题+优秀论文/2025数学建模国赛优秀论文/A196.pdf,B5FB5FE4B2D06998BC85BB9276CF16AFC1755913D91F18C01D5209F8F13ADA92,derived/pilot/pdf_ocr/2025/A196.readable.pdf,A210D5CD5D45005F95875E843D236AD67229AB85FBF2B0D070CD5EDF8DC93F4A,1139,1184,TEXT_PAGE,TEXT_PAGE,0,TEXT_PAGE,Poppler pdftotext returned meaningful page-scoped text; source_page=41 uses 1-based numbering.,PASS
CUMCM-2025-A-A196,42,2025年数学建模国赛真题+优秀论文/2025数学建模国赛优秀论文/A196.pdf,B5FB5FE4B2D06998BC85BB9276CF16AFC1755913D91F18C01D5209F8F13ADA92,derived/pilot/pdf_ocr/2025/A196.readable.pdf,A210D5CD5D45005F95875E843D236AD67229AB85FBF2B0D070CD5EDF8DC93F4A,981,1014,TEXT_PAGE,TEXT_PAGE,0,TEXT_PAGE,Poppler pdftotext returned meaningful page-scoped text; source_page=42 uses 1-based numbering.,PASS
CUMCM-2025-A-A196,43,2025年数学建模国赛真题+优秀论文/2025数学建模国赛优秀论文/A196.pdf,B5FB5FE4B2D06998BC85BB9276CF16AFC1755913D91F18C01D5209F8F13ADA92,derived/pilot/pdf_ocr/2025/A196.readable.pdf,A210D5CD5D45005F95875E843D236AD67229AB85FBF2B0D070CD5EDF8DC93F4A,928,957,TEXT_PAGE,TEXT_PAGE,0,TEXT_PAGE,Poppler pdftotext returned meaningful page-scoped text; source_page=43 uses 1-based numbering.,PASS
CUMCM-2025-A-A196,44,2025年数学建模国赛真题+优秀论文/2025数学建模国赛优秀论文/A196.pdf,B5FB5FE4B2D06998BC85BB9276CF16AFC1755913D91F18C01D5209F8F13ADA92,derived/pilot/pdf_ocr/2025/A196.readable.pdf,A210D5CD5D45005F95875E843D236AD67229AB85FBF2B0D070CD5EDF8DC93F4A,805,828,TEXT_PAGE,TEXT_PAGE,0,TEXT_PAGE,Poppler pdftotext returned meaningful page-scoped text; source_page=44 uses 1-based numbering.,PASS
CUMCM-2025-A-A196,45,2025年数学建模国赛真题+优秀论文/2025数学建模国赛优秀论文/A196.pdf,B5FB5FE4B2D06998BC85BB9276CF16AFC1755913D91F18C01D5209F8F13ADA92,derived/pilot/pdf_ocr/2025/A196.readable.pdf,A210D5CD5D45005F95875E843D236AD67229AB85FBF2B0D070CD5EDF8DC93F4A,889,922,TEXT_PAGE,TEXT_PAGE,0,TEXT_PAGE,Poppler pdftotext returned meaningful page-scoped text; source_page=45 uses 1-based numbering.,PASS
CUMCM-2025-A-A196,46,2025年数学建模国赛真题+优秀论文/2025数学建模国赛优秀论文/A196.pdf,B5FB5FE4B2D06998BC85BB9276CF16AFC1755913D91F18C01D5209F8F13ADA92,derived/pilot/pdf_ocr/2025/A196.readable.pdf,A210D5CD5D45005F95875E843D236AD67229AB85FBF2B0D070CD5EDF8DC93F4A,920,941,TEXT_PAGE,TEXT_PAGE,0,TEXT_PAGE,Poppler pdftotext returned meaningful page-scoped text; source_page=46 uses 1-based numbering.,PASS
CUMCM-2025-A-A196,47,2025年数学建模国赛真题+优秀论文/2025数学建模国赛优秀论文/A196.pdf,B5FB5FE4B2D06998BC85BB9276CF16AFC1755913D91F18C01D5209F8F13ADA92,derived/pilot/pdf_ocr/2025/A196.readable.pdf,A210D5CD5D45005F95875E843D236AD67229AB85FBF2B0D070CD5EDF8DC93F4A,1144,1247,TEXT_PAGE,TEXT_PAGE,0,TEXT_PAGE,Poppler pdftotext returned meaningful page-scoped text; source_page=47 uses 1-based numbering.,PASS
CUMCM-2025-A-A196,48,2025年数学建模国赛真题+优秀论文/2025数学建模国赛优秀论文/A196.pdf,B5FB5FE4B2D06998BC85BB9276CF16AFC1755913D91F18C01D5209F8F13ADA92,derived/pilot/pdf_ocr/2025/A196.readable.pdf,A210D5CD5D45005F95875E843D236AD67229AB85FBF2B0D070CD5EDF8DC93F4A,1030,1081,TEXT_PAGE,TEXT_PAGE,0,TEXT_PAGE,Poppler pdftotext returned meaningful page-scoped text; source_page=48 uses 1-based numbering.,PASS
CUMCM-2025-A-A196,49,2025年数学建模国赛真题+优秀论文/2025数学建模国赛优秀论文/A196.pdf,B5FB5FE4B2D06998BC85BB9276CF16AFC1755913D91F18C01D5209F8F13ADA92,derived/pilot/pdf_ocr/2025/A196.readable.pdf,A210D5CD5D45005F95875E843D236AD67229AB85FBF2B0D070CD5EDF8DC93F4A,1176,1263,TEXT_PAGE,TEXT_PAGE,0,TEXT_PAGE,Poppler pdftotext returned meaningful page-scoped text; source_page=49 uses 1-based numbering.,PASS
CUMCM-2025-A-A196,50,2025年数学建模国赛真题+优秀论文/2025数学建模国赛优秀论文/A196.pdf,B5FB5FE4B2D06998BC85BB9276CF16AFC1755913D91F18C01D5209F8F13ADA92,derived/pilot/pdf_ocr/2025/A196.readable.pdf,A210D5CD5D45005F95875E843D236AD67229AB85FBF2B0D070CD5EDF8DC93F4A,1051,1116,TEXT_PAGE,TEXT_PAGE,0,TEXT_PAGE,Poppler pdftotext returned meaningful page-scoped text; source_page=50 uses 1-based numbering.,PASS
CUMCM-2025-A-A196,51,2025年数学建模国赛真题+优秀论文/2025数学建模国赛优秀论文/A196.pdf,B5FB5FE4B2D06998BC85BB9276CF16AFC1755913D91F18C01D5209F8F13ADA92,derived/pilot/pdf_ocr/2025/A196.readable.pdf,A210D5CD5D45005F95875E843D236AD67229AB85FBF2B0D070CD5EDF8DC93F4A,831,911,TEXT_PAGE,TEXT_PAGE,0,TEXT_PAGE,Poppler pdftotext returned meaningful page-scoped text; source_page=51 uses 1-based numbering.,PASS
CUMCM-2025-A-A196,52,2025年数学建模国赛真题+优秀论文/2025数学建模国赛优秀论文/A196.pdf,B5FB5FE4B2D06998BC85BB9276CF16AFC1755913D91F18C01D5209F8F13ADA92,derived/pilot/pdf_ocr/2025/A196.readable.pdf,A210D5CD5D45005F95875E843D236AD67229AB85FBF2B0D070CD5EDF8DC93F4A,1104,1161,TEXT_PAGE,TEXT_PAGE,0,TEXT_PAGE,Poppler pdftotext returned meaningful page-scoped text; source_page=52 uses 1-based numbering.,PASS
CUMCM-2025-A-A196,53,2025年数学建模国赛真题+优秀论文/2025数学建模国赛优秀论文/A196.pdf,B5FB5FE4B2D06998BC85BB9276CF16AFC1755913D91F18C01D5209F8F13ADA92,derived/pilot/pdf_ocr/2025/A196.readable.pdf,A210D5CD5D45005F95875E843D236AD67229AB85FBF2B0D070CD5EDF8DC93F4A,1167,1229,TEXT_PAGE,TEXT_PAGE,0,TEXT_PAGE,Poppler pdftotext returned meaningful page-scoped text; source_page=53 uses 1-based numbering.,PASS
CUMCM-2025-A-A196,54,2025年数学建模国赛真题+优秀论文/2025数学建模国赛优秀论文/A196.pdf,B5FB5FE4B2D06998BC85BB9276CF16AFC1755913D91F18C01D5209F8F13ADA92,derived/pilot/pdf_ocr/2025/A196.readable.pdf,A210D5CD5D45005F95875E843D236AD67229AB85FBF2B0D070CD5EDF8DC93F4A,898,960,TEXT_PAGE,TEXT_PAGE,0,TEXT_PAGE,Poppler pdftotext returned meaningful page-scoped text; source_page=54 uses 1-based numbering.,PASS
CUMCM-2025-A-A196,55,2025年数学建模国赛真题+优秀论文/2025数学建模国赛优秀论文/A196.pdf,B5FB5FE4B2D06998BC85BB9276CF16AFC1755913D91F18C01D5209F8F13ADA92,derived/pilot/pdf_ocr/2025/A196.readable.pdf,A210D5CD5D45005F95875E843D236AD67229AB85FBF2B0D070CD5EDF8DC93F4A,1135,1219,TEXT_PAGE,TEXT_PAGE,0,TEXT_PAGE,Poppler pdftotext returned meaningful page-scoped text; source_page=55 uses 1-based numbering.,PASS
CUMCM-2025-A-A196,56,2025年数学建模国赛真题+优秀论文/2025数学建模国赛优秀论文/A196.pdf,B5FB5FE4B2D06998BC85BB9276CF16AFC1755913D91F18C01D5209F8F13ADA92,derived/pilot/pdf_ocr/2025/A196.readable.pdf,A210D5CD5D45005F95875E843D236AD67229AB85FBF2B0D070CD5EDF8DC93F4A,1212,1280,TEXT_PAGE,TEXT_PAGE,0,TEXT_PAGE,Poppler pdftotext returned meaningful page-scoped text; source_page=56 uses 1-based numbering.,PASS
CUMCM-2025-A-A196,57,2025年数学建模国赛真题+优秀论文/2025数学建模国赛优秀论文/A196.pdf,B5FB5FE4B2D06998BC85BB9276CF16AFC1755913D91F18C01D5209F8F13ADA92,derived/pilot/pdf_ocr/2025/A196.readable.pdf,A210D5CD5D45005F95875E843D236AD67229AB85FBF2B0D070CD5EDF8DC93F4A,1203,1242,TEXT_PAGE,TEXT_PAGE,0,TEXT_PAGE,Poppler pdftotext returned meaningful page-scoped text; source_page=57 uses 1-based numbering.,PASS
CUMCM-2025-A-A196,58,2025年数学建模国赛真题+优秀论文/2025数学建模国赛优秀论文/A196.pdf,B5FB5FE4B2D06998BC85BB9276CF16AFC1755913D91F18C01D5209F8F13ADA92,derived/pilot/pdf_ocr/2025/A196.readable.pdf,A210D5CD5D45005F95875E843D236AD67229AB85FBF2B0D070CD5EDF8DC93F4A,1031,1081,TEXT_PAGE,TEXT_PAGE,0,TEXT_PAGE,Poppler pdftotext returned meaningful page-scoped text; source_page=58 uses 1-based numbering.,PASS
CUMCM-2025-A-A196,59,2025年数学建模国赛真题+优秀论文/2025数学建模国赛优秀论文/A196.pdf,B5FB5FE4B2D06998BC85BB9276CF16AFC1755913D91F18C01D5209F8F13ADA92,derived/pilot/pdf_ocr/2025/A196.readable.pdf,A210D5CD5D45005F95875E843D236AD67229AB85FBF2B0D070CD5EDF8DC93F4A,1113,1184,TEXT_PAGE,TEXT_PAGE,0,TEXT_PAGE,Poppler pdftotext returned meaningful page-scoped text; source_page=59 uses 1-based numbering.,PASS
CUMCM-2025-A-A196,60,2025年数学建模国赛真题+优秀论文/2025数学建模国赛优秀论文/A196.pdf,B5FB5FE4B2D06998BC85BB9276CF16AFC1755913D91F18C01D5209F8F13ADA92,derived/pilot/pdf_ocr/2025/A196.readable.pdf,A210D5CD5D45005F95875E843D236AD67229AB85FBF2B0D070CD5EDF8DC93F4A,900,929,TEXT_PAGE,TEXT_PAGE,0,TEXT_PAGE,Poppler pdftotext returned meaningful page-scoped text; source_page=60 uses 1-based numbering.,PASS
CUMCM-2025-A-A196,61,2025年数学建模国赛真题+优秀论文/2025数学建模国赛优秀论文/A196.pdf,B5FB5FE4B2D06998BC85BB9276CF16AFC1755913D91F18C01D5209F8F13ADA92,derived/pilot/pdf_ocr/2025/A196.readable.pdf,A210D5CD5D45005F95875E843D236AD67229AB85FBF2B0D070CD5EDF8DC93F4A,800,834,TEXT_PAGE,TEXT_PAGE,0,TEXT_PAGE,Poppler pdftotext returned meaningful page-scoped text; source_page=61 uses 1-based numbering.,PASS
CUMCM-2025-A-A196,62,2025年数学建模国赛真题+优秀论文/2025数学建模国赛优秀论文/A196.pdf,B5FB5FE4B2D06998BC85BB9276CF16AFC1755913D91F18C01D5209F8F13ADA92,derived/pilot/pdf_ocr/2025/A196.readable.pdf,A210D5CD5D45005F95875E843D236AD67229AB85FBF2B0D070CD5EDF8DC93F4A,1343,1356,TEXT_PAGE,TEXT_PAGE,0,TEXT_PAGE,Poppler pdftotext returned meaningful page-scoped text; source_page=62 uses 1-based numbering.,PASS
CUMCM-2025-A-A196,63,2025年数学建模国赛真题+优秀论文/2025数学建模国赛优秀论文/A196.pdf,B5FB5FE4B2D06998BC85BB9276CF16AFC1755913D91F18C01D5209F8F13ADA92,derived/pilot/pdf_ocr/2025/A196.readable.pdf,A210D5CD5D45005F95875E843D236AD67229AB85FBF2B0D070CD5EDF8DC93F4A,887,959,TEXT_PAGE,TEXT_PAGE,0,TEXT_PAGE,Poppler pdftotext returned meaningful page-scoped text; source_page=63 uses 1-based numbering.,PASS
CUMCM-2025-A-A196,64,2025年数学建模国赛真题+优秀论文/2025数学建模国赛优秀论文/A196.pdf,B5FB5FE4B2D06998BC85BB9276CF16AFC1755913D91F18C01D5209F8F13ADA92,derived/pilot/pdf_ocr/2025/A196.readable.pdf,A210D5CD5D45005F95875E843D236AD67229AB85FBF2B0D070CD5EDF8DC93F4A,1112,1177,TEXT_PAGE,TEXT_PAGE,0,TEXT_PAGE,Poppler pdftotext returned meaningful page-scoped text; source_page=64 uses 1-based numbering.,PASS
CUMCM-2025-A-A196,65,2025年数学建模国赛真题+优秀论文/2025数学建模国赛优秀论文/A196.pdf,B5FB5FE4B2D06998BC85BB9276CF16AFC1755913D91F18C01D5209F8F13ADA92,derived/pilot/pdf_ocr/2025/A196.readable.pdf,A210D5CD5D45005F95875E843D236AD67229AB85FBF2B0D070CD5EDF8DC93F4A,1152,1199,TEXT_PAGE,TEXT_PAGE,0,TEXT_PAGE,Poppler pdftotext returned meaningful page-scoped text; source_page=65 uses 1-based numbering.,PASS
CUMCM-2025-A-A196,66,2025年数学建模国赛真题+优秀论文/2025数学建模国赛优秀论文/A196.pdf,B5FB5FE4B2D06998BC85BB9276CF16AFC1755913D91F18C01D5209F8F13ADA92,derived/pilot/pdf_ocr/2025/A196.readable.pdf,A210D5CD5D45005F95875E843D236AD67229AB85FBF2B0D070CD5EDF8DC93F4A,1012,1077,TEXT_PAGE,TEXT_PAGE,0,TEXT_PAGE,Poppler pdftotext returned meaningful page-scoped text; source_page=66 uses 1-based numbering.,PASS
CUMCM-2025-A-A196,67,2025年数学建模国赛真题+优秀论文/2025数学建模国赛优秀论文/A196.pdf,B5FB5FE4B2D06998BC85BB9276CF16AFC1755913D91F18C01D5209F8F13ADA92,derived/pilot/pdf_ocr/2025/A196.readable.pdf,A210D5CD5D45005F95875E843D236AD67229AB85FBF2B0D070CD5EDF8DC93F4A,1080,1172,TEXT_PAGE,TEXT_PAGE,0,TEXT_PAGE,Poppler pdftotext returned meaningful page-scoped text; source_page=67 uses 1-based numbering.,PASS
CUMCM-2025-A-A196,68,2025年数学建模国赛真题+优秀论文/2025数学建模国赛优秀论文/A196.pdf,B5FB5FE4B2D06998BC85BB9276CF16AFC1755913D91F18C01D5209F8F13ADA92,derived/pilot/pdf_ocr/2025/A196.readable.pdf,A210D5CD5D45005F95875E843D236AD67229AB85FBF2B0D070CD5EDF8DC93F4A,1252,1295,TEXT_PAGE,TEXT_PAGE,0,TEXT_PAGE,Poppler pdftotext returned meaningful page-scoped text; source_page=68 uses 1-based numbering.,PASS
CUMCM-2025-A-A196,69,2025年数学建模国赛真题+优秀论文/2025数学建模国赛优秀论文/A196.pdf,B5FB5FE4B2D06998BC85BB9276CF16AFC1755913D91F18C01D5209F8F13ADA92,derived/pilot/pdf_ocr/2025/A196.readable.pdf,A210D5CD5D45005F95875E843D236AD67229AB85FBF2B0D070CD5EDF8DC93F4A,1232,1251,TEXT_PAGE,TEXT_PAGE,0,TEXT_PAGE,Poppler pdftotext returned meaningful page-scoped text; source_page=69 uses 1-based numbering.,PASS
CUMCM-2025-A-A196,70,2025年数学建模国赛真题+优秀论文/2025数学建模国赛优秀论文/A196.pdf,B5FB5FE4B2D06998BC85BB9276CF16AFC1755913D91F18C01D5209F8F13ADA92,derived/pilot/pdf_ocr/2025/A196.readable.pdf,A210D5CD5D45005F95875E843D236AD67229AB85FBF2B0D070CD5EDF8DC93F4A,1262,1307,TEXT_PAGE,TEXT_PAGE,0,TEXT_PAGE,Poppler pdftotext returned meaningful page-scoped text; source_page=70 uses 1-based numbering.,PASS
CUMCM-2025-A-A196,71,2025年数学建模国赛真题+优秀论文/2025数学建模国赛优秀论文/A196.pdf,B5FB5FE4B2D06998BC85BB9276CF16AFC1755913D91F18C01D5209F8F13ADA92,derived/pilot/pdf_ocr/2025/A196.readable.pdf,A210D5CD5D45005F95875E843D236AD67229AB85FBF2B0D070CD5EDF8DC93F4A,1044,1078,TEXT_PAGE,TEXT_PAGE,0,TEXT_PAGE,Poppler pdftotext returned meaningful page-scoped text; source_page=71 uses 1-based numbering.,PASS
CUMCM-2025-A-A196,72,2025年数学建模国赛真题+优秀论文/2025数学建模国赛优秀论文/A196.pdf,B5FB5FE4B2D06998BC85BB9276CF16AFC1755913D91F18C01D5209F8F13ADA92,derived/pilot/pdf_ocr/2025/A196.readable.pdf,A210D5CD5D45005F95875E843D236AD67229AB85FBF2B0D070CD5EDF8DC93F4A,1051,1112,TEXT_PAGE,TEXT_PAGE,0,TEXT_PAGE,Poppler pdftotext returned meaningful page-scoped text; source_page=72 uses 1-based numbering.,PASS
CUMCM-2025-A-A196,73,2025年数学建模国赛真题+优秀论文/2025数学建模国赛优秀论文/A196.pdf,B5FB5FE4B2D06998BC85BB9276CF16AFC1755913D91F18C01D5209F8F13ADA92,derived/pilot/pdf_ocr/2025/A196.readable.pdf,A210D5CD5D45005F95875E843D236AD67229AB85FBF2B0D070CD5EDF8DC93F4A,832,844,TEXT_PAGE,TEXT_PAGE,0,TEXT_PAGE,Poppler pdftotext returned meaningful page-scoped text; source_page=73 uses 1-based numbering.,PASS
CUMCM-2025-A-A196,74,2025年数学建模国赛真题+优秀论文/2025数学建模国赛优秀论文/A196.pdf,B5FB5FE4B2D06998BC85BB9276CF16AFC1755913D91F18C01D5209F8F13ADA92,derived/pilot/pdf_ocr/2025/A196.readable.pdf,A210D5CD5D45005F95875E843D236AD67229AB85FBF2B0D070CD5EDF8DC93F4A,1031,1104,TEXT_PAGE,TEXT_PAGE,0,TEXT_PAGE,Poppler pdftotext returned meaningful page-scoped text; source_page=74 uses 1-based numbering.,PASS
CUMCM-2025-A-A196,75,2025年数学建模国赛真题+优秀论文/2025数学建模国赛优秀论文/A196.pdf,B5FB5FE4B2D06998BC85BB9276CF16AFC1755913D91F18C01D5209F8F13ADA92,derived/pilot/pdf_ocr/2025/A196.readable.pdf,A210D5CD5D45005F95875E843D236AD67229AB85FBF2B0D070CD5EDF8DC93F4A,1419,1478,TEXT_PAGE,TEXT_PAGE,0,TEXT_PAGE,Poppler pdftotext returned meaningful page-scoped text; source_page=75 uses 1-based numbering.,PASS
CUMCM-2025-A-A196,76,2025年数学建模国赛真题+优秀论文/2025数学建模国赛优秀论文/A196.pdf,B5FB5FE4B2D06998BC85BB9276CF16AFC1755913D91F18C01D5209F8F13ADA92,derived/pilot/pdf_ocr/2025/A196.readable.pdf,A210D5CD5D45005F95875E843D236AD67229AB85FBF2B0D070CD5EDF8DC93F4A,874,890,TEXT_PAGE,TEXT_PAGE,0,TEXT_PAGE,Poppler pdftotext returned meaningful page-scoped text; source_page=76 uses 1-based numbering.,PASS
CUMCM-2025-A-A196,77,2025年数学建模国赛真题+优秀论文/2025数学建模国赛优秀论文/A196.pdf,B5FB5FE4B2D06998BC85BB9276CF16AFC1755913D91F18C01D5209F8F13ADA92,derived/pilot/pdf_ocr/2025/A196.readable.pdf,A210D5CD5D45005F95875E843D236AD67229AB85FBF2B0D070CD5EDF8DC93F4A,1154,1168,TEXT_PAGE,TEXT_PAGE,0,TEXT_PAGE,Poppler pdftotext returned meaningful page-scoped text; source_page=77 uses 1-based numbering.,PASS
CUMCM-2025-A-A196,78,2025年数学建模国赛真题+优秀论文/2025数学建模国赛优秀论文/A196.pdf,B5FB5FE4B2D06998BC85BB9276CF16AFC1755913D91F18C01D5209F8F13ADA92,derived/pilot/pdf_ocr/2025/A196.readable.pdf,A210D5CD5D45005F95875E843D236AD67229AB85FBF2B0D070CD5EDF8DC93F4A,976,1028,TEXT_PAGE,TEXT_PAGE,0,TEXT_PAGE,Poppler pdftotext returned meaningful page-scoped text; source_page=78 uses 1-based numbering.,PASS
CUMCM-2025-A-A196,79,2025年数学建模国赛真题+优秀论文/2025数学建模国赛优秀论文/A196.pdf,B5FB5FE4B2D06998BC85BB9276CF16AFC1755913D91F18C01D5209F8F13ADA92,derived/pilot/pdf_ocr/2025/A196.readable.pdf,A210D5CD5D45005F95875E843D236AD67229AB85FBF2B0D070CD5EDF8DC93F4A,849,879,TEXT_PAGE,TEXT_PAGE,0,TEXT_PAGE,Poppler pdftotext returned meaningful page-scoped text; source_page=79 uses 1-based numbering.,PASS
CUMCM-2025-A-A196,80,2025年数学建模国赛真题+优秀论文/2025数学建模国赛优秀论文/A196.pdf,B5FB5FE4B2D06998BC85BB9276CF16AFC1755913D91F18C01D5209F8F13ADA92,derived/pilot/pdf_ocr/2025/A196.readable.pdf,A210D5CD5D45005F95875E843D236AD67229AB85FBF2B0D070CD5EDF8DC93F4A,1260,1349,TEXT_PAGE,TEXT_PAGE,0,TEXT_PAGE,Poppler pdftotext returned meaningful page-scoped text; source_page=80 uses 1-based numbering.,PASS
CUMCM-2025-A-A196,81,2025年数学建模国赛真题+优秀论文/2025数学建模国赛优秀论文/A196.pdf,B5FB5FE4B2D06998BC85BB9276CF16AFC1755913D91F18C01D5209F8F13ADA92,derived/pilot/pdf_ocr/2025/A196.readable.pdf,A210D5CD5D45005F95875E843D236AD67229AB85FBF2B0D070CD5EDF8DC93F4A,1449,1488,TEXT_PAGE,TEXT_PAGE,0,TEXT_PAGE,Poppler pdftotext returned meaningful page-scoped text; source_page=81 uses 1-based numbering.,PASS
CUMCM-2025-A-A196,82,2025年数学建模国赛真题+优秀论文/2025数学建模国赛优秀论文/A196.pdf,B5FB5FE4B2D06998BC85BB9276CF16AFC1755913D91F18C01D5209F8F13ADA92,derived/pilot/pdf_ocr/2025/A196.readable.pdf,A210D5CD5D45005F95875E843D236AD67229AB85FBF2B0D070CD5EDF8DC93F4A,852,940,TEXT_PAGE,TEXT_PAGE,0,TEXT_PAGE,Poppler pdftotext returned meaningful page-scoped text; source_page=82 uses 1-based numbering.,PASS
CUMCM-2025-A-A196,83,2025年数学建模国赛真题+优秀论文/2025数学建模国赛优秀论文/A196.pdf,B5FB5FE4B2D06998BC85BB9276CF16AFC1755913D91F18C01D5209F8F13ADA92,derived/pilot/pdf_ocr/2025/A196.readable.pdf,A210D5CD5D45005F95875E843D236AD67229AB85FBF2B0D070CD5EDF8DC93F4A,1008,1091,TEXT_PAGE,TEXT_PAGE,0,TEXT_PAGE,Poppler pdftotext returned meaningful page-scoped text; source_page=83 uses 1-based numbering.,PASS
CUMCM-2025-A-A196,84,2025年数学建模国赛真题+优秀论文/2025数学建模国赛优秀论文/A196.pdf,B5FB5FE4B2D06998BC85BB9276CF16AFC1755913D91F18C01D5209F8F13ADA92,derived/pilot/pdf_ocr/2025/A196.readable.pdf,A210D5CD5D45005F95875E843D236AD67229AB85FBF2B0D070CD5EDF8DC93F4A,1226,1285,TEXT_PAGE,TEXT_PAGE,0,TEXT_PAGE,Poppler pdftotext returned meaningful page-scoped text; source_page=84 uses 1-based numbering.,PASS
CUMCM-2025-A-A196,85,2025年数学建模国赛真题+优秀论文/2025数学建模国赛优秀论文/A196.pdf,B5FB5FE4B2D06998BC85BB9276CF16AFC1755913D91F18C01D5209F8F13ADA92,derived/pilot/pdf_ocr/2025/A196.readable.pdf,A210D5CD5D45005F95875E843D236AD67229AB85FBF2B0D070CD5EDF8DC93F4A,1124,1157,TEXT_PAGE,TEXT_PAGE,0,TEXT_PAGE,Poppler pdftotext returned meaningful page-scoped text; source_page=85 uses 1-based numbering.,PASS
CUMCM-2025-A-A196,86,2025年数学建模国赛真题+优秀论文/2025数学建模国赛优秀论文/A196.pdf,B5FB5FE4B2D06998BC85BB9276CF16AFC1755913D91F18C01D5209F8F13ADA92,derived/pilot/pdf_ocr/2025/A196.readable.pdf,A210D5CD5D45005F95875E843D236AD67229AB85FBF2B0D070CD5EDF8DC93F4A,852,941,TEXT_PAGE,TEXT_PAGE,0,TEXT_PAGE,Poppler pdftotext returned meaningful page-scoped text; source_page=86 uses 1-based numbering.,PASS
CUMCM-2025-A-A196,87,2025年数学建模国赛真题+优秀论文/2025数学建模国赛优秀论文/A196.pdf,B5FB5FE4B2D06998BC85BB9276CF16AFC1755913D91F18C01D5209F8F13ADA92,derived/pilot/pdf_ocr/2025/A196.readable.pdf,A210D5CD5D45005F95875E843D236AD67229AB85FBF2B0D070CD5EDF8DC93F4A,1069,1131,TEXT_PAGE,TEXT_PAGE,0,TEXT_PAGE,Poppler pdftotext returned meaningful page-scoped text; source_page=87 uses 1-based numbering.,PASS
CUMCM-2025-A-A196,88,2025年数学建模国赛真题+优秀论文/2025数学建模国赛优秀论文/A196.pdf,B5FB5FE4B2D06998BC85BB9276CF16AFC1755913D91F18C01D5209F8F13ADA92,derived/pilot/pdf_ocr/2025/A196.readable.pdf,A210D5CD5D45005F95875E843D236AD67229AB85FBF2B0D070CD5EDF8DC93F4A,1048,1095,TEXT_PAGE,TEXT_PAGE,0,TEXT_PAGE,Poppler pdftotext returned meaningful page-scoped text; source_page=88 uses 1-based numbering.,PASS
CUMCM-2025-A-A196,89,2025年数学建模国赛真题+优秀论文/2025数学建模国赛优秀论文/A196.pdf,B5FB5FE4B2D06998BC85BB9276CF16AFC1755913D91F18C01D5209F8F13ADA92,derived/pilot/pdf_ocr/2025/A196.readable.pdf,A210D5CD5D45005F95875E843D236AD67229AB85FBF2B0D070CD5EDF8DC93F4A,934,986,TEXT_PAGE,TEXT_PAGE,0,TEXT_PAGE,Poppler pdftotext returned meaningful page-scoped text; source_page=89 uses 1-based numbering.,PASS
CUMCM-2025-A-A196,90,2025年数学建模国赛真题+优秀论文/2025数学建模国赛优秀论文/A196.pdf,B5FB5FE4B2D06998BC85BB9276CF16AFC1755913D91F18C01D5209F8F13ADA92,derived/pilot/pdf_ocr/2025/A196.readable.pdf,A210D5CD5D45005F95875E843D236AD67229AB85FBF2B0D070CD5EDF8DC93F4A,976,977,TEXT_PAGE,TEXT_PAGE,0,TEXT_PAGE,Poppler pdftotext returned meaningful page-scoped text; source_page=90 uses 1-based numbering.,PASS
CUMCM-2025-A-A196,91,2025年数学建模国赛真题+优秀论文/2025数学建模国赛优秀论文/A196.pdf,B5FB5FE4B2D06998BC85BB9276CF16AFC1755913D91F18C01D5209F8F13ADA92,derived/pilot/pdf_ocr/2025/A196.readable.pdf,A210D5CD5D45005F95875E843D236AD67229AB85FBF2B0D070CD5EDF8DC93F4A,1476,1525,TEXT_PAGE,TEXT_PAGE,0,TEXT_PAGE,Poppler pdftotext returned meaningful page-scoped text; source_page=91 uses 1-based numbering.,PASS
CUMCM-2025-A-A196,92,2025年数学建模国赛真题+优秀论文/2025数学建模国赛优秀论文/A196.pdf,B5FB5FE4B2D06998BC85BB9276CF16AFC1755913D91F18C01D5209F8F13ADA92,derived/pilot/pdf_ocr/2025/A196.readable.pdf,A210D5CD5D45005F95875E843D236AD67229AB85FBF2B0D070CD5EDF8DC93F4A,1626,1687,TEXT_PAGE,TEXT_PAGE,0,TEXT_PAGE,Poppler pdftotext returned meaningful page-scoped text; source_page=92 uses 1-based numbering.,PASS
CUMCM-2025-A-A196,93,2025年数学建模国赛真题+优秀论文/2025数学建模国赛优秀论文/A196.pdf,B5FB5FE4B2D06998BC85BB9276CF16AFC1755913D91F18C01D5209F8F13ADA92,derived/pilot/pdf_ocr/2025/A196.readable.pdf,A210D5CD5D45005F95875E843D236AD67229AB85FBF2B0D070CD5EDF8DC93F4A,960,983,TEXT_PAGE,TEXT_PAGE,0,TEXT_PAGE,Poppler pdftotext returned meaningful page-scoped text; source_page=93 uses 1-based numbering.,PASS
CUMCM-2025-A-A196,94,2025年数学建模国赛真题+优秀论文/2025数学建模国赛优秀论文/A196.pdf,B5FB5FE4B2D06998BC85BB9276CF16AFC1755913D91F18C01D5209F8F13ADA92,derived/pilot/pdf_ocr/2025/A196.readable.pdf,A210D5CD5D45005F95875E843D236AD67229AB85FBF2B0D070CD5EDF8DC93F4A,1066,1157,TEXT_PAGE,TEXT_PAGE,0,TEXT_PAGE,Poppler pdftotext returned meaningful page-scoped text; source_page=94 uses 1-based numbering.,PASS
CUMCM-2025-A-A196,95,2025年数学建模国赛真题+优秀论文/2025数学建模国赛优秀论文/A196.pdf,B5FB5FE4B2D06998BC85BB9276CF16AFC1755913D91F18C01D5209F8F13ADA92,derived/pilot/pdf_ocr/2025/A196.readable.pdf,A210D5CD5D45005F95875E843D236AD67229AB85FBF2B0D070CD5EDF8DC93F4A,1093,1158,TEXT_PAGE,TEXT_PAGE,0,TEXT_PAGE,Poppler pdftotext returned meaningful page-scoped text; source_page=95 uses 1-based numbering.,PASS
CUMCM-2025-A-A196,96,2025年数学建模国赛真题+优秀论文/2025数学建模国赛优秀论文/A196.pdf,B5FB5FE4B2D06998BC85BB9276CF16AFC1755913D91F18C01D5209F8F13ADA92,derived/pilot/pdf_ocr/2025/A196.readable.pdf,A210D5CD5D45005F95875E843D236AD67229AB85FBF2B0D070CD5EDF8DC93F4A,824,907,TEXT_PAGE,TEXT_PAGE,0,TEXT_PAGE,Poppler pdftotext returned meaningful page-scoped text; source_page=96 uses 1-based numbering.,PASS
CUMCM-2025-A-A196,97,2025年数学建模国赛真题+优秀论文/2025数学建模国赛优秀论文/A196.pdf,B5FB5FE4B2D06998BC85BB9276CF16AFC1755913D91F18C01D5209F8F13ADA92,derived/pilot/pdf_ocr/2025/A196.readable.pdf,A210D5CD5D45005F95875E843D236AD67229AB85FBF2B0D070CD5EDF8DC93F4A,1054,1105,TEXT_PAGE,TEXT_PAGE,0,TEXT_PAGE,Poppler pdftotext returned meaningful page-scoped text; source_page=97 uses 1-based numbering.,PASS
CUMCM-2025-A-A196,98,2025年数学建模国赛真题+优秀论文/2025数学建模国赛优秀论文/A196.pdf,B5FB5FE4B2D06998BC85BB9276CF16AFC1755913D91F18C01D5209F8F13ADA92,derived/pilot/pdf_ocr/2025/A196.readable.pdf,A210D5CD5D45005F95875E843D236AD67229AB85FBF2B0D070CD5EDF8DC93F4A,391,409,TEXT_PAGE,TEXT_PAGE,0,TEXT_PAGE,Poppler pdftotext returned meaningful page-scoped text; source_page=98 uses 1-based numbering.,PASS
CUMCM-2025-B-B060,1,2025年数学建模国赛真题+优秀论文/2025数学建模国赛优秀论文/B060.pdf,17C1B7E255DCBB8E8AC34C0A750E39D7DF1EE4A5ED0D0323B46388F168090330,derived/pilot/pdf_ocr/2025/B060.readable.pdf,212B9FE43F444FAD1B5B1A7F4407F074EDDCFD782ACC5A2DDED554427BC3FC32,1461,1386,TEXT_PAGE,TEXT_PAGE,0,TEXT_PAGE,Poppler pdftotext returned meaningful page-scoped text; source_page=1 uses 1-based numbering.,PASS
CUMCM-2025-B-B060,2,2025年数学建模国赛真题+优秀论文/2025数学建模国赛优秀论文/B060.pdf,17C1B7E255DCBB8E8AC34C0A750E39D7DF1EE4A5ED0D0323B46388F168090330,derived/pilot/pdf_ocr/2025/B060.readable.pdf,212B9FE43F444FAD1B5B1A7F4407F074EDDCFD782ACC5A2DDED554427BC3FC32,1828,1816,TEXT_PAGE,TEXT_PAGE,0,TEXT_PAGE,Poppler pdftotext returned meaningful page-scoped text; source_page=2 uses 1-based numbering.,PASS
CUMCM-2025-B-B060,3,2025年数学建模国赛真题+优秀论文/2025数学建模国赛优秀论文/B060.pdf,17C1B7E255DCBB8E8AC34C0A750E39D7DF1EE4A5ED0D0323B46388F168090330,derived/pilot/pdf_ocr/2025/B060.readable.pdf,212B9FE43F444FAD1B5B1A7F4407F074EDDCFD782ACC5A2DDED554427BC3FC32,1719,1650,TEXT_PAGE,TEXT_PAGE,0,TEXT_PAGE,Poppler pdftotext returned meaningful page-scoped text; source_page=3 uses 1-based numbering.,PASS
CUMCM-2025-B-B060,4,2025年数学建模国赛真题+优秀论文/2025数学建模国赛优秀论文/B060.pdf,17C1B7E255DCBB8E8AC34C0A750E39D7DF1EE4A5ED0D0323B46388F168090330,derived/pilot/pdf_ocr/2025/B060.readable.pdf,212B9FE43F444FAD1B5B1A7F4407F074EDDCFD782ACC5A2DDED554427BC3FC32,829,862,TEXT_PAGE,TEXT_PAGE,0,TEXT_PAGE,Poppler pdftotext returned meaningful page-scoped text; source_page=4 uses 1-based numbering.,PASS
CUMCM-2025-B-B060,5,2025年数学建模国赛真题+优秀论文/2025数学建模国赛优秀论文/B060.pdf,17C1B7E255DCBB8E8AC34C0A750E39D7DF1EE4A5ED0D0323B46388F168090330,derived/pilot/pdf_ocr/2025/B060.readable.pdf,212B9FE43F444FAD1B5B1A7F4407F074EDDCFD782ACC5A2DDED554427BC3FC32,1053,1080,TEXT_PAGE,TEXT_PAGE,0,TEXT_PAGE,Poppler pdftotext returned meaningful page-scoped text; source_page=5 uses 1-based numbering.,PASS
CUMCM-2025-B-B060,6,2025年数学建模国赛真题+优秀论文/2025数学建模国赛优秀论文/B060.pdf,17C1B7E255DCBB8E8AC34C0A750E39D7DF1EE4A5ED0D0323B46388F168090330,derived/pilot/pdf_ocr/2025/B060.readable.pdf,212B9FE43F444FAD1B5B1A7F4407F074EDDCFD782ACC5A2DDED554427BC3FC32,904,923,TEXT_PAGE,TEXT_PAGE,0,TEXT_PAGE,Poppler pdftotext returned meaningful page-scoped text; source_page=6 uses 1-based numbering.,PASS
CUMCM-2025-B-B060,7,2025年数学建模国赛真题+优秀论文/2025数学建模国赛优秀论文/B060.pdf,17C1B7E255DCBB8E8AC34C0A750E39D7DF1EE4A5ED0D0323B46388F168090330,derived/pilot/pdf_ocr/2025/B060.readable.pdf,212B9FE43F444FAD1B5B1A7F4407F074EDDCFD782ACC5A2DDED554427BC3FC32,844,909,TEXT_PAGE,TEXT_PAGE,0,TEXT_PAGE,Poppler pdftotext returned meaningful page-scoped text; source_page=7 uses 1-based numbering.,PASS
CUMCM-2025-B-B060,8,2025年数学建模国赛真题+优秀论文/2025数学建模国赛优秀论文/B060.pdf,17C1B7E255DCBB8E8AC34C0A750E39D7DF1EE4A5ED0D0323B46388F168090330,derived/pilot/pdf_ocr/2025/B060.readable.pdf,212B9FE43F444FAD1B5B1A7F4407F074EDDCFD782ACC5A2DDED554427BC3FC32,1664,1675,TEXT_PAGE,TEXT_PAGE,0,TEXT_PAGE,Poppler pdftotext returned meaningful page-scoped text; source_page=8 uses 1-based numbering.,PASS
CUMCM-2025-B-B060,9,2025年数学建模国赛真题+优秀论文/2025数学建模国赛优秀论文/B060.pdf,17C1B7E255DCBB8E8AC34C0A750E39D7DF1EE4A5ED0D0323B46388F168090330,derived/pilot/pdf_ocr/2025/B060.readable.pdf,212B9FE43F444FAD1B5B1A7F4407F074EDDCFD782ACC5A2DDED554427BC3FC32,1076,1122,TEXT_PAGE,TEXT_PAGE,0,TEXT_PAGE,Poppler pdftotext returned meaningful page-scoped text; source_page=9 uses 1-based numbering.,PASS
CUMCM-2025-B-B060,10,2025年数学建模国赛真题+优秀论文/2025数学建模国赛优秀论文/B060.pdf,17C1B7E255DCBB8E8AC34C0A750E39D7DF1EE4A5ED0D0323B46388F168090330,derived/pilot/pdf_ocr/2025/B060.readable.pdf,212B9FE43F444FAD1B5B1A7F4407F074EDDCFD782ACC5A2DDED554427BC3FC32,805,947,TEXT_PAGE,TEXT_PAGE,0,TEXT_PAGE,Poppler pdftotext returned meaningful page-scoped text; source_page=10 uses 1-based numbering.,PASS
CUMCM-2025-B-B060,11,2025年数学建模国赛真题+优秀论文/2025数学建模国赛优秀论文/B060.pdf,17C1B7E255DCBB8E8AC34C0A750E39D7DF1EE4A5ED0D0323B46388F168090330,derived/pilot/pdf_ocr/2025/B060.readable.pdf,212B9FE43F444FAD1B5B1A7F4407F074EDDCFD782ACC5A2DDED554427BC3FC32,774,824,TEXT_PAGE,TEXT_PAGE,0,TEXT_PAGE,Poppler pdftotext returned meaningful page-scoped text; source_page=11 uses 1-based numbering.,PASS
CUMCM-2025-B-B060,12,2025年数学建模国赛真题+优秀论文/2025数学建模国赛优秀论文/B060.pdf,17C1B7E255DCBB8E8AC34C0A750E39D7DF1EE4A5ED0D0323B46388F168090330,derived/pilot/pdf_ocr/2025/B060.readable.pdf,212B9FE43F444FAD1B5B1A7F4407F074EDDCFD782ACC5A2DDED554427BC3FC32,1397,1357,TEXT_PAGE,TEXT_PAGE,0,TEXT_PAGE,Poppler pdftotext returned meaningful page-scoped text; source_page=12 uses 1-based numbering.,PASS
CUMCM-2025-B-B060,13,2025年数学建模国赛真题+优秀论文/2025数学建模国赛优秀论文/B060.pdf,17C1B7E255DCBB8E8AC34C0A750E39D7DF1EE4A5ED0D0323B46388F168090330,derived/pilot/pdf_ocr/2025/B060.readable.pdf,212B9FE43F444FAD1B5B1A7F4407F074EDDCFD782ACC5A2DDED554427BC3FC32,1011,1014,TEXT_PAGE,TEXT_PAGE,0,TEXT_PAGE,Poppler pdftotext returned meaningful page-scoped text; source_page=13 uses 1-based numbering.,PASS
CUMCM-2025-B-B060,14,2025年数学建模国赛真题+优秀论文/2025数学建模国赛优秀论文/B060.pdf,17C1B7E255DCBB8E8AC34C0A750E39D7DF1EE4A5ED0D0323B46388F168090330,derived/pilot/pdf_ocr/2025/B060.readable.pdf,212B9FE43F444FAD1B5B1A7F4407F074EDDCFD782ACC5A2DDED554427BC3FC32,714,774,TEXT_PAGE,TEXT_PAGE,0,TEXT_PAGE,Poppler pdftotext returned meaningful page-scoped text; source_page=14 uses 1-based numbering.,PASS
CUMCM-2025-B-B060,15,2025年数学建模国赛真题+优秀论文/2025数学建模国赛优秀论文/B060.pdf,17C1B7E255DCBB8E8AC34C0A750E39D7DF1EE4A5ED0D0323B46388F168090330,derived/pilot/pdf_ocr/2025/B060.readable.pdf,212B9FE43F444FAD1B5B1A7F4407F074EDDCFD782ACC5A2DDED554427BC3FC32,1491,1471,TEXT_PAGE,TEXT_PAGE,0,TEXT_PAGE,Poppler pdftotext returned meaningful page-scoped text; source_page=15 uses 1-based numbering.,PASS
CUMCM-2025-B-B060,16,2025年数学建模国赛真题+优秀论文/2025数学建模国赛优秀论文/B060.pdf,17C1B7E255DCBB8E8AC34C0A750E39D7DF1EE4A5ED0D0323B46388F168090330,derived/pilot/pdf_ocr/2025/B060.readable.pdf,212B9FE43F444FAD1B5B1A7F4407F074EDDCFD782ACC5A2DDED554427BC3FC32,967,1016,TEXT_PAGE,TEXT_PAGE,0,TEXT_PAGE,Poppler pdftotext returned meaningful page-scoped text; source_page=16 uses 1-based numbering.,PASS
CUMCM-2025-B-B060,17,2025年数学建模国赛真题+优秀论文/2025数学建模国赛优秀论文/B060.pdf,17C1B7E255DCBB8E8AC34C0A750E39D7DF1EE4A5ED0D0323B46388F168090330,derived/pilot/pdf_ocr/2025/B060.readable.pdf,212B9FE43F444FAD1B5B1A7F4407F074EDDCFD782ACC5A2DDED554427BC3FC32,1604,1529,TEXT_PAGE,TEXT_PAGE,0,TEXT_PAGE,Poppler pdftotext returned meaningful page-scoped text; source_page=17 uses 1-based numbering.,PASS
CUMCM-2025-B-B060,18,2025年数学建模国赛真题+优秀论文/2025数学建模国赛优秀论文/B060.pdf,17C1B7E255DCBB8E8AC34C0A750E39D7DF1EE4A5ED0D0323B46388F168090330,derived/pilot/pdf_ocr/2025/B060.readable.pdf,212B9FE43F444FAD1B5B1A7F4407F074EDDCFD782ACC5A2DDED554427BC3FC32,1257,1347,TEXT_PAGE,TEXT_PAGE,0,TEXT_PAGE,Poppler pdftotext returned meaningful page-scoped text; source_page=18 uses 1-based numbering.,PASS
CUMCM-2025-B-B060,19,2025年数学建模国赛真题+优秀论文/2025数学建模国赛优秀论文/B060.pdf,17C1B7E255DCBB8E8AC34C0A750E39D7DF1EE4A5ED0D0323B46388F168090330,derived/pilot/pdf_ocr/2025/B060.readable.pdf,212B9FE43F444FAD1B5B1A7F4407F074EDDCFD782ACC5A2DDED554427BC3FC32,1046,1027,TEXT_PAGE,TEXT_PAGE,0,TEXT_PAGE,Poppler pdftotext returned meaningful page-scoped text; source_page=19 uses 1-based numbering.,PASS
CUMCM-2025-B-B060,20,2025年数学建模国赛真题+优秀论文/2025数学建模国赛优秀论文/B060.pdf,17C1B7E255DCBB8E8AC34C0A750E39D7DF1EE4A5ED0D0323B46388F168090330,derived/pilot/pdf_ocr/2025/B060.readable.pdf,212B9FE43F444FAD1B5B1A7F4407F074EDDCFD782ACC5A2DDED554427BC3FC32,651,708,TEXT_PAGE,TEXT_PAGE,0,TEXT_PAGE,Poppler pdftotext returned meaningful page-scoped text; source_page=20 uses 1-based numbering.,PASS
CUMCM-2025-B-B060,21,2025年数学建模国赛真题+优秀论文/2025数学建模国赛优秀论文/B060.pdf,17C1B7E255DCBB8E8AC34C0A750E39D7DF1EE4A5ED0D0323B46388F168090330,derived/pilot/pdf_ocr/2025/B060.readable.pdf,212B9FE43F444FAD1B5B1A7F4407F074EDDCFD782ACC5A2DDED554427BC3FC32,394,421,TEXT_PAGE,TEXT_PAGE,0,TEXT_PAGE,Poppler pdftotext returned meaningful page-scoped text; source_page=21 uses 1-based numbering.,PASS
CUMCM-2025-B-B060,22,2025年数学建模国赛真题+优秀论文/2025数学建模国赛优秀论文/B060.pdf,17C1B7E255DCBB8E8AC34C0A750E39D7DF1EE4A5ED0D0323B46388F168090330,derived/pilot/pdf_ocr/2025/B060.readable.pdf,212B9FE43F444FAD1B5B1A7F4407F074EDDCFD782ACC5A2DDED554427BC3FC32,603,704,TEXT_PAGE,TEXT_PAGE,0,TEXT_PAGE,Poppler pdftotext returned meaningful page-scoped text; source_page=22 uses 1-based numbering.,PASS
CUMCM-2025-B-B060,23,2025年数学建模国赛真题+优秀论文/2025数学建模国赛优秀论文/B060.pdf,17C1B7E255DCBB8E8AC34C0A750E39D7DF1EE4A5ED0D0323B46388F168090330,derived/pilot/pdf_ocr/2025/B060.readable.pdf,212B9FE43F444FAD1B5B1A7F4407F074EDDCFD782ACC5A2DDED554427BC3FC32,462,555,TEXT_PAGE,TEXT_PAGE,0,TEXT_PAGE,Poppler pdftotext returned meaningful page-scoped text; source_page=23 uses 1-based numbering.,PASS
CUMCM-2025-B-B060,24,2025年数学建模国赛真题+优秀论文/2025数学建模国赛优秀论文/B060.pdf,17C1B7E255DCBB8E8AC34C0A750E39D7DF1EE4A5ED0D0323B46388F168090330,derived/pilot/pdf_ocr/2025/B060.readable.pdf,212B9FE43F444FAD1B5B1A7F4407F074EDDCFD782ACC5A2DDED554427BC3FC32,640,684,TEXT_PAGE,TEXT_PAGE,0,TEXT_PAGE,Poppler pdftotext returned meaningful page-scoped text; source_page=24 uses 1-based numbering.,PASS
CUMCM-2025-B-B060,25,2025年数学建模国赛真题+优秀论文/2025数学建模国赛优秀论文/B060.pdf,17C1B7E255DCBB8E8AC34C0A750E39D7DF1EE4A5ED0D0323B46388F168090330,derived/pilot/pdf_ocr/2025/B060.readable.pdf,212B9FE43F444FAD1B5B1A7F4407F074EDDCFD782ACC5A2DDED554427BC3FC32,1395,1410,TEXT_PAGE,TEXT_PAGE,0,TEXT_PAGE,Poppler pdftotext returned meaningful page-scoped text; source_page=25 uses 1-based numbering.,PASS
CUMCM-2025-B-B060,26,2025年数学建模国赛真题+优秀论文/2025数学建模国赛优秀论文/B060.pdf,17C1B7E255DCBB8E8AC34C0A750E39D7DF1EE4A5ED0D0323B46388F168090330,derived/pilot/pdf_ocr/2025/B060.readable.pdf,212B9FE43F444FAD1B5B1A7F4407F074EDDCFD782ACC5A2DDED554427BC3FC32,536,653,TEXT_PAGE,TEXT_PAGE,0,TEXT_PAGE,Poppler pdftotext returned meaningful page-scoped text; source_page=26 uses 1-based numbering.,PASS
CUMCM-2025-B-B060,27,2025年数学建模国赛真题+优秀论文/2025数学建模国赛优秀论文/B060.pdf,17C1B7E255DCBB8E8AC34C0A750E39D7DF1EE4A5ED0D0323B46388F168090330,derived/pilot/pdf_ocr/2025/B060.readable.pdf,212B9FE43F444FAD1B5B1A7F4407F074EDDCFD782ACC5A2DDED554427BC3FC32,1071,1109,TEXT_PAGE,TEXT_PAGE,0,TEXT_PAGE,Poppler pdftotext returned meaningful page-scoped text; source_page=27 uses 1-based numbering.,PASS
CUMCM-2025-B-B060,28,2025年数学建模国赛真题+优秀论文/2025数学建模国赛优秀论文/B060.pdf,17C1B7E255DCBB8E8AC34C0A750E39D7DF1EE4A5ED0D0323B46388F168090330,derived/pilot/pdf_ocr/2025/B060.readable.pdf,212B9FE43F444FAD1B5B1A7F4407F074EDDCFD782ACC5A2DDED554427BC3FC32,1291,1397,TEXT_PAGE,TEXT_PAGE,0,TEXT_PAGE,Poppler pdftotext returned meaningful page-scoped text; source_page=28 uses 1-based numbering.,PASS
CUMCM-2025-B-B060,29,2025年数学建模国赛真题+优秀论文/2025数学建模国赛优秀论文/B060.pdf,17C1B7E255DCBB8E8AC34C0A750E39D7DF1EE4A5ED0D0323B46388F168090330,derived/pilot/pdf_ocr/2025/B060.readable.pdf,212B9FE43F444FAD1B5B1A7F4407F074EDDCFD782ACC5A2DDED554427BC3FC32,1479,1424,TEXT_PAGE,TEXT_PAGE,0,TEXT_PAGE,Poppler pdftotext returned meaningful page-scoped text; source_page=29 uses 1-based numbering.,PASS
CUMCM-2025-B-B060,30,2025年数学建模国赛真题+优秀论文/2025数学建模国赛优秀论文/B060.pdf,17C1B7E255DCBB8E8AC34C0A750E39D7DF1EE4A5ED0D0323B46388F168090330,derived/pilot/pdf_ocr/2025/B060.readable.pdf,212B9FE43F444FAD1B5B1A7F4407F074EDDCFD782ACC5A2DDED554427BC3FC32,1716,1751,TEXT_PAGE,TEXT_PAGE,0,TEXT_PAGE,Poppler pdftotext returned meaningful page-scoped text; source_page=30 uses 1-based numbering.,PASS
CUMCM-2025-B-B060,31,2025年数学建模国赛真题+优秀论文/2025数学建模国赛优秀论文/B060.pdf,17C1B7E255DCBB8E8AC34C0A750E39D7DF1EE4A5ED0D0323B46388F168090330,derived/pilot/pdf_ocr/2025/B060.readable.pdf,212B9FE43F444FAD1B5B1A7F4407F074EDDCFD782ACC5A2DDED554427BC3FC32,271,272,TEXT_PAGE,TEXT_PAGE,0,TEXT_PAGE,Poppler pdftotext returned meaningful page-scoped text; source_page=31 uses 1-based numbering.,PASS
CUMCM-2025-B-B060,32,2025年数学建模国赛真题+优秀论文/2025数学建模国赛优秀论文/B060.pdf,17C1B7E255DCBB8E8AC34C0A750E39D7DF1EE4A5ED0D0323B46388F168090330,derived/pilot/pdf_ocr/2025/B060.readable.pdf,212B9FE43F444FAD1B5B1A7F4407F074EDDCFD782ACC5A2DDED554427BC3FC32,520,514,TEXT_PAGE,TEXT_PAGE,0,TEXT_PAGE,Poppler pdftotext returned meaningful page-scoped text; source_page=32 uses 1-based numbering.,PASS
CUMCM-2025-B-B060,33,2025年数学建模国赛真题+优秀论文/2025数学建模国赛优秀论文/B060.pdf,17C1B7E255DCBB8E8AC34C0A750E39D7DF1EE4A5ED0D0323B46388F168090330,derived/pilot/pdf_ocr/2025/B060.readable.pdf,212B9FE43F444FAD1B5B1A7F4407F074EDDCFD782ACC5A2DDED554427BC3FC32,1314,1337,TEXT_PAGE,TEXT_PAGE,0,TEXT_PAGE,Poppler pdftotext returned meaningful page-scoped text; source_page=33 uses 1-based numbering.,PASS
CUMCM-2025-B-B060,34,2025年数学建模国赛真题+优秀论文/2025数学建模国赛优秀论文/B060.pdf,17C1B7E255DCBB8E8AC34C0A750E39D7DF1EE4A5ED0D0323B46388F168090330,derived/pilot/pdf_ocr/2025/B060.readable.pdf,212B9FE43F444FAD1B5B1A7F4407F074EDDCFD782ACC5A2DDED554427BC3FC32,952,999,TEXT_PAGE,TEXT_PAGE,0,TEXT_PAGE,Poppler pdftotext returned meaningful page-scoped text; source_page=34 uses 1-based numbering.,PASS
CUMCM-2025-B-B060,35,2025年数学建模国赛真题+优秀论文/2025数学建模国赛优秀论文/B060.pdf,17C1B7E255DCBB8E8AC34C0A750E39D7DF1EE4A5ED0D0323B46388F168090330,derived/pilot/pdf_ocr/2025/B060.readable.pdf,212B9FE43F444FAD1B5B1A7F4407F074EDDCFD782ACC5A2DDED554427BC3FC32,1167,1242,TEXT_PAGE,TEXT_PAGE,0,TEXT_PAGE,Poppler pdftotext returned meaningful page-scoped text; source_page=35 uses 1-based numbering.,PASS
CUMCM-2025-B-B060,36,2025年数学建模国赛真题+优秀论文/2025数学建模国赛优秀论文/B060.pdf,17C1B7E255DCBB8E8AC34C0A750E39D7DF1EE4A5ED0D0323B46388F168090330,derived/pilot/pdf_ocr/2025/B060.readable.pdf,212B9FE43F444FAD1B5B1A7F4407F074EDDCFD782ACC5A2DDED554427BC3FC32,1029,1058,TEXT_PAGE,TEXT_PAGE,0,TEXT_PAGE,Poppler pdftotext returned meaningful page-scoped text; source_page=36 uses 1-based numbering.,PASS
CUMCM-2025-B-B060,37,2025年数学建模国赛真题+优秀论文/2025数学建模国赛优秀论文/B060.pdf,17C1B7E255DCBB8E8AC34C0A750E39D7DF1EE4A5ED0D0323B46388F168090330,derived/pilot/pdf_ocr/2025/B060.readable.pdf,212B9FE43F444FAD1B5B1A7F4407F074EDDCFD782ACC5A2DDED554427BC3FC32,1289,1321,TEXT_PAGE,TEXT_PAGE,0,TEXT_PAGE,Poppler pdftotext returned meaningful page-scoped text; source_page=37 uses 1-based numbering.,PASS
CUMCM-2025-B-B060,38,2025年数学建模国赛真题+优秀论文/2025数学建模国赛优秀论文/B060.pdf,17C1B7E255DCBB8E8AC34C0A750E39D7DF1EE4A5ED0D0323B46388F168090330,derived/pilot/pdf_ocr/2025/B060.readable.pdf,212B9FE43F444FAD1B5B1A7F4407F074EDDCFD782ACC5A2DDED554427BC3FC32,990,1029,TEXT_PAGE,TEXT_PAGE,0,TEXT_PAGE,Poppler pdftotext returned meaningful page-scoped text; source_page=38 uses 1-based numbering.,PASS
CUMCM-2025-B-B060,39,2025年数学建模国赛真题+优秀论文/2025数学建模国赛优秀论文/B060.pdf,17C1B7E255DCBB8E8AC34C0A750E39D7DF1EE4A5ED0D0323B46388F168090330,derived/pilot/pdf_ocr/2025/B060.readable.pdf,212B9FE43F444FAD1B5B1A7F4407F074EDDCFD782ACC5A2DDED554427BC3FC32,1528,1589,TEXT_PAGE,TEXT_PAGE,0,TEXT_PAGE,Poppler pdftotext returned meaningful page-scoped text; source_page=39 uses 1-based numbering.,PASS
CUMCM-2025-B-B060,40,2025年数学建模国赛真题+优秀论文/2025数学建模国赛优秀论文/B060.pdf,17C1B7E255DCBB8E8AC34C0A750E39D7DF1EE4A5ED0D0323B46388F168090330,derived/pilot/pdf_ocr/2025/B060.readable.pdf,212B9FE43F444FAD1B5B1A7F4407F074EDDCFD782ACC5A2DDED554427BC3FC32,1209,1247,TEXT_PAGE,TEXT_PAGE,0,TEXT_PAGE,Poppler pdftotext returned meaningful page-scoped text; source_page=40 uses 1-based numbering.,PASS
CUMCM-2025-B-B060,41,2025年数学建模国赛真题+优秀论文/2025数学建模国赛优秀论文/B060.pdf,17C1B7E255DCBB8E8AC34C0A750E39D7DF1EE4A5ED0D0323B46388F168090330,derived/pilot/pdf_ocr/2025/B060.readable.pdf,212B9FE43F444FAD1B5B1A7F4407F074EDDCFD782ACC5A2DDED554427BC3FC32,1422,1461,TEXT_PAGE,TEXT_PAGE,0,TEXT_PAGE,Poppler pdftotext returned meaningful page-scoped text; source_page=41 uses 1-based numbering.,PASS
CUMCM-2025-B-B060,42,2025年数学建模国赛真题+优秀论文/2025数学建模国赛优秀论文/B060.pdf,17C1B7E255DCBB8E8AC34C0A750E39D7DF1EE4A5ED0D0323B46388F168090330,derived/pilot/pdf_ocr/2025/B060.readable.pdf,212B9FE43F444FAD1B5B1A7F4407F074EDDCFD782ACC5A2DDED554427BC3FC32,1412,1456,TEXT_PAGE,TEXT_PAGE,0,TEXT_PAGE,Poppler pdftotext returned meaningful page-scoped text; source_page=42 uses 1-based numbering.,PASS
CUMCM-2025-B-B060,43,2025年数学建模国赛真题+优秀论文/2025数学建模国赛优秀论文/B060.pdf,17C1B7E255DCBB8E8AC34C0A750E39D7DF1EE4A5ED0D0323B46388F168090330,derived/pilot/pdf_ocr/2025/B060.readable.pdf,212B9FE43F444FAD1B5B1A7F4407F074EDDCFD782ACC5A2DDED554427BC3FC32,1272,1308,TEXT_PAGE,TEXT_PAGE,0,TEXT_PAGE,Poppler pdftotext returned meaningful page-scoped text; source_page=43 uses 1-based numbering.,PASS
CUMCM-2025-B-B060,44,2025年数学建模国赛真题+优秀论文/2025数学建模国赛优秀论文/B060.pdf,17C1B7E255DCBB8E8AC34C0A750E39D7DF1EE4A5ED0D0323B46388F168090330,derived/pilot/pdf_ocr/2025/B060.readable.pdf,212B9FE43F444FAD1B5B1A7F4407F074EDDCFD782ACC5A2DDED554427BC3FC32,1141,1308,TEXT_PAGE,TEXT_PAGE,0,TEXT_PAGE,Poppler pdftotext returned meaningful page-scoped text; source_page=44 uses 1-based numbering.,PASS
CUMCM-2025-B-B060,45,2025年数学建模国赛真题+优秀论文/2025数学建模国赛优秀论文/B060.pdf,17C1B7E255DCBB8E8AC34C0A750E39D7DF1EE4A5ED0D0323B46388F168090330,derived/pilot/pdf_ocr/2025/B060.readable.pdf,212B9FE43F444FAD1B5B1A7F4407F074EDDCFD782ACC5A2DDED554427BC3FC32,1317,1373,TEXT_PAGE,TEXT_PAGE,0,TEXT_PAGE,Poppler pdftotext returned meaningful page-scoped text; source_page=45 uses 1-based numbering.,PASS
CUMCM-2025-B-B060,46,2025年数学建模国赛真题+优秀论文/2025数学建模国赛优秀论文/B060.pdf,17C1B7E255DCBB8E8AC34C0A750E39D7DF1EE4A5ED0D0323B46388F168090330,derived/pilot/pdf_ocr/2025/B060.readable.pdf,212B9FE43F444FAD1B5B1A7F4407F074EDDCFD782ACC5A2DDED554427BC3FC32,1169,1194,TEXT_PAGE,TEXT_PAGE,0,TEXT_PAGE,Poppler pdftotext returned meaningful page-scoped text; source_page=46 uses 1-based numbering.,PASS
CUMCM-2025-B-B060,47,2025年数学建模国赛真题+优秀论文/2025数学建模国赛优秀论文/B060.pdf,17C1B7E255DCBB8E8AC34C0A750E39D7DF1EE4A5ED0D0323B46388F168090330,derived/pilot/pdf_ocr/2025/B060.readable.pdf,212B9FE43F444FAD1B5B1A7F4407F074EDDCFD782ACC5A2DDED554427BC3FC32,1310,1342,TEXT_PAGE,TEXT_PAGE,0,TEXT_PAGE,Poppler pdftotext returned meaningful page-scoped text; source_page=47 uses 1-based numbering.,PASS
CUMCM-2025-B-B060,48,2025年数学建模国赛真题+优秀论文/2025数学建模国赛优秀论文/B060.pdf,17C1B7E255DCBB8E8AC34C0A750E39D7DF1EE4A5ED0D0323B46388F168090330,derived/pilot/pdf_ocr/2025/B060.readable.pdf,212B9FE43F444FAD1B5B1A7F4407F074EDDCFD782ACC5A2DDED554427BC3FC32,1158,1190,TEXT_PAGE,TEXT_PAGE,0,TEXT_PAGE,Poppler pdftotext returned meaningful page-scoped text; source_page=48 uses 1-based numbering.,PASS
CUMCM-2025-B-B060,49,2025年数学建模国赛真题+优秀论文/2025数学建模国赛优秀论文/B060.pdf,17C1B7E255DCBB8E8AC34C0A750E39D7DF1EE4A5ED0D0323B46388F168090330,derived/pilot/pdf_ocr/2025/B060.readable.pdf,212B9FE43F444FAD1B5B1A7F4407F074EDDCFD782ACC5A2DDED554427BC3FC32,1206,1359,TEXT_PAGE,TEXT_PAGE,0,TEXT_PAGE,Poppler pdftotext returned meaningful page-scoped text; source_page=49 uses 1-based numbering.,PASS
CUMCM-2025-B-B060,50,2025年数学建模国赛真题+优秀论文/2025数学建模国赛优秀论文/B060.pdf,17C1B7E255DCBB8E8AC34C0A750E39D7DF1EE4A5ED0D0323B46388F168090330,derived/pilot/pdf_ocr/2025/B060.readable.pdf,212B9FE43F444FAD1B5B1A7F4407F074EDDCFD782ACC5A2DDED554427BC3FC32,1299,1339,TEXT_PAGE,TEXT_PAGE,0,TEXT_PAGE,Poppler pdftotext returned meaningful page-scoped text; source_page=50 uses 1-based numbering.,PASS
CUMCM-2025-B-B060,51,2025年数学建模国赛真题+优秀论文/2025数学建模国赛优秀论文/B060.pdf,17C1B7E255DCBB8E8AC34C0A750E39D7DF1EE4A5ED0D0323B46388F168090330,derived/pilot/pdf_ocr/2025/B060.readable.pdf,212B9FE43F444FAD1B5B1A7F4407F074EDDCFD782ACC5A2DDED554427BC3FC32,1410,1454,TEXT_PAGE,TEXT_PAGE,0,TEXT_PAGE,Poppler pdftotext returned meaningful page-scoped text; source_page=51 uses 1-based numbering.,PASS
CUMCM-2025-B-B060,52,2025年数学建模国赛真题+优秀论文/2025数学建模国赛优秀论文/B060.pdf,17C1B7E255DCBB8E8AC34C0A750E39D7DF1EE4A5ED0D0323B46388F168090330,derived/pilot/pdf_ocr/2025/B060.readable.pdf,212B9FE43F444FAD1B5B1A7F4407F074EDDCFD782ACC5A2DDED554427BC3FC32,1158,1173,TEXT_PAGE,TEXT_PAGE,0,TEXT_PAGE,Poppler pdftotext returned meaningful page-scoped text; source_page=52 uses 1-based numbering.,PASS
CUMCM-2025-B-B060,53,2025年数学建模国赛真题+优秀论文/2025数学建模国赛优秀论文/B060.pdf,17C1B7E255DCBB8E8AC34C0A750E39D7DF1EE4A5ED0D0323B46388F168090330,derived/pilot/pdf_ocr/2025/B060.readable.pdf,212B9FE43F444FAD1B5B1A7F4407F074EDDCFD782ACC5A2DDED554427BC3FC32,1231,1288,TEXT_PAGE,TEXT_PAGE,0,TEXT_PAGE,Poppler pdftotext returned meaningful page-scoped text; source_page=53 uses 1-based numbering.,PASS
CUMCM-2025-B-B060,54,2025年数学建模国赛真题+优秀论文/2025数学建模国赛优秀论文/B060.pdf,17C1B7E255DCBB8E8AC34C0A750E39D7DF1EE4A5ED0D0323B46388F168090330,derived/pilot/pdf_ocr/2025/B060.readable.pdf,212B9FE43F444FAD1B5B1A7F4407F074EDDCFD782ACC5A2DDED554427BC3FC32,1064,1095,TEXT_PAGE,TEXT_PAGE,0,TEXT_PAGE,Poppler pdftotext returned meaningful page-scoped text; source_page=54 uses 1-based numbering.,PASS
CUMCM-2025-B-B060,55,2025年数学建模国赛真题+优秀论文/2025数学建模国赛优秀论文/B060.pdf,17C1B7E255DCBB8E8AC34C0A750E39D7DF1EE4A5ED0D0323B46388F168090330,derived/pilot/pdf_ocr/2025/B060.readable.pdf,212B9FE43F444FAD1B5B1A7F4407F074EDDCFD782ACC5A2DDED554427BC3FC32,1373,1401,TEXT_PAGE,TEXT_PAGE,0,TEXT_PAGE,Poppler pdftotext returned meaningful page-scoped text; source_page=55 uses 1-based numbering.,PASS
CUMCM-2025-B-B060,56,2025年数学建模国赛真题+优秀论文/2025数学建模国赛优秀论文/B060.pdf,17C1B7E255DCBB8E8AC34C0A750E39D7DF1EE4A5ED0D0323B46388F168090330,derived/pilot/pdf_ocr/2025/B060.readable.pdf,212B9FE43F444FAD1B5B1A7F4407F074EDDCFD782ACC5A2DDED554427BC3FC32,1387,1427,TEXT_PAGE,TEXT_PAGE,0,TEXT_PAGE,Poppler pdftotext returned meaningful page-scoped text; source_page=56 uses 1-based numbering.,PASS
CUMCM-2025-B-B060,57,2025年数学建模国赛真题+优秀论文/2025数学建模国赛优秀论文/B060.pdf,17C1B7E255DCBB8E8AC34C0A750E39D7DF1EE4A5ED0D0323B46388F168090330,derived/pilot/pdf_ocr/2025/B060.readable.pdf,212B9FE43F444FAD1B5B1A7F4407F074EDDCFD782ACC5A2DDED554427BC3FC32,1195,1240,TEXT_PAGE,TEXT_PAGE,0,TEXT_PAGE,Poppler pdftotext returned meaningful page-scoped text; source_page=57 uses 1-based numbering.,PASS
CUMCM-2025-B-B060,58,2025年数学建模国赛真题+优秀论文/2025数学建模国赛优秀论文/B060.pdf,17C1B7E255DCBB8E8AC34C0A750E39D7DF1EE4A5ED0D0323B46388F168090330,derived/pilot/pdf_ocr/2025/B060.readable.pdf,212B9FE43F444FAD1B5B1A7F4407F074EDDCFD782ACC5A2DDED554427BC3FC32,1128,1171,TEXT_PAGE,TEXT_PAGE,0,TEXT_PAGE,Poppler pdftotext returned meaningful page-scoped text; source_page=58 uses 1-based numbering.,PASS
CUMCM-2025-B-B060,59,2025年数学建模国赛真题+优秀论文/2025数学建模国赛优秀论文/B060.pdf,17C1B7E255DCBB8E8AC34C0A750E39D7DF1EE4A5ED0D0323B46388F168090330,derived/pilot/pdf_ocr/2025/B060.readable.pdf,212B9FE43F444FAD1B5B1A7F4407F074EDDCFD782ACC5A2DDED554427BC3FC32,1179,1203,TEXT_PAGE,TEXT_PAGE,0,TEXT_PAGE,Poppler pdftotext returned meaningful page-scoped text; source_page=59 uses 1-based numbering.,PASS
CUMCM-2025-B-B060,60,2025年数学建模国赛真题+优秀论文/2025数学建模国赛优秀论文/B060.pdf,17C1B7E255DCBB8E8AC34C0A750E39D7DF1EE4A5ED0D0323B46388F168090330,derived/pilot/pdf_ocr/2025/B060.readable.pdf,212B9FE43F444FAD1B5B1A7F4407F074EDDCFD782ACC5A2DDED554427BC3FC32,1231,1287,TEXT_PAGE,TEXT_PAGE,0,TEXT_PAGE,Poppler pdftotext returned meaningful page-scoped text; source_page=60 uses 1-based numbering.,PASS
CUMCM-2025-B-B060,61,2025年数学建模国赛真题+优秀论文/2025数学建模国赛优秀论文/B060.pdf,17C1B7E255DCBB8E8AC34C0A750E39D7DF1EE4A5ED0D0323B46388F168090330,derived/pilot/pdf_ocr/2025/B060.readable.pdf,212B9FE43F444FAD1B5B1A7F4407F074EDDCFD782ACC5A2DDED554427BC3FC32,1088,1120,TEXT_PAGE,TEXT_PAGE,0,TEXT_PAGE,Poppler pdftotext returned meaningful page-scoped text; source_page=61 uses 1-based numbering.,PASS
CUMCM-2025-B-B060,62,2025年数学建模国赛真题+优秀论文/2025数学建模国赛优秀论文/B060.pdf,17C1B7E255DCBB8E8AC34C0A750E39D7DF1EE4A5ED0D0323B46388F168090330,derived/pilot/pdf_ocr/2025/B060.readable.pdf,212B9FE43F444FAD1B5B1A7F4407F074EDDCFD782ACC5A2DDED554427BC3FC32,1197,1216,TEXT_PAGE,TEXT_PAGE,0,TEXT_PAGE,Poppler pdftotext returned meaningful page-scoped text; source_page=62 uses 1-based numbering.,PASS
CUMCM-2025-B-B060,63,2025年数学建模国赛真题+优秀论文/2025数学建模国赛优秀论文/B060.pdf,17C1B7E255DCBB8E8AC34C0A750E39D7DF1EE4A5ED0D0323B46388F168090330,derived/pilot/pdf_ocr/2025/B060.readable.pdf,212B9FE43F444FAD1B5B1A7F4407F074EDDCFD782ACC5A2DDED554427BC3FC32,1054,1112,TEXT_PAGE,TEXT_PAGE,0,TEXT_PAGE,Poppler pdftotext returned meaningful page-scoped text; source_page=63 uses 1-based numbering.,PASS
CUMCM-2025-B-B060,64,2025年数学建模国赛真题+优秀论文/2025数学建模国赛优秀论文/B060.pdf,17C1B7E255DCBB8E8AC34C0A750E39D7DF1EE4A5ED0D0323B46388F168090330,derived/pilot/pdf_ocr/2025/B060.readable.pdf,212B9FE43F444FAD1B5B1A7F4407F074EDDCFD782ACC5A2DDED554427BC3FC32,1145,1229,TEXT_PAGE,TEXT_PAGE,0,TEXT_PAGE,Poppler pdftotext returned meaningful page-scoped text; source_page=64 uses 1-based numbering.,PASS
CUMCM-2025-B-B060,65,2025年数学建模国赛真题+优秀论文/2025数学建模国赛优秀论文/B060.pdf,17C1B7E255DCBB8E8AC34C0A750E39D7DF1EE4A5ED0D0323B46388F168090330,derived/pilot/pdf_ocr/2025/B060.readable.pdf,212B9FE43F444FAD1B5B1A7F4407F074EDDCFD782ACC5A2DDED554427BC3FC32,1102,1109,TEXT_PAGE,TEXT_PAGE,0,TEXT_PAGE,Poppler pdftotext returned meaningful page-scoped text; source_page=65 uses 1-based numbering.,PASS
CUMCM-2025-B-B060,66,2025年数学建模国赛真题+优秀论文/2025数学建模国赛优秀论文/B060.pdf,17C1B7E255DCBB8E8AC34C0A750E39D7DF1EE4A5ED0D0323B46388F168090330,derived/pilot/pdf_ocr/2025/B060.readable.pdf,212B9FE43F444FAD1B5B1A7F4407F074EDDCFD782ACC5A2DDED554427BC3FC32,1299,1320,TEXT_PAGE,TEXT_PAGE,0,TEXT_PAGE,Poppler pdftotext returned meaningful page-scoped text; source_page=66 uses 1-based numbering.,PASS
CUMCM-2025-B-B060,67,2025年数学建模国赛真题+优秀论文/2025数学建模国赛优秀论文/B060.pdf,17C1B7E255DCBB8E8AC34C0A750E39D7DF1EE4A5ED0D0323B46388F168090330,derived/pilot/pdf_ocr/2025/B060.readable.pdf,212B9FE43F444FAD1B5B1A7F4407F074EDDCFD782ACC5A2DDED554427BC3FC32,884,962,TEXT_PAGE,TEXT_PAGE,0,TEXT_PAGE,Poppler pdftotext returned meaningful page-scoped text; source_page=67 uses 1-based numbering.,PASS
CUMCM-2025-B-B060,68,2025年数学建模国赛真题+优秀论文/2025数学建模国赛优秀论文/B060.pdf,17C1B7E255DCBB8E8AC34C0A750E39D7DF1EE4A5ED0D0323B46388F168090330,derived/pilot/pdf_ocr/2025/B060.readable.pdf,212B9FE43F444FAD1B5B1A7F4407F074EDDCFD782ACC5A2DDED554427BC3FC32,1157,1177,TEXT_PAGE,TEXT_PAGE,0,TEXT_PAGE,Poppler pdftotext returned meaningful page-scoped text; source_page=68 uses 1-based numbering.,PASS
CUMCM-2025-B-B060,69,2025年数学建模国赛真题+优秀论文/2025数学建模国赛优秀论文/B060.pdf,17C1B7E255DCBB8E8AC34C0A750E39D7DF1EE4A5ED0D0323B46388F168090330,derived/pilot/pdf_ocr/2025/B060.readable.pdf,212B9FE43F444FAD1B5B1A7F4407F074EDDCFD782ACC5A2DDED554427BC3FC32,1319,1316,TEXT_PAGE,TEXT_PAGE,0,TEXT_PAGE,Poppler pdftotext returned meaningful page-scoped text; source_page=69 uses 1-based numbering.,PASS
CUMCM-2025-B-B060,70,2025年数学建模国赛真题+优秀论文/2025数学建模国赛优秀论文/B060.pdf,17C1B7E255DCBB8E8AC34C0A750E39D7DF1EE4A5ED0D0323B46388F168090330,derived/pilot/pdf_ocr/2025/B060.readable.pdf,212B9FE43F444FAD1B5B1A7F4407F074EDDCFD782ACC5A2DDED554427BC3FC32,1228,1288,TEXT_PAGE,TEXT_PAGE,0,TEXT_PAGE,Poppler pdftotext returned meaningful page-scoped text; source_page=70 uses 1-based numbering.,PASS
CUMCM-2025-B-B060,71,2025年数学建模国赛真题+优秀论文/2025数学建模国赛优秀论文/B060.pdf,17C1B7E255DCBB8E8AC34C0A750E39D7DF1EE4A5ED0D0323B46388F168090330,derived/pilot/pdf_ocr/2025/B060.readable.pdf,212B9FE43F444FAD1B5B1A7F4407F074EDDCFD782ACC5A2DDED554427BC3FC32,12,24,IMAGE_MARKER_ONLY,GARBLED,0,IMAGE_ONLY_CONTENT_PAGE,"Independent Poppler pdftoppm visual QA of the readable PDF page shows rendered non-text page content (code/listing, figure, publisher watermark or page artifact) while both text extractors are unavailable/rejected as reliable; classified as IMAGE_ONLY_CONTENT_PAGE.",PASS
CUMCM-2025-B-B060,72,2025年数学建模国赛真题+优秀论文/2025数学建模国赛优秀论文/B060.pdf,17C1B7E255DCBB8E8AC34C0A750E39D7DF1EE4A5ED0D0323B46388F168090330,derived/pilot/pdf_ocr/2025/B060.readable.pdf,212B9FE43F444FAD1B5B1A7F4407F074EDDCFD782ACC5A2DDED554427BC3FC32,965,988,TEXT_PAGE,TEXT_PAGE,0,TEXT_PAGE,Poppler pdftotext returned meaningful page-scoped text; source_page=72 uses 1-based numbering.,PASS
CUMCM-2025-C-C023,1,2025年数学建模国赛真题+优秀论文/2025数学建模国赛优秀论文/C023.pdf,515FD73059B427606FFD099781A124D34BAC3306BEE87C61D47259622351EB17,derived/pilot/pdf_ocr/2025/C023.readable.pdf,FB068D6858FC822CB85CD029498335BFF9F6CB90FCCE6B85C31272CF0100C7C0,1866,1746,TEXT_PAGE,TEXT_PAGE,0,TEXT_PAGE,Poppler pdftotext returned meaningful page-scoped text; source_page=1 uses 1-based numbering.,PASS
CUMCM-2025-C-C023,2,2025年数学建模国赛真题+优秀论文/2025数学建模国赛优秀论文/C023.pdf,515FD73059B427606FFD099781A124D34BAC3306BEE87C61D47259622351EB17,derived/pilot/pdf_ocr/2025/C023.readable.pdf,FB068D6858FC822CB85CD029498335BFF9F6CB90FCCE6B85C31272CF0100C7C0,1283,1255,TEXT_PAGE,TEXT_PAGE,0,TEXT_PAGE,Poppler pdftotext returned meaningful page-scoped text; source_page=2 uses 1-based numbering.,PASS
CUMCM-2025-C-C023,3,2025年数学建模国赛真题+优秀论文/2025数学建模国赛优秀论文/C023.pdf,515FD73059B427606FFD099781A124D34BAC3306BEE87C61D47259622351EB17,derived/pilot/pdf_ocr/2025/C023.readable.pdf,FB068D6858FC822CB85CD029498335BFF9F6CB90FCCE6B85C31272CF0100C7C0,668,678,TEXT_PAGE,TEXT_PAGE,0,TEXT_PAGE,Poppler pdftotext returned meaningful page-scoped text; source_page=3 uses 1-based numbering.,PASS
CUMCM-2025-C-C023,4,2025年数学建模国赛真题+优秀论文/2025数学建模国赛优秀论文/C023.pdf,515FD73059B427606FFD099781A124D34BAC3306BEE87C61D47259622351EB17,derived/pilot/pdf_ocr/2025/C023.readable.pdf,FB068D6858FC822CB85CD029498335BFF9F6CB90FCCE6B85C31272CF0100C7C0,819,878,TEXT_PAGE,TEXT_PAGE,0,TEXT_PAGE,Poppler pdftotext returned meaningful page-scoped text; source_page=4 uses 1-based numbering.,PASS
CUMCM-2025-C-C023,5,2025年数学建模国赛真题+优秀论文/2025数学建模国赛优秀论文/C023.pdf,515FD73059B427606FFD099781A124D34BAC3306BEE87C61D47259622351EB17,derived/pilot/pdf_ocr/2025/C023.readable.pdf,FB068D6858FC822CB85CD029498335BFF9F6CB90FCCE6B85C31272CF0100C7C0,809,799,TEXT_PAGE,TEXT_PAGE,0,TEXT_PAGE,Poppler pdftotext returned meaningful page-scoped text; source_page=5 uses 1-based numbering.,PASS
CUMCM-2025-C-C023,6,2025年数学建模国赛真题+优秀论文/2025数学建模国赛优秀论文/C023.pdf,515FD73059B427606FFD099781A124D34BAC3306BEE87C61D47259622351EB17,derived/pilot/pdf_ocr/2025/C023.readable.pdf,FB068D6858FC822CB85CD029498335BFF9F6CB90FCCE6B85C31272CF0100C7C0,965,976,TEXT_PAGE,TEXT_PAGE,0,TEXT_PAGE,Poppler pdftotext returned meaningful page-scoped text; source_page=6 uses 1-based numbering.,PASS
CUMCM-2025-C-C023,7,2025年数学建模国赛真题+优秀论文/2025数学建模国赛优秀论文/C023.pdf,515FD73059B427606FFD099781A124D34BAC3306BEE87C61D47259622351EB17,derived/pilot/pdf_ocr/2025/C023.readable.pdf,FB068D6858FC822CB85CD029498335BFF9F6CB90FCCE6B85C31272CF0100C7C0,1331,1323,TEXT_PAGE,TEXT_PAGE,0,TEXT_PAGE,Poppler pdftotext returned meaningful page-scoped text; source_page=7 uses 1-based numbering.,PASS
CUMCM-2025-C-C023,8,2025年数学建模国赛真题+优秀论文/2025数学建模国赛优秀论文/C023.pdf,515FD73059B427606FFD099781A124D34BAC3306BEE87C61D47259622351EB17,derived/pilot/pdf_ocr/2025/C023.readable.pdf,FB068D6858FC822CB85CD029498335BFF9F6CB90FCCE6B85C31272CF0100C7C0,937,938,TEXT_PAGE,TEXT_PAGE,0,TEXT_PAGE,Poppler pdftotext returned meaningful page-scoped text; source_page=8 uses 1-based numbering.,PASS
CUMCM-2025-C-C023,9,2025年数学建模国赛真题+优秀论文/2025数学建模国赛优秀论文/C023.pdf,515FD73059B427606FFD099781A124D34BAC3306BEE87C61D47259622351EB17,derived/pilot/pdf_ocr/2025/C023.readable.pdf,FB068D6858FC822CB85CD029498335BFF9F6CB90FCCE6B85C31272CF0100C7C0,12,23,IMAGE_MARKER_ONLY,GARBLED,0,IMAGE_ONLY_CONTENT_PAGE,"Independent Poppler pdftoppm visual QA of the readable PDF page shows rendered non-text page content (code/listing, figure, publisher watermark or page artifact) while both text extractors are unavailable/rejected as reliable; classified as IMAGE_ONLY_CONTENT_PAGE.",PASS
CUMCM-2025-C-C023,10,2025年数学建模国赛真题+优秀论文/2025数学建模国赛优秀论文/C023.pdf,515FD73059B427606FFD099781A124D34BAC3306BEE87C61D47259622351EB17,derived/pilot/pdf_ocr/2025/C023.readable.pdf,FB068D6858FC822CB85CD029498335BFF9F6CB90FCCE6B85C31272CF0100C7C0,1343,1304,TEXT_PAGE,TEXT_PAGE,0,TEXT_PAGE,Poppler pdftotext returned meaningful page-scoped text; source_page=10 uses 1-based numbering.,PASS
CUMCM-2025-C-C023,11,2025年数学建模国赛真题+优秀论文/2025数学建模国赛优秀论文/C023.pdf,515FD73059B427606FFD099781A124D34BAC3306BEE87C61D47259622351EB17,derived/pilot/pdf_ocr/2025/C023.readable.pdf,FB068D6858FC822CB85CD029498335BFF9F6CB90FCCE6B85C31272CF0100C7C0,1419,1342,TEXT_PAGE,TEXT_PAGE,0,TEXT_PAGE,Poppler pdftotext returned meaningful page-scoped text; source_page=11 uses 1-based numbering.,PASS
CUMCM-2025-C-C023,12,2025年数学建模国赛真题+优秀论文/2025数学建模国赛优秀论文/C023.pdf,515FD73059B427606FFD099781A124D34BAC3306BEE87C61D47259622351EB17,derived/pilot/pdf_ocr/2025/C023.readable.pdf,FB068D6858FC822CB85CD029498335BFF9F6CB90FCCE6B85C31272CF0100C7C0,1178,1192,TEXT_PAGE,TEXT_PAGE,0,TEXT_PAGE,Poppler pdftotext returned meaningful page-scoped text; source_page=12 uses 1-based numbering.,PASS
CUMCM-2025-C-C023,13,2025年数学建模国赛真题+优秀论文/2025数学建模国赛优秀论文/C023.pdf,515FD73059B427606FFD099781A124D34BAC3306BEE87C61D47259622351EB17,derived/pilot/pdf_ocr/2025/C023.readable.pdf,FB068D6858FC822CB85CD029498335BFF9F6CB90FCCE6B85C31272CF0100C7C0,786,794,TEXT_PAGE,TEXT_PAGE,0,TEXT_PAGE,Poppler pdftotext returned meaningful page-scoped text; source_page=13 uses 1-based numbering.,PASS
CUMCM-2025-C-C023,14,2025年数学建模国赛真题+优秀论文/2025数学建模国赛优秀论文/C023.pdf,515FD73059B427606FFD099781A124D34BAC3306BEE87C61D47259622351EB17,derived/pilot/pdf_ocr/2025/C023.readable.pdf,FB068D6858FC822CB85CD029498335BFF9F6CB90FCCE6B85C31272CF0100C7C0,644,763,TEXT_PAGE,TEXT_PAGE,0,TEXT_PAGE,Poppler pdftotext returned meaningful page-scoped text; source_page=14 uses 1-based numbering.,PASS
CUMCM-2025-C-C023,15,2025年数学建模国赛真题+优秀论文/2025数学建模国赛优秀论文/C023.pdf,515FD73059B427606FFD099781A124D34BAC3306BEE87C61D47259622351EB17,derived/pilot/pdf_ocr/2025/C023.readable.pdf,FB068D6858FC822CB85CD029498335BFF9F6CB90FCCE6B85C31272CF0100C7C0,774,894,TEXT_PAGE,TEXT_PAGE,0,TEXT_PAGE,Poppler pdftotext returned meaningful page-scoped text; source_page=15 uses 1-based numbering.,PASS
CUMCM-2025-C-C023,16,2025年数学建模国赛真题+优秀论文/2025数学建模国赛优秀论文/C023.pdf,515FD73059B427606FFD099781A124D34BAC3306BEE87C61D47259622351EB17,derived/pilot/pdf_ocr/2025/C023.readable.pdf,FB068D6858FC822CB85CD029498335BFF9F6CB90FCCE6B85C31272CF0100C7C0,1065,1043,TEXT_PAGE,TEXT_PAGE,0,TEXT_PAGE,Poppler pdftotext returned meaningful page-scoped text; source_page=16 uses 1-based numbering.,PASS
CUMCM-2025-C-C023,17,2025年数学建模国赛真题+优秀论文/2025数学建模国赛优秀论文/C023.pdf,515FD73059B427606FFD099781A124D34BAC3306BEE87C61D47259622351EB17,derived/pilot/pdf_ocr/2025/C023.readable.pdf,FB068D6858FC822CB85CD029498335BFF9F6CB90FCCE6B85C31272CF0100C7C0,1258,1203,TEXT_PAGE,TEXT_PAGE,0,TEXT_PAGE,Poppler pdftotext returned meaningful page-scoped text; source_page=17 uses 1-based numbering.,PASS
CUMCM-2025-C-C023,18,2025年数学建模国赛真题+优秀论文/2025数学建模国赛优秀论文/C023.pdf,515FD73059B427606FFD099781A124D34BAC3306BEE87C61D47259622351EB17,derived/pilot/pdf_ocr/2025/C023.readable.pdf,FB068D6858FC822CB85CD029498335BFF9F6CB90FCCE6B85C31272CF0100C7C0,1322,1469,TEXT_PAGE,TEXT_PAGE,0,TEXT_PAGE,Poppler pdftotext returned meaningful page-scoped text; source_page=18 uses 1-based numbering.,PASS
CUMCM-2025-C-C023,19,2025年数学建模国赛真题+优秀论文/2025数学建模国赛优秀论文/C023.pdf,515FD73059B427606FFD099781A124D34BAC3306BEE87C61D47259622351EB17,derived/pilot/pdf_ocr/2025/C023.readable.pdf,FB068D6858FC822CB85CD029498335BFF9F6CB90FCCE6B85C31272CF0100C7C0,1428,1342,TEXT_PAGE,TEXT_PAGE,0,TEXT_PAGE,Poppler pdftotext returned meaningful page-scoped text; source_page=19 uses 1-based numbering.,PASS
CUMCM-2025-C-C023,20,2025年数学建模国赛真题+优秀论文/2025数学建模国赛优秀论文/C023.pdf,515FD73059B427606FFD099781A124D34BAC3306BEE87C61D47259622351EB17,derived/pilot/pdf_ocr/2025/C023.readable.pdf,FB068D6858FC822CB85CD029498335BFF9F6CB90FCCE6B85C31272CF0100C7C0,1062,1015,TEXT_PAGE,TEXT_PAGE,0,TEXT_PAGE,Poppler pdftotext returned meaningful page-scoped text; source_page=20 uses 1-based numbering.,PASS
CUMCM-2025-C-C023,21,2025年数学建模国赛真题+优秀论文/2025数学建模国赛优秀论文/C023.pdf,515FD73059B427606FFD099781A124D34BAC3306BEE87C61D47259622351EB17,derived/pilot/pdf_ocr/2025/C023.readable.pdf,FB068D6858FC822CB85CD029498335BFF9F6CB90FCCE6B85C31272CF0100C7C0,739,752,TEXT_PAGE,TEXT_PAGE,0,TEXT_PAGE,Poppler pdftotext returned meaningful page-scoped text; source_page=21 uses 1-based numbering.,PASS
CUMCM-2025-C-C023,22,2025年数学建模国赛真题+优秀论文/2025数学建模国赛优秀论文/C023.pdf,515FD73059B427606FFD099781A124D34BAC3306BEE87C61D47259622351EB17,derived/pilot/pdf_ocr/2025/C023.readable.pdf,FB068D6858FC822CB85CD029498335BFF9F6CB90FCCE6B85C31272CF0100C7C0,971,1042,TEXT_PAGE,TEXT_PAGE,0,TEXT_PAGE,Poppler pdftotext returned meaningful page-scoped text; source_page=22 uses 1-based numbering.,PASS
CUMCM-2025-C-C023,23,2025年数学建模国赛真题+优秀论文/2025数学建模国赛优秀论文/C023.pdf,515FD73059B427606FFD099781A124D34BAC3306BEE87C61D47259622351EB17,derived/pilot/pdf_ocr/2025/C023.readable.pdf,FB068D6858FC822CB85CD029498335BFF9F6CB90FCCE6B85C31272CF0100C7C0,1355,1282,TEXT_PAGE,TEXT_PAGE,0,TEXT_PAGE,Poppler pdftotext returned meaningful page-scoped text; source_page=23 uses 1-based numbering.,PASS
CUMCM-2025-C-C023,24,2025年数学建模国赛真题+优秀论文/2025数学建模国赛优秀论文/C023.pdf,515FD73059B427606FFD099781A124D34BAC3306BEE87C61D47259622351EB17,derived/pilot/pdf_ocr/2025/C023.readable.pdf,FB068D6858FC822CB85CD029498335BFF9F6CB90FCCE6B85C31272CF0100C7C0,1429,1406,TEXT_PAGE,TEXT_PAGE,0,TEXT_PAGE,Poppler pdftotext returned meaningful page-scoped text; source_page=24 uses 1-based numbering.,PASS
CUMCM-2025-C-C023,25,2025年数学建模国赛真题+优秀论文/2025数学建模国赛优秀论文/C023.pdf,515FD73059B427606FFD099781A124D34BAC3306BEE87C61D47259622351EB17,derived/pilot/pdf_ocr/2025/C023.readable.pdf,FB068D6858FC822CB85CD029498335BFF9F6CB90FCCE6B85C31272CF0100C7C0,1085,1048,TEXT_PAGE,TEXT_PAGE,0,TEXT_PAGE,Poppler pdftotext returned meaningful page-scoped text; source_page=25 uses 1-based numbering.,PASS
CUMCM-2025-C-C023,26,2025年数学建模国赛真题+优秀论文/2025数学建模国赛优秀论文/C023.pdf,515FD73059B427606FFD099781A124D34BAC3306BEE87C61D47259622351EB17,derived/pilot/pdf_ocr/2025/C023.readable.pdf,FB068D6858FC822CB85CD029498335BFF9F6CB90FCCE6B85C31272CF0100C7C0,12,13,IMAGE_MARKER_ONLY,GARBLED,0,IMAGE_ONLY_CONTENT_PAGE,"Independent Poppler pdftoppm visual QA of the readable PDF page shows rendered non-text page content (code/listing, figure, publisher watermark or page artifact) while both text extractors are unavailable/rejected as reliable; classified as IMAGE_ONLY_CONTENT_PAGE.",PASS
CUMCM-2025-C-C023,27,2025年数学建模国赛真题+优秀论文/2025数学建模国赛优秀论文/C023.pdf,515FD73059B427606FFD099781A124D34BAC3306BEE87C61D47259622351EB17,derived/pilot/pdf_ocr/2025/C023.readable.pdf,FB068D6858FC822CB85CD029498335BFF9F6CB90FCCE6B85C31272CF0100C7C0,1007,1051,TEXT_PAGE,TEXT_PAGE,0,TEXT_PAGE,Poppler pdftotext returned meaningful page-scoped text; source_page=27 uses 1-based numbering.,PASS
CUMCM-2025-C-C023,28,2025年数学建模国赛真题+优秀论文/2025数学建模国赛优秀论文/C023.pdf,515FD73059B427606FFD099781A124D34BAC3306BEE87C61D47259622351EB17,derived/pilot/pdf_ocr/2025/C023.readable.pdf,FB068D6858FC822CB85CD029498335BFF9F6CB90FCCE6B85C31272CF0100C7C0,985,1195,TEXT_PAGE,TEXT_PAGE,0,TEXT_PAGE,Poppler pdftotext returned meaningful page-scoped text; source_page=28 uses 1-based numbering.,PASS
CUMCM-2025-C-C023,29,2025年数学建模国赛真题+优秀论文/2025数学建模国赛优秀论文/C023.pdf,515FD73059B427606FFD099781A124D34BAC3306BEE87C61D47259622351EB17,derived/pilot/pdf_ocr/2025/C023.readable.pdf,FB068D6858FC822CB85CD029498335BFF9F6CB90FCCE6B85C31272CF0100C7C0,1047,1125,TEXT_PAGE,TEXT_PAGE,0,TEXT_PAGE,Poppler pdftotext returned meaningful page-scoped text; source_page=29 uses 1-based numbering.,PASS
CUMCM-2025-C-C023,30,2025年数学建模国赛真题+优秀论文/2025数学建模国赛优秀论文/C023.pdf,515FD73059B427606FFD099781A124D34BAC3306BEE87C61D47259622351EB17,derived/pilot/pdf_ocr/2025/C023.readable.pdf,FB068D6858FC822CB85CD029498335BFF9F6CB90FCCE6B85C31272CF0100C7C0,784,899,TEXT_PAGE,TEXT_PAGE,0,TEXT_PAGE,Poppler pdftotext returned meaningful page-scoped text; source_page=30 uses 1-based numbering.,PASS
CUMCM-2025-C-C023,31,2025年数学建模国赛真题+优秀论文/2025数学建模国赛优秀论文/C023.pdf,515FD73059B427606FFD099781A124D34BAC3306BEE87C61D47259622351EB17,derived/pilot/pdf_ocr/2025/C023.readable.pdf,FB068D6858FC822CB85CD029498335BFF9F6CB90FCCE6B85C31272CF0100C7C0,1302,1440,TEXT_PAGE,TEXT_PAGE,0,TEXT_PAGE,Poppler pdftotext returned meaningful page-scoped text; source_page=31 uses 1-based numbering.,PASS
CUMCM-2025-C-C023,32,2025年数学建模国赛真题+优秀论文/2025数学建模国赛优秀论文/C023.pdf,515FD73059B427606FFD099781A124D34BAC3306BEE87C61D47259622351EB17,derived/pilot/pdf_ocr/2025/C023.readable.pdf,FB068D6858FC822CB85CD029498335BFF9F6CB90FCCE6B85C31272CF0100C7C0,1132,1163,TEXT_PAGE,TEXT_PAGE,0,TEXT_PAGE,Poppler pdftotext returned meaningful page-scoped text; source_page=32 uses 1-based numbering.,PASS
CUMCM-2025-C-C023,33,2025年数学建模国赛真题+优秀论文/2025数学建模国赛优秀论文/C023.pdf,515FD73059B427606FFD099781A124D34BAC3306BEE87C61D47259622351EB17,derived/pilot/pdf_ocr/2025/C023.readable.pdf,FB068D6858FC822CB85CD029498335BFF9F6CB90FCCE6B85C31272CF0100C7C0,1174,1219,TEXT_PAGE,TEXT_PAGE,0,TEXT_PAGE,Poppler pdftotext returned meaningful page-scoped text; source_page=33 uses 1-based numbering.,PASS
CUMCM-2025-C-C023,34,2025年数学建模国赛真题+优秀论文/2025数学建模国赛优秀论文/C023.pdf,515FD73059B427606FFD099781A124D34BAC3306BEE87C61D47259622351EB17,derived/pilot/pdf_ocr/2025/C023.readable.pdf,FB068D6858FC822CB85CD029498335BFF9F6CB90FCCE6B85C31272CF0100C7C0,1078,1226,TEXT_PAGE,TEXT_PAGE,0,TEXT_PAGE,Poppler pdftotext returned meaningful page-scoped text; source_page=34 uses 1-based numbering.,PASS
CUMCM-2025-C-C023,35,2025年数学建模国赛真题+优秀论文/2025数学建模国赛优秀论文/C023.pdf,515FD73059B427606FFD099781A124D34BAC3306BEE87C61D47259622351EB17,derived/pilot/pdf_ocr/2025/C023.readable.pdf,FB068D6858FC822CB85CD029498335BFF9F6CB90FCCE6B85C31272CF0100C7C0,1173,1365,TEXT_PAGE,TEXT_PAGE,0,TEXT_PAGE,Poppler pdftotext returned meaningful page-scoped text; source_page=35 uses 1-based numbering.,PASS
CUMCM-2025-C-C023,36,2025年数学建模国赛真题+优秀论文/2025数学建模国赛优秀论文/C023.pdf,515FD73059B427606FFD099781A124D34BAC3306BEE87C61D47259622351EB17,derived/pilot/pdf_ocr/2025/C023.readable.pdf,FB068D6858FC822CB85CD029498335BFF9F6CB90FCCE6B85C31272CF0100C7C0,1233,1349,TEXT_PAGE,TEXT_PAGE,0,TEXT_PAGE,Poppler pdftotext returned meaningful page-scoped text; source_page=36 uses 1-based numbering.,PASS
CUMCM-2025-C-C023,37,2025年数学建模国赛真题+优秀论文/2025数学建模国赛优秀论文/C023.pdf,515FD73059B427606FFD099781A124D34BAC3306BEE87C61D47259622351EB17,derived/pilot/pdf_ocr/2025/C023.readable.pdf,FB068D6858FC822CB85CD029498335BFF9F6CB90FCCE6B85C31272CF0100C7C0,1091,1196,TEXT_PAGE,TEXT_PAGE,0,TEXT_PAGE,Poppler pdftotext returned meaningful page-scoped text; source_page=37 uses 1-based numbering.,PASS
CUMCM-2025-C-C023,38,2025年数学建模国赛真题+优秀论文/2025数学建模国赛优秀论文/C023.pdf,515FD73059B427606FFD099781A124D34BAC3306BEE87C61D47259622351EB17,derived/pilot/pdf_ocr/2025/C023.readable.pdf,FB068D6858FC822CB85CD029498335BFF9F6CB90FCCE6B85C31272CF0100C7C0,1088,1139,TEXT_PAGE,TEXT_PAGE,0,TEXT_PAGE,Poppler pdftotext returned meaningful page-scoped text; source_page=38 uses 1-based numbering.,PASS
CUMCM-2025-C-C023,39,2025年数学建模国赛真题+优秀论文/2025数学建模国赛优秀论文/C023.pdf,515FD73059B427606FFD099781A124D34BAC3306BEE87C61D47259622351EB17,derived/pilot/pdf_ocr/2025/C023.readable.pdf,FB068D6858FC822CB85CD029498335BFF9F6CB90FCCE6B85C31272CF0100C7C0,960,1096,TEXT_PAGE,TEXT_PAGE,0,TEXT_PAGE,Poppler pdftotext returned meaningful page-scoped text; source_page=39 uses 1-based numbering.,PASS
CUMCM-2025-C-C023,40,2025年数学建模国赛真题+优秀论文/2025数学建模国赛优秀论文/C023.pdf,515FD73059B427606FFD099781A124D34BAC3306BEE87C61D47259622351EB17,derived/pilot/pdf_ocr/2025/C023.readable.pdf,FB068D6858FC822CB85CD029498335BFF9F6CB90FCCE6B85C31272CF0100C7C0,1093,1184,TEXT_PAGE,TEXT_PAGE,0,TEXT_PAGE,Poppler pdftotext returned meaningful page-scoped text; source_page=40 uses 1-based numbering.,PASS
CUMCM-2025-C-C023,41,2025年数学建模国赛真题+优秀论文/2025数学建模国赛优秀论文/C023.pdf,515FD73059B427606FFD099781A124D34BAC3306BEE87C61D47259622351EB17,derived/pilot/pdf_ocr/2025/C023.readable.pdf,FB068D6858FC822CB85CD029498335BFF9F6CB90FCCE6B85C31272CF0100C7C0,1245,1337,TEXT_PAGE,TEXT_PAGE,0,TEXT_PAGE,Poppler pdftotext returned meaningful page-scoped text; source_page=41 uses 1-based numbering.,PASS
CUMCM-2025-C-C023,42,2025年数学建模国赛真题+优秀论文/2025数学建模国赛优秀论文/C023.pdf,515FD73059B427606FFD099781A124D34BAC3306BEE87C61D47259622351EB17,derived/pilot/pdf_ocr/2025/C023.readable.pdf,FB068D6858FC822CB85CD029498335BFF9F6CB90FCCE6B85C31272CF0100C7C0,1185,1218,TEXT_PAGE,TEXT_PAGE,0,TEXT_PAGE,Poppler pdftotext returned meaningful page-scoped text; source_page=42 uses 1-based numbering.,PASS
CUMCM-2025-C-C023,43,2025年数学建模国赛真题+优秀论文/2025数学建模国赛优秀论文/C023.pdf,515FD73059B427606FFD099781A124D34BAC3306BEE87C61D47259622351EB17,derived/pilot/pdf_ocr/2025/C023.readable.pdf,FB068D6858FC822CB85CD029498335BFF9F6CB90FCCE6B85C31272CF0100C7C0,1075,1171,TEXT_PAGE,TEXT_PAGE,0,TEXT_PAGE,Poppler pdftotext returned meaningful page-scoped text; source_page=43 uses 1-based numbering.,PASS
CUMCM-2025-C-C023,44,2025年数学建模国赛真题+优秀论文/2025数学建模国赛优秀论文/C023.pdf,515FD73059B427606FFD099781A124D34BAC3306BEE87C61D47259622351EB17,derived/pilot/pdf_ocr/2025/C023.readable.pdf,FB068D6858FC822CB85CD029498335BFF9F6CB90FCCE6B85C31272CF0100C7C0,975,1084,TEXT_PAGE,TEXT_PAGE,0,TEXT_PAGE,Poppler pdftotext returned meaningful page-scoped text; source_page=44 uses 1-based numbering.,PASS
CUMCM-2025-C-C023,45,2025年数学建模国赛真题+优秀论文/2025数学建模国赛优秀论文/C023.pdf,515FD73059B427606FFD099781A124D34BAC3306BEE87C61D47259622351EB17,derived/pilot/pdf_ocr/2025/C023.readable.pdf,FB068D6858FC822CB85CD029498335BFF9F6CB90FCCE6B85C31272CF0100C7C0,1241,1359,TEXT_PAGE,TEXT_PAGE,0,TEXT_PAGE,Poppler pdftotext returned meaningful page-scoped text; source_page=45 uses 1-based numbering.,PASS
CUMCM-2025-C-C023,46,2025年数学建模国赛真题+优秀论文/2025数学建模国赛优秀论文/C023.pdf,515FD73059B427606FFD099781A124D34BAC3306BEE87C61D47259622351EB17,derived/pilot/pdf_ocr/2025/C023.readable.pdf,FB068D6858FC822CB85CD029498335BFF9F6CB90FCCE6B85C31272CF0100C7C0,1318,1394,TEXT_PAGE,TEXT_PAGE,0,TEXT_PAGE,Poppler pdftotext returned meaningful page-scoped text; source_page=46 uses 1-based numbering.,PASS
CUMCM-2025-C-C023,47,2025年数学建模国赛真题+优秀论文/2025数学建模国赛优秀论文/C023.pdf,515FD73059B427606FFD099781A124D34BAC3306BEE87C61D47259622351EB17,derived/pilot/pdf_ocr/2025/C023.readable.pdf,FB068D6858FC822CB85CD029498335BFF9F6CB90FCCE6B85C31272CF0100C7C0,1319,1385,TEXT_PAGE,TEXT_PAGE,0,TEXT_PAGE,Poppler pdftotext returned meaningful page-scoped text; source_page=47 uses 1-based numbering.,PASS
CUMCM-2025-C-C023,48,2025年数学建模国赛真题+优秀论文/2025数学建模国赛优秀论文/C023.pdf,515FD73059B427606FFD099781A124D34BAC3306BEE87C61D47259622351EB17,derived/pilot/pdf_ocr/2025/C023.readable.pdf,FB068D6858FC822CB85CD029498335BFF9F6CB90FCCE6B85C31272CF0100C7C0,1254,1365,TEXT_PAGE,TEXT_PAGE,0,TEXT_PAGE,Poppler pdftotext returned meaningful page-scoped text; source_page=48 uses 1-based numbering.,PASS
CUMCM-2025-C-C023,49,2025年数学建模国赛真题+优秀论文/2025数学建模国赛优秀论文/C023.pdf,515FD73059B427606FFD099781A124D34BAC3306BEE87C61D47259622351EB17,derived/pilot/pdf_ocr/2025/C023.readable.pdf,FB068D6858FC822CB85CD029498335BFF9F6CB90FCCE6B85C31272CF0100C7C0,1218,1358,TEXT_PAGE,TEXT_PAGE,0,TEXT_PAGE,Poppler pdftotext returned meaningful page-scoped text; source_page=49 uses 1-based numbering.,PASS
CUMCM-2025-C-C023,50,2025年数学建模国赛真题+优秀论文/2025数学建模国赛优秀论文/C023.pdf,515FD73059B427606FFD099781A124D34BAC3306BEE87C61D47259622351EB17,derived/pilot/pdf_ocr/2025/C023.readable.pdf,FB068D6858FC822CB85CD029498335BFF9F6CB90FCCE6B85C31272CF0100C7C0,1118,1216,TEXT_PAGE,TEXT_PAGE,0,TEXT_PAGE,Poppler pdftotext returned meaningful page-scoped text; source_page=50 uses 1-based numbering.,PASS
CUMCM-2025-C-C023,51,2025年数学建模国赛真题+优秀论文/2025数学建模国赛优秀论文/C023.pdf,515FD73059B427606FFD099781A124D34BAC3306BEE87C61D47259622351EB17,derived/pilot/pdf_ocr/2025/C023.readable.pdf,FB068D6858FC822CB85CD029498335BFF9F6CB90FCCE6B85C31272CF0100C7C0,1502,1608,TEXT_PAGE,TEXT_PAGE,0,TEXT_PAGE,Poppler pdftotext returned meaningful page-scoped text; source_page=51 uses 1-based numbering.,PASS
CUMCM-2025-C-C023,52,2025年数学建模国赛真题+优秀论文/2025数学建模国赛优秀论文/C023.pdf,515FD73059B427606FFD099781A124D34BAC3306BEE87C61D47259622351EB17,derived/pilot/pdf_ocr/2025/C023.readable.pdf,FB068D6858FC822CB85CD029498335BFF9F6CB90FCCE6B85C31272CF0100C7C0,1181,1289,TEXT_PAGE,TEXT_PAGE,0,TEXT_PAGE,Poppler pdftotext returned meaningful page-scoped text; source_page=52 uses 1-based numbering.,PASS
CUMCM-2025-C-C023,53,2025年数学建模国赛真题+优秀论文/2025数学建模国赛优秀论文/C023.pdf,515FD73059B427606FFD099781A124D34BAC3306BEE87C61D47259622351EB17,derived/pilot/pdf_ocr/2025/C023.readable.pdf,FB068D6858FC822CB85CD029498335BFF9F6CB90FCCE6B85C31272CF0100C7C0,1163,1288,TEXT_PAGE,TEXT_PAGE,0,TEXT_PAGE,Poppler pdftotext returned meaningful page-scoped text; source_page=53 uses 1-based numbering.,PASS
CUMCM-2025-C-C023,54,2025年数学建模国赛真题+优秀论文/2025数学建模国赛优秀论文/C023.pdf,515FD73059B427606FFD099781A124D34BAC3306BEE87C61D47259622351EB17,derived/pilot/pdf_ocr/2025/C023.readable.pdf,FB068D6858FC822CB85CD029498335BFF9F6CB90FCCE6B85C31272CF0100C7C0,1282,1435,TEXT_PAGE,TEXT_PAGE,0,TEXT_PAGE,Poppler pdftotext returned meaningful page-scoped text; source_page=54 uses 1-based numbering.,PASS
CUMCM-2025-C-C023,55,2025年数学建模国赛真题+优秀论文/2025数学建模国赛优秀论文/C023.pdf,515FD73059B427606FFD099781A124D34BAC3306BEE87C61D47259622351EB17,derived/pilot/pdf_ocr/2025/C023.readable.pdf,FB068D6858FC822CB85CD029498335BFF9F6CB90FCCE6B85C31272CF0100C7C0,1172,1331,TEXT_PAGE,TEXT_PAGE,0,TEXT_PAGE,Poppler pdftotext returned meaningful page-scoped text; source_page=55 uses 1-based numbering.,PASS
CUMCM-2025-C-C023,56,2025年数学建模国赛真题+优秀论文/2025数学建模国赛优秀论文/C023.pdf,515FD73059B427606FFD099781A124D34BAC3306BEE87C61D47259622351EB17,derived/pilot/pdf_ocr/2025/C023.readable.pdf,FB068D6858FC822CB85CD029498335BFF9F6CB90FCCE6B85C31272CF0100C7C0,1110,1274,TEXT_PAGE,TEXT_PAGE,0,TEXT_PAGE,Poppler pdftotext returned meaningful page-scoped text; source_page=56 uses 1-based numbering.,PASS
CUMCM-2025-C-C023,57,2025年数学建模国赛真题+优秀论文/2025数学建模国赛优秀论文/C023.pdf,515FD73059B427606FFD099781A124D34BAC3306BEE87C61D47259622351EB17,derived/pilot/pdf_ocr/2025/C023.readable.pdf,FB068D6858FC822CB85CD029498335BFF9F6CB90FCCE6B85C31272CF0100C7C0,1068,1202,TEXT_PAGE,TEXT_PAGE,0,TEXT_PAGE,Poppler pdftotext returned meaningful page-scoped text; source_page=57 uses 1-based numbering.,PASS
CUMCM-2025-C-C023,58,2025年数学建模国赛真题+优秀论文/2025数学建模国赛优秀论文/C023.pdf,515FD73059B427606FFD099781A124D34BAC3306BEE87C61D47259622351EB17,derived/pilot/pdf_ocr/2025/C023.readable.pdf,FB068D6858FC822CB85CD029498335BFF9F6CB90FCCE6B85C31272CF0100C7C0,1002,1121,TEXT_PAGE,TEXT_PAGE,0,TEXT_PAGE,Poppler pdftotext returned meaningful page-scoped text; source_page=58 uses 1-based numbering.,PASS
CUMCM-2025-C-C023,59,2025年数学建模国赛真题+优秀论文/2025数学建模国赛优秀论文/C023.pdf,515FD73059B427606FFD099781A124D34BAC3306BEE87C61D47259622351EB17,derived/pilot/pdf_ocr/2025/C023.readable.pdf,FB068D6858FC822CB85CD029498335BFF9F6CB90FCCE6B85C31272CF0100C7C0,995,1104,TEXT_PAGE,TEXT_PAGE,0,TEXT_PAGE,Poppler pdftotext returned meaningful page-scoped text; source_page=59 uses 1-based numbering.,PASS
CUMCM-2025-C-C023,60,2025年数学建模国赛真题+优秀论文/2025数学建模国赛优秀论文/C023.pdf,515FD73059B427606FFD099781A124D34BAC3306BEE87C61D47259622351EB17,derived/pilot/pdf_ocr/2025/C023.readable.pdf,FB068D6858FC822CB85CD029498335BFF9F6CB90FCCE6B85C31272CF0100C7C0,1168,1334,TEXT_PAGE,TEXT_PAGE,0,TEXT_PAGE,Poppler pdftotext returned meaningful page-scoped text; source_page=60 uses 1-based numbering.,PASS
CUMCM-2025-C-C023,61,2025年数学建模国赛真题+优秀论文/2025数学建模国赛优秀论文/C023.pdf,515FD73059B427606FFD099781A124D34BAC3306BEE87C61D47259622351EB17,derived/pilot/pdf_ocr/2025/C023.readable.pdf,FB068D6858FC822CB85CD029498335BFF9F6CB90FCCE6B85C31272CF0100C7C0,1259,1361,TEXT_PAGE,TEXT_PAGE,0,TEXT_PAGE,Poppler pdftotext returned meaningful page-scoped text; source_page=61 uses 1-based numbering.,PASS
CUMCM-2025-C-C023,62,2025年数学建模国赛真题+优秀论文/2025数学建模国赛优秀论文/C023.pdf,515FD73059B427606FFD099781A124D34BAC3306BEE87C61D47259622351EB17,derived/pilot/pdf_ocr/2025/C023.readable.pdf,FB068D6858FC822CB85CD029498335BFF9F6CB90FCCE6B85C31272CF0100C7C0,968,1067,TEXT_PAGE,TEXT_PAGE,0,TEXT_PAGE,Poppler pdftotext returned meaningful page-scoped text; source_page=62 uses 1-based numbering.,PASS
CUMCM-2025-C-C023,63,2025年数学建模国赛真题+优秀论文/2025数学建模国赛优秀论文/C023.pdf,515FD73059B427606FFD099781A124D34BAC3306BEE87C61D47259622351EB17,derived/pilot/pdf_ocr/2025/C023.readable.pdf,FB068D6858FC822CB85CD029498335BFF9F6CB90FCCE6B85C31272CF0100C7C0,888,996,TEXT_PAGE,TEXT_PAGE,0,TEXT_PAGE,Poppler pdftotext returned meaningful page-scoped text; source_page=63 uses 1-based numbering.,PASS
CUMCM-2025-C-C023,64,2025年数学建模国赛真题+优秀论文/2025数学建模国赛优秀论文/C023.pdf,515FD73059B427606FFD099781A124D34BAC3306BEE87C61D47259622351EB17,derived/pilot/pdf_ocr/2025/C023.readable.pdf,FB068D6858FC822CB85CD029498335BFF9F6CB90FCCE6B85C31272CF0100C7C0,1154,1247,TEXT_PAGE,TEXT_PAGE,0,TEXT_PAGE,Poppler pdftotext returned meaningful page-scoped text; source_page=64 uses 1-based numbering.,PASS
CUMCM-2025-C-C023,65,2025年数学建模国赛真题+优秀论文/2025数学建模国赛优秀论文/C023.pdf,515FD73059B427606FFD099781A124D34BAC3306BEE87C61D47259622351EB17,derived/pilot/pdf_ocr/2025/C023.readable.pdf,FB068D6858FC822CB85CD029498335BFF9F6CB90FCCE6B85C31272CF0100C7C0,1045,1159,TEXT_PAGE,TEXT_PAGE,0,TEXT_PAGE,Poppler pdftotext returned meaningful page-scoped text; source_page=65 uses 1-based numbering.,PASS
CUMCM-2025-C-C023,66,2025年数学建模国赛真题+优秀论文/2025数学建模国赛优秀论文/C023.pdf,515FD73059B427606FFD099781A124D34BAC3306BEE87C61D47259622351EB17,derived/pilot/pdf_ocr/2025/C023.readable.pdf,FB068D6858FC822CB85CD029498335BFF9F6CB90FCCE6B85C31272CF0100C7C0,1219,1282,TEXT_PAGE,TEXT_PAGE,0,TEXT_PAGE,Poppler pdftotext returned meaningful page-scoped text; source_page=66 uses 1-based numbering.,PASS
CUMCM-2025-C-C023,67,2025年数学建模国赛真题+优秀论文/2025数学建模国赛优秀论文/C023.pdf,515FD73059B427606FFD099781A124D34BAC3306BEE87C61D47259622351EB17,derived/pilot/pdf_ocr/2025/C023.readable.pdf,FB068D6858FC822CB85CD029498335BFF9F6CB90FCCE6B85C31272CF0100C7C0,1320,1416,TEXT_PAGE,TEXT_PAGE,0,TEXT_PAGE,Poppler pdftotext returned meaningful page-scoped text; source_page=67 uses 1-based numbering.,PASS
CUMCM-2025-C-C023,68,2025年数学建模国赛真题+优秀论文/2025数学建模国赛优秀论文/C023.pdf,515FD73059B427606FFD099781A124D34BAC3306BEE87C61D47259622351EB17,derived/pilot/pdf_ocr/2025/C023.readable.pdf,FB068D6858FC822CB85CD029498335BFF9F6CB90FCCE6B85C31272CF0100C7C0,1384,1477,TEXT_PAGE,TEXT_PAGE,0,TEXT_PAGE,Poppler pdftotext returned meaningful page-scoped text; source_page=68 uses 1-based numbering.,PASS
CUMCM-2025-C-C023,69,2025年数学建模国赛真题+优秀论文/2025数学建模国赛优秀论文/C023.pdf,515FD73059B427606FFD099781A124D34BAC3306BEE87C61D47259622351EB17,derived/pilot/pdf_ocr/2025/C023.readable.pdf,FB068D6858FC822CB85CD029498335BFF9F6CB90FCCE6B85C31272CF0100C7C0,1090,1166,TEXT_PAGE,TEXT_PAGE,0,TEXT_PAGE,Poppler pdftotext returned meaningful page-scoped text; source_page=69 uses 1-based numbering.,PASS
CUMCM-2025-C-C023,70,2025年数学建模国赛真题+优秀论文/2025数学建模国赛优秀论文/C023.pdf,515FD73059B427606FFD099781A124D34BAC3306BEE87C61D47259622351EB17,derived/pilot/pdf_ocr/2025/C023.readable.pdf,FB068D6858FC822CB85CD029498335BFF9F6CB90FCCE6B85C31272CF0100C7C0,1244,1366,TEXT_PAGE,TEXT_PAGE,0,TEXT_PAGE,Poppler pdftotext returned meaningful page-scoped text; source_page=70 uses 1-based numbering.,PASS
CUMCM-2025-C-C023,71,2025年数学建模国赛真题+优秀论文/2025数学建模国赛优秀论文/C023.pdf,515FD73059B427606FFD099781A124D34BAC3306BEE87C61D47259622351EB17,derived/pilot/pdf_ocr/2025/C023.readable.pdf,FB068D6858FC822CB85CD029498335BFF9F6CB90FCCE6B85C31272CF0100C7C0,1148,1225,TEXT_PAGE,TEXT_PAGE,0,TEXT_PAGE,Poppler pdftotext returned meaningful page-scoped text; source_page=71 uses 1-based numbering.,PASS
CUMCM-2025-C-C023,72,2025年数学建模国赛真题+优秀论文/2025数学建模国赛优秀论文/C023.pdf,515FD73059B427606FFD099781A124D34BAC3306BEE87C61D47259622351EB17,derived/pilot/pdf_ocr/2025/C023.readable.pdf,FB068D6858FC822CB85CD029498335BFF9F6CB90FCCE6B85C31272CF0100C7C0,1062,1272,TEXT_PAGE,TEXT_PAGE,0,TEXT_PAGE,Poppler pdftotext returned meaningful page-scoped text; source_page=72 uses 1-based numbering.,PASS
CUMCM-2025-C-C023,73,2025年数学建模国赛真题+优秀论文/2025数学建模国赛优秀论文/C023.pdf,515FD73059B427606FFD099781A124D34BAC3306BEE87C61D47259622351EB17,derived/pilot/pdf_ocr/2025/C023.readable.pdf,FB068D6858FC822CB85CD029498335BFF9F6CB90FCCE6B85C31272CF0100C7C0,1082,1200,TEXT_PAGE,TEXT_PAGE,0,TEXT_PAGE,Poppler pdftotext returned meaningful page-scoped text; source_page=73 uses 1-based numbering.,PASS
CUMCM-2025-C-C023,74,2025年数学建模国赛真题+优秀论文/2025数学建模国赛优秀论文/C023.pdf,515FD73059B427606FFD099781A124D34BAC3306BEE87C61D47259622351EB17,derived/pilot/pdf_ocr/2025/C023.readable.pdf,FB068D6858FC822CB85CD029498335BFF9F6CB90FCCE6B85C31272CF0100C7C0,956,1057,TEXT_PAGE,TEXT_PAGE,0,TEXT_PAGE,Poppler pdftotext returned meaningful page-scoped text; source_page=74 uses 1-based numbering.,PASS
CUMCM-2025-C-C023,75,2025年数学建模国赛真题+优秀论文/2025数学建模国赛优秀论文/C023.pdf,515FD73059B427606FFD099781A124D34BAC3306BEE87C61D47259622351EB17,derived/pilot/pdf_ocr/2025/C023.readable.pdf,FB068D6858FC822CB85CD029498335BFF9F6CB90FCCE6B85C31272CF0100C7C0,1100,1227,TEXT_PAGE,TEXT_PAGE,0,TEXT_PAGE,Poppler pdftotext returned meaningful page-scoped text; source_page=75 uses 1-based numbering.,PASS
CUMCM-2025-C-C023,76,2025年数学建模国赛真题+优秀论文/2025数学建模国赛优秀论文/C023.pdf,515FD73059B427606FFD099781A124D34BAC3306BEE87C61D47259622351EB17,derived/pilot/pdf_ocr/2025/C023.readable.pdf,FB068D6858FC822CB85CD029498335BFF9F6CB90FCCE6B85C31272CF0100C7C0,1145,1231,TEXT_PAGE,TEXT_PAGE,0,TEXT_PAGE,Poppler pdftotext returned meaningful page-scoped text; source_page=76 uses 1-based numbering.,PASS
CUMCM-2025-C-C023,77,2025年数学建模国赛真题+优秀论文/2025数学建模国赛优秀论文/C023.pdf,515FD73059B427606FFD099781A124D34BAC3306BEE87C61D47259622351EB17,derived/pilot/pdf_ocr/2025/C023.readable.pdf,FB068D6858FC822CB85CD029498335BFF9F6CB90FCCE6B85C31272CF0100C7C0,1317,1437,TEXT_PAGE,TEXT_PAGE,0,TEXT_PAGE,Poppler pdftotext returned meaningful page-scoped text; source_page=77 uses 1-based numbering.,PASS
CUMCM-2025-C-C023,78,2025年数学建模国赛真题+优秀论文/2025数学建模国赛优秀论文/C023.pdf,515FD73059B427606FFD099781A124D34BAC3306BEE87C61D47259622351EB17,derived/pilot/pdf_ocr/2025/C023.readable.pdf,FB068D6858FC822CB85CD029498335BFF9F6CB90FCCE6B85C31272CF0100C7C0,1327,1474,TEXT_PAGE,TEXT_PAGE,0,TEXT_PAGE,Poppler pdftotext returned meaningful page-scoped text; source_page=78 uses 1-based numbering.,PASS
CUMCM-2025-C-C023,79,2025年数学建模国赛真题+优秀论文/2025数学建模国赛优秀论文/C023.pdf,515FD73059B427606FFD099781A124D34BAC3306BEE87C61D47259622351EB17,derived/pilot/pdf_ocr/2025/C023.readable.pdf,FB068D6858FC822CB85CD029498335BFF9F6CB90FCCE6B85C31272CF0100C7C0,1419,1542,TEXT_PAGE,TEXT_PAGE,0,TEXT_PAGE,Poppler pdftotext returned meaningful page-scoped text; source_page=79 uses 1-based numbering.,PASS
CUMCM-2025-C-C023,80,2025年数学建模国赛真题+优秀论文/2025数学建模国赛优秀论文/C023.pdf,515FD73059B427606FFD099781A124D34BAC3306BEE87C61D47259622351EB17,derived/pilot/pdf_ocr/2025/C023.readable.pdf,FB068D6858FC822CB85CD029498335BFF9F6CB90FCCE6B85C31272CF0100C7C0,1456,1566,TEXT_PAGE,TEXT_PAGE,0,TEXT_PAGE,Poppler pdftotext returned meaningful page-scoped text; source_page=80 uses 1-based numbering.,PASS
CUMCM-2025-C-C023,81,2025年数学建模国赛真题+优秀论文/2025数学建模国赛优秀论文/C023.pdf,515FD73059B427606FFD099781A124D34BAC3306BEE87C61D47259622351EB17,derived/pilot/pdf_ocr/2025/C023.readable.pdf,FB068D6858FC822CB85CD029498335BFF9F6CB90FCCE6B85C31272CF0100C7C0,1309,1446,TEXT_PAGE,TEXT_PAGE,0,TEXT_PAGE,Poppler pdftotext returned meaningful page-scoped text; source_page=81 uses 1-based numbering.,PASS
CUMCM-2025-C-C023,82,2025年数学建模国赛真题+优秀论文/2025数学建模国赛优秀论文/C023.pdf,515FD73059B427606FFD099781A124D34BAC3306BEE87C61D47259622351EB17,derived/pilot/pdf_ocr/2025/C023.readable.pdf,FB068D6858FC822CB85CD029498335BFF9F6CB90FCCE6B85C31272CF0100C7C0,1365,1507,TEXT_PAGE,TEXT_PAGE,0,TEXT_PAGE,Poppler pdftotext returned meaningful page-scoped text; source_page=82 uses 1-based numbering.,PASS
CUMCM-2025-C-C023,83,2025年数学建模国赛真题+优秀论文/2025数学建模国赛优秀论文/C023.pdf,515FD73059B427606FFD099781A124D34BAC3306BEE87C61D47259622351EB17,derived/pilot/pdf_ocr/2025/C023.readable.pdf,FB068D6858FC822CB85CD029498335BFF9F6CB90FCCE6B85C31272CF0100C7C0,1356,1493,TEXT_PAGE,TEXT_PAGE,0,TEXT_PAGE,Poppler pdftotext returned meaningful page-scoped text; source_page=83 uses 1-based numbering.,PASS
CUMCM-2025-C-C023,84,2025年数学建模国赛真题+优秀论文/2025数学建模国赛优秀论文/C023.pdf,515FD73059B427606FFD099781A124D34BAC3306BEE87C61D47259622351EB17,derived/pilot/pdf_ocr/2025/C023.readable.pdf,FB068D6858FC822CB85CD029498335BFF9F6CB90FCCE6B85C31272CF0100C7C0,1289,1378,TEXT_PAGE,TEXT_PAGE,0,TEXT_PAGE,Poppler pdftotext returned meaningful page-scoped text; source_page=84 uses 1-based numbering.,PASS
CUMCM-2025-C-C023,85,2025年数学建模国赛真题+优秀论文/2025数学建模国赛优秀论文/C023.pdf,515FD73059B427606FFD099781A124D34BAC3306BEE87C61D47259622351EB17,derived/pilot/pdf_ocr/2025/C023.readable.pdf,FB068D6858FC822CB85CD029498335BFF9F6CB90FCCE6B85C31272CF0100C7C0,1040,1177,TEXT_PAGE,TEXT_PAGE,0,TEXT_PAGE,Poppler pdftotext returned meaningful page-scoped text; source_page=85 uses 1-based numbering.,PASS
CUMCM-2025-C-C023,86,2025年数学建模国赛真题+优秀论文/2025数学建模国赛优秀论文/C023.pdf,515FD73059B427606FFD099781A124D34BAC3306BEE87C61D47259622351EB17,derived/pilot/pdf_ocr/2025/C023.readable.pdf,FB068D6858FC822CB85CD029498335BFF9F6CB90FCCE6B85C31272CF0100C7C0,1071,1239,TEXT_PAGE,TEXT_PAGE,0,TEXT_PAGE,Poppler pdftotext returned meaningful page-scoped text; source_page=86 uses 1-based numbering.,PASS
CUMCM-2025-C-C023,87,2025年数学建模国赛真题+优秀论文/2025数学建模国赛优秀论文/C023.pdf,515FD73059B427606FFD099781A124D34BAC3306BEE87C61D47259622351EB17,derived/pilot/pdf_ocr/2025/C023.readable.pdf,FB068D6858FC822CB85CD029498335BFF9F6CB90FCCE6B85C31272CF0100C7C0,1148,1269,TEXT_PAGE,TEXT_PAGE,0,TEXT_PAGE,Poppler pdftotext returned meaningful page-scoped text; source_page=87 uses 1-based numbering.,PASS
CUMCM-2025-C-C023,88,2025年数学建模国赛真题+优秀论文/2025数学建模国赛优秀论文/C023.pdf,515FD73059B427606FFD099781A124D34BAC3306BEE87C61D47259622351EB17,derived/pilot/pdf_ocr/2025/C023.readable.pdf,FB068D6858FC822CB85CD029498335BFF9F6CB90FCCE6B85C31272CF0100C7C0,1257,1380,TEXT_PAGE,TEXT_PAGE,0,TEXT_PAGE,Poppler pdftotext returned meaningful page-scoped text; source_page=88 uses 1-based numbering.,PASS
CUMCM-2025-C-C023,89,2025年数学建模国赛真题+优秀论文/2025数学建模国赛优秀论文/C023.pdf,515FD73059B427606FFD099781A124D34BAC3306BEE87C61D47259622351EB17,derived/pilot/pdf_ocr/2025/C023.readable.pdf,FB068D6858FC822CB85CD029498335BFF9F6CB90FCCE6B85C31272CF0100C7C0,989,1090,TEXT_PAGE,TEXT_PAGE,0,TEXT_PAGE,Poppler pdftotext returned meaningful page-scoped text; source_page=89 uses 1-based numbering.,PASS
CUMCM-2025-C-C023,90,2025年数学建模国赛真题+优秀论文/2025数学建模国赛优秀论文/C023.pdf,515FD73059B427606FFD099781A124D34BAC3306BEE87C61D47259622351EB17,derived/pilot/pdf_ocr/2025/C023.readable.pdf,FB068D6858FC822CB85CD029498335BFF9F6CB90FCCE6B85C31272CF0100C7C0,1115,1268,TEXT_PAGE,TEXT_PAGE,0,TEXT_PAGE,Poppler pdftotext returned meaningful page-scoped text; source_page=90 uses 1-based numbering.,PASS
CUMCM-2025-C-C023,91,2025年数学建模国赛真题+优秀论文/2025数学建模国赛优秀论文/C023.pdf,515FD73059B427606FFD099781A124D34BAC3306BEE87C61D47259622351EB17,derived/pilot/pdf_ocr/2025/C023.readable.pdf,FB068D6858FC822CB85CD029498335BFF9F6CB90FCCE6B85C31272CF0100C7C0,921,1054,TEXT_PAGE,TEXT_PAGE,0,TEXT_PAGE,Poppler pdftotext returned meaningful page-scoped text; source_page=91 uses 1-based numbering.,PASS
CUMCM-2025-C-C023,92,2025年数学建模国赛真题+优秀论文/2025数学建模国赛优秀论文/C023.pdf,515FD73059B427606FFD099781A124D34BAC3306BEE87C61D47259622351EB17,derived/pilot/pdf_ocr/2025/C023.readable.pdf,FB068D6858FC822CB85CD029498335BFF9F6CB90FCCE6B85C31272CF0100C7C0,1219,1379,TEXT_PAGE,TEXT_PAGE,0,TEXT_PAGE,Poppler pdftotext returned meaningful page-scoped text; source_page=92 uses 1-based numbering.,PASS
CUMCM-2025-C-C023,93,2025年数学建模国赛真题+优秀论文/2025数学建模国赛优秀论文/C023.pdf,515FD73059B427606FFD099781A124D34BAC3306BEE87C61D47259622351EB17,derived/pilot/pdf_ocr/2025/C023.readable.pdf,FB068D6858FC822CB85CD029498335BFF9F6CB90FCCE6B85C31272CF0100C7C0,1023,1112,TEXT_PAGE,TEXT_PAGE,0,TEXT_PAGE,Poppler pdftotext returned meaningful page-scoped text; source_page=93 uses 1-based numbering.,PASS
CUMCM-2025-C-C023,94,2025年数学建模国赛真题+优秀论文/2025数学建模国赛优秀论文/C023.pdf,515FD73059B427606FFD099781A124D34BAC3306BEE87C61D47259622351EB17,derived/pilot/pdf_ocr/2025/C023.readable.pdf,FB068D6858FC822CB85CD029498335BFF9F6CB90FCCE6B85C31272CF0100C7C0,1276,1317,TEXT_PAGE,TEXT_PAGE,0,TEXT_PAGE,Poppler pdftotext returned meaningful page-scoped text; source_page=94 uses 1-based numbering.,PASS
CUMCM-2025-C-C023,95,2025年数学建模国赛真题+优秀论文/2025数学建模国赛优秀论文/C023.pdf,515FD73059B427606FFD099781A124D34BAC3306BEE87C61D47259622351EB17,derived/pilot/pdf_ocr/2025/C023.readable.pdf,FB068D6858FC822CB85CD029498335BFF9F6CB90FCCE6B85C31272CF0100C7C0,958,1056,TEXT_PAGE,TEXT_PAGE,0,TEXT_PAGE,Poppler pdftotext returned meaningful page-scoped text; source_page=95 uses 1-based numbering.,PASS
CUMCM-2025-C-C023,96,2025年数学建模国赛真题+优秀论文/2025数学建模国赛优秀论文/C023.pdf,515FD73059B427606FFD099781A124D34BAC3306BEE87C61D47259622351EB17,derived/pilot/pdf_ocr/2025/C023.readable.pdf,FB068D6858FC822CB85CD029498335BFF9F6CB90FCCE6B85C31272CF0100C7C0,1136,1221,TEXT_PAGE,TEXT_PAGE,0,TEXT_PAGE,Poppler pdftotext returned meaningful page-scoped text; source_page=96 uses 1-based numbering.,PASS
CUMCM-2025-C-C023,97,2025年数学建模国赛真题+优秀论文/2025数学建模国赛优秀论文/C023.pdf,515FD73059B427606FFD099781A124D34BAC3306BEE87C61D47259622351EB17,derived/pilot/pdf_ocr/2025/C023.readable.pdf,FB068D6858FC822CB85CD029498335BFF9F6CB90FCCE6B85C31272CF0100C7C0,1128,1220,TEXT_PAGE,TEXT_PAGE,0,TEXT_PAGE,Poppler pdftotext returned meaningful page-scoped text; source_page=97 uses 1-based numbering.,PASS
CUMCM-2025-C-C023,98,2025年数学建模国赛真题+优秀论文/2025数学建模国赛优秀论文/C023.pdf,515FD73059B427606FFD099781A124D34BAC3306BEE87C61D47259622351EB17,derived/pilot/pdf_ocr/2025/C023.readable.pdf,FB068D6858FC822CB85CD029498335BFF9F6CB90FCCE6B85C31272CF0100C7C0,1139,1237,TEXT_PAGE,TEXT_PAGE,0,TEXT_PAGE,Poppler pdftotext returned meaningful page-scoped text; source_page=98 uses 1-based numbering.,PASS
CUMCM-2025-C-C023,99,2025年数学建模国赛真题+优秀论文/2025数学建模国赛优秀论文/C023.pdf,515FD73059B427606FFD099781A124D34BAC3306BEE87C61D47259622351EB17,derived/pilot/pdf_ocr/2025/C023.readable.pdf,FB068D6858FC822CB85CD029498335BFF9F6CB90FCCE6B85C31272CF0100C7C0,1218,1341,TEXT_PAGE,TEXT_PAGE,0,TEXT_PAGE,Poppler pdftotext returned meaningful page-scoped text; source_page=99 uses 1-based numbering.,PASS
CUMCM-2025-C-C023,100,2025年数学建模国赛真题+优秀论文/2025数学建模国赛优秀论文/C023.pdf,515FD73059B427606FFD099781A124D34BAC3306BEE87C61D47259622351EB17,derived/pilot/pdf_ocr/2025/C023.readable.pdf,FB068D6858FC822CB85CD029498335BFF9F6CB90FCCE6B85C31272CF0100C7C0,1369,1504,TEXT_PAGE,TEXT_PAGE,0,TEXT_PAGE,Poppler pdftotext returned meaningful page-scoped text; source_page=100 uses 1-based numbering.,PASS
CUMCM-2025-C-C023,101,2025年数学建模国赛真题+优秀论文/2025数学建模国赛优秀论文/C023.pdf,515FD73059B427606FFD099781A124D34BAC3306BEE87C61D47259622351EB17,derived/pilot/pdf_ocr/2025/C023.readable.pdf,FB068D6858FC822CB85CD029498335BFF9F6CB90FCCE6B85C31272CF0100C7C0,1262,1344,TEXT_PAGE,TEXT_PAGE,0,TEXT_PAGE,Poppler pdftotext returned meaningful page-scoped text; source_page=101 uses 1-based numbering.,PASS
CUMCM-2025-C-C023,102,2025年数学建模国赛真题+优秀论文/2025数学建模国赛优秀论文/C023.pdf,515FD73059B427606FFD099781A124D34BAC3306BEE87C61D47259622351EB17,derived/pilot/pdf_ocr/2025/C023.readable.pdf,FB068D6858FC822CB85CD029498335BFF9F6CB90FCCE6B85C31272CF0100C7C0,1188,1288,TEXT_PAGE,TEXT_PAGE,0,TEXT_PAGE,Poppler pdftotext returned meaningful page-scoped text; source_page=102 uses 1-based numbering.,PASS
CUMCM-2025-C-C023,103,2025年数学建模国赛真题+优秀论文/2025数学建模国赛优秀论文/C023.pdf,515FD73059B427606FFD099781A124D34BAC3306BEE87C61D47259622351EB17,derived/pilot/pdf_ocr/2025/C023.readable.pdf,FB068D6858FC822CB85CD029498335BFF9F6CB90FCCE6B85C31272CF0100C7C0,1118,1252,TEXT_PAGE,TEXT_PAGE,0,TEXT_PAGE,Poppler pdftotext returned meaningful page-scoped text; source_page=103 uses 1-based numbering.,PASS
CUMCM-2025-C-C023,104,2025年数学建模国赛真题+优秀论文/2025数学建模国赛优秀论文/C023.pdf,515FD73059B427606FFD099781A124D34BAC3306BEE87C61D47259622351EB17,derived/pilot/pdf_ocr/2025/C023.readable.pdf,FB068D6858FC822CB85CD029498335BFF9F6CB90FCCE6B85C31272CF0100C7C0,1199,1319,TEXT_PAGE,TEXT_PAGE,0,TEXT_PAGE,Poppler pdftotext returned meaningful page-scoped text; source_page=104 uses 1-based numbering.,PASS
CUMCM-2025-C-C023,105,2025年数学建模国赛真题+优秀论文/2025数学建模国赛优秀论文/C023.pdf,515FD73059B427606FFD099781A124D34BAC3306BEE87C61D47259622351EB17,derived/pilot/pdf_ocr/2025/C023.readable.pdf,FB068D6858FC822CB85CD029498335BFF9F6CB90FCCE6B85C31272CF0100C7C0,1043,1143,TEXT_PAGE,TEXT_PAGE,0,TEXT_PAGE,Poppler pdftotext returned meaningful page-scoped text; source_page=105 uses 1-based numbering.,PASS
CUMCM-2025-C-C023,106,2025年数学建模国赛真题+优秀论文/2025数学建模国赛优秀论文/C023.pdf,515FD73059B427606FFD099781A124D34BAC3306BEE87C61D47259622351EB17,derived/pilot/pdf_ocr/2025/C023.readable.pdf,FB068D6858FC822CB85CD029498335BFF9F6CB90FCCE6B85C31272CF0100C7C0,1087,1194,TEXT_PAGE,TEXT_PAGE,0,TEXT_PAGE,Poppler pdftotext returned meaningful page-scoped text; source_page=106 uses 1-based numbering.,PASS
CUMCM-2025-C-C023,107,2025年数学建模国赛真题+优秀论文/2025数学建模国赛优秀论文/C023.pdf,515FD73059B427606FFD099781A124D34BAC3306BEE87C61D47259622351EB17,derived/pilot/pdf_ocr/2025/C023.readable.pdf,FB068D6858FC822CB85CD029498335BFF9F6CB90FCCE6B85C31272CF0100C7C0,1284,1393,TEXT_PAGE,TEXT_PAGE,0,TEXT_PAGE,Poppler pdftotext returned meaningful page-scoped text; source_page=107 uses 1-based numbering.,PASS
CUMCM-2025-C-C023,108,2025年数学建模国赛真题+优秀论文/2025数学建模国赛优秀论文/C023.pdf,515FD73059B427606FFD099781A124D34BAC3306BEE87C61D47259622351EB17,derived/pilot/pdf_ocr/2025/C023.readable.pdf,FB068D6858FC822CB85CD029498335BFF9F6CB90FCCE6B85C31272CF0100C7C0,1311,1419,TEXT_PAGE,TEXT_PAGE,0,TEXT_PAGE,Poppler pdftotext returned meaningful page-scoped text; source_page=108 uses 1-based numbering.,PASS
CUMCM-2025-C-C023,109,2025年数学建模国赛真题+优秀论文/2025数学建模国赛优秀论文/C023.pdf,515FD73059B427606FFD099781A124D34BAC3306BEE87C61D47259622351EB17,derived/pilot/pdf_ocr/2025/C023.readable.pdf,FB068D6858FC822CB85CD029498335BFF9F6CB90FCCE6B85C31272CF0100C7C0,1275,1384,TEXT_PAGE,TEXT_PAGE,0,TEXT_PAGE,Poppler pdftotext returned meaningful page-scoped text; source_page=109 uses 1-based numbering.,PASS
CUMCM-2025-C-C023,110,2025年数学建模国赛真题+优秀论文/2025数学建模国赛优秀论文/C023.pdf,515FD73059B427606FFD099781A124D34BAC3306BEE87C61D47259622351EB17,derived/pilot/pdf_ocr/2025/C023.readable.pdf,FB068D6858FC822CB85CD029498335BFF9F6CB90FCCE6B85C31272CF0100C7C0,1362,1465,TEXT_PAGE,TEXT_PAGE,0,TEXT_PAGE,Poppler pdftotext returned meaningful page-scoped text; source_page=110 uses 1-based numbering.,PASS
CUMCM-2025-C-C023,111,2025年数学建模国赛真题+优秀论文/2025数学建模国赛优秀论文/C023.pdf,515FD73059B427606FFD099781A124D34BAC3306BEE87C61D47259622351EB17,derived/pilot/pdf_ocr/2025/C023.readable.pdf,FB068D6858FC822CB85CD029498335BFF9F6CB90FCCE6B85C31272CF0100C7C0,1445,1500,TEXT_PAGE,TEXT_PAGE,0,TEXT_PAGE,Poppler pdftotext returned meaningful page-scoped text; source_page=111 uses 1-based numbering.,PASS
CUMCM-2025-C-C023,112,2025年数学建模国赛真题+优秀论文/2025数学建模国赛优秀论文/C023.pdf,515FD73059B427606FFD099781A124D34BAC3306BEE87C61D47259622351EB17,derived/pilot/pdf_ocr/2025/C023.readable.pdf,FB068D6858FC822CB85CD029498335BFF9F6CB90FCCE6B85C31272CF0100C7C0,1249,1345,TEXT_PAGE,TEXT_PAGE,0,TEXT_PAGE,Poppler pdftotext returned meaningful page-scoped text; source_page=112 uses 1-based numbering.,PASS
CUMCM-2025-C-C023,113,2025年数学建模国赛真题+优秀论文/2025数学建模国赛优秀论文/C023.pdf,515FD73059B427606FFD099781A124D34BAC3306BEE87C61D47259622351EB17,derived/pilot/pdf_ocr/2025/C023.readable.pdf,FB068D6858FC822CB85CD029498335BFF9F6CB90FCCE6B85C31272CF0100C7C0,1317,1451,TEXT_PAGE,TEXT_PAGE,0,TEXT_PAGE,Poppler pdftotext returned meaningful page-scoped text; source_page=113 uses 1-based numbering.,PASS
CUMCM-2025-C-C023,114,2025年数学建模国赛真题+优秀论文/2025数学建模国赛优秀论文/C023.pdf,515FD73059B427606FFD099781A124D34BAC3306BEE87C61D47259622351EB17,derived/pilot/pdf_ocr/2025/C023.readable.pdf,FB068D6858FC822CB85CD029498335BFF9F6CB90FCCE6B85C31272CF0100C7C0,1292,1382,TEXT_PAGE,TEXT_PAGE,0,TEXT_PAGE,Poppler pdftotext returned meaningful page-scoped text; source_page=114 uses 1-based numbering.,PASS
CUMCM-2025-C-C023,115,2025年数学建模国赛真题+优秀论文/2025数学建模国赛优秀论文/C023.pdf,515FD73059B427606FFD099781A124D34BAC3306BEE87C61D47259622351EB17,derived/pilot/pdf_ocr/2025/C023.readable.pdf,FB068D6858FC822CB85CD029498335BFF9F6CB90FCCE6B85C31272CF0100C7C0,1563,1692,TEXT_PAGE,TEXT_PAGE,0,TEXT_PAGE,Poppler pdftotext returned meaningful page-scoped text; source_page=115 uses 1-based numbering.,PASS
CUMCM-2025-C-C023,116,2025年数学建模国赛真题+优秀论文/2025数学建模国赛优秀论文/C023.pdf,515FD73059B427606FFD099781A124D34BAC3306BEE87C61D47259622351EB17,derived/pilot/pdf_ocr/2025/C023.readable.pdf,FB068D6858FC822CB85CD029498335BFF9F6CB90FCCE6B85C31272CF0100C7C0,1632,1773,TEXT_PAGE,TEXT_PAGE,0,TEXT_PAGE,Poppler pdftotext returned meaningful page-scoped text; source_page=116 uses 1-based numbering.,PASS
CUMCM-2025-C-C023,117,2025年数学建模国赛真题+优秀论文/2025数学建模国赛优秀论文/C023.pdf,515FD73059B427606FFD099781A124D34BAC3306BEE87C61D47259622351EB17,derived/pilot/pdf_ocr/2025/C023.readable.pdf,FB068D6858FC822CB85CD029498335BFF9F6CB90FCCE6B85C31272CF0100C7C0,1204,1357,TEXT_PAGE,TEXT_PAGE,0,TEXT_PAGE,Poppler pdftotext returned meaningful page-scoped text; source_page=117 uses 1-based numbering.,PASS
CUMCM-2025-C-C023,118,2025年数学建模国赛真题+优秀论文/2025数学建模国赛优秀论文/C023.pdf,515FD73059B427606FFD099781A124D34BAC3306BEE87C61D47259622351EB17,derived/pilot/pdf_ocr/2025/C023.readable.pdf,FB068D6858FC822CB85CD029498335BFF9F6CB90FCCE6B85C31272CF0100C7C0,1141,1289,TEXT_PAGE,TEXT_PAGE,0,TEXT_PAGE,Poppler pdftotext returned meaningful page-scoped text; source_page=118 uses 1-based numbering.,PASS
CUMCM-2025-C-C023,119,2025年数学建模国赛真题+优秀论文/2025数学建模国赛优秀论文/C023.pdf,515FD73059B427606FFD099781A124D34BAC3306BEE87C61D47259622351EB17,derived/pilot/pdf_ocr/2025/C023.readable.pdf,FB068D6858FC822CB85CD029498335BFF9F6CB90FCCE6B85C31272CF0100C7C0,1463,1554,TEXT_PAGE,TEXT_PAGE,0,TEXT_PAGE,Poppler pdftotext returned meaningful page-scoped text; source_page=119 uses 1-based numbering.,PASS
CUMCM-2025-C-C023,120,2025年数学建模国赛真题+优秀论文/2025数学建模国赛优秀论文/C023.pdf,515FD73059B427606FFD099781A124D34BAC3306BEE87C61D47259622351EB17,derived/pilot/pdf_ocr/2025/C023.readable.pdf,FB068D6858FC822CB85CD029498335BFF9F6CB90FCCE6B85C31272CF0100C7C0,1231,1321,TEXT_PAGE,TEXT_PAGE,0,TEXT_PAGE,Poppler pdftotext returned meaningful page-scoped text; source_page=120 uses 1-based numbering.,PASS
CUMCM-2025-C-C023,121,2025年数学建模国赛真题+优秀论文/2025数学建模国赛优秀论文/C023.pdf,515FD73059B427606FFD099781A124D34BAC3306BEE87C61D47259622351EB17,derived/pilot/pdf_ocr/2025/C023.readable.pdf,FB068D6858FC822CB85CD029498335BFF9F6CB90FCCE6B85C31272CF0100C7C0,1416,1493,TEXT_PAGE,TEXT_PAGE,0,TEXT_PAGE,Poppler pdftotext returned meaningful page-scoped text; source_page=121 uses 1-based numbering.,PASS
CUMCM-2025-C-C023,122,2025年数学建模国赛真题+优秀论文/2025数学建模国赛优秀论文/C023.pdf,515FD73059B427606FFD099781A124D34BAC3306BEE87C61D47259622351EB17,derived/pilot/pdf_ocr/2025/C023.readable.pdf,FB068D6858FC822CB85CD029498335BFF9F6CB90FCCE6B85C31272CF0100C7C0,1027,1088,TEXT_PAGE,TEXT_PAGE,0,TEXT_PAGE,Poppler pdftotext returned meaningful page-scoped text; source_page=122 uses 1-based numbering.,PASS
CUMCM-2025-C-C132,1,2025年数学建模国赛真题+优秀论文/2025数学建模国赛优秀论文/C132.pdf,08EC307CDC65A673E6838E2E3D00B2337DA414E7891284617E10F370E5F246B5,derived/pilot/pdf_ocr/2025/C132.readable.pdf,37752EA9FA2FCC39EDFC791BE32DC467D19999A1325D5F3438E56C990FD75CB4,2196,2070,TEXT_PAGE,TEXT_PAGE,0,TEXT_PAGE,Poppler pdftotext returned meaningful page-scoped text; source_page=1 uses 1-based numbering.,PASS
CUMCM-2025-C-C132,2,2025年数学建模国赛真题+优秀论文/2025数学建模国赛优秀论文/C132.pdf,08EC307CDC65A673E6838E2E3D00B2337DA414E7891284617E10F370E5F246B5,derived/pilot/pdf_ocr/2025/C132.readable.pdf,37752EA9FA2FCC39EDFC791BE32DC467D19999A1325D5F3438E56C990FD75CB4,1792,1711,TEXT_PAGE,TEXT_PAGE,0,TEXT_PAGE,Poppler pdftotext returned meaningful page-scoped text; source_page=2 uses 1-based numbering.,PASS
CUMCM-2025-C-C132,3,2025年数学建模国赛真题+优秀论文/2025数学建模国赛优秀论文/C132.pdf,08EC307CDC65A673E6838E2E3D00B2337DA414E7891284617E10F370E5F246B5,derived/pilot/pdf_ocr/2025/C132.readable.pdf,37752EA9FA2FCC39EDFC791BE32DC467D19999A1325D5F3438E56C990FD75CB4,1629,1617,TEXT_PAGE,TEXT_PAGE,0,TEXT_PAGE,Poppler pdftotext returned meaningful page-scoped text; source_page=3 uses 1-based numbering.,PASS
CUMCM-2025-C-C132,4,2025年数学建模国赛真题+优秀论文/2025数学建模国赛优秀论文/C132.pdf,08EC307CDC65A673E6838E2E3D00B2337DA414E7891284617E10F370E5F246B5,derived/pilot/pdf_ocr/2025/C132.readable.pdf,37752EA9FA2FCC39EDFC791BE32DC467D19999A1325D5F3438E56C990FD75CB4,942,940,TEXT_PAGE,TEXT_PAGE,0,TEXT_PAGE,Poppler pdftotext returned meaningful page-scoped text; source_page=4 uses 1-based numbering.,PASS
CUMCM-2025-C-C132,5,2025年数学建模国赛真题+优秀论文/2025数学建模国赛优秀论文/C132.pdf,08EC307CDC65A673E6838E2E3D00B2337DA414E7891284617E10F370E5F246B5,derived/pilot/pdf_ocr/2025/C132.readable.pdf,37752EA9FA2FCC39EDFC791BE32DC467D19999A1325D5F3438E56C990FD75CB4,1077,1127,TEXT_PAGE,TEXT_PAGE,0,TEXT_PAGE,Poppler pdftotext returned meaningful page-scoped text; source_page=5 uses 1-based numbering.,PASS
CUMCM-2025-C-C132,6,2025年数学建模国赛真题+优秀论文/2025数学建模国赛优秀论文/C132.pdf,08EC307CDC65A673E6838E2E3D00B2337DA414E7891284617E10F370E5F246B5,derived/pilot/pdf_ocr/2025/C132.readable.pdf,37752EA9FA2FCC39EDFC791BE32DC467D19999A1325D5F3438E56C990FD75CB4,1216,1223,TEXT_PAGE,TEXT_PAGE,0,TEXT_PAGE,Poppler pdftotext returned meaningful page-scoped text; source_page=6 uses 1-based numbering.,PASS
CUMCM-2025-C-C132,7,2025年数学建模国赛真题+优秀论文/2025数学建模国赛优秀论文/C132.pdf,08EC307CDC65A673E6838E2E3D00B2337DA414E7891284617E10F370E5F246B5,derived/pilot/pdf_ocr/2025/C132.readable.pdf,37752EA9FA2FCC39EDFC791BE32DC467D19999A1325D5F3438E56C990FD75CB4,12,1,IMAGE_MARKER_ONLY,GARBLED,1,VERIFIED_BLANK_PAGE,Existing G5/G6 independent blank-page evidence records this page as verified blank; extractor outputs are retained for audit.,PASS
CUMCM-2025-C-C132,8,2025年数学建模国赛真题+优秀论文/2025数学建模国赛优秀论文/C132.pdf,08EC307CDC65A673E6838E2E3D00B2337DA414E7891284617E10F370E5F246B5,derived/pilot/pdf_ocr/2025/C132.readable.pdf,37752EA9FA2FCC39EDFC791BE32DC467D19999A1325D5F3438E56C990FD75CB4,12,1,IMAGE_MARKER_ONLY,GARBLED,1,VERIFIED_BLANK_PAGE,Existing G5/G6 independent blank-page evidence records this page as verified blank; extractor outputs are retained for audit.,PASS
CUMCM-2025-C-C132,9,2025年数学建模国赛真题+优秀论文/2025数学建模国赛优秀论文/C132.pdf,08EC307CDC65A673E6838E2E3D00B2337DA414E7891284617E10F370E5F246B5,derived/pilot/pdf_ocr/2025/C132.readable.pdf,37752EA9FA2FCC39EDFC791BE32DC467D19999A1325D5F3438E56C990FD75CB4,1144,1107,TEXT_PAGE,TEXT_PAGE,0,TEXT_PAGE,Poppler pdftotext returned meaningful page-scoped text; source_page=9 uses 1-based numbering.,PASS
CUMCM-2025-C-C132,10,2025年数学建模国赛真题+优秀论文/2025数学建模国赛优秀论文/C132.pdf,08EC307CDC65A673E6838E2E3D00B2337DA414E7891284617E10F370E5F246B5,derived/pilot/pdf_ocr/2025/C132.readable.pdf,37752EA9FA2FCC39EDFC791BE32DC467D19999A1325D5F3438E56C990FD75CB4,12,1,IMAGE_MARKER_ONLY,GARBLED,1,VERIFIED_BLANK_PAGE,Existing G5/G6 independent blank-page evidence records this page as verified blank; extractor outputs are retained for audit.,PASS
CUMCM-2025-C-C132,11,2025年数学建模国赛真题+优秀论文/2025数学建模国赛优秀论文/C132.pdf,08EC307CDC65A673E6838E2E3D00B2337DA414E7891284617E10F370E5F246B5,derived/pilot/pdf_ocr/2025/C132.readable.pdf,37752EA9FA2FCC39EDFC791BE32DC467D19999A1325D5F3438E56C990FD75CB4,1597,1605,TEXT_PAGE,TEXT_PAGE,0,TEXT_PAGE,Poppler pdftotext returned meaningful page-scoped text; source_page=11 uses 1-based numbering.,PASS
CUMCM-2025-C-C132,12,2025年数学建模国赛真题+优秀论文/2025数学建模国赛优秀论文/C132.pdf,08EC307CDC65A673E6838E2E3D00B2337DA414E7891284617E10F370E5F246B5,derived/pilot/pdf_ocr/2025/C132.readable.pdf,37752EA9FA2FCC39EDFC791BE32DC467D19999A1325D5F3438E56C990FD75CB4,1457,1391,TEXT_PAGE,TEXT_PAGE,0,TEXT_PAGE,Poppler pdftotext returned meaningful page-scoped text; source_page=12 uses 1-based numbering.,PASS
CUMCM-2025-C-C132,13,2025年数学建模国赛真题+优秀论文/2025数学建模国赛优秀论文/C132.pdf,08EC307CDC65A673E6838E2E3D00B2337DA414E7891284617E10F370E5F246B5,derived/pilot/pdf_ocr/2025/C132.readable.pdf,37752EA9FA2FCC39EDFC791BE32DC467D19999A1325D5F3438E56C990FD75CB4,1267,1214,TEXT_PAGE,TEXT_PAGE,0,TEXT_PAGE,Poppler pdftotext returned meaningful page-scoped text; source_page=13 uses 1-based numbering.,PASS
CUMCM-2025-C-C132,14,2025年数学建模国赛真题+优秀论文/2025数学建模国赛优秀论文/C132.pdf,08EC307CDC65A673E6838E2E3D00B2337DA414E7891284617E10F370E5F246B5,derived/pilot/pdf_ocr/2025/C132.readable.pdf,37752EA9FA2FCC39EDFC791BE32DC467D19999A1325D5F3438E56C990FD75CB4,818,834,TEXT_PAGE,TEXT_PAGE,0,TEXT_PAGE,Poppler pdftotext returned meaningful page-scoped text; source_page=14 uses 1-based numbering.,PASS
CUMCM-2025-C-C132,15,2025年数学建模国赛真题+优秀论文/2025数学建模国赛优秀论文/C132.pdf,08EC307CDC65A673E6838E2E3D00B2337DA414E7891284617E10F370E5F246B5,derived/pilot/pdf_ocr/2025/C132.readable.pdf,37752EA9FA2FCC39EDFC791BE32DC467D19999A1325D5F3438E56C990FD75CB4,1710,1621,TEXT_PAGE,TEXT_PAGE,0,TEXT_PAGE,Poppler pdftotext returned meaningful page-scoped text; source_page=15 uses 1-based numbering.,PASS
CUMCM-2025-C-C132,16,2025年数学建模国赛真题+优秀论文/2025数学建模国赛优秀论文/C132.pdf,08EC307CDC65A673E6838E2E3D00B2337DA414E7891284617E10F370E5F246B5,derived/pilot/pdf_ocr/2025/C132.readable.pdf,37752EA9FA2FCC39EDFC791BE32DC467D19999A1325D5F3438E56C990FD75CB4,630,617,TEXT_PAGE,TEXT_PAGE,0,TEXT_PAGE,Poppler pdftotext returned meaningful page-scoped text; source_page=16 uses 1-based numbering.,PASS
CUMCM-2025-C-C132,17,2025年数学建模国赛真题+优秀论文/2025数学建模国赛优秀论文/C132.pdf,08EC307CDC65A673E6838E2E3D00B2337DA414E7891284617E10F370E5F246B5,derived/pilot/pdf_ocr/2025/C132.readable.pdf,37752EA9FA2FCC39EDFC791BE32DC467D19999A1325D5F3438E56C990FD75CB4,900,855,TEXT_PAGE,TEXT_PAGE,0,TEXT_PAGE,Poppler pdftotext returned meaningful page-scoped text; source_page=17 uses 1-based numbering.,PASS
CUMCM-2025-C-C132,18,2025年数学建模国赛真题+优秀论文/2025数学建模国赛优秀论文/C132.pdf,08EC307CDC65A673E6838E2E3D00B2337DA414E7891284617E10F370E5F246B5,derived/pilot/pdf_ocr/2025/C132.readable.pdf,37752EA9FA2FCC39EDFC791BE32DC467D19999A1325D5F3438E56C990FD75CB4,1296,1315,TEXT_PAGE,TEXT_PAGE,0,TEXT_PAGE,Poppler pdftotext returned meaningful page-scoped text; source_page=18 uses 1-based numbering.,PASS
CUMCM-2025-C-C132,19,2025年数学建模国赛真题+优秀论文/2025数学建模国赛优秀论文/C132.pdf,08EC307CDC65A673E6838E2E3D00B2337DA414E7891284617E10F370E5F246B5,derived/pilot/pdf_ocr/2025/C132.readable.pdf,37752EA9FA2FCC39EDFC791BE32DC467D19999A1325D5F3438E56C990FD75CB4,1360,1399,TEXT_PAGE,TEXT_PAGE,0,TEXT_PAGE,Poppler pdftotext returned meaningful page-scoped text; source_page=19 uses 1-based numbering.,PASS
CUMCM-2025-C-C132,20,2025年数学建模国赛真题+优秀论文/2025数学建模国赛优秀论文/C132.pdf,08EC307CDC65A673E6838E2E3D00B2337DA414E7891284617E10F370E5F246B5,derived/pilot/pdf_ocr/2025/C132.readable.pdf,37752EA9FA2FCC39EDFC791BE32DC467D19999A1325D5F3438E56C990FD75CB4,1299,1286,TEXT_PAGE,TEXT_PAGE,0,TEXT_PAGE,Poppler pdftotext returned meaningful page-scoped text; source_page=20 uses 1-based numbering.,PASS
CUMCM-2025-C-C132,21,2025年数学建模国赛真题+优秀论文/2025数学建模国赛优秀论文/C132.pdf,08EC307CDC65A673E6838E2E3D00B2337DA414E7891284617E10F370E5F246B5,derived/pilot/pdf_ocr/2025/C132.readable.pdf,37752EA9FA2FCC39EDFC791BE32DC467D19999A1325D5F3438E56C990FD75CB4,1417,1363,TEXT_PAGE,TEXT_PAGE,0,TEXT_PAGE,Poppler pdftotext returned meaningful page-scoped text; source_page=21 uses 1-based numbering.,PASS
CUMCM-2025-C-C132,22,2025年数学建模国赛真题+优秀论文/2025数学建模国赛优秀论文/C132.pdf,08EC307CDC65A673E6838E2E3D00B2337DA414E7891284617E10F370E5F246B5,derived/pilot/pdf_ocr/2025/C132.readable.pdf,37752EA9FA2FCC39EDFC791BE32DC467D19999A1325D5F3438E56C990FD75CB4,1003,948,TEXT_PAGE,TEXT_PAGE,0,TEXT_PAGE,Poppler pdftotext returned meaningful page-scoped text; source_page=22 uses 1-based numbering.,PASS
CUMCM-2025-C-C132,23,2025年数学建模国赛真题+优秀论文/2025数学建模国赛优秀论文/C132.pdf,08EC307CDC65A673E6838E2E3D00B2337DA414E7891284617E10F370E5F246B5,derived/pilot/pdf_ocr/2025/C132.readable.pdf,37752EA9FA2FCC39EDFC791BE32DC467D19999A1325D5F3438E56C990FD75CB4,1291,1310,TEXT_PAGE,TEXT_PAGE,0,TEXT_PAGE,Poppler pdftotext returned meaningful page-scoped text; source_page=23 uses 1-based numbering.,PASS
CUMCM-2025-C-C132,24,2025年数学建模国赛真题+优秀论文/2025数学建模国赛优秀论文/C132.pdf,08EC307CDC65A673E6838E2E3D00B2337DA414E7891284617E10F370E5F246B5,derived/pilot/pdf_ocr/2025/C132.readable.pdf,37752EA9FA2FCC39EDFC791BE32DC467D19999A1325D5F3438E56C990FD75CB4,1018,1021,TEXT_PAGE,TEXT_PAGE,0,TEXT_PAGE,Poppler pdftotext returned meaningful page-scoped text; source_page=24 uses 1-based numbering.,PASS
CUMCM-2025-C-C132,25,2025年数学建模国赛真题+优秀论文/2025数学建模国赛优秀论文/C132.pdf,08EC307CDC65A673E6838E2E3D00B2337DA414E7891284617E10F370E5F246B5,derived/pilot/pdf_ocr/2025/C132.readable.pdf,37752EA9FA2FCC39EDFC791BE32DC467D19999A1325D5F3438E56C990FD75CB4,1218,1183,TEXT_PAGE,TEXT_PAGE,0,TEXT_PAGE,Poppler pdftotext returned meaningful page-scoped text; source_page=25 uses 1-based numbering.,PASS
CUMCM-2025-C-C132,26,2025年数学建模国赛真题+优秀论文/2025数学建模国赛优秀论文/C132.pdf,08EC307CDC65A673E6838E2E3D00B2337DA414E7891284617E10F370E5F246B5,derived/pilot/pdf_ocr/2025/C132.readable.pdf,37752EA9FA2FCC39EDFC791BE32DC467D19999A1325D5F3438E56C990FD75CB4,1318,1302,TEXT_PAGE,TEXT_PAGE,0,TEXT_PAGE,Poppler pdftotext returned meaningful page-scoped text; source_page=26 uses 1-based numbering.,PASS
CUMCM-2025-C-C132,27,2025年数学建模国赛真题+优秀论文/2025数学建模国赛优秀论文/C132.pdf,08EC307CDC65A673E6838E2E3D00B2337DA414E7891284617E10F370E5F246B5,derived/pilot/pdf_ocr/2025/C132.readable.pdf,37752EA9FA2FCC39EDFC791BE32DC467D19999A1325D5F3438E56C990FD75CB4,1131,1104,TEXT_PAGE,TEXT_PAGE,0,TEXT_PAGE,Poppler pdftotext returned meaningful page-scoped text; source_page=27 uses 1-based numbering.,PASS
CUMCM-2025-C-C132,28,2025年数学建模国赛真题+优秀论文/2025数学建模国赛优秀论文/C132.pdf,08EC307CDC65A673E6838E2E3D00B2337DA414E7891284617E10F370E5F246B5,derived/pilot/pdf_ocr/2025/C132.readable.pdf,37752EA9FA2FCC39EDFC791BE32DC467D19999A1325D5F3438E56C990FD75CB4,1051,1038,TEXT_PAGE,TEXT_PAGE,0,TEXT_PAGE,Poppler pdftotext returned meaningful page-scoped text; source_page=28 uses 1-based numbering.,PASS
CUMCM-2025-C-C132,29,2025年数学建模国赛真题+优秀论文/2025数学建模国赛优秀论文/C132.pdf,08EC307CDC65A673E6838E2E3D00B2337DA414E7891284617E10F370E5F246B5,derived/pilot/pdf_ocr/2025/C132.readable.pdf,37752EA9FA2FCC39EDFC791BE32DC467D19999A1325D5F3438E56C990FD75CB4,852,867,TEXT_PAGE,TEXT_PAGE,0,TEXT_PAGE,Poppler pdftotext returned meaningful page-scoped text; source_page=29 uses 1-based numbering.,PASS
CUMCM-2025-C-C132,30,2025年数学建模国赛真题+优秀论文/2025数学建模国赛优秀论文/C132.pdf,08EC307CDC65A673E6838E2E3D00B2337DA414E7891284617E10F370E5F246B5,derived/pilot/pdf_ocr/2025/C132.readable.pdf,37752EA9FA2FCC39EDFC791BE32DC467D19999A1325D5F3438E56C990FD75CB4,1083,1086,TEXT_PAGE,TEXT_PAGE,0,TEXT_PAGE,Poppler pdftotext returned meaningful page-scoped text; source_page=30 uses 1-based numbering.,PASS
CUMCM-2025-C-C132,31,2025年数学建模国赛真题+优秀论文/2025数学建模国赛优秀论文/C132.pdf,08EC307CDC65A673E6838E2E3D00B2337DA414E7891284617E10F370E5F246B5,derived/pilot/pdf_ocr/2025/C132.readable.pdf,37752EA9FA2FCC39EDFC791BE32DC467D19999A1325D5F3438E56C990FD75CB4,974,969,TEXT_PAGE,TEXT_PAGE,0,TEXT_PAGE,Poppler pdftotext returned meaningful page-scoped text; source_page=31 uses 1-based numbering.,PASS
CUMCM-2025-C-C132,32,2025年数学建模国赛真题+优秀论文/2025数学建模国赛优秀论文/C132.pdf,08EC307CDC65A673E6838E2E3D00B2337DA414E7891284617E10F370E5F246B5,derived/pilot/pdf_ocr/2025/C132.readable.pdf,37752EA9FA2FCC39EDFC791BE32DC467D19999A1325D5F3438E56C990FD75CB4,932,930,TEXT_PAGE,TEXT_PAGE,0,TEXT_PAGE,Poppler pdftotext returned meaningful page-scoped text; source_page=32 uses 1-based numbering.,PASS
CUMCM-2025-C-C132,33,2025年数学建模国赛真题+优秀论文/2025数学建模国赛优秀论文/C132.pdf,08EC307CDC65A673E6838E2E3D00B2337DA414E7891284617E10F370E5F246B5,derived/pilot/pdf_ocr/2025/C132.readable.pdf,37752EA9FA2FCC39EDFC791BE32DC467D19999A1325D5F3438E56C990FD75CB4,1360,1387,TEXT_PAGE,TEXT_PAGE,0,TEXT_PAGE,Poppler pdftotext returned meaningful page-scoped text; source_page=33 uses 1-based numbering.,PASS
CUMCM-2025-C-C132,34,2025年数学建模国赛真题+优秀论文/2025数学建模国赛优秀论文/C132.pdf,08EC307CDC65A673E6838E2E3D00B2337DA414E7891284617E10F370E5F246B5,derived/pilot/pdf_ocr/2025/C132.readable.pdf,37752EA9FA2FCC39EDFC791BE32DC467D19999A1325D5F3438E56C990FD75CB4,1128,1124,TEXT_PAGE,TEXT_PAGE,0,TEXT_PAGE,Poppler pdftotext returned meaningful page-scoped text; source_page=34 uses 1-based numbering.,PASS
CUMCM-2025-C-C132,35,2025年数学建模国赛真题+优秀论文/2025数学建模国赛优秀论文/C132.pdf,08EC307CDC65A673E6838E2E3D00B2337DA414E7891284617E10F370E5F246B5,derived/pilot/pdf_ocr/2025/C132.readable.pdf,37752EA9FA2FCC39EDFC791BE32DC467D19999A1325D5F3438E56C990FD75CB4,1249,1256,TEXT_PAGE,TEXT_PAGE,0,TEXT_PAGE,Poppler pdftotext returned meaningful page-scoped text; source_page=35 uses 1-based numbering.,PASS
CUMCM-2025-C-C132,36,2025年数学建模国赛真题+优秀论文/2025数学建模国赛优秀论文/C132.pdf,08EC307CDC65A673E6838E2E3D00B2337DA414E7891284617E10F370E5F246B5,derived/pilot/pdf_ocr/2025/C132.readable.pdf,37752EA9FA2FCC39EDFC791BE32DC467D19999A1325D5F3438E56C990FD75CB4,12,1,IMAGE_MARKER_ONLY,GARBLED,1,VERIFIED_BLANK_PAGE,Existing G5/G6 independent blank-page evidence records this page as verified blank; extractor outputs are retained for audit.,PASS
CUMCM-2025-C-C132,37,2025年数学建模国赛真题+优秀论文/2025数学建模国赛优秀论文/C132.pdf,08EC307CDC65A673E6838E2E3D00B2337DA414E7891284617E10F370E5F246B5,derived/pilot/pdf_ocr/2025/C132.readable.pdf,37752EA9FA2FCC39EDFC791BE32DC467D19999A1325D5F3438E56C990FD75CB4,1458,1480,TEXT_PAGE,TEXT_PAGE,0,TEXT_PAGE,Poppler pdftotext returned meaningful page-scoped text; source_page=37 uses 1-based numbering.,PASS
CUMCM-2025-C-C132,38,2025年数学建模国赛真题+优秀论文/2025数学建模国赛优秀论文/C132.pdf,08EC307CDC65A673E6838E2E3D00B2337DA414E7891284617E10F370E5F246B5,derived/pilot/pdf_ocr/2025/C132.readable.pdf,37752EA9FA2FCC39EDFC791BE32DC467D19999A1325D5F3438E56C990FD75CB4,1048,1029,TEXT_PAGE,TEXT_PAGE,0,TEXT_PAGE,Poppler pdftotext returned meaningful page-scoped text; source_page=38 uses 1-based numbering.,PASS
CUMCM-2025-C-C132,39,2025年数学建模国赛真题+优秀论文/2025数学建模国赛优秀论文/C132.pdf,08EC307CDC65A673E6838E2E3D00B2337DA414E7891284617E10F370E5F246B5,derived/pilot/pdf_ocr/2025/C132.readable.pdf,37752EA9FA2FCC39EDFC791BE32DC467D19999A1325D5F3438E56C990FD75CB4,1652,1578,TEXT_PAGE,TEXT_PAGE,0,TEXT_PAGE,Poppler pdftotext returned meaningful page-scoped text; source_page=39 uses 1-based numbering.,PASS
CUMCM-2025-C-C132,40,2025年数学建模国赛真题+优秀论文/2025数学建模国赛优秀论文/C132.pdf,08EC307CDC65A673E6838E2E3D00B2337DA414E7891284617E10F370E5F246B5,derived/pilot/pdf_ocr/2025/C132.readable.pdf,37752EA9FA2FCC39EDFC791BE32DC467D19999A1325D5F3438E56C990FD75CB4,2166,2123,TEXT_PAGE,TEXT_PAGE,0,TEXT_PAGE,Poppler pdftotext returned meaningful page-scoped text; source_page=40 uses 1-based numbering.,PASS
CUMCM-2025-C-C132,41,2025年数学建模国赛真题+优秀论文/2025数学建模国赛优秀论文/C132.pdf,08EC307CDC65A673E6838E2E3D00B2337DA414E7891284617E10F370E5F246B5,derived/pilot/pdf_ocr/2025/C132.readable.pdf,37752EA9FA2FCC39EDFC791BE32DC467D19999A1325D5F3438E56C990FD75CB4,1186,1266,TEXT_PAGE,TEXT_PAGE,0,TEXT_PAGE,Poppler pdftotext returned meaningful page-scoped text; source_page=41 uses 1-based numbering.,PASS
CUMCM-2025-C-C132,42,2025年数学建模国赛真题+优秀论文/2025数学建模国赛优秀论文/C132.pdf,08EC307CDC65A673E6838E2E3D00B2337DA414E7891284617E10F370E5F246B5,derived/pilot/pdf_ocr/2025/C132.readable.pdf,37752EA9FA2FCC39EDFC791BE32DC467D19999A1325D5F3438E56C990FD75CB4,1747,1729,TEXT_PAGE,TEXT_PAGE,0,TEXT_PAGE,Poppler pdftotext returned meaningful page-scoped text; source_page=42 uses 1-based numbering.,PASS
CUMCM-2025-C-C132,43,2025年数学建模国赛真题+优秀论文/2025数学建模国赛优秀论文/C132.pdf,08EC307CDC65A673E6838E2E3D00B2337DA414E7891284617E10F370E5F246B5,derived/pilot/pdf_ocr/2025/C132.readable.pdf,37752EA9FA2FCC39EDFC791BE32DC467D19999A1325D5F3438E56C990FD75CB4,2198,2246,TEXT_PAGE,TEXT_PAGE,0,TEXT_PAGE,Poppler pdftotext returned meaningful page-scoped text; source_page=43 uses 1-based numbering.,PASS
CUMCM-2025-C-C132,44,2025年数学建模国赛真题+优秀论文/2025数学建模国赛优秀论文/C132.pdf,08EC307CDC65A673E6838E2E3D00B2337DA414E7891284617E10F370E5F246B5,derived/pilot/pdf_ocr/2025/C132.readable.pdf,37752EA9FA2FCC39EDFC791BE32DC467D19999A1325D5F3438E56C990FD75CB4,1701,1803,TEXT_PAGE,TEXT_PAGE,0,TEXT_PAGE,Poppler pdftotext returned meaningful page-scoped text; source_page=44 uses 1-based numbering.,PASS
CUMCM-2025-C-C132,45,2025年数学建模国赛真题+优秀论文/2025数学建模国赛优秀论文/C132.pdf,08EC307CDC65A673E6838E2E3D00B2337DA414E7891284617E10F370E5F246B5,derived/pilot/pdf_ocr/2025/C132.readable.pdf,37752EA9FA2FCC39EDFC791BE32DC467D19999A1325D5F3438E56C990FD75CB4,1913,1971,TEXT_PAGE,TEXT_PAGE,0,TEXT_PAGE,Poppler pdftotext returned meaningful page-scoped text; source_page=45 uses 1-based numbering.,PASS
CUMCM-2025-C-C132,46,2025年数学建模国赛真题+优秀论文/2025数学建模国赛优秀论文/C132.pdf,08EC307CDC65A673E6838E2E3D00B2337DA414E7891284617E10F370E5F246B5,derived/pilot/pdf_ocr/2025/C132.readable.pdf,37752EA9FA2FCC39EDFC791BE32DC467D19999A1325D5F3438E56C990FD75CB4,2028,2081,TEXT_PAGE,TEXT_PAGE,0,TEXT_PAGE,Poppler pdftotext returned meaningful page-scoped text; source_page=46 uses 1-based numbering.,PASS
CUMCM-2025-C-C132,47,2025年数学建模国赛真题+优秀论文/2025数学建模国赛优秀论文/C132.pdf,08EC307CDC65A673E6838E2E3D00B2337DA414E7891284617E10F370E5F246B5,derived/pilot/pdf_ocr/2025/C132.readable.pdf,37752EA9FA2FCC39EDFC791BE32DC467D19999A1325D5F3438E56C990FD75CB4,2172,2241,TEXT_PAGE,TEXT_PAGE,0,TEXT_PAGE,Poppler pdftotext returned meaningful page-scoped text; source_page=47 uses 1-based numbering.,PASS
CUMCM-2025-C-C132,48,2025年数学建模国赛真题+优秀论文/2025数学建模国赛优秀论文/C132.pdf,08EC307CDC65A673E6838E2E3D00B2337DA414E7891284617E10F370E5F246B5,derived/pilot/pdf_ocr/2025/C132.readable.pdf,37752EA9FA2FCC39EDFC791BE32DC467D19999A1325D5F3438E56C990FD75CB4,1938,1981,TEXT_PAGE,TEXT_PAGE,0,TEXT_PAGE,Poppler pdftotext returned meaningful page-scoped text; source_page=48 uses 1-based numbering.,PASS
CUMCM-2025-C-C132,49,2025年数学建模国赛真题+优秀论文/2025数学建模国赛优秀论文/C132.pdf,08EC307CDC65A673E6838E2E3D00B2337DA414E7891284617E10F370E5F246B5,derived/pilot/pdf_ocr/2025/C132.readable.pdf,37752EA9FA2FCC39EDFC791BE32DC467D19999A1325D5F3438E56C990FD75CB4,2241,2300,TEXT_PAGE,TEXT_PAGE,0,TEXT_PAGE,Poppler pdftotext returned meaningful page-scoped text; source_page=49 uses 1-based numbering.,PASS
CUMCM-2025-C-C132,50,2025年数学建模国赛真题+优秀论文/2025数学建模国赛优秀论文/C132.pdf,08EC307CDC65A673E6838E2E3D00B2337DA414E7891284617E10F370E5F246B5,derived/pilot/pdf_ocr/2025/C132.readable.pdf,37752EA9FA2FCC39EDFC791BE32DC467D19999A1325D5F3438E56C990FD75CB4,2265,2312,TEXT_PAGE,TEXT_PAGE,0,TEXT_PAGE,Poppler pdftotext returned meaningful page-scoped text; source_page=50 uses 1-based numbering.,PASS
CUMCM-2025-C-C132,51,2025年数学建模国赛真题+优秀论文/2025数学建模国赛优秀论文/C132.pdf,08EC307CDC65A673E6838E2E3D00B2337DA414E7891284617E10F370E5F246B5,derived/pilot/pdf_ocr/2025/C132.readable.pdf,37752EA9FA2FCC39EDFC791BE32DC467D19999A1325D5F3438E56C990FD75CB4,2451,2535,TEXT_PAGE,TEXT_PAGE,0,TEXT_PAGE,Poppler pdftotext returned meaningful page-scoped text; source_page=51 uses 1-based numbering.,PASS
CUMCM-2025-C-C132,52,2025年数学建模国赛真题+优秀论文/2025数学建模国赛优秀论文/C132.pdf,08EC307CDC65A673E6838E2E3D00B2337DA414E7891284617E10F370E5F246B5,derived/pilot/pdf_ocr/2025/C132.readable.pdf,37752EA9FA2FCC39EDFC791BE32DC467D19999A1325D5F3438E56C990FD75CB4,2236,2277,TEXT_PAGE,TEXT_PAGE,0,TEXT_PAGE,Poppler pdftotext returned meaningful page-scoped text; source_page=52 uses 1-based numbering.,PASS
CUMCM-2025-C-C132,53,2025年数学建模国赛真题+优秀论文/2025数学建模国赛优秀论文/C132.pdf,08EC307CDC65A673E6838E2E3D00B2337DA414E7891284617E10F370E5F246B5,derived/pilot/pdf_ocr/2025/C132.readable.pdf,37752EA9FA2FCC39EDFC791BE32DC467D19999A1325D5F3438E56C990FD75CB4,2398,2430,TEXT_PAGE,TEXT_PAGE,0,TEXT_PAGE,Poppler pdftotext returned meaningful page-scoped text; source_page=53 uses 1-based numbering.,PASS
CUMCM-2025-C-C132,54,2025年数学建模国赛真题+优秀论文/2025数学建模国赛优秀论文/C132.pdf,08EC307CDC65A673E6838E2E3D00B2337DA414E7891284617E10F370E5F246B5,derived/pilot/pdf_ocr/2025/C132.readable.pdf,37752EA9FA2FCC39EDFC791BE32DC467D19999A1325D5F3438E56C990FD75CB4,2136,2211,TEXT_PAGE,TEXT_PAGE,0,TEXT_PAGE,Poppler pdftotext returned meaningful page-scoped text; source_page=54 uses 1-based numbering.,PASS
CUMCM-2025-C-C132,55,2025年数学建模国赛真题+优秀论文/2025数学建模国赛优秀论文/C132.pdf,08EC307CDC65A673E6838E2E3D00B2337DA414E7891284617E10F370E5F246B5,derived/pilot/pdf_ocr/2025/C132.readable.pdf,37752EA9FA2FCC39EDFC791BE32DC467D19999A1325D5F3438E56C990FD75CB4,1737,1761,TEXT_PAGE,TEXT_PAGE,0,TEXT_PAGE,Poppler pdftotext returned meaningful page-scoped text; source_page=55 uses 1-based numbering.,PASS
CUMCM-2025-C-C132,56,2025年数学建模国赛真题+优秀论文/2025数学建模国赛优秀论文/C132.pdf,08EC307CDC65A673E6838E2E3D00B2337DA414E7891284617E10F370E5F246B5,derived/pilot/pdf_ocr/2025/C132.readable.pdf,37752EA9FA2FCC39EDFC791BE32DC467D19999A1325D5F3438E56C990FD75CB4,1679,1717,TEXT_PAGE,TEXT_PAGE,0,TEXT_PAGE,Poppler pdftotext returned meaningful page-scoped text; source_page=56 uses 1-based numbering.,PASS
CUMCM-2025-C-C132,57,2025年数学建模国赛真题+优秀论文/2025数学建模国赛优秀论文/C132.pdf,08EC307CDC65A673E6838E2E3D00B2337DA414E7891284617E10F370E5F246B5,derived/pilot/pdf_ocr/2025/C132.readable.pdf,37752EA9FA2FCC39EDFC791BE32DC467D19999A1325D5F3438E56C990FD75CB4,1825,1903,TEXT_PAGE,TEXT_PAGE,0,TEXT_PAGE,Poppler pdftotext returned meaningful page-scoped text; source_page=57 uses 1-based numbering.,PASS
CUMCM-2025-C-C132,58,2025年数学建模国赛真题+优秀论文/2025数学建模国赛优秀论文/C132.pdf,08EC307CDC65A673E6838E2E3D00B2337DA414E7891284617E10F370E5F246B5,derived/pilot/pdf_ocr/2025/C132.readable.pdf,37752EA9FA2FCC39EDFC791BE32DC467D19999A1325D5F3438E56C990FD75CB4,1778,1864,TEXT_PAGE,TEXT_PAGE,0,TEXT_PAGE,Poppler pdftotext returned meaningful page-scoped text; source_page=58 uses 1-based numbering.,PASS
CUMCM-2025-C-C132,59,2025年数学建模国赛真题+优秀论文/2025数学建模国赛优秀论文/C132.pdf,08EC307CDC65A673E6838E2E3D00B2337DA414E7891284617E10F370E5F246B5,derived/pilot/pdf_ocr/2025/C132.readable.pdf,37752EA9FA2FCC39EDFC791BE32DC467D19999A1325D5F3438E56C990FD75CB4,1928,1971,TEXT_PAGE,TEXT_PAGE,0,TEXT_PAGE,Poppler pdftotext returned meaningful page-scoped text; source_page=59 uses 1-based numbering.,PASS
CUMCM-2025-C-C132,60,2025年数学建模国赛真题+优秀论文/2025数学建模国赛优秀论文/C132.pdf,08EC307CDC65A673E6838E2E3D00B2337DA414E7891284617E10F370E5F246B5,derived/pilot/pdf_ocr/2025/C132.readable.pdf,37752EA9FA2FCC39EDFC791BE32DC467D19999A1325D5F3438E56C990FD75CB4,1938,2026,TEXT_PAGE,TEXT_PAGE,0,TEXT_PAGE,Poppler pdftotext returned meaningful page-scoped text; source_page=60 uses 1-based numbering.,PASS
CUMCM-2025-C-C132,61,2025年数学建模国赛真题+优秀论文/2025数学建模国赛优秀论文/C132.pdf,08EC307CDC65A673E6838E2E3D00B2337DA414E7891284617E10F370E5F246B5,derived/pilot/pdf_ocr/2025/C132.readable.pdf,37752EA9FA2FCC39EDFC791BE32DC467D19999A1325D5F3438E56C990FD75CB4,1961,2019,TEXT_PAGE,TEXT_PAGE,0,TEXT_PAGE,Poppler pdftotext returned meaningful page-scoped text; source_page=61 uses 1-based numbering.,PASS
CUMCM-2025-C-C132,62,2025年数学建模国赛真题+优秀论文/2025数学建模国赛优秀论文/C132.pdf,08EC307CDC65A673E6838E2E3D00B2337DA414E7891284617E10F370E5F246B5,derived/pilot/pdf_ocr/2025/C132.readable.pdf,37752EA9FA2FCC39EDFC791BE32DC467D19999A1325D5F3438E56C990FD75CB4,2052,2104,TEXT_PAGE,TEXT_PAGE,0,TEXT_PAGE,Poppler pdftotext returned meaningful page-scoped text; source_page=62 uses 1-based numbering.,PASS
CUMCM-2025-C-C132,63,2025年数学建模国赛真题+优秀论文/2025数学建模国赛优秀论文/C132.pdf,08EC307CDC65A673E6838E2E3D00B2337DA414E7891284617E10F370E5F246B5,derived/pilot/pdf_ocr/2025/C132.readable.pdf,37752EA9FA2FCC39EDFC791BE32DC467D19999A1325D5F3438E56C990FD75CB4,1909,1950,TEXT_PAGE,TEXT_PAGE,0,TEXT_PAGE,Poppler pdftotext returned meaningful page-scoped text; source_page=63 uses 1-based numbering.,PASS
CUMCM-2025-C-C132,64,2025年数学建模国赛真题+优秀论文/2025数学建模国赛优秀论文/C132.pdf,08EC307CDC65A673E6838E2E3D00B2337DA414E7891284617E10F370E5F246B5,derived/pilot/pdf_ocr/2025/C132.readable.pdf,37752EA9FA2FCC39EDFC791BE32DC467D19999A1325D5F3438E56C990FD75CB4,1844,1902,TEXT_PAGE,TEXT_PAGE,0,TEXT_PAGE,Poppler pdftotext returned meaningful page-scoped text; source_page=64 uses 1-based numbering.,PASS
CUMCM-2025-C-C132,65,2025年数学建模国赛真题+优秀论文/2025数学建模国赛优秀论文/C132.pdf,08EC307CDC65A673E6838E2E3D00B2337DA414E7891284617E10F370E5F246B5,derived/pilot/pdf_ocr/2025/C132.readable.pdf,37752EA9FA2FCC39EDFC791BE32DC467D19999A1325D5F3438E56C990FD75CB4,1313,1430,TEXT_PAGE,TEXT_PAGE,0,TEXT_PAGE,Poppler pdftotext returned meaningful page-scoped text; source_page=65 uses 1-based numbering.,PASS
CUMCM-2025-D-D037,1,2025年数学建模国赛真题+优秀论文/2025数学建模国赛优秀论文/D037.pdf,BDBED46FF5D5841AF82FA6441C8AB3D83A62658672857E445DEADFD8DAD1F0AC,derived/pilot/pdf_ocr/2025/D037.readable.pdf,98742508B15E22BE19EC6C4F5A9371F84904B7C9D9167D1A777FCA3715FA417B,2288,2276,TEXT_PAGE,TEXT_PAGE,0,TEXT_PAGE,Poppler pdftotext returned meaningful page-scoped text; source_page=1 uses 1-based numbering.,PASS
CUMCM-2025-D-D037,2,2025年数学建模国赛真题+优秀论文/2025数学建模国赛优秀论文/D037.pdf,BDBED46FF5D5841AF82FA6441C8AB3D83A62658672857E445DEADFD8DAD1F0AC,derived/pilot/pdf_ocr/2025/D037.readable.pdf,98742508B15E22BE19EC6C4F5A9371F84904B7C9D9167D1A777FCA3715FA417B,2317,2203,TEXT_PAGE,TEXT_PAGE,0,TEXT_PAGE,Poppler pdftotext returned meaningful page-scoped text; source_page=2 uses 1-based numbering.,PASS
CUMCM-2025-D-D037,3,2025年数学建模国赛真题+优秀论文/2025数学建模国赛优秀论文/D037.pdf,BDBED46FF5D5841AF82FA6441C8AB3D83A62658672857E445DEADFD8DAD1F0AC,derived/pilot/pdf_ocr/2025/D037.readable.pdf,98742508B15E22BE19EC6C4F5A9371F84904B7C9D9167D1A777FCA3715FA417B,2528,2330,TEXT_PAGE,TEXT_PAGE,0,TEXT_PAGE,Poppler pdftotext returned meaningful page-scoped text; source_page=3 uses 1-based numbering.,PASS
CUMCM-2025-D-D037,4,2025年数学建模国赛真题+优秀论文/2025数学建模国赛优秀论文/D037.pdf,BDBED46FF5D5841AF82FA6441C8AB3D83A62658672857E445DEADFD8DAD1F0AC,derived/pilot/pdf_ocr/2025/D037.readable.pdf,98742508B15E22BE19EC6C4F5A9371F84904B7C9D9167D1A777FCA3715FA417B,470,505,TEXT_PAGE,TEXT_PAGE,0,TEXT_PAGE,Poppler pdftotext returned meaningful page-scoped text; source_page=4 uses 1-based numbering.,PASS
CUMCM-2025-D-D037,5,2025年数学建模国赛真题+优秀论文/2025数学建模国赛优秀论文/D037.pdf,BDBED46FF5D5841AF82FA6441C8AB3D83A62658672857E445DEADFD8DAD1F0AC,derived/pilot/pdf_ocr/2025/D037.readable.pdf,98742508B15E22BE19EC6C4F5A9371F84904B7C9D9167D1A777FCA3715FA417B,816,832,TEXT_PAGE,TEXT_PAGE,0,TEXT_PAGE,Poppler pdftotext returned meaningful page-scoped text; source_page=5 uses 1-based numbering.,PASS
CUMCM-2025-D-D037,6,2025年数学建模国赛真题+优秀论文/2025数学建模国赛优秀论文/D037.pdf,BDBED46FF5D5841AF82FA6441C8AB3D83A62658672857E445DEADFD8DAD1F0AC,derived/pilot/pdf_ocr/2025/D037.readable.pdf,98742508B15E22BE19EC6C4F5A9371F84904B7C9D9167D1A777FCA3715FA417B,1379,1427,TEXT_PAGE,TEXT_PAGE,0,TEXT_PAGE,Poppler pdftotext returned meaningful page-scoped text; source_page=6 uses 1-based numbering.,PASS
CUMCM-2025-D-D037,7,2025年数学建模国赛真题+优秀论文/2025数学建模国赛优秀论文/D037.pdf,BDBED46FF5D5841AF82FA6441C8AB3D83A62658672857E445DEADFD8DAD1F0AC,derived/pilot/pdf_ocr/2025/D037.readable.pdf,98742508B15E22BE19EC6C4F5A9371F84904B7C9D9167D1A777FCA3715FA417B,876,931,TEXT_PAGE,TEXT_PAGE,0,TEXT_PAGE,Poppler pdftotext returned meaningful page-scoped text; source_page=7 uses 1-based numbering.,PASS
CUMCM-2025-D-D037,8,2025年数学建模国赛真题+优秀论文/2025数学建模国赛优秀论文/D037.pdf,BDBED46FF5D5841AF82FA6441C8AB3D83A62658672857E445DEADFD8DAD1F0AC,derived/pilot/pdf_ocr/2025/D037.readable.pdf,98742508B15E22BE19EC6C4F5A9371F84904B7C9D9167D1A777FCA3715FA417B,586,674,TEXT_PAGE,TEXT_PAGE,0,TEXT_PAGE,Poppler pdftotext returned meaningful page-scoped text; source_page=8 uses 1-based numbering.,PASS
CUMCM-2025-D-D037,9,2025年数学建模国赛真题+优秀论文/2025数学建模国赛优秀论文/D037.pdf,BDBED46FF5D5841AF82FA6441C8AB3D83A62658672857E445DEADFD8DAD1F0AC,derived/pilot/pdf_ocr/2025/D037.readable.pdf,98742508B15E22BE19EC6C4F5A9371F84904B7C9D9167D1A777FCA3715FA417B,1463,1495,TEXT_PAGE,TEXT_PAGE,0,TEXT_PAGE,Poppler pdftotext returned meaningful page-scoped text; source_page=9 uses 1-based numbering.,PASS
CUMCM-2025-D-D037,10,2025年数学建模国赛真题+优秀论文/2025数学建模国赛优秀论文/D037.pdf,BDBED46FF5D5841AF82FA6441C8AB3D83A62658672857E445DEADFD8DAD1F0AC,derived/pilot/pdf_ocr/2025/D037.readable.pdf,98742508B15E22BE19EC6C4F5A9371F84904B7C9D9167D1A777FCA3715FA417B,694,690,TEXT_PAGE,TEXT_PAGE,0,TEXT_PAGE,Poppler pdftotext returned meaningful page-scoped text; source_page=10 uses 1-based numbering.,PASS
CUMCM-2025-D-D037,11,2025年数学建模国赛真题+优秀论文/2025数学建模国赛优秀论文/D037.pdf,BDBED46FF5D5841AF82FA6441C8AB3D83A62658672857E445DEADFD8DAD1F0AC,derived/pilot/pdf_ocr/2025/D037.readable.pdf,98742508B15E22BE19EC6C4F5A9371F84904B7C9D9167D1A777FCA3715FA417B,1686,1646,TEXT_PAGE,TEXT_PAGE,0,TEXT_PAGE,Poppler pdftotext returned meaningful page-scoped text; source_page=11 uses 1-based numbering.,PASS
CUMCM-2025-D-D037,12,2025年数学建模国赛真题+优秀论文/2025数学建模国赛优秀论文/D037.pdf,BDBED46FF5D5841AF82FA6441C8AB3D83A62658672857E445DEADFD8DAD1F0AC,derived/pilot/pdf_ocr/2025/D037.readable.pdf,98742508B15E22BE19EC6C4F5A9371F84904B7C9D9167D1A777FCA3715FA417B,1149,1163,TEXT_PAGE,TEXT_PAGE,0,TEXT_PAGE,Poppler pdftotext returned meaningful page-scoped text; source_page=12 uses 1-based numbering.,PASS
CUMCM-2025-D-D037,13,2025年数学建模国赛真题+优秀论文/2025数学建模国赛优秀论文/D037.pdf,BDBED46FF5D5841AF82FA6441C8AB3D83A62658672857E445DEADFD8DAD1F0AC,derived/pilot/pdf_ocr/2025/D037.readable.pdf,98742508B15E22BE19EC6C4F5A9371F84904B7C9D9167D1A777FCA3715FA417B,1987,1977,TEXT_PAGE,TEXT_PAGE,0,TEXT_PAGE,Poppler pdftotext returned meaningful page-scoped text; source_page=13 uses 1-based numbering.,PASS
CUMCM-2025-D-D037,14,2025年数学建模国赛真题+优秀论文/2025数学建模国赛优秀论文/D037.pdf,BDBED46FF5D5841AF82FA6441C8AB3D83A62658672857E445DEADFD8DAD1F0AC,derived/pilot/pdf_ocr/2025/D037.readable.pdf,98742508B15E22BE19EC6C4F5A9371F84904B7C9D9167D1A777FCA3715FA417B,677,684,TEXT_PAGE,TEXT_PAGE,0,TEXT_PAGE,Poppler pdftotext returned meaningful page-scoped text; source_page=14 uses 1-based numbering.,PASS
CUMCM-2025-D-D037,15,2025年数学建模国赛真题+优秀论文/2025数学建模国赛优秀论文/D037.pdf,BDBED46FF5D5841AF82FA6441C8AB3D83A62658672857E445DEADFD8DAD1F0AC,derived/pilot/pdf_ocr/2025/D037.readable.pdf,98742508B15E22BE19EC6C4F5A9371F84904B7C9D9167D1A777FCA3715FA417B,816,924,TEXT_PAGE,TEXT_PAGE,0,TEXT_PAGE,Poppler pdftotext returned meaningful page-scoped text; source_page=15 uses 1-based numbering.,PASS
CUMCM-2025-D-D037,16,2025年数学建模国赛真题+优秀论文/2025数学建模国赛优秀论文/D037.pdf,BDBED46FF5D5841AF82FA6441C8AB3D83A62658672857E445DEADFD8DAD1F0AC,derived/pilot/pdf_ocr/2025/D037.readable.pdf,98742508B15E22BE19EC6C4F5A9371F84904B7C9D9167D1A777FCA3715FA417B,1358,1319,TEXT_PAGE,TEXT_PAGE,0,TEXT_PAGE,Poppler pdftotext returned meaningful page-scoped text; source_page=16 uses 1-based numbering.,PASS
CUMCM-2025-D-D037,17,2025年数学建模国赛真题+优秀论文/2025数学建模国赛优秀论文/D037.pdf,BDBED46FF5D5841AF82FA6441C8AB3D83A62658672857E445DEADFD8DAD1F0AC,derived/pilot/pdf_ocr/2025/D037.readable.pdf,98742508B15E22BE19EC6C4F5A9371F84904B7C9D9167D1A777FCA3715FA417B,1134,1083,TEXT_PAGE,TEXT_PAGE,0,TEXT_PAGE,Poppler pdftotext returned meaningful page-scoped text; source_page=17 uses 1-based numbering.,PASS
CUMCM-2025-D-D037,18,2025年数学建模国赛真题+优秀论文/2025数学建模国赛优秀论文/D037.pdf,BDBED46FF5D5841AF82FA6441C8AB3D83A62658672857E445DEADFD8DAD1F0AC,derived/pilot/pdf_ocr/2025/D037.readable.pdf,98742508B15E22BE19EC6C4F5A9371F84904B7C9D9167D1A777FCA3715FA417B,559,617,TEXT_PAGE,TEXT_PAGE,0,TEXT_PAGE,Poppler pdftotext returned meaningful page-scoped text; source_page=18 uses 1-based numbering.,PASS
CUMCM-2025-D-D037,19,2025年数学建模国赛真题+优秀论文/2025数学建模国赛优秀论文/D037.pdf,BDBED46FF5D5841AF82FA6441C8AB3D83A62658672857E445DEADFD8DAD1F0AC,derived/pilot/pdf_ocr/2025/D037.readable.pdf,98742508B15E22BE19EC6C4F5A9371F84904B7C9D9167D1A777FCA3715FA417B,735,794,TEXT_PAGE,TEXT_PAGE,0,TEXT_PAGE,Poppler pdftotext returned meaningful page-scoped text; source_page=19 uses 1-based numbering.,PASS
CUMCM-2025-D-D037,20,2025年数学建模国赛真题+优秀论文/2025数学建模国赛优秀论文/D037.pdf,BDBED46FF5D5841AF82FA6441C8AB3D83A62658672857E445DEADFD8DAD1F0AC,derived/pilot/pdf_ocr/2025/D037.readable.pdf,98742508B15E22BE19EC6C4F5A9371F84904B7C9D9167D1A777FCA3715FA417B,724,773,TEXT_PAGE,TEXT_PAGE,0,TEXT_PAGE,Poppler pdftotext returned meaningful page-scoped text; source_page=20 uses 1-based numbering.,PASS
CUMCM-2025-D-D037,21,2025年数学建模国赛真题+优秀论文/2025数学建模国赛优秀论文/D037.pdf,BDBED46FF5D5841AF82FA6441C8AB3D83A62658672857E445DEADFD8DAD1F0AC,derived/pilot/pdf_ocr/2025/D037.readable.pdf,98742508B15E22BE19EC6C4F5A9371F84904B7C9D9167D1A777FCA3715FA417B,811,853,TEXT_PAGE,TEXT_PAGE,0,TEXT_PAGE,Poppler pdftotext returned meaningful page-scoped text; source_page=21 uses 1-based numbering.,PASS
CUMCM-2025-D-D037,22,2025年数学建模国赛真题+优秀论文/2025数学建模国赛优秀论文/D037.pdf,BDBED46FF5D5841AF82FA6441C8AB3D83A62658672857E445DEADFD8DAD1F0AC,derived/pilot/pdf_ocr/2025/D037.readable.pdf,98742508B15E22BE19EC6C4F5A9371F84904B7C9D9167D1A777FCA3715FA417B,1193,1235,TEXT_PAGE,TEXT_PAGE,0,TEXT_PAGE,Poppler pdftotext returned meaningful page-scoped text; source_page=22 uses 1-based numbering.,PASS
CUMCM-2025-D-D037,23,2025年数学建模国赛真题+优秀论文/2025数学建模国赛优秀论文/D037.pdf,BDBED46FF5D5841AF82FA6441C8AB3D83A62658672857E445DEADFD8DAD1F0AC,derived/pilot/pdf_ocr/2025/D037.readable.pdf,98742508B15E22BE19EC6C4F5A9371F84904B7C9D9167D1A777FCA3715FA417B,1223,1240,TEXT_PAGE,TEXT_PAGE,0,TEXT_PAGE,Poppler pdftotext returned meaningful page-scoped text; source_page=23 uses 1-based numbering.,PASS
CUMCM-2025-D-D037,24,2025年数学建模国赛真题+优秀论文/2025数学建模国赛优秀论文/D037.pdf,BDBED46FF5D5841AF82FA6441C8AB3D83A62658672857E445DEADFD8DAD1F0AC,derived/pilot/pdf_ocr/2025/D037.readable.pdf,98742508B15E22BE19EC6C4F5A9371F84904B7C9D9167D1A777FCA3715FA417B,1725,1739,TEXT_PAGE,TEXT_PAGE,0,TEXT_PAGE,Poppler pdftotext returned meaningful page-scoped text; source_page=24 uses 1-based numbering.,PASS
CUMCM-2025-D-D037,25,2025年数学建模国赛真题+优秀论文/2025数学建模国赛优秀论文/D037.pdf,BDBED46FF5D5841AF82FA6441C8AB3D83A62658672857E445DEADFD8DAD1F0AC,derived/pilot/pdf_ocr/2025/D037.readable.pdf,98742508B15E22BE19EC6C4F5A9371F84904B7C9D9167D1A777FCA3715FA417B,1170,1184,TEXT_PAGE,TEXT_PAGE,0,TEXT_PAGE,Poppler pdftotext returned meaningful page-scoped text; source_page=25 uses 1-based numbering.,PASS
CUMCM-2025-D-D037,26,2025年数学建模国赛真题+优秀论文/2025数学建模国赛优秀论文/D037.pdf,BDBED46FF5D5841AF82FA6441C8AB3D83A62658672857E445DEADFD8DAD1F0AC,derived/pilot/pdf_ocr/2025/D037.readable.pdf,98742508B15E22BE19EC6C4F5A9371F84904B7C9D9167D1A777FCA3715FA417B,1624,1679,TEXT_PAGE,TEXT_PAGE,0,TEXT_PAGE,Poppler pdftotext returned meaningful page-scoped text; source_page=26 uses 1-based numbering.,PASS
CUMCM-2025-D-D037,27,2025年数学建模国赛真题+优秀论文/2025数学建模国赛优秀论文/D037.pdf,BDBED46FF5D5841AF82FA6441C8AB3D83A62658672857E445DEADFD8DAD1F0AC,derived/pilot/pdf_ocr/2025/D037.readable.pdf,98742508B15E22BE19EC6C4F5A9371F84904B7C9D9167D1A777FCA3715FA417B,3598,3590,TEXT_PAGE,TEXT_PAGE,0,TEXT_PAGE,Poppler pdftotext returned meaningful page-scoped text; source_page=27 uses 1-based numbering.,PASS
CUMCM-2025-D-D037,28,2025年数学建模国赛真题+优秀论文/2025数学建模国赛优秀论文/D037.pdf,BDBED46FF5D5841AF82FA6441C8AB3D83A62658672857E445DEADFD8DAD1F0AC,derived/pilot/pdf_ocr/2025/D037.readable.pdf,98742508B15E22BE19EC6C4F5A9371F84904B7C9D9167D1A777FCA3715FA417B,4253,4233,TEXT_PAGE,TEXT_PAGE,0,TEXT_PAGE,Poppler pdftotext returned meaningful page-scoped text; source_page=28 uses 1-based numbering.,PASS
CUMCM-2025-D-D037,29,2025年数学建模国赛真题+优秀论文/2025数学建模国赛优秀论文/D037.pdf,BDBED46FF5D5841AF82FA6441C8AB3D83A62658672857E445DEADFD8DAD1F0AC,derived/pilot/pdf_ocr/2025/D037.readable.pdf,98742508B15E22BE19EC6C4F5A9371F84904B7C9D9167D1A777FCA3715FA417B,4275,4266,TEXT_PAGE,TEXT_PAGE,0,TEXT_PAGE,Poppler pdftotext returned meaningful page-scoped text; source_page=29 uses 1-based numbering.,PASS
CUMCM-2025-D-D037,30,2025年数学建模国赛真题+优秀论文/2025数学建模国赛优秀论文/D037.pdf,BDBED46FF5D5841AF82FA6441C8AB3D83A62658672857E445DEADFD8DAD1F0AC,derived/pilot/pdf_ocr/2025/D037.readable.pdf,98742508B15E22BE19EC6C4F5A9371F84904B7C9D9167D1A777FCA3715FA417B,3439,3428,TEXT_PAGE,TEXT_PAGE,0,TEXT_PAGE,Poppler pdftotext returned meaningful page-scoped text; source_page=30 uses 1-based numbering.,PASS
CUMCM-2025-D-D037,31,2025年数学建模国赛真题+优秀论文/2025数学建模国赛优秀论文/D037.pdf,BDBED46FF5D5841AF82FA6441C8AB3D83A62658672857E445DEADFD8DAD1F0AC,derived/pilot/pdf_ocr/2025/D037.readable.pdf,98742508B15E22BE19EC6C4F5A9371F84904B7C9D9167D1A777FCA3715FA417B,1389,1396,TEXT_PAGE,TEXT_PAGE,0,TEXT_PAGE,Poppler pdftotext returned meaningful page-scoped text; source_page=31 uses 1-based numbering.,PASS
CUMCM-2025-D-D037,32,2025年数学建模国赛真题+优秀论文/2025数学建模国赛优秀论文/D037.pdf,BDBED46FF5D5841AF82FA6441C8AB3D83A62658672857E445DEADFD8DAD1F0AC,derived/pilot/pdf_ocr/2025/D037.readable.pdf,98742508B15E22BE19EC6C4F5A9371F84904B7C9D9167D1A777FCA3715FA417B,3474,3447,TEXT_PAGE,TEXT_PAGE,0,TEXT_PAGE,Poppler pdftotext returned meaningful page-scoped text; source_page=32 uses 1-based numbering.,PASS
CUMCM-2025-D-D037,33,2025年数学建模国赛真题+优秀论文/2025数学建模国赛优秀论文/D037.pdf,BDBED46FF5D5841AF82FA6441C8AB3D83A62658672857E445DEADFD8DAD1F0AC,derived/pilot/pdf_ocr/2025/D037.readable.pdf,98742508B15E22BE19EC6C4F5A9371F84904B7C9D9167D1A777FCA3715FA417B,4246,4235,TEXT_PAGE,TEXT_PAGE,0,TEXT_PAGE,Poppler pdftotext returned meaningful page-scoped text; source_page=33 uses 1-based numbering.,PASS
CUMCM-2025-D-D037,34,2025年数学建模国赛真题+优秀论文/2025数学建模国赛优秀论文/D037.pdf,BDBED46FF5D5841AF82FA6441C8AB3D83A62658672857E445DEADFD8DAD1F0AC,derived/pilot/pdf_ocr/2025/D037.readable.pdf,98742508B15E22BE19EC6C4F5A9371F84904B7C9D9167D1A777FCA3715FA417B,4282,4272,TEXT_PAGE,TEXT_PAGE,0,TEXT_PAGE,Poppler pdftotext returned meaningful page-scoped text; source_page=34 uses 1-based numbering.,PASS
CUMCM-2025-D-D037,35,2025年数学建模国赛真题+优秀论文/2025数学建模国赛优秀论文/D037.pdf,BDBED46FF5D5841AF82FA6441C8AB3D83A62658672857E445DEADFD8DAD1F0AC,derived/pilot/pdf_ocr/2025/D037.readable.pdf,98742508B15E22BE19EC6C4F5A9371F84904B7C9D9167D1A777FCA3715FA417B,3786,3789,TEXT_PAGE,TEXT_PAGE,0,TEXT_PAGE,Poppler pdftotext returned meaningful page-scoped text; source_page=35 uses 1-based numbering.,PASS
CUMCM-2025-D-D037,36,2025年数学建模国赛真题+优秀论文/2025数学建模国赛优秀论文/D037.pdf,BDBED46FF5D5841AF82FA6441C8AB3D83A62658672857E445DEADFD8DAD1F0AC,derived/pilot/pdf_ocr/2025/D037.readable.pdf,98742508B15E22BE19EC6C4F5A9371F84904B7C9D9167D1A777FCA3715FA417B,774,764,TEXT_PAGE,TEXT_PAGE,0,TEXT_PAGE,Poppler pdftotext returned meaningful page-scoped text; source_page=36 uses 1-based numbering.,PASS
CUMCM-2025-D-D037,37,2025年数学建模国赛真题+优秀论文/2025数学建模国赛优秀论文/D037.pdf,BDBED46FF5D5841AF82FA6441C8AB3D83A62658672857E445DEADFD8DAD1F0AC,derived/pilot/pdf_ocr/2025/D037.readable.pdf,98742508B15E22BE19EC6C4F5A9371F84904B7C9D9167D1A777FCA3715FA417B,12,6,IMAGE_MARKER_ONLY,GARBLED,0,IMAGE_ONLY_CONTENT_PAGE,"Independent Poppler pdftoppm visual QA of the readable PDF page shows rendered non-text page content (code/listing, figure, publisher watermark or page artifact) while both text extractors are unavailable/rejected as reliable; classified as IMAGE_ONLY_CONTENT_PAGE.",PASS
CUMCM-2025-E-E030,1,2025年数学建模国赛真题+优秀论文/2025数学建模国赛优秀论文/E030.pdf,7270DACAB35167E998141D5D34C34D12A912B3620249A892697211F24D009E0D,derived/pilot/pdf_ocr/2025/E030.readable.pdf,3273B00F67A4A4BB0B5137807B9506A7D784AF3910231FC534ADD9CC0E75DE5B,2844,2614,TEXT_PAGE,TEXT_PAGE,0,TEXT_PAGE,Poppler pdftotext returned meaningful page-scoped text; source_page=1 uses 1-based numbering.,PASS
CUMCM-2025-E-E030,2,2025年数学建模国赛真题+优秀论文/2025数学建模国赛优秀论文/E030.pdf,7270DACAB35167E998141D5D34C34D12A912B3620249A892697211F24D009E0D,derived/pilot/pdf_ocr/2025/E030.readable.pdf,3273B00F67A4A4BB0B5137807B9506A7D784AF3910231FC534ADD9CC0E75DE5B,1981,1845,TEXT_PAGE,TEXT_PAGE,0,TEXT_PAGE,Poppler pdftotext returned meaningful page-scoped text; source_page=2 uses 1-based numbering.,PASS
CUMCM-2025-E-E030,3,2025年数学建模国赛真题+优秀论文/2025数学建模国赛优秀论文/E030.pdf,7270DACAB35167E998141D5D34C34D12A912B3620249A892697211F24D009E0D,derived/pilot/pdf_ocr/2025/E030.readable.pdf,3273B00F67A4A4BB0B5137807B9506A7D784AF3910231FC534ADD9CC0E75DE5B,2165,2054,TEXT_PAGE,TEXT_PAGE,0,TEXT_PAGE,Poppler pdftotext returned meaningful page-scoped text; source_page=3 uses 1-based numbering.,PASS
CUMCM-2025-E-E030,4,2025年数学建模国赛真题+优秀论文/2025数学建模国赛优秀论文/E030.pdf,7270DACAB35167E998141D5D34C34D12A912B3620249A892697211F24D009E0D,derived/pilot/pdf_ocr/2025/E030.readable.pdf,3273B00F67A4A4BB0B5137807B9506A7D784AF3910231FC534ADD9CC0E75DE5B,1588,1505,TEXT_PAGE,TEXT_PAGE,0,TEXT_PAGE,Poppler pdftotext returned meaningful page-scoped text; source_page=4 uses 1-based numbering.,PASS
CUMCM-2025-E-E030,5,2025年数学建模国赛真题+优秀论文/2025数学建模国赛优秀论文/E030.pdf,7270DACAB35167E998141D5D34C34D12A912B3620249A892697211F24D009E0D,derived/pilot/pdf_ocr/2025/E030.readable.pdf,3273B00F67A4A4BB0B5137807B9506A7D784AF3910231FC534ADD9CC0E75DE5B,1524,1680,TEXT_PAGE,TEXT_PAGE,0,TEXT_PAGE,Poppler pdftotext returned meaningful page-scoped text; source_page=5 uses 1-based numbering.,PASS
CUMCM-2025-E-E030,6,2025年数学建模国赛真题+优秀论文/2025数学建模国赛优秀论文/E030.pdf,7270DACAB35167E998141D5D34C34D12A912B3620249A892697211F24D009E0D,derived/pilot/pdf_ocr/2025/E030.readable.pdf,3273B00F67A4A4BB0B5137807B9506A7D784AF3910231FC534ADD9CC0E75DE5B,1827,1857,TEXT_PAGE,TEXT_PAGE,0,TEXT_PAGE,Poppler pdftotext returned meaningful page-scoped text; source_page=6 uses 1-based numbering.,PASS
CUMCM-2025-E-E030,7,2025年数学建模国赛真题+优秀论文/2025数学建模国赛优秀论文/E030.pdf,7270DACAB35167E998141D5D34C34D12A912B3620249A892697211F24D009E0D,derived/pilot/pdf_ocr/2025/E030.readable.pdf,3273B00F67A4A4BB0B5137807B9506A7D784AF3910231FC534ADD9CC0E75DE5B,1667,1733,TEXT_PAGE,TEXT_PAGE,0,TEXT_PAGE,Poppler pdftotext returned meaningful page-scoped text; source_page=7 uses 1-based numbering.,PASS
CUMCM-2025-E-E030,8,2025年数学建模国赛真题+优秀论文/2025数学建模国赛优秀论文/E030.pdf,7270DACAB35167E998141D5D34C34D12A912B3620249A892697211F24D009E0D,derived/pilot/pdf_ocr/2025/E030.readable.pdf,3273B00F67A4A4BB0B5137807B9506A7D784AF3910231FC534ADD9CC0E75DE5B,2127,2053,TEXT_PAGE,TEXT_PAGE,0,TEXT_PAGE,Poppler pdftotext returned meaningful page-scoped text; source_page=8 uses 1-based numbering.,PASS
CUMCM-2025-E-E030,9,2025年数学建模国赛真题+优秀论文/2025数学建模国赛优秀论文/E030.pdf,7270DACAB35167E998141D5D34C34D12A912B3620249A892697211F24D009E0D,derived/pilot/pdf_ocr/2025/E030.readable.pdf,3273B00F67A4A4BB0B5137807B9506A7D784AF3910231FC534ADD9CC0E75DE5B,1338,1337,TEXT_PAGE,TEXT_PAGE,0,TEXT_PAGE,Poppler pdftotext returned meaningful page-scoped text; source_page=9 uses 1-based numbering.,PASS
CUMCM-2025-E-E030,10,2025年数学建模国赛真题+优秀论文/2025数学建模国赛优秀论文/E030.pdf,7270DACAB35167E998141D5D34C34D12A912B3620249A892697211F24D009E0D,derived/pilot/pdf_ocr/2025/E030.readable.pdf,3273B00F67A4A4BB0B5137807B9506A7D784AF3910231FC534ADD9CC0E75DE5B,1859,1890,TEXT_PAGE,TEXT_PAGE,0,TEXT_PAGE,Poppler pdftotext returned meaningful page-scoped text; source_page=10 uses 1-based numbering.,PASS
CUMCM-2025-E-E030,11,2025年数学建模国赛真题+优秀论文/2025数学建模国赛优秀论文/E030.pdf,7270DACAB35167E998141D5D34C34D12A912B3620249A892697211F24D009E0D,derived/pilot/pdf_ocr/2025/E030.readable.pdf,3273B00F67A4A4BB0B5137807B9506A7D784AF3910231FC534ADD9CC0E75DE5B,1189,1204,TEXT_PAGE,TEXT_PAGE,0,TEXT_PAGE,Poppler pdftotext returned meaningful page-scoped text; source_page=11 uses 1-based numbering.,PASS
CUMCM-2025-E-E030,12,2025年数学建模国赛真题+优秀论文/2025数学建模国赛优秀论文/E030.pdf,7270DACAB35167E998141D5D34C34D12A912B3620249A892697211F24D009E0D,derived/pilot/pdf_ocr/2025/E030.readable.pdf,3273B00F67A4A4BB0B5137807B9506A7D784AF3910231FC534ADD9CC0E75DE5B,1723,1837,TEXT_PAGE,TEXT_PAGE,0,TEXT_PAGE,Poppler pdftotext returned meaningful page-scoped text; source_page=12 uses 1-based numbering.,PASS
CUMCM-2025-E-E030,13,2025年数学建模国赛真题+优秀论文/2025数学建模国赛优秀论文/E030.pdf,7270DACAB35167E998141D5D34C34D12A912B3620249A892697211F24D009E0D,derived/pilot/pdf_ocr/2025/E030.readable.pdf,3273B00F67A4A4BB0B5137807B9506A7D784AF3910231FC534ADD9CC0E75DE5B,1596,1653,TEXT_PAGE,TEXT_PAGE,0,TEXT_PAGE,Poppler pdftotext returned meaningful page-scoped text; source_page=13 uses 1-based numbering.,PASS
CUMCM-2025-E-E030,14,2025年数学建模国赛真题+优秀论文/2025数学建模国赛优秀论文/E030.pdf,7270DACAB35167E998141D5D34C34D12A912B3620249A892697211F24D009E0D,derived/pilot/pdf_ocr/2025/E030.readable.pdf,3273B00F67A4A4BB0B5137807B9506A7D784AF3910231FC534ADD9CC0E75DE5B,1911,1954,TEXT_PAGE,TEXT_PAGE,0,TEXT_PAGE,Poppler pdftotext returned meaningful page-scoped text; source_page=14 uses 1-based numbering.,PASS
CUMCM-2025-E-E030,15,2025年数学建模国赛真题+优秀论文/2025数学建模国赛优秀论文/E030.pdf,7270DACAB35167E998141D5D34C34D12A912B3620249A892697211F24D009E0D,derived/pilot/pdf_ocr/2025/E030.readable.pdf,3273B00F67A4A4BB0B5137807B9506A7D784AF3910231FC534ADD9CC0E75DE5B,1465,1605,TEXT_PAGE,TEXT_PAGE,0,TEXT_PAGE,Poppler pdftotext returned meaningful page-scoped text; source_page=15 uses 1-based numbering.,PASS
CUMCM-2025-E-E030,16,2025年数学建模国赛真题+优秀论文/2025数学建模国赛优秀论文/E030.pdf,7270DACAB35167E998141D5D34C34D12A912B3620249A892697211F24D009E0D,derived/pilot/pdf_ocr/2025/E030.readable.pdf,3273B00F67A4A4BB0B5137807B9506A7D784AF3910231FC534ADD9CC0E75DE5B,1651,1667,TEXT_PAGE,TEXT_PAGE,0,TEXT_PAGE,Poppler pdftotext returned meaningful page-scoped text; source_page=16 uses 1-based numbering.,PASS
CUMCM-2025-E-E030,17,2025年数学建模国赛真题+优秀论文/2025数学建模国赛优秀论文/E030.pdf,7270DACAB35167E998141D5D34C34D12A912B3620249A892697211F24D009E0D,derived/pilot/pdf_ocr/2025/E030.readable.pdf,3273B00F67A4A4BB0B5137807B9506A7D784AF3910231FC534ADD9CC0E75DE5B,1737,1749,TEXT_PAGE,TEXT_PAGE,0,TEXT_PAGE,Poppler pdftotext returned meaningful page-scoped text; source_page=17 uses 1-based numbering.,PASS
CUMCM-2025-E-E030,18,2025年数学建模国赛真题+优秀论文/2025数学建模国赛优秀论文/E030.pdf,7270DACAB35167E998141D5D34C34D12A912B3620249A892697211F24D009E0D,derived/pilot/pdf_ocr/2025/E030.readable.pdf,3273B00F67A4A4BB0B5137807B9506A7D784AF3910231FC534ADD9CC0E75DE5B,1325,1456,TEXT_PAGE,TEXT_PAGE,0,TEXT_PAGE,Poppler pdftotext returned meaningful page-scoped text; source_page=18 uses 1-based numbering.,PASS
CUMCM-2025-E-E030,19,2025年数学建模国赛真题+优秀论文/2025数学建模国赛优秀论文/E030.pdf,7270DACAB35167E998141D5D34C34D12A912B3620249A892697211F24D009E0D,derived/pilot/pdf_ocr/2025/E030.readable.pdf,3273B00F67A4A4BB0B5137807B9506A7D784AF3910231FC534ADD9CC0E75DE5B,1917,1955,TEXT_PAGE,TEXT_PAGE,0,TEXT_PAGE,Poppler pdftotext returned meaningful page-scoped text; source_page=19 uses 1-based numbering.,PASS
CUMCM-2025-E-E030,20,2025年数学建模国赛真题+优秀论文/2025数学建模国赛优秀论文/E030.pdf,7270DACAB35167E998141D5D34C34D12A912B3620249A892697211F24D009E0D,derived/pilot/pdf_ocr/2025/E030.readable.pdf,3273B00F67A4A4BB0B5137807B9506A7D784AF3910231FC534ADD9CC0E75DE5B,1567,1496,TEXT_PAGE,TEXT_PAGE,0,TEXT_PAGE,Poppler pdftotext returned meaningful page-scoped text; source_page=20 uses 1-based numbering.,PASS
CUMCM-2025-E-E030,21,2025年数学建模国赛真题+优秀论文/2025数学建模国赛优秀论文/E030.pdf,7270DACAB35167E998141D5D34C34D12A912B3620249A892697211F24D009E0D,derived/pilot/pdf_ocr/2025/E030.readable.pdf,3273B00F67A4A4BB0B5137807B9506A7D784AF3910231FC534ADD9CC0E75DE5B,870,876,TEXT_PAGE,TEXT_PAGE,0,TEXT_PAGE,Poppler pdftotext returned meaningful page-scoped text; source_page=21 uses 1-based numbering.,PASS
CUMCM-2025-E-E030,22,2025年数学建模国赛真题+优秀论文/2025数学建模国赛优秀论文/E030.pdf,7270DACAB35167E998141D5D34C34D12A912B3620249A892697211F24D009E0D,derived/pilot/pdf_ocr/2025/E030.readable.pdf,3273B00F67A4A4BB0B5137807B9506A7D784AF3910231FC534ADD9CC0E75DE5B,866,917,TEXT_PAGE,TEXT_PAGE,0,TEXT_PAGE,Poppler pdftotext returned meaningful page-scoped text; source_page=22 uses 1-based numbering.,PASS
CUMCM-2025-E-E030,23,2025年数学建模国赛真题+优秀论文/2025数学建模国赛优秀论文/E030.pdf,7270DACAB35167E998141D5D34C34D12A912B3620249A892697211F24D009E0D,derived/pilot/pdf_ocr/2025/E030.readable.pdf,3273B00F67A4A4BB0B5137807B9506A7D784AF3910231FC534ADD9CC0E75DE5B,1470,1514,TEXT_PAGE,TEXT_PAGE,0,TEXT_PAGE,Poppler pdftotext returned meaningful page-scoped text; source_page=23 uses 1-based numbering.,PASS
CUMCM-2025-E-E030,24,2025年数学建模国赛真题+优秀论文/2025数学建模国赛优秀论文/E030.pdf,7270DACAB35167E998141D5D34C34D12A912B3620249A892697211F24D009E0D,derived/pilot/pdf_ocr/2025/E030.readable.pdf,3273B00F67A4A4BB0B5137807B9506A7D784AF3910231FC534ADD9CC0E75DE5B,1920,1927,TEXT_PAGE,TEXT_PAGE,0,TEXT_PAGE,Poppler pdftotext returned meaningful page-scoped text; source_page=24 uses 1-based numbering.,PASS
CUMCM-2025-E-E030,25,2025年数学建模国赛真题+优秀论文/2025数学建模国赛优秀论文/E030.pdf,7270DACAB35167E998141D5D34C34D12A912B3620249A892697211F24D009E0D,derived/pilot/pdf_ocr/2025/E030.readable.pdf,3273B00F67A4A4BB0B5137807B9506A7D784AF3910231FC534ADD9CC0E75DE5B,1585,1594,TEXT_PAGE,TEXT_PAGE,0,TEXT_PAGE,Poppler pdftotext returned meaningful page-scoped text; source_page=25 uses 1-based numbering.,PASS
CUMCM-2025-E-E030,26,2025年数学建模国赛真题+优秀论文/2025数学建模国赛优秀论文/E030.pdf,7270DACAB35167E998141D5D34C34D12A912B3620249A892697211F24D009E0D,derived/pilot/pdf_ocr/2025/E030.readable.pdf,3273B00F67A4A4BB0B5137807B9506A7D784AF3910231FC534ADD9CC0E75DE5B,1791,1794,TEXT_PAGE,TEXT_PAGE,0,TEXT_PAGE,Poppler pdftotext returned meaningful page-scoped text; source_page=26 uses 1-based numbering.,PASS
CUMCM-2025-E-E030,27,2025年数学建模国赛真题+优秀论文/2025数学建模国赛优秀论文/E030.pdf,7270DACAB35167E998141D5D34C34D12A912B3620249A892697211F24D009E0D,derived/pilot/pdf_ocr/2025/E030.readable.pdf,3273B00F67A4A4BB0B5137807B9506A7D784AF3910231FC534ADD9CC0E75DE5B,1577,1589,TEXT_PAGE,TEXT_PAGE,0,TEXT_PAGE,Poppler pdftotext returned meaningful page-scoped text; source_page=27 uses 1-based numbering.,PASS
CUMCM-2025-E-E030,28,2025年数学建模国赛真题+优秀论文/2025数学建模国赛优秀论文/E030.pdf,7270DACAB35167E998141D5D34C34D12A912B3620249A892697211F24D009E0D,derived/pilot/pdf_ocr/2025/E030.readable.pdf,3273B00F67A4A4BB0B5137807B9506A7D784AF3910231FC534ADD9CC0E75DE5B,1221,1236,TEXT_PAGE,TEXT_PAGE,0,TEXT_PAGE,Poppler pdftotext returned meaningful page-scoped text; source_page=28 uses 1-based numbering.,PASS
CUMCM-2025-E-E030,29,2025年数学建模国赛真题+优秀论文/2025数学建模国赛优秀论文/E030.pdf,7270DACAB35167E998141D5D34C34D12A912B3620249A892697211F24D009E0D,derived/pilot/pdf_ocr/2025/E030.readable.pdf,3273B00F67A4A4BB0B5137807B9506A7D784AF3910231FC534ADD9CC0E75DE5B,1817,1820,TEXT_PAGE,TEXT_PAGE,0,TEXT_PAGE,Poppler pdftotext returned meaningful page-scoped text; source_page=29 uses 1-based numbering.,PASS
CUMCM-2025-E-E030,30,2025年数学建模国赛真题+优秀论文/2025数学建模国赛优秀论文/E030.pdf,7270DACAB35167E998141D5D34C34D12A912B3620249A892697211F24D009E0D,derived/pilot/pdf_ocr/2025/E030.readable.pdf,3273B00F67A4A4BB0B5137807B9506A7D784AF3910231FC534ADD9CC0E75DE5B,2031,2042,TEXT_PAGE,TEXT_PAGE,0,TEXT_PAGE,Poppler pdftotext returned meaningful page-scoped text; source_page=30 uses 1-based numbering.,PASS
CUMCM-2025-E-E030,31,2025年数学建模国赛真题+优秀论文/2025数学建模国赛优秀论文/E030.pdf,7270DACAB35167E998141D5D34C34D12A912B3620249A892697211F24D009E0D,derived/pilot/pdf_ocr/2025/E030.readable.pdf,3273B00F67A4A4BB0B5137807B9506A7D784AF3910231FC534ADD9CC0E75DE5B,1703,1728,TEXT_PAGE,TEXT_PAGE,0,TEXT_PAGE,Poppler pdftotext returned meaningful page-scoped text; source_page=31 uses 1-based numbering.,PASS
CUMCM-2025-E-E030,32,2025年数学建模国赛真题+优秀论文/2025数学建模国赛优秀论文/E030.pdf,7270DACAB35167E998141D5D34C34D12A912B3620249A892697211F24D009E0D,derived/pilot/pdf_ocr/2025/E030.readable.pdf,3273B00F67A4A4BB0B5137807B9506A7D784AF3910231FC534ADD9CC0E75DE5B,1574,1600,TEXT_PAGE,TEXT_PAGE,0,TEXT_PAGE,Poppler pdftotext returned meaningful page-scoped text; source_page=32 uses 1-based numbering.,PASS
CUMCM-2025-E-E030,33,2025年数学建模国赛真题+优秀论文/2025数学建模国赛优秀论文/E030.pdf,7270DACAB35167E998141D5D34C34D12A912B3620249A892697211F24D009E0D,derived/pilot/pdf_ocr/2025/E030.readable.pdf,3273B00F67A4A4BB0B5137807B9506A7D784AF3910231FC534ADD9CC0E75DE5B,1461,1444,TEXT_PAGE,TEXT_PAGE,0,TEXT_PAGE,Poppler pdftotext returned meaningful page-scoped text; source_page=33 uses 1-based numbering.,PASS
CUMCM-2025-E-E030,34,2025年数学建模国赛真题+优秀论文/2025数学建模国赛优秀论文/E030.pdf,7270DACAB35167E998141D5D34C34D12A912B3620249A892697211F24D009E0D,derived/pilot/pdf_ocr/2025/E030.readable.pdf,3273B00F67A4A4BB0B5137807B9506A7D784AF3910231FC534ADD9CC0E75DE5B,1346,1408,TEXT_PAGE,TEXT_PAGE,0,TEXT_PAGE,Poppler pdftotext returned meaningful page-scoped text; source_page=34 uses 1-based numbering.,PASS
CUMCM-2025-E-E030,35,2025年数学建模国赛真题+优秀论文/2025数学建模国赛优秀论文/E030.pdf,7270DACAB35167E998141D5D34C34D12A912B3620249A892697211F24D009E0D,derived/pilot/pdf_ocr/2025/E030.readable.pdf,3273B00F67A4A4BB0B5137807B9506A7D784AF3910231FC534ADD9CC0E75DE5B,1303,1309,TEXT_PAGE,TEXT_PAGE,0,TEXT_PAGE,Poppler pdftotext returned meaningful page-scoped text; source_page=35 uses 1-based numbering.,PASS
CUMCM-2025-E-E030,36,2025年数学建模国赛真题+优秀论文/2025数学建模国赛优秀论文/E030.pdf,7270DACAB35167E998141D5D34C34D12A912B3620249A892697211F24D009E0D,derived/pilot/pdf_ocr/2025/E030.readable.pdf,3273B00F67A4A4BB0B5137807B9506A7D784AF3910231FC534ADD9CC0E75DE5B,859,854,TEXT_PAGE,TEXT_PAGE,0,TEXT_PAGE,Poppler pdftotext returned meaningful page-scoped text; source_page=36 uses 1-based numbering.,PASS
