"path","classification","required","currently_staged","under_q3_batch_repair","under_q3_pilot_extraction","under_q3_pilot_extraction_quarantine","outside_known_q3_evidence_trees","reason"
"2025年数学建模国赛真题+优秀论文/2025年数学建模国赛真题！/abc.zip","INCLUDE","1","0","0","0","0","1","Current INCLUDE path outside the two primary Q3 trees; retained by the established INCLUDE rules."
"catalog/scale/g8_q3_batch_repair/CUMCM-1992-A-004/manifest.json","INCLUDE","1","0","1","0","0","0","Q3 evidence tree file; previously unstaged because Git metadata staging was blocked."
"catalog/scale/g8_q3_batch_repair/CUMCM-1992-A-004/normalized_body.txt","INCLUDE","1","0","1","0","0","0","Q3 evidence tree file; previously unstaged because Git metadata staging was blocked."
"catalog/scale/g8_q3_batch_repair/CUMCM-1992-A-004/pages/0001.txt","INCLUDE","1","0","1","0","0","0","Q3 evidence tree file; previously unstaged because Git metadata staging was blocked."
"catalog/scale/g8_q3_batch_repair/CUMCM-1992-A-004/pages/0002.txt","INCLUDE","1","0","1","0","0","0","Q3 evidence tree file; previously unstaged because Git metadata staging was blocked."
"catalog/scale/g8_q3_batch_repair/CUMCM-1992-A-004/pages/0003.txt","INCLUDE","1","0","1","0","0","0","Q3 evidence tree file; previously unstaged because Git metadata staging was blocked."
"catalog/scale/g8_q3_batch_repair/CUMCM-1992-A-004/provenance.json","INCLUDE","1","0","1","0","0","0","Q3 evidence tree file; previously unstaged because Git metadata staging was blocked."
"catalog/scale/g8_q3_batch_repair/CUMCM-1992-A-004/quality.json","INCLUDE","1","0","1","0","0","0","Q3 evidence tree file; previously unstaged because Git metadata staging was blocked."
"catalog/scale/g8_q3_batch_repair/CUMCM-1993-B-002/manifest.json","INCLUDE","1","0","1","0","0","0","Q3 evidence tree file; previously unstaged because Git metadata staging was blocked."
"catalog/scale/g8_q3_batch_repair/CUMCM-1993-B-002/normalized_body.txt","INCLUDE","1","0","1","0","0","0","Q3 evidence tree file; previously unstaged because Git metadata staging was blocked."
"catalog/scale/g8_q3_batch_repair/CUMCM-1993-B-002/pages/0001.txt","INCLUDE","1","0","1","0","0","0","Q3 evidence tree file; previously unstaged because Git metadata staging was blocked."
"catalog/scale/g8_q3_batch_repair/CUMCM-1993-B-002/pages/0002.txt","INCLUDE","1","0","1","0","0","0","Q3 evidence tree file; previously unstaged because Git metadata staging was blocked."
"catalog/scale/g8_q3_batch_repair/CUMCM-1993-B-002/pages/0003.txt","INCLUDE","1","0","1","0","0","0","Q3 evidence tree file; previously unstaged because Git metadata staging was blocked."
"catalog/scale/g8_q3_batch_repair/CUMCM-1993-B-002/pages/0004.txt","INCLUDE","1","0","1","0","0","0","Q3 evidence tree file; previously unstaged because Git metadata staging was blocked."
"catalog/scale/g8_q3_batch_repair/CUMCM-1993-B-002/pages/0005.txt","INCLUDE","1","0","1","0","0","0","Q3 evidence tree file; previously unstaged because Git metadata staging was blocked."
"catalog/scale/g8_q3_batch_repair/CUMCM-1993-B-002/pages/0006.txt","INCLUDE","1","0","1","0","0","0","Q3 evidence tree file; previously unstaged because Git metadata staging was blocked."
"catalog/scale/g8_q3_batch_repair/CUMCM-1993-B-002/pages/0007.txt","INCLUDE","1","0","1","0","0","0","Q3 evidence tree file; previously unstaged because Git metadata staging was blocked."
"catalog/scale/g8_q3_batch_repair/CUMCM-1993-B-002/pages/0008.txt","INCLUDE","1","0","1","0","0","0","Q3 evidence tree file; previously unstaged because Git metadata staging was blocked."
"catalog/scale/g8_q3_batch_repair/CUMCM-1993-B-002/pages/0009.txt","INCLUDE","1","0","1","0","0","0","Q3 evidence tree file; previously unstaged because Git metadata staging was blocked."
"catalog/scale/g8_q3_batch_repair/CUMCM-1993-B-002/provenance.json","INCLUDE","1","0","1","0","0","0","Q3 evidence tree file; previously unstaged because Git metadata staging was blocked."
"catalog/scale/g8_q3_batch_repair/CUMCM-1993-B-002/quality.json","INCLUDE","1","0","1","0","0","0","Q3 evidence tree file; previously unstaged because Git metadata staging was blocked."
"catalog/scale/g8_q3_batch_repair/CUMCM-1993-B-003/manifest.json","INCLUDE","1","0","1","0","0","0","Q3 evidence tree file; previously unstaged because Git metadata staging was blocked."
"catalog/scale/g8_q3_batch_repair/CUMCM-1993-B-003/normalized_body.txt","INCLUDE","1","0","1","0","0","0","Q3 evidence tree file; previously unstaged because Git metadata staging was blocked."
"catalog/scale/g8_q3_batch_repair/CUMCM-1993-B-003/pages/0001.txt","INCLUDE","1","0","1","0","0","0","Q3 evidence tree file; previously unstaged because Git metadata staging was blocked."
"catalog/scale/g8_q3_batch_repair/CUMCM-1993-B-003/pages/0002.txt","INCLUDE","1","0","1","0","0","0","Q3 evidence tree file; previously unstaged because Git metadata staging was blocked."
"catalog/scale/g8_q3_batch_repair/CUMCM-1993-B-003/provenance.json","INCLUDE","1","0","1","0","0","0","Q3 evidence tree file; previously unstaged because Git metadata staging was blocked."
"catalog/scale/g8_q3_batch_repair/CUMCM-1993-B-003/quality.json","INCLUDE","1","0","1","0","0","0","Q3 evidence tree file; previously unstaged because Git metadata staging was blocked."
"catalog/scale/g8_q3_batch_repair/CUMCM-1995-A-001/manifest.json","INCLUDE","1","0","1","0","0","0","Q3 evidence tree file; previously unstaged because Git metadata staging was blocked."
"catalog/scale/g8_q3_batch_repair/CUMCM-1995-A-001/normalized_body.txt","INCLUDE","1","0","1","0","0","0","Q3 evidence tree file; previously unstaged because Git metadata staging was blocked."
"catalog/scale/g8_q3_batch_repair/CUMCM-1995-A-001/pages/0001.txt","INCLUDE","1","0","1","0","0","0","Q3 evidence tree file; previously unstaged because Git metadata staging was blocked."
"catalog/scale/g8_q3_batch_repair/CUMCM-1995-A-001/pages/0002.txt","INCLUDE","1","0","1","0","0","0","Q3 evidence tree file; previously unstaged because Git metadata staging was blocked."
"catalog/scale/g8_q3_batch_repair/CUMCM-1995-A-001/pages/0003.txt","INCLUDE","1","0","1","0","0","0","Q3 evidence tree file; previously unstaged because Git metadata staging was blocked."
"catalog/scale/g8_q3_batch_repair/CUMCM-1995-A-001/pages/0004.txt","INCLUDE","1","0","1","0","0","0","Q3 evidence tree file; previously unstaged because Git metadata staging was blocked."
"catalog/scale/g8_q3_batch_repair/CUMCM-1995-A-001/pages/0005.txt","INCLUDE","1","0","1","0","0","0","Q3 evidence tree file; previously unstaged because Git metadata staging was blocked."
"catalog/scale/g8_q3_batch_repair/CUMCM-1995-A-001/pages/0006.txt","INCLUDE","1","0","1","0","0","0","Q3 evidence tree file; previously unstaged because Git metadata staging was blocked."
"catalog/scale/g8_q3_batch_repair/CUMCM-1995-A-001/pages/0007.txt","INCLUDE","1","0","1","0","0","0","Q3 evidence tree file; previously unstaged because Git metadata staging was blocked."
"catalog/scale/g8_q3_batch_repair/CUMCM-1995-A-001/pages/0008.txt","INCLUDE","1","0","1","0","0","0","Q3 evidence tree file; previously unstaged because Git metadata staging was blocked."
"catalog/scale/g8_q3_batch_repair/CUMCM-1995-A-001/pages/0009.txt","INCLUDE","1","0","1","0","0","0","Q3 evidence tree file; previously unstaged because Git metadata staging was blocked."
"catalog/scale/g8_q3_batch_repair/CUMCM-1995-A-001/provenance.json","INCLUDE","1","0","1","0","0","0","Q3 evidence tree file; previously unstaged because Git metadata staging was blocked."
"catalog/scale/g8_q3_batch_repair/CUMCM-1995-A-001/quality.json","INCLUDE","1","0","1","0","0","0","Q3 evidence tree file; previously unstaged because Git metadata staging was blocked."
"catalog/scale/g8_q3_batch_repair/CUMCM-1995-A-002/manifest.json","INCLUDE","1","0","1","0","0","0","Q3 evidence tree file; previously unstaged because Git metadata staging was blocked."
"catalog/scale/g8_q3_batch_repair/CUMCM-1995-A-002/normalized_body.txt","INCLUDE","1","0","1","0","0","0","Q3 evidence tree file; previously unstaged because Git metadata staging was blocked."
"catalog/scale/g8_q3_batch_repair/CUMCM-1995-A-002/pages/0001.txt","INCLUDE","1","0","1","0","0","0","Q3 evidence tree file; previously unstaged because Git metadata staging was blocked."
"catalog/scale/g8_q3_batch_repair/CUMCM-1995-A-002/pages/0002.txt","INCLUDE","1","0","1","0","0","0","Q3 evidence tree file; previously unstaged because Git metadata staging was blocked."
"catalog/scale/g8_q3_batch_repair/CUMCM-1995-A-002/pages/0003.txt","INCLUDE","1","0","1","0","0","0","Q3 evidence tree file; previously unstaged because Git metadata staging was blocked."
"catalog/scale/g8_q3_batch_repair/CUMCM-1995-A-002/pages/0004.txt","INCLUDE","1","0","1","0","0","0","Q3 evidence tree file; previously unstaged because Git metadata staging was blocked."
"catalog/scale/g8_q3_batch_repair/CUMCM-1995-A-002/provenance.json","INCLUDE","1","0","1","0","0","0","Q3 evidence tree file; previously unstaged because Git metadata staging was blocked."
"catalog/scale/g8_q3_batch_repair/CUMCM-1995-A-002/quality.json","INCLUDE","1","0","1","0","0","0","Q3 evidence tree file; previously unstaged because Git metadata staging was blocked."
"catalog/scale/g8_q3_batch_repair/CUMCM-1995-A-003/manifest.json","INCLUDE","1","0","1","0","0","0","Q3 evidence tree file; previously unstaged because Git metadata staging was blocked."
"catalog/scale/g8_q3_batch_repair/CUMCM-1995-A-003/normalized_body.txt","INCLUDE","1","0","1","0","0","0","Q3 evidence tree file; previously unstaged because Git metadata staging was blocked."
"catalog/scale/g8_q3_batch_repair/CUMCM-1995-A-003/pages/0001.txt","INCLUDE","1","0","1","0","0","0","Q3 evidence tree file; previously unstaged because Git metadata staging was blocked."
"catalog/scale/g8_q3_batch_repair/CUMCM-1995-A-003/pages/0002.txt","INCLUDE","1","0","1","0","0","0","Q3 evidence tree file; previously unstaged because Git metadata staging was blocked."
"catalog/scale/g8_q3_batch_repair/CUMCM-1995-A-003/pages/0003.txt","INCLUDE","1","0","1","0","0","0","Q3 evidence tree file; previously unstaged because Git metadata staging was blocked."
"catalog/scale/g8_q3_batch_repair/CUMCM-1995-A-003/pages/0004.txt","INCLUDE","1","0","1","0","0","0","Q3 evidence tree file; previously unstaged because Git metadata staging was blocked."
"catalog/scale/g8_q3_batch_repair/CUMCM-1995-A-003/pages/0005.txt","INCLUDE","1","0","1","0","0","0","Q3 evidence tree file; previously unstaged because Git metadata staging was blocked."
"catalog/scale/g8_q3_batch_repair/CUMCM-1995-A-003/pages/0006.txt","INCLUDE","1","0","1","0","0","0","Q3 evidence tree file; previously unstaged because Git metadata staging was blocked."
"catalog/scale/g8_q3_batch_repair/CUMCM-1995-A-003/provenance.json","INCLUDE","1","0","1","0","0","0","Q3 evidence tree file; previously unstaged because Git metadata staging was blocked."
"catalog/scale/g8_q3_batch_repair/CUMCM-1995-A-003/quality.json","INCLUDE","1","0","1","0","0","0","Q3 evidence tree file; previously unstaged because Git metadata staging was blocked."
"catalog/scale/g8_q3_batch_repair/CUMCM-1995-A-004/manifest.json","INCLUDE","1","0","1","0","0","0","Q3 evidence tree file; previously unstaged because Git metadata staging was blocked."
"catalog/scale/g8_q3_batch_repair/CUMCM-1995-A-004/normalized_body.txt","INCLUDE","1","0","1","0","0","0","Q3 evidence tree file; previously unstaged because Git metadata staging was blocked."
"catalog/scale/g8_q3_batch_repair/CUMCM-1995-A-004/pages/0001.txt","INCLUDE","1","0","1","0","0","0","Q3 evidence tree file; previously unstaged because Git metadata staging was blocked."
"catalog/scale/g8_q3_batch_repair/CUMCM-1995-A-004/pages/0002.txt","INCLUDE","1","0","1","0","0","0","Q3 evidence tree file; previously unstaged because Git metadata staging was blocked."
"catalog/scale/g8_q3_batch_repair/CUMCM-1995-A-004/provenance.json","INCLUDE","1","0","1","0","0","0","Q3 evidence tree file; previously unstaged because Git metadata staging was blocked."
"catalog/scale/g8_q3_batch_repair/CUMCM-1995-A-004/quality.json","INCLUDE","1","0","1","0","0","0","Q3 evidence tree file; previously unstaged because Git metadata staging was blocked."
"catalog/scale/g8_q3_batch_repair/CUMCM-1995-A-005/manifest.json","INCLUDE","1","0","1","0","0","0","Q3 evidence tree file; previously unstaged because Git metadata staging was blocked."
"catalog/scale/g8_q3_batch_repair/CUMCM-1995-A-005/normalized_body.txt","INCLUDE","1","0","1","0","0","0","Q3 evidence tree file; previously unstaged because Git metadata staging was blocked."
"catalog/scale/g8_q3_batch_repair/CUMCM-1995-A-005/pages/0001.txt","INCLUDE","1","0","1","0","0","0","Q3 evidence tree file; previously unstaged because Git metadata staging was blocked."
"catalog/scale/g8_q3_batch_repair/CUMCM-1995-A-005/pages/0002.txt","INCLUDE","1","0","1","0","0","0","Q3 evidence tree file; previously unstaged because Git metadata staging was blocked."
"catalog/scale/g8_q3_batch_repair/CUMCM-1995-A-005/pages/0003.txt","INCLUDE","1","0","1","0","0","0","Q3 evidence tree file; previously unstaged because Git metadata staging was blocked."
"catalog/scale/g8_q3_batch_repair/CUMCM-1995-A-005/provenance.json","INCLUDE","1","0","1","0","0","0","Q3 evidence tree file; previously unstaged because Git metadata staging was blocked."
"catalog/scale/g8_q3_batch_repair/CUMCM-1995-A-005/quality.json","INCLUDE","1","0","1","0","0","0","Q3 evidence tree file; previously unstaged because Git metadata staging was blocked."
"catalog/scale/g8_q3_batch_repair/CUMCM-1995-A-006/manifest.json","INCLUDE","1","0","1","0","0","0","Q3 evidence tree file; previously unstaged because Git metadata staging was blocked."
"catalog/scale/g8_q3_batch_repair/CUMCM-1995-A-006/normalized_body.txt","INCLUDE","1","0","1","0","0","0","Q3 evidence tree file; previously unstaged because Git metadata staging was blocked."
"catalog/scale/g8_q3_batch_repair/CUMCM-1995-A-006/pages/0001.txt","INCLUDE","1","0","1","0","0","0","Q3 evidence tree file; previously unstaged because Git metadata staging was blocked."
"catalog/scale/g8_q3_batch_repair/CUMCM-1995-A-006/pages/0002.txt","INCLUDE","1","0","1","0","0","0","Q3 evidence tree file; previously unstaged because Git metadata staging was blocked."
"catalog/scale/g8_q3_batch_repair/CUMCM-1995-A-006/pages/0003.txt","INCLUDE","1","0","1","0","0","0","Q3 evidence tree file; previously unstaged because Git metadata staging was blocked."
"catalog/scale/g8_q3_batch_repair/CUMCM-1995-A-006/pages/0004.txt","INCLUDE","1","0","1","0","0","0","Q3 evidence tree file; previously unstaged because Git metadata staging was blocked."
"catalog/scale/g8_q3_batch_repair/CUMCM-1995-A-006/pages/0005.txt","INCLUDE","1","0","1","0","0","0","Q3 evidence tree file; previously unstaged because Git metadata staging was blocked."
"catalog/scale/g8_q3_batch_repair/CUMCM-1995-A-006/provenance.json","INCLUDE","1","0","1","0","0","0","Q3 evidence tree file; previously unstaged because Git metadata staging was blocked."
"catalog/scale/g8_q3_batch_repair/CUMCM-1995-A-006/quality.json","INCLUDE","1","0","1","0","0","0","Q3 evidence tree file; previously unstaged because Git metadata staging was blocked."
"catalog/scale/g8_q3_batch_repair/CUMCM-1995-A-007/manifest.json","INCLUDE","1","0","1","0","0","0","Q3 evidence tree file; previously unstaged because Git metadata staging was blocked."
"catalog/scale/g8_q3_batch_repair/CUMCM-1995-A-007/normalized_body.txt","INCLUDE","1","0","1","0","0","0","Q3 evidence tree file; previously unstaged because Git metadata staging was blocked."
"catalog/scale/g8_q3_batch_repair/CUMCM-1995-A-007/pages/0001.txt","INCLUDE","1","0","1","0","0","0","Q3 evidence tree file; previously unstaged because Git metadata staging was blocked."
"catalog/scale/g8_q3_batch_repair/CUMCM-1995-A-007/pages/0002.txt","INCLUDE","1","0","1","0","0","0","Q3 evidence tree file; previously unstaged because Git metadata staging was blocked."
"catalog/scale/g8_q3_batch_repair/CUMCM-1995-A-007/provenance.json","INCLUDE","1","0","1","0","0","0","Q3 evidence tree file; previously unstaged because Git metadata staging was blocked."
"catalog/scale/g8_q3_batch_repair/CUMCM-1995-A-007/quality.json","INCLUDE","1","0","1","0","0","0","Q3 evidence tree file; previously unstaged because Git metadata staging was blocked."
"catalog/scale/g8_q3_batch_repair/CUMCM-1995-A-008/manifest.json","INCLUDE","1","0","1","0","0","0","Q3 evidence tree file; previously unstaged because Git metadata staging was blocked."
"catalog/scale/g8_q3_batch_repair/CUMCM-1995-A-008/normalized_body.txt","INCLUDE","1","0","1","0","0","0","Q3 evidence tree file; previously unstaged because Git metadata staging was blocked."
"catalog/scale/g8_q3_batch_repair/CUMCM-1995-A-008/pages/0001.txt","INCLUDE","1","0","1","0","0","0","Q3 evidence tree file; previously unstaged because Git metadata staging was blocked."
"catalog/scale/g8_q3_batch_repair/CUMCM-1995-A-008/pages/0002.txt","INCLUDE","1","0","1","0","0","0","Q3 evidence tree file; previously unstaged because Git metadata staging was blocked."
"catalog/scale/g8_q3_batch_repair/CUMCM-1995-A-008/provenance.json","INCLUDE","1","0","1","0","0","0","Q3 evidence tree file; previously unstaged because Git metadata staging was blocked."
"catalog/scale/g8_q3_batch_repair/CUMCM-1995-A-008/quality.json","INCLUDE","1","0","1","0","0","0","Q3 evidence tree file; previously unstaged because Git metadata staging was blocked."
"catalog/scale/g8_q3_batch_repair/CUMCM-1995-B-001/manifest.json","INCLUDE","1","0","1","0","0","0","Q3 evidence tree file; previously unstaged because Git metadata staging was blocked."
"catalog/scale/g8_q3_batch_repair/CUMCM-1995-B-001/normalized_body.txt","INCLUDE","1","0","1","0","0","0","Q3 evidence tree file; previously unstaged because Git metadata staging was blocked."
"catalog/scale/g8_q3_batch_repair/CUMCM-1995-B-001/pages/0001.txt","INCLUDE","1","0","1","0","0","0","Q3 evidence tree file; previously unstaged because Git metadata staging was blocked."
"catalog/scale/g8_q3_batch_repair/CUMCM-1995-B-001/pages/0002.txt","INCLUDE","1","0","1","0","0","0","Q3 evidence tree file; previously unstaged because Git metadata staging was blocked."
"catalog/scale/g8_q3_batch_repair/CUMCM-1995-B-001/provenance.json","INCLUDE","1","0","1","0","0","0","Q3 evidence tree file; previously unstaged because Git metadata staging was blocked."
"catalog/scale/g8_q3_batch_repair/CUMCM-1995-B-001/quality.json","INCLUDE","1","0","1","0","0","0","Q3 evidence tree file; previously unstaged because Git metadata staging was blocked."
"catalog/scale/g8_q3_batch_repair/CUMCM-1995-B-002/manifest.json","INCLUDE","1","0","1","0","0","0","Q3 evidence tree file; previously unstaged because Git metadata staging was blocked."
"catalog/scale/g8_q3_batch_repair/CUMCM-1995-B-002/normalized_body.txt","INCLUDE","1","0","1","0","0","0","Q3 evidence tree file; previously unstaged because Git metadata staging was blocked."
"catalog/scale/g8_q3_batch_repair/CUMCM-1995-B-002/pages/0001.txt","INCLUDE","1","0","1","0","0","0","Q3 evidence tree file; previously unstaged because Git metadata staging was blocked."
"catalog/scale/g8_q3_batch_repair/CUMCM-1995-B-002/pages/0002.txt","INCLUDE","1","0","1","0","0","0","Q3 evidence tree file; previously unstaged because Git metadata staging was blocked."
"catalog/scale/g8_q3_batch_repair/CUMCM-1995-B-002/pages/0003.txt","INCLUDE","1","0","1","0","0","0","Q3 evidence tree file; previously unstaged because Git metadata staging was blocked."
"catalog/scale/g8_q3_batch_repair/CUMCM-1995-B-002/provenance.json","INCLUDE","1","0","1","0","0","0","Q3 evidence tree file; previously unstaged because Git metadata staging was blocked."
"catalog/scale/g8_q3_batch_repair/CUMCM-1995-B-002/quality.json","INCLUDE","1","0","1","0","0","0","Q3 evidence tree file; previously unstaged because Git metadata staging was blocked."
"catalog/scale/g8_q3_batch_repair/CUMCM-1995-B-003/manifest.json","INCLUDE","1","0","1","0","0","0","Q3 evidence tree file; previously unstaged because Git metadata staging was blocked."
"catalog/scale/g8_q3_batch_repair/CUMCM-1995-B-003/normalized_body.txt","INCLUDE","1","0","1","0","0","0","Q3 evidence tree file; previously unstaged because Git metadata staging was blocked."
"catalog/scale/g8_q3_batch_repair/CUMCM-1995-B-003/pages/0001.txt","INCLUDE","1","0","1","0","0","0","Q3 evidence tree file; previously unstaged because Git metadata staging was blocked."
"catalog/scale/g8_q3_batch_repair/CUMCM-1995-B-003/pages/0002.txt","INCLUDE","1","0","1","0","0","0","Q3 evidence tree file; previously unstaged because Git metadata staging was blocked."
"catalog/scale/g8_q3_batch_repair/CUMCM-1995-B-003/pages/0003.txt","INCLUDE","1","0","1","0","0","0","Q3 evidence tree file; previously unstaged because Git metadata staging was blocked."
"catalog/scale/g8_q3_batch_repair/CUMCM-1995-B-003/provenance.json","INCLUDE","1","0","1","0","0","0","Q3 evidence tree file; previously unstaged because Git metadata staging was blocked."
"catalog/scale/g8_q3_batch_repair/CUMCM-1995-B-003/quality.json","INCLUDE","1","0","1","0","0","0","Q3 evidence tree file; previously unstaged because Git metadata staging was blocked."
"catalog/scale/g8_q3_batch_repair/CUMCM-1995-B-004/manifest.json","INCLUDE","1","0","1","0","0","0","Q3 evidence tree file; previously unstaged because Git metadata staging was blocked."
"catalog/scale/g8_q3_batch_repair/CUMCM-1995-B-004/normalized_body.txt","INCLUDE","1","0","1","0","0","0","Q3 evidence tree file; previously unstaged because Git metadata staging was blocked."
"catalog/scale/g8_q3_batch_repair/CUMCM-1995-B-004/pages/0001.txt","INCLUDE","1","0","1","0","0","0","Q3 evidence tree file; previously unstaged because Git metadata staging was blocked."
"catalog/scale/g8_q3_batch_repair/CUMCM-1995-B-004/pages/0002.txt","INCLUDE","1","0","1","0","0","0","Q3 evidence tree file; previously unstaged because Git metadata staging was blocked."
"catalog/scale/g8_q3_batch_repair/CUMCM-1995-B-004/pages/0003.txt","INCLUDE","1","0","1","0","0","0","Q3 evidence tree file; previously unstaged because Git metadata staging was blocked."
"catalog/scale/g8_q3_batch_repair/CUMCM-1995-B-004/provenance.json","INCLUDE","1","0","1","0","0","0","Q3 evidence tree file; previously unstaged because Git metadata staging was blocked."
"catalog/scale/g8_q3_batch_repair/CUMCM-1995-B-004/quality.json","INCLUDE","1","0","1","0","0","0","Q3 evidence tree file; previously unstaged because Git metadata staging was blocked."
"catalog/scale/g8_q3_batch_repair/CUMCM-1995-B-005/manifest.json","INCLUDE","1","0","1","0","0","0","Q3 evidence tree file; previously unstaged because Git metadata staging was blocked."
"catalog/scale/g8_q3_batch_repair/CUMCM-1995-B-005/normalized_body.txt","INCLUDE","1","0","1","0","0","0","Q3 evidence tree file; previously unstaged because Git metadata staging was blocked."
"catalog/scale/g8_q3_batch_repair/CUMCM-1995-B-005/pages/0001.txt","INCLUDE","1","0","1","0","0","0","Q3 evidence tree file; previously unstaged because Git metadata staging was blocked."
"catalog/scale/g8_q3_batch_repair/CUMCM-1995-B-005/pages/0002.txt","INCLUDE","1","0","1","0","0","0","Q3 evidence tree file; previously unstaged because Git metadata staging was blocked."
"catalog/scale/g8_q3_batch_repair/CUMCM-1995-B-005/pages/0003.txt","INCLUDE","1","0","1","0","0","0","Q3 evidence tree file; previously unstaged because Git metadata staging was blocked."
"catalog/scale/g8_q3_batch_repair/CUMCM-1995-B-005/pages/0004.txt","INCLUDE","1","0","1","0","0","0","Q3 evidence tree file; previously unstaged because Git metadata staging was blocked."
"catalog/scale/g8_q3_batch_repair/CUMCM-1995-B-005/provenance.json","INCLUDE","1","0","1","0","0","0","Q3 evidence tree file; previously unstaged because Git metadata staging was blocked."
"catalog/scale/g8_q3_batch_repair/CUMCM-1995-B-005/quality.json","INCLUDE","1","0","1","0","0","0","Q3 evidence tree file; previously unstaged because Git metadata staging was blocked."
"catalog/scale/g8_q3_batch_repair/CUMCM-1995-B-006/manifest.json","INCLUDE","1","0","1","0","0","0","Q3 evidence tree file; previously unstaged because Git metadata staging was blocked."
"catalog/scale/g8_q3_batch_repair/CUMCM-1995-B-006/normalized_body.txt","INCLUDE","1","0","1","0","0","0","Q3 evidence tree file; previously unstaged because Git metadata staging was blocked."
"catalog/scale/g8_q3_batch_repair/CUMCM-1995-B-006/pages/0001.txt","INCLUDE","1","0","1","0","0","0","Q3 evidence tree file; previously unstaged because Git metadata staging was blocked."
"catalog/scale/g8_q3_batch_repair/CUMCM-1995-B-006/pages/0002.txt","INCLUDE","1","0","1","0","0","0","Q3 evidence tree file; previously unstaged because Git metadata staging was blocked."
"catalog/scale/g8_q3_batch_repair/CUMCM-1995-B-006/pages/0003.txt","INCLUDE","1","0","1","0","0","0","Q3 evidence tree file; previously unstaged because Git metadata staging was blocked."
"catalog/scale/g8_q3_batch_repair/CUMCM-1995-B-006/pages/0004.txt","INCLUDE","1","0","1","0","0","0","Q3 evidence tree file; previously unstaged because Git metadata staging was blocked."
"catalog/scale/g8_q3_batch_repair/CUMCM-1995-B-006/pages/0005.txt","INCLUDE","1","0","1","0","0","0","Q3 evidence tree file; previously unstaged because Git metadata staging was blocked."
"catalog/scale/g8_q3_batch_repair/CUMCM-1995-B-006/provenance.json","INCLUDE","1","0","1","0","0","0","Q3 evidence tree file; previously unstaged because Git metadata staging was blocked."
"catalog/scale/g8_q3_batch_repair/CUMCM-1995-B-006/quality.json","INCLUDE","1","0","1","0","0","0","Q3 evidence tree file; previously unstaged because Git metadata staging was blocked."
"catalog/scale/g8_q3_batch_repair/CUMCM-1995-B-007/manifest.json","INCLUDE","1","0","1","0","0","0","Q3 evidence tree file; previously unstaged because Git metadata staging was blocked."
"catalog/scale/g8_q3_batch_repair/CUMCM-1995-B-007/normalized_body.txt","INCLUDE","1","0","1","0","0","0","Q3 evidence tree file; previously unstaged because Git metadata staging was blocked."
"catalog/scale/g8_q3_batch_repair/CUMCM-1995-B-007/pages/0001.txt","INCLUDE","1","0","1","0","0","0","Q3 evidence tree file; previously unstaged because Git metadata staging was blocked."
"catalog/scale/g8_q3_batch_repair/CUMCM-1995-B-007/pages/0002.txt","INCLUDE","1","0","1","0","0","0","Q3 evidence tree file; previously unstaged because Git metadata staging was blocked."
"catalog/scale/g8_q3_batch_repair/CUMCM-1995-B-007/pages/0003.txt","INCLUDE","1","0","1","0","0","0","Q3 evidence tree file; previously unstaged because Git metadata staging was blocked."
"catalog/scale/g8_q3_batch_repair/CUMCM-1995-B-007/pages/0004.txt","INCLUDE","1","0","1","0","0","0","Q3 evidence tree file; previously unstaged because Git metadata staging was blocked."
"catalog/scale/g8_q3_batch_repair/CUMCM-1995-B-007/pages/0005.txt","INCLUDE","1","0","1","0","0","0","Q3 evidence tree file; previously unstaged because Git metadata staging was blocked."
"catalog/scale/g8_q3_batch_repair/CUMCM-1995-B-007/pages/0006.txt","INCLUDE","1","0","1","0","0","0","Q3 evidence tree file; previously unstaged because Git metadata staging was blocked."
"catalog/scale/g8_q3_batch_repair/CUMCM-1995-B-007/pages/0007.txt","INCLUDE","1","0","1","0","0","0","Q3 evidence tree file; previously unstaged because Git metadata staging was blocked."
"catalog/scale/g8_q3_batch_repair/CUMCM-1995-B-007/pages/0008.txt","INCLUDE","1","0","1","0","0","0","Q3 evidence tree file; previously unstaged because Git metadata staging was blocked."
"catalog/scale/g8_q3_batch_repair/CUMCM-1995-B-007/pages/0009.txt","INCLUDE","1","0","1","0","0","0","Q3 evidence tree file; previously unstaged because Git metadata staging was blocked."
"catalog/scale/g8_q3_batch_repair/CUMCM-1995-B-007/pages/0010.txt","INCLUDE","1","0","1","0","0","0","Q3 evidence tree file; previously unstaged because Git metadata staging was blocked."
"catalog/scale/g8_q3_batch_repair/CUMCM-1995-B-007/provenance.json","INCLUDE","1","0","1","0","0","0","Q3 evidence tree file; previously unstaged because Git metadata staging was blocked."
"catalog/scale/g8_q3_batch_repair/CUMCM-1995-B-007/quality.json","INCLUDE","1","0","1","0","0","0","Q3 evidence tree file; previously unstaged because Git metadata staging was blocked."
"catalog/scale/g8_q3_batch_repair/CUMCM-1996-A-001/manifest.json","INCLUDE","1","0","1","0","0","0","Q3 evidence tree file; previously unstaged because Git metadata staging was blocked."
"catalog/scale/g8_q3_batch_repair/CUMCM-1996-A-001/normalized_body.txt","INCLUDE","1","0","1","0","0","0","Q3 evidence tree file; previously unstaged because Git metadata staging was blocked."
"catalog/scale/g8_q3_batch_repair/CUMCM-1996-A-001/pages/0001.txt","INCLUDE","1","0","1","0","0","0","Q3 evidence tree file; previously unstaged because Git metadata staging was blocked."
"catalog/scale/g8_q3_batch_repair/CUMCM-1996-A-001/pages/0002.txt","INCLUDE","1","0","1","0","0","0","Q3 evidence tree file; previously unstaged because Git metadata staging was blocked."
"catalog/scale/g8_q3_batch_repair/CUMCM-1996-A-001/pages/0003.txt","INCLUDE","1","0","1","0","0","0","Q3 evidence tree file; previously unstaged because Git metadata staging was blocked."
"catalog/scale/g8_q3_batch_repair/CUMCM-1996-A-001/pages/0004.txt","INCLUDE","1","0","1","0","0","0","Q3 evidence tree file; previously unstaged because Git metadata staging was blocked."
"catalog/scale/g8_q3_batch_repair/CUMCM-1996-A-001/pages/0005.txt","INCLUDE","1","0","1","0","0","0","Q3 evidence tree file; previously unstaged because Git metadata staging was blocked."
"catalog/scale/g8_q3_batch_repair/CUMCM-1996-A-001/pages/0006.txt","INCLUDE","1","0","1","0","0","0","Q3 evidence tree file; previously unstaged because Git metadata staging was blocked."
"catalog/scale/g8_q3_batch_repair/CUMCM-1996-A-001/pages/0007.txt","INCLUDE","1","0","1","0","0","0","Q3 evidence tree file; previously unstaged because Git metadata staging was blocked."
"catalog/scale/g8_q3_batch_repair/CUMCM-1996-A-001/pages/0008.txt","INCLUDE","1","0","1","0","0","0","Q3 evidence tree file; previously unstaged because Git metadata staging was blocked."
"catalog/scale/g8_q3_batch_repair/CUMCM-1996-A-001/provenance.json","INCLUDE","1","0","1","0","0","0","Q3 evidence tree file; previously unstaged because Git metadata staging was blocked."
"catalog/scale/g8_q3_batch_repair/CUMCM-1996-A-001/quality.json","INCLUDE","1","0","1","0","0","0","Q3 evidence tree file; previously unstaged because Git metadata staging was blocked."
"catalog/scale/g8_q3_batch_repair/CUMCM-1996-A-002/manifest.json","INCLUDE","1","0","1","0","0","0","Q3 evidence tree file; previously unstaged because Git metadata staging was blocked."
"catalog/scale/g8_q3_batch_repair/CUMCM-1996-A-002/normalized_body.txt","INCLUDE","1","0","1","0","0","0","Q3 evidence tree file; previously unstaged because Git metadata staging was blocked."
"catalog/scale/g8_q3_batch_repair/CUMCM-1996-A-002/pages/0001.txt","INCLUDE","1","0","1","0","0","0","Q3 evidence tree file; previously unstaged because Git metadata staging was blocked."
"catalog/scale/g8_q3_batch_repair/CUMCM-1996-A-002/pages/0002.txt","INCLUDE","1","0","1","0","0","0","Q3 evidence tree file; previously unstaged because Git metadata staging was blocked."
"catalog/scale/g8_q3_batch_repair/CUMCM-1996-A-002/pages/0003.txt","INCLUDE","1","0","1","0","0","0","Q3 evidence tree file; previously unstaged because Git metadata staging was blocked."
"catalog/scale/g8_q3_batch_repair/CUMCM-1996-A-002/pages/0004.txt","INCLUDE","1","0","1","0","0","0","Q3 evidence tree file; previously unstaged because Git metadata staging was blocked."
"catalog/scale/g8_q3_batch_repair/CUMCM-1996-A-002/pages/0005.txt","INCLUDE","1","0","1","0","0","0","Q3 evidence tree file; previously unstaged because Git metadata staging was blocked."
"catalog/scale/g8_q3_batch_repair/CUMCM-1996-A-002/pages/0006.txt","INCLUDE","1","0","1","0","0","0","Q3 evidence tree file; previously unstaged because Git metadata staging was blocked."
"catalog/scale/g8_q3_batch_repair/CUMCM-1996-A-002/pages/0007.txt","INCLUDE","1","0","1","0","0","0","Q3 evidence tree file; previously unstaged because Git metadata staging was blocked."
"catalog/scale/g8_q3_batch_repair/CUMCM-1996-A-002/provenance.json","INCLUDE","1","0","1","0","0","0","Q3 evidence tree file; previously unstaged because Git metadata staging was blocked."
"catalog/scale/g8_q3_batch_repair/CUMCM-1996-A-002/quality.json","INCLUDE","1","0","1","0","0","0","Q3 evidence tree file; previously unstaged because Git metadata staging was blocked."
"catalog/scale/g8_q3_batch_repair/CUMCM-1996-A-003/manifest.json","INCLUDE","1","0","1","0","0","0","Q3 evidence tree file; previously unstaged because Git metadata staging was blocked."
"catalog/scale/g8_q3_batch_repair/CUMCM-1996-A-003/normalized_body.txt","INCLUDE","1","0","1","0","0","0","Q3 evidence tree file; previously unstaged because Git metadata staging was blocked."
"catalog/scale/g8_q3_batch_repair/CUMCM-1996-A-003/pages/0001.txt","INCLUDE","1","0","1","0","0","0","Q3 evidence tree file; previously unstaged because Git metadata staging was blocked."
"catalog/scale/g8_q3_batch_repair/CUMCM-1996-A-003/pages/0002.txt","INCLUDE","1","0","1","0","0","0","Q3 evidence tree file; previously unstaged because Git metadata staging was blocked."
"catalog/scale/g8_q3_batch_repair/CUMCM-1996-A-003/pages/0003.txt","INCLUDE","1","0","1","0","0","0","Q3 evidence tree file; previously unstaged because Git metadata staging was blocked."
"catalog/scale/g8_q3_batch_repair/CUMCM-1996-A-003/pages/0004.txt","INCLUDE","1","0","1","0","0","0","Q3 evidence tree file; previously unstaged because Git metadata staging was blocked."
"catalog/scale/g8_q3_batch_repair/CUMCM-1996-A-003/provenance.json","INCLUDE","1","0","1","0","0","0","Q3 evidence tree file; previously unstaged because Git metadata staging was blocked."
"catalog/scale/g8_q3_batch_repair/CUMCM-1996-A-003/quality.json","INCLUDE","1","0","1","0","0","0","Q3 evidence tree file; previously unstaged because Git metadata staging was blocked."
"catalog/scale/g8_q3_batch_repair/CUMCM-1996-A-004/manifest.json","INCLUDE","1","0","1","0","0","0","Q3 evidence tree file; previously unstaged because Git metadata staging was blocked."
"catalog/scale/g8_q3_batch_repair/CUMCM-1996-A-004/normalized_body.txt","INCLUDE","1","0","1","0","0","0","Q3 evidence tree file; previously unstaged because Git metadata staging was blocked."
"catalog/scale/g8_q3_batch_repair/CUMCM-1996-A-004/pages/0001.txt","INCLUDE","1","0","1","0","0","0","Q3 evidence tree file; previously unstaged because Git metadata staging was blocked."
"catalog/scale/g8_q3_batch_repair/CUMCM-1996-A-004/pages/0002.txt","INCLUDE","1","0","1","0","0","0","Q3 evidence tree file; previously unstaged because Git metadata staging was blocked."
"catalog/scale/g8_q3_batch_repair/CUMCM-1996-A-004/pages/0003.txt","INCLUDE","1","0","1","0","0","0","Q3 evidence tree file; previously unstaged because Git metadata staging was blocked."
"catalog/scale/g8_q3_batch_repair/CUMCM-1996-A-004/pages/0004.txt","INCLUDE","1","0","1","0","0","0","Q3 evidence tree file; previously unstaged because Git metadata staging was blocked."
"catalog/scale/g8_q3_batch_repair/CUMCM-1996-A-004/provenance.json","INCLUDE","1","0","1","0","0","0","Q3 evidence tree file; previously unstaged because Git metadata staging was blocked."
"catalog/scale/g8_q3_batch_repair/CUMCM-1996-A-004/quality.json","INCLUDE","1","0","1","0","0","0","Q3 evidence tree file; previously unstaged because Git metadata staging was blocked."
"catalog/scale/g8_q3_batch_repair/CUMCM-1996-A-005/manifest.json","INCLUDE","1","0","1","0","0","0","Q3 evidence tree file; previously unstaged because Git metadata staging was blocked."
"catalog/scale/g8_q3_batch_repair/CUMCM-1996-A-005/normalized_body.txt","INCLUDE","1","0","1","0","0","0","Q3 evidence tree file; previously unstaged because Git metadata staging was blocked."
"catalog/scale/g8_q3_batch_repair/CUMCM-1996-A-005/pages/0001.txt","INCLUDE","1","0","1","0","0","0","Q3 evidence tree file; previously unstaged because Git metadata staging was blocked."
"catalog/scale/g8_q3_batch_repair/CUMCM-1996-A-005/pages/0002.txt","INCLUDE","1","0","1","0","0","0","Q3 evidence tree file; previously unstaged because Git metadata staging was blocked."
"catalog/scale/g8_q3_batch_repair/CUMCM-1996-A-005/pages/0003.txt","INCLUDE","1","0","1","0","0","0","Q3 evidence tree file; previously unstaged because Git metadata staging was blocked."
"catalog/scale/g8_q3_batch_repair/CUMCM-1996-A-005/pages/0004.txt","INCLUDE","1","0","1","0","0","0","Q3 evidence tree file; previously unstaged because Git metadata staging was blocked."
"catalog/scale/g8_q3_batch_repair/CUMCM-1996-A-005/pages/0005.txt","INCLUDE","1","0","1","0","0","0","Q3 evidence tree file; previously unstaged because Git metadata staging was blocked."
"catalog/scale/g8_q3_batch_repair/CUMCM-1996-A-005/pages/0006.txt","INCLUDE","1","0","1","0","0","0","Q3 evidence tree file; previously unstaged because Git metadata staging was blocked."
"catalog/scale/g8_q3_batch_repair/CUMCM-1996-A-005/pages/0007.txt","INCLUDE","1","0","1","0","0","0","Q3 evidence tree file; previously unstaged because Git metadata staging was blocked."
"catalog/scale/g8_q3_batch_repair/CUMCM-1996-A-005/pages/0008.txt","INCLUDE","1","0","1","0","0","0","Q3 evidence tree file; previously unstaged because Git metadata staging was blocked."
"catalog/scale/g8_q3_batch_repair/CUMCM-1996-A-005/provenance.json","INCLUDE","1","0","1","0","0","0","Q3 evidence tree file; previously unstaged because Git metadata staging was blocked."
"catalog/scale/g8_q3_batch_repair/CUMCM-1996-A-005/quality.json","INCLUDE","1","0","1","0","0","0","Q3 evidence tree file; previously unstaged because Git metadata staging was blocked."
"catalog/scale/g8_q3_batch_repair/CUMCM-1996-A-006/manifest.json","INCLUDE","1","0","1","0","0","0","Q3 evidence tree file; previously unstaged because Git metadata staging was blocked."
"catalog/scale/g8_q3_batch_repair/CUMCM-1996-A-006/normalized_body.txt","INCLUDE","1","0","1","0","0","0","Q3 evidence tree file; previously unstaged because Git metadata staging was blocked."
"catalog/scale/g8_q3_batch_repair/CUMCM-1996-A-006/pages/0001.txt","INCLUDE","1","0","1","0","0","0","Q3 evidence tree file; previously unstaged because Git metadata staging was blocked."
"catalog/scale/g8_q3_batch_repair/CUMCM-1996-A-006/pages/0002.txt","INCLUDE","1","0","1","0","0","0","Q3 evidence tree file; previously unstaged because Git metadata staging was blocked."
"catalog/scale/g8_q3_batch_repair/CUMCM-1996-A-006/pages/0003.txt","INCLUDE","1","0","1","0","0","0","Q3 evidence tree file; previously unstaged because Git metadata staging was blocked."
"catalog/scale/g8_q3_batch_repair/CUMCM-1996-A-006/pages/0004.txt","INCLUDE","1","0","1","0","0","0","Q3 evidence tree file; previously unstaged because Git metadata staging was blocked."
"catalog/scale/g8_q3_batch_repair/CUMCM-1996-A-006/pages/0005.txt","INCLUDE","1","0","1","0","0","0","Q3 evidence tree file; previously unstaged because Git metadata staging was blocked."
"catalog/scale/g8_q3_batch_repair/CUMCM-1996-A-006/pages/0006.txt","INCLUDE","1","0","1","0","0","0","Q3 evidence tree file; previously unstaged because Git metadata staging was blocked."
"catalog/scale/g8_q3_batch_repair/CUMCM-1996-A-006/provenance.json","INCLUDE","1","0","1","0","0","0","Q3 evidence tree file; previously unstaged because Git metadata staging was blocked."
"catalog/scale/g8_q3_batch_repair/CUMCM-1996-A-006/quality.json","INCLUDE","1","0","1","0","0","0","Q3 evidence tree file; previously unstaged because Git metadata staging was blocked."
"catalog/scale/g8_q3_batch_repair/CUMCM-1996-A-007/manifest.json","INCLUDE","1","0","1","0","0","0","Q3 evidence tree file; previously unstaged because Git metadata staging was blocked."
"catalog/scale/g8_q3_batch_repair/CUMCM-1996-A-007/normalized_body.txt","INCLUDE","1","0","1","0","0","0","Q3 evidence tree file; previously unstaged because Git metadata staging was blocked."
"catalog/scale/g8_q3_batch_repair/CUMCM-1996-A-007/pages/0001.txt","INCLUDE","1","0","1","0","0","0","Q3 evidence tree file; previously unstaged because Git metadata staging was blocked."
"catalog/scale/g8_q3_batch_repair/CUMCM-1996-A-007/pages/0002.txt","INCLUDE","1","0","1","0","0","0","Q3 evidence tree file; previously unstaged because Git metadata staging was blocked."
"catalog/scale/g8_q3_batch_repair/CUMCM-1996-A-007/pages/0003.txt","INCLUDE","1","0","1","0","0","0","Q3 evidence tree file; previously unstaged because Git metadata staging was blocked."
"catalog/scale/g8_q3_batch_repair/CUMCM-1996-A-007/provenance.json","INCLUDE","1","0","1","0","0","0","Q3 evidence tree file; previously unstaged because Git metadata staging was blocked."
"catalog/scale/g8_q3_batch_repair/CUMCM-1996-A-007/quality.json","INCLUDE","1","0","1","0","0","0","Q3 evidence tree file; previously unstaged because Git metadata staging was blocked."
"catalog/scale/g8_q3_batch_repair/CUMCM-1996-A-008/manifest.json","INCLUDE","1","0","1","0","0","0","Q3 evidence tree file; previously unstaged because Git metadata staging was blocked."
"catalog/scale/g8_q3_batch_repair/CUMCM-1996-A-008/normalized_body.txt","INCLUDE","1","0","1","0","0","0","Q3 evidence tree file; previously unstaged because Git metadata staging was blocked."
"catalog/scale/g8_q3_batch_repair/CUMCM-1996-A-008/pages/0001.txt","INCLUDE","1","0","1","0","0","0","Q3 evidence tree file; previously unstaged because Git metadata staging was blocked."
"catalog/scale/g8_q3_batch_repair/CUMCM-1996-A-008/pages/0002.txt","INCLUDE","1","0","1","0","0","0","Q3 evidence tree file; previously unstaged because Git metadata staging was blocked."
"catalog/scale/g8_q3_batch_repair/CUMCM-1996-A-008/pages/0003.txt","INCLUDE","1","0","1","0","0","0","Q3 evidence tree file; previously unstaged because Git metadata staging was blocked."
"catalog/scale/g8_q3_batch_repair/CUMCM-1996-A-008/pages/0004.txt","INCLUDE","1","0","1","0","0","0","Q3 evidence tree file; previously unstaged because Git metadata staging was blocked."
"catalog/scale/g8_q3_batch_repair/CUMCM-1996-A-008/provenance.json","INCLUDE","1","0","1","0","0","0","Q3 evidence tree file; previously unstaged because Git metadata staging was blocked."
"catalog/scale/g8_q3_batch_repair/CUMCM-1996-A-008/quality.json","INCLUDE","1","0","1","0","0","0","Q3 evidence tree file; previously unstaged because Git metadata staging was blocked."
"catalog/scale/g8_q3_batch_repair/CUMCM-1996-B-002/manifest.json","INCLUDE","1","0","1","0","0","0","Q3 evidence tree file; previously unstaged because Git metadata staging was blocked."
"catalog/scale/g8_q3_batch_repair/CUMCM-1996-B-002/normalized_body.txt","INCLUDE","1","0","1","0","0","0","Q3 evidence tree file; previously unstaged because Git metadata staging was blocked."
"catalog/scale/g8_q3_batch_repair/CUMCM-1996-B-002/pages/0001.txt","INCLUDE","1","0","1","0","0","0","Q3 evidence tree file; previously unstaged because Git metadata staging was blocked."
"catalog/scale/g8_q3_batch_repair/CUMCM-1996-B-002/pages/0002.txt","INCLUDE","1","0","1","0","0","0","Q3 evidence tree file; previously unstaged because Git metadata staging was blocked."
"catalog/scale/g8_q3_batch_repair/CUMCM-1996-B-002/pages/0003.txt","INCLUDE","1","0","1","0","0","0","Q3 evidence tree file; previously unstaged because Git metadata staging was blocked."
"catalog/scale/g8_q3_batch_repair/CUMCM-1996-B-002/pages/0004.txt","INCLUDE","1","0","1","0","0","0","Q3 evidence tree file; previously unstaged because Git metadata staging was blocked."
"catalog/scale/g8_q3_batch_repair/CUMCM-1996-B-002/pages/0005.txt","INCLUDE","1","0","1","0","0","0","Q3 evidence tree file; previously unstaged because Git metadata staging was blocked."
"catalog/scale/g8_q3_batch_repair/CUMCM-1996-B-002/provenance.json","INCLUDE","1","0","1","0","0","0","Q3 evidence tree file; previously unstaged because Git metadata staging was blocked."
"catalog/scale/g8_q3_batch_repair/CUMCM-1996-B-002/quality.json","INCLUDE","1","0","1","0","0","0","Q3 evidence tree file; previously unstaged because Git metadata staging was blocked."
"catalog/scale/g8_q3_batch_repair/CUMCM-1996-B-004/manifest.json","INCLUDE","1","0","1","0","0","0","Q3 evidence tree file; previously unstaged because Git metadata staging was blocked."
"catalog/scale/g8_q3_batch_repair/CUMCM-1996-B-004/normalized_body.txt","INCLUDE","1","0","1","0","0","0","Q3 evidence tree file; previously unstaged because Git metadata staging was blocked."
"catalog/scale/g8_q3_batch_repair/CUMCM-1996-B-004/pages/0001.txt","INCLUDE","1","0","1","0","0","0","Q3 evidence tree file; previously unstaged because Git metadata staging was blocked."
"catalog/scale/g8_q3_batch_repair/CUMCM-1996-B-004/pages/0002.txt","INCLUDE","1","0","1","0","0","0","Q3 evidence tree file; previously unstaged because Git metadata staging was blocked."
"catalog/scale/g8_q3_batch_repair/CUMCM-1996-B-004/pages/0003.txt","INCLUDE","1","0","1","0","0","0","Q3 evidence tree file; previously unstaged because Git metadata staging was blocked."
"catalog/scale/g8_q3_batch_repair/CUMCM-1996-B-004/pages/0004.txt","INCLUDE","1","0","1","0","0","0","Q3 evidence tree file; previously unstaged because Git metadata staging was blocked."
"catalog/scale/g8_q3_batch_repair/CUMCM-1996-B-004/pages/0005.txt","INCLUDE","1","0","1","0","0","0","Q3 evidence tree file; previously unstaged because Git metadata staging was blocked."
"catalog/scale/g8_q3_batch_repair/CUMCM-1996-B-004/provenance.json","INCLUDE","1","0","1","0","0","0","Q3 evidence tree file; previously unstaged because Git metadata staging was blocked."
"catalog/scale/g8_q3_batch_repair/CUMCM-1996-B-004/quality.json","INCLUDE","1","0","1","0","0","0","Q3 evidence tree file; previously unstaged because Git metadata staging was blocked."
"catalog/scale/g8_q3_batch_repair/CUMCM-1997-A-001/manifest.json","INCLUDE","1","0","1","0","0","0","Q3 evidence tree file; previously unstaged because Git metadata staging was blocked."
"catalog/scale/g8_q3_batch_repair/CUMCM-1997-A-001/normalized_body.txt","INCLUDE","1","0","1","0","0","0","Q3 evidence tree file; previously unstaged because Git metadata staging was blocked."
"catalog/scale/g8_q3_batch_repair/CUMCM-1997-A-001/pages/0001.txt","INCLUDE","1","0","1","0","0","0","Q3 evidence tree file; previously unstaged because Git metadata staging was blocked."
"catalog/scale/g8_q3_batch_repair/CUMCM-1997-A-001/pages/0002.txt","INCLUDE","1","0","1","0","0","0","Q3 evidence tree file; previously unstaged because Git metadata staging was blocked."
"catalog/scale/g8_q3_batch_repair/CUMCM-1997-A-001/pages/0003.txt","INCLUDE","1","0","1","0","0","0","Q3 evidence tree file; previously unstaged because Git metadata staging was blocked."
"catalog/scale/g8_q3_batch_repair/CUMCM-1997-A-001/pages/0004.txt","INCLUDE","1","0","1","0","0","0","Q3 evidence tree file; previously unstaged because Git metadata staging was blocked."
"catalog/scale/g8_q3_batch_repair/CUMCM-1997-A-001/provenance.json","INCLUDE","1","0","1","0","0","0","Q3 evidence tree file; previously unstaged because Git metadata staging was blocked."
"catalog/scale/g8_q3_batch_repair/CUMCM-1997-A-001/quality.json","INCLUDE","1","0","1","0","0","0","Q3 evidence tree file; previously unstaged because Git metadata staging was blocked."
"catalog/scale/g8_q3_batch_repair/CUMCM-1997-A-002/manifest.json","INCLUDE","1","0","1","0","0","0","Q3 evidence tree file; previously unstaged because Git metadata staging was blocked."
"catalog/scale/g8_q3_batch_repair/CUMCM-1997-A-002/normalized_body.txt","INCLUDE","1","0","1","0","0","0","Q3 evidence tree file; previously unstaged because Git metadata staging was blocked."
"catalog/scale/g8_q3_batch_repair/CUMCM-1997-A-002/pages/0001.txt","INCLUDE","1","0","1","0","0","0","Q3 evidence tree file; previously unstaged because Git metadata staging was blocked."
"catalog/scale/g8_q3_batch_repair/CUMCM-1997-A-002/pages/0002.txt","INCLUDE","1","0","1","0","0","0","Q3 evidence tree file; previously unstaged because Git metadata staging was blocked."
"catalog/scale/g8_q3_batch_repair/CUMCM-1997-A-002/pages/0003.txt","INCLUDE","1","0","1","0","0","0","Q3 evidence tree file; previously unstaged because Git metadata staging was blocked."
"catalog/scale/g8_q3_batch_repair/CUMCM-1997-A-002/pages/0004.txt","INCLUDE","1","0","1","0","0","0","Q3 evidence tree file; previously unstaged because Git metadata staging was blocked."
"catalog/scale/g8_q3_batch_repair/CUMCM-1997-A-002/pages/0005.txt","INCLUDE","1","0","1","0","0","0","Q3 evidence tree file; previously unstaged because Git metadata staging was blocked."
"catalog/scale/g8_q3_batch_repair/CUMCM-1997-A-002/provenance.json","INCLUDE","1","0","1","0","0","0","Q3 evidence tree file; previously unstaged because Git metadata staging was blocked."
"catalog/scale/g8_q3_batch_repair/CUMCM-1997-A-002/quality.json","INCLUDE","1","0","1","0","0","0","Q3 evidence tree file; previously unstaged because Git metadata staging was blocked."
"catalog/scale/g8_q3_batch_repair/CUMCM-1997-A-003/manifest.json","INCLUDE","1","0","1","0","0","0","Q3 evidence tree file; previously unstaged because Git metadata staging was blocked."
"catalog/scale/g8_q3_batch_repair/CUMCM-1997-A-003/normalized_body.txt","INCLUDE","1","0","1","0","0","0","Q3 evidence tree file; previously unstaged because Git metadata staging was blocked."
"catalog/scale/g8_q3_batch_repair/CUMCM-1997-A-003/pages/0001.txt","INCLUDE","1","0","1","0","0","0","Q3 evidence tree file; previously unstaged because Git metadata staging was blocked."
"catalog/scale/g8_q3_batch_repair/CUMCM-1997-A-003/pages/0002.txt","INCLUDE","1","0","1","0","0","0","Q3 evidence tree file; previously unstaged because Git metadata staging was blocked."
"catalog/scale/g8_q3_batch_repair/CUMCM-1997-A-003/pages/0003.txt","INCLUDE","1","0","1","0","0","0","Q3 evidence tree file; previously unstaged because Git metadata staging was blocked."
"catalog/scale/g8_q3_batch_repair/CUMCM-1997-A-003/pages/0004.txt","INCLUDE","1","0","1","0","0","0","Q3 evidence tree file; previously unstaged because Git metadata staging was blocked."
"catalog/scale/g8_q3_batch_repair/CUMCM-1997-A-003/pages/0005.txt","INCLUDE","1","0","1","0","0","0","Q3 evidence tree file; previously unstaged because Git metadata staging was blocked."
"catalog/scale/g8_q3_batch_repair/CUMCM-1997-A-003/provenance.json","INCLUDE","1","0","1","0","0","0","Q3 evidence tree file; previously unstaged because Git metadata staging was blocked."
"catalog/scale/g8_q3_batch_repair/CUMCM-1997-A-003/quality.json","INCLUDE","1","0","1","0","0","0","Q3 evidence tree file; previously unstaged because Git metadata staging was blocked."
"catalog/scale/g8_q3_batch_repair/CUMCM-1997-A-004/manifest.json","INCLUDE","1","0","1","0","0","0","Q3 evidence tree file; previously unstaged because Git metadata staging was blocked."
"catalog/scale/g8_q3_batch_repair/CUMCM-1997-A-004/normalized_body.txt","INCLUDE","1","0","1","0","0","0","Q3 evidence tree file; previously unstaged because Git metadata staging was blocked."
"catalog/scale/g8_q3_batch_repair/CUMCM-1997-A-004/pages/0001.txt","INCLUDE","1","0","1","0","0","0","Q3 evidence tree file; previously unstaged because Git metadata staging was blocked."
"catalog/scale/g8_q3_batch_repair/CUMCM-1997-A-004/pages/0002.txt","INCLUDE","1","0","1","0","0","0","Q3 evidence tree file; previously unstaged because Git metadata staging was blocked."
"catalog/scale/g8_q3_batch_repair/CUMCM-1997-A-004/pages/0003.txt","INCLUDE","1","0","1","0","0","0","Q3 evidence tree file; previously unstaged because Git metadata staging was blocked."
"catalog/scale/g8_q3_batch_repair/CUMCM-1997-A-004/pages/0004.txt","INCLUDE","1","0","1","0","0","0","Q3 evidence tree file; previously unstaged because Git metadata staging was blocked."
"catalog/scale/g8_q3_batch_repair/CUMCM-1997-A-004/pages/0005.txt","INCLUDE","1","0","1","0","0","0","Q3 evidence tree file; previously unstaged because Git metadata staging was blocked."
"catalog/scale/g8_q3_batch_repair/CUMCM-1997-A-004/pages/0006.txt","INCLUDE","1","0","1","0","0","0","Q3 evidence tree file; previously unstaged because Git metadata staging was blocked."
"catalog/scale/g8_q3_batch_repair/CUMCM-1997-A-004/provenance.json","INCLUDE","1","0","1","0","0","0","Q3 evidence tree file; previously unstaged because Git metadata staging was blocked."
"catalog/scale/g8_q3_batch_repair/CUMCM-1997-A-004/quality.json","INCLUDE","1","0","1","0","0","0","Q3 evidence tree file; previously unstaged because Git metadata staging was blocked."
"catalog/scale/g8_q3_batch_repair/CUMCM-1997-A-005/manifest.json","INCLUDE","1","0","1","0","0","0","Q3 evidence tree file; previously unstaged because Git metadata staging was blocked."
"catalog/scale/g8_q3_batch_repair/CUMCM-1997-A-005/normalized_body.txt","INCLUDE","1","0","1","0","0","0","Q3 evidence tree file; previously unstaged because Git metadata staging was blocked."
"catalog/scale/g8_q3_batch_repair/CUMCM-1997-A-005/pages/0001.txt","INCLUDE","1","0","1","0","0","0","Q3 evidence tree file; previously unstaged because Git metadata staging was blocked."
"catalog/scale/g8_q3_batch_repair/CUMCM-1997-A-005/pages/0002.txt","INCLUDE","1","0","1","0","0","0","Q3 evidence tree file; previously unstaged because Git metadata staging was blocked."
"catalog/scale/g8_q3_batch_repair/CUMCM-1997-A-005/pages/0003.txt","INCLUDE","1","0","1","0","0","0","Q3 evidence tree file; previously unstaged because Git metadata staging was blocked."
"catalog/scale/g8_q3_batch_repair/CUMCM-1997-A-005/pages/0004.txt","INCLUDE","1","0","1","0","0","0","Q3 evidence tree file; previously unstaged because Git metadata staging was blocked."
"catalog/scale/g8_q3_batch_repair/CUMCM-1997-A-005/pages/0005.txt","INCLUDE","1","0","1","0","0","0","Q3 evidence tree file; previously unstaged because Git metadata staging was blocked."
"catalog/scale/g8_q3_batch_repair/CUMCM-1997-A-005/pages/0006.txt","INCLUDE","1","0","1","0","0","0","Q3 evidence tree file; previously unstaged because Git metadata staging was blocked."
"catalog/scale/g8_q3_batch_repair/CUMCM-1997-A-005/pages/0007.txt","INCLUDE","1","0","1","0","0","0","Q3 evidence tree file; previously unstaged because Git metadata staging was blocked."
"catalog/scale/g8_q3_batch_repair/CUMCM-1997-A-005/pages/0008.txt","INCLUDE","1","0","1","0","0","0","Q3 evidence tree file; previously unstaged because Git metadata staging was blocked."
"catalog/scale/g8_q3_batch_repair/CUMCM-1997-A-005/provenance.json","INCLUDE","1","0","1","0","0","0","Q3 evidence tree file; previously unstaged because Git metadata staging was blocked."
"catalog/scale/g8_q3_batch_repair/CUMCM-1997-A-005/quality.json","INCLUDE","1","0","1","0","0","0","Q3 evidence tree file; previously unstaged because Git metadata staging was blocked."
"catalog/scale/g8_q3_batch_repair/CUMCM-1997-A-006/manifest.json","INCLUDE","1","0","1","0","0","0","Q3 evidence tree file; previously unstaged because Git metadata staging was blocked."
"catalog/scale/g8_q3_batch_repair/CUMCM-1997-A-006/normalized_body.txt","INCLUDE","1","0","1","0","0","0","Q3 evidence tree file; previously unstaged because Git metadata staging was blocked."
"catalog/scale/g8_q3_batch_repair/CUMCM-1997-A-006/pages/0001.txt","INCLUDE","1","0","1","0","0","0","Q3 evidence tree file; previously unstaged because Git metadata staging was blocked."
"catalog/scale/g8_q3_batch_repair/CUMCM-1997-A-006/pages/0002.txt","INCLUDE","1","0","1","0","0","0","Q3 evidence tree file; previously unstaged because Git metadata staging was blocked."
"catalog/scale/g8_q3_batch_repair/CUMCM-1997-A-006/pages/0003.txt","INCLUDE","1","0","1","0","0","0","Q3 evidence tree file; previously unstaged because Git metadata staging was blocked."
"catalog/scale/g8_q3_batch_repair/CUMCM-1997-A-006/pages/0004.txt","INCLUDE","1","0","1","0","0","0","Q3 evidence tree file; previously unstaged because Git metadata staging was blocked."
"catalog/scale/g8_q3_batch_repair/CUMCM-1997-A-006/provenance.json","INCLUDE","1","0","1","0","0","0","Q3 evidence tree file; previously unstaged because Git metadata staging was blocked."
"catalog/scale/g8_q3_batch_repair/CUMCM-1997-A-006/quality.json","INCLUDE","1","0","1","0","0","0","Q3 evidence tree file; previously unstaged because Git metadata staging was blocked."
"catalog/scale/g8_q3_batch_repair/CUMCM-1997-A-007/manifest.json","INCLUDE","1","0","1","0","0","0","Q3 evidence tree file; previously unstaged because Git metadata staging was blocked."
"catalog/scale/g8_q3_batch_repair/CUMCM-1997-A-007/normalized_body.txt","INCLUDE","1","0","1","0","0","0","Q3 evidence tree file; previously unstaged because Git metadata staging was blocked."
"catalog/scale/g8_q3_batch_repair/CUMCM-1997-A-007/pages/0001.txt","INCLUDE","1","0","1","0","0","0","Q3 evidence tree file; previously unstaged because Git metadata staging was blocked."
"catalog/scale/g8_q3_batch_repair/CUMCM-1997-A-007/pages/0002.txt","INCLUDE","1","0","1","0","0","0","Q3 evidence tree file; previously unstaged because Git metadata staging was blocked."
"catalog/scale/g8_q3_batch_repair/CUMCM-1997-A-007/pages/0003.txt","INCLUDE","1","0","1","0","0","0","Q3 evidence tree file; previously unstaged because Git metadata staging was blocked."
"catalog/scale/g8_q3_batch_repair/CUMCM-1997-A-007/pages/0004.txt","INCLUDE","1","0","1","0","0","0","Q3 evidence tree file; previously unstaged because Git metadata staging was blocked."
"catalog/scale/g8_q3_batch_repair/CUMCM-1997-A-007/provenance.json","INCLUDE","1","0","1","0","0","0","Q3 evidence tree file; previously unstaged because Git metadata staging was blocked."
"catalog/scale/g8_q3_batch_repair/CUMCM-1997-A-007/quality.json","INCLUDE","1","0","1","0","0","0","Q3 evidence tree file; previously unstaged because Git metadata staging was blocked."
"catalog/scale/g8_q3_batch_repair/CUMCM-1997-B-001/manifest.json","INCLUDE","1","0","1","0","0","0","Q3 evidence tree file; previously unstaged because Git metadata staging was blocked."
"catalog/scale/g8_q3_batch_repair/CUMCM-1997-B-001/normalized_body.txt","INCLUDE","1","0","1","0","0","0","Q3 evidence tree file; previously unstaged because Git metadata staging was blocked."
"catalog/scale/g8_q3_batch_repair/CUMCM-1997-B-001/pages/0001.txt","INCLUDE","1","0","1","0","0","0","Q3 evidence tree file; previously unstaged because Git metadata staging was blocked."
"catalog/scale/g8_q3_batch_repair/CUMCM-1997-B-001/pages/0002.txt","INCLUDE","1","0","1","0","0","0","Q3 evidence tree file; previously unstaged because Git metadata staging was blocked."
"catalog/scale/g8_q3_batch_repair/CUMCM-1997-B-001/pages/0003.txt","INCLUDE","1","0","1","0","0","0","Q3 evidence tree file; previously unstaged because Git metadata staging was blocked."
"catalog/scale/g8_q3_batch_repair/CUMCM-1997-B-001/provenance.json","INCLUDE","1","0","1","0","0","0","Q3 evidence tree file; previously unstaged because Git metadata staging was blocked."
"catalog/scale/g8_q3_batch_repair/CUMCM-1997-B-001/quality.json","INCLUDE","1","0","1","0","0","0","Q3 evidence tree file; previously unstaged because Git metadata staging was blocked."
"catalog/scale/g8_q3_batch_repair/CUMCM-1997-B-002/manifest.json","INCLUDE","1","0","1","0","0","0","Q3 evidence tree file; previously unstaged because Git metadata staging was blocked."
"catalog/scale/g8_q3_batch_repair/CUMCM-1997-B-002/normalized_body.txt","INCLUDE","1","0","1","0","0","0","Q3 evidence tree file; previously unstaged because Git metadata staging was blocked."
"catalog/scale/g8_q3_batch_repair/CUMCM-1997-B-002/pages/0001.txt","INCLUDE","1","0","1","0","0","0","Q3 evidence tree file; previously unstaged because Git metadata staging was blocked."
"catalog/scale/g8_q3_batch_repair/CUMCM-1997-B-002/pages/0002.txt","INCLUDE","1","0","1","0","0","0","Q3 evidence tree file; previously unstaged because Git metadata staging was blocked."
"catalog/scale/g8_q3_batch_repair/CUMCM-1997-B-002/pages/0003.txt","INCLUDE","1","0","1","0","0","0","Q3 evidence tree file; previously unstaged because Git metadata staging was blocked."
"catalog/scale/g8_q3_batch_repair/CUMCM-1997-B-002/pages/0004.txt","INCLUDE","1","0","1","0","0","0","Q3 evidence tree file; previously unstaged because Git metadata staging was blocked."
"catalog/scale/g8_q3_batch_repair/CUMCM-1997-B-002/pages/0005.txt","INCLUDE","1","0","1","0","0","0","Q3 evidence tree file; previously unstaged because Git metadata staging was blocked."
"catalog/scale/g8_q3_batch_repair/CUMCM-1997-B-002/pages/0006.txt","INCLUDE","1","0","1","0","0","0","Q3 evidence tree file; previously unstaged because Git metadata staging was blocked."
"catalog/scale/g8_q3_batch_repair/CUMCM-1997-B-002/provenance.json","INCLUDE","1","0","1","0","0","0","Q3 evidence tree file; previously unstaged because Git metadata staging was blocked."
"catalog/scale/g8_q3_batch_repair/CUMCM-1997-B-002/quality.json","INCLUDE","1","0","1","0","0","0","Q3 evidence tree file; previously unstaged because Git metadata staging was blocked."
"catalog/scale/g8_q3_batch_repair/CUMCM-1997-B-003/manifest.json","INCLUDE","1","0","1","0","0","0","Q3 evidence tree file; previously unstaged because Git metadata staging was blocked."
"catalog/scale/g8_q3_batch_repair/CUMCM-1997-B-003/normalized_body.txt","INCLUDE","1","0","1","0","0","0","Q3 evidence tree file; previously unstaged because Git metadata staging was blocked."
"catalog/scale/g8_q3_batch_repair/CUMCM-1997-B-003/pages/0001.txt","INCLUDE","1","0","1","0","0","0","Q3 evidence tree file; previously unstaged because Git metadata staging was blocked."
"catalog/scale/g8_q3_batch_repair/CUMCM-1997-B-003/pages/0002.txt","INCLUDE","1","0","1","0","0","0","Q3 evidence tree file; previously unstaged because Git metadata staging was blocked."
"catalog/scale/g8_q3_batch_repair/CUMCM-1997-B-003/pages/0003.txt","INCLUDE","1","0","1","0","0","0","Q3 evidence tree file; previously unstaged because Git metadata staging was blocked."
"catalog/scale/g8_q3_batch_repair/CUMCM-1997-B-003/pages/0004.txt","INCLUDE","1","0","1","0","0","0","Q3 evidence tree file; previously unstaged because Git metadata staging was blocked."
"catalog/scale/g8_q3_batch_repair/CUMCM-1997-B-003/pages/0005.txt","INCLUDE","1","0","1","0","0","0","Q3 evidence tree file; previously unstaged because Git metadata staging was blocked."
"catalog/scale/g8_q3_batch_repair/CUMCM-1997-B-003/pages/0006.txt","INCLUDE","1","0","1","0","0","0","Q3 evidence tree file; previously unstaged because Git metadata staging was blocked."
"catalog/scale/g8_q3_batch_repair/CUMCM-1997-B-003/provenance.json","INCLUDE","1","0","1","0","0","0","Q3 evidence tree file; previously unstaged because Git metadata staging was blocked."
"catalog/scale/g8_q3_batch_repair/CUMCM-1997-B-003/quality.json","INCLUDE","1","0","1","0","0","0","Q3 evidence tree file; previously unstaged because Git metadata staging was blocked."
"catalog/scale/g8_q3_batch_repair/CUMCM-1997-B-005/manifest.json","INCLUDE","1","0","1","0","0","0","Q3 evidence tree file; previously unstaged because Git metadata staging was blocked."
"catalog/scale/g8_q3_batch_repair/CUMCM-1997-B-005/normalized_body.txt","INCLUDE","1","0","1","0","0","0","Q3 evidence tree file; previously unstaged because Git metadata staging was blocked."
"catalog/scale/g8_q3_batch_repair/CUMCM-1997-B-005/pages/0001.txt","INCLUDE","1","0","1","0","0","0","Q3 evidence tree file; previously unstaged because Git metadata staging was blocked."
"catalog/scale/g8_q3_batch_repair/CUMCM-1997-B-005/pages/0002.txt","INCLUDE","1","0","1","0","0","0","Q3 evidence tree file; previously unstaged because Git metadata staging was blocked."
"catalog/scale/g8_q3_batch_repair/CUMCM-1997-B-005/pages/0003.txt","INCLUDE","1","0","1","0","0","0","Q3 evidence tree file; previously unstaged because Git metadata staging was blocked."
"catalog/scale/g8_q3_batch_repair/CUMCM-1997-B-005/pages/0004.txt","INCLUDE","1","0","1","0","0","0","Q3 evidence tree file; previously unstaged because Git metadata staging was blocked."
"catalog/scale/g8_q3_batch_repair/CUMCM-1997-B-005/pages/0005.txt","INCLUDE","1","0","1","0","0","0","Q3 evidence tree file; previously unstaged because Git metadata staging was blocked."
"catalog/scale/g8_q3_batch_repair/CUMCM-1997-B-005/provenance.json","INCLUDE","1","0","1","0","0","0","Q3 evidence tree file; previously unstaged because Git metadata staging was blocked."
"catalog/scale/g8_q3_batch_repair/CUMCM-1997-B-005/quality.json","INCLUDE","1","0","1","0","0","0","Q3 evidence tree file; previously unstaged because Git metadata staging was blocked."
"catalog/scale/g8_q3_batch_repair/CUMCM-1997-B-006/manifest.json","INCLUDE","1","0","1","0","0","0","Q3 evidence tree file; previously unstaged because Git metadata staging was blocked."
"catalog/scale/g8_q3_batch_repair/CUMCM-1997-B-006/normalized_body.txt","INCLUDE","1","0","1","0","0","0","Q3 evidence tree file; previously unstaged because Git metadata staging was blocked."
"catalog/scale/g8_q3_batch_repair/CUMCM-1997-B-006/pages/0001.txt","INCLUDE","1","0","1","0","0","0","Q3 evidence tree file; previously unstaged because Git metadata staging was blocked."
"catalog/scale/g8_q3_batch_repair/CUMCM-1997-B-006/pages/0002.txt","INCLUDE","1","0","1","0","0","0","Q3 evidence tree file; previously unstaged because Git metadata staging was blocked."
"catalog/scale/g8_q3_batch_repair/CUMCM-1997-B-006/pages/0003.txt","INCLUDE","1","0","1","0","0","0","Q3 evidence tree file; previously unstaged because Git metadata staging was blocked."
"catalog/scale/g8_q3_batch_repair/CUMCM-1997-B-006/pages/0004.txt","INCLUDE","1","0","1","0","0","0","Q3 evidence tree file; previously unstaged because Git metadata staging was blocked."
"catalog/scale/g8_q3_batch_repair/CUMCM-1997-B-006/pages/0005.txt","INCLUDE","1","0","1","0","0","0","Q3 evidence tree file; previously unstaged because Git metadata staging was blocked."
"catalog/scale/g8_q3_batch_repair/CUMCM-1997-B-006/pages/0006.txt","INCLUDE","1","0","1","0","0","0","Q3 evidence tree file; previously unstaged because Git metadata staging was blocked."
"catalog/scale/g8_q3_batch_repair/CUMCM-1997-B-006/pages/0007.txt","INCLUDE","1","0","1","0","0","0","Q3 evidence tree file; previously unstaged because Git metadata staging was blocked."
"catalog/scale/g8_q3_batch_repair/CUMCM-1997-B-006/provenance.json","INCLUDE","1","0","1","0","0","0","Q3 evidence tree file; previously unstaged because Git metadata staging was blocked."
"catalog/scale/g8_q3_batch_repair/CUMCM-1997-B-006/quality.json","INCLUDE","1","0","1","0","0","0","Q3 evidence tree file; previously unstaged because Git metadata staging was blocked."
"catalog/scale/g8_q3_batch_repair/CUMCM-1998-A-002/manifest.json","INCLUDE","1","0","1","0","0","0","Q3 evidence tree file; previously unstaged because Git metadata staging was blocked."
"catalog/scale/g8_q3_batch_repair/CUMCM-1998-A-002/normalized_body.txt","INCLUDE","1","0","1","0","0","0","Q3 evidence tree file; previously unstaged because Git metadata staging was blocked."
"catalog/scale/g8_q3_batch_repair/CUMCM-1998-A-002/pages/0001.txt","INCLUDE","1","0","1","0","0","0","Q3 evidence tree file; previously unstaged because Git metadata staging was blocked."
"catalog/scale/g8_q3_batch_repair/CUMCM-1998-A-002/pages/0002.txt","INCLUDE","1","0","1","0","0","0","Q3 evidence tree file; previously unstaged because Git metadata staging was blocked."
"catalog/scale/g8_q3_batch_repair/CUMCM-1998-A-002/pages/0003.txt","INCLUDE","1","0","1","0","0","0","Q3 evidence tree file; previously unstaged because Git metadata staging was blocked."
"catalog/scale/g8_q3_batch_repair/CUMCM-1998-A-002/pages/0004.txt","INCLUDE","1","0","1","0","0","0","Q3 evidence tree file; previously unstaged because Git metadata staging was blocked."
"catalog/scale/g8_q3_batch_repair/CUMCM-1998-A-002/pages/0005.txt","INCLUDE","1","0","1","0","0","0","Q3 evidence tree file; previously unstaged because Git metadata staging was blocked."
"catalog/scale/g8_q3_batch_repair/CUMCM-1998-A-002/pages/0006.txt","INCLUDE","1","0","1","0","0","0","Q3 evidence tree file; previously unstaged because Git metadata staging was blocked."
"catalog/scale/g8_q3_batch_repair/CUMCM-1998-A-002/pages/0007.txt","INCLUDE","1","0","1","0","0","0","Q3 evidence tree file; previously unstaged because Git metadata staging was blocked."
"catalog/scale/g8_q3_batch_repair/CUMCM-1998-A-002/pages/0008.txt","INCLUDE","1","0","1","0","0","0","Q3 evidence tree file; previously unstaged because Git metadata staging was blocked."
"catalog/scale/g8_q3_batch_repair/CUMCM-1998-A-002/provenance.json","INCLUDE","1","0","1","0","0","0","Q3 evidence tree file; previously unstaged because Git metadata staging was blocked."
"catalog/scale/g8_q3_batch_repair/CUMCM-1998-A-002/quality.json","INCLUDE","1","0","1","0","0","0","Q3 evidence tree file; previously unstaged because Git metadata staging was blocked."
"catalog/scale/g8_q3_batch_repair/CUMCM-1998-A-003/manifest.json","INCLUDE","1","0","1","0","0","0","Q3 evidence tree file; previously unstaged because Git metadata staging was blocked."
"catalog/scale/g8_q3_batch_repair/CUMCM-1998-A-003/normalized_body.txt","INCLUDE","1","0","1","0","0","0","Q3 evidence tree file; previously unstaged because Git metadata staging was blocked."
"catalog/scale/g8_q3_batch_repair/CUMCM-1998-A-003/pages/0001.txt","INCLUDE","1","0","1","0","0","0","Q3 evidence tree file; previously unstaged because Git metadata staging was blocked."
"catalog/scale/g8_q3_batch_repair/CUMCM-1998-A-003/pages/0002.txt","INCLUDE","1","0","1","0","0","0","Q3 evidence tree file; previously unstaged because Git metadata staging was blocked."
"catalog/scale/g8_q3_batch_repair/CUMCM-1998-A-003/pages/0003.txt","INCLUDE","1","0","1","0","0","0","Q3 evidence tree file; previously unstaged because Git metadata staging was blocked."
"catalog/scale/g8_q3_batch_repair/CUMCM-1998-A-003/pages/0004.txt","INCLUDE","1","0","1","0","0","0","Q3 evidence tree file; previously unstaged because Git metadata staging was blocked."
"catalog/scale/g8_q3_batch_repair/CUMCM-1998-A-003/pages/0005.txt","INCLUDE","1","0","1","0","0","0","Q3 evidence tree file; previously unstaged because Git metadata staging was blocked."
"catalog/scale/g8_q3_batch_repair/CUMCM-1998-A-003/pages/0006.txt","INCLUDE","1","0","1","0","0","0","Q3 evidence tree file; previously unstaged because Git metadata staging was blocked."
"catalog/scale/g8_q3_batch_repair/CUMCM-1998-A-003/provenance.json","INCLUDE","1","0","1","0","0","0","Q3 evidence tree file; previously unstaged because Git metadata staging was blocked."
"catalog/scale/g8_q3_batch_repair/CUMCM-1998-A-003/quality.json","INCLUDE","1","0","1","0","0","0","Q3 evidence tree file; previously unstaged because Git metadata staging was blocked."
"catalog/scale/g8_q3_batch_repair/CUMCM-1998-A-004/manifest.json","INCLUDE","1","0","1","0","0","0","Q3 evidence tree file; previously unstaged because Git metadata staging was blocked."
"catalog/scale/g8_q3_batch_repair/CUMCM-1998-A-004/normalized_body.txt","INCLUDE","1","0","1","0","0","0","Q3 evidence tree file; previously unstaged because Git metadata staging was blocked."
"catalog/scale/g8_q3_batch_repair/CUMCM-1998-A-004/pages/0001.txt","INCLUDE","1","0","1","0","0","0","Q3 evidence tree file; previously unstaged because Git metadata staging was blocked."
"catalog/scale/g8_q3_batch_repair/CUMCM-1998-A-004/pages/0002.txt","INCLUDE","1","0","1","0","0","0","Q3 evidence tree file; previously unstaged because Git metadata staging was blocked."
"catalog/scale/g8_q3_batch_repair/CUMCM-1998-A-004/pages/0003.txt","INCLUDE","1","0","1","0","0","0","Q3 evidence tree file; previously unstaged because Git metadata staging was blocked."
"catalog/scale/g8_q3_batch_repair/CUMCM-1998-A-004/pages/0004.txt","INCLUDE","1","0","1","0","0","0","Q3 evidence tree file; previously unstaged because Git metadata staging was blocked."
"catalog/scale/g8_q3_batch_repair/CUMCM-1998-A-004/pages/0005.txt","INCLUDE","1","0","1","0","0","0","Q3 evidence tree file; previously unstaged because Git metadata staging was blocked."
"catalog/scale/g8_q3_batch_repair/CUMCM-1998-A-004/pages/0006.txt","INCLUDE","1","0","1","0","0","0","Q3 evidence tree file; previously unstaged because Git metadata staging was blocked."
"catalog/scale/g8_q3_batch_repair/CUMCM-1998-A-004/provenance.json","INCLUDE","1","0","1","0","0","0","Q3 evidence tree file; previously unstaged because Git metadata staging was blocked."
"catalog/scale/g8_q3_batch_repair/CUMCM-1998-A-004/quality.json","INCLUDE","1","0","1","0","0","0","Q3 evidence tree file; previously unstaged because Git metadata staging was blocked."
"catalog/scale/g8_q3_batch_repair/CUMCM-1998-A-006/manifest.json","INCLUDE","1","0","1","0","0","0","Q3 evidence tree file; previously unstaged because Git metadata staging was blocked."
"catalog/scale/g8_q3_batch_repair/CUMCM-1998-A-006/normalized_body.txt","INCLUDE","1","0","1","0","0","0","Q3 evidence tree file; previously unstaged because Git metadata staging was blocked."
"catalog/scale/g8_q3_batch_repair/CUMCM-1998-A-006/pages/0001.txt","INCLUDE","1","0","1","0","0","0","Q3 evidence tree file; previously unstaged because Git metadata staging was blocked."
"catalog/scale/g8_q3_batch_repair/CUMCM-1998-A-006/pages/0002.txt","INCLUDE","1","0","1","0","0","0","Q3 evidence tree file; previously unstaged because Git metadata staging was blocked."
"catalog/scale/g8_q3_batch_repair/CUMCM-1998-A-006/pages/0003.txt","INCLUDE","1","0","1","0","0","0","Q3 evidence tree file; previously unstaged because Git metadata staging was blocked."
"catalog/scale/g8_q3_batch_repair/CUMCM-1998-A-006/pages/0004.txt","INCLUDE","1","0","1","0","0","0","Q3 evidence tree file; previously unstaged because Git metadata staging was blocked."
"catalog/scale/g8_q3_batch_repair/CUMCM-1998-A-006/provenance.json","INCLUDE","1","0","1","0","0","0","Q3 evidence tree file; previously unstaged because Git metadata staging was blocked."
"catalog/scale/g8_q3_batch_repair/CUMCM-1998-A-006/quality.json","INCLUDE","1","0","1","0","0","0","Q3 evidence tree file; previously unstaged because Git metadata staging was blocked."
"catalog/scale/g8_q3_batch_repair/CUMCM-1998-B-007/manifest.json","INCLUDE","1","0","1","0","0","0","Q3 evidence tree file; previously unstaged because Git metadata staging was blocked."
"catalog/scale/g8_q3_batch_repair/CUMCM-1998-B-007/normalized_body.txt","INCLUDE","1","0","1","0","0","0","Q3 evidence tree file; previously unstaged because Git metadata staging was blocked."
"catalog/scale/g8_q3_batch_repair/CUMCM-1998-B-007/pages/0001.txt","INCLUDE","1","0","1","0","0","0","Q3 evidence tree file; previously unstaged because Git metadata staging was blocked."
"catalog/scale/g8_q3_batch_repair/CUMCM-1998-B-007/pages/0002.txt","INCLUDE","1","0","1","0","0","0","Q3 evidence tree file; previously unstaged because Git metadata staging was blocked."
"catalog/scale/g8_q3_batch_repair/CUMCM-1998-B-007/pages/0003.txt","INCLUDE","1","0","1","0","0","0","Q3 evidence tree file; previously unstaged because Git metadata staging was blocked."
"catalog/scale/g8_q3_batch_repair/CUMCM-1998-B-007/pages/0004.txt","INCLUDE","1","0","1","0","0","0","Q3 evidence tree file; previously unstaged because Git metadata staging was blocked."
"catalog/scale/g8_q3_batch_repair/CUMCM-1998-B-007/pages/0005.txt","INCLUDE","1","0","1","0","0","0","Q3 evidence tree file; previously unstaged because Git metadata staging was blocked."
"catalog/scale/g8_q3_batch_repair/CUMCM-1998-B-007/pages/0006.txt","INCLUDE","1","0","1","0","0","0","Q3 evidence tree file; previously unstaged because Git metadata staging was blocked."
"catalog/scale/g8_q3_batch_repair/CUMCM-1998-B-007/pages/0007.txt","INCLUDE","1","0","1","0","0","0","Q3 evidence tree file; previously unstaged because Git metadata staging was blocked."
"catalog/scale/g8_q3_batch_repair/CUMCM-1998-B-007/pages/0008.txt","INCLUDE","1","0","1","0","0","0","Q3 evidence tree file; previously unstaged because Git metadata staging was blocked."
"catalog/scale/g8_q3_batch_repair/CUMCM-1998-B-007/provenance.json","INCLUDE","1","0","1","0","0","0","Q3 evidence tree file; previously unstaged because Git metadata staging was blocked."
"catalog/scale/g8_q3_batch_repair/CUMCM-1998-B-007/quality.json","INCLUDE","1","0","1","0","0","0","Q3 evidence tree file; previously unstaged because Git metadata staging was blocked."
"catalog/scale/g8_q3_batch_repair/CUMCM-2002-A-001/manifest.json","INCLUDE","1","0","1","0","0","0","Q3 evidence tree file; previously unstaged because Git metadata staging was blocked."
"catalog/scale/g8_q3_batch_repair/CUMCM-2002-A-001/normalized_body.txt","INCLUDE","1","0","1","0","0","0","Q3 evidence tree file; previously unstaged because Git metadata staging was blocked."
"catalog/scale/g8_q3_batch_repair/CUMCM-2002-A-001/pages/0001.txt","INCLUDE","1","0","1","0","0","0","Q3 evidence tree file; previously unstaged because Git metadata staging was blocked."
"catalog/scale/g8_q3_batch_repair/CUMCM-2002-A-001/pages/0002.txt","INCLUDE","1","0","1","0","0","0","Q3 evidence tree file; previously unstaged because Git metadata staging was blocked."
"catalog/scale/g8_q3_batch_repair/CUMCM-2002-A-001/pages/0003.txt","INCLUDE","1","0","1","0","0","0","Q3 evidence tree file; previously unstaged because Git metadata staging was blocked."
"catalog/scale/g8_q3_batch_repair/CUMCM-2002-A-001/pages/0004.txt","INCLUDE","1","0","1","0","0","0","Q3 evidence tree file; previously unstaged because Git metadata staging was blocked."
"catalog/scale/g8_q3_batch_repair/CUMCM-2002-A-001/pages/0005.txt","INCLUDE","1","0","1","0","0","0","Q3 evidence tree file; previously unstaged because Git metadata staging was blocked."
"catalog/scale/g8_q3_batch_repair/CUMCM-2002-A-001/pages/0006.txt","INCLUDE","1","0","1","0","0","0","Q3 evidence tree file; previously unstaged because Git metadata staging was blocked."
"catalog/scale/g8_q3_batch_repair/CUMCM-2002-A-001/pages/0007.txt","INCLUDE","1","0","1","0","0","0","Q3 evidence tree file; previously unstaged because Git metadata staging was blocked."
"catalog/scale/g8_q3_batch_repair/CUMCM-2002-A-001/pages/0008.txt","INCLUDE","1","0","1","0","0","0","Q3 evidence tree file; previously unstaged because Git metadata staging was blocked."
"catalog/scale/g8_q3_batch_repair/CUMCM-2002-A-001/pages/0009.txt","INCLUDE","1","0","1","0","0","0","Q3 evidence tree file; previously unstaged because Git metadata staging was blocked."
"catalog/scale/g8_q3_batch_repair/CUMCM-2002-A-001/pages/0010.txt","INCLUDE","1","0","1","0","0","0","Q3 evidence tree file; previously unstaged because Git metadata staging was blocked."
"catalog/scale/g8_q3_batch_repair/CUMCM-2002-A-001/pages/0011.txt","INCLUDE","1","0","1","0","0","0","Q3 evidence tree file; previously unstaged because Git metadata staging was blocked."
"catalog/scale/g8_q3_batch_repair/CUMCM-2002-A-001/pages/0012.txt","INCLUDE","1","0","1","0","0","0","Q3 evidence tree file; previously unstaged because Git metadata staging was blocked."
"catalog/scale/g8_q3_batch_repair/CUMCM-2002-A-001/provenance.json","INCLUDE","1","0","1","0","0","0","Q3 evidence tree file; previously unstaged because Git metadata staging was blocked."
"catalog/scale/g8_q3_batch_repair/CUMCM-2002-A-001/quality.json","INCLUDE","1","0","1","0","0","0","Q3 evidence tree file; previously unstaged because Git metadata staging was blocked."
"catalog/scale/g8_q3_batch_repair/CUMCM-2002-A-006/manifest.json","INCLUDE","1","0","1","0","0","0","Q3 evidence tree file; previously unstaged because Git metadata staging was blocked."
"catalog/scale/g8_q3_batch_repair/CUMCM-2002-A-006/normalized_body.txt","INCLUDE","1","0","1","0","0","0","Q3 evidence tree file; previously unstaged because Git metadata staging was blocked."
"catalog/scale/g8_q3_batch_repair/CUMCM-2002-A-006/pages/0001.txt","INCLUDE","1","0","1","0","0","0","Q3 evidence tree file; previously unstaged because Git metadata staging was blocked."
"catalog/scale/g8_q3_batch_repair/CUMCM-2002-A-006/pages/0002.txt","INCLUDE","1","0","1","0","0","0","Q3 evidence tree file; previously unstaged because Git metadata staging was blocked."
"catalog/scale/g8_q3_batch_repair/CUMCM-2002-A-006/pages/0003.txt","INCLUDE","1","0","1","0","0","0","Q3 evidence tree file; previously unstaged because Git metadata staging was blocked."
"catalog/scale/g8_q3_batch_repair/CUMCM-2002-A-006/pages/0004.txt","INCLUDE","1","0","1","0","0","0","Q3 evidence tree file; previously unstaged because Git metadata staging was blocked."
"catalog/scale/g8_q3_batch_repair/CUMCM-2002-A-006/pages/0005.txt","INCLUDE","1","0","1","0","0","0","Q3 evidence tree file; previously unstaged because Git metadata staging was blocked."
"catalog/scale/g8_q3_batch_repair/CUMCM-2002-A-006/pages/0006.txt","INCLUDE","1","0","1","0","0","0","Q3 evidence tree file; previously unstaged because Git metadata staging was blocked."
"catalog/scale/g8_q3_batch_repair/CUMCM-2002-A-006/pages/0007.txt","INCLUDE","1","0","1","0","0","0","Q3 evidence tree file; previously unstaged because Git metadata staging was blocked."
"catalog/scale/g8_q3_batch_repair/CUMCM-2002-A-006/pages/0008.txt","INCLUDE","1","0","1","0","0","0","Q3 evidence tree file; previously unstaged because Git metadata staging was blocked."
"catalog/scale/g8_q3_batch_repair/CUMCM-2002-A-006/pages/0009.txt","INCLUDE","1","0","1","0","0","0","Q3 evidence tree file; previously unstaged because Git metadata staging was blocked."
"catalog/scale/g8_q3_batch_repair/CUMCM-2002-A-006/pages/0010.txt","INCLUDE","1","0","1","0","0","0","Q3 evidence tree file; previously unstaged because Git metadata staging was blocked."
"catalog/scale/g8_q3_batch_repair/CUMCM-2002-A-006/provenance.json","INCLUDE","1","0","1","0","0","0","Q3 evidence tree file; previously unstaged because Git metadata staging was blocked."
"catalog/scale/g8_q3_batch_repair/CUMCM-2002-A-006/quality.json","INCLUDE","1","0","1","0","0","0","Q3 evidence tree file; previously unstaged because Git metadata staging was blocked."
"catalog/scale/g8_q3_batch_repair/CUMCM-2002-A-007/manifest.json","INCLUDE","1","0","1","0","0","0","Q3 evidence tree file; previously unstaged because Git metadata staging was blocked."
"catalog/scale/g8_q3_batch_repair/CUMCM-2002-A-007/normalized_body.txt","INCLUDE","1","0","1","0","0","0","Q3 evidence tree file; previously unstaged because Git metadata staging was blocked."
"catalog/scale/g8_q3_batch_repair/CUMCM-2002-A-007/pages/0001.txt","INCLUDE","1","0","1","0","0","0","Q3 evidence tree file; previously unstaged because Git metadata staging was blocked."
"catalog/scale/g8_q3_batch_repair/CUMCM-2002-A-007/pages/0002.txt","INCLUDE","1","0","1","0","0","0","Q3 evidence tree file; previously unstaged because Git metadata staging was blocked."
"catalog/scale/g8_q3_batch_repair/CUMCM-2002-A-007/pages/0003.txt","INCLUDE","1","0","1","0","0","0","Q3 evidence tree file; previously unstaged because Git metadata staging was blocked."
"catalog/scale/g8_q3_batch_repair/CUMCM-2002-A-007/pages/0004.txt","INCLUDE","1","0","1","0","0","0","Q3 evidence tree file; previously unstaged because Git metadata staging was blocked."
"catalog/scale/g8_q3_batch_repair/CUMCM-2002-A-007/pages/0005.txt","INCLUDE","1","0","1","0","0","0","Q3 evidence tree file; previously unstaged because Git metadata staging was blocked."
"catalog/scale/g8_q3_batch_repair/CUMCM-2002-A-007/pages/0006.txt","INCLUDE","1","0","1","0","0","0","Q3 evidence tree file; previously unstaged because Git metadata staging was blocked."
"catalog/scale/g8_q3_batch_repair/CUMCM-2002-A-007/provenance.json","INCLUDE","1","0","1","0","0","0","Q3 evidence tree file; previously unstaged because Git metadata staging was blocked."
"catalog/scale/g8_q3_batch_repair/CUMCM-2002-A-007/quality.json","INCLUDE","1","0","1","0","0","0","Q3 evidence tree file; previously unstaged because Git metadata staging was blocked."
"catalog/scale/g8_q3_batch_repair/CUMCM-2002-A-010/manifest.json","INCLUDE","1","0","1","0","0","0","Q3 evidence tree file; previously unstaged because Git metadata staging was blocked."
"catalog/scale/g8_q3_batch_repair/CUMCM-2002-A-010/normalized_body.txt","INCLUDE","1","0","1","0","0","0","Q3 evidence tree file; previously unstaged because Git metadata staging was blocked."
"catalog/scale/g8_q3_batch_repair/CUMCM-2002-A-010/pages/0001.txt","INCLUDE","1","0","1","0","0","0","Q3 evidence tree file; previously unstaged because Git metadata staging was blocked."
"catalog/scale/g8_q3_batch_repair/CUMCM-2002-A-010/pages/0002.txt","INCLUDE","1","0","1","0","0","0","Q3 evidence tree file; previously unstaged because Git metadata staging was blocked."
"catalog/scale/g8_q3_batch_repair/CUMCM-2002-A-010/pages/0003.txt","INCLUDE","1","0","1","0","0","0","Q3 evidence tree file; previously unstaged because Git metadata staging was blocked."
"catalog/scale/g8_q3_batch_repair/CUMCM-2002-A-010/provenance.json","INCLUDE","1","0","1","0","0","0","Q3 evidence tree file; previously unstaged because Git metadata staging was blocked."
"catalog/scale/g8_q3_batch_repair/CUMCM-2002-A-010/quality.json","INCLUDE","1","0","1","0","0","0","Q3 evidence tree file; previously unstaged because Git metadata staging was blocked."
"catalog/scale/g8_q3_batch_repair/CUMCM-2002-A-013/manifest.json","INCLUDE","1","0","1","0","0","0","Q3 evidence tree file; previously unstaged because Git metadata staging was blocked."
"catalog/scale/g8_q3_batch_repair/CUMCM-2002-A-013/normalized_body.txt","INCLUDE","1","0","1","0","0","0","Q3 evidence tree file; previously unstaged because Git metadata staging was blocked."
"catalog/scale/g8_q3_batch_repair/CUMCM-2002-A-013/pages/0001.txt","INCLUDE","1","0","1","0","0","0","Q3 evidence tree file; previously unstaged because Git metadata staging was blocked."
"catalog/scale/g8_q3_batch_repair/CUMCM-2002-A-013/pages/0002.txt","INCLUDE","1","0","1","0","0","0","Q3 evidence tree file; previously unstaged because Git metadata staging was blocked."
"catalog/scale/g8_q3_batch_repair/CUMCM-2002-A-013/pages/0003.txt","INCLUDE","1","0","1","0","0","0","Q3 evidence tree file; previously unstaged because Git metadata staging was blocked."
"catalog/scale/g8_q3_batch_repair/CUMCM-2002-A-013/pages/0004.txt","INCLUDE","1","0","1","0","0","0","Q3 evidence tree file; previously unstaged because Git metadata staging was blocked."
"catalog/scale/g8_q3_batch_repair/CUMCM-2002-A-013/pages/0005.txt","INCLUDE","1","0","1","0","0","0","Q3 evidence tree file; previously unstaged because Git metadata staging was blocked."
"catalog/scale/g8_q3_batch_repair/CUMCM-2002-A-013/pages/0006.txt","INCLUDE","1","0","1","0","0","0","Q3 evidence tree file; previously unstaged because Git metadata staging was blocked."
"catalog/scale/g8_q3_batch_repair/CUMCM-2002-A-013/pages/0007.txt","INCLUDE","1","0","1","0","0","0","Q3 evidence tree file; previously unstaged because Git metadata staging was blocked."
"catalog/scale/g8_q3_batch_repair/CUMCM-2002-A-013/provenance.json","INCLUDE","1","0","1","0","0","0","Q3 evidence tree file; previously unstaged because Git metadata staging was blocked."
"catalog/scale/g8_q3_batch_repair/CUMCM-2002-A-013/quality.json","INCLUDE","1","0","1","0","0","0","Q3 evidence tree file; previously unstaged because Git metadata staging was blocked."
"catalog/scale/g8_q3_batch_repair/CUMCM-2002-A-014/manifest.json","INCLUDE","1","0","1","0","0","0","Q3 evidence tree file; previously unstaged because Git metadata staging was blocked."
"catalog/scale/g8_q3_batch_repair/CUMCM-2002-A-014/normalized_body.txt","INCLUDE","1","0","1","0","0","0","Q3 evidence tree file; previously unstaged because Git metadata staging was blocked."
"catalog/scale/g8_q3_batch_repair/CUMCM-2002-A-014/pages/0001.txt","INCLUDE","1","0","1","0","0","0","Q3 evidence tree file; previously unstaged because Git metadata staging was blocked."
"catalog/scale/g8_q3_batch_repair/CUMCM-2002-A-014/pages/0002.txt","INCLUDE","1","0","1","0","0","0","Q3 evidence tree file; previously unstaged because Git metadata staging was blocked."
"catalog/scale/g8_q3_batch_repair/CUMCM-2002-A-014/pages/0003.txt","INCLUDE","1","0","1","0","0","0","Q3 evidence tree file; previously unstaged because Git metadata staging was blocked."
"catalog/scale/g8_q3_batch_repair/CUMCM-2002-A-014/pages/0004.txt","INCLUDE","1","0","1","0","0","0","Q3 evidence tree file; previously unstaged because Git metadata staging was blocked."
"catalog/scale/g8_q3_batch_repair/CUMCM-2002-A-014/pages/0005.txt","INCLUDE","1","0","1","0","0","0","Q3 evidence tree file; previously unstaged because Git metadata staging was blocked."
"catalog/scale/g8_q3_batch_repair/CUMCM-2002-A-014/pages/0006.txt","INCLUDE","1","0","1","0","0","0","Q3 evidence tree file; previously unstaged because Git metadata staging was blocked."
"catalog/scale/g8_q3_batch_repair/CUMCM-2002-A-014/pages/0007.txt","INCLUDE","1","0","1","0","0","0","Q3 evidence tree file; previously unstaged because Git metadata staging was blocked."
"catalog/scale/g8_q3_batch_repair/CUMCM-2002-A-014/pages/0008.txt","INCLUDE","1","0","1","0","0","0","Q3 evidence tree file; previously unstaged because Git metadata staging was blocked."
"catalog/scale/g8_q3_batch_repair/CUMCM-2002-A-014/pages/0009.txt","INCLUDE","1","0","1","0","0","0","Q3 evidence tree file; previously unstaged because Git metadata staging was blocked."
"catalog/scale/g8_q3_batch_repair/CUMCM-2002-A-014/provenance.json","INCLUDE","1","0","1","0","0","0","Q3 evidence tree file; previously unstaged because Git metadata staging was blocked."
"catalog/scale/g8_q3_batch_repair/CUMCM-2002-A-014/quality.json","INCLUDE","1","0","1","0","0","0","Q3 evidence tree file; previously unstaged because Git metadata staging was blocked."
"catalog/scale/g8_q3_batch_repair/CUMCM-2002-A-015/manifest.json","INCLUDE","1","0","1","0","0","0","Q3 evidence tree file; previously unstaged because Git metadata staging was blocked."
"catalog/scale/g8_q3_batch_repair/CUMCM-2002-A-015/normalized_body.txt","INCLUDE","1","0","1","0","0","0","Q3 evidence tree file; previously unstaged because Git metadata staging was blocked."
"catalog/scale/g8_q3_batch_repair/CUMCM-2002-A-015/pages/0001.txt","INCLUDE","1","0","1","0","0","0","Q3 evidence tree file; previously unstaged because Git metadata staging was blocked."
"catalog/scale/g8_q3_batch_repair/CUMCM-2002-A-015/pages/0002.txt","INCLUDE","1","0","1","0","0","0","Q3 evidence tree file; previously unstaged because Git metadata staging was blocked."
"catalog/scale/g8_q3_batch_repair/CUMCM-2002-A-015/pages/0003.txt","INCLUDE","1","0","1","0","0","0","Q3 evidence tree file; previously unstaged because Git metadata staging was blocked."
"catalog/scale/g8_q3_batch_repair/CUMCM-2002-A-015/pages/0004.txt","INCLUDE","1","0","1","0","0","0","Q3 evidence tree file; previously unstaged because Git metadata staging was blocked."
"catalog/scale/g8_q3_batch_repair/CUMCM-2002-A-015/pages/0005.txt","INCLUDE","1","0","1","0","0","0","Q3 evidence tree file; previously unstaged because Git metadata staging was blocked."
"catalog/scale/g8_q3_batch_repair/CUMCM-2002-A-015/pages/0006.txt","INCLUDE","1","0","1","0","0","0","Q3 evidence tree file; previously unstaged because Git metadata staging was blocked."
"catalog/scale/g8_q3_batch_repair/CUMCM-2002-A-015/pages/0007.txt","INCLUDE","1","0","1","0","0","0","Q3 evidence tree file; previously unstaged because Git metadata staging was blocked."
"catalog/scale/g8_q3_batch_repair/CUMCM-2002-A-015/pages/0008.txt","INCLUDE","1","0","1","0","0","0","Q3 evidence tree file; previously unstaged because Git metadata staging was blocked."
"catalog/scale/g8_q3_batch_repair/CUMCM-2002-A-015/pages/0009.txt","INCLUDE","1","0","1","0","0","0","Q3 evidence tree file; previously unstaged because Git metadata staging was blocked."
"catalog/scale/g8_q3_batch_repair/CUMCM-2002-A-015/provenance.json","INCLUDE","1","0","1","0","0","0","Q3 evidence tree file; previously unstaged because Git metadata staging was blocked."
"catalog/scale/g8_q3_batch_repair/CUMCM-2002-A-015/quality.json","INCLUDE","1","0","1","0","0","0","Q3 evidence tree file; previously unstaged because Git metadata staging was blocked."
"catalog/scale/g8_q3_batch_repair/CUMCM-2003-A-001/manifest.json","INCLUDE","1","0","1","0","0","0","Q3 evidence tree file; previously unstaged because Git metadata staging was blocked."
"catalog/scale/g8_q3_batch_repair/CUMCM-2003-A-001/normalized_body.txt","INCLUDE","1","0","1","0","0","0","Q3 evidence tree file; previously unstaged because Git metadata staging was blocked."
"catalog/scale/g8_q3_batch_repair/CUMCM-2003-A-001/pages/0001.txt","INCLUDE","1","0","1","0","0","0","Q3 evidence tree file; previously unstaged because Git metadata staging was blocked."
"catalog/scale/g8_q3_batch_repair/CUMCM-2003-A-001/pages/0002.txt","INCLUDE","1","0","1","0","0","0","Q3 evidence tree file; previously unstaged because Git metadata staging was blocked."
"catalog/scale/g8_q3_batch_repair/CUMCM-2003-A-001/pages/0003.txt","INCLUDE","1","0","1","0","0","0","Q3 evidence tree file; previously unstaged because Git metadata staging was blocked."
"catalog/scale/g8_q3_batch_repair/CUMCM-2003-A-001/pages/0004.txt","INCLUDE","1","0","1","0","0","0","Q3 evidence tree file; previously unstaged because Git metadata staging was blocked."
"catalog/scale/g8_q3_batch_repair/CUMCM-2003-A-001/pages/0005.txt","INCLUDE","1","0","1","0","0","0","Q3 evidence tree file; previously unstaged because Git metadata staging was blocked."
"catalog/scale/g8_q3_batch_repair/CUMCM-2003-A-001/pages/0006.txt","INCLUDE","1","0","1","0","0","0","Q3 evidence tree file; previously unstaged because Git metadata staging was blocked."
"catalog/scale/g8_q3_batch_repair/CUMCM-2003-A-001/provenance.json","INCLUDE","1","0","1","0","0","0","Q3 evidence tree file; previously unstaged because Git metadata staging was blocked."
"catalog/scale/g8_q3_batch_repair/CUMCM-2003-A-001/quality.json","INCLUDE","1","0","1","0","0","0","Q3 evidence tree file; previously unstaged because Git metadata staging was blocked."
"catalog/scale/g8_q3_batch_repair/CUMCM-2003-A-004/manifest.json","INCLUDE","1","0","1","0","0","0","Q3 evidence tree file; previously unstaged because Git metadata staging was blocked."
"catalog/scale/g8_q3_batch_repair/CUMCM-2003-A-004/normalized_body.txt","INCLUDE","1","0","1","0","0","0","Q3 evidence tree file; previously unstaged because Git metadata staging was blocked."
"catalog/scale/g8_q3_batch_repair/CUMCM-2003-A-004/pages/0001.txt","INCLUDE","1","0","1","0","0","0","Q3 evidence tree file; previously unstaged because Git metadata staging was blocked."
"catalog/scale/g8_q3_batch_repair/CUMCM-2003-A-004/pages/0002.txt","INCLUDE","1","0","1","0","0","0","Q3 evidence tree file; previously unstaged because Git metadata staging was blocked."
"catalog/scale/g8_q3_batch_repair/CUMCM-2003-A-004/pages/0003.txt","INCLUDE","1","0","1","0","0","0","Q3 evidence tree file; previously unstaged because Git metadata staging was blocked."
"catalog/scale/g8_q3_batch_repair/CUMCM-2003-A-004/pages/0004.txt","INCLUDE","1","0","1","0","0","0","Q3 evidence tree file; previously unstaged because Git metadata staging was blocked."
"catalog/scale/g8_q3_batch_repair/CUMCM-2003-A-004/pages/0005.txt","INCLUDE","1","0","1","0","0","0","Q3 evidence tree file; previously unstaged because Git metadata staging was blocked."
"catalog/scale/g8_q3_batch_repair/CUMCM-2003-A-004/pages/0006.txt","INCLUDE","1","0","1","0","0","0","Q3 evidence tree file; previously unstaged because Git metadata staging was blocked."
"catalog/scale/g8_q3_batch_repair/CUMCM-2003-A-004/pages/0007.txt","INCLUDE","1","0","1","0","0","0","Q3 evidence tree file; previously unstaged because Git metadata staging was blocked."
"catalog/scale/g8_q3_batch_repair/CUMCM-2003-A-004/pages/0008.txt","INCLUDE","1","0","1","0","0","0","Q3 evidence tree file; previously unstaged because Git metadata staging was blocked."
"catalog/scale/g8_q3_batch_repair/CUMCM-2003-A-004/pages/0009.txt","INCLUDE","1","0","1","0","0","0","Q3 evidence tree file; previously unstaged because Git metadata staging was blocked."
"catalog/scale/g8_q3_batch_repair/CUMCM-2003-A-004/pages/0010.txt","INCLUDE","1","0","1","0","0","0","Q3 evidence tree file; previously unstaged because Git metadata staging was blocked."
"catalog/scale/g8_q3_batch_repair/CUMCM-2003-A-004/provenance.json","INCLUDE","1","0","1","0","0","0","Q3 evidence tree file; previously unstaged because Git metadata staging was blocked."
"catalog/scale/g8_q3_batch_repair/CUMCM-2003-A-004/quality.json","INCLUDE","1","0","1","0","0","0","Q3 evidence tree file; previously unstaged because Git metadata staging was blocked."
"catalog/scale/g8_q3_batch_repair/CUMCM-2003-A-009/manifest.json","INCLUDE","1","0","1","0","0","0","Q3 evidence tree file; previously unstaged because Git metadata staging was blocked."
"catalog/scale/g8_q3_batch_repair/CUMCM-2003-A-009/normalized_body.txt","INCLUDE","1","0","1","0","0","0","Q3 evidence tree file; previously unstaged because Git metadata staging was blocked."
"catalog/scale/g8_q3_batch_repair/CUMCM-2003-A-009/pages/0001.txt","INCLUDE","1","0","1","0","0","0","Q3 evidence tree file; previously unstaged because Git metadata staging was blocked."
"catalog/scale/g8_q3_batch_repair/CUMCM-2003-A-009/pages/0002.txt","INCLUDE","1","0","1","0","0","0","Q3 evidence tree file; previously unstaged because Git metadata staging was blocked."
"catalog/scale/g8_q3_batch_repair/CUMCM-2003-A-009/pages/0003.txt","INCLUDE","1","0","1","0","0","0","Q3 evidence tree file; previously unstaged because Git metadata staging was blocked."
"catalog/scale/g8_q3_batch_repair/CUMCM-2003-A-009/pages/0004.txt","INCLUDE","1","0","1","0","0","0","Q3 evidence tree file; previously unstaged because Git metadata staging was blocked."
"catalog/scale/g8_q3_batch_repair/CUMCM-2003-A-009/pages/0005.txt","INCLUDE","1","0","1","0","0","0","Q3 evidence tree file; previously unstaged because Git metadata staging was blocked."
"catalog/scale/g8_q3_batch_repair/CUMCM-2003-A-009/pages/0006.txt","INCLUDE","1","0","1","0","0","0","Q3 evidence tree file; previously unstaged because Git metadata staging was blocked."
"catalog/scale/g8_q3_batch_repair/CUMCM-2003-A-009/pages/0007.txt","INCLUDE","1","0","1","0","0","0","Q3 evidence tree file; previously unstaged because Git metadata staging was blocked."
"catalog/scale/g8_q3_batch_repair/CUMCM-2003-A-009/pages/0008.txt","INCLUDE","1","0","1","0","0","0","Q3 evidence tree file; previously unstaged because Git metadata staging was blocked."
"catalog/scale/g8_q3_batch_repair/CUMCM-2003-A-009/pages/0009.txt","INCLUDE","1","0","1","0","0","0","Q3 evidence tree file; previously unstaged because Git metadata staging was blocked."
"catalog/scale/g8_q3_batch_repair/CUMCM-2003-A-009/pages/0010.txt","INCLUDE","1","0","1","0","0","0","Q3 evidence tree file; previously unstaged because Git metadata staging was blocked."
"catalog/scale/g8_q3_batch_repair/CUMCM-2003-A-009/provenance.json","INCLUDE","1","0","1","0","0","0","Q3 evidence tree file; previously unstaged because Git metadata staging was blocked."
"catalog/scale/g8_q3_batch_repair/CUMCM-2003-A-009/quality.json","INCLUDE","1","0","1","0","0","0","Q3 evidence tree file; previously unstaged because Git metadata staging was blocked."
"catalog/scale/g8_q3_batch_repair/CUMCM-2003-A-010/manifest.json","INCLUDE","1","0","1","0","0","0","Q3 evidence tree file; previously unstaged because Git metadata staging was blocked."
"catalog/scale/g8_q3_batch_repair/CUMCM-2003-A-010/normalized_body.txt","INCLUDE","1","0","1","0","0","0","Q3 evidence tree file; previously unstaged because Git metadata staging was blocked."
"catalog/scale/g8_q3_batch_repair/CUMCM-2003-A-010/pages/0001.txt","INCLUDE","1","0","1","0","0","0","Q3 evidence tree file; previously unstaged because Git metadata staging was blocked."
"catalog/scale/g8_q3_batch_repair/CUMCM-2003-A-010/pages/0002.txt","INCLUDE","1","0","1","0","0","0","Q3 evidence tree file; previously unstaged because Git metadata staging was blocked."
"catalog/scale/g8_q3_batch_repair/CUMCM-2003-A-010/pages/0003.txt","INCLUDE","1","0","1","0","0","0","Q3 evidence tree file; previously unstaged because Git metadata staging was blocked."
"catalog/scale/g8_q3_batch_repair/CUMCM-2003-A-010/pages/0004.txt","INCLUDE","1","0","1","0","0","0","Q3 evidence tree file; previously unstaged because Git metadata staging was blocked."
"catalog/scale/g8_q3_batch_repair/CUMCM-2003-A-010/pages/0005.txt","INCLUDE","1","0","1","0","0","0","Q3 evidence tree file; previously unstaged because Git metadata staging was blocked."
"catalog/scale/g8_q3_batch_repair/CUMCM-2003-A-010/pages/0006.txt","INCLUDE","1","0","1","0","0","0","Q3 evidence tree file; previously unstaged because Git metadata staging was blocked."
"catalog/scale/g8_q3_batch_repair/CUMCM-2003-A-010/pages/0007.txt","INCLUDE","1","0","1","0","0","0","Q3 evidence tree file; previously unstaged because Git metadata staging was blocked."
"catalog/scale/g8_q3_batch_repair/CUMCM-2003-A-010/pages/0008.txt","INCLUDE","1","0","1","0","0","0","Q3 evidence tree file; previously unstaged because Git metadata staging was blocked."
"catalog/scale/g8_q3_batch_repair/CUMCM-2003-A-010/pages/0009.txt","INCLUDE","1","0","1","0","0","0","Q3 evidence tree file; previously unstaged because Git metadata staging was blocked."
"catalog/scale/g8_q3_batch_repair/CUMCM-2003-A-010/pages/0010.txt","INCLUDE","1","0","1","0","0","0","Q3 evidence tree file; previously unstaged because Git metadata staging was blocked."
"catalog/scale/g8_q3_batch_repair/CUMCM-2003-A-010/provenance.json","INCLUDE","1","0","1","0","0","0","Q3 evidence tree file; previously unstaged because Git metadata staging was blocked."
"catalog/scale/g8_q3_batch_repair/CUMCM-2003-A-010/quality.json","INCLUDE","1","0","1","0","0","0","Q3 evidence tree file; previously unstaged because Git metadata staging was blocked."
"catalog/scale/g8_q3_batch_repair/CUMCM-2003-B-002/manifest.json","INCLUDE","1","0","1","0","0","0","Q3 evidence tree file; previously unstaged because Git metadata staging was blocked."
"catalog/scale/g8_q3_batch_repair/CUMCM-2003-B-002/normalized_body.txt","INCLUDE","1","0","1","0","0","0","Q3 evidence tree file; previously unstaged because Git metadata staging was blocked."
"catalog/scale/g8_q3_batch_repair/CUMCM-2003-B-002/pages/0001.txt","INCLUDE","1","0","1","0","0","0","Q3 evidence tree file; previously unstaged because Git metadata staging was blocked."
"catalog/scale/g8_q3_batch_repair/CUMCM-2003-B-002/pages/0002.txt","INCLUDE","1","0","1","0","0","0","Q3 evidence tree file; previously unstaged because Git metadata staging was blocked."
"catalog/scale/g8_q3_batch_repair/CUMCM-2003-B-002/pages/0003.txt","INCLUDE","1","0","1","0","0","0","Q3 evidence tree file; previously unstaged because Git metadata staging was blocked."
"catalog/scale/g8_q3_batch_repair/CUMCM-2003-B-002/pages/0004.txt","INCLUDE","1","0","1","0","0","0","Q3 evidence tree file; previously unstaged because Git metadata staging was blocked."
"catalog/scale/g8_q3_batch_repair/CUMCM-2003-B-002/pages/0005.txt","INCLUDE","1","0","1","0","0","0","Q3 evidence tree file; previously unstaged because Git metadata staging was blocked."
"catalog/scale/g8_q3_batch_repair/CUMCM-2003-B-002/pages/0006.txt","INCLUDE","1","0","1","0","0","0","Q3 evidence tree file; previously unstaged because Git metadata staging was blocked."
"catalog/scale/g8_q3_batch_repair/CUMCM-2003-B-002/pages/0007.txt","INCLUDE","1","0","1","0","0","0","Q3 evidence tree file; previously unstaged because Git metadata staging was blocked."
"catalog/scale/g8_q3_batch_repair/CUMCM-2003-B-002/pages/0008.txt","INCLUDE","1","0","1","0","0","0","Q3 evidence tree file; previously unstaged because Git metadata staging was blocked."
"catalog/scale/g8_q3_batch_repair/CUMCM-2003-B-002/provenance.json","INCLUDE","1","0","1","0","0","0","Q3 evidence tree file; previously unstaged because Git metadata staging was blocked."
"catalog/scale/g8_q3_batch_repair/CUMCM-2003-B-002/quality.json","INCLUDE","1","0","1","0","0","0","Q3 evidence tree file; previously unstaged because Git metadata staging was blocked."
"catalog/scale/g8_q3_batch_repair/CUMCM-2003-B-004/manifest.json","INCLUDE","1","0","1","0","0","0","Q3 evidence tree file; previously unstaged because Git metadata staging was blocked."
"catalog/scale/g8_q3_batch_repair/CUMCM-2003-B-004/normalized_body.txt","INCLUDE","1","0","1","0","0","0","Q3 evidence tree file; previously unstaged because Git metadata staging was blocked."
"catalog/scale/g8_q3_batch_repair/CUMCM-2003-B-004/pages/0001.txt","INCLUDE","1","0","1","0","0","0","Q3 evidence tree file; previously unstaged because Git metadata staging was blocked."
"catalog/scale/g8_q3_batch_repair/CUMCM-2003-B-004/pages/0002.txt","INCLUDE","1","0","1","0","0","0","Q3 evidence tree file; previously unstaged because Git metadata staging was blocked."
"catalog/scale/g8_q3_batch_repair/CUMCM-2003-B-004/pages/0003.txt","INCLUDE","1","0","1","0","0","0","Q3 evidence tree file; previously unstaged because Git metadata staging was blocked."
"catalog/scale/g8_q3_batch_repair/CUMCM-2003-B-004/pages/0004.txt","INCLUDE","1","0","1","0","0","0","Q3 evidence tree file; previously unstaged because Git metadata staging was blocked."
"catalog/scale/g8_q3_batch_repair/CUMCM-2003-B-004/pages/0005.txt","INCLUDE","1","0","1","0","0","0","Q3 evidence tree file; previously unstaged because Git metadata staging was blocked."
"catalog/scale/g8_q3_batch_repair/CUMCM-2003-B-004/pages/0006.txt","INCLUDE","1","0","1","0","0","0","Q3 evidence tree file; previously unstaged because Git metadata staging was blocked."
"catalog/scale/g8_q3_batch_repair/CUMCM-2003-B-004/pages/0007.txt","INCLUDE","1","0","1","0","0","0","Q3 evidence tree file; previously unstaged because Git metadata staging was blocked."
"catalog/scale/g8_q3_batch_repair/CUMCM-2003-B-004/provenance.json","INCLUDE","1","0","1","0","0","0","Q3 evidence tree file; previously unstaged because Git metadata staging was blocked."
"catalog/scale/g8_q3_batch_repair/CUMCM-2003-B-004/quality.json","INCLUDE","1","0","1","0","0","0","Q3 evidence tree file; previously unstaged because Git metadata staging was blocked."
"catalog/scale/g8_q3_batch_repair/CUMCM-2003-B-006/manifest.json","INCLUDE","1","0","1","0","0","0","Q3 evidence tree file; previously unstaged because Git metadata staging was blocked."
"catalog/scale/g8_q3_batch_repair/CUMCM-2003-B-006/normalized_body.txt","INCLUDE","1","0","1","0","0","0","Q3 evidence tree file; previously unstaged because Git metadata staging was blocked."
"catalog/scale/g8_q3_batch_repair/CUMCM-2003-B-006/pages/0001.txt","INCLUDE","1","0","1","0","0","0","Q3 evidence tree file; previously unstaged because Git metadata staging was blocked."
"catalog/scale/g8_q3_batch_repair/CUMCM-2003-B-006/pages/0002.txt","INCLUDE","1","0","1","0","0","0","Q3 evidence tree file; previously unstaged because Git metadata staging was blocked."
"catalog/scale/g8_q3_batch_repair/CUMCM-2003-B-006/pages/0003.txt","INCLUDE","1","0","1","0","0","0","Q3 evidence tree file; previously unstaged because Git metadata staging was blocked."
"catalog/scale/g8_q3_batch_repair/CUMCM-2003-B-006/pages/0004.txt","INCLUDE","1","0","1","0","0","0","Q3 evidence tree file; previously unstaged because Git metadata staging was blocked."
"catalog/scale/g8_q3_batch_repair/CUMCM-2003-B-006/pages/0005.txt","INCLUDE","1","0","1","0","0","0","Q3 evidence tree file; previously unstaged because Git metadata staging was blocked."
"catalog/scale/g8_q3_batch_repair/CUMCM-2003-B-006/pages/0006.txt","INCLUDE","1","0","1","0","0","0","Q3 evidence tree file; previously unstaged because Git metadata staging was blocked."
"catalog/scale/g8_q3_batch_repair/CUMCM-2003-B-006/pages/0007.txt","INCLUDE","1","0","1","0","0","0","Q3 evidence tree file; previously unstaged because Git metadata staging was blocked."
"catalog/scale/g8_q3_batch_repair/CUMCM-2003-B-006/provenance.json","INCLUDE","1","0","1","0","0","0","Q3 evidence tree file; previously unstaged because Git metadata staging was blocked."
"catalog/scale/g8_q3_batch_repair/CUMCM-2003-B-006/quality.json","INCLUDE","1","0","1","0","0","0","Q3 evidence tree file; previously unstaged because Git metadata staging was blocked."
"catalog/scale/g8_q3_batch_repair/CUMCM-2003-B-010/manifest.json","INCLUDE","1","0","1","0","0","0","Q3 evidence tree file; previously unstaged because Git metadata staging was blocked."
"catalog/scale/g8_q3_batch_repair/CUMCM-2003-B-010/normalized_body.txt","INCLUDE","1","0","1","0","0","0","Q3 evidence tree file; previously unstaged because Git metadata staging was blocked."
"catalog/scale/g8_q3_batch_repair/CUMCM-2003-B-010/pages/0001.txt","INCLUDE","1","0","1","0","0","0","Q3 evidence tree file; previously unstaged because Git metadata staging was blocked."
"catalog/scale/g8_q3_batch_repair/CUMCM-2003-B-010/pages/0002.txt","INCLUDE","1","0","1","0","0","0","Q3 evidence tree file; previously unstaged because Git metadata staging was blocked."
"catalog/scale/g8_q3_batch_repair/CUMCM-2003-B-010/pages/0003.txt","INCLUDE","1","0","1","0","0","0","Q3 evidence tree file; previously unstaged because Git metadata staging was blocked."
"catalog/scale/g8_q3_batch_repair/CUMCM-2003-B-010/pages/0004.txt","INCLUDE","1","0","1","0","0","0","Q3 evidence tree file; previously unstaged because Git metadata staging was blocked."
"catalog/scale/g8_q3_batch_repair/CUMCM-2003-B-010/pages/0005.txt","INCLUDE","1","0","1","0","0","0","Q3 evidence tree file; previously unstaged because Git metadata staging was blocked."
"catalog/scale/g8_q3_batch_repair/CUMCM-2003-B-010/pages/0006.txt","INCLUDE","1","0","1","0","0","0","Q3 evidence tree file; previously unstaged because Git metadata staging was blocked."
"catalog/scale/g8_q3_batch_repair/CUMCM-2003-B-010/pages/0007.txt","INCLUDE","1","0","1","0","0","0","Q3 evidence tree file; previously unstaged because Git metadata staging was blocked."
"catalog/scale/g8_q3_batch_repair/CUMCM-2003-B-010/pages/0008.txt","INCLUDE","1","0","1","0","0","0","Q3 evidence tree file; previously unstaged because Git metadata staging was blocked."
"catalog/scale/g8_q3_batch_repair/CUMCM-2003-B-010/pages/0009.txt","INCLUDE","1","0","1","0","0","0","Q3 evidence tree file; previously unstaged because Git metadata staging was blocked."
"catalog/scale/g8_q3_batch_repair/CUMCM-2003-B-010/pages/0010.txt","INCLUDE","1","0","1","0","0","0","Q3 evidence tree file; previously unstaged because Git metadata staging was blocked."
"catalog/scale/g8_q3_batch_repair/CUMCM-2003-B-010/provenance.json","INCLUDE","1","0","1","0","0","0","Q3 evidence tree file; previously unstaged because Git metadata staging was blocked."
"catalog/scale/g8_q3_batch_repair/CUMCM-2003-B-010/quality.json","INCLUDE","1","0","1","0","0","0","Q3 evidence tree file; previously unstaged because Git metadata staging was blocked."
"catalog/scale/g8_q3_batch_repair/CUMCM-2003-B-011/manifest.json","INCLUDE","1","0","1","0","0","0","Q3 evidence tree file; previously unstaged because Git metadata staging was blocked."
"catalog/scale/g8_q3_batch_repair/CUMCM-2003-B-011/normalized_body.txt","INCLUDE","1","0","1","0","0","0","Q3 evidence tree file; previously unstaged because Git metadata staging was blocked."
"catalog/scale/g8_q3_batch_repair/CUMCM-2003-B-011/pages/0001.txt","INCLUDE","1","0","1","0","0","0","Q3 evidence tree file; previously unstaged because Git metadata staging was blocked."
"catalog/scale/g8_q3_batch_repair/CUMCM-2003-B-011/pages/0002.txt","INCLUDE","1","0","1","0","0","0","Q3 evidence tree file; previously unstaged because Git metadata staging was blocked."
"catalog/scale/g8_q3_batch_repair/CUMCM-2003-B-011/pages/0003.txt","INCLUDE","1","0","1","0","0","0","Q3 evidence tree file; previously unstaged because Git metadata staging was blocked."
"catalog/scale/g8_q3_batch_repair/CUMCM-2003-B-011/pages/0004.txt","INCLUDE","1","0","1","0","0","0","Q3 evidence tree file; previously unstaged because Git metadata staging was blocked."
"catalog/scale/g8_q3_batch_repair/CUMCM-2003-B-011/pages/0005.txt","INCLUDE","1","0","1","0","0","0","Q3 evidence tree file; previously unstaged because Git metadata staging was blocked."
"catalog/scale/g8_q3_batch_repair/CUMCM-2003-B-011/pages/0006.txt","INCLUDE","1","0","1","0","0","0","Q3 evidence tree file; previously unstaged because Git metadata staging was blocked."
"catalog/scale/g8_q3_batch_repair/CUMCM-2003-B-011/pages/0007.txt","INCLUDE","1","0","1","0","0","0","Q3 evidence tree file; previously unstaged because Git metadata staging was blocked."
"catalog/scale/g8_q3_batch_repair/CUMCM-2003-B-011/pages/0008.txt","INCLUDE","1","0","1","0","0","0","Q3 evidence tree file; previously unstaged because Git metadata staging was blocked."
"catalog/scale/g8_q3_batch_repair/CUMCM-2003-B-011/provenance.json","INCLUDE","1","0","1","0","0","0","Q3 evidence tree file; previously unstaged because Git metadata staging was blocked."
"catalog/scale/g8_q3_batch_repair/CUMCM-2003-B-011/quality.json","INCLUDE","1","0","1","0","0","0","Q3 evidence tree file; previously unstaged because Git metadata staging was blocked."
"catalog/scale/g8_q3_batch_repair/CUMCM-2004-A-001/manifest.json","INCLUDE","1","0","1","0","0","0","Q3 evidence tree file; previously unstaged because Git metadata staging was blocked."
"catalog/scale/g8_q3_batch_repair/CUMCM-2004-A-001/normalized_body.txt","INCLUDE","1","0","1","0","0","0","Q3 evidence tree file; previously unstaged because Git metadata staging was blocked."
"catalog/scale/g8_q3_batch_repair/CUMCM-2004-A-001/pages/0001.txt","INCLUDE","1","0","1","0","0","0","Q3 evidence tree file; previously unstaged because Git metadata staging was blocked."
"catalog/scale/g8_q3_batch_repair/CUMCM-2004-A-001/pages/0002.txt","INCLUDE","1","0","1","0","0","0","Q3 evidence tree file; previously unstaged because Git metadata staging was blocked."
"catalog/scale/g8_q3_batch_repair/CUMCM-2004-A-001/pages/0003.txt","INCLUDE","1","0","1","0","0","0","Q3 evidence tree file; previously unstaged because Git metadata staging was blocked."
"catalog/scale/g8_q3_batch_repair/CUMCM-2004-A-001/pages/0004.txt","INCLUDE","1","0","1","0","0","0","Q3 evidence tree file; previously unstaged because Git metadata staging was blocked."
"catalog/scale/g8_q3_batch_repair/CUMCM-2004-A-001/pages/0005.txt","INCLUDE","1","0","1","0","0","0","Q3 evidence tree file; previously unstaged because Git metadata staging was blocked."
"catalog/scale/g8_q3_batch_repair/CUMCM-2004-A-001/provenance.json","INCLUDE","1","0","1","0","0","0","Q3 evidence tree file; previously unstaged because Git metadata staging was blocked."
"catalog/scale/g8_q3_batch_repair/CUMCM-2004-A-001/quality.json","INCLUDE","1","0","1","0","0","0","Q3 evidence tree file; previously unstaged because Git metadata staging was blocked."
"catalog/scale/g8_q3_batch_repair/CUMCM-2004-A-002/manifest.json","INCLUDE","1","0","1","0","0","0","Q3 evidence tree file; previously unstaged because Git metadata staging was blocked."
"catalog/scale/g8_q3_batch_repair/CUMCM-2004-A-002/normalized_body.txt","INCLUDE","1","0","1","0","0","0","Q3 evidence tree file; previously unstaged because Git metadata staging was blocked."
"catalog/scale/g8_q3_batch_repair/CUMCM-2004-A-002/pages/0001.txt","INCLUDE","1","0","1","0","0","0","Q3 evidence tree file; previously unstaged because Git metadata staging was blocked."
"catalog/scale/g8_q3_batch_repair/CUMCM-2004-A-002/pages/0002.txt","INCLUDE","1","0","1","0","0","0","Q3 evidence tree file; previously unstaged because Git metadata staging was blocked."
"catalog/scale/g8_q3_batch_repair/CUMCM-2004-A-002/pages/0003.txt","INCLUDE","1","0","1","0","0","0","Q3 evidence tree file; previously unstaged because Git metadata staging was blocked."
"catalog/scale/g8_q3_batch_repair/CUMCM-2004-A-002/pages/0004.txt","INCLUDE","1","0","1","0","0","0","Q3 evidence tree file; previously unstaged because Git metadata staging was blocked."
"catalog/scale/g8_q3_batch_repair/CUMCM-2004-A-002/pages/0005.txt","INCLUDE","1","0","1","0","0","0","Q3 evidence tree file; previously unstaged because Git metadata staging was blocked."
"catalog/scale/g8_q3_batch_repair/CUMCM-2004-A-002/pages/0006.txt","INCLUDE","1","0","1","0","0","0","Q3 evidence tree file; previously unstaged because Git metadata staging was blocked."
"catalog/scale/g8_q3_batch_repair/CUMCM-2004-A-002/pages/0007.txt","INCLUDE","1","0","1","0","0","0","Q3 evidence tree file; previously unstaged because Git metadata staging was blocked."
"catalog/scale/g8_q3_batch_repair/CUMCM-2004-A-002/pages/0008.txt","INCLUDE","1","0","1","0","0","0","Q3 evidence tree file; previously unstaged because Git metadata staging was blocked."
"catalog/scale/g8_q3_batch_repair/CUMCM-2004-A-002/provenance.json","INCLUDE","1","0","1","0","0","0","Q3 evidence tree file; previously unstaged because Git metadata staging was blocked."
"catalog/scale/g8_q3_batch_repair/CUMCM-2004-A-002/quality.json","INCLUDE","1","0","1","0","0","0","Q3 evidence tree file; previously unstaged because Git metadata staging was blocked."
"catalog/scale/g8_q3_batch_repair/CUMCM-2004-A-003/manifest.json","INCLUDE","1","0","1","0","0","0","Q3 evidence tree file; previously unstaged because Git metadata staging was blocked."
"catalog/scale/g8_q3_batch_repair/CUMCM-2004-A-003/normalized_body.txt","INCLUDE","1","0","1","0","0","0","Q3 evidence tree file; previously unstaged because Git metadata staging was blocked."
"catalog/scale/g8_q3_batch_repair/CUMCM-2004-A-003/pages/0001.txt","INCLUDE","1","0","1","0","0","0","Q3 evidence tree file; previously unstaged because Git metadata staging was blocked."
"catalog/scale/g8_q3_batch_repair/CUMCM-2004-A-003/pages/0002.txt","INCLUDE","1","0","1","0","0","0","Q3 evidence tree file; previously unstaged because Git metadata staging was blocked."
"catalog/scale/g8_q3_batch_repair/CUMCM-2004-A-003/pages/0003.txt","INCLUDE","1","0","1","0","0","0","Q3 evidence tree file; previously unstaged because Git metadata staging was blocked."
"catalog/scale/g8_q3_batch_repair/CUMCM-2004-A-003/pages/0004.txt","INCLUDE","1","0","1","0","0","0","Q3 evidence tree file; previously unstaged because Git metadata staging was blocked."
"catalog/scale/g8_q3_batch_repair/CUMCM-2004-A-003/pages/0005.txt","INCLUDE","1","0","1","0","0","0","Q3 evidence tree file; previously unstaged because Git metadata staging was blocked."
"catalog/scale/g8_q3_batch_repair/CUMCM-2004-A-003/pages/0006.txt","INCLUDE","1","0","1","0","0","0","Q3 evidence tree file; previously unstaged because Git metadata staging was blocked."
"catalog/scale/g8_q3_batch_repair/CUMCM-2004-A-003/pages/0007.txt","INCLUDE","1","0","1","0","0","0","Q3 evidence tree file; previously unstaged because Git metadata staging was blocked."
"catalog/scale/g8_q3_batch_repair/CUMCM-2004-A-003/pages/0008.txt","INCLUDE","1","0","1","0","0","0","Q3 evidence tree file; previously unstaged because Git metadata staging was blocked."
"catalog/scale/g8_q3_batch_repair/CUMCM-2004-A-003/provenance.json","INCLUDE","1","0","1","0","0","0","Q3 evidence tree file; previously unstaged because Git metadata staging was blocked."
"catalog/scale/g8_q3_batch_repair/CUMCM-2004-A-003/quality.json","INCLUDE","1","0","1","0","0","0","Q3 evidence tree file; previously unstaged because Git metadata staging was blocked."
"catalog/scale/g8_q3_batch_repair/CUMCM-2004-A-004/manifest.json","INCLUDE","1","0","1","0","0","0","Q3 evidence tree file; previously unstaged because Git metadata staging was blocked."
"catalog/scale/g8_q3_batch_repair/CUMCM-2004-A-004/normalized_body.txt","INCLUDE","1","0","1","0","0","0","Q3 evidence tree file; previously unstaged because Git metadata staging was blocked."
"catalog/scale/g8_q3_batch_repair/CUMCM-2004-A-004/pages/0001.txt","INCLUDE","1","0","1","0","0","0","Q3 evidence tree file; previously unstaged because Git metadata staging was blocked."
"catalog/scale/g8_q3_batch_repair/CUMCM-2004-A-004/pages/0002.txt","INCLUDE","1","0","1","0","0","0","Q3 evidence tree file; previously unstaged because Git metadata staging was blocked."
"catalog/scale/g8_q3_batch_repair/CUMCM-2004-A-004/pages/0003.txt","INCLUDE","1","0","1","0","0","0","Q3 evidence tree file; previously unstaged because Git metadata staging was blocked."
"catalog/scale/g8_q3_batch_repair/CUMCM-2004-A-004/pages/0004.txt","INCLUDE","1","0","1","0","0","0","Q3 evidence tree file; previously unstaged because Git metadata staging was blocked."
"catalog/scale/g8_q3_batch_repair/CUMCM-2004-A-004/pages/0005.txt","INCLUDE","1","0","1","0","0","0","Q3 evidence tree file; previously unstaged because Git metadata staging was blocked."
"catalog/scale/g8_q3_batch_repair/CUMCM-2004-A-004/pages/0006.txt","INCLUDE","1","0","1","0","0","0","Q3 evidence tree file; previously unstaged because Git metadata staging was blocked."
"catalog/scale/g8_q3_batch_repair/CUMCM-2004-A-004/pages/0007.txt","INCLUDE","1","0","1","0","0","0","Q3 evidence tree file; previously unstaged because Git metadata staging was blocked."
"catalog/scale/g8_q3_batch_repair/CUMCM-2004-A-004/provenance.json","INCLUDE","1","0","1","0","0","0","Q3 evidence tree file; previously unstaged because Git metadata staging was blocked."
"catalog/scale/g8_q3_batch_repair/CUMCM-2004-A-004/quality.json","INCLUDE","1","0","1","0","0","0","Q3 evidence tree file; previously unstaged because Git metadata staging was blocked."
"catalog/scale/g8_q3_batch_repair/CUMCM-2004-A-005/manifest.json","INCLUDE","1","0","1","0","0","0","Q3 evidence tree file; previously unstaged because Git metadata staging was blocked."
"catalog/scale/g8_q3_batch_repair/CUMCM-2004-A-005/normalized_body.txt","INCLUDE","1","0","1","0","0","0","Q3 evidence tree file; previously unstaged because Git metadata staging was blocked."
"catalog/scale/g8_q3_batch_repair/CUMCM-2004-A-005/pages/0001.txt","INCLUDE","1","0","1","0","0","0","Q3 evidence tree file; previously unstaged because Git metadata staging was blocked."
"catalog/scale/g8_q3_batch_repair/CUMCM-2004-A-005/pages/0002.txt","INCLUDE","1","0","1","0","0","0","Q3 evidence tree file; previously unstaged because Git metadata staging was blocked."
"catalog/scale/g8_q3_batch_repair/CUMCM-2004-A-005/pages/0003.txt","INCLUDE","1","0","1","0","0","0","Q3 evidence tree file; previously unstaged because Git metadata staging was blocked."
"catalog/scale/g8_q3_batch_repair/CUMCM-2004-A-005/pages/0004.txt","INCLUDE","1","0","1","0","0","0","Q3 evidence tree file; previously unstaged because Git metadata staging was blocked."
"catalog/scale/g8_q3_batch_repair/CUMCM-2004-A-005/pages/0005.txt","INCLUDE","1","0","1","0","0","0","Q3 evidence tree file; previously unstaged because Git metadata staging was blocked."
"catalog/scale/g8_q3_batch_repair/CUMCM-2004-A-005/pages/0006.txt","INCLUDE","1","0","1","0","0","0","Q3 evidence tree file; previously unstaged because Git metadata staging was blocked."
"catalog/scale/g8_q3_batch_repair/CUMCM-2004-A-005/pages/0007.txt","INCLUDE","1","0","1","0","0","0","Q3 evidence tree file; previously unstaged because Git metadata staging was blocked."
"catalog/scale/g8_q3_batch_repair/CUMCM-2004-A-005/provenance.json","INCLUDE","1","0","1","0","0","0","Q3 evidence tree file; previously unstaged because Git metadata staging was blocked."
"catalog/scale/g8_q3_batch_repair/CUMCM-2004-A-005/quality.json","INCLUDE","1","0","1","0","0","0","Q3 evidence tree file; previously unstaged because Git metadata staging was blocked."
"catalog/scale/g8_q3_batch_repair/CUMCM-2004-B-002/manifest.json","INCLUDE","1","0","1","0","0","0","Q3 evidence tree file; previously unstaged because Git metadata staging was blocked."
"catalog/scale/g8_q3_batch_repair/CUMCM-2004-B-002/normalized_body.txt","INCLUDE","1","0","1","0","0","0","Q3 evidence tree file; previously unstaged because Git metadata staging was blocked."
"catalog/scale/g8_q3_batch_repair/CUMCM-2004-B-002/pages/0001.txt","INCLUDE","1","0","1","0","0","0","Q3 evidence tree file; previously unstaged because Git metadata staging was blocked."
"catalog/scale/g8_q3_batch_repair/CUMCM-2004-B-002/pages/0002.txt","INCLUDE","1","0","1","0","0","0","Q3 evidence tree file; previously unstaged because Git metadata staging was blocked."
"catalog/scale/g8_q3_batch_repair/CUMCM-2004-B-002/pages/0003.txt","INCLUDE","1","0","1","0","0","0","Q3 evidence tree file; previously unstaged because Git metadata staging was blocked."
"catalog/scale/g8_q3_batch_repair/CUMCM-2004-B-002/pages/0004.txt","INCLUDE","1","0","1","0","0","0","Q3 evidence tree file; previously unstaged because Git metadata staging was blocked."
"catalog/scale/g8_q3_batch_repair/CUMCM-2004-B-002/pages/0005.txt","INCLUDE","1","0","1","0","0","0","Q3 evidence tree file; previously unstaged because Git metadata staging was blocked."
"catalog/scale/g8_q3_batch_repair/CUMCM-2004-B-002/pages/0006.txt","INCLUDE","1","0","1","0","0","0","Q3 evidence tree file; previously unstaged because Git metadata staging was blocked."
"catalog/scale/g8_q3_batch_repair/CUMCM-2004-B-002/pages/0007.txt","INCLUDE","1","0","1","0","0","0","Q3 evidence tree file; previously unstaged because Git metadata staging was blocked."
"catalog/scale/g8_q3_batch_repair/CUMCM-2004-B-002/pages/0008.txt","INCLUDE","1","0","1","0","0","0","Q3 evidence tree file; previously unstaged because Git metadata staging was blocked."
"catalog/scale/g8_q3_batch_repair/CUMCM-2004-B-002/provenance.json","INCLUDE","1","0","1","0","0","0","Q3 evidence tree file; previously unstaged because Git metadata staging was blocked."
"catalog/scale/g8_q3_batch_repair/CUMCM-2004-B-002/quality.json","INCLUDE","1","0","1","0","0","0","Q3 evidence tree file; previously unstaged because Git metadata staging was blocked."
"catalog/scale/g8_q3_batch_repair/CUMCM-2004-B-003/manifest.json","INCLUDE","1","0","1","0","0","0","Q3 evidence tree file; previously unstaged because Git metadata staging was blocked."
"catalog/scale/g8_q3_batch_repair/CUMCM-2004-B-003/normalized_body.txt","INCLUDE","1","0","1","0","0","0","Q3 evidence tree file; previously unstaged because Git metadata staging was blocked."
"catalog/scale/g8_q3_batch_repair/CUMCM-2004-B-003/pages/0001.txt","INCLUDE","1","0","1","0","0","0","Q3 evidence tree file; previously unstaged because Git metadata staging was blocked."
"catalog/scale/g8_q3_batch_repair/CUMCM-2004-B-003/pages/0002.txt","INCLUDE","1","0","1","0","0","0","Q3 evidence tree file; previously unstaged because Git metadata staging was blocked."
"catalog/scale/g8_q3_batch_repair/CUMCM-2004-B-003/pages/0003.txt","INCLUDE","1","0","1","0","0","0","Q3 evidence tree file; previously unstaged because Git metadata staging was blocked."
"catalog/scale/g8_q3_batch_repair/CUMCM-2004-B-003/pages/0004.txt","INCLUDE","1","0","1","0","0","0","Q3 evidence tree file; previously unstaged because Git metadata staging was blocked."
"catalog/scale/g8_q3_batch_repair/CUMCM-2004-B-003/pages/0005.txt","INCLUDE","1","0","1","0","0","0","Q3 evidence tree file; previously unstaged because Git metadata staging was blocked."
"catalog/scale/g8_q3_batch_repair/CUMCM-2004-B-003/pages/0006.txt","INCLUDE","1","0","1","0","0","0","Q3 evidence tree file; previously unstaged because Git metadata staging was blocked."
"catalog/scale/g8_q3_batch_repair/CUMCM-2004-B-003/pages/0007.txt","INCLUDE","1","0","1","0","0","0","Q3 evidence tree file; previously unstaged because Git metadata staging was blocked."
"catalog/scale/g8_q3_batch_repair/CUMCM-2004-B-003/pages/0008.txt","INCLUDE","1","0","1","0","0","0","Q3 evidence tree file; previously unstaged because Git metadata staging was blocked."
"catalog/scale/g8_q3_batch_repair/CUMCM-2004-B-003/pages/0009.txt","INCLUDE","1","0","1","0","0","0","Q3 evidence tree file; previously unstaged because Git metadata staging was blocked."
"catalog/scale/g8_q3_batch_repair/CUMCM-2004-B-003/pages/0010.txt","INCLUDE","1","0","1","0","0","0","Q3 evidence tree file; previously unstaged because Git metadata staging was blocked."
"catalog/scale/g8_q3_batch_repair/CUMCM-2004-B-003/pages/0011.txt","INCLUDE","1","0","1","0","0","0","Q3 evidence tree file; previously unstaged because Git metadata staging was blocked."
"catalog/scale/g8_q3_batch_repair/CUMCM-2004-B-003/pages/0012.txt","INCLUDE","1","0","1","0","0","0","Q3 evidence tree file; previously unstaged because Git metadata staging was blocked."
"catalog/scale/g8_q3_batch_repair/CUMCM-2004-B-003/pages/0013.txt","INCLUDE","1","0","1","0","0","0","Q3 evidence tree file; previously unstaged because Git metadata staging was blocked."
"catalog/scale/g8_q3_batch_repair/CUMCM-2004-B-003/pages/0014.txt","INCLUDE","1","0","1","0","0","0","Q3 evidence tree file; previously unstaged because Git metadata staging was blocked."
"catalog/scale/g8_q3_batch_repair/CUMCM-2004-B-003/provenance.json","INCLUDE","1","0","1","0","0","0","Q3 evidence tree file; previously unstaged because Git metadata staging was blocked."
"catalog/scale/g8_q3_batch_repair/CUMCM-2004-B-003/quality.json","INCLUDE","1","0","1","0","0","0","Q3 evidence tree file; previously unstaged because Git metadata staging was blocked."
"catalog/scale/g8_q3_batch_repair/CUMCM-2004-B-004/manifest.json","INCLUDE","1","0","1","0","0","0","Q3 evidence tree file; previously unstaged because Git metadata staging was blocked."
"catalog/scale/g8_q3_batch_repair/CUMCM-2004-B-004/normalized_body.txt","INCLUDE","1","0","1","0","0","0","Q3 evidence tree file; previously unstaged because Git metadata staging was blocked."
"catalog/scale/g8_q3_batch_repair/CUMCM-2004-B-004/pages/0001.txt","INCLUDE","1","0","1","0","0","0","Q3 evidence tree file; previously unstaged because Git metadata staging was blocked."
"catalog/scale/g8_q3_batch_repair/CUMCM-2004-B-004/pages/0002.txt","INCLUDE","1","0","1","0","0","0","Q3 evidence tree file; previously unstaged because Git metadata staging was blocked."
"catalog/scale/g8_q3_batch_repair/CUMCM-2004-B-004/pages/0003.txt","INCLUDE","1","0","1","0","0","0","Q3 evidence tree file; previously unstaged because Git metadata staging was blocked."
"catalog/scale/g8_q3_batch_repair/CUMCM-2004-B-004/pages/0004.txt","INCLUDE","1","0","1","0","0","0","Q3 evidence tree file; previously unstaged because Git metadata staging was blocked."
"catalog/scale/g8_q3_batch_repair/CUMCM-2004-B-004/pages/0005.txt","INCLUDE","1","0","1","0","0","0","Q3 evidence tree file; previously unstaged because Git metadata staging was blocked."
"catalog/scale/g8_q3_batch_repair/CUMCM-2004-B-004/pages/0006.txt","INCLUDE","1","0","1","0","0","0","Q3 evidence tree file; previously unstaged because Git metadata staging was blocked."
"catalog/scale/g8_q3_batch_repair/CUMCM-2004-B-004/pages/0007.txt","INCLUDE","1","0","1","0","0","0","Q3 evidence tree file; previously unstaged because Git metadata staging was blocked."
"catalog/scale/g8_q3_batch_repair/CUMCM-2004-B-004/provenance.json","INCLUDE","1","0","1","0","0","0","Q3 evidence tree file; previously unstaged because Git metadata staging was blocked."
"catalog/scale/g8_q3_batch_repair/CUMCM-2004-B-004/quality.json","INCLUDE","1","0","1","0","0","0","Q3 evidence tree file; previously unstaged because Git metadata staging was blocked."
"catalog/scale/g8_q3_batch_repair/CUMCM-2004-B-005/manifest.json","INCLUDE","1","0","1","0","0","0","Q3 evidence tree file; previously unstaged because Git metadata staging was blocked."
"catalog/scale/g8_q3_batch_repair/CUMCM-2004-B-005/normalized_body.txt","INCLUDE","1","0","1","0","0","0","Q3 evidence tree file; previously unstaged because Git metadata staging was blocked."
"catalog/scale/g8_q3_batch_repair/CUMCM-2004-B-005/pages/0001.txt","INCLUDE","1","0","1","0","0","0","Q3 evidence tree file; previously unstaged because Git metadata staging was blocked."
"catalog/scale/g8_q3_batch_repair/CUMCM-2004-B-005/pages/0002.txt","INCLUDE","1","0","1","0","0","0","Q3 evidence tree file; previously unstaged because Git metadata staging was blocked."
"catalog/scale/g8_q3_batch_repair/CUMCM-2004-B-005/pages/0003.txt","INCLUDE","1","0","1","0","0","0","Q3 evidence tree file; previously unstaged because Git metadata staging was blocked."
"catalog/scale/g8_q3_batch_repair/CUMCM-2004-B-005/pages/0004.txt","INCLUDE","1","0","1","0","0","0","Q3 evidence tree file; previously unstaged because Git metadata staging was blocked."
"catalog/scale/g8_q3_batch_repair/CUMCM-2004-B-005/pages/0005.txt","INCLUDE","1","0","1","0","0","0","Q3 evidence tree file; previously unstaged because Git metadata staging was blocked."
"catalog/scale/g8_q3_batch_repair/CUMCM-2004-B-005/pages/0006.txt","INCLUDE","1","0","1","0","0","0","Q3 evidence tree file; previously unstaged because Git metadata staging was blocked."
"catalog/scale/g8_q3_batch_repair/CUMCM-2004-B-005/provenance.json","INCLUDE","1","0","1","0","0","0","Q3 evidence tree file; previously unstaged because Git metadata staging was blocked."
"catalog/scale/g8_q3_batch_repair/CUMCM-2004-B-005/quality.json","INCLUDE","1","0","1","0","0","0","Q3 evidence tree file; previously unstaged because Git metadata staging was blocked."
"catalog/scale/g8_q3_batch_repair/CUMCM-2004-B-006/manifest.json","INCLUDE","1","0","1","0","0","0","Q3 evidence tree file; previously unstaged because Git metadata staging was blocked."
"catalog/scale/g8_q3_batch_repair/CUMCM-2004-B-006/normalized_body.txt","INCLUDE","1","0","1","0","0","0","Q3 evidence tree file; previously unstaged because Git metadata staging was blocked."
"catalog/scale/g8_q3_batch_repair/CUMCM-2004-B-006/pages/0001.txt","INCLUDE","1","0","1","0","0","0","Q3 evidence tree file; previously unstaged because Git metadata staging was blocked."
"catalog/scale/g8_q3_batch_repair/CUMCM-2004-B-006/pages/0002.txt","INCLUDE","1","0","1","0","0","0","Q3 evidence tree file; previously unstaged because Git metadata staging was blocked."
"catalog/scale/g8_q3_batch_repair/CUMCM-2004-B-006/pages/0003.txt","INCLUDE","1","0","1","0","0","0","Q3 evidence tree file; previously unstaged because Git metadata staging was blocked."
"catalog/scale/g8_q3_batch_repair/CUMCM-2004-B-006/pages/0004.txt","INCLUDE","1","0","1","0","0","0","Q3 evidence tree file; previously unstaged because Git metadata staging was blocked."
"catalog/scale/g8_q3_batch_repair/CUMCM-2004-B-006/pages/0005.txt","INCLUDE","1","0","1","0","0","0","Q3 evidence tree file; previously unstaged because Git metadata staging was blocked."
"catalog/scale/g8_q3_batch_repair/CUMCM-2004-B-006/pages/0006.txt","INCLUDE","1","0","1","0","0","0","Q3 evidence tree file; previously unstaged because Git metadata staging was blocked."
"catalog/scale/g8_q3_batch_repair/CUMCM-2004-B-006/pages/0007.txt","INCLUDE","1","0","1","0","0","0","Q3 evidence tree file; previously unstaged because Git metadata staging was blocked."
"catalog/scale/g8_q3_batch_repair/CUMCM-2004-B-006/pages/0008.txt","INCLUDE","1","0","1","0","0","0","Q3 evidence tree file; previously unstaged because Git metadata staging was blocked."
"catalog/scale/g8_q3_batch_repair/CUMCM-2004-B-006/provenance.json","INCLUDE","1","0","1","0","0","0","Q3 evidence tree file; previously unstaged because Git metadata staging was blocked."
"catalog/scale/g8_q3_batch_repair/CUMCM-2004-B-006/quality.json","INCLUDE","1","0","1","0","0","0","Q3 evidence tree file; previously unstaged because Git metadata staging was blocked."
"catalog/scale/g8_q3_batch_repair/CUMCM-2004-B-007/manifest.json","INCLUDE","1","0","1","0","0","0","Q3 evidence tree file; previously unstaged because Git metadata staging was blocked."
"catalog/scale/g8_q3_batch_repair/CUMCM-2004-B-007/normalized_body.txt","INCLUDE","1","0","1","0","0","0","Q3 evidence tree file; previously unstaged because Git metadata staging was blocked."
"catalog/scale/g8_q3_batch_repair/CUMCM-2004-B-007/pages/0001.txt","INCLUDE","1","0","1","0","0","0","Q3 evidence tree file; previously unstaged because Git metadata staging was blocked."
"catalog/scale/g8_q3_batch_repair/CUMCM-2004-B-007/pages/0002.txt","INCLUDE","1","0","1","0","0","0","Q3 evidence tree file; previously unstaged because Git metadata staging was blocked."
"catalog/scale/g8_q3_batch_repair/CUMCM-2004-B-007/pages/0003.txt","INCLUDE","1","0","1","0","0","0","Q3 evidence tree file; previously unstaged because Git metadata staging was blocked."
"catalog/scale/g8_q3_batch_repair/CUMCM-2004-B-007/pages/0004.txt","INCLUDE","1","0","1","0","0","0","Q3 evidence tree file; previously unstaged because Git metadata staging was blocked."
"catalog/scale/g8_q3_batch_repair/CUMCM-2004-B-007/pages/0005.txt","INCLUDE","1","0","1","0","0","0","Q3 evidence tree file; previously unstaged because Git metadata staging was blocked."
"catalog/scale/g8_q3_batch_repair/CUMCM-2004-B-007/pages/0006.txt","INCLUDE","1","0","1","0","0","0","Q3 evidence tree file; previously unstaged because Git metadata staging was blocked."
"catalog/scale/g8_q3_batch_repair/CUMCM-2004-B-007/pages/0007.txt","INCLUDE","1","0","1","0","0","0","Q3 evidence tree file; previously unstaged because Git metadata staging was blocked."
"catalog/scale/g8_q3_batch_repair/CUMCM-2004-B-007/pages/0008.txt","INCLUDE","1","0","1","0","0","0","Q3 evidence tree file; previously unstaged because Git metadata staging was blocked."
"catalog/scale/g8_q3_batch_repair/CUMCM-2004-B-007/provenance.json","INCLUDE","1","0","1","0","0","0","Q3 evidence tree file; previously unstaged because Git metadata staging was blocked."
"catalog/scale/g8_q3_batch_repair/CUMCM-2004-B-007/quality.json","INCLUDE","1","0","1","0","0","0","Q3 evidence tree file; previously unstaged because Git metadata staging was blocked."
"catalog/scale/g8_q3_batch_repair/CUMCM-2007-A-005/manifest.json","INCLUDE","1","0","1","0","0","0","Q3 evidence tree file; previously unstaged because Git metadata staging was blocked."
"catalog/scale/g8_q3_batch_repair/CUMCM-2007-A-005/normalized_body.txt","INCLUDE","1","0","1","0","0","0","Q3 evidence tree file; previously unstaged because Git metadata staging was blocked."
"catalog/scale/g8_q3_batch_repair/CUMCM-2007-A-005/pages/0001.txt","INCLUDE","1","0","1","0","0","0","Q3 evidence tree file; previously unstaged because Git metadata staging was blocked."
"catalog/scale/g8_q3_batch_repair/CUMCM-2007-A-005/pages/0002.txt","INCLUDE","1","0","1","0","0","0","Q3 evidence tree file; previously unstaged because Git metadata staging was blocked."
"catalog/scale/g8_q3_batch_repair/CUMCM-2007-A-005/pages/0003.txt","INCLUDE","1","0","1","0","0","0","Q3 evidence tree file; previously unstaged because Git metadata staging was blocked."
"catalog/scale/g8_q3_batch_repair/CUMCM-2007-A-005/pages/0004.txt","INCLUDE","1","0","1","0","0","0","Q3 evidence tree file; previously unstaged because Git metadata staging was blocked."
"catalog/scale/g8_q3_batch_repair/CUMCM-2007-A-005/pages/0005.txt","INCLUDE","1","0","1","0","0","0","Q3 evidence tree file; previously unstaged because Git metadata staging was blocked."
"catalog/scale/g8_q3_batch_repair/CUMCM-2007-A-005/pages/0006.txt","INCLUDE","1","0","1","0","0","0","Q3 evidence tree file; previously unstaged because Git metadata staging was blocked."
"catalog/scale/g8_q3_batch_repair/CUMCM-2007-A-005/pages/0007.txt","INCLUDE","1","0","1","0","0","0","Q3 evidence tree file; previously unstaged because Git metadata staging was blocked."
"catalog/scale/g8_q3_batch_repair/CUMCM-2007-A-005/pages/0008.txt","INCLUDE","1","0","1","0","0","0","Q3 evidence tree file; previously unstaged because Git metadata staging was blocked."
"catalog/scale/g8_q3_batch_repair/CUMCM-2007-A-005/provenance.json","INCLUDE","1","0","1","0","0","0","Q3 evidence tree file; previously unstaged because Git metadata staging was blocked."
"catalog/scale/g8_q3_batch_repair/CUMCM-2007-A-005/quality.json","INCLUDE","1","0","1","0","0","0","Q3 evidence tree file; previously unstaged because Git metadata staging was blocked."
"catalog/scale/g8_q3_batch_repair/CUMCM-2007-A-008/manifest.json","INCLUDE","1","0","1","0","0","0","Q3 evidence tree file; previously unstaged because Git metadata staging was blocked."
"catalog/scale/g8_q3_batch_repair/CUMCM-2007-A-008/normalized_body.txt","INCLUDE","1","0","1","0","0","0","Q3 evidence tree file; previously unstaged because Git metadata staging was blocked."
"catalog/scale/g8_q3_batch_repair/CUMCM-2007-A-008/pages/0001.txt","INCLUDE","1","0","1","0","0","0","Q3 evidence tree file; previously unstaged because Git metadata staging was blocked."
"catalog/scale/g8_q3_batch_repair/CUMCM-2007-A-008/pages/0002.txt","INCLUDE","1","0","1","0","0","0","Q3 evidence tree file; previously unstaged because Git metadata staging was blocked."
"catalog/scale/g8_q3_batch_repair/CUMCM-2007-A-008/pages/0003.txt","INCLUDE","1","0","1","0","0","0","Q3 evidence tree file; previously unstaged because Git metadata staging was blocked."
"catalog/scale/g8_q3_batch_repair/CUMCM-2007-A-008/pages/0004.txt","INCLUDE","1","0","1","0","0","0","Q3 evidence tree file; previously unstaged because Git metadata staging was blocked."
"catalog/scale/g8_q3_batch_repair/CUMCM-2007-A-008/pages/0005.txt","INCLUDE","1","0","1","0","0","0","Q3 evidence tree file; previously unstaged because Git metadata staging was blocked."
"catalog/scale/g8_q3_batch_repair/CUMCM-2007-A-008/pages/0006.txt","INCLUDE","1","0","1","0","0","0","Q3 evidence tree file; previously unstaged because Git metadata staging was blocked."
"catalog/scale/g8_q3_batch_repair/CUMCM-2007-A-008/pages/0007.txt","INCLUDE","1","0","1","0","0","0","Q3 evidence tree file; previously unstaged because Git metadata staging was blocked."
"catalog/scale/g8_q3_batch_repair/CUMCM-2007-A-008/pages/0008.txt","INCLUDE","1","0","1","0","0","0","Q3 evidence tree file; previously unstaged because Git metadata staging was blocked."
"catalog/scale/g8_q3_batch_repair/CUMCM-2007-A-008/provenance.json","INCLUDE","1","0","1","0","0","0","Q3 evidence tree file; previously unstaged because Git metadata staging was blocked."
"catalog/scale/g8_q3_batch_repair/CUMCM-2007-A-008/quality.json","INCLUDE","1","0","1","0","0","0","Q3 evidence tree file; previously unstaged because Git metadata staging was blocked."
"catalog/scale/g8_q3_batch_repair/CUMCM-2007-A-009/manifest.json","INCLUDE","1","0","1","0","0","0","Q3 evidence tree file; previously unstaged because Git metadata staging was blocked."
"catalog/scale/g8_q3_batch_repair/CUMCM-2007-A-009/normalized_body.txt","INCLUDE","1","0","1","0","0","0","Q3 evidence tree file; previously unstaged because Git metadata staging was blocked."
"catalog/scale/g8_q3_batch_repair/CUMCM-2007-A-009/pages/0001.txt","INCLUDE","1","0","1","0","0","0","Q3 evidence tree file; previously unstaged because Git metadata staging was blocked."
"catalog/scale/g8_q3_batch_repair/CUMCM-2007-A-009/pages/0002.txt","INCLUDE","1","0","1","0","0","0","Q3 evidence tree file; previously unstaged because Git metadata staging was blocked."
"catalog/scale/g8_q3_batch_repair/CUMCM-2007-A-009/pages/0003.txt","INCLUDE","1","0","1","0","0","0","Q3 evidence tree file; previously unstaged because Git metadata staging was blocked."
"catalog/scale/g8_q3_batch_repair/CUMCM-2007-A-009/pages/0004.txt","INCLUDE","1","0","1","0","0","0","Q3 evidence tree file; previously unstaged because Git metadata staging was blocked."
"catalog/scale/g8_q3_batch_repair/CUMCM-2007-A-009/pages/0005.txt","INCLUDE","1","0","1","0","0","0","Q3 evidence tree file; previously unstaged because Git metadata staging was blocked."
"catalog/scale/g8_q3_batch_repair/CUMCM-2007-A-009/pages/0006.txt","INCLUDE","1","0","1","0","0","0","Q3 evidence tree file; previously unstaged because Git metadata staging was blocked."
"catalog/scale/g8_q3_batch_repair/CUMCM-2007-A-009/pages/0007.txt","INCLUDE","1","0","1","0","0","0","Q3 evidence tree file; previously unstaged because Git metadata staging was blocked."
"catalog/scale/g8_q3_batch_repair/CUMCM-2007-A-009/provenance.json","INCLUDE","1","0","1","0","0","0","Q3 evidence tree file; previously unstaged because Git metadata staging was blocked."
"catalog/scale/g8_q3_batch_repair/CUMCM-2007-A-009/quality.json","INCLUDE","1","0","1","0","0","0","Q3 evidence tree file; previously unstaged because Git metadata staging was blocked."
"catalog/scale/g8_q3_batch_repair/CUMCM-2007-A-012/manifest.json","INCLUDE","1","0","1","0","0","0","Q3 evidence tree file; previously unstaged because Git metadata staging was blocked."
"catalog/scale/g8_q3_batch_repair/CUMCM-2007-A-012/normalized_body.txt","INCLUDE","1","0","1","0","0","0","Q3 evidence tree file; previously unstaged because Git metadata staging was blocked."
"catalog/scale/g8_q3_batch_repair/CUMCM-2007-A-012/pages/0001.txt","INCLUDE","1","0","1","0","0","0","Q3 evidence tree file; previously unstaged because Git metadata staging was blocked."
"catalog/scale/g8_q3_batch_repair/CUMCM-2007-A-012/pages/0002.txt","INCLUDE","1","0","1","0","0","0","Q3 evidence tree file; previously unstaged because Git metadata staging was blocked."
"catalog/scale/g8_q3_batch_repair/CUMCM-2007-A-012/pages/0003.txt","INCLUDE","1","0","1","0","0","0","Q3 evidence tree file; previously unstaged because Git metadata staging was blocked."
"catalog/scale/g8_q3_batch_repair/CUMCM-2007-A-012/pages/0004.txt","INCLUDE","1","0","1","0","0","0","Q3 evidence tree file; previously unstaged because Git metadata staging was blocked."
"catalog/scale/g8_q3_batch_repair/CUMCM-2007-A-012/pages/0005.txt","INCLUDE","1","0","1","0","0","0","Q3 evidence tree file; previously unstaged because Git metadata staging was blocked."
"catalog/scale/g8_q3_batch_repair/CUMCM-2007-A-012/pages/0006.txt","INCLUDE","1","0","1","0","0","0","Q3 evidence tree file; previously unstaged because Git metadata staging was blocked."
"catalog/scale/g8_q3_batch_repair/CUMCM-2007-A-012/pages/0007.txt","INCLUDE","1","0","1","0","0","0","Q3 evidence tree file; previously unstaged because Git metadata staging was blocked."
"catalog/scale/g8_q3_batch_repair/CUMCM-2007-A-012/pages/0008.txt","INCLUDE","1","0","1","0","0","0","Q3 evidence tree file; previously unstaged because Git metadata staging was blocked."
"catalog/scale/g8_q3_batch_repair/CUMCM-2007-A-012/pages/0009.txt","INCLUDE","1","0","1","0","0","0","Q3 evidence tree file; previously unstaged because Git metadata staging was blocked."
"catalog/scale/g8_q3_batch_repair/CUMCM-2007-A-012/pages/0010.txt","INCLUDE","1","0","1","0","0","0","Q3 evidence tree file; previously unstaged because Git metadata staging was blocked."
"catalog/scale/g8_q3_batch_repair/CUMCM-2007-A-012/provenance.json","INCLUDE","1","0","1","0","0","0","Q3 evidence tree file; previously unstaged because Git metadata staging was blocked."
"catalog/scale/g8_q3_batch_repair/CUMCM-2007-A-012/quality.json","INCLUDE","1","0","1","0","0","0","Q3 evidence tree file; previously unstaged because Git metadata staging was blocked."
"catalog/scale/g8_q3_batch_repair/CUMCM-2007-A-015/manifest.json","INCLUDE","1","0","1","0","0","0","Q3 evidence tree file; previously unstaged because Git metadata staging was blocked."
"catalog/scale/g8_q3_batch_repair/CUMCM-2007-A-015/normalized_body.txt","INCLUDE","1","0","1","0","0","0","Q3 evidence tree file; previously unstaged because Git metadata staging was blocked."
"catalog/scale/g8_q3_batch_repair/CUMCM-2007-A-015/pages/0001.txt","INCLUDE","1","0","1","0","0","0","Q3 evidence tree file; previously unstaged because Git metadata staging was blocked."
"catalog/scale/g8_q3_batch_repair/CUMCM-2007-A-015/pages/0002.txt","INCLUDE","1","0","1","0","0","0","Q3 evidence tree file; previously unstaged because Git metadata staging was blocked."
"catalog/scale/g8_q3_batch_repair/CUMCM-2007-A-015/pages/0003.txt","INCLUDE","1","0","1","0","0","0","Q3 evidence tree file; previously unstaged because Git metadata staging was blocked."
"catalog/scale/g8_q3_batch_repair/CUMCM-2007-A-015/pages/0004.txt","INCLUDE","1","0","1","0","0","0","Q3 evidence tree file; previously unstaged because Git metadata staging was blocked."
"catalog/scale/g8_q3_batch_repair/CUMCM-2007-A-015/pages/0005.txt","INCLUDE","1","0","1","0","0","0","Q3 evidence tree file; previously unstaged because Git metadata staging was blocked."
"catalog/scale/g8_q3_batch_repair/CUMCM-2007-A-015/pages/0006.txt","INCLUDE","1","0","1","0","0","0","Q3 evidence tree file; previously unstaged because Git metadata staging was blocked."
"catalog/scale/g8_q3_batch_repair/CUMCM-2007-A-015/pages/0007.txt","INCLUDE","1","0","1","0","0","0","Q3 evidence tree file; previously unstaged because Git metadata staging was blocked."
"catalog/scale/g8_q3_batch_repair/CUMCM-2007-A-015/provenance.json","INCLUDE","1","0","1","0","0","0","Q3 evidence tree file; previously unstaged because Git metadata staging was blocked."
"catalog/scale/g8_q3_batch_repair/CUMCM-2007-A-015/quality.json","INCLUDE","1","0","1","0","0","0","Q3 evidence tree file; previously unstaged because Git metadata staging was blocked."
"catalog/scale/g8_q3_batch_repair/CUMCM-2007-B-005/manifest.json","INCLUDE","1","0","1","0","0","0","Q3 evidence tree file; previously unstaged because Git metadata staging was blocked."
"catalog/scale/g8_q3_batch_repair/CUMCM-2007-B-005/normalized_body.txt","INCLUDE","1","0","1","0","0","0","Q3 evidence tree file; previously unstaged because Git metadata staging was blocked."
"catalog/scale/g8_q3_batch_repair/CUMCM-2007-B-005/pages/0001.txt","INCLUDE","1","0","1","0","0","0","Q3 evidence tree file; previously unstaged because Git metadata staging was blocked."
"catalog/scale/g8_q3_batch_repair/CUMCM-2007-B-005/pages/0002.txt","INCLUDE","1","0","1","0","0","0","Q3 evidence tree file; previously unstaged because Git metadata staging was blocked."
"catalog/scale/g8_q3_batch_repair/CUMCM-2007-B-005/pages/0003.txt","INCLUDE","1","0","1","0","0","0","Q3 evidence tree file; previously unstaged because Git metadata staging was blocked."
"catalog/scale/g8_q3_batch_repair/CUMCM-2007-B-005/pages/0004.txt","INCLUDE","1","0","1","0","0","0","Q3 evidence tree file; previously unstaged because Git metadata staging was blocked."
"catalog/scale/g8_q3_batch_repair/CUMCM-2007-B-005/pages/0005.txt","INCLUDE","1","0","1","0","0","0","Q3 evidence tree file; previously unstaged because Git metadata staging was blocked."
"catalog/scale/g8_q3_batch_repair/CUMCM-2007-B-005/pages/0006.txt","INCLUDE","1","0","1","0","0","0","Q3 evidence tree file; previously unstaged because Git metadata staging was blocked."
"catalog/scale/g8_q3_batch_repair/CUMCM-2007-B-005/pages/0007.txt","INCLUDE","1","0","1","0","0","0","Q3 evidence tree file; previously unstaged because Git metadata staging was blocked."
"catalog/scale/g8_q3_batch_repair/CUMCM-2007-B-005/pages/0008.txt","INCLUDE","1","0","1","0","0","0","Q3 evidence tree file; previously unstaged because Git metadata staging was blocked."
"catalog/scale/g8_q3_batch_repair/CUMCM-2007-B-005/pages/0009.txt","INCLUDE","1","0","1","0","0","0","Q3 evidence tree file; previously unstaged because Git metadata staging was blocked."
"catalog/scale/g8_q3_batch_repair/CUMCM-2007-B-005/provenance.json","INCLUDE","1","0","1","0","0","0","Q3 evidence tree file; previously unstaged because Git metadata staging was blocked."
"catalog/scale/g8_q3_batch_repair/CUMCM-2007-B-005/quality.json","INCLUDE","1","0","1","0","0","0","Q3 evidence tree file; previously unstaged because Git metadata staging was blocked."
"catalog/scale/g8_q3_batch_repair/CUMCM-2007-B-007/manifest.json","INCLUDE","1","0","1","0","0","0","Q3 evidence tree file; previously unstaged because Git metadata staging was blocked."
"catalog/scale/g8_q3_batch_repair/CUMCM-2007-B-007/normalized_body.txt","INCLUDE","1","0","1","0","0","0","Q3 evidence tree file; previously unstaged because Git metadata staging was blocked."
"catalog/scale/g8_q3_batch_repair/CUMCM-2007-B-007/pages/0001.txt","INCLUDE","1","0","1","0","0","0","Q3 evidence tree file; previously unstaged because Git metadata staging was blocked."
"catalog/scale/g8_q3_batch_repair/CUMCM-2007-B-007/pages/0002.txt","INCLUDE","1","0","1","0","0","0","Q3 evidence tree file; previously unstaged because Git metadata staging was blocked."
"catalog/scale/g8_q3_batch_repair/CUMCM-2007-B-007/pages/0003.txt","INCLUDE","1","0","1","0","0","0","Q3 evidence tree file; previously unstaged because Git metadata staging was blocked."
"catalog/scale/g8_q3_batch_repair/CUMCM-2007-B-007/pages/0004.txt","INCLUDE","1","0","1","0","0","0","Q3 evidence tree file; previously unstaged because Git metadata staging was blocked."
"catalog/scale/g8_q3_batch_repair/CUMCM-2007-B-007/provenance.json","INCLUDE","1","0","1","0","0","0","Q3 evidence tree file; previously unstaged because Git metadata staging was blocked."
"catalog/scale/g8_q3_batch_repair/CUMCM-2007-B-007/quality.json","INCLUDE","1","0","1","0","0","0","Q3 evidence tree file; previously unstaged because Git metadata staging was blocked."
"catalog/scale/g8_q3_batch_repair/CUMCM-2007-B-010/manifest.json","INCLUDE","1","0","1","0","0","0","Q3 evidence tree file; previously unstaged because Git metadata staging was blocked."
"catalog/scale/g8_q3_batch_repair/CUMCM-2007-B-010/normalized_body.txt","INCLUDE","1","0","1","0","0","0","Q3 evidence tree file; previously unstaged because Git metadata staging was blocked."
"catalog/scale/g8_q3_batch_repair/CUMCM-2007-B-010/pages/0001.txt","INCLUDE","1","0","1","0","0","0","Q3 evidence tree file; previously unstaged because Git metadata staging was blocked."
"catalog/scale/g8_q3_batch_repair/CUMCM-2007-B-010/pages/0002.txt","INCLUDE","1","0","1","0","0","0","Q3 evidence tree file; previously unstaged because Git metadata staging was blocked."
"catalog/scale/g8_q3_batch_repair/CUMCM-2007-B-010/pages/0003.txt","INCLUDE","1","0","1","0","0","0","Q3 evidence tree file; previously unstaged because Git metadata staging was blocked."
"catalog/scale/g8_q3_batch_repair/CUMCM-2007-B-010/pages/0004.txt","INCLUDE","1","0","1","0","0","0","Q3 evidence tree file; previously unstaged because Git metadata staging was blocked."
"catalog/scale/g8_q3_batch_repair/CUMCM-2007-B-010/pages/0005.txt","INCLUDE","1","0","1","0","0","0","Q3 evidence tree file; previously unstaged because Git metadata staging was blocked."
"catalog/scale/g8_q3_batch_repair/CUMCM-2007-B-010/pages/0006.txt","INCLUDE","1","0","1","0","0","0","Q3 evidence tree file; previously unstaged because Git metadata staging was blocked."
"catalog/scale/g8_q3_batch_repair/CUMCM-2007-B-010/pages/0007.txt","INCLUDE","1","0","1","0","0","0","Q3 evidence tree file; previously unstaged because Git metadata staging was blocked."
"catalog/scale/g8_q3_batch_repair/CUMCM-2007-B-010/provenance.json","INCLUDE","1","0","1","0","0","0","Q3 evidence tree file; previously unstaged because Git metadata staging was blocked."
"catalog/scale/g8_q3_batch_repair/CUMCM-2007-B-010/quality.json","INCLUDE","1","0","1","0","0","0","Q3 evidence tree file; previously unstaged because Git metadata staging was blocked."
"catalog/scale/g8_q3_batch_repair/CUMCM-2007-C-001/manifest.json","INCLUDE","1","0","1","0","0","0","Q3 evidence tree file; previously unstaged because Git metadata staging was blocked."
"catalog/scale/g8_q3_batch_repair/CUMCM-2007-C-001/normalized_body.txt","INCLUDE","1","0","1","0","0","0","Q3 evidence tree file; previously unstaged because Git metadata staging was blocked."
"catalog/scale/g8_q3_batch_repair/CUMCM-2007-C-001/pages/0001.txt","INCLUDE","1","0","1","0","0","0","Q3 evidence tree file; previously unstaged because Git metadata staging was blocked."
"catalog/scale/g8_q3_batch_repair/CUMCM-2007-C-001/pages/0002.txt","INCLUDE","1","0","1","0","0","0","Q3 evidence tree file; previously unstaged because Git metadata staging was blocked."
"catalog/scale/g8_q3_batch_repair/CUMCM-2007-C-001/pages/0003.txt","INCLUDE","1","0","1","0","0","0","Q3 evidence tree file; previously unstaged because Git metadata staging was blocked."
"catalog/scale/g8_q3_batch_repair/CUMCM-2007-C-001/pages/0004.txt","INCLUDE","1","0","1","0","0","0","Q3 evidence tree file; previously unstaged because Git metadata staging was blocked."
"catalog/scale/g8_q3_batch_repair/CUMCM-2007-C-001/pages/0005.txt","INCLUDE","1","0","1","0","0","0","Q3 evidence tree file; previously unstaged because Git metadata staging was blocked."
"catalog/scale/g8_q3_batch_repair/CUMCM-2007-C-001/pages/0006.txt","INCLUDE","1","0","1","0","0","0","Q3 evidence tree file; previously unstaged because Git metadata staging was blocked."
"catalog/scale/g8_q3_batch_repair/CUMCM-2007-C-001/pages/0007.txt","INCLUDE","1","0","1","0","0","0","Q3 evidence tree file; previously unstaged because Git metadata staging was blocked."
"catalog/scale/g8_q3_batch_repair/CUMCM-2007-C-001/provenance.json","INCLUDE","1","0","1","0","0","0","Q3 evidence tree file; previously unstaged because Git metadata staging was blocked."
"catalog/scale/g8_q3_batch_repair/CUMCM-2007-C-001/quality.json","INCLUDE","1","0","1","0","0","0","Q3 evidence tree file; previously unstaged because Git metadata staging was blocked."
"catalog/scale/g8_q3_batch_repair/CUMCM-2007-C-002/manifest.json","INCLUDE","1","0","1","0","0","0","Q3 evidence tree file; previously unstaged because Git metadata staging was blocked."
"catalog/scale/g8_q3_batch_repair/CUMCM-2007-C-002/normalized_body.txt","INCLUDE","1","0","1","0","0","0","Q3 evidence tree file; previously unstaged because Git metadata staging was blocked."
"catalog/scale/g8_q3_batch_repair/CUMCM-2007-C-002/pages/0001.txt","INCLUDE","1","0","1","0","0","0","Q3 evidence tree file; previously unstaged because Git metadata staging was blocked."
"catalog/scale/g8_q3_batch_repair/CUMCM-2007-C-002/pages/0002.txt","INCLUDE","1","0","1","0","0","0","Q3 evidence tree file; previously unstaged because Git metadata staging was blocked."
"catalog/scale/g8_q3_batch_repair/CUMCM-2007-C-002/pages/0003.txt","INCLUDE","1","0","1","0","0","0","Q3 evidence tree file; previously unstaged because Git metadata staging was blocked."
"catalog/scale/g8_q3_batch_repair/CUMCM-2007-C-002/pages/0004.txt","INCLUDE","1","0","1","0","0","0","Q3 evidence tree file; previously unstaged because Git metadata staging was blocked."
"catalog/scale/g8_q3_batch_repair/CUMCM-2007-C-002/pages/0005.txt","INCLUDE","1","0","1","0","0","0","Q3 evidence tree file; previously unstaged because Git metadata staging was blocked."
"catalog/scale/g8_q3_batch_repair/CUMCM-2007-C-002/pages/0006.txt","INCLUDE","1","0","1","0","0","0","Q3 evidence tree file; previously unstaged because Git metadata staging was blocked."
"catalog/scale/g8_q3_batch_repair/CUMCM-2007-C-002/pages/0007.txt","INCLUDE","1","0","1","0","0","0","Q3 evidence tree file; previously unstaged because Git metadata staging was blocked."
"catalog/scale/g8_q3_batch_repair/CUMCM-2007-C-002/provenance.json","INCLUDE","1","0","1","0","0","0","Q3 evidence tree file; previously unstaged because Git metadata staging was blocked."
"catalog/scale/g8_q3_batch_repair/CUMCM-2007-C-002/quality.json","INCLUDE","1","0","1","0","0","0","Q3 evidence tree file; previously unstaged because Git metadata staging was blocked."
"catalog/scale/g8_q3_batch_repair/CUMCM-2007-C-003/manifest.json","INCLUDE","1","0","1","0","0","0","Q3 evidence tree file; previously unstaged because Git metadata staging was blocked."
"catalog/scale/g8_q3_batch_repair/CUMCM-2007-C-003/normalized_body.txt","INCLUDE","1","0","1","0","0","0","Q3 evidence tree file; previously unstaged because Git metadata staging was blocked."
"catalog/scale/g8_q3_batch_repair/CUMCM-2007-C-003/pages/0001.txt","INCLUDE","1","0","1","0","0","0","Q3 evidence tree file; previously unstaged because Git metadata staging was blocked."
"catalog/scale/g8_q3_batch_repair/CUMCM-2007-C-003/pages/0002.txt","INCLUDE","1","0","1","0","0","0","Q3 evidence tree file; previously unstaged because Git metadata staging was blocked."
"catalog/scale/g8_q3_batch_repair/CUMCM-2007-C-003/pages/0003.txt","INCLUDE","1","0","1","0","0","0","Q3 evidence tree file; previously unstaged because Git metadata staging was blocked."
"catalog/scale/g8_q3_batch_repair/CUMCM-2007-C-003/pages/0004.txt","INCLUDE","1","0","1","0","0","0","Q3 evidence tree file; previously unstaged because Git metadata staging was blocked."
"catalog/scale/g8_q3_batch_repair/CUMCM-2007-C-003/pages/0005.txt","INCLUDE","1","0","1","0","0","0","Q3 evidence tree file; previously unstaged because Git metadata staging was blocked."
"catalog/scale/g8_q3_batch_repair/CUMCM-2007-C-003/pages/0006.txt","INCLUDE","1","0","1","0","0","0","Q3 evidence tree file; previously unstaged because Git metadata staging was blocked."
"catalog/scale/g8_q3_batch_repair/CUMCM-2007-C-003/pages/0007.txt","INCLUDE","1","0","1","0","0","0","Q3 evidence tree file; previously unstaged because Git metadata staging was blocked."
"catalog/scale/g8_q3_batch_repair/CUMCM-2007-C-003/pages/0008.txt","INCLUDE","1","0","1","0","0","0","Q3 evidence tree file; previously unstaged because Git metadata staging was blocked."
"catalog/scale/g8_q3_batch_repair/CUMCM-2007-C-003/pages/0009.txt","INCLUDE","1","0","1","0","0","0","Q3 evidence tree file; previously unstaged because Git metadata staging was blocked."
"catalog/scale/g8_q3_batch_repair/CUMCM-2007-C-003/pages/0010.txt","INCLUDE","1","0","1","0","0","0","Q3 evidence tree file; previously unstaged because Git metadata staging was blocked."
"catalog/scale/g8_q3_batch_repair/CUMCM-2007-C-003/pages/0011.txt","INCLUDE","1","0","1","0","0","0","Q3 evidence tree file; previously unstaged because Git metadata staging was blocked."
"catalog/scale/g8_q3_batch_repair/CUMCM-2007-C-003/provenance.json","INCLUDE","1","0","1","0","0","0","Q3 evidence tree file; previously unstaged because Git metadata staging was blocked."
"catalog/scale/g8_q3_batch_repair/CUMCM-2007-C-003/quality.json","INCLUDE","1","0","1","0","0","0","Q3 evidence tree file; previously unstaged because Git metadata staging was blocked."
"catalog/scale/g8_q3_batch_repair/CUMCM-2007-D-001/manifest.json","INCLUDE","1","0","1","0","0","0","Q3 evidence tree file; previously unstaged because Git metadata staging was blocked."
"catalog/scale/g8_q3_batch_repair/CUMCM-2007-D-001/normalized_body.txt","INCLUDE","1","0","1","0","0","0","Q3 evidence tree file; previously unstaged because Git metadata staging was blocked."
"catalog/scale/g8_q3_batch_repair/CUMCM-2007-D-001/pages/0001.txt","INCLUDE","1","0","1","0","0","0","Q3 evidence tree file; previously unstaged because Git metadata staging was blocked."
"catalog/scale/g8_q3_batch_repair/CUMCM-2007-D-001/pages/0002.txt","INCLUDE","1","0","1","0","0","0","Q3 evidence tree file; previously unstaged because Git metadata staging was blocked."
"catalog/scale/g8_q3_batch_repair/CUMCM-2007-D-001/pages/0003.txt","INCLUDE","1","0","1","0","0","0","Q3 evidence tree file; previously unstaged because Git metadata staging was blocked."
"catalog/scale/g8_q3_batch_repair/CUMCM-2007-D-001/pages/0004.txt","INCLUDE","1","0","1","0","0","0","Q3 evidence tree file; previously unstaged because Git metadata staging was blocked."
"catalog/scale/g8_q3_batch_repair/CUMCM-2007-D-001/pages/0005.txt","INCLUDE","1","0","1","0","0","0","Q3 evidence tree file; previously unstaged because Git metadata staging was blocked."
"catalog/scale/g8_q3_batch_repair/CUMCM-2007-D-001/pages/0006.txt","INCLUDE","1","0","1","0","0","0","Q3 evidence tree file; previously unstaged because Git metadata staging was blocked."
"catalog/scale/g8_q3_batch_repair/CUMCM-2007-D-001/pages/0007.txt","INCLUDE","1","0","1","0","0","0","Q3 evidence tree file; previously unstaged because Git metadata staging was blocked."
"catalog/scale/g8_q3_batch_repair/CUMCM-2007-D-001/pages/0008.txt","INCLUDE","1","0","1","0","0","0","Q3 evidence tree file; previously unstaged because Git metadata staging was blocked."
"catalog/scale/g8_q3_batch_repair/CUMCM-2007-D-001/pages/0009.txt","INCLUDE","1","0","1","0","0","0","Q3 evidence tree file; previously unstaged because Git metadata staging was blocked."
"catalog/scale/g8_q3_batch_repair/CUMCM-2007-D-001/provenance.json","INCLUDE","1","0","1","0","0","0","Q3 evidence tree file; previously unstaged because Git metadata staging was blocked."
"catalog/scale/g8_q3_batch_repair/CUMCM-2007-D-001/quality.json","INCLUDE","1","0","1","0","0","0","Q3 evidence tree file; previously unstaged because Git metadata staging was blocked."
"catalog/scale/g8_q3_batch_repair/CUMCM-2007-D-002/manifest.json","INCLUDE","1","0","1","0","0","0","Q3 evidence tree file; previously unstaged because Git metadata staging was blocked."
"catalog/scale/g8_q3_batch_repair/CUMCM-2007-D-002/normalized_body.txt","INCLUDE","1","0","1","0","0","0","Q3 evidence tree file; previously unstaged because Git metadata staging was blocked."
"catalog/scale/g8_q3_batch_repair/CUMCM-2007-D-002/pages/0001.txt","INCLUDE","1","0","1","0","0","0","Q3 evidence tree file; previously unstaged because Git metadata staging was blocked."
"catalog/scale/g8_q3_batch_repair/CUMCM-2007-D-002/pages/0002.txt","INCLUDE","1","0","1","0","0","0","Q3 evidence tree file; previously unstaged because Git metadata staging was blocked."
"catalog/scale/g8_q3_batch_repair/CUMCM-2007-D-002/pages/0003.txt","INCLUDE","1","0","1","0","0","0","Q3 evidence tree file; previously unstaged because Git metadata staging was blocked."
"catalog/scale/g8_q3_batch_repair/CUMCM-2007-D-002/pages/0004.txt","INCLUDE","1","0","1","0","0","0","Q3 evidence tree file; previously unstaged because Git metadata staging was blocked."
"catalog/scale/g8_q3_batch_repair/CUMCM-2007-D-002/pages/0005.txt","INCLUDE","1","0","1","0","0","0","Q3 evidence tree file; previously unstaged because Git metadata staging was blocked."
"catalog/scale/g8_q3_batch_repair/CUMCM-2007-D-002/pages/0006.txt","INCLUDE","1","0","1","0","0","0","Q3 evidence tree file; previously unstaged because Git metadata staging was blocked."
"catalog/scale/g8_q3_batch_repair/CUMCM-2007-D-002/provenance.json","INCLUDE","1","0","1","0","0","0","Q3 evidence tree file; previously unstaged because Git metadata staging was blocked."
"catalog/scale/g8_q3_batch_repair/CUMCM-2007-D-002/quality.json","INCLUDE","1","0","1","0","0","0","Q3 evidence tree file; previously unstaged because Git metadata staging was blocked."
"catalog/scale/g8_q3_batch_repair/CUMCM-2008-A-001/manifest.json","INCLUDE","1","0","1","0","0","0","Q3 evidence tree file; previously unstaged because Git metadata staging was blocked."
"catalog/scale/g8_q3_batch_repair/CUMCM-2008-A-001/normalized_body.txt","INCLUDE","1","0","1","0","0","0","Q3 evidence tree file; previously unstaged because Git metadata staging was blocked."
"catalog/scale/g8_q3_batch_repair/CUMCM-2008-A-001/pages/0001.txt","INCLUDE","1","0","1","0","0","0","Q3 evidence tree file; previously unstaged because Git metadata staging was blocked."
"catalog/scale/g8_q3_batch_repair/CUMCM-2008-A-001/pages/0002.txt","INCLUDE","1","0","1","0","0","0","Q3 evidence tree file; previously unstaged because Git metadata staging was blocked."
"catalog/scale/g8_q3_batch_repair/CUMCM-2008-A-001/pages/0003.txt","INCLUDE","1","0","1","0","0","0","Q3 evidence tree file; previously unstaged because Git metadata staging was blocked."
"catalog/scale/g8_q3_batch_repair/CUMCM-2008-A-001/pages/0004.txt","INCLUDE","1","0","1","0","0","0","Q3 evidence tree file; previously unstaged because Git metadata staging was blocked."
"catalog/scale/g8_q3_batch_repair/CUMCM-2008-A-001/pages/0005.txt","INCLUDE","1","0","1","0","0","0","Q3 evidence tree file; previously unstaged because Git metadata staging was blocked."
"catalog/scale/g8_q3_batch_repair/CUMCM-2008-A-001/pages/0006.txt","INCLUDE","1","0","1","0","0","0","Q3 evidence tree file; previously unstaged because Git metadata staging was blocked."
"catalog/scale/g8_q3_batch_repair/CUMCM-2008-A-001/pages/0007.txt","INCLUDE","1","0","1","0","0","0","Q3 evidence tree file; previously unstaged because Git metadata staging was blocked."
"catalog/scale/g8_q3_batch_repair/CUMCM-2008-A-001/pages/0008.txt","INCLUDE","1","0","1","0","0","0","Q3 evidence tree file; previously unstaged because Git metadata staging was blocked."
"catalog/scale/g8_q3_batch_repair/CUMCM-2008-A-001/pages/0009.txt","INCLUDE","1","0","1","0","0","0","Q3 evidence tree file; previously unstaged because Git metadata staging was blocked."
"catalog/scale/g8_q3_batch_repair/CUMCM-2008-A-001/pages/0010.txt","INCLUDE","1","0","1","0","0","0","Q3 evidence tree file; previously unstaged because Git metadata staging was blocked."
"catalog/scale/g8_q3_batch_repair/CUMCM-2008-A-001/pages/0011.txt","INCLUDE","1","0","1","0","0","0","Q3 evidence tree file; previously unstaged because Git metadata staging was blocked."
"catalog/scale/g8_q3_batch_repair/CUMCM-2008-A-001/pages/0012.txt","INCLUDE","1","0","1","0","0","0","Q3 evidence tree file; previously unstaged because Git metadata staging was blocked."
"catalog/scale/g8_q3_batch_repair/CUMCM-2008-A-001/pages/0013.txt","INCLUDE","1","0","1","0","0","0","Q3 evidence tree file; previously unstaged because Git metadata staging was blocked."
"catalog/scale/g8_q3_batch_repair/CUMCM-2008-A-001/pages/0014.txt","INCLUDE","1","0","1","0","0","0","Q3 evidence tree file; previously unstaged because Git metadata staging was blocked."
"catalog/scale/g8_q3_batch_repair/CUMCM-2008-A-001/pages/0015.txt","INCLUDE","1","0","1","0","0","0","Q3 evidence tree file; previously unstaged because Git metadata staging was blocked."
"catalog/scale/g8_q3_batch_repair/CUMCM-2008-A-001/pages/0016.txt","INCLUDE","1","0","1","0","0","0","Q3 evidence tree file; previously unstaged because Git metadata staging was blocked."
"catalog/scale/g8_q3_batch_repair/CUMCM-2008-A-001/pages/0017.txt","INCLUDE","1","0","1","0","0","0","Q3 evidence tree file; previously unstaged because Git metadata staging was blocked."
"catalog/scale/g8_q3_batch_repair/CUMCM-2008-A-001/pages/0018.txt","INCLUDE","1","0","1","0","0","0","Q3 evidence tree file; previously unstaged because Git metadata staging was blocked."
"catalog/scale/g8_q3_batch_repair/CUMCM-2008-A-001/pages/0019.txt","INCLUDE","1","0","1","0","0","0","Q3 evidence tree file; previously unstaged because Git metadata staging was blocked."
"catalog/scale/g8_q3_batch_repair/CUMCM-2008-A-001/pages/0020.txt","INCLUDE","1","0","1","0","0","0","Q3 evidence tree file; previously unstaged because Git metadata staging was blocked."
"catalog/scale/g8_q3_batch_repair/CUMCM-2008-A-001/pages/0021.txt","INCLUDE","1","0","1","0","0","0","Q3 evidence tree file; previously unstaged because Git metadata staging was blocked."
"catalog/scale/g8_q3_batch_repair/CUMCM-2008-A-001/pages/0022.txt","INCLUDE","1","0","1","0","0","0","Q3 evidence tree file; previously unstaged because Git metadata staging was blocked."
"catalog/scale/g8_q3_batch_repair/CUMCM-2008-A-001/pages/0023.txt","INCLUDE","1","0","1","0","0","0","Q3 evidence tree file; previously unstaged because Git metadata staging was blocked."
"catalog/scale/g8_q3_batch_repair/CUMCM-2008-A-001/pages/0024.txt","INCLUDE","1","0","1","0","0","0","Q3 evidence tree file; previously unstaged because Git metadata staging was blocked."
"catalog/scale/g8_q3_batch_repair/CUMCM-2008-A-001/pages/0025.txt","INCLUDE","1","0","1","0","0","0","Q3 evidence tree file; previously unstaged because Git metadata staging was blocked."
"catalog/scale/g8_q3_batch_repair/CUMCM-2008-A-001/pages/0026.txt","INCLUDE","1","0","1","0","0","0","Q3 evidence tree file; previously unstaged because Git metadata staging was blocked."
"catalog/scale/g8_q3_batch_repair/CUMCM-2008-A-001/pages/0027.txt","INCLUDE","1","0","1","0","0","0","Q3 evidence tree file; previously unstaged because Git metadata staging was blocked."
"catalog/scale/g8_q3_batch_repair/CUMCM-2008-A-001/pages/0028.txt","INCLUDE","1","0","1","0","0","0","Q3 evidence tree file; previously unstaged because Git metadata staging was blocked."
"catalog/scale/g8_q3_batch_repair/CUMCM-2008-A-001/pages/0029.txt","INCLUDE","1","0","1","0","0","0","Q3 evidence tree file; previously unstaged because Git metadata staging was blocked."
"catalog/scale/g8_q3_batch_repair/CUMCM-2008-A-001/pages/0030.txt","INCLUDE","1","0","1","0","0","0","Q3 evidence tree file; previously unstaged because Git metadata staging was blocked."
"catalog/scale/g8_q3_batch_repair/CUMCM-2008-A-001/pages/0031.txt","INCLUDE","1","0","1","0","0","0","Q3 evidence tree file; previously unstaged because Git metadata staging was blocked."
"catalog/scale/g8_q3_batch_repair/CUMCM-2008-A-001/pages/0032.txt","INCLUDE","1","0","1","0","0","0","Q3 evidence tree file; previously unstaged because Git metadata staging was blocked."
"catalog/scale/g8_q3_batch_repair/CUMCM-2008-A-001/pages/0033.txt","INCLUDE","1","0","1","0","0","0","Q3 evidence tree file; previously unstaged because Git metadata staging was blocked."
"catalog/scale/g8_q3_batch_repair/CUMCM-2008-A-001/pages/0034.txt","INCLUDE","1","0","1","0","0","0","Q3 evidence tree file; previously unstaged because Git metadata staging was blocked."
"catalog/scale/g8_q3_batch_repair/CUMCM-2008-A-001/provenance.json","INCLUDE","1","0","1","0","0","0","Q3 evidence tree file; previously unstaged because Git metadata staging was blocked."
"catalog/scale/g8_q3_batch_repair/CUMCM-2008-A-001/quality.json","INCLUDE","1","0","1","0","0","0","Q3 evidence tree file; previously unstaged because Git metadata staging was blocked."
"catalog/scale/g8_q3_batch_repair/CUMCM-2008-A-005/manifest.json","INCLUDE","1","0","1","0","0","0","Q3 evidence tree file; previously unstaged because Git metadata staging was blocked."
"catalog/scale/g8_q3_batch_repair/CUMCM-2008-A-005/normalized_body.txt","INCLUDE","1","0","1","0","0","0","Q3 evidence tree file; previously unstaged because Git metadata staging was blocked."
"catalog/scale/g8_q3_batch_repair/CUMCM-2008-A-005/pages/0001.txt","INCLUDE","1","0","1","0","0","0","Q3 evidence tree file; previously unstaged because Git metadata staging was blocked."
"catalog/scale/g8_q3_batch_repair/CUMCM-2008-A-005/pages/0002.txt","INCLUDE","1","0","1","0","0","0","Q3 evidence tree file; previously unstaged because Git metadata staging was blocked."
"catalog/scale/g8_q3_batch_repair/CUMCM-2008-A-005/pages/0003.txt","INCLUDE","1","0","1","0","0","0","Q3 evidence tree file; previously unstaged because Git metadata staging was blocked."
"catalog/scale/g8_q3_batch_repair/CUMCM-2008-A-005/pages/0004.txt","INCLUDE","1","0","1","0","0","0","Q3 evidence tree file; previously unstaged because Git metadata staging was blocked."
"catalog/scale/g8_q3_batch_repair/CUMCM-2008-A-005/pages/0005.txt","INCLUDE","1","0","1","0","0","0","Q3 evidence tree file; previously unstaged because Git metadata staging was blocked."
"catalog/scale/g8_q3_batch_repair/CUMCM-2008-A-005/pages/0006.txt","INCLUDE","1","0","1","0","0","0","Q3 evidence tree file; previously unstaged because Git metadata staging was blocked."
"catalog/scale/g8_q3_batch_repair/CUMCM-2008-A-005/pages/0007.txt","INCLUDE","1","0","1","0","0","0","Q3 evidence tree file; previously unstaged because Git metadata staging was blocked."
"catalog/scale/g8_q3_batch_repair/CUMCM-2008-A-005/pages/0008.txt","INCLUDE","1","0","1","0","0","0","Q3 evidence tree file; previously unstaged because Git metadata staging was blocked."
"catalog/scale/g8_q3_batch_repair/CUMCM-2008-A-005/pages/0009.txt","INCLUDE","1","0","1","0","0","0","Q3 evidence tree file; previously unstaged because Git metadata staging was blocked."
"catalog/scale/g8_q3_batch_repair/CUMCM-2008-A-005/pages/0010.txt","INCLUDE","1","0","1","0","0","0","Q3 evidence tree file; previously unstaged because Git metadata staging was blocked."
"catalog/scale/g8_q3_batch_repair/CUMCM-2008-A-005/pages/0011.txt","INCLUDE","1","0","1","0","0","0","Q3 evidence tree file; previously unstaged because Git metadata staging was blocked."
"catalog/scale/g8_q3_batch_repair/CUMCM-2008-A-005/pages/0012.txt","INCLUDE","1","0","1","0","0","0","Q3 evidence tree file; previously unstaged because Git metadata staging was blocked."
"catalog/scale/g8_q3_batch_repair/CUMCM-2008-A-005/pages/0013.txt","INCLUDE","1","0","1","0","0","0","Q3 evidence tree file; previously unstaged because Git metadata staging was blocked."
"catalog/scale/g8_q3_batch_repair/CUMCM-2008-A-005/pages/0014.txt","INCLUDE","1","0","1","0","0","0","Q3 evidence tree file; previously unstaged because Git metadata staging was blocked."
"catalog/scale/g8_q3_batch_repair/CUMCM-2008-A-005/provenance.json","INCLUDE","1","0","1","0","0","0","Q3 evidence tree file; previously unstaged because Git metadata staging was blocked."
"catalog/scale/g8_q3_batch_repair/CUMCM-2008-A-005/quality.json","INCLUDE","1","0","1","0","0","0","Q3 evidence tree file; previously unstaged because Git metadata staging was blocked."
"catalog/scale/g8_q3_batch_repair/CUMCM-2008-A-006/manifest.json","INCLUDE","1","0","1","0","0","0","Q3 evidence tree file; previously unstaged because Git metadata staging was blocked."
"catalog/scale/g8_q3_batch_repair/CUMCM-2008-A-006/normalized_body.txt","INCLUDE","1","0","1","0","0","0","Q3 evidence tree file; previously unstaged because Git metadata staging was blocked."
"catalog/scale/g8_q3_batch_repair/CUMCM-2008-A-006/pages/0001.txt","INCLUDE","1","0","1","0","0","0","Q3 evidence tree file; previously unstaged because Git metadata staging was blocked."
"catalog/scale/g8_q3_batch_repair/CUMCM-2008-A-006/pages/0002.txt","INCLUDE","1","0","1","0","0","0","Q3 evidence tree file; previously unstaged because Git metadata staging was blocked."
"catalog/scale/g8_q3_batch_repair/CUMCM-2008-A-006/pages/0003.txt","INCLUDE","1","0","1","0","0","0","Q3 evidence tree file; previously unstaged because Git metadata staging was blocked."
"catalog/scale/g8_q3_batch_repair/CUMCM-2008-A-006/pages/0004.txt","INCLUDE","1","0","1","0","0","0","Q3 evidence tree file; previously unstaged because Git metadata staging was blocked."
"catalog/scale/g8_q3_batch_repair/CUMCM-2008-A-006/pages/0005.txt","INCLUDE","1","0","1","0","0","0","Q3 evidence tree file; previously unstaged because Git metadata staging was blocked."
"catalog/scale/g8_q3_batch_repair/CUMCM-2008-A-006/pages/0006.txt","INCLUDE","1","0","1","0","0","0","Q3 evidence tree file; previously unstaged because Git metadata staging was blocked."
"catalog/scale/g8_q3_batch_repair/CUMCM-2008-A-006/pages/0007.txt","INCLUDE","1","0","1","0","0","0","Q3 evidence tree file; previously unstaged because Git metadata staging was blocked."
"catalog/scale/g8_q3_batch_repair/CUMCM-2008-A-006/pages/0008.txt","INCLUDE","1","0","1","0","0","0","Q3 evidence tree file; previously unstaged because Git metadata staging was blocked."
"catalog/scale/g8_q3_batch_repair/CUMCM-2008-A-006/pages/0009.txt","INCLUDE","1","0","1","0","0","0","Q3 evidence tree file; previously unstaged because Git metadata staging was blocked."
"catalog/scale/g8_q3_batch_repair/CUMCM-2008-A-006/pages/0010.txt","INCLUDE","1","0","1","0","0","0","Q3 evidence tree file; previously unstaged because Git metadata staging was blocked."
"catalog/scale/g8_q3_batch_repair/CUMCM-2008-A-006/pages/0011.txt","INCLUDE","1","0","1","0","0","0","Q3 evidence tree file; previously unstaged because Git metadata staging was blocked."
"catalog/scale/g8_q3_batch_repair/CUMCM-2008-A-006/provenance.json","INCLUDE","1","0","1","0","0","0","Q3 evidence tree file; previously unstaged because Git metadata staging was blocked."
"catalog/scale/g8_q3_batch_repair/CUMCM-2008-A-006/quality.json","INCLUDE","1","0","1","0","0","0","Q3 evidence tree file; previously unstaged because Git metadata staging was blocked."
"catalog/scale/g8_q3_batch_repair/CUMCM-2009-C-001/manifest.json","INCLUDE","1","0","1","0","0","0","Q3 evidence tree file; previously unstaged because Git metadata staging was blocked."
"catalog/scale/g8_q3_batch_repair/CUMCM-2009-C-001/normalized_body.txt","INCLUDE","1","0","1","0","0","0","Q3 evidence tree file; previously unstaged because Git metadata staging was blocked."
"catalog/scale/g8_q3_batch_repair/CUMCM-2009-C-001/pages/0001.txt","INCLUDE","1","0","1","0","0","0","Q3 evidence tree file; previously unstaged because Git metadata staging was blocked."
"catalog/scale/g8_q3_batch_repair/CUMCM-2009-C-001/pages/0002.txt","INCLUDE","1","0","1","0","0","0","Q3 evidence tree file; previously unstaged because Git metadata staging was blocked."
"catalog/scale/g8_q3_batch_repair/CUMCM-2009-C-001/pages/0003.txt","INCLUDE","1","0","1","0","0","0","Q3 evidence tree file; previously unstaged because Git metadata staging was blocked."
"catalog/scale/g8_q3_batch_repair/CUMCM-2009-C-001/pages/0004.txt","INCLUDE","1","0","1","0","0","0","Q3 evidence tree file; previously unstaged because Git metadata staging was blocked."
"catalog/scale/g8_q3_batch_repair/CUMCM-2009-C-001/pages/0005.txt","INCLUDE","1","0","1","0","0","0","Q3 evidence tree file; previously unstaged because Git metadata staging was blocked."
"catalog/scale/g8_q3_batch_repair/CUMCM-2009-C-001/pages/0006.txt","INCLUDE","1","0","1","0","0","0","Q3 evidence tree file; previously unstaged because Git metadata staging was blocked."
"catalog/scale/g8_q3_batch_repair/CUMCM-2009-C-001/pages/0007.txt","INCLUDE","1","0","1","0","0","0","Q3 evidence tree file; previously unstaged because Git metadata staging was blocked."
"catalog/scale/g8_q3_batch_repair/CUMCM-2009-C-001/pages/0008.txt","INCLUDE","1","0","1","0","0","0","Q3 evidence tree file; previously unstaged because Git metadata staging was blocked."
"catalog/scale/g8_q3_batch_repair/CUMCM-2009-C-001/pages/0009.txt","INCLUDE","1","0","1","0","0","0","Q3 evidence tree file; previously unstaged because Git metadata staging was blocked."
"catalog/scale/g8_q3_batch_repair/CUMCM-2009-C-001/pages/0010.txt","INCLUDE","1","0","1","0","0","0","Q3 evidence tree file; previously unstaged because Git metadata staging was blocked."
"catalog/scale/g8_q3_batch_repair/CUMCM-2009-C-001/pages/0011.txt","INCLUDE","1","0","1","0","0","0","Q3 evidence tree file; previously unstaged because Git metadata staging was blocked."
"catalog/scale/g8_q3_batch_repair/CUMCM-2009-C-001/pages/0012.txt","INCLUDE","1","0","1","0","0","0","Q3 evidence tree file; previously unstaged because Git metadata staging was blocked."
"catalog/scale/g8_q3_batch_repair/CUMCM-2009-C-001/pages/0013.txt","INCLUDE","1","0","1","0","0","0","Q3 evidence tree file; previously unstaged because Git metadata staging was blocked."
"catalog/scale/g8_q3_batch_repair/CUMCM-2009-C-001/pages/0014.txt","INCLUDE","1","0","1","0","0","0","Q3 evidence tree file; previously unstaged because Git metadata staging was blocked."
"catalog/scale/g8_q3_batch_repair/CUMCM-2009-C-001/pages/0015.txt","INCLUDE","1","0","1","0","0","0","Q3 evidence tree file; previously unstaged because Git metadata staging was blocked."
"catalog/scale/g8_q3_batch_repair/CUMCM-2009-C-001/pages/0016.txt","INCLUDE","1","0","1","0","0","0","Q3 evidence tree file; previously unstaged because Git metadata staging was blocked."
"catalog/scale/g8_q3_batch_repair/CUMCM-2009-C-001/pages/0017.txt","INCLUDE","1","0","1","0","0","0","Q3 evidence tree file; previously unstaged because Git metadata staging was blocked."
"catalog/scale/g8_q3_batch_repair/CUMCM-2009-C-001/provenance.json","INCLUDE","1","0","1","0","0","0","Q3 evidence tree file; previously unstaged because Git metadata staging was blocked."
"catalog/scale/g8_q3_batch_repair/CUMCM-2009-C-001/quality.json","INCLUDE","1","0","1","0","0","0","Q3 evidence tree file; previously unstaged because Git metadata staging was blocked."
"catalog/scale/g8_q3_batch_repair/CUMCM-2009-C-002/manifest.json","INCLUDE","1","0","1","0","0","0","Q3 evidence tree file; previously unstaged because Git metadata staging was blocked."
"catalog/scale/g8_q3_batch_repair/CUMCM-2009-C-002/normalized_body.txt","INCLUDE","1","0","1","0","0","0","Q3 evidence tree file; previously unstaged because Git metadata staging was blocked."
"catalog/scale/g8_q3_batch_repair/CUMCM-2009-C-002/pages/0001.txt","INCLUDE","1","0","1","0","0","0","Q3 evidence tree file; previously unstaged because Git metadata staging was blocked."
"catalog/scale/g8_q3_batch_repair/CUMCM-2009-C-002/pages/0002.txt","INCLUDE","1","0","1","0","0","0","Q3 evidence tree file; previously unstaged because Git metadata staging was blocked."
"catalog/scale/g8_q3_batch_repair/CUMCM-2009-C-002/pages/0003.txt","INCLUDE","1","0","1","0","0","0","Q3 evidence tree file; previously unstaged because Git metadata staging was blocked."
"catalog/scale/g8_q3_batch_repair/CUMCM-2009-C-002/pages/0004.txt","INCLUDE","1","0","1","0","0","0","Q3 evidence tree file; previously unstaged because Git metadata staging was blocked."
"catalog/scale/g8_q3_batch_repair/CUMCM-2009-C-002/pages/0005.txt","INCLUDE","1","0","1","0","0","0","Q3 evidence tree file; previously unstaged because Git metadata staging was blocked."
"catalog/scale/g8_q3_batch_repair/CUMCM-2009-C-002/pages/0006.txt","INCLUDE","1","0","1","0","0","0","Q3 evidence tree file; previously unstaged because Git metadata staging was blocked."
"catalog/scale/g8_q3_batch_repair/CUMCM-2009-C-002/pages/0007.txt","INCLUDE","1","0","1","0","0","0","Q3 evidence tree file; previously unstaged because Git metadata staging was blocked."
"catalog/scale/g8_q3_batch_repair/CUMCM-2009-C-002/pages/0008.txt","INCLUDE","1","0","1","0","0","0","Q3 evidence tree file; previously unstaged because Git metadata staging was blocked."
"catalog/scale/g8_q3_batch_repair/CUMCM-2009-C-002/pages/0009.txt","INCLUDE","1","0","1","0","0","0","Q3 evidence tree file; previously unstaged because Git metadata staging was blocked."
"catalog/scale/g8_q3_batch_repair/CUMCM-2009-C-002/pages/0010.txt","INCLUDE","1","0","1","0","0","0","Q3 evidence tree file; previously unstaged because Git metadata staging was blocked."
"catalog/scale/g8_q3_batch_repair/CUMCM-2009-C-002/pages/0011.txt","INCLUDE","1","0","1","0","0","0","Q3 evidence tree file; previously unstaged because Git metadata staging was blocked."
"catalog/scale/g8_q3_batch_repair/CUMCM-2009-C-002/pages/0012.txt","INCLUDE","1","0","1","0","0","0","Q3 evidence tree file; previously unstaged because Git metadata staging was blocked."
"catalog/scale/g8_q3_batch_repair/CUMCM-2009-C-002/pages/0013.txt","INCLUDE","1","0","1","0","0","0","Q3 evidence tree file; previously unstaged because Git metadata staging was blocked."
"catalog/scale/g8_q3_batch_repair/CUMCM-2009-C-002/pages/0014.txt","INCLUDE","1","0","1","0","0","0","Q3 evidence tree file; previously unstaged because Git metadata staging was blocked."
"catalog/scale/g8_q3_batch_repair/CUMCM-2009-C-002/pages/0015.txt","INCLUDE","1","0","1","0","0","0","Q3 evidence tree file; previously unstaged because Git metadata staging was blocked."
"catalog/scale/g8_q3_batch_repair/CUMCM-2009-C-002/provenance.json","INCLUDE","1","0","1","0","0","0","Q3 evidence tree file; previously unstaged because Git metadata staging was blocked."
"catalog/scale/g8_q3_batch_repair/CUMCM-2009-C-002/quality.json","INCLUDE","1","0","1","0","0","0","Q3 evidence tree file; previously unstaged because Git metadata staging was blocked."
"catalog/scale/g8_q3_batch_repair/CUMCM-2009-C-003/manifest.json","INCLUDE","1","0","1","0","0","0","Q3 evidence tree file; previously unstaged because Git metadata staging was blocked."
"catalog/scale/g8_q3_batch_repair/CUMCM-2009-C-003/normalized_body.txt","INCLUDE","1","0","1","0","0","0","Q3 evidence tree file; previously unstaged because Git metadata staging was blocked."
"catalog/scale/g8_q3_batch_repair/CUMCM-2009-C-003/pages/0001.txt","INCLUDE","1","0","1","0","0","0","Q3 evidence tree file; previously unstaged because Git metadata staging was blocked."
"catalog/scale/g8_q3_batch_repair/CUMCM-2009-C-003/pages/0002.txt","INCLUDE","1","0","1","0","0","0","Q3 evidence tree file; previously unstaged because Git metadata staging was blocked."
"catalog/scale/g8_q3_batch_repair/CUMCM-2009-C-003/pages/0003.txt","INCLUDE","1","0","1","0","0","0","Q3 evidence tree file; previously unstaged because Git metadata staging was blocked."
"catalog/scale/g8_q3_batch_repair/CUMCM-2009-C-003/pages/0004.txt","INCLUDE","1","0","1","0","0","0","Q3 evidence tree file; previously unstaged because Git metadata staging was blocked."
"catalog/scale/g8_q3_batch_repair/CUMCM-2009-C-003/pages/0005.txt","INCLUDE","1","0","1","0","0","0","Q3 evidence tree file; previously unstaged because Git metadata staging was blocked."
"catalog/scale/g8_q3_batch_repair/CUMCM-2009-C-003/pages/0006.txt","INCLUDE","1","0","1","0","0","0","Q3 evidence tree file; previously unstaged because Git metadata staging was blocked."
"catalog/scale/g8_q3_batch_repair/CUMCM-2009-C-003/pages/0007.txt","INCLUDE","1","0","1","0","0","0","Q3 evidence tree file; previously unstaged because Git metadata staging was blocked."
"catalog/scale/g8_q3_batch_repair/CUMCM-2009-C-003/pages/0008.txt","INCLUDE","1","0","1","0","0","0","Q3 evidence tree file; previously unstaged because Git metadata staging was blocked."
"catalog/scale/g8_q3_batch_repair/CUMCM-2009-C-003/pages/0009.txt","INCLUDE","1","0","1","0","0","0","Q3 evidence tree file; previously unstaged because Git metadata staging was blocked."
"catalog/scale/g8_q3_batch_repair/CUMCM-2009-C-003/pages/0010.txt","INCLUDE","1","0","1","0","0","0","Q3 evidence tree file; previously unstaged because Git metadata staging was blocked."
"catalog/scale/g8_q3_batch_repair/CUMCM-2009-C-003/pages/0011.txt","INCLUDE","1","0","1","0","0","0","Q3 evidence tree file; previously unstaged because Git metadata staging was blocked."
"catalog/scale/g8_q3_batch_repair/CUMCM-2009-C-003/provenance.json","INCLUDE","1","0","1","0","0","0","Q3 evidence tree file; previously unstaged because Git metadata staging was blocked."
"catalog/scale/g8_q3_batch_repair/CUMCM-2009-C-003/quality.json","INCLUDE","1","0","1","0","0","0","Q3 evidence tree file; previously unstaged because Git metadata staging was blocked."
"catalog/scale/g8_q3_batch_repair/CUMCM-2009-C-004/manifest.json","INCLUDE","1","0","1","0","0","0","Q3 evidence tree file; previously unstaged because Git metadata staging was blocked."
"catalog/scale/g8_q3_batch_repair/CUMCM-2009-C-004/normalized_body.txt","INCLUDE","1","0","1","0","0","0","Q3 evidence tree file; previously unstaged because Git metadata staging was blocked."
"catalog/scale/g8_q3_batch_repair/CUMCM-2009-C-004/pages/0001.txt","INCLUDE","1","0","1","0","0","0","Q3 evidence tree file; previously unstaged because Git metadata staging was blocked."
"catalog/scale/g8_q3_batch_repair/CUMCM-2009-C-004/pages/0002.txt","INCLUDE","1","0","1","0","0","0","Q3 evidence tree file; previously unstaged because Git metadata staging was blocked."
"catalog/scale/g8_q3_batch_repair/CUMCM-2009-C-004/pages/0003.txt","INCLUDE","1","0","1","0","0","0","Q3 evidence tree file; previously unstaged because Git metadata staging was blocked."
"catalog/scale/g8_q3_batch_repair/CUMCM-2009-C-004/pages/0004.txt","INCLUDE","1","0","1","0","0","0","Q3 evidence tree file; previously unstaged because Git metadata staging was blocked."
"catalog/scale/g8_q3_batch_repair/CUMCM-2009-C-004/pages/0005.txt","INCLUDE","1","0","1","0","0","0","Q3 evidence tree file; previously unstaged because Git metadata staging was blocked."
"catalog/scale/g8_q3_batch_repair/CUMCM-2009-C-004/pages/0006.txt","INCLUDE","1","0","1","0","0","0","Q3 evidence tree file; previously unstaged because Git metadata staging was blocked."
"catalog/scale/g8_q3_batch_repair/CUMCM-2009-C-004/pages/0007.txt","INCLUDE","1","0","1","0","0","0","Q3 evidence tree file; previously unstaged because Git metadata staging was blocked."
"catalog/scale/g8_q3_batch_repair/CUMCM-2009-C-004/pages/0008.txt","INCLUDE","1","0","1","0","0","0","Q3 evidence tree file; previously unstaged because Git metadata staging was blocked."
"catalog/scale/g8_q3_batch_repair/CUMCM-2009-C-004/pages/0009.txt","INCLUDE","1","0","1","0","0","0","Q3 evidence tree file; previously unstaged because Git metadata staging was blocked."
"catalog/scale/g8_q3_batch_repair/CUMCM-2009-C-004/pages/0010.txt","INCLUDE","1","0","1","0","0","0","Q3 evidence tree file; previously unstaged because Git metadata staging was blocked."
"catalog/scale/g8_q3_batch_repair/CUMCM-2009-C-004/pages/0011.txt","INCLUDE","1","0","1","0","0","0","Q3 evidence tree file; previously unstaged because Git metadata staging was blocked."
"catalog/scale/g8_q3_batch_repair/CUMCM-2009-C-004/pages/0012.txt","INCLUDE","1","0","1","0","0","0","Q3 evidence tree file; previously unstaged because Git metadata staging was blocked."
"catalog/scale/g8_q3_batch_repair/CUMCM-2009-C-004/pages/0013.txt","INCLUDE","1","0","1","0","0","0","Q3 evidence tree file; previously unstaged because Git metadata staging was blocked."
"catalog/scale/g8_q3_batch_repair/CUMCM-2009-C-004/pages/0014.txt","INCLUDE","1","0","1","0","0","0","Q3 evidence tree file; previously unstaged because Git metadata staging was blocked."
"catalog/scale/g8_q3_batch_repair/CUMCM-2009-C-004/pages/0015.txt","INCLUDE","1","0","1","0","0","0","Q3 evidence tree file; previously unstaged because Git metadata staging was blocked."
"catalog/scale/g8_q3_batch_repair/CUMCM-2009-C-004/pages/0016.txt","INCLUDE","1","0","1","0","0","0","Q3 evidence tree file; previously unstaged because Git metadata staging was blocked."
"catalog/scale/g8_q3_batch_repair/CUMCM-2009-C-004/pages/0017.txt","INCLUDE","1","0","1","0","0","0","Q3 evidence tree file; previously unstaged because Git metadata staging was blocked."
"catalog/scale/g8_q3_batch_repair/CUMCM-2009-C-004/pages/0018.txt","INCLUDE","1","0","1","0","0","0","Q3 evidence tree file; previously unstaged because Git metadata staging was blocked."
"catalog/scale/g8_q3_batch_repair/CUMCM-2009-C-004/provenance.json","INCLUDE","1","0","1","0","0","0","Q3 evidence tree file; previously unstaged because Git metadata staging was blocked."
"catalog/scale/g8_q3_batch_repair/CUMCM-2009-C-004/quality.json","INCLUDE","1","0","1","0","0","0","Q3 evidence tree file; previously unstaged because Git metadata staging was blocked."
"catalog/scale/g8_q3_batch_repair/CUMCM-2009-C-006/manifest.json","INCLUDE","1","0","1","0","0","0","Q3 evidence tree file; previously unstaged because Git metadata staging was blocked."
"catalog/scale/g8_q3_batch_repair/CUMCM-2009-C-006/normalized_body.txt","INCLUDE","1","0","1","0","0","0","Q3 evidence tree file; previously unstaged because Git metadata staging was blocked."
"catalog/scale/g8_q3_batch_repair/CUMCM-2009-C-006/pages/0001.txt","INCLUDE","1","0","1","0","0","0","Q3 evidence tree file; previously unstaged because Git metadata staging was blocked."
"catalog/scale/g8_q3_batch_repair/CUMCM-2009-C-006/pages/0002.txt","INCLUDE","1","0","1","0","0","0","Q3 evidence tree file; previously unstaged because Git metadata staging was blocked."
"catalog/scale/g8_q3_batch_repair/CUMCM-2009-C-006/pages/0003.txt","INCLUDE","1","0","1","0","0","0","Q3 evidence tree file; previously unstaged because Git metadata staging was blocked."
"catalog/scale/g8_q3_batch_repair/CUMCM-2009-C-006/pages/0004.txt","INCLUDE","1","0","1","0","0","0","Q3 evidence tree file; previously unstaged because Git metadata staging was blocked."
"catalog/scale/g8_q3_batch_repair/CUMCM-2009-C-006/pages/0005.txt","INCLUDE","1","0","1","0","0","0","Q3 evidence tree file; previously unstaged because Git metadata staging was blocked."
"catalog/scale/g8_q3_batch_repair/CUMCM-2009-C-006/pages/0006.txt","INCLUDE","1","0","1","0","0","0","Q3 evidence tree file; previously unstaged because Git metadata staging was blocked."
"catalog/scale/g8_q3_batch_repair/CUMCM-2009-C-006/pages/0007.txt","INCLUDE","1","0","1","0","0","0","Q3 evidence tree file; previously unstaged because Git metadata staging was blocked."
"catalog/scale/g8_q3_batch_repair/CUMCM-2009-C-006/pages/0008.txt","INCLUDE","1","0","1","0","0","0","Q3 evidence tree file; previously unstaged because Git metadata staging was blocked."
"catalog/scale/g8_q3_batch_repair/CUMCM-2009-C-006/pages/0009.txt","INCLUDE","1","0","1","0","0","0","Q3 evidence tree file; previously unstaged because Git metadata staging was blocked."
"catalog/scale/g8_q3_batch_repair/CUMCM-2009-C-006/pages/0010.txt","INCLUDE","1","0","1","0","0","0","Q3 evidence tree file; previously unstaged because Git metadata staging was blocked."
"catalog/scale/g8_q3_batch_repair/CUMCM-2009-C-006/pages/0011.txt","INCLUDE","1","0","1","0","0","0","Q3 evidence tree file; previously unstaged because Git metadata staging was blocked."
"catalog/scale/g8_q3_batch_repair/CUMCM-2009-C-006/pages/0012.txt","INCLUDE","1","0","1","0","0","0","Q3 evidence tree file; previously unstaged because Git metadata staging was blocked."
"catalog/scale/g8_q3_batch_repair/CUMCM-2009-C-006/pages/0013.txt","INCLUDE","1","0","1","0","0","0","Q3 evidence tree file; previously unstaged because Git metadata staging was blocked."
"catalog/scale/g8_q3_batch_repair/CUMCM-2009-C-006/pages/0014.txt","INCLUDE","1","0","1","0","0","0","Q3 evidence tree file; previously unstaged because Git metadata staging was blocked."
"catalog/scale/g8_q3_batch_repair/CUMCM-2009-C-006/pages/0015.txt","INCLUDE","1","0","1","0","0","0","Q3 evidence tree file; previously unstaged because Git metadata staging was blocked."
"catalog/scale/g8_q3_batch_repair/CUMCM-2009-C-006/provenance.json","INCLUDE","1","0","1","0","0","0","Q3 evidence tree file; previously unstaged because Git metadata staging was blocked."
"catalog/scale/g8_q3_batch_repair/CUMCM-2009-C-006/quality.json","INCLUDE","1","0","1","0","0","0","Q3 evidence tree file; previously unstaged because Git metadata staging was blocked."
"catalog/scale/g8_q3_batch_repair/CUMCM-2009-D-002/manifest.json","INCLUDE","1","0","1","0","0","0","Q3 evidence tree file; previously unstaged because Git metadata staging was blocked."
"catalog/scale/g8_q3_batch_repair/CUMCM-2009-D-002/normalized_body.txt","INCLUDE","1","0","1","0","0","0","Q3 evidence tree file; previously unstaged because Git metadata staging was blocked."
"catalog/scale/g8_q3_batch_repair/CUMCM-2009-D-002/pages/0001.txt","INCLUDE","1","0","1","0","0","0","Q3 evidence tree file; previously unstaged because Git metadata staging was blocked."
"catalog/scale/g8_q3_batch_repair/CUMCM-2009-D-002/pages/0002.txt","INCLUDE","1","0","1","0","0","0","Q3 evidence tree file; previously unstaged because Git metadata staging was blocked."
"catalog/scale/g8_q3_batch_repair/CUMCM-2009-D-002/pages/0003.txt","INCLUDE","1","0","1","0","0","0","Q3 evidence tree file; previously unstaged because Git metadata staging was blocked."
"catalog/scale/g8_q3_batch_repair/CUMCM-2009-D-002/pages/0004.txt","INCLUDE","1","0","1","0","0","0","Q3 evidence tree file; previously unstaged because Git metadata staging was blocked."
"catalog/scale/g8_q3_batch_repair/CUMCM-2009-D-002/pages/0005.txt","INCLUDE","1","0","1","0","0","0","Q3 evidence tree file; previously unstaged because Git metadata staging was blocked."
"catalog/scale/g8_q3_batch_repair/CUMCM-2009-D-002/pages/0006.txt","INCLUDE","1","0","1","0","0","0","Q3 evidence tree file; previously unstaged because Git metadata staging was blocked."
"catalog/scale/g8_q3_batch_repair/CUMCM-2009-D-002/pages/0007.txt","INCLUDE","1","0","1","0","0","0","Q3 evidence tree file; previously unstaged because Git metadata staging was blocked."
"catalog/scale/g8_q3_batch_repair/CUMCM-2009-D-002/pages/0008.txt","INCLUDE","1","0","1","0","0","0","Q3 evidence tree file; previously unstaged because Git metadata staging was blocked."
"catalog/scale/g8_q3_batch_repair/CUMCM-2009-D-002/pages/0009.txt","INCLUDE","1","0","1","0","0","0","Q3 evidence tree file; previously unstaged because Git metadata staging was blocked."
"catalog/scale/g8_q3_batch_repair/CUMCM-2009-D-002/pages/0010.txt","INCLUDE","1","0","1","0","0","0","Q3 evidence tree file; previously unstaged because Git metadata staging was blocked."
"catalog/scale/g8_q3_batch_repair/CUMCM-2009-D-002/pages/0011.txt","INCLUDE","1","0","1","0","0","0","Q3 evidence tree file; previously unstaged because Git metadata staging was blocked."
"catalog/scale/g8_q3_batch_repair/CUMCM-2009-D-002/pages/0012.txt","INCLUDE","1","0","1","0","0","0","Q3 evidence tree file; previously unstaged because Git metadata staging was blocked."
"catalog/scale/g8_q3_batch_repair/CUMCM-2009-D-002/pages/0013.txt","INCLUDE","1","0","1","0","0","0","Q3 evidence tree file; previously unstaged because Git metadata staging was blocked."
"catalog/scale/g8_q3_batch_repair/CUMCM-2009-D-002/pages/0014.txt","INCLUDE","1","0","1","0","0","0","Q3 evidence tree file; previously unstaged because Git metadata staging was blocked."
"catalog/scale/g8_q3_batch_repair/CUMCM-2009-D-002/pages/0015.txt","INCLUDE","1","0","1","0","0","0","Q3 evidence tree file; previously unstaged because Git metadata staging was blocked."
"catalog/scale/g8_q3_batch_repair/CUMCM-2009-D-002/pages/0016.txt","INCLUDE","1","0","1","0","0","0","Q3 evidence tree file; previously unstaged because Git metadata staging was blocked."
"catalog/scale/g8_q3_batch_repair/CUMCM-2009-D-002/provenance.json","INCLUDE","1","0","1","0","0","0","Q3 evidence tree file; previously unstaged because Git metadata staging was blocked."
"catalog/scale/g8_q3_batch_repair/CUMCM-2009-D-002/quality.json","INCLUDE","1","0","1","0","0","0","Q3 evidence tree file; previously unstaged because Git metadata staging was blocked."
"catalog/scale/g8_q3_batch_repair/CUMCM-2009-D-003/manifest.json","INCLUDE","1","0","1","0","0","0","Q3 evidence tree file; previously unstaged because Git metadata staging was blocked."
"catalog/scale/g8_q3_batch_repair/CUMCM-2009-D-003/normalized_body.txt","INCLUDE","1","0","1","0","0","0","Q3 evidence tree file; previously unstaged because Git metadata staging was blocked."
"catalog/scale/g8_q3_batch_repair/CUMCM-2009-D-003/pages/0001.txt","INCLUDE","1","0","1","0","0","0","Q3 evidence tree file; previously unstaged because Git metadata staging was blocked."
"catalog/scale/g8_q3_batch_repair/CUMCM-2009-D-003/pages/0002.txt","INCLUDE","1","0","1","0","0","0","Q3 evidence tree file; previously unstaged because Git metadata staging was blocked."
"catalog/scale/g8_q3_batch_repair/CUMCM-2009-D-003/pages/0003.txt","INCLUDE","1","0","1","0","0","0","Q3 evidence tree file; previously unstaged because Git metadata staging was blocked."
"catalog/scale/g8_q3_batch_repair/CUMCM-2009-D-003/pages/0004.txt","INCLUDE","1","0","1","0","0","0","Q3 evidence tree file; previously unstaged because Git metadata staging was blocked."
"catalog/scale/g8_q3_batch_repair/CUMCM-2009-D-003/pages/0005.txt","INCLUDE","1","0","1","0","0","0","Q3 evidence tree file; previously unstaged because Git metadata staging was blocked."
"catalog/scale/g8_q3_batch_repair/CUMCM-2009-D-003/pages/0006.txt","INCLUDE","1","0","1","0","0","0","Q3 evidence tree file; previously unstaged because Git metadata staging was blocked."
"catalog/scale/g8_q3_batch_repair/CUMCM-2009-D-003/pages/0007.txt","INCLUDE","1","0","1","0","0","0","Q3 evidence tree file; previously unstaged because Git metadata staging was blocked."
"catalog/scale/g8_q3_batch_repair/CUMCM-2009-D-003/pages/0008.txt","INCLUDE","1","0","1","0","0","0","Q3 evidence tree file; previously unstaged because Git metadata staging was blocked."
"catalog/scale/g8_q3_batch_repair/CUMCM-2009-D-003/pages/0009.txt","INCLUDE","1","0","1","0","0","0","Q3 evidence tree file; previously unstaged because Git metadata staging was blocked."
"catalog/scale/g8_q3_batch_repair/CUMCM-2009-D-003/pages/0010.txt","INCLUDE","1","0","1","0","0","0","Q3 evidence tree file; previously unstaged because Git metadata staging was blocked."
"catalog/scale/g8_q3_batch_repair/CUMCM-2009-D-003/pages/0011.txt","INCLUDE","1","0","1","0","0","0","Q3 evidence tree file; previously unstaged because Git metadata staging was blocked."
"catalog/scale/g8_q3_batch_repair/CUMCM-2009-D-003/pages/0012.txt","INCLUDE","1","0","1","0","0","0","Q3 evidence tree file; previously unstaged because Git metadata staging was blocked."
"catalog/scale/g8_q3_batch_repair/CUMCM-2009-D-003/pages/0013.txt","INCLUDE","1","0","1","0","0","0","Q3 evidence tree file; previously unstaged because Git metadata staging was blocked."
"catalog/scale/g8_q3_batch_repair/CUMCM-2009-D-003/pages/0014.txt","INCLUDE","1","0","1","0","0","0","Q3 evidence tree file; previously unstaged because Git metadata staging was blocked."
"catalog/scale/g8_q3_batch_repair/CUMCM-2009-D-003/pages/0015.txt","INCLUDE","1","0","1","0","0","0","Q3 evidence tree file; previously unstaged because Git metadata staging was blocked."
"catalog/scale/g8_q3_batch_repair/CUMCM-2009-D-003/pages/0016.txt","INCLUDE","1","0","1","0","0","0","Q3 evidence tree file; previously unstaged because Git metadata staging was blocked."
"catalog/scale/g8_q3_batch_repair/CUMCM-2009-D-003/pages/0017.txt","INCLUDE","1","0","1","0","0","0","Q3 evidence tree file; previously unstaged because Git metadata staging was blocked."
"catalog/scale/g8_q3_batch_repair/CUMCM-2009-D-003/pages/0018.txt","INCLUDE","1","0","1","0","0","0","Q3 evidence tree file; previously unstaged because Git metadata staging was blocked."
"catalog/scale/g8_q3_batch_repair/CUMCM-2009-D-003/provenance.json","INCLUDE","1","0","1","0","0","0","Q3 evidence tree file; previously unstaged because Git metadata staging was blocked."
"catalog/scale/g8_q3_batch_repair/CUMCM-2009-D-003/quality.json","INCLUDE","1","0","1","0","0","0","Q3 evidence tree file; previously unstaged because Git metadata staging was blocked."
"catalog/scale/g8_q3_batch_repair/CUMCM-2009-D-004/manifest.json","INCLUDE","1","0","1","0","0","0","Q3 evidence tree file; previously unstaged because Git metadata staging was blocked."
"catalog/scale/g8_q3_batch_repair/CUMCM-2009-D-004/normalized_body.txt","INCLUDE","1","0","1","0","0","0","Q3 evidence tree file; previously unstaged because Git metadata staging was blocked."
"catalog/scale/g8_q3_batch_repair/CUMCM-2009-D-004/pages/0001.txt","INCLUDE","1","0","1","0","0","0","Q3 evidence tree file; previously unstaged because Git metadata staging was blocked."
"catalog/scale/g8_q3_batch_repair/CUMCM-2009-D-004/pages/0002.txt","INCLUDE","1","0","1","0","0","0","Q3 evidence tree file; previously unstaged because Git metadata staging was blocked."
"catalog/scale/g8_q3_batch_repair/CUMCM-2009-D-004/pages/0003.txt","INCLUDE","1","0","1","0","0","0","Q3 evidence tree file; previously unstaged because Git metadata staging was blocked."
"catalog/scale/g8_q3_batch_repair/CUMCM-2009-D-004/pages/0004.txt","INCLUDE","1","0","1","0","0","0","Q3 evidence tree file; previously unstaged because Git metadata staging was blocked."
"catalog/scale/g8_q3_batch_repair/CUMCM-2009-D-004/pages/0005.txt","INCLUDE","1","0","1","0","0","0","Q3 evidence tree file; previously unstaged because Git metadata staging was blocked."
"catalog/scale/g8_q3_batch_repair/CUMCM-2009-D-004/pages/0006.txt","INCLUDE","1","0","1","0","0","0","Q3 evidence tree file; previously unstaged because Git metadata staging was blocked."
"catalog/scale/g8_q3_batch_repair/CUMCM-2009-D-004/pages/0007.txt","INCLUDE","1","0","1","0","0","0","Q3 evidence tree file; previously unstaged because Git metadata staging was blocked."
"catalog/scale/g8_q3_batch_repair/CUMCM-2009-D-004/pages/0008.txt","INCLUDE","1","0","1","0","0","0","Q3 evidence tree file; previously unstaged because Git metadata staging was blocked."
"catalog/scale/g8_q3_batch_repair/CUMCM-2009-D-004/pages/0009.txt","INCLUDE","1","0","1","0","0","0","Q3 evidence tree file; previously unstaged because Git metadata staging was blocked."
"catalog/scale/g8_q3_batch_repair/CUMCM-2009-D-004/pages/0010.txt","INCLUDE","1","0","1","0","0","0","Q3 evidence tree file; previously unstaged because Git metadata staging was blocked."
"catalog/scale/g8_q3_batch_repair/CUMCM-2009-D-004/pages/0011.txt","INCLUDE","1","0","1","0","0","0","Q3 evidence tree file; previously unstaged because Git metadata staging was blocked."
"catalog/scale/g8_q3_batch_repair/CUMCM-2009-D-004/pages/0012.txt","INCLUDE","1","0","1","0","0","0","Q3 evidence tree file; previously unstaged because Git metadata staging was blocked."
"catalog/scale/g8_q3_batch_repair/CUMCM-2009-D-004/pages/0013.txt","INCLUDE","1","0","1","0","0","0","Q3 evidence tree file; previously unstaged because Git metadata staging was blocked."
"catalog/scale/g8_q3_batch_repair/CUMCM-2009-D-004/pages/0014.txt","INCLUDE","1","0","1","0","0","0","Q3 evidence tree file; previously unstaged because Git metadata staging was blocked."
"catalog/scale/g8_q3_batch_repair/CUMCM-2009-D-004/pages/0015.txt","INCLUDE","1","0","1","0","0","0","Q3 evidence tree file; previously unstaged because Git metadata staging was blocked."
"catalog/scale/g8_q3_batch_repair/CUMCM-2009-D-004/provenance.json","INCLUDE","1","0","1","0","0","0","Q3 evidence tree file; previously unstaged because Git metadata staging was blocked."
"catalog/scale/g8_q3_batch_repair/CUMCM-2009-D-004/quality.json","INCLUDE","1","0","1","0","0","0","Q3 evidence tree file; previously unstaged because Git metadata staging was blocked."
"catalog/scale/g8_q3_batch_repair/CUMCM-2009-D-005/manifest.json","INCLUDE","1","0","1","0","0","0","Q3 evidence tree file; previously unstaged because Git metadata staging was blocked."
"catalog/scale/g8_q3_batch_repair/CUMCM-2009-D-005/normalized_body.txt","INCLUDE","1","0","1","0","0","0","Q3 evidence tree file; previously unstaged because Git metadata staging was blocked."
"catalog/scale/g8_q3_batch_repair/CUMCM-2009-D-005/pages/0001.txt","INCLUDE","1","0","1","0","0","0","Q3 evidence tree file; previously unstaged because Git metadata staging was blocked."
"catalog/scale/g8_q3_batch_repair/CUMCM-2009-D-005/pages/0002.txt","INCLUDE","1","0","1","0","0","0","Q3 evidence tree file; previously unstaged because Git metadata staging was blocked."
"catalog/scale/g8_q3_batch_repair/CUMCM-2009-D-005/pages/0003.txt","INCLUDE","1","0","1","0","0","0","Q3 evidence tree file; previously unstaged because Git metadata staging was blocked."
"catalog/scale/g8_q3_batch_repair/CUMCM-2009-D-005/pages/0004.txt","INCLUDE","1","0","1","0","0","0","Q3 evidence tree file; previously unstaged because Git metadata staging was blocked."
"catalog/scale/g8_q3_batch_repair/CUMCM-2009-D-005/pages/0005.txt","INCLUDE","1","0","1","0","0","0","Q3 evidence tree file; previously unstaged because Git metadata staging was blocked."
"catalog/scale/g8_q3_batch_repair/CUMCM-2009-D-005/pages/0006.txt","INCLUDE","1","0","1","0","0","0","Q3 evidence tree file; previously unstaged because Git metadata staging was blocked."
"catalog/scale/g8_q3_batch_repair/CUMCM-2009-D-005/pages/0007.txt","INCLUDE","1","0","1","0","0","0","Q3 evidence tree file; previously unstaged because Git metadata staging was blocked."
"catalog/scale/g8_q3_batch_repair/CUMCM-2009-D-005/pages/0008.txt","INCLUDE","1","0","1","0","0","0","Q3 evidence tree file; previously unstaged because Git metadata staging was blocked."
"catalog/scale/g8_q3_batch_repair/CUMCM-2009-D-005/pages/0009.txt","INCLUDE","1","0","1","0","0","0","Q3 evidence tree file; previously unstaged because Git metadata staging was blocked."
"catalog/scale/g8_q3_batch_repair/CUMCM-2009-D-005/pages/0010.txt","INCLUDE","1","0","1","0","0","0","Q3 evidence tree file; previously unstaged because Git metadata staging was blocked."
"catalog/scale/g8_q3_batch_repair/CUMCM-2009-D-005/pages/0011.txt","INCLUDE","1","0","1","0","0","0","Q3 evidence tree file; previously unstaged because Git metadata staging was blocked."
"catalog/scale/g8_q3_batch_repair/CUMCM-2009-D-005/pages/0012.txt","INCLUDE","1","0","1","0","0","0","Q3 evidence tree file; previously unstaged because Git metadata staging was blocked."
"catalog/scale/g8_q3_batch_repair/CUMCM-2009-D-005/pages/0013.txt","INCLUDE","1","0","1","0","0","0","Q3 evidence tree file; previously unstaged because Git metadata staging was blocked."
"catalog/scale/g8_q3_batch_repair/CUMCM-2009-D-005/pages/0014.txt","INCLUDE","1","0","1","0","0","0","Q3 evidence tree file; previously unstaged because Git metadata staging was blocked."
"catalog/scale/g8_q3_batch_repair/CUMCM-2009-D-005/pages/0015.txt","INCLUDE","1","0","1","0","0","0","Q3 evidence tree file; previously unstaged because Git metadata staging was blocked."
"catalog/scale/g8_q3_batch_repair/CUMCM-2009-D-005/pages/0016.txt","INCLUDE","1","0","1","0","0","0","Q3 evidence tree file; previously unstaged because Git metadata staging was blocked."
"catalog/scale/g8_q3_batch_repair/CUMCM-2009-D-005/pages/0017.txt","INCLUDE","1","0","1","0","0","0","Q3 evidence tree file; previously unstaged because Git metadata staging was blocked."
"catalog/scale/g8_q3_batch_repair/CUMCM-2009-D-005/pages/0018.txt","INCLUDE","1","0","1","0","0","0","Q3 evidence tree file; previously unstaged because Git metadata staging was blocked."
"catalog/scale/g8_q3_batch_repair/CUMCM-2009-D-005/pages/0019.txt","INCLUDE","1","0","1","0","0","0","Q3 evidence tree file; previously unstaged because Git metadata staging was blocked."
"catalog/scale/g8_q3_batch_repair/CUMCM-2009-D-005/pages/0020.txt","INCLUDE","1","0","1","0","0","0","Q3 evidence tree file; previously unstaged because Git metadata staging was blocked."
"catalog/scale/g8_q3_batch_repair/CUMCM-2009-D-005/pages/0021.txt","INCLUDE","1","0","1","0","0","0","Q3 evidence tree file; previously unstaged because Git metadata staging was blocked."
"catalog/scale/g8_q3_batch_repair/CUMCM-2009-D-005/provenance.json","INCLUDE","1","0","1","0","0","0","Q3 evidence tree file; previously unstaged because Git metadata staging was blocked."
"catalog/scale/g8_q3_batch_repair/CUMCM-2009-D-005/quality.json","INCLUDE","1","0","1","0","0","0","Q3 evidence tree file; previously unstaged because Git metadata staging was blocked."
"catalog/scale/g8_q3_batch_repair/CUMCM-2010-A-001/manifest.json","INCLUDE","1","0","1","0","0","0","Q3 evidence tree file; previously unstaged because Git metadata staging was blocked."
"catalog/scale/g8_q3_batch_repair/CUMCM-2010-A-001/normalized_body.txt","INCLUDE","1","0","1","0","0","0","Q3 evidence tree file; previously unstaged because Git metadata staging was blocked."
"catalog/scale/g8_q3_batch_repair/CUMCM-2010-A-001/pages/0001.txt","INCLUDE","1","0","1","0","0","0","Q3 evidence tree file; previously unstaged because Git metadata staging was blocked."
"catalog/scale/g8_q3_batch_repair/CUMCM-2010-A-001/pages/0002.txt","INCLUDE","1","0","1","0","0","0","Q3 evidence tree file; previously unstaged because Git metadata staging was blocked."
"catalog/scale/g8_q3_batch_repair/CUMCM-2010-A-001/pages/0003.txt","INCLUDE","1","0","1","0","0","0","Q3 evidence tree file; previously unstaged because Git metadata staging was blocked."
"catalog/scale/g8_q3_batch_repair/CUMCM-2010-A-001/pages/0004.txt","INCLUDE","1","0","1","0","0","0","Q3 evidence tree file; previously unstaged because Git metadata staging was blocked."
"catalog/scale/g8_q3_batch_repair/CUMCM-2010-A-001/pages/0005.txt","INCLUDE","1","0","1","0","0","0","Q3 evidence tree file; previously unstaged because Git metadata staging was blocked."
"catalog/scale/g8_q3_batch_repair/CUMCM-2010-A-001/pages/0006.txt","INCLUDE","1","0","1","0","0","0","Q3 evidence tree file; previously unstaged because Git metadata staging was blocked."
"catalog/scale/g8_q3_batch_repair/CUMCM-2010-A-001/pages/0007.txt","INCLUDE","1","0","1","0","0","0","Q3 evidence tree file; previously unstaged because Git metadata staging was blocked."
"catalog/scale/g8_q3_batch_repair/CUMCM-2010-A-001/pages/0008.txt","INCLUDE","1","0","1","0","0","0","Q3 evidence tree file; previously unstaged because Git metadata staging was blocked."
"catalog/scale/g8_q3_batch_repair/CUMCM-2010-A-001/pages/0009.txt","INCLUDE","1","0","1","0","0","0","Q3 evidence tree file; previously unstaged because Git metadata staging was blocked."
"catalog/scale/g8_q3_batch_repair/CUMCM-2010-A-001/pages/0010.txt","INCLUDE","1","0","1","0","0","0","Q3 evidence tree file; previously unstaged because Git metadata staging was blocked."
"catalog/scale/g8_q3_batch_repair/CUMCM-2010-A-001/pages/0011.txt","INCLUDE","1","0","1","0","0","0","Q3 evidence tree file; previously unstaged because Git metadata staging was blocked."
"catalog/scale/g8_q3_batch_repair/CUMCM-2010-A-001/pages/0012.txt","INCLUDE","1","0","1","0","0","0","Q3 evidence tree file; previously unstaged because Git metadata staging was blocked."
"catalog/scale/g8_q3_batch_repair/CUMCM-2010-A-001/pages/0013.txt","INCLUDE","1","0","1","0","0","0","Q3 evidence tree file; previously unstaged because Git metadata staging was blocked."
"catalog/scale/g8_q3_batch_repair/CUMCM-2010-A-001/pages/0014.txt","INCLUDE","1","0","1","0","0","0","Q3 evidence tree file; previously unstaged because Git metadata staging was blocked."
"catalog/scale/g8_q3_batch_repair/CUMCM-2010-A-001/pages/0015.txt","INCLUDE","1","0","1","0","0","0","Q3 evidence tree file; previously unstaged because Git metadata staging was blocked."
"catalog/scale/g8_q3_batch_repair/CUMCM-2010-A-001/pages/0016.txt","INCLUDE","1","0","1","0","0","0","Q3 evidence tree file; previously unstaged because Git metadata staging was blocked."
"catalog/scale/g8_q3_batch_repair/CUMCM-2010-A-001/pages/0017.txt","INCLUDE","1","0","1","0","0","0","Q3 evidence tree file; previously unstaged because Git metadata staging was blocked."
"catalog/scale/g8_q3_batch_repair/CUMCM-2010-A-001/pages/0018.txt","INCLUDE","1","0","1","0","0","0","Q3 evidence tree file; previously unstaged because Git metadata staging was blocked."
"catalog/scale/g8_q3_batch_repair/CUMCM-2010-A-001/pages/0019.txt","INCLUDE","1","0","1","0","0","0","Q3 evidence tree file; previously unstaged because Git metadata staging was blocked."
"catalog/scale/g8_q3_batch_repair/CUMCM-2010-A-001/pages/0020.txt","INCLUDE","1","0","1","0","0","0","Q3 evidence tree file; previously unstaged because Git metadata staging was blocked."
"catalog/scale/g8_q3_batch_repair/CUMCM-2010-A-001/pages/0021.txt","INCLUDE","1","0","1","0","0","0","Q3 evidence tree file; previously unstaged because Git metadata staging was blocked."
"catalog/scale/g8_q3_batch_repair/CUMCM-2010-A-001/pages/0022.txt","INCLUDE","1","0","1","0","0","0","Q3 evidence tree file; previously unstaged because Git metadata staging was blocked."
"catalog/scale/g8_q3_batch_repair/CUMCM-2010-A-001/pages/0023.txt","INCLUDE","1","0","1","0","0","0","Q3 evidence tree file; previously unstaged because Git metadata staging was blocked."
"catalog/scale/g8_q3_batch_repair/CUMCM-2010-A-001/pages/0024.txt","INCLUDE","1","0","1","0","0","0","Q3 evidence tree file; previously unstaged because Git metadata staging was blocked."
"catalog/scale/g8_q3_batch_repair/CUMCM-2010-A-001/pages/0025.txt","INCLUDE","1","0","1","0","0","0","Q3 evidence tree file; previously unstaged because Git metadata staging was blocked."
"catalog/scale/g8_q3_batch_repair/CUMCM-2010-A-001/provenance.json","INCLUDE","1","0","1","0","0","0","Q3 evidence tree file; previously unstaged because Git metadata staging was blocked."
"catalog/scale/g8_q3_batch_repair/CUMCM-2010-A-001/quality.json","INCLUDE","1","0","1","0","0","0","Q3 evidence tree file; previously unstaged because Git metadata staging was blocked."
"catalog/scale/g8_q3_batch_repair/CUMCM-2010-A-005/manifest.json","INCLUDE","1","0","1","0","0","0","Q3 evidence tree file; previously unstaged because Git metadata staging was blocked."
"catalog/scale/g8_q3_batch_repair/CUMCM-2010-A-005/normalized_body.txt","INCLUDE","1","0","1","0","0","0","Q3 evidence tree file; previously unstaged because Git metadata staging was blocked."
"catalog/scale/g8_q3_batch_repair/CUMCM-2010-A-005/pages/0001.txt","INCLUDE","1","0","1","0","0","0","Q3 evidence tree file; previously unstaged because Git metadata staging was blocked."
"catalog/scale/g8_q3_batch_repair/CUMCM-2010-A-005/pages/0002.txt","INCLUDE","1","0","1","0","0","0","Q3 evidence tree file; previously unstaged because Git metadata staging was blocked."
"catalog/scale/g8_q3_batch_repair/CUMCM-2010-A-005/pages/0003.txt","INCLUDE","1","0","1","0","0","0","Q3 evidence tree file; previously unstaged because Git metadata staging was blocked."
"catalog/scale/g8_q3_batch_repair/CUMCM-2010-A-005/pages/0004.txt","INCLUDE","1","0","1","0","0","0","Q3 evidence tree file; previously unstaged because Git metadata staging was blocked."
"catalog/scale/g8_q3_batch_repair/CUMCM-2010-A-005/pages/0005.txt","INCLUDE","1","0","1","0","0","0","Q3 evidence tree file; previously unstaged because Git metadata staging was blocked."
"catalog/scale/g8_q3_batch_repair/CUMCM-2010-A-005/pages/0006.txt","INCLUDE","1","0","1","0","0","0","Q3 evidence tree file; previously unstaged because Git metadata staging was blocked."
"catalog/scale/g8_q3_batch_repair/CUMCM-2010-A-005/pages/0007.txt","INCLUDE","1","0","1","0","0","0","Q3 evidence tree file; previously unstaged because Git metadata staging was blocked."
"catalog/scale/g8_q3_batch_repair/CUMCM-2010-A-005/pages/0008.txt","INCLUDE","1","0","1","0","0","0","Q3 evidence tree file; previously unstaged because Git metadata staging was blocked."
"catalog/scale/g8_q3_batch_repair/CUMCM-2010-A-005/pages/0009.txt","INCLUDE","1","0","1","0","0","0","Q3 evidence tree file; previously unstaged because Git metadata staging was blocked."
"catalog/scale/g8_q3_batch_repair/CUMCM-2010-A-005/pages/0010.txt","INCLUDE","1","0","1","0","0","0","Q3 evidence tree file; previously unstaged because Git metadata staging was blocked."
"catalog/scale/g8_q3_batch_repair/CUMCM-2010-A-005/pages/0011.txt","INCLUDE","1","0","1","0","0","0","Q3 evidence tree file; previously unstaged because Git metadata staging was blocked."
"catalog/scale/g8_q3_batch_repair/CUMCM-2010-A-005/pages/0012.txt","INCLUDE","1","0","1","0","0","0","Q3 evidence tree file; previously unstaged because Git metadata staging was blocked."
"catalog/scale/g8_q3_batch_repair/CUMCM-2010-A-005/pages/0013.txt","INCLUDE","1","0","1","0","0","0","Q3 evidence tree file; previously unstaged because Git metadata staging was blocked."
"catalog/scale/g8_q3_batch_repair/CUMCM-2010-A-005/pages/0014.txt","INCLUDE","1","0","1","0","0","0","Q3 evidence tree file; previously unstaged because Git metadata staging was blocked."
"catalog/scale/g8_q3_batch_repair/CUMCM-2010-A-005/pages/0015.txt","INCLUDE","1","0","1","0","0","0","Q3 evidence tree file; previously unstaged because Git metadata staging was blocked."
"catalog/scale/g8_q3_batch_repair/CUMCM-2010-A-005/pages/0016.txt","INCLUDE","1","0","1","0","0","0","Q3 evidence tree file; previously unstaged because Git metadata staging was blocked."
"catalog/scale/g8_q3_batch_repair/CUMCM-2010-A-005/pages/0017.txt","INCLUDE","1","0","1","0","0","0","Q3 evidence tree file; previously unstaged because Git metadata staging was blocked."
"catalog/scale/g8_q3_batch_repair/CUMCM-2010-A-005/pages/0018.txt","INCLUDE","1","0","1","0","0","0","Q3 evidence tree file; previously unstaged because Git metadata staging was blocked."
"catalog/scale/g8_q3_batch_repair/CUMCM-2010-A-005/pages/0019.txt","INCLUDE","1","0","1","0","0","0","Q3 evidence tree file; previously unstaged because Git metadata staging was blocked."
"catalog/scale/g8_q3_batch_repair/CUMCM-2010-A-005/pages/0020.txt","INCLUDE","1","0","1","0","0","0","Q3 evidence tree file; previously unstaged because Git metadata staging was blocked."
"catalog/scale/g8_q3_batch_repair/CUMCM-2010-A-005/pages/0021.txt","INCLUDE","1","0","1","0","0","0","Q3 evidence tree file; previously unstaged because Git metadata staging was blocked."
"catalog/scale/g8_q3_batch_repair/CUMCM-2010-A-005/pages/0022.txt","INCLUDE","1","0","1","0","0","0","Q3 evidence tree file; previously unstaged because Git metadata staging was blocked."
"catalog/scale/g8_q3_batch_repair/CUMCM-2010-A-005/pages/0023.txt","INCLUDE","1","0","1","0","0","0","Q3 evidence tree file; previously unstaged because Git metadata staging was blocked."
"catalog/scale/g8_q3_batch_repair/CUMCM-2010-A-005/pages/0024.txt","INCLUDE","1","0","1","0","0","0","Q3 evidence tree file; previously unstaged because Git metadata staging was blocked."
"catalog/scale/g8_q3_batch_repair/CUMCM-2010-A-005/pages/0025.txt","INCLUDE","1","0","1","0","0","0","Q3 evidence tree file; previously unstaged because Git metadata staging was blocked."
"catalog/scale/g8_q3_batch_repair/CUMCM-2010-A-005/pages/0026.txt","INCLUDE","1","0","1","0","0","0","Q3 evidence tree file; previously unstaged because Git metadata staging was blocked."
"catalog/scale/g8_q3_batch_repair/CUMCM-2010-A-005/pages/0027.txt","INCLUDE","1","0","1","0","0","0","Q3 evidence tree file; previously unstaged because Git metadata staging was blocked."
"catalog/scale/g8_q3_batch_repair/CUMCM-2010-A-005/pages/0028.txt","INCLUDE","1","0","1","0","0","0","Q3 evidence tree file; previously unstaged because Git metadata staging was blocked."
"catalog/scale/g8_q3_batch_repair/CUMCM-2010-A-005/pages/0029.txt","INCLUDE","1","0","1","0","0","0","Q3 evidence tree file; previously unstaged because Git metadata staging was blocked."
"catalog/scale/g8_q3_batch_repair/CUMCM-2010-A-005/pages/0030.txt","INCLUDE","1","0","1","0","0","0","Q3 evidence tree file; previously unstaged because Git metadata staging was blocked."
"catalog/scale/g8_q3_batch_repair/CUMCM-2010-A-005/pages/0031.txt","INCLUDE","1","0","1","0","0","0","Q3 evidence tree file; previously unstaged because Git metadata staging was blocked."
"catalog/scale/g8_q3_batch_repair/CUMCM-2010-A-005/pages/0032.txt","INCLUDE","1","0","1","0","0","0","Q3 evidence tree file; previously unstaged because Git metadata staging was blocked."
"catalog/scale/g8_q3_batch_repair/CUMCM-2010-A-005/pages/0033.txt","INCLUDE","1","0","1","0","0","0","Q3 evidence tree file; previously unstaged because Git metadata staging was blocked."
"catalog/scale/g8_q3_batch_repair/CUMCM-2010-A-005/pages/0034.txt","INCLUDE","1","0","1","0","0","0","Q3 evidence tree file; previously unstaged because Git metadata staging was blocked."
"catalog/scale/g8_q3_batch_repair/CUMCM-2010-A-005/pages/0035.txt","INCLUDE","1","0","1","0","0","0","Q3 evidence tree file; previously unstaged because Git metadata staging was blocked."
"catalog/scale/g8_q3_batch_repair/CUMCM-2010-A-005/pages/0036.txt","INCLUDE","1","0","1","0","0","0","Q3 evidence tree file; previously unstaged because Git metadata staging was blocked."
"catalog/scale/g8_q3_batch_repair/CUMCM-2010-A-005/pages/0037.txt","INCLUDE","1","0","1","0","0","0","Q3 evidence tree file; previously unstaged because Git metadata staging was blocked."
"catalog/scale/g8_q3_batch_repair/CUMCM-2010-A-005/provenance.json","INCLUDE","1","0","1","0","0","0","Q3 evidence tree file; previously unstaged because Git metadata staging was blocked."
"catalog/scale/g8_q3_batch_repair/CUMCM-2010-A-005/quality.json","INCLUDE","1","0","1","0","0","0","Q3 evidence tree file; previously unstaged because Git metadata staging was blocked."
"catalog/scale/g8_q3_batch_repair/CUMCM-2010-A-006/manifest.json","INCLUDE","1","0","1","0","0","0","Q3 evidence tree file; previously unstaged because Git metadata staging was blocked."
"catalog/scale/g8_q3_batch_repair/CUMCM-2010-A-006/normalized_body.txt","INCLUDE","1","0","1","0","0","0","Q3 evidence tree file; previously unstaged because Git metadata staging was blocked."
"catalog/scale/g8_q3_batch_repair/CUMCM-2010-A-006/pages/0001.txt","INCLUDE","1","0","1","0","0","0","Q3 evidence tree file; previously unstaged because Git metadata staging was blocked."
"catalog/scale/g8_q3_batch_repair/CUMCM-2010-A-006/pages/0002.txt","INCLUDE","1","0","1","0","0","0","Q3 evidence tree file; previously unstaged because Git metadata staging was blocked."
"catalog/scale/g8_q3_batch_repair/CUMCM-2010-A-006/pages/0003.txt","INCLUDE","1","0","1","0","0","0","Q3 evidence tree file; previously unstaged because Git metadata staging was blocked."
"catalog/scale/g8_q3_batch_repair/CUMCM-2010-A-006/pages/0004.txt","INCLUDE","1","0","1","0","0","0","Q3 evidence tree file; previously unstaged because Git metadata staging was blocked."
"catalog/scale/g8_q3_batch_repair/CUMCM-2010-A-006/pages/0005.txt","INCLUDE","1","0","1","0","0","0","Q3 evidence tree file; previously unstaged because Git metadata staging was blocked."
"catalog/scale/g8_q3_batch_repair/CUMCM-2010-A-006/pages/0006.txt","INCLUDE","1","0","1","0","0","0","Q3 evidence tree file; previously unstaged because Git metadata staging was blocked."
"catalog/scale/g8_q3_batch_repair/CUMCM-2010-A-006/pages/0007.txt","INCLUDE","1","0","1","0","0","0","Q3 evidence tree file; previously unstaged because Git metadata staging was blocked."
"catalog/scale/g8_q3_batch_repair/CUMCM-2010-A-006/pages/0008.txt","INCLUDE","1","0","1","0","0","0","Q3 evidence tree file; previously unstaged because Git metadata staging was blocked."
"catalog/scale/g8_q3_batch_repair/CUMCM-2010-A-006/pages/0009.txt","INCLUDE","1","0","1","0","0","0","Q3 evidence tree file; previously unstaged because Git metadata staging was blocked."
"catalog/scale/g8_q3_batch_repair/CUMCM-2010-A-006/pages/0010.txt","INCLUDE","1","0","1","0","0","0","Q3 evidence tree file; previously unstaged because Git metadata staging was blocked."
"catalog/scale/g8_q3_batch_repair/CUMCM-2010-A-006/pages/0011.txt","INCLUDE","1","0","1","0","0","0","Q3 evidence tree file; previously unstaged because Git metadata staging was blocked."
"catalog/scale/g8_q3_batch_repair/CUMCM-2010-A-006/pages/0012.txt","INCLUDE","1","0","1","0","0","0","Q3 evidence tree file; previously unstaged because Git metadata staging was blocked."
"catalog/scale/g8_q3_batch_repair/CUMCM-2010-A-006/pages/0013.txt","INCLUDE","1","0","1","0","0","0","Q3 evidence tree file; previously unstaged because Git metadata staging was blocked."
"catalog/scale/g8_q3_batch_repair/CUMCM-2010-A-006/pages/0014.txt","INCLUDE","1","0","1","0","0","0","Q3 evidence tree file; previously unstaged because Git metadata staging was blocked."
"catalog/scale/g8_q3_batch_repair/CUMCM-2010-A-006/pages/0015.txt","INCLUDE","1","0","1","0","0","0","Q3 evidence tree file; previously unstaged because Git metadata staging was blocked."
"catalog/scale/g8_q3_batch_repair/CUMCM-2010-A-006/pages/0016.txt","INCLUDE","1","0","1","0","0","0","Q3 evidence tree file; previously unstaged because Git metadata staging was blocked."
"catalog/scale/g8_q3_batch_repair/CUMCM-2010-A-006/pages/0017.txt","INCLUDE","1","0","1","0","0","0","Q3 evidence tree file; previously unstaged because Git metadata staging was blocked."
"catalog/scale/g8_q3_batch_repair/CUMCM-2010-A-006/pages/0018.txt","INCLUDE","1","0","1","0","0","0","Q3 evidence tree file; previously unstaged because Git metadata staging was blocked."
"catalog/scale/g8_q3_batch_repair/CUMCM-2010-A-006/pages/0019.txt","INCLUDE","1","0","1","0","0","0","Q3 evidence tree file; previously unstaged because Git metadata staging was blocked."
"catalog/scale/g8_q3_batch_repair/CUMCM-2010-A-006/pages/0020.txt","INCLUDE","1","0","1","0","0","0","Q3 evidence tree file; previously unstaged because Git metadata staging was blocked."
"catalog/scale/g8_q3_batch_repair/CUMCM-2010-A-006/pages/0021.txt","INCLUDE","1","0","1","0","0","0","Q3 evidence tree file; previously unstaged because Git metadata staging was blocked."
"catalog/scale/g8_q3_batch_repair/CUMCM-2010-A-006/pages/0022.txt","INCLUDE","1","0","1","0","0","0","Q3 evidence tree file; previously unstaged because Git metadata staging was blocked."
"catalog/scale/g8_q3_batch_repair/CUMCM-2010-A-006/pages/0023.txt","INCLUDE","1","0","1","0","0","0","Q3 evidence tree file; previously unstaged because Git metadata staging was blocked."
"catalog/scale/g8_q3_batch_repair/CUMCM-2010-A-006/pages/0024.txt","INCLUDE","1","0","1","0","0","0","Q3 evidence tree file; previously unstaged because Git metadata staging was blocked."
"catalog/scale/g8_q3_batch_repair/CUMCM-2010-A-006/pages/0025.txt","INCLUDE","1","0","1","0","0","0","Q3 evidence tree file; previously unstaged because Git metadata staging was blocked."
"catalog/scale/g8_q3_batch_repair/CUMCM-2010-A-006/pages/0026.txt","INCLUDE","1","0","1","0","0","0","Q3 evidence tree file; previously unstaged because Git metadata staging was blocked."
"catalog/scale/g8_q3_batch_repair/CUMCM-2010-A-006/pages/0027.txt","INCLUDE","1","0","1","0","0","0","Q3 evidence tree file; previously unstaged because Git metadata staging was blocked."
"catalog/scale/g8_q3_batch_repair/CUMCM-2010-A-006/pages/0028.txt","INCLUDE","1","0","1","0","0","0","Q3 evidence tree file; previously unstaged because Git metadata staging was blocked."
"catalog/scale/g8_q3_batch_repair/CUMCM-2010-A-006/pages/0029.txt","INCLUDE","1","0","1","0","0","0","Q3 evidence tree file; previously unstaged because Git metadata staging was blocked."
"catalog/scale/g8_q3_batch_repair/CUMCM-2010-A-006/pages/0030.txt","INCLUDE","1","0","1","0","0","0","Q3 evidence tree file; previously unstaged because Git metadata staging was blocked."
"catalog/scale/g8_q3_batch_repair/CUMCM-2010-A-006/pages/0031.txt","INCLUDE","1","0","1","0","0","0","Q3 evidence tree file; previously unstaged because Git metadata staging was blocked."
"catalog/scale/g8_q3_batch_repair/CUMCM-2010-A-006/pages/0032.txt","INCLUDE","1","0","1","0","0","0","Q3 evidence tree file; previously unstaged because Git metadata staging was blocked."
"catalog/scale/g8_q3_batch_repair/CUMCM-2010-A-006/pages/0033.txt","INCLUDE","1","0","1","0","0","0","Q3 evidence tree file; previously unstaged because Git metadata staging was blocked."
"catalog/scale/g8_q3_batch_repair/CUMCM-2010-A-006/pages/0034.txt","INCLUDE","1","0","1","0","0","0","Q3 evidence tree file; previously unstaged because Git metadata staging was blocked."
"catalog/scale/g8_q3_batch_repair/CUMCM-2010-A-006/pages/0035.txt","INCLUDE","1","0","1","0","0","0","Q3 evidence tree file; previously unstaged because Git metadata staging was blocked."
"catalog/scale/g8_q3_batch_repair/CUMCM-2010-A-006/pages/0036.txt","INCLUDE","1","0","1","0","0","0","Q3 evidence tree file; previously unstaged because Git metadata staging was blocked."
"catalog/scale/g8_q3_batch_repair/CUMCM-2010-A-006/pages/0037.txt","INCLUDE","1","0","1","0","0","0","Q3 evidence tree file; previously unstaged because Git metadata staging was blocked."
"catalog/scale/g8_q3_batch_repair/CUMCM-2010-A-006/pages/0038.txt","INCLUDE","1","0","1","0","0","0","Q3 evidence tree file; previously unstaged because Git metadata staging was blocked."
"catalog/scale/g8_q3_batch_repair/CUMCM-2010-A-006/pages/0039.txt","INCLUDE","1","0","1","0","0","0","Q3 evidence tree file; previously unstaged because Git metadata staging was blocked."
"catalog/scale/g8_q3_batch_repair/CUMCM-2010-A-006/pages/0040.txt","INCLUDE","1","0","1","0","0","0","Q3 evidence tree file; previously unstaged because Git metadata staging was blocked."
"catalog/scale/g8_q3_batch_repair/CUMCM-2010-A-006/pages/0041.txt","INCLUDE","1","0","1","0","0","0","Q3 evidence tree file; previously unstaged because Git metadata staging was blocked."
"catalog/scale/g8_q3_batch_repair/CUMCM-2010-A-006/pages/0042.txt","INCLUDE","1","0","1","0","0","0","Q3 evidence tree file; previously unstaged because Git metadata staging was blocked."
"catalog/scale/g8_q3_batch_repair/CUMCM-2010-A-006/pages/0043.txt","INCLUDE","1","0","1","0","0","0","Q3 evidence tree file; previously unstaged because Git metadata staging was blocked."
"catalog/scale/g8_q3_batch_repair/CUMCM-2010-A-006/pages/0044.txt","INCLUDE","1","0","1","0","0","0","Q3 evidence tree file; previously unstaged because Git metadata staging was blocked."
"catalog/scale/g8_q3_batch_repair/CUMCM-2010-A-006/pages/0045.txt","INCLUDE","1","0","1","0","0","0","Q3 evidence tree file; previously unstaged because Git metadata staging was blocked."
"catalog/scale/g8_q3_batch_repair/CUMCM-2010-A-006/pages/0046.txt","INCLUDE","1","0","1","0","0","0","Q3 evidence tree file; previously unstaged because Git metadata staging was blocked."
"catalog/scale/g8_q3_batch_repair/CUMCM-2010-A-006/pages/0047.txt","INCLUDE","1","0","1","0","0","0","Q3 evidence tree file; previously unstaged because Git metadata staging was blocked."
"catalog/scale/g8_q3_batch_repair/CUMCM-2010-A-006/pages/0048.txt","INCLUDE","1","0","1","0","0","0","Q3 evidence tree file; previously unstaged because Git metadata staging was blocked."
"catalog/scale/g8_q3_batch_repair/CUMCM-2010-A-006/pages/0049.txt","INCLUDE","1","0","1","0","0","0","Q3 evidence tree file; previously unstaged because Git metadata staging was blocked."
"catalog/scale/g8_q3_batch_repair/CUMCM-2010-A-006/pages/0050.txt","INCLUDE","1","0","1","0","0","0","Q3 evidence tree file; previously unstaged because Git metadata staging was blocked."
"catalog/scale/g8_q3_batch_repair/CUMCM-2010-A-006/pages/0051.txt","INCLUDE","1","0","1","0","0","0","Q3 evidence tree file; previously unstaged because Git metadata staging was blocked."
"catalog/scale/g8_q3_batch_repair/CUMCM-2010-A-006/pages/0052.txt","INCLUDE","1","0","1","0","0","0","Q3 evidence tree file; previously unstaged because Git metadata staging was blocked."
"catalog/scale/g8_q3_batch_repair/CUMCM-2010-A-006/pages/0053.txt","INCLUDE","1","0","1","0","0","0","Q3 evidence tree file; previously unstaged because Git metadata staging was blocked."
"catalog/scale/g8_q3_batch_repair/CUMCM-2010-A-006/pages/0054.txt","INCLUDE","1","0","1","0","0","0","Q3 evidence tree file; previously unstaged because Git metadata staging was blocked."
"catalog/scale/g8_q3_batch_repair/CUMCM-2010-A-006/pages/0055.txt","INCLUDE","1","0","1","0","0","0","Q3 evidence tree file; previously unstaged because Git metadata staging was blocked."
"catalog/scale/g8_q3_batch_repair/CUMCM-2010-A-006/pages/0056.txt","INCLUDE","1","0","1","0","0","0","Q3 evidence tree file; previously unstaged because Git metadata staging was blocked."
"catalog/scale/g8_q3_batch_repair/CUMCM-2010-A-006/pages/0057.txt","INCLUDE","1","0","1","0","0","0","Q3 evidence tree file; previously unstaged because Git metadata staging was blocked."
"catalog/scale/g8_q3_batch_repair/CUMCM-2010-A-006/pages/0058.txt","INCLUDE","1","0","1","0","0","0","Q3 evidence tree file; previously unstaged because Git metadata staging was blocked."
"catalog/scale/g8_q3_batch_repair/CUMCM-2010-A-006/pages/0059.txt","INCLUDE","1","0","1","0","0","0","Q3 evidence tree file; previously unstaged because Git metadata staging was blocked."
"catalog/scale/g8_q3_batch_repair/CUMCM-2010-A-006/pages/0060.txt","INCLUDE","1","0","1","0","0","0","Q3 evidence tree file; previously unstaged because Git metadata staging was blocked."
"catalog/scale/g8_q3_batch_repair/CUMCM-2010-A-006/pages/0061.txt","INCLUDE","1","0","1","0","0","0","Q3 evidence tree file; previously unstaged because Git metadata staging was blocked."
"catalog/scale/g8_q3_batch_repair/CUMCM-2010-A-006/pages/0062.txt","INCLUDE","1","0","1","0","0","0","Q3 evidence tree file; previously unstaged because Git metadata staging was blocked."
"catalog/scale/g8_q3_batch_repair/CUMCM-2010-A-006/pages/0063.txt","INCLUDE","1","0","1","0","0","0","Q3 evidence tree file; previously unstaged because Git metadata staging was blocked."
"catalog/scale/g8_q3_batch_repair/CUMCM-2010-A-006/pages/0064.txt","INCLUDE","1","0","1","0","0","0","Q3 evidence tree file; previously unstaged because Git metadata staging was blocked."
"catalog/scale/g8_q3_batch_repair/CUMCM-2010-A-006/pages/0065.txt","INCLUDE","1","0","1","0","0","0","Q3 evidence tree file; previously unstaged because Git metadata staging was blocked."
"catalog/scale/g8_q3_batch_repair/CUMCM-2010-A-006/pages/0066.txt","INCLUDE","1","0","1","0","0","0","Q3 evidence tree file; previously unstaged because Git metadata staging was blocked."
"catalog/scale/g8_q3_batch_repair/CUMCM-2010-A-006/pages/0067.txt","INCLUDE","1","0","1","0","0","0","Q3 evidence tree file; previously unstaged because Git metadata staging was blocked."
"catalog/scale/g8_q3_batch_repair/CUMCM-2010-A-006/pages/0068.txt","INCLUDE","1","0","1","0","0","0","Q3 evidence tree file; previously unstaged because Git metadata staging was blocked."
"catalog/scale/g8_q3_batch_repair/CUMCM-2010-A-006/pages/0069.txt","INCLUDE","1","0","1","0","0","0","Q3 evidence tree file; previously unstaged because Git metadata staging was blocked."
"catalog/scale/g8_q3_batch_repair/CUMCM-2010-A-006/pages/0070.txt","INCLUDE","1","0","1","0","0","0","Q3 evidence tree file; previously unstaged because Git metadata staging was blocked."
"catalog/scale/g8_q3_batch_repair/CUMCM-2010-A-006/pages/0071.txt","INCLUDE","1","0","1","0","0","0","Q3 evidence tree file; previously unstaged because Git metadata staging was blocked."
"catalog/scale/g8_q3_batch_repair/CUMCM-2010-A-006/pages/0072.txt","INCLUDE","1","0","1","0","0","0","Q3 evidence tree file; previously unstaged because Git metadata staging was blocked."
"catalog/scale/g8_q3_batch_repair/CUMCM-2010-A-006/pages/0073.txt","INCLUDE","1","0","1","0","0","0","Q3 evidence tree file; previously unstaged because Git metadata staging was blocked."
"catalog/scale/g8_q3_batch_repair/CUMCM-2010-A-006/pages/0074.txt","INCLUDE","1","0","1","0","0","0","Q3 evidence tree file; previously unstaged because Git metadata staging was blocked."
"catalog/scale/g8_q3_batch_repair/CUMCM-2010-A-006/pages/0075.txt","INCLUDE","1","0","1","0","0","0","Q3 evidence tree file; previously unstaged because Git metadata staging was blocked."
"catalog/scale/g8_q3_batch_repair/CUMCM-2010-A-006/pages/0076.txt","INCLUDE","1","0","1","0","0","0","Q3 evidence tree file; previously unstaged because Git metadata staging was blocked."
"catalog/scale/g8_q3_batch_repair/CUMCM-2010-A-006/pages/0077.txt","INCLUDE","1","0","1","0","0","0","Q3 evidence tree file; previously unstaged because Git metadata staging was blocked."
"catalog/scale/g8_q3_batch_repair/CUMCM-2010-A-006/pages/0078.txt","INCLUDE","1","0","1","0","0","0","Q3 evidence tree file; previously unstaged because Git metadata staging was blocked."
"catalog/scale/g8_q3_batch_repair/CUMCM-2010-A-006/pages/0079.txt","INCLUDE","1","0","1","0","0","0","Q3 evidence tree file; previously unstaged because Git metadata staging was blocked."
"catalog/scale/g8_q3_batch_repair/CUMCM-2010-A-006/pages/0080.txt","INCLUDE","1","0","1","0","0","0","Q3 evidence tree file; previously unstaged because Git metadata staging was blocked."
"catalog/scale/g8_q3_batch_repair/CUMCM-2010-A-006/pages/0081.txt","INCLUDE","1","0","1","0","0","0","Q3 evidence tree file; previously unstaged because Git metadata staging was blocked."
"catalog/scale/g8_q3_batch_repair/CUMCM-2010-A-006/pages/0082.txt","INCLUDE","1","0","1","0","0","0","Q3 evidence tree file; previously unstaged because Git metadata staging was blocked."
"catalog/scale/g8_q3_batch_repair/CUMCM-2010-A-006/pages/0083.txt","INCLUDE","1","0","1","0","0","0","Q3 evidence tree file; previously unstaged because Git metadata staging was blocked."
"catalog/scale/g8_q3_batch_repair/CUMCM-2010-A-006/pages/0084.txt","INCLUDE","1","0","1","0","0","0","Q3 evidence tree file; previously unstaged because Git metadata staging was blocked."
"catalog/scale/g8_q3_batch_repair/CUMCM-2010-A-006/pages/0085.txt","INCLUDE","1","0","1","0","0","0","Q3 evidence tree file; previously unstaged because Git metadata staging was blocked."
"catalog/scale/g8_q3_batch_repair/CUMCM-2010-A-006/pages/0086.txt","INCLUDE","1","0","1","0","0","0","Q3 evidence tree file; previously unstaged because Git metadata staging was blocked."
"catalog/scale/g8_q3_batch_repair/CUMCM-2010-A-006/pages/0087.txt","INCLUDE","1","0","1","0","0","0","Q3 evidence tree file; previously unstaged because Git metadata staging was blocked."
"catalog/scale/g8_q3_batch_repair/CUMCM-2010-A-006/pages/0088.txt","INCLUDE","1","0","1","0","0","0","Q3 evidence tree file; previously unstaged because Git metadata staging was blocked."
"catalog/scale/g8_q3_batch_repair/CUMCM-2010-A-006/pages/0089.txt","INCLUDE","1","0","1","0","0","0","Q3 evidence tree file; previously unstaged because Git metadata staging was blocked."
"catalog/scale/g8_q3_batch_repair/CUMCM-2010-A-006/pages/0090.txt","INCLUDE","1","0","1","0","0","0","Q3 evidence tree file; previously unstaged because Git metadata staging was blocked."
"catalog/scale/g8_q3_batch_repair/CUMCM-2010-A-006/pages/0091.txt","INCLUDE","1","0","1","0","0","0","Q3 evidence tree file; previously unstaged because Git metadata staging was blocked."
"catalog/scale/g8_q3_batch_repair/CUMCM-2010-A-006/pages/0092.txt","INCLUDE","1","0","1","0","0","0","Q3 evidence tree file; previously unstaged because Git metadata staging was blocked."
"catalog/scale/g8_q3_batch_repair/CUMCM-2010-A-006/pages/0093.txt","INCLUDE","1","0","1","0","0","0","Q3 evidence tree file; previously unstaged because Git metadata staging was blocked."
"catalog/scale/g8_q3_batch_repair/CUMCM-2010-A-006/pages/0094.txt","INCLUDE","1","0","1","0","0","0","Q3 evidence tree file; previously unstaged because Git metadata staging was blocked."
"catalog/scale/g8_q3_batch_repair/CUMCM-2010-A-006/pages/0095.txt","INCLUDE","1","0","1","0","0","0","Q3 evidence tree file; previously unstaged because Git metadata staging was blocked."
"catalog/scale/g8_q3_batch_repair/CUMCM-2010-A-006/pages/0096.txt","INCLUDE","1","0","1","0","0","0","Q3 evidence tree file; previously unstaged because Git metadata staging was blocked."
"catalog/scale/g8_q3_batch_repair/CUMCM-2010-A-006/pages/0097.txt","INCLUDE","1","0","1","0","0","0","Q3 evidence tree file; previously unstaged because Git metadata staging was blocked."
"catalog/scale/g8_q3_batch_repair/CUMCM-2010-A-006/pages/0098.txt","INCLUDE","1","0","1","0","0","0","Q3 evidence tree file; previously unstaged because Git metadata staging was blocked."
"catalog/scale/g8_q3_batch_repair/CUMCM-2010-A-006/pages/0099.txt","INCLUDE","1","0","1","0","0","0","Q3 evidence tree file; previously unstaged because Git metadata staging was blocked."
"catalog/scale/g8_q3_batch_repair/CUMCM-2010-A-006/pages/0100.txt","INCLUDE","1","0","1","0","0","0","Q3 evidence tree file; previously unstaged because Git metadata staging was blocked."
"catalog/scale/g8_q3_batch_repair/CUMCM-2010-A-006/provenance.json","INCLUDE","1","0","1","0","0","0","Q3 evidence tree file; previously unstaged because Git metadata staging was blocked."
"catalog/scale/g8_q3_batch_repair/CUMCM-2010-A-006/quality.json","INCLUDE","1","0","1","0","0","0","Q3 evidence tree file; previously unstaged because Git metadata staging was blocked."
"catalog/scale/g8_q3_batch_repair/CUMCM-2010-B-001/manifest.json","INCLUDE","1","0","1","0","0","0","Q3 evidence tree file; previously unstaged because Git metadata staging was blocked."
"catalog/scale/g8_q3_batch_repair/CUMCM-2010-B-001/normalized_body.txt","INCLUDE","1","0","1","0","0","0","Q3 evidence tree file; previously unstaged because Git metadata staging was blocked."
"catalog/scale/g8_q3_batch_repair/CUMCM-2010-B-001/pages/0001.txt","INCLUDE","1","0","1","0","0","0","Q3 evidence tree file; previously unstaged because Git metadata staging was blocked."
"catalog/scale/g8_q3_batch_repair/CUMCM-2010-B-001/pages/0002.txt","INCLUDE","1","0","1","0","0","0","Q3 evidence tree file; previously unstaged because Git metadata staging was blocked."
"catalog/scale/g8_q3_batch_repair/CUMCM-2010-B-001/pages/0003.txt","INCLUDE","1","0","1","0","0","0","Q3 evidence tree file; previously unstaged because Git metadata staging was blocked."
"catalog/scale/g8_q3_batch_repair/CUMCM-2010-B-001/pages/0004.txt","INCLUDE","1","0","1","0","0","0","Q3 evidence tree file; previously unstaged because Git metadata staging was blocked."
"catalog/scale/g8_q3_batch_repair/CUMCM-2010-B-001/pages/0005.txt","INCLUDE","1","0","1","0","0","0","Q3 evidence tree file; previously unstaged because Git metadata staging was blocked."
"catalog/scale/g8_q3_batch_repair/CUMCM-2010-B-001/pages/0006.txt","INCLUDE","1","0","1","0","0","0","Q3 evidence tree file; previously unstaged because Git metadata staging was blocked."
"catalog/scale/g8_q3_batch_repair/CUMCM-2010-B-001/pages/0007.txt","INCLUDE","1","0","1","0","0","0","Q3 evidence tree file; previously unstaged because Git metadata staging was blocked."
"catalog/scale/g8_q3_batch_repair/CUMCM-2010-B-001/pages/0008.txt","INCLUDE","1","0","1","0","0","0","Q3 evidence tree file; previously unstaged because Git metadata staging was blocked."
"catalog/scale/g8_q3_batch_repair/CUMCM-2010-B-001/pages/0009.txt","INCLUDE","1","0","1","0","0","0","Q3 evidence tree file; previously unstaged because Git metadata staging was blocked."
"catalog/scale/g8_q3_batch_repair/CUMCM-2010-B-001/pages/0010.txt","INCLUDE","1","0","1","0","0","0","Q3 evidence tree file; previously unstaged because Git metadata staging was blocked."
"catalog/scale/g8_q3_batch_repair/CUMCM-2010-B-001/pages/0011.txt","INCLUDE","1","0","1","0","0","0","Q3 evidence tree file; previously unstaged because Git metadata staging was blocked."
"catalog/scale/g8_q3_batch_repair/CUMCM-2010-B-001/pages/0012.txt","INCLUDE","1","0","1","0","0","0","Q3 evidence tree file; previously unstaged because Git metadata staging was blocked."
"catalog/scale/g8_q3_batch_repair/CUMCM-2010-B-001/pages/0013.txt","INCLUDE","1","0","1","0","0","0","Q3 evidence tree file; previously unstaged because Git metadata staging was blocked."
"catalog/scale/g8_q3_batch_repair/CUMCM-2010-B-001/pages/0014.txt","INCLUDE","1","0","1","0","0","0","Q3 evidence tree file; previously unstaged because Git metadata staging was blocked."
"catalog/scale/g8_q3_batch_repair/CUMCM-2010-B-001/pages/0015.txt","INCLUDE","1","0","1","0","0","0","Q3 evidence tree file; previously unstaged because Git metadata staging was blocked."
"catalog/scale/g8_q3_batch_repair/CUMCM-2010-B-001/pages/0016.txt","INCLUDE","1","0","1","0","0","0","Q3 evidence tree file; previously unstaged because Git metadata staging was blocked."
"catalog/scale/g8_q3_batch_repair/CUMCM-2010-B-001/pages/0017.txt","INCLUDE","1","0","1","0","0","0","Q3 evidence tree file; previously unstaged because Git metadata staging was blocked."
"catalog/scale/g8_q3_batch_repair/CUMCM-2010-B-001/pages/0018.txt","INCLUDE","1","0","1","0","0","0","Q3 evidence tree file; previously unstaged because Git metadata staging was blocked."
"catalog/scale/g8_q3_batch_repair/CUMCM-2010-B-001/pages/0019.txt","INCLUDE","1","0","1","0","0","0","Q3 evidence tree file; previously unstaged because Git metadata staging was blocked."
"catalog/scale/g8_q3_batch_repair/CUMCM-2010-B-001/pages/0020.txt","INCLUDE","1","0","1","0","0","0","Q3 evidence tree file; previously unstaged because Git metadata staging was blocked."
"catalog/scale/g8_q3_batch_repair/CUMCM-2010-B-001/pages/0021.txt","INCLUDE","1","0","1","0","0","0","Q3 evidence tree file; previously unstaged because Git metadata staging was blocked."
"catalog/scale/g8_q3_batch_repair/CUMCM-2010-B-001/pages/0022.txt","INCLUDE","1","0","1","0","0","0","Q3 evidence tree file; previously unstaged because Git metadata staging was blocked."
"catalog/scale/g8_q3_batch_repair/CUMCM-2010-B-001/pages/0023.txt","INCLUDE","1","0","1","0","0","0","Q3 evidence tree file; previously unstaged because Git metadata staging was blocked."
"catalog/scale/g8_q3_batch_repair/CUMCM-2010-B-001/pages/0024.txt","INCLUDE","1","0","1","0","0","0","Q3 evidence tree file; previously unstaged because Git metadata staging was blocked."
"catalog/scale/g8_q3_batch_repair/CUMCM-2010-B-001/pages/0025.txt","INCLUDE","1","0","1","0","0","0","Q3 evidence tree file; previously unstaged because Git metadata staging was blocked."
"catalog/scale/g8_q3_batch_repair/CUMCM-2010-B-001/pages/0026.txt","INCLUDE","1","0","1","0","0","0","Q3 evidence tree file; previously unstaged because Git metadata staging was blocked."
"catalog/scale/g8_q3_batch_repair/CUMCM-2010-B-001/pages/0027.txt","INCLUDE","1","0","1","0","0","0","Q3 evidence tree file; previously unstaged because Git metadata staging was blocked."
"catalog/scale/g8_q3_batch_repair/CUMCM-2010-B-001/pages/0028.txt","INCLUDE","1","0","1","0","0","0","Q3 evidence tree file; previously unstaged because Git metadata staging was blocked."
"catalog/scale/g8_q3_batch_repair/CUMCM-2010-B-001/pages/0029.txt","INCLUDE","1","0","1","0","0","0","Q3 evidence tree file; previously unstaged because Git metadata staging was blocked."
"catalog/scale/g8_q3_batch_repair/CUMCM-2010-B-001/provenance.json","INCLUDE","1","0","1","0","0","0","Q3 evidence tree file; previously unstaged because Git metadata staging was blocked."
"catalog/scale/g8_q3_batch_repair/CUMCM-2010-B-001/quality.json","INCLUDE","1","0","1","0","0","0","Q3 evidence tree file; previously unstaged because Git metadata staging was blocked."
"catalog/scale/g8_q3_batch_repair/CUMCM-2010-C-003/manifest.json","INCLUDE","1","0","1","0","0","0","Q3 evidence tree file; previously unstaged because Git metadata staging was blocked."
"catalog/scale/g8_q3_batch_repair/CUMCM-2010-C-003/normalized_body.txt","INCLUDE","1","0","1","0","0","0","Q3 evidence tree file; previously unstaged because Git metadata staging was blocked."
"catalog/scale/g8_q3_batch_repair/CUMCM-2010-C-003/pages/0001.txt","INCLUDE","1","0","1","0","0","0","Q3 evidence tree file; previously unstaged because Git metadata staging was blocked."
"catalog/scale/g8_q3_batch_repair/CUMCM-2010-C-003/pages/0002.txt","INCLUDE","1","0","1","0","0","0","Q3 evidence tree file; previously unstaged because Git metadata staging was blocked."
"catalog/scale/g8_q3_batch_repair/CUMCM-2010-C-003/pages/0003.txt","INCLUDE","1","0","1","0","0","0","Q3 evidence tree file; previously unstaged because Git metadata staging was blocked."
"catalog/scale/g8_q3_batch_repair/CUMCM-2010-C-003/pages/0004.txt","INCLUDE","1","0","1","0","0","0","Q3 evidence tree file; previously unstaged because Git metadata staging was blocked."
"catalog/scale/g8_q3_batch_repair/CUMCM-2010-C-003/pages/0005.txt","INCLUDE","1","0","1","0","0","0","Q3 evidence tree file; previously unstaged because Git metadata staging was blocked."
"catalog/scale/g8_q3_batch_repair/CUMCM-2010-C-003/pages/0006.txt","INCLUDE","1","0","1","0","0","0","Q3 evidence tree file; previously unstaged because Git metadata staging was blocked."
"catalog/scale/g8_q3_batch_repair/CUMCM-2010-C-003/pages/0007.txt","INCLUDE","1","0","1","0","0","0","Q3 evidence tree file; previously unstaged because Git metadata staging was blocked."
"catalog/scale/g8_q3_batch_repair/CUMCM-2010-C-003/pages/0008.txt","INCLUDE","1","0","1","0","0","0","Q3 evidence tree file; previously unstaged because Git metadata staging was blocked."
"catalog/scale/g8_q3_batch_repair/CUMCM-2010-C-003/pages/0009.txt","INCLUDE","1","0","1","0","0","0","Q3 evidence tree file; previously unstaged because Git metadata staging was blocked."
"catalog/scale/g8_q3_batch_repair/CUMCM-2010-C-003/pages/0010.txt","INCLUDE","1","0","1","0","0","0","Q3 evidence tree file; previously unstaged because Git metadata staging was blocked."
"catalog/scale/g8_q3_batch_repair/CUMCM-2010-C-003/pages/0011.txt","INCLUDE","1","0","1","0","0","0","Q3 evidence tree file; previously unstaged because Git metadata staging was blocked."
"catalog/scale/g8_q3_batch_repair/CUMCM-2010-C-003/pages/0012.txt","INCLUDE","1","0","1","0","0","0","Q3 evidence tree file; previously unstaged because Git metadata staging was blocked."
"catalog/scale/g8_q3_batch_repair/CUMCM-2010-C-003/pages/0013.txt","INCLUDE","1","0","1","0","0","0","Q3 evidence tree file; previously unstaged because Git metadata staging was blocked."
"catalog/scale/g8_q3_batch_repair/CUMCM-2010-C-003/pages/0014.txt","INCLUDE","1","0","1","0","0","0","Q3 evidence tree file; previously unstaged because Git metadata staging was blocked."
"catalog/scale/g8_q3_batch_repair/CUMCM-2010-C-003/pages/0015.txt","INCLUDE","1","0","1","0","0","0","Q3 evidence tree file; previously unstaged because Git metadata staging was blocked."
"catalog/scale/g8_q3_batch_repair/CUMCM-2010-C-003/pages/0016.txt","INCLUDE","1","0","1","0","0","0","Q3 evidence tree file; previously unstaged because Git metadata staging was blocked."
"catalog/scale/g8_q3_batch_repair/CUMCM-2010-C-003/pages/0017.txt","INCLUDE","1","0","1","0","0","0","Q3 evidence tree file; previously unstaged because Git metadata staging was blocked."
"catalog/scale/g8_q3_batch_repair/CUMCM-2010-C-003/pages/0018.txt","INCLUDE","1","0","1","0","0","0","Q3 evidence tree file; previously unstaged because Git metadata staging was blocked."
"catalog/scale/g8_q3_batch_repair/CUMCM-2010-C-003/pages/0019.txt","INCLUDE","1","0","1","0","0","0","Q3 evidence tree file; previously unstaged because Git metadata staging was blocked."
"catalog/scale/g8_q3_batch_repair/CUMCM-2010-C-003/pages/0020.txt","INCLUDE","1","0","1","0","0","0","Q3 evidence tree file; previously unstaged because Git metadata staging was blocked."
"catalog/scale/g8_q3_batch_repair/CUMCM-2010-C-003/provenance.json","INCLUDE","1","0","1","0","0","0","Q3 evidence tree file; previously unstaged because Git metadata staging was blocked."
"catalog/scale/g8_q3_batch_repair/CUMCM-2010-C-003/quality.json","INCLUDE","1","0","1","0","0","0","Q3 evidence tree file; previously unstaged because Git metadata staging was blocked."
"catalog/scale/g8_q3_batch_repair/CUMCM-2010-D-001/manifest.json","INCLUDE","1","0","1","0","0","0","Q3 evidence tree file; previously unstaged because Git metadata staging was blocked."
"catalog/scale/g8_q3_batch_repair/CUMCM-2010-D-001/normalized_body.txt","INCLUDE","1","0","1","0","0","0","Q3 evidence tree file; previously unstaged because Git metadata staging was blocked."
"catalog/scale/g8_q3_batch_repair/CUMCM-2010-D-001/pages/0001.txt","INCLUDE","1","0","1","0","0","0","Q3 evidence tree file; previously unstaged because Git metadata staging was blocked."
"catalog/scale/g8_q3_batch_repair/CUMCM-2010-D-001/pages/0002.txt","INCLUDE","1","0","1","0","0","0","Q3 evidence tree file; previously unstaged because Git metadata staging was blocked."
"catalog/scale/g8_q3_batch_repair/CUMCM-2010-D-001/pages/0003.txt","INCLUDE","1","0","1","0","0","0","Q3 evidence tree file; previously unstaged because Git metadata staging was blocked."
"catalog/scale/g8_q3_batch_repair/CUMCM-2010-D-001/pages/0004.txt","INCLUDE","1","0","1","0","0","0","Q3 evidence tree file; previously unstaged because Git metadata staging was blocked."
"catalog/scale/g8_q3_batch_repair/CUMCM-2010-D-001/pages/0005.txt","INCLUDE","1","0","1","0","0","0","Q3 evidence tree file; previously unstaged because Git metadata staging was blocked."
"catalog/scale/g8_q3_batch_repair/CUMCM-2010-D-001/pages/0006.txt","INCLUDE","1","0","1","0","0","0","Q3 evidence tree file; previously unstaged because Git metadata staging was blocked."
"catalog/scale/g8_q3_batch_repair/CUMCM-2010-D-001/pages/0007.txt","INCLUDE","1","0","1","0","0","0","Q3 evidence tree file; previously unstaged because Git metadata staging was blocked."
"catalog/scale/g8_q3_batch_repair/CUMCM-2010-D-001/pages/0008.txt","INCLUDE","1","0","1","0","0","0","Q3 evidence tree file; previously unstaged because Git metadata staging was blocked."
"catalog/scale/g8_q3_batch_repair/CUMCM-2010-D-001/pages/0009.txt","INCLUDE","1","0","1","0","0","0","Q3 evidence tree file; previously unstaged because Git metadata staging was blocked."
"catalog/scale/g8_q3_batch_repair/CUMCM-2010-D-001/pages/0010.txt","INCLUDE","1","0","1","0","0","0","Q3 evidence tree file; previously unstaged because Git metadata staging was blocked."
"catalog/scale/g8_q3_batch_repair/CUMCM-2010-D-001/provenance.json","INCLUDE","1","0","1","0","0","0","Q3 evidence tree file; previously unstaged because Git metadata staging was blocked."
"catalog/scale/g8_q3_batch_repair/CUMCM-2010-D-001/quality.json","INCLUDE","1","0","1","0","0","0","Q3 evidence tree file; previously unstaged because Git metadata staging was blocked."
"catalog/scale/g8_q3_batch_repair/CUMCM-2019-A-002/manifest.json","INCLUDE","1","0","1","0","0","0","Q3 evidence tree file; previously unstaged because Git metadata staging was blocked."
"catalog/scale/g8_q3_batch_repair/CUMCM-2019-A-002/normalized_body.txt","INCLUDE","1","0","1","0","0","0","Q3 evidence tree file; previously unstaged because Git metadata staging was blocked."
"catalog/scale/g8_q3_batch_repair/CUMCM-2019-A-002/pages/0001.txt","INCLUDE","1","0","1","0","0","0","Q3 evidence tree file; previously unstaged because Git metadata staging was blocked."
"catalog/scale/g8_q3_batch_repair/CUMCM-2019-A-002/pages/0002.txt","INCLUDE","1","0","1","0","0","0","Q3 evidence tree file; previously unstaged because Git metadata staging was blocked."
"catalog/scale/g8_q3_batch_repair/CUMCM-2019-A-002/pages/0003.txt","INCLUDE","1","0","1","0","0","0","Q3 evidence tree file; previously unstaged because Git metadata staging was blocked."
"catalog/scale/g8_q3_batch_repair/CUMCM-2019-A-002/pages/0004.txt","INCLUDE","1","0","1","0","0","0","Q3 evidence tree file; previously unstaged because Git metadata staging was blocked."
"catalog/scale/g8_q3_batch_repair/CUMCM-2019-A-002/pages/0005.txt","INCLUDE","1","0","1","0","0","0","Q3 evidence tree file; previously unstaged because Git metadata staging was blocked."
"catalog/scale/g8_q3_batch_repair/CUMCM-2019-A-002/pages/0006.txt","INCLUDE","1","0","1","0","0","0","Q3 evidence tree file; previously unstaged because Git metadata staging was blocked."
"catalog/scale/g8_q3_batch_repair/CUMCM-2019-A-002/pages/0007.txt","INCLUDE","1","0","1","0","0","0","Q3 evidence tree file; previously unstaged because Git metadata staging was blocked."
"catalog/scale/g8_q3_batch_repair/CUMCM-2019-A-002/pages/0008.txt","INCLUDE","1","0","1","0","0","0","Q3 evidence tree file; previously unstaged because Git metadata staging was blocked."
"catalog/scale/g8_q3_batch_repair/CUMCM-2019-A-002/pages/0009.txt","INCLUDE","1","0","1","0","0","0","Q3 evidence tree file; previously unstaged because Git metadata staging was blocked."
"catalog/scale/g8_q3_batch_repair/CUMCM-2019-A-002/pages/0010.txt","INCLUDE","1","0","1","0","0","0","Q3 evidence tree file; previously unstaged because Git metadata staging was blocked."
"catalog/scale/g8_q3_batch_repair/CUMCM-2019-A-002/pages/0011.txt","INCLUDE","1","0","1","0","0","0","Q3 evidence tree file; previously unstaged because Git metadata staging was blocked."
"catalog/scale/g8_q3_batch_repair/CUMCM-2019-A-002/pages/0012.txt","INCLUDE","1","0","1","0","0","0","Q3 evidence tree file; previously unstaged because Git metadata staging was blocked."
"catalog/scale/g8_q3_batch_repair/CUMCM-2019-A-002/pages/0013.txt","INCLUDE","1","0","1","0","0","0","Q3 evidence tree file; previously unstaged because Git metadata staging was blocked."
"catalog/scale/g8_q3_batch_repair/CUMCM-2019-A-002/pages/0014.txt","INCLUDE","1","0","1","0","0","0","Q3 evidence tree file; previously unstaged because Git metadata staging was blocked."
"catalog/scale/g8_q3_batch_repair/CUMCM-2019-A-002/pages/0015.txt","INCLUDE","1","0","1","0","0","0","Q3 evidence tree file; previously unstaged because Git metadata staging was blocked."
"catalog/scale/g8_q3_batch_repair/CUMCM-2019-A-002/pages/0016.txt","INCLUDE","1","0","1","0","0","0","Q3 evidence tree file; previously unstaged because Git metadata staging was blocked."
"catalog/scale/g8_q3_batch_repair/CUMCM-2019-A-002/pages/0017.txt","INCLUDE","1","0","1","0","0","0","Q3 evidence tree file; previously unstaged because Git metadata staging was blocked."
"catalog/scale/g8_q3_batch_repair/CUMCM-2019-A-002/pages/0018.txt","INCLUDE","1","0","1","0","0","0","Q3 evidence tree file; previously unstaged because Git metadata staging was blocked."
"catalog/scale/g8_q3_batch_repair/CUMCM-2019-A-002/pages/0019.txt","INCLUDE","1","0","1","0","0","0","Q3 evidence tree file; previously unstaged because Git metadata staging was blocked."
"catalog/scale/g8_q3_batch_repair/CUMCM-2019-A-002/pages/0020.txt","INCLUDE","1","0","1","0","0","0","Q3 evidence tree file; previously unstaged because Git metadata staging was blocked."
"catalog/scale/g8_q3_batch_repair/CUMCM-2019-A-002/pages/0021.txt","INCLUDE","1","0","1","0","0","0","Q3 evidence tree file; previously unstaged because Git metadata staging was blocked."
"catalog/scale/g8_q3_batch_repair/CUMCM-2019-A-002/pages/0022.txt","INCLUDE","1","0","1","0","0","0","Q3 evidence tree file; previously unstaged because Git metadata staging was blocked."
"catalog/scale/g8_q3_batch_repair/CUMCM-2019-A-002/pages/0023.txt","INCLUDE","1","0","1","0","0","0","Q3 evidence tree file; previously unstaged because Git metadata staging was blocked."
"catalog/scale/g8_q3_batch_repair/CUMCM-2019-A-002/pages/0024.txt","INCLUDE","1","0","1","0","0","0","Q3 evidence tree file; previously unstaged because Git metadata staging was blocked."
"catalog/scale/g8_q3_batch_repair/CUMCM-2019-A-002/pages/0025.txt","INCLUDE","1","0","1","0","0","0","Q3 evidence tree file; previously unstaged because Git metadata staging was blocked."
"catalog/scale/g8_q3_batch_repair/CUMCM-2019-A-002/pages/0026.txt","INCLUDE","1","0","1","0","0","0","Q3 evidence tree file; previously unstaged because Git metadata staging was blocked."
"catalog/scale/g8_q3_batch_repair/CUMCM-2019-A-002/pages/0027.txt","INCLUDE","1","0","1","0","0","0","Q3 evidence tree file; previously unstaged because Git metadata staging was blocked."
"catalog/scale/g8_q3_batch_repair/CUMCM-2019-A-002/pages/0028.txt","INCLUDE","1","0","1","0","0","0","Q3 evidence tree file; previously unstaged because Git metadata staging was blocked."
"catalog/scale/g8_q3_batch_repair/CUMCM-2019-A-002/pages/0029.txt","INCLUDE","1","0","1","0","0","0","Q3 evidence tree file; previously unstaged because Git metadata staging was blocked."
"catalog/scale/g8_q3_batch_repair/CUMCM-2019-A-002/pages/0030.txt","INCLUDE","1","0","1","0","0","0","Q3 evidence tree file; previously unstaged because Git metadata staging was blocked."
"catalog/scale/g8_q3_batch_repair/CUMCM-2019-A-002/pages/0031.txt","INCLUDE","1","0","1","0","0","0","Q3 evidence tree file; previously unstaged because Git metadata staging was blocked."
"catalog/scale/g8_q3_batch_repair/CUMCM-2019-A-002/pages/0032.txt","INCLUDE","1","0","1","0","0","0","Q3 evidence tree file; previously unstaged because Git metadata staging was blocked."
"catalog/scale/g8_q3_batch_repair/CUMCM-2019-A-002/pages/0033.txt","INCLUDE","1","0","1","0","0","0","Q3 evidence tree file; previously unstaged because Git metadata staging was blocked."
"catalog/scale/g8_q3_batch_repair/CUMCM-2019-A-002/pages/0034.txt","INCLUDE","1","0","1","0","0","0","Q3 evidence tree file; previously unstaged because Git metadata staging was blocked."
"catalog/scale/g8_q3_batch_repair/CUMCM-2019-A-002/pages/0035.txt","INCLUDE","1","0","1","0","0","0","Q3 evidence tree file; previously unstaged because Git metadata staging was blocked."
"catalog/scale/g8_q3_batch_repair/CUMCM-2019-A-002/pages/0036.txt","INCLUDE","1","0","1","0","0","0","Q3 evidence tree file; previously unstaged because Git metadata staging was blocked."
"catalog/scale/g8_q3_batch_repair/CUMCM-2019-A-002/pages/0037.txt","INCLUDE","1","0","1","0","0","0","Q3 evidence tree file; previously unstaged because Git metadata staging was blocked."
"catalog/scale/g8_q3_batch_repair/CUMCM-2019-A-002/pages/0038.txt","INCLUDE","1","0","1","0","0","0","Q3 evidence tree file; previously unstaged because Git metadata staging was blocked."
"catalog/scale/g8_q3_batch_repair/CUMCM-2019-A-002/pages/0039.txt","INCLUDE","1","0","1","0","0","0","Q3 evidence tree file; previously unstaged because Git metadata staging was blocked."
"catalog/scale/g8_q3_batch_repair/CUMCM-2019-A-002/pages/0040.txt","INCLUDE","1","0","1","0","0","0","Q3 evidence tree file; previously unstaged because Git metadata staging was blocked."
"catalog/scale/g8_q3_batch_repair/CUMCM-2019-A-002/provenance.json","INCLUDE","1","0","1","0","0","0","Q3 evidence tree file; previously unstaged because Git metadata staging was blocked."
"catalog/scale/g8_q3_batch_repair/CUMCM-2019-A-002/quality.json","INCLUDE","1","0","1","0","0","0","Q3 evidence tree file; previously unstaged because Git metadata staging was blocked."
"catalog/scale/g8_q3_batch_repair/CUMCM-2019-A-003/manifest.json","INCLUDE","1","0","1","0","0","0","Q3 evidence tree file; previously unstaged because Git metadata staging was blocked."
"catalog/scale/g8_q3_batch_repair/CUMCM-2019-A-003/normalized_body.txt","INCLUDE","1","0","1","0","0","0","Q3 evidence tree file; previously unstaged because Git metadata staging was blocked."
"catalog/scale/g8_q3_batch_repair/CUMCM-2019-A-003/pages/0001.txt","INCLUDE","1","0","1","0","0","0","Q3 evidence tree file; previously unstaged because Git metadata staging was blocked."
"catalog/scale/g8_q3_batch_repair/CUMCM-2019-A-003/pages/0002.txt","INCLUDE","1","0","1","0","0","0","Q3 evidence tree file; previously unstaged because Git metadata staging was blocked."
"catalog/scale/g8_q3_batch_repair/CUMCM-2019-A-003/pages/0003.txt","INCLUDE","1","0","1","0","0","0","Q3 evidence tree file; previously unstaged because Git metadata staging was blocked."
"catalog/scale/g8_q3_batch_repair/CUMCM-2019-A-003/pages/0004.txt","INCLUDE","1","0","1","0","0","0","Q3 evidence tree file; previously unstaged because Git metadata staging was blocked."
"catalog/scale/g8_q3_batch_repair/CUMCM-2019-A-003/pages/0005.txt","INCLUDE","1","0","1","0","0","0","Q3 evidence tree file; previously unstaged because Git metadata staging was blocked."
"catalog/scale/g8_q3_batch_repair/CUMCM-2019-A-003/pages/0006.txt","INCLUDE","1","0","1","0","0","0","Q3 evidence tree file; previously unstaged because Git metadata staging was blocked."
"catalog/scale/g8_q3_batch_repair/CUMCM-2019-A-003/pages/0007.txt","INCLUDE","1","0","1","0","0","0","Q3 evidence tree file; previously unstaged because Git metadata staging was blocked."
"catalog/scale/g8_q3_batch_repair/CUMCM-2019-A-003/pages/0008.txt","INCLUDE","1","0","1","0","0","0","Q3 evidence tree file; previously unstaged because Git metadata staging was blocked."
"catalog/scale/g8_q3_batch_repair/CUMCM-2019-A-003/pages/0009.txt","INCLUDE","1","0","1","0","0","0","Q3 evidence tree file; previously unstaged because Git metadata staging was blocked."
"catalog/scale/g8_q3_batch_repair/CUMCM-2019-A-003/pages/0010.txt","INCLUDE","1","0","1","0","0","0","Q3 evidence tree file; previously unstaged because Git metadata staging was blocked."
"catalog/scale/g8_q3_batch_repair/CUMCM-2019-A-003/pages/0011.txt","INCLUDE","1","0","1","0","0","0","Q3 evidence tree file; previously unstaged because Git metadata staging was blocked."
"catalog/scale/g8_q3_batch_repair/CUMCM-2019-A-003/pages/0012.txt","INCLUDE","1","0","1","0","0","0","Q3 evidence tree file; previously unstaged because Git metadata staging was blocked."
"catalog/scale/g8_q3_batch_repair/CUMCM-2019-A-003/pages/0013.txt","INCLUDE","1","0","1","0","0","0","Q3 evidence tree file; previously unstaged because Git metadata staging was blocked."
"catalog/scale/g8_q3_batch_repair/CUMCM-2019-A-003/pages/0014.txt","INCLUDE","1","0","1","0","0","0","Q3 evidence tree file; previously unstaged because Git metadata staging was blocked."
"catalog/scale/g8_q3_batch_repair/CUMCM-2019-A-003/pages/0015.txt","INCLUDE","1","0","1","0","0","0","Q3 evidence tree file; previously unstaged because Git metadata staging was blocked."
"catalog/scale/g8_q3_batch_repair/CUMCM-2019-A-003/pages/0016.txt","INCLUDE","1","0","1","0","0","0","Q3 evidence tree file; previously unstaged because Git metadata staging was blocked."
"catalog/scale/g8_q3_batch_repair/CUMCM-2019-A-003/pages/0017.txt","INCLUDE","1","0","1","0","0","0","Q3 evidence tree file; previously unstaged because Git metadata staging was blocked."
"catalog/scale/g8_q3_batch_repair/CUMCM-2019-A-003/pages/0018.txt","INCLUDE","1","0","1","0","0","0","Q3 evidence tree file; previously unstaged because Git metadata staging was blocked."
"catalog/scale/g8_q3_batch_repair/CUMCM-2019-A-003/pages/0019.txt","INCLUDE","1","0","1","0","0","0","Q3 evidence tree file; previously unstaged because Git metadata staging was blocked."
"catalog/scale/g8_q3_batch_repair/CUMCM-2019-A-003/pages/0020.txt","INCLUDE","1","0","1","0","0","0","Q3 evidence tree file; previously unstaged because Git metadata staging was blocked."
"catalog/scale/g8_q3_batch_repair/CUMCM-2019-A-003/pages/0021.txt","INCLUDE","1","0","1","0","0","0","Q3 evidence tree file; previously unstaged because Git metadata staging was blocked."
"catalog/scale/g8_q3_batch_repair/CUMCM-2019-A-003/pages/0022.txt","INCLUDE","1","0","1","0","0","0","Q3 evidence tree file; previously unstaged because Git metadata staging was blocked."
"catalog/scale/g8_q3_batch_repair/CUMCM-2019-A-003/pages/0023.txt","INCLUDE","1","0","1","0","0","0","Q3 evidence tree file; previously unstaged because Git metadata staging was blocked."
"catalog/scale/g8_q3_batch_repair/CUMCM-2019-A-003/pages/0024.txt","INCLUDE","1","0","1","0","0","0","Q3 evidence tree file; previously unstaged because Git metadata staging was blocked."
"catalog/scale/g8_q3_batch_repair/CUMCM-2019-A-003/pages/0025.txt","INCLUDE","1","0","1","0","0","0","Q3 evidence tree file; previously unstaged because Git metadata staging was blocked."
"catalog/scale/g8_q3_batch_repair/CUMCM-2019-A-003/pages/0026.txt","INCLUDE","1","0","1","0","0","0","Q3 evidence tree file; previously unstaged because Git metadata staging was blocked."
"catalog/scale/g8_q3_batch_repair/CUMCM-2019-A-003/pages/0027.txt","INCLUDE","1","0","1","0","0","0","Q3 evidence tree file; previously unstaged because Git metadata staging was blocked."
"catalog/scale/g8_q3_batch_repair/CUMCM-2019-A-003/pages/0028.txt","INCLUDE","1","0","1","0","0","0","Q3 evidence tree file; previously unstaged because Git metadata staging was blocked."
"catalog/scale/g8_q3_batch_repair/CUMCM-2019-A-003/pages/0029.txt","INCLUDE","1","0","1","0","0","0","Q3 evidence tree file; previously unstaged because Git metadata staging was blocked."
"catalog/scale/g8_q3_batch_repair/CUMCM-2019-A-003/pages/0030.txt","INCLUDE","1","0","1","0","0","0","Q3 evidence tree file; previously unstaged because Git metadata staging was blocked."
"catalog/scale/g8_q3_batch_repair/CUMCM-2019-A-003/pages/0031.txt","INCLUDE","1","0","1","0","0","0","Q3 evidence tree file; previously unstaged because Git metadata staging was blocked."
"catalog/scale/g8_q3_batch_repair/CUMCM-2019-A-003/pages/0032.txt","INCLUDE","1","0","1","0","0","0","Q3 evidence tree file; previously unstaged because Git metadata staging was blocked."
"catalog/scale/g8_q3_batch_repair/CUMCM-2019-A-003/pages/0033.txt","INCLUDE","1","0","1","0","0","0","Q3 evidence tree file; previously unstaged because Git metadata staging was blocked."
"catalog/scale/g8_q3_batch_repair/CUMCM-2019-A-003/pages/0034.txt","INCLUDE","1","0","1","0","0","0","Q3 evidence tree file; previously unstaged because Git metadata staging was blocked."
"catalog/scale/g8_q3_batch_repair/CUMCM-2019-A-003/pages/0035.txt","INCLUDE","1","0","1","0","0","0","Q3 evidence tree file; previously unstaged because Git metadata staging was blocked."
"catalog/scale/g8_q3_batch_repair/CUMCM-2019-A-003/pages/0036.txt","INCLUDE","1","0","1","0","0","0","Q3 evidence tree file; previously unstaged because Git metadata staging was blocked."
"catalog/scale/g8_q3_batch_repair/CUMCM-2019-A-003/pages/0037.txt","INCLUDE","1","0","1","0","0","0","Q3 evidence tree file; previously unstaged because Git metadata staging was blocked."
"catalog/scale/g8_q3_batch_repair/CUMCM-2019-A-003/pages/0038.txt","INCLUDE","1","0","1","0","0","0","Q3 evidence tree file; previously unstaged because Git metadata staging was blocked."
"catalog/scale/g8_q3_batch_repair/CUMCM-2019-A-003/pages/0039.txt","INCLUDE","1","0","1","0","0","0","Q3 evidence tree file; previously unstaged because Git metadata staging was blocked."
"catalog/scale/g8_q3_batch_repair/CUMCM-2019-A-003/pages/0040.txt","INCLUDE","1","0","1","0","0","0","Q3 evidence tree file; previously unstaged because Git metadata staging was blocked."
"catalog/scale/g8_q3_batch_repair/CUMCM-2019-A-003/pages/0041.txt","INCLUDE","1","0","1","0","0","0","Q3 evidence tree file; previously unstaged because Git metadata staging was blocked."
"catalog/scale/g8_q3_batch_repair/CUMCM-2019-A-003/pages/0042.txt","INCLUDE","1","0","1","0","0","0","Q3 evidence tree file; previously unstaged because Git metadata staging was blocked."
"catalog/scale/g8_q3_batch_repair/CUMCM-2019-A-003/provenance.json","INCLUDE","1","0","1","0","0","0","Q3 evidence tree file; previously unstaged because Git metadata staging was blocked."
"catalog/scale/g8_q3_batch_repair/CUMCM-2019-A-003/quality.json","INCLUDE","1","0","1","0","0","0","Q3 evidence tree file; previously unstaged because Git metadata staging was blocked."
"catalog/scale/g8_q3_batch_repair/CUMCM-2019-A-004/manifest.json","INCLUDE","1","0","1","0","0","0","Q3 evidence tree file; previously unstaged because Git metadata staging was blocked."
"catalog/scale/g8_q3_batch_repair/CUMCM-2019-A-004/normalized_body.txt","INCLUDE","1","0","1","0","0","0","Q3 evidence tree file; previously unstaged because Git metadata staging was blocked."
"catalog/scale/g8_q3_batch_repair/CUMCM-2019-A-004/pages/0001.txt","INCLUDE","1","0","1","0","0","0","Q3 evidence tree file; previously unstaged because Git metadata staging was blocked."
"catalog/scale/g8_q3_batch_repair/CUMCM-2019-A-004/pages/0002.txt","INCLUDE","1","0","1","0","0","0","Q3 evidence tree file; previously unstaged because Git metadata staging was blocked."
"catalog/scale/g8_q3_batch_repair/CUMCM-2019-A-004/pages/0003.txt","INCLUDE","1","0","1","0","0","0","Q3 evidence tree file; previously unstaged because Git metadata staging was blocked."
"catalog/scale/g8_q3_batch_repair/CUMCM-2019-A-004/pages/0004.txt","INCLUDE","1","0","1","0","0","0","Q3 evidence tree file; previously unstaged because Git metadata staging was blocked."
"catalog/scale/g8_q3_batch_repair/CUMCM-2019-A-004/pages/0005.txt","INCLUDE","1","0","1","0","0","0","Q3 evidence tree file; previously unstaged because Git metadata staging was blocked."
"catalog/scale/g8_q3_batch_repair/CUMCM-2019-A-004/pages/0006.txt","INCLUDE","1","0","1","0","0","0","Q3 evidence tree file; previously unstaged because Git metadata staging was blocked."
"catalog/scale/g8_q3_batch_repair/CUMCM-2019-A-004/pages/0007.txt","INCLUDE","1","0","1","0","0","0","Q3 evidence tree file; previously unstaged because Git metadata staging was blocked."
"catalog/scale/g8_q3_batch_repair/CUMCM-2019-A-004/pages/0008.txt","INCLUDE","1","0","1","0","0","0","Q3 evidence tree file; previously unstaged because Git metadata staging was blocked."
"catalog/scale/g8_q3_batch_repair/CUMCM-2019-A-004/pages/0009.txt","INCLUDE","1","0","1","0","0","0","Q3 evidence tree file; previously unstaged because Git metadata staging was blocked."
"catalog/scale/g8_q3_batch_repair/CUMCM-2019-A-004/pages/0010.txt","INCLUDE","1","0","1","0","0","0","Q3 evidence tree file; previously unstaged because Git metadata staging was blocked."
"catalog/scale/g8_q3_batch_repair/CUMCM-2019-A-004/pages/0011.txt","INCLUDE","1","0","1","0","0","0","Q3 evidence tree file; previously unstaged because Git metadata staging was blocked."
"catalog/scale/g8_q3_batch_repair/CUMCM-2019-A-004/pages/0012.txt","INCLUDE","1","0","1","0","0","0","Q3 evidence tree file; previously unstaged because Git metadata staging was blocked."
"catalog/scale/g8_q3_batch_repair/CUMCM-2019-A-004/pages/0013.txt","INCLUDE","1","0","1","0","0","0","Q3 evidence tree file; previously unstaged because Git metadata staging was blocked."
"catalog/scale/g8_q3_batch_repair/CUMCM-2019-A-004/pages/0014.txt","INCLUDE","1","0","1","0","0","0","Q3 evidence tree file; previously unstaged because Git metadata staging was blocked."
"catalog/scale/g8_q3_batch_repair/CUMCM-2019-A-004/pages/0015.txt","INCLUDE","1","0","1","0","0","0","Q3 evidence tree file; previously unstaged because Git metadata staging was blocked."
"catalog/scale/g8_q3_batch_repair/CUMCM-2019-A-004/pages/0016.txt","INCLUDE","1","0","1","0","0","0","Q3 evidence tree file; previously unstaged because Git metadata staging was blocked."
"catalog/scale/g8_q3_batch_repair/CUMCM-2019-A-004/pages/0017.txt","INCLUDE","1","0","1","0","0","0","Q3 evidence tree file; previously unstaged because Git metadata staging was blocked."
"catalog/scale/g8_q3_batch_repair/CUMCM-2019-A-004/pages/0018.txt","INCLUDE","1","0","1","0","0","0","Q3 evidence tree file; previously unstaged because Git metadata staging was blocked."
"catalog/scale/g8_q3_batch_repair/CUMCM-2019-A-004/pages/0019.txt","INCLUDE","1","0","1","0","0","0","Q3 evidence tree file; previously unstaged because Git metadata staging was blocked."
"catalog/scale/g8_q3_batch_repair/CUMCM-2019-A-004/pages/0020.txt","INCLUDE","1","0","1","0","0","0","Q3 evidence tree file; previously unstaged because Git metadata staging was blocked."
"catalog/scale/g8_q3_batch_repair/CUMCM-2019-A-004/pages/0021.txt","INCLUDE","1","0","1","0","0","0","Q3 evidence tree file; previously unstaged because Git metadata staging was blocked."
"catalog/scale/g8_q3_batch_repair/CUMCM-2019-A-004/pages/0022.txt","INCLUDE","1","0","1","0","0","0","Q3 evidence tree file; previously unstaged because Git metadata staging was blocked."
"catalog/scale/g8_q3_batch_repair/CUMCM-2019-A-004/pages/0023.txt","INCLUDE","1","0","1","0","0","0","Q3 evidence tree file; previously unstaged because Git metadata staging was blocked."
"catalog/scale/g8_q3_batch_repair/CUMCM-2019-A-004/pages/0024.txt","INCLUDE","1","0","1","0","0","0","Q3 evidence tree file; previously unstaged because Git metadata staging was blocked."
"catalog/scale/g8_q3_batch_repair/CUMCM-2019-A-004/provenance.json","INCLUDE","1","0","1","0","0","0","Q3 evidence tree file; previously unstaged because Git metadata staging was blocked."
"catalog/scale/g8_q3_batch_repair/CUMCM-2019-A-004/quality.json","INCLUDE","1","0","1","0","0","0","Q3 evidence tree file; previously unstaged because Git metadata staging was blocked."
"catalog/scale/g8_q3_batch_repair/CUMCM-2019-B-001/manifest.json","INCLUDE","1","0","1","0","0","0","Q3 evidence tree file; previously unstaged because Git metadata staging was blocked."
"catalog/scale/g8_q3_batch_repair/CUMCM-2019-B-001/normalized_body.txt","INCLUDE","1","0","1","0","0","0","Q3 evidence tree file; previously unstaged because Git metadata staging was blocked."
"catalog/scale/g8_q3_batch_repair/CUMCM-2019-B-001/pages/0001.txt","INCLUDE","1","0","1","0","0","0","Q3 evidence tree file; previously unstaged because Git metadata staging was blocked."
"catalog/scale/g8_q3_batch_repair/CUMCM-2019-B-001/pages/0002.txt","INCLUDE","1","0","1","0","0","0","Q3 evidence tree file; previously unstaged because Git metadata staging was blocked."
"catalog/scale/g8_q3_batch_repair/CUMCM-2019-B-001/pages/0003.txt","INCLUDE","1","0","1","0","0","0","Q3 evidence tree file; previously unstaged because Git metadata staging was blocked."
"catalog/scale/g8_q3_batch_repair/CUMCM-2019-B-001/pages/0004.txt","INCLUDE","1","0","1","0","0","0","Q3 evidence tree file; previously unstaged because Git metadata staging was blocked."
"catalog/scale/g8_q3_batch_repair/CUMCM-2019-B-001/pages/0005.txt","INCLUDE","1","0","1","0","0","0","Q3 evidence tree file; previously unstaged because Git metadata staging was blocked."
"catalog/scale/g8_q3_batch_repair/CUMCM-2019-B-001/pages/0006.txt","INCLUDE","1","0","1","0","0","0","Q3 evidence tree file; previously unstaged because Git metadata staging was blocked."
"catalog/scale/g8_q3_batch_repair/CUMCM-2019-B-001/pages/0007.txt","INCLUDE","1","0","1","0","0","0","Q3 evidence tree file; previously unstaged because Git metadata staging was blocked."
"catalog/scale/g8_q3_batch_repair/CUMCM-2019-B-001/pages/0008.txt","INCLUDE","1","0","1","0","0","0","Q3 evidence tree file; previously unstaged because Git metadata staging was blocked."
"catalog/scale/g8_q3_batch_repair/CUMCM-2019-B-001/pages/0009.txt","INCLUDE","1","0","1","0","0","0","Q3 evidence tree file; previously unstaged because Git metadata staging was blocked."
"catalog/scale/g8_q3_batch_repair/CUMCM-2019-B-001/pages/0010.txt","INCLUDE","1","0","1","0","0","0","Q3 evidence tree file; previously unstaged because Git metadata staging was blocked."
"catalog/scale/g8_q3_batch_repair/CUMCM-2019-B-001/pages/0011.txt","INCLUDE","1","0","1","0","0","0","Q3 evidence tree file; previously unstaged because Git metadata staging was blocked."
"catalog/scale/g8_q3_batch_repair/CUMCM-2019-B-001/pages/0012.txt","INCLUDE","1","0","1","0","0","0","Q3 evidence tree file; previously unstaged because Git metadata staging was blocked."
"catalog/scale/g8_q3_batch_repair/CUMCM-2019-B-001/pages/0013.txt","INCLUDE","1","0","1","0","0","0","Q3 evidence tree file; previously unstaged because Git metadata staging was blocked."
"catalog/scale/g8_q3_batch_repair/CUMCM-2019-B-001/pages/0014.txt","INCLUDE","1","0","1","0","0","0","Q3 evidence tree file; previously unstaged because Git metadata staging was blocked."
"catalog/scale/g8_q3_batch_repair/CUMCM-2019-B-001/pages/0015.txt","INCLUDE","1","0","1","0","0","0","Q3 evidence tree file; previously unstaged because Git metadata staging was blocked."
"catalog/scale/g8_q3_batch_repair/CUMCM-2019-B-001/pages/0016.txt","INCLUDE","1","0","1","0","0","0","Q3 evidence tree file; previously unstaged because Git metadata staging was blocked."
"catalog/scale/g8_q3_batch_repair/CUMCM-2019-B-001/pages/0017.txt","INCLUDE","1","0","1","0","0","0","Q3 evidence tree file; previously unstaged because Git metadata staging was blocked."
"catalog/scale/g8_q3_batch_repair/CUMCM-2019-B-001/pages/0018.txt","INCLUDE","1","0","1","0","0","0","Q3 evidence tree file; previously unstaged because Git metadata staging was blocked."
"catalog/scale/g8_q3_batch_repair/CUMCM-2019-B-001/pages/0019.txt","INCLUDE","1","0","1","0","0","0","Q3 evidence tree file; previously unstaged because Git metadata staging was blocked."
"catalog/scale/g8_q3_batch_repair/CUMCM-2019-B-001/pages/0020.txt","INCLUDE","1","0","1","0","0","0","Q3 evidence tree file; previously unstaged because Git metadata staging was blocked."
"catalog/scale/g8_q3_batch_repair/CUMCM-2019-B-001/pages/0021.txt","INCLUDE","1","0","1","0","0","0","Q3 evidence tree file; previously unstaged because Git metadata staging was blocked."
"catalog/scale/g8_q3_batch_repair/CUMCM-2019-B-001/pages/0022.txt","INCLUDE","1","0","1","0","0","0","Q3 evidence tree file; previously unstaged because Git metadata staging was blocked."
"catalog/scale/g8_q3_batch_repair/CUMCM-2019-B-001/pages/0023.txt","INCLUDE","1","0","1","0","0","0","Q3 evidence tree file; previously unstaged because Git metadata staging was blocked."
"catalog/scale/g8_q3_batch_repair/CUMCM-2019-B-001/pages/0024.txt","INCLUDE","1","0","1","0","0","0","Q3 evidence tree file; previously unstaged because Git metadata staging was blocked."
"catalog/scale/g8_q3_batch_repair/CUMCM-2019-B-001/pages/0025.txt","INCLUDE","1","0","1","0","0","0","Q3 evidence tree file; previously unstaged because Git metadata staging was blocked."
"catalog/scale/g8_q3_batch_repair/CUMCM-2019-B-001/pages/0026.txt","INCLUDE","1","0","1","0","0","0","Q3 evidence tree file; previously unstaged because Git metadata staging was blocked."
"catalog/scale/g8_q3_batch_repair/CUMCM-2019-B-001/pages/0027.txt","INCLUDE","1","0","1","0","0","0","Q3 evidence tree file; previously unstaged because Git metadata staging was blocked."
"catalog/scale/g8_q3_batch_repair/CUMCM-2019-B-001/pages/0028.txt","INCLUDE","1","0","1","0","0","0","Q3 evidence tree file; previously unstaged because Git metadata staging was blocked."
"catalog/scale/g8_q3_batch_repair/CUMCM-2019-B-001/pages/0029.txt","INCLUDE","1","0","1","0","0","0","Q3 evidence tree file; previously unstaged because Git metadata staging was blocked."
"catalog/scale/g8_q3_batch_repair/CUMCM-2019-B-001/pages/0030.txt","INCLUDE","1","0","1","0","0","0","Q3 evidence tree file; previously unstaged because Git metadata staging was blocked."
"catalog/scale/g8_q3_batch_repair/CUMCM-2019-B-001/pages/0031.txt","INCLUDE","1","0","1","0","0","0","Q3 evidence tree file; previously unstaged because Git metadata staging was blocked."
"catalog/scale/g8_q3_batch_repair/CUMCM-2019-B-001/pages/0032.txt","INCLUDE","1","0","1","0","0","0","Q3 evidence tree file; previously unstaged because Git metadata staging was blocked."
"catalog/scale/g8_q3_batch_repair/CUMCM-2019-B-001/pages/0033.txt","INCLUDE","1","0","1","0","0","0","Q3 evidence tree file; previously unstaged because Git metadata staging was blocked."
"catalog/scale/g8_q3_batch_repair/CUMCM-2019-B-001/pages/0034.txt","INCLUDE","1","0","1","0","0","0","Q3 evidence tree file; previously unstaged because Git metadata staging was blocked."
"catalog/scale/g8_q3_batch_repair/CUMCM-2019-B-001/pages/0035.txt","INCLUDE","1","0","1","0","0","0","Q3 evidence tree file; previously unstaged because Git metadata staging was blocked."
"catalog/scale/g8_q3_batch_repair/CUMCM-2019-B-001/provenance.json","INCLUDE","1","0","1","0","0","0","Q3 evidence tree file; previously unstaged because Git metadata staging was blocked."
"catalog/scale/g8_q3_batch_repair/CUMCM-2019-B-001/quality.json","INCLUDE","1","0","1","0","0","0","Q3 evidence tree file; previously unstaged because Git metadata staging was blocked."
"catalog/scale/g8_q3_batch_repair/CUMCM-2019-B-002/manifest.json","INCLUDE","1","0","1","0","0","0","Q3 evidence tree file; previously unstaged because Git metadata staging was blocked."
"catalog/scale/g8_q3_batch_repair/CUMCM-2019-B-002/normalized_body.txt","INCLUDE","1","0","1","0","0","0","Q3 evidence tree file; previously unstaged because Git metadata staging was blocked."
"catalog/scale/g8_q3_batch_repair/CUMCM-2019-B-002/pages/0001.txt","INCLUDE","1","0","1","0","0","0","Q3 evidence tree file; previously unstaged because Git metadata staging was blocked."
"catalog/scale/g8_q3_batch_repair/CUMCM-2019-B-002/pages/0002.txt","INCLUDE","1","0","1","0","0","0","Q3 evidence tree file; previously unstaged because Git metadata staging was blocked."
"catalog/scale/g8_q3_batch_repair/CUMCM-2019-B-002/pages/0003.txt","INCLUDE","1","0","1","0","0","0","Q3 evidence tree file; previously unstaged because Git metadata staging was blocked."
"catalog/scale/g8_q3_batch_repair/CUMCM-2019-B-002/pages/0004.txt","INCLUDE","1","0","1","0","0","0","Q3 evidence tree file; previously unstaged because Git metadata staging was blocked."
"catalog/scale/g8_q3_batch_repair/CUMCM-2019-B-002/pages/0005.txt","INCLUDE","1","0","1","0","0","0","Q3 evidence tree file; previously unstaged because Git metadata staging was blocked."
"catalog/scale/g8_q3_batch_repair/CUMCM-2019-B-002/pages/0006.txt","INCLUDE","1","0","1","0","0","0","Q3 evidence tree file; previously unstaged because Git metadata staging was blocked."
"catalog/scale/g8_q3_batch_repair/CUMCM-2019-B-002/pages/0007.txt","INCLUDE","1","0","1","0","0","0","Q3 evidence tree file; previously unstaged because Git metadata staging was blocked."
"catalog/scale/g8_q3_batch_repair/CUMCM-2019-B-002/pages/0008.txt","INCLUDE","1","0","1","0","0","0","Q3 evidence tree file; previously unstaged because Git metadata staging was blocked."
"catalog/scale/g8_q3_batch_repair/CUMCM-2019-B-002/pages/0009.txt","INCLUDE","1","0","1","0","0","0","Q3 evidence tree file; previously unstaged because Git metadata staging was blocked."
"catalog/scale/g8_q3_batch_repair/CUMCM-2019-B-002/pages/0010.txt","INCLUDE","1","0","1","0","0","0","Q3 evidence tree file; previously unstaged because Git metadata staging was blocked."
"catalog/scale/g8_q3_batch_repair/CUMCM-2019-B-002/pages/0011.txt","INCLUDE","1","0","1","0","0","0","Q3 evidence tree file; previously unstaged because Git metadata staging was blocked."
"catalog/scale/g8_q3_batch_repair/CUMCM-2019-B-002/pages/0012.txt","INCLUDE","1","0","1","0","0","0","Q3 evidence tree file; previously unstaged because Git metadata staging was blocked."
"catalog/scale/g8_q3_batch_repair/CUMCM-2019-B-002/pages/0013.txt","INCLUDE","1","0","1","0","0","0","Q3 evidence tree file; previously unstaged because Git metadata staging was blocked."
"catalog/scale/g8_q3_batch_repair/CUMCM-2019-B-002/pages/0014.txt","INCLUDE","1","0","1","0","0","0","Q3 evidence tree file; previously unstaged because Git metadata staging was blocked."
"catalog/scale/g8_q3_batch_repair/CUMCM-2019-B-002/pages/0015.txt","INCLUDE","1","0","1","0","0","0","Q3 evidence tree file; previously unstaged because Git metadata staging was blocked."
"catalog/scale/g8_q3_batch_repair/CUMCM-2019-B-002/pages/0016.txt","INCLUDE","1","0","1","0","0","0","Q3 evidence tree file; previously unstaged because Git metadata staging was blocked."
"catalog/scale/g8_q3_batch_repair/CUMCM-2019-B-002/pages/0017.txt","INCLUDE","1","0","1","0","0","0","Q3 evidence tree file; previously unstaged because Git metadata staging was blocked."
"catalog/scale/g8_q3_batch_repair/CUMCM-2019-B-002/pages/0018.txt","INCLUDE","1","0","1","0","0","0","Q3 evidence tree file; previously unstaged because Git metadata staging was blocked."
"catalog/scale/g8_q3_batch_repair/CUMCM-2019-B-002/pages/0019.txt","INCLUDE","1","0","1","0","0","0","Q3 evidence tree file; previously unstaged because Git metadata staging was blocked."
"catalog/scale/g8_q3_batch_repair/CUMCM-2019-B-002/pages/0020.txt","INCLUDE","1","0","1","0","0","0","Q3 evidence tree file; previously unstaged because Git metadata staging was blocked."
"catalog/scale/g8_q3_batch_repair/CUMCM-2019-B-002/pages/0021.txt","INCLUDE","1","0","1","0","0","0","Q3 evidence tree file; previously unstaged because Git metadata staging was blocked."
"catalog/scale/g8_q3_batch_repair/CUMCM-2019-B-002/pages/0022.txt","INCLUDE","1","0","1","0","0","0","Q3 evidence tree file; previously unstaged because Git metadata staging was blocked."
"catalog/scale/g8_q3_batch_repair/CUMCM-2019-B-002/pages/0023.txt","INCLUDE","1","0","1","0","0","0","Q3 evidence tree file; previously unstaged because Git metadata staging was blocked."
"catalog/scale/g8_q3_batch_repair/CUMCM-2019-B-002/pages/0024.txt","INCLUDE","1","0","1","0","0","0","Q3 evidence tree file; previously unstaged because Git metadata staging was blocked."
"catalog/scale/g8_q3_batch_repair/CUMCM-2019-B-002/pages/0025.txt","INCLUDE","1","0","1","0","0","0","Q3 evidence tree file; previously unstaged because Git metadata staging was blocked."
"catalog/scale/g8_q3_batch_repair/CUMCM-2019-B-002/pages/0026.txt","INCLUDE","1","0","1","0","0","0","Q3 evidence tree file; previously unstaged because Git metadata staging was blocked."
"catalog/scale/g8_q3_batch_repair/CUMCM-2019-B-002/pages/0027.txt","INCLUDE","1","0","1","0","0","0","Q3 evidence tree file; previously unstaged because Git metadata staging was blocked."
"catalog/scale/g8_q3_batch_repair/CUMCM-2019-B-002/provenance.json","INCLUDE","1","0","1","0","0","0","Q3 evidence tree file; previously unstaged because Git metadata staging was blocked."
"catalog/scale/g8_q3_batch_repair/CUMCM-2019-B-002/quality.json","INCLUDE","1","0","1","0","0","0","Q3 evidence tree file; previously unstaged because Git metadata staging was blocked."
"catalog/scale/g8_q3_batch_repair/CUMCM-2019-B-004/manifest.json","INCLUDE","1","0","1","0","0","0","Q3 evidence tree file; previously unstaged because Git metadata staging was blocked."
"catalog/scale/g8_q3_batch_repair/CUMCM-2019-B-004/normalized_body.txt","INCLUDE","1","0","1","0","0","0","Q3 evidence tree file; previously unstaged because Git metadata staging was blocked."
"catalog/scale/g8_q3_batch_repair/CUMCM-2019-B-004/pages/0001.txt","INCLUDE","1","0","1","0","0","0","Q3 evidence tree file; previously unstaged because Git metadata staging was blocked."
"catalog/scale/g8_q3_batch_repair/CUMCM-2019-B-004/pages/0002.txt","INCLUDE","1","0","1","0","0","0","Q3 evidence tree file; previously unstaged because Git metadata staging was blocked."
"catalog/scale/g8_q3_batch_repair/CUMCM-2019-B-004/pages/0003.txt","INCLUDE","1","0","1","0","0","0","Q3 evidence tree file; previously unstaged because Git metadata staging was blocked."
"catalog/scale/g8_q3_batch_repair/CUMCM-2019-B-004/pages/0004.txt","INCLUDE","1","0","1","0","0","0","Q3 evidence tree file; previously unstaged because Git metadata staging was blocked."
"catalog/scale/g8_q3_batch_repair/CUMCM-2019-B-004/pages/0005.txt","INCLUDE","1","0","1","0","0","0","Q3 evidence tree file; previously unstaged because Git metadata staging was blocked."
"catalog/scale/g8_q3_batch_repair/CUMCM-2019-B-004/pages/0006.txt","INCLUDE","1","0","1","0","0","0","Q3 evidence tree file; previously unstaged because Git metadata staging was blocked."
"catalog/scale/g8_q3_batch_repair/CUMCM-2019-B-004/pages/0007.txt","INCLUDE","1","0","1","0","0","0","Q3 evidence tree file; previously unstaged because Git metadata staging was blocked."
"catalog/scale/g8_q3_batch_repair/CUMCM-2019-B-004/pages/0008.txt","INCLUDE","1","0","1","0","0","0","Q3 evidence tree file; previously unstaged because Git metadata staging was blocked."
"catalog/scale/g8_q3_batch_repair/CUMCM-2019-B-004/pages/0009.txt","INCLUDE","1","0","1","0","0","0","Q3 evidence tree file; previously unstaged because Git metadata staging was blocked."
"catalog/scale/g8_q3_batch_repair/CUMCM-2019-B-004/pages/0010.txt","INCLUDE","1","0","1","0","0","0","Q3 evidence tree file; previously unstaged because Git metadata staging was blocked."
"catalog/scale/g8_q3_batch_repair/CUMCM-2019-B-004/pages/0011.txt","INCLUDE","1","0","1","0","0","0","Q3 evidence tree file; previously unstaged because Git metadata staging was blocked."
"catalog/scale/g8_q3_batch_repair/CUMCM-2019-B-004/pages/0012.txt","INCLUDE","1","0","1","0","0","0","Q3 evidence tree file; previously unstaged because Git metadata staging was blocked."
"catalog/scale/g8_q3_batch_repair/CUMCM-2019-B-004/pages/0013.txt","INCLUDE","1","0","1","0","0","0","Q3 evidence tree file; previously unstaged because Git metadata staging was blocked."
"catalog/scale/g8_q3_batch_repair/CUMCM-2019-B-004/pages/0014.txt","INCLUDE","1","0","1","0","0","0","Q3 evidence tree file; previously unstaged because Git metadata staging was blocked."
"catalog/scale/g8_q3_batch_repair/CUMCM-2019-B-004/pages/0015.txt","INCLUDE","1","0","1","0","0","0","Q3 evidence tree file; previously unstaged because Git metadata staging was blocked."
"catalog/scale/g8_q3_batch_repair/CUMCM-2019-B-004/pages/0016.txt","INCLUDE","1","0","1","0","0","0","Q3 evidence tree file; previously unstaged because Git metadata staging was blocked."
"catalog/scale/g8_q3_batch_repair/CUMCM-2019-B-004/pages/0017.txt","INCLUDE","1","0","1","0","0","0","Q3 evidence tree file; previously unstaged because Git metadata staging was blocked."
"catalog/scale/g8_q3_batch_repair/CUMCM-2019-B-004/pages/0018.txt","INCLUDE","1","0","1","0","0","0","Q3 evidence tree file; previously unstaged because Git metadata staging was blocked."
"catalog/scale/g8_q3_batch_repair/CUMCM-2019-B-004/pages/0019.txt","INCLUDE","1","0","1","0","0","0","Q3 evidence tree file; previously unstaged because Git metadata staging was blocked."
"catalog/scale/g8_q3_batch_repair/CUMCM-2019-B-004/pages/0020.txt","INCLUDE","1","0","1","0","0","0","Q3 evidence tree file; previously unstaged because Git metadata staging was blocked."
"catalog/scale/g8_q3_batch_repair/CUMCM-2019-B-004/pages/0021.txt","INCLUDE","1","0","1","0","0","0","Q3 evidence tree file; previously unstaged because Git metadata staging was blocked."
"catalog/scale/g8_q3_batch_repair/CUMCM-2019-B-004/pages/0022.txt","INCLUDE","1","0","1","0","0","0","Q3 evidence tree file; previously unstaged because Git metadata staging was blocked."
"catalog/scale/g8_q3_batch_repair/CUMCM-2019-B-004/pages/0023.txt","INCLUDE","1","0","1","0","0","0","Q3 evidence tree file; previously unstaged because Git metadata staging was blocked."
"catalog/scale/g8_q3_batch_repair/CUMCM-2019-B-004/pages/0024.txt","INCLUDE","1","0","1","0","0","0","Q3 evidence tree file; previously unstaged because Git metadata staging was blocked."
"catalog/scale/g8_q3_batch_repair/CUMCM-2019-B-004/pages/0025.txt","INCLUDE","1","0","1","0","0","0","Q3 evidence tree file; previously unstaged because Git metadata staging was blocked."
"catalog/scale/g8_q3_batch_repair/CUMCM-2019-B-004/pages/0026.txt","INCLUDE","1","0","1","0","0","0","Q3 evidence tree file; previously unstaged because Git metadata staging was blocked."
"catalog/scale/g8_q3_batch_repair/CUMCM-2019-B-004/pages/0027.txt","INCLUDE","1","0","1","0","0","0","Q3 evidence tree file; previously unstaged because Git metadata staging was blocked."
"catalog/scale/g8_q3_batch_repair/CUMCM-2019-B-004/pages/0028.txt","INCLUDE","1","0","1","0","0","0","Q3 evidence tree file; previously unstaged because Git metadata staging was blocked."
"catalog/scale/g8_q3_batch_repair/CUMCM-2019-B-004/pages/0029.txt","INCLUDE","1","0","1","0","0","0","Q3 evidence tree file; previously unstaged because Git metadata staging was blocked."
"catalog/scale/g8_q3_batch_repair/CUMCM-2019-B-004/pages/0030.txt","INCLUDE","1","0","1","0","0","0","Q3 evidence tree file; previously unstaged because Git metadata staging was blocked."
"catalog/scale/g8_q3_batch_repair/CUMCM-2019-B-004/pages/0031.txt","INCLUDE","1","0","1","0","0","0","Q3 evidence tree file; previously unstaged because Git metadata staging was blocked."
"catalog/scale/g8_q3_batch_repair/CUMCM-2019-B-004/pages/0032.txt","INCLUDE","1","0","1","0","0","0","Q3 evidence tree file; previously unstaged because Git metadata staging was blocked."
"catalog/scale/g8_q3_batch_repair/CUMCM-2019-B-004/provenance.json","INCLUDE","1","0","1","0","0","0","Q3 evidence tree file; previously unstaged because Git metadata staging was blocked."
"catalog/scale/g8_q3_batch_repair/CUMCM-2019-B-004/quality.json","INCLUDE","1","0","1","0","0","0","Q3 evidence tree file; previously unstaged because Git metadata staging was blocked."
"catalog/scale/g8_q3_batch_repair/CUMCM-2019-C-001/manifest.json","INCLUDE","1","0","1","0","0","0","Q3 evidence tree file; previously unstaged because Git metadata staging was blocked."
"catalog/scale/g8_q3_batch_repair/CUMCM-2019-C-001/normalized_body.txt","INCLUDE","1","0","1","0","0","0","Q3 evidence tree file; previously unstaged because Git metadata staging was blocked."
"catalog/scale/g8_q3_batch_repair/CUMCM-2019-C-001/pages/0001.txt","INCLUDE","1","0","1","0","0","0","Q3 evidence tree file; previously unstaged because Git metadata staging was blocked."
"catalog/scale/g8_q3_batch_repair/CUMCM-2019-C-001/pages/0002.txt","INCLUDE","1","0","1","0","0","0","Q3 evidence tree file; previously unstaged because Git metadata staging was blocked."
"catalog/scale/g8_q3_batch_repair/CUMCM-2019-C-001/pages/0003.txt","INCLUDE","1","0","1","0","0","0","Q3 evidence tree file; previously unstaged because Git metadata staging was blocked."
"catalog/scale/g8_q3_batch_repair/CUMCM-2019-C-001/pages/0004.txt","INCLUDE","1","0","1","0","0","0","Q3 evidence tree file; previously unstaged because Git metadata staging was blocked."
"catalog/scale/g8_q3_batch_repair/CUMCM-2019-C-001/pages/0005.txt","INCLUDE","1","0","1","0","0","0","Q3 evidence tree file; previously unstaged because Git metadata staging was blocked."
"catalog/scale/g8_q3_batch_repair/CUMCM-2019-C-001/pages/0006.txt","INCLUDE","1","0","1","0","0","0","Q3 evidence tree file; previously unstaged because Git metadata staging was blocked."
"catalog/scale/g8_q3_batch_repair/CUMCM-2019-C-001/pages/0007.txt","INCLUDE","1","0","1","0","0","0","Q3 evidence tree file; previously unstaged because Git metadata staging was blocked."
"catalog/scale/g8_q3_batch_repair/CUMCM-2019-C-001/pages/0008.txt","INCLUDE","1","0","1","0","0","0","Q3 evidence tree file; previously unstaged because Git metadata staging was blocked."
"catalog/scale/g8_q3_batch_repair/CUMCM-2019-C-001/pages/0009.txt","INCLUDE","1","0","1","0","0","0","Q3 evidence tree file; previously unstaged because Git metadata staging was blocked."
"catalog/scale/g8_q3_batch_repair/CUMCM-2019-C-001/pages/0010.txt","INCLUDE","1","0","1","0","0","0","Q3 evidence tree file; previously unstaged because Git metadata staging was blocked."
"catalog/scale/g8_q3_batch_repair/CUMCM-2019-C-001/pages/0011.txt","INCLUDE","1","0","1","0","0","0","Q3 evidence tree file; previously unstaged because Git metadata staging was blocked."
"catalog/scale/g8_q3_batch_repair/CUMCM-2019-C-001/pages/0012.txt","INCLUDE","1","0","1","0","0","0","Q3 evidence tree file; previously unstaged because Git metadata staging was blocked."
"catalog/scale/g8_q3_batch_repair/CUMCM-2019-C-001/pages/0013.txt","INCLUDE","1","0","1","0","0","0","Q3 evidence tree file; previously unstaged because Git metadata staging was blocked."
"catalog/scale/g8_q3_batch_repair/CUMCM-2019-C-001/pages/0014.txt","INCLUDE","1","0","1","0","0","0","Q3 evidence tree file; previously unstaged because Git metadata staging was blocked."
"catalog/scale/g8_q3_batch_repair/CUMCM-2019-C-001/pages/0015.txt","INCLUDE","1","0","1","0","0","0","Q3 evidence tree file; previously unstaged because Git metadata staging was blocked."
"catalog/scale/g8_q3_batch_repair/CUMCM-2019-C-001/pages/0016.txt","INCLUDE","1","0","1","0","0","0","Q3 evidence tree file; previously unstaged because Git metadata staging was blocked."
"catalog/scale/g8_q3_batch_repair/CUMCM-2019-C-001/pages/0017.txt","INCLUDE","1","0","1","0","0","0","Q3 evidence tree file; previously unstaged because Git metadata staging was blocked."
"catalog/scale/g8_q3_batch_repair/CUMCM-2019-C-001/pages/0018.txt","INCLUDE","1","0","1","0","0","0","Q3 evidence tree file; previously unstaged because Git metadata staging was blocked."
"catalog/scale/g8_q3_batch_repair/CUMCM-2019-C-001/pages/0019.txt","INCLUDE","1","0","1","0","0","0","Q3 evidence tree file; previously unstaged because Git metadata staging was blocked."
"catalog/scale/g8_q3_batch_repair/CUMCM-2019-C-001/pages/0020.txt","INCLUDE","1","0","1","0","0","0","Q3 evidence tree file; previously unstaged because Git metadata staging was blocked."
"catalog/scale/g8_q3_batch_repair/CUMCM-2019-C-001/pages/0021.txt","INCLUDE","1","0","1","0","0","0","Q3 evidence tree file; previously unstaged because Git metadata staging was blocked."
"catalog/scale/g8_q3_batch_repair/CUMCM-2019-C-001/pages/0022.txt","INCLUDE","1","0","1","0","0","0","Q3 evidence tree file; previously unstaged because Git metadata staging was blocked."
"catalog/scale/g8_q3_batch_repair/CUMCM-2019-C-001/pages/0023.txt","INCLUDE","1","0","1","0","0","0","Q3 evidence tree file; previously unstaged because Git metadata staging was blocked."
"catalog/scale/g8_q3_batch_repair/CUMCM-2019-C-001/pages/0024.txt","INCLUDE","1","0","1","0","0","0","Q3 evidence tree file; previously unstaged because Git metadata staging was blocked."
"catalog/scale/g8_q3_batch_repair/CUMCM-2019-C-001/pages/0025.txt","INCLUDE","1","0","1","0","0","0","Q3 evidence tree file; previously unstaged because Git metadata staging was blocked."
"catalog/scale/g8_q3_batch_repair/CUMCM-2019-C-001/pages/0026.txt","INCLUDE","1","0","1","0","0","0","Q3 evidence tree file; previously unstaged because Git metadata staging was blocked."
"catalog/scale/g8_q3_batch_repair/CUMCM-2019-C-001/pages/0027.txt","INCLUDE","1","0","1","0","0","0","Q3 evidence tree file; previously unstaged because Git metadata staging was blocked."
"catalog/scale/g8_q3_batch_repair/CUMCM-2019-C-001/pages/0028.txt","INCLUDE","1","0","1","0","0","0","Q3 evidence tree file; previously unstaged because Git metadata staging was blocked."
"catalog/scale/g8_q3_batch_repair/CUMCM-2019-C-001/pages/0029.txt","INCLUDE","1","0","1","0","0","0","Q3 evidence tree file; previously unstaged because Git metadata staging was blocked."
"catalog/scale/g8_q3_batch_repair/CUMCM-2019-C-001/pages/0030.txt","INCLUDE","1","0","1","0","0","0","Q3 evidence tree file; previously unstaged because Git metadata staging was blocked."
"catalog/scale/g8_q3_batch_repair/CUMCM-2019-C-001/pages/0031.txt","INCLUDE","1","0","1","0","0","0","Q3 evidence tree file; previously unstaged because Git metadata staging was blocked."
"catalog/scale/g8_q3_batch_repair/CUMCM-2019-C-001/pages/0032.txt","INCLUDE","1","0","1","0","0","0","Q3 evidence tree file; previously unstaged because Git metadata staging was blocked."
"catalog/scale/g8_q3_batch_repair/CUMCM-2019-C-001/pages/0033.txt","INCLUDE","1","0","1","0","0","0","Q3 evidence tree file; previously unstaged because Git metadata staging was blocked."
"catalog/scale/g8_q3_batch_repair/CUMCM-2019-C-001/pages/0034.txt","INCLUDE","1","0","1","0","0","0","Q3 evidence tree file; previously unstaged because Git metadata staging was blocked."
"catalog/scale/g8_q3_batch_repair/CUMCM-2019-C-001/pages/0035.txt","INCLUDE","1","0","1","0","0","0","Q3 evidence tree file; previously unstaged because Git metadata staging was blocked."
"catalog/scale/g8_q3_batch_repair/CUMCM-2019-C-001/pages/0036.txt","INCLUDE","1","0","1","0","0","0","Q3 evidence tree file; previously unstaged because Git metadata staging was blocked."
"catalog/scale/g8_q3_batch_repair/CUMCM-2019-C-001/pages/0037.txt","INCLUDE","1","0","1","0","0","0","Q3 evidence tree file; previously unstaged because Git metadata staging was blocked."
"catalog/scale/g8_q3_batch_repair/CUMCM-2019-C-001/pages/0038.txt","INCLUDE","1","0","1","0","0","0","Q3 evidence tree file; previously unstaged because Git metadata staging was blocked."
"catalog/scale/g8_q3_batch_repair/CUMCM-2019-C-001/pages/0039.txt","INCLUDE","1","0","1","0","0","0","Q3 evidence tree file; previously unstaged because Git metadata staging was blocked."
"catalog/scale/g8_q3_batch_repair/CUMCM-2019-C-001/provenance.json","INCLUDE","1","0","1","0","0","0","Q3 evidence tree file; previously unstaged because Git metadata staging was blocked."
"catalog/scale/g8_q3_batch_repair/CUMCM-2019-C-001/quality.json","INCLUDE","1","0","1","0","0","0","Q3 evidence tree file; previously unstaged because Git metadata staging was blocked."
"catalog/scale/g8_q3_batch_repair/CUMCM-2019-C-002/manifest.json","INCLUDE","1","0","1","0","0","0","Q3 evidence tree file; previously unstaged because Git metadata staging was blocked."
"catalog/scale/g8_q3_batch_repair/CUMCM-2019-C-002/normalized_body.txt","INCLUDE","1","0","1","0","0","0","Q3 evidence tree file; previously unstaged because Git metadata staging was blocked."
"catalog/scale/g8_q3_batch_repair/CUMCM-2019-C-002/pages/0001.txt","INCLUDE","1","0","1","0","0","0","Q3 evidence tree file; previously unstaged because Git metadata staging was blocked."
"catalog/scale/g8_q3_batch_repair/CUMCM-2019-C-002/pages/0002.txt","INCLUDE","1","0","1","0","0","0","Q3 evidence tree file; previously unstaged because Git metadata staging was blocked."
"catalog/scale/g8_q3_batch_repair/CUMCM-2019-C-002/pages/0003.txt","INCLUDE","1","0","1","0","0","0","Q3 evidence tree file; previously unstaged because Git metadata staging was blocked."
"catalog/scale/g8_q3_batch_repair/CUMCM-2019-C-002/pages/0004.txt","INCLUDE","1","0","1","0","0","0","Q3 evidence tree file; previously unstaged because Git metadata staging was blocked."
"catalog/scale/g8_q3_batch_repair/CUMCM-2019-C-002/pages/0005.txt","INCLUDE","1","0","1","0","0","0","Q3 evidence tree file; previously unstaged because Git metadata staging was blocked."
"catalog/scale/g8_q3_batch_repair/CUMCM-2019-C-002/pages/0006.txt","INCLUDE","1","0","1","0","0","0","Q3 evidence tree file; previously unstaged because Git metadata staging was blocked."
"catalog/scale/g8_q3_batch_repair/CUMCM-2019-C-002/pages/0007.txt","INCLUDE","1","0","1","0","0","0","Q3 evidence tree file; previously unstaged because Git metadata staging was blocked."
"catalog/scale/g8_q3_batch_repair/CUMCM-2019-C-002/pages/0008.txt","INCLUDE","1","0","1","0","0","0","Q3 evidence tree file; previously unstaged because Git metadata staging was blocked."
"catalog/scale/g8_q3_batch_repair/CUMCM-2019-C-002/pages/0009.txt","INCLUDE","1","0","1","0","0","0","Q3 evidence tree file; previously unstaged because Git metadata staging was blocked."
"catalog/scale/g8_q3_batch_repair/CUMCM-2019-C-002/pages/0010.txt","INCLUDE","1","0","1","0","0","0","Q3 evidence tree file; previously unstaged because Git metadata staging was blocked."
"catalog/scale/g8_q3_batch_repair/CUMCM-2019-C-002/pages/0011.txt","INCLUDE","1","0","1","0","0","0","Q3 evidence tree file; previously unstaged because Git metadata staging was blocked."
"catalog/scale/g8_q3_batch_repair/CUMCM-2019-C-002/pages/0012.txt","INCLUDE","1","0","1","0","0","0","Q3 evidence tree file; previously unstaged because Git metadata staging was blocked."
"catalog/scale/g8_q3_batch_repair/CUMCM-2019-C-002/pages/0013.txt","INCLUDE","1","0","1","0","0","0","Q3 evidence tree file; previously unstaged because Git metadata staging was blocked."
"catalog/scale/g8_q3_batch_repair/CUMCM-2019-C-002/pages/0014.txt","INCLUDE","1","0","1","0","0","0","Q3 evidence tree file; previously unstaged because Git metadata staging was blocked."
"catalog/scale/g8_q3_batch_repair/CUMCM-2019-C-002/pages/0015.txt","INCLUDE","1","0","1","0","0","0","Q3 evidence tree file; previously unstaged because Git metadata staging was blocked."
"catalog/scale/g8_q3_batch_repair/CUMCM-2019-C-002/pages/0016.txt","INCLUDE","1","0","1","0","0","0","Q3 evidence tree file; previously unstaged because Git metadata staging was blocked."
"catalog/scale/g8_q3_batch_repair/CUMCM-2019-C-002/pages/0017.txt","INCLUDE","1","0","1","0","0","0","Q3 evidence tree file; previously unstaged because Git metadata staging was blocked."
"catalog/scale/g8_q3_batch_repair/CUMCM-2019-C-002/pages/0018.txt","INCLUDE","1","0","1","0","0","0","Q3 evidence tree file; previously unstaged because Git metadata staging was blocked."
"catalog/scale/g8_q3_batch_repair/CUMCM-2019-C-002/pages/0019.txt","INCLUDE","1","0","1","0","0","0","Q3 evidence tree file; previously unstaged because Git metadata staging was blocked."
"catalog/scale/g8_q3_batch_repair/CUMCM-2019-C-002/pages/0020.txt","INCLUDE","1","0","1","0","0","0","Q3 evidence tree file; previously unstaged because Git metadata staging was blocked."
"catalog/scale/g8_q3_batch_repair/CUMCM-2019-C-002/pages/0021.txt","INCLUDE","1","0","1","0","0","0","Q3 evidence tree file; previously unstaged because Git metadata staging was blocked."
"catalog/scale/g8_q3_batch_repair/CUMCM-2019-C-002/pages/0022.txt","INCLUDE","1","0","1","0","0","0","Q3 evidence tree file; previously unstaged because Git metadata staging was blocked."
"catalog/scale/g8_q3_batch_repair/CUMCM-2019-C-002/pages/0023.txt","INCLUDE","1","0","1","0","0","0","Q3 evidence tree file; previously unstaged because Git metadata staging was blocked."
"catalog/scale/g8_q3_batch_repair/CUMCM-2019-C-002/pages/0024.txt","INCLUDE","1","0","1","0","0","0","Q3 evidence tree file; previously unstaged because Git metadata staging was blocked."
"catalog/scale/g8_q3_batch_repair/CUMCM-2019-C-002/pages/0025.txt","INCLUDE","1","0","1","0","0","0","Q3 evidence tree file; previously unstaged because Git metadata staging was blocked."
"catalog/scale/g8_q3_batch_repair/CUMCM-2019-C-002/pages/0026.txt","INCLUDE","1","0","1","0","0","0","Q3 evidence tree file; previously unstaged because Git metadata staging was blocked."
"catalog/scale/g8_q3_batch_repair/CUMCM-2019-C-002/pages/0027.txt","INCLUDE","1","0","1","0","0","0","Q3 evidence tree file; previously unstaged because Git metadata staging was blocked."
"catalog/scale/g8_q3_batch_repair/CUMCM-2019-C-002/pages/0028.txt","INCLUDE","1","0","1","0","0","0","Q3 evidence tree file; previously unstaged because Git metadata staging was blocked."
"catalog/scale/g8_q3_batch_repair/CUMCM-2019-C-002/pages/0029.txt","INCLUDE","1","0","1","0","0","0","Q3 evidence tree file; previously unstaged because Git metadata staging was blocked."
"catalog/scale/g8_q3_batch_repair/CUMCM-2019-C-002/pages/0030.txt","INCLUDE","1","0","1","0","0","0","Q3 evidence tree file; previously unstaged because Git metadata staging was blocked."
"catalog/scale/g8_q3_batch_repair/CUMCM-2019-C-002/pages/0031.txt","INCLUDE","1","0","1","0","0","0","Q3 evidence tree file; previously unstaged because Git metadata staging was blocked."
"catalog/scale/g8_q3_batch_repair/CUMCM-2019-C-002/pages/0032.txt","INCLUDE","1","0","1","0","0","0","Q3 evidence tree file; previously unstaged because Git metadata staging was blocked."
"catalog/scale/g8_q3_batch_repair/CUMCM-2019-C-002/pages/0033.txt","INCLUDE","1","0","1","0","0","0","Q3 evidence tree file; previously unstaged because Git metadata staging was blocked."
"catalog/scale/g8_q3_batch_repair/CUMCM-2019-C-002/pages/0034.txt","INCLUDE","1","0","1","0","0","0","Q3 evidence tree file; previously unstaged because Git metadata staging was blocked."
"catalog/scale/g8_q3_batch_repair/CUMCM-2019-C-002/pages/0035.txt","INCLUDE","1","0","1","0","0","0","Q3 evidence tree file; previously unstaged because Git metadata staging was blocked."
"catalog/scale/g8_q3_batch_repair/CUMCM-2019-C-002/pages/0036.txt","INCLUDE","1","0","1","0","0","0","Q3 evidence tree file; previously unstaged because Git metadata staging was blocked."
"catalog/scale/g8_q3_batch_repair/CUMCM-2019-C-002/pages/0037.txt","INCLUDE","1","0","1","0","0","0","Q3 evidence tree file; previously unstaged because Git metadata staging was blocked."
"catalog/scale/g8_q3_batch_repair/CUMCM-2019-C-002/pages/0038.txt","INCLUDE","1","0","1","0","0","0","Q3 evidence tree file; previously unstaged because Git metadata staging was blocked."
"catalog/scale/g8_q3_batch_repair/CUMCM-2019-C-002/pages/0039.txt","INCLUDE","1","0","1","0","0","0","Q3 evidence tree file; previously unstaged because Git metadata staging was blocked."
"catalog/scale/g8_q3_batch_repair/CUMCM-2019-C-002/provenance.json","INCLUDE","1","0","1","0","0","0","Q3 evidence tree file; previously unstaged because Git metadata staging was blocked."
"catalog/scale/g8_q3_batch_repair/CUMCM-2019-C-002/quality.json","INCLUDE","1","0","1","0","0","0","Q3 evidence tree file; previously unstaged because Git metadata staging was blocked."
"catalog/scale/g8_q3_batch_repair/CUMCM-2019-C-004/manifest.json","INCLUDE","1","0","1","0","0","0","Q3 evidence tree file; previously unstaged because Git metadata staging was blocked."
"catalog/scale/g8_q3_batch_repair/CUMCM-2019-C-004/normalized_body.txt","INCLUDE","1","0","1","0","0","0","Q3 evidence tree file; previously unstaged because Git metadata staging was blocked."
"catalog/scale/g8_q3_batch_repair/CUMCM-2019-C-004/pages/0001.txt","INCLUDE","1","0","1","0","0","0","Q3 evidence tree file; previously unstaged because Git metadata staging was blocked."
"catalog/scale/g8_q3_batch_repair/CUMCM-2019-C-004/pages/0002.txt","INCLUDE","1","0","1","0","0","0","Q3 evidence tree file; previously unstaged because Git metadata staging was blocked."
"catalog/scale/g8_q3_batch_repair/CUMCM-2019-C-004/pages/0003.txt","INCLUDE","1","0","1","0","0","0","Q3 evidence tree file; previously unstaged because Git metadata staging was blocked."
"catalog/scale/g8_q3_batch_repair/CUMCM-2019-C-004/pages/0004.txt","INCLUDE","1","0","1","0","0","0","Q3 evidence tree file; previously unstaged because Git metadata staging was blocked."
"catalog/scale/g8_q3_batch_repair/CUMCM-2019-C-004/pages/0005.txt","INCLUDE","1","0","1","0","0","0","Q3 evidence tree file; previously unstaged because Git metadata staging was blocked."
"catalog/scale/g8_q3_batch_repair/CUMCM-2019-C-004/pages/0006.txt","INCLUDE","1","0","1","0","0","0","Q3 evidence tree file; previously unstaged because Git metadata staging was blocked."
"catalog/scale/g8_q3_batch_repair/CUMCM-2019-C-004/pages/0007.txt","INCLUDE","1","0","1","0","0","0","Q3 evidence tree file; previously unstaged because Git metadata staging was blocked."
"catalog/scale/g8_q3_batch_repair/CUMCM-2019-C-004/pages/0008.txt","INCLUDE","1","0","1","0","0","0","Q3 evidence tree file; previously unstaged because Git metadata staging was blocked."
"catalog/scale/g8_q3_batch_repair/CUMCM-2019-C-004/pages/0009.txt","INCLUDE","1","0","1","0","0","0","Q3 evidence tree file; previously unstaged because Git metadata staging was blocked."
"catalog/scale/g8_q3_batch_repair/CUMCM-2019-C-004/pages/0010.txt","INCLUDE","1","0","1","0","0","0","Q3 evidence tree file; previously unstaged because Git metadata staging was blocked."
"catalog/scale/g8_q3_batch_repair/CUMCM-2019-C-004/pages/0011.txt","INCLUDE","1","0","1","0","0","0","Q3 evidence tree file; previously unstaged because Git metadata staging was blocked."
"catalog/scale/g8_q3_batch_repair/CUMCM-2019-C-004/pages/0012.txt","INCLUDE","1","0","1","0","0","0","Q3 evidence tree file; previously unstaged because Git metadata staging was blocked."
"catalog/scale/g8_q3_batch_repair/CUMCM-2019-C-004/pages/0013.txt","INCLUDE","1","0","1","0","0","0","Q3 evidence tree file; previously unstaged because Git metadata staging was blocked."
"catalog/scale/g8_q3_batch_repair/CUMCM-2019-C-004/pages/0014.txt","INCLUDE","1","0","1","0","0","0","Q3 evidence tree file; previously unstaged because Git metadata staging was blocked."
"catalog/scale/g8_q3_batch_repair/CUMCM-2019-C-004/pages/0015.txt","INCLUDE","1","0","1","0","0","0","Q3 evidence tree file; previously unstaged because Git metadata staging was blocked."
"catalog/scale/g8_q3_batch_repair/CUMCM-2019-C-004/pages/0016.txt","INCLUDE","1","0","1","0","0","0","Q3 evidence tree file; previously unstaged because Git metadata staging was blocked."
"catalog/scale/g8_q3_batch_repair/CUMCM-2019-C-004/pages/0017.txt","INCLUDE","1","0","1","0","0","0","Q3 evidence tree file; previously unstaged because Git metadata staging was blocked."
"catalog/scale/g8_q3_batch_repair/CUMCM-2019-C-004/pages/0018.txt","INCLUDE","1","0","1","0","0","0","Q3 evidence tree file; previously unstaged because Git metadata staging was blocked."
"catalog/scale/g8_q3_batch_repair/CUMCM-2019-C-004/pages/0019.txt","INCLUDE","1","0","1","0","0","0","Q3 evidence tree file; previously unstaged because Git metadata staging was blocked."
"catalog/scale/g8_q3_batch_repair/CUMCM-2019-C-004/pages/0020.txt","INCLUDE","1","0","1","0","0","0","Q3 evidence tree file; previously unstaged because Git metadata staging was blocked."
"catalog/scale/g8_q3_batch_repair/CUMCM-2019-C-004/pages/0021.txt","INCLUDE","1","0","1","0","0","0","Q3 evidence tree file; previously unstaged because Git metadata staging was blocked."
"catalog/scale/g8_q3_batch_repair/CUMCM-2019-C-004/pages/0022.txt","INCLUDE","1","0","1","0","0","0","Q3 evidence tree file; previously unstaged because Git metadata staging was blocked."
"catalog/scale/g8_q3_batch_repair/CUMCM-2019-C-004/pages/0023.txt","INCLUDE","1","0","1","0","0","0","Q3 evidence tree file; previously unstaged because Git metadata staging was blocked."
"catalog/scale/g8_q3_batch_repair/CUMCM-2019-C-004/pages/0024.txt","INCLUDE","1","0","1","0","0","0","Q3 evidence tree file; previously unstaged because Git metadata staging was blocked."
"catalog/scale/g8_q3_batch_repair/CUMCM-2019-C-004/pages/0025.txt","INCLUDE","1","0","1","0","0","0","Q3 evidence tree file; previously unstaged because Git metadata staging was blocked."
"catalog/scale/g8_q3_batch_repair/CUMCM-2019-C-004/pages/0026.txt","INCLUDE","1","0","1","0","0","0","Q3 evidence tree file; previously unstaged because Git metadata staging was blocked."
"catalog/scale/g8_q3_batch_repair/CUMCM-2019-C-004/pages/0027.txt","INCLUDE","1","0","1","0","0","0","Q3 evidence tree file; previously unstaged because Git metadata staging was blocked."
"catalog/scale/g8_q3_batch_repair/CUMCM-2019-C-004/pages/0028.txt","INCLUDE","1","0","1","0","0","0","Q3 evidence tree file; previously unstaged because Git metadata staging was blocked."
"catalog/scale/g8_q3_batch_repair/CUMCM-2019-C-004/pages/0029.txt","INCLUDE","1","0","1","0","0","0","Q3 evidence tree file; previously unstaged because Git metadata staging was blocked."
"catalog/scale/g8_q3_batch_repair/CUMCM-2019-C-004/pages/0030.txt","INCLUDE","1","0","1","0","0","0","Q3 evidence tree file; previously unstaged because Git metadata staging was blocked."
"catalog/scale/g8_q3_batch_repair/CUMCM-2019-C-004/provenance.json","INCLUDE","1","0","1","0","0","0","Q3 evidence tree file; previously unstaged because Git metadata staging was blocked."
"catalog/scale/g8_q3_batch_repair/CUMCM-2019-C-004/quality.json","INCLUDE","1","0","1","0","0","0","Q3 evidence tree file; previously unstaged because Git metadata staging was blocked."
"catalog/scale/g8_q3_batch_repair/CUMCM-2019-E-001/manifest.json","INCLUDE","1","0","1","0","0","0","Q3 evidence tree file; previously unstaged because Git metadata staging was blocked."
"catalog/scale/g8_q3_batch_repair/CUMCM-2019-E-001/normalized_body.txt","INCLUDE","1","0","1","0","0","0","Q3 evidence tree file; previously unstaged because Git metadata staging was blocked."
"catalog/scale/g8_q3_batch_repair/CUMCM-2019-E-001/pages/0001.txt","INCLUDE","1","0","1","0","0","0","Q3 evidence tree file; previously unstaged because Git metadata staging was blocked."
"catalog/scale/g8_q3_batch_repair/CUMCM-2019-E-001/pages/0002.txt","INCLUDE","1","0","1","0","0","0","Q3 evidence tree file; previously unstaged because Git metadata staging was blocked."
"catalog/scale/g8_q3_batch_repair/CUMCM-2019-E-001/pages/0003.txt","INCLUDE","1","0","1","0","0","0","Q3 evidence tree file; previously unstaged because Git metadata staging was blocked."
"catalog/scale/g8_q3_batch_repair/CUMCM-2019-E-001/pages/0004.txt","INCLUDE","1","0","1","0","0","0","Q3 evidence tree file; previously unstaged because Git metadata staging was blocked."
"catalog/scale/g8_q3_batch_repair/CUMCM-2019-E-001/pages/0005.txt","INCLUDE","1","0","1","0","0","0","Q3 evidence tree file; previously unstaged because Git metadata staging was blocked."
"catalog/scale/g8_q3_batch_repair/CUMCM-2019-E-001/pages/0006.txt","INCLUDE","1","0","1","0","0","0","Q3 evidence tree file; previously unstaged because Git metadata staging was blocked."
"catalog/scale/g8_q3_batch_repair/CUMCM-2019-E-001/pages/0007.txt","INCLUDE","1","0","1","0","0","0","Q3 evidence tree file; previously unstaged because Git metadata staging was blocked."
"catalog/scale/g8_q3_batch_repair/CUMCM-2019-E-001/pages/0008.txt","INCLUDE","1","0","1","0","0","0","Q3 evidence tree file; previously unstaged because Git metadata staging was blocked."
"catalog/scale/g8_q3_batch_repair/CUMCM-2019-E-001/pages/0009.txt","INCLUDE","1","0","1","0","0","0","Q3 evidence tree file; previously unstaged because Git metadata staging was blocked."
"catalog/scale/g8_q3_batch_repair/CUMCM-2019-E-001/pages/0010.txt","INCLUDE","1","0","1","0","0","0","Q3 evidence tree file; previously unstaged because Git metadata staging was blocked."
"catalog/scale/g8_q3_batch_repair/CUMCM-2019-E-001/pages/0011.txt","INCLUDE","1","0","1","0","0","0","Q3 evidence tree file; previously unstaged because Git metadata staging was blocked."
"catalog/scale/g8_q3_batch_repair/CUMCM-2019-E-001/pages/0012.txt","INCLUDE","1","0","1","0","0","0","Q3 evidence tree file; previously unstaged because Git metadata staging was blocked."
"catalog/scale/g8_q3_batch_repair/CUMCM-2019-E-001/pages/0013.txt","INCLUDE","1","0","1","0","0","0","Q3 evidence tree file; previously unstaged because Git metadata staging was blocked."
"catalog/scale/g8_q3_batch_repair/CUMCM-2019-E-001/pages/0014.txt","INCLUDE","1","0","1","0","0","0","Q3 evidence tree file; previously unstaged because Git metadata staging was blocked."
"catalog/scale/g8_q3_batch_repair/CUMCM-2019-E-001/pages/0015.txt","INCLUDE","1","0","1","0","0","0","Q3 evidence tree file; previously unstaged because Git metadata staging was blocked."
"catalog/scale/g8_q3_batch_repair/CUMCM-2019-E-001/pages/0016.txt","INCLUDE","1","0","1","0","0","0","Q3 evidence tree file; previously unstaged because Git metadata staging was blocked."
"catalog/scale/g8_q3_batch_repair/CUMCM-2019-E-001/pages/0017.txt","INCLUDE","1","0","1","0","0","0","Q3 evidence tree file; previously unstaged because Git metadata staging was blocked."
"catalog/scale/g8_q3_batch_repair/CUMCM-2019-E-001/pages/0018.txt","INCLUDE","1","0","1","0","0","0","Q3 evidence tree file; previously unstaged because Git metadata staging was blocked."
"catalog/scale/g8_q3_batch_repair/CUMCM-2019-E-001/pages/0019.txt","INCLUDE","1","0","1","0","0","0","Q3 evidence tree file; previously unstaged because Git metadata staging was blocked."
"catalog/scale/g8_q3_batch_repair/CUMCM-2019-E-001/pages/0020.txt","INCLUDE","1","0","1","0","0","0","Q3 evidence tree file; previously unstaged because Git metadata staging was blocked."
"catalog/scale/g8_q3_batch_repair/CUMCM-2019-E-001/pages/0021.txt","INCLUDE","1","0","1","0","0","0","Q3 evidence tree file; previously unstaged because Git metadata staging was blocked."
"catalog/scale/g8_q3_batch_repair/CUMCM-2019-E-001/pages/0022.txt","INCLUDE","1","0","1","0","0","0","Q3 evidence tree file; previously unstaged because Git metadata staging was blocked."
"catalog/scale/g8_q3_batch_repair/CUMCM-2019-E-001/pages/0023.txt","INCLUDE","1","0","1","0","0","0","Q3 evidence tree file; previously unstaged because Git metadata staging was blocked."
"catalog/scale/g8_q3_batch_repair/CUMCM-2019-E-001/pages/0024.txt","INCLUDE","1","0","1","0","0","0","Q3 evidence tree file; previously unstaged because Git metadata staging was blocked."
"catalog/scale/g8_q3_batch_repair/CUMCM-2019-E-001/pages/0025.txt","INCLUDE","1","0","1","0","0","0","Q3 evidence tree file; previously unstaged because Git metadata staging was blocked."
"catalog/scale/g8_q3_batch_repair/CUMCM-2019-E-001/pages/0026.txt","INCLUDE","1","0","1","0","0","0","Q3 evidence tree file; previously unstaged because Git metadata staging was blocked."
"catalog/scale/g8_q3_batch_repair/CUMCM-2019-E-001/pages/0027.txt","INCLUDE","1","0","1","0","0","0","Q3 evidence tree file; previously unstaged because Git metadata staging was blocked."
"catalog/scale/g8_q3_batch_repair/CUMCM-2019-E-001/pages/0028.txt","INCLUDE","1","0","1","0","0","0","Q3 evidence tree file; previously unstaged because Git metadata staging was blocked."
"catalog/scale/g8_q3_batch_repair/CUMCM-2019-E-001/pages/0029.txt","INCLUDE","1","0","1","0","0","0","Q3 evidence tree file; previously unstaged because Git metadata staging was blocked."
"catalog/scale/g8_q3_batch_repair/CUMCM-2019-E-001/pages/0030.txt","INCLUDE","1","0","1","0","0","0","Q3 evidence tree file; previously unstaged because Git metadata staging was blocked."
"catalog/scale/g8_q3_batch_repair/CUMCM-2019-E-001/pages/0031.txt","INCLUDE","1","0","1","0","0","0","Q3 evidence tree file; previously unstaged because Git metadata staging was blocked."
"catalog/scale/g8_q3_batch_repair/CUMCM-2019-E-001/pages/0032.txt","INCLUDE","1","0","1","0","0","0","Q3 evidence tree file; previously unstaged because Git metadata staging was blocked."
"catalog/scale/g8_q3_batch_repair/CUMCM-2019-E-001/pages/0033.txt","INCLUDE","1","0","1","0","0","0","Q3 evidence tree file; previously unstaged because Git metadata staging was blocked."
"catalog/scale/g8_q3_batch_repair/CUMCM-2019-E-001/pages/0034.txt","INCLUDE","1","0","1","0","0","0","Q3 evidence tree file; previously unstaged because Git metadata staging was blocked."
"catalog/scale/g8_q3_batch_repair/CUMCM-2019-E-001/pages/0035.txt","INCLUDE","1","0","1","0","0","0","Q3 evidence tree file; previously unstaged because Git metadata staging was blocked."
"catalog/scale/g8_q3_batch_repair/CUMCM-2019-E-001/pages/0036.txt","INCLUDE","1","0","1","0","0","0","Q3 evidence tree file; previously unstaged because Git metadata staging was blocked."
"catalog/scale/g8_q3_batch_repair/CUMCM-2019-E-001/pages/0037.txt","INCLUDE","1","0","1","0","0","0","Q3 evidence tree file; previously unstaged because Git metadata staging was blocked."
"catalog/scale/g8_q3_batch_repair/CUMCM-2019-E-001/provenance.json","INCLUDE","1","0","1","0","0","0","Q3 evidence tree file; previously unstaged because Git metadata staging was blocked."
"catalog/scale/g8_q3_batch_repair/CUMCM-2019-E-001/quality.json","INCLUDE","1","0","1","0","0","0","Q3 evidence tree file; previously unstaged because Git metadata staging was blocked."
"catalog/scale/g8_q3_batch_repair/CUMCM-2019-E-002/manifest.json","INCLUDE","1","0","1","0","0","0","Q3 evidence tree file; previously unstaged because Git metadata staging was blocked."
"catalog/scale/g8_q3_batch_repair/CUMCM-2019-E-002/normalized_body.txt","INCLUDE","1","0","1","0","0","0","Q3 evidence tree file; previously unstaged because Git metadata staging was blocked."
"catalog/scale/g8_q3_batch_repair/CUMCM-2019-E-002/pages/0001.txt","INCLUDE","1","0","1","0","0","0","Q3 evidence tree file; previously unstaged because Git metadata staging was blocked."
"catalog/scale/g8_q3_batch_repair/CUMCM-2019-E-002/pages/0002.txt","INCLUDE","1","0","1","0","0","0","Q3 evidence tree file; previously unstaged because Git metadata staging was blocked."
"catalog/scale/g8_q3_batch_repair/CUMCM-2019-E-002/pages/0003.txt","INCLUDE","1","0","1","0","0","0","Q3 evidence tree file; previously unstaged because Git metadata staging was blocked."
"catalog/scale/g8_q3_batch_repair/CUMCM-2019-E-002/pages/0004.txt","INCLUDE","1","0","1","0","0","0","Q3 evidence tree file; previously unstaged because Git metadata staging was blocked."
"catalog/scale/g8_q3_batch_repair/CUMCM-2019-E-002/pages/0005.txt","INCLUDE","1","0","1","0","0","0","Q3 evidence tree file; previously unstaged because Git metadata staging was blocked."
"catalog/scale/g8_q3_batch_repair/CUMCM-2019-E-002/pages/0006.txt","INCLUDE","1","0","1","0","0","0","Q3 evidence tree file; previously unstaged because Git metadata staging was blocked."
"catalog/scale/g8_q3_batch_repair/CUMCM-2019-E-002/pages/0007.txt","INCLUDE","1","0","1","0","0","0","Q3 evidence tree file; previously unstaged because Git metadata staging was blocked."
"catalog/scale/g8_q3_batch_repair/CUMCM-2019-E-002/pages/0008.txt","INCLUDE","1","0","1","0","0","0","Q3 evidence tree file; previously unstaged because Git metadata staging was blocked."
"catalog/scale/g8_q3_batch_repair/CUMCM-2019-E-002/pages/0009.txt","INCLUDE","1","0","1","0","0","0","Q3 evidence tree file; previously unstaged because Git metadata staging was blocked."
"catalog/scale/g8_q3_batch_repair/CUMCM-2019-E-002/pages/0010.txt","INCLUDE","1","0","1","0","0","0","Q3 evidence tree file; previously unstaged because Git metadata staging was blocked."
"catalog/scale/g8_q3_batch_repair/CUMCM-2019-E-002/pages/0011.txt","INCLUDE","1","0","1","0","0","0","Q3 evidence tree file; previously unstaged because Git metadata staging was blocked."
"catalog/scale/g8_q3_batch_repair/CUMCM-2019-E-002/pages/0012.txt","INCLUDE","1","0","1","0","0","0","Q3 evidence tree file; previously unstaged because Git metadata staging was blocked."
"catalog/scale/g8_q3_batch_repair/CUMCM-2019-E-002/pages/0013.txt","INCLUDE","1","0","1","0","0","0","Q3 evidence tree file; previously unstaged because Git metadata staging was blocked."
"catalog/scale/g8_q3_batch_repair/CUMCM-2019-E-002/pages/0014.txt","INCLUDE","1","0","1","0","0","0","Q3 evidence tree file; previously unstaged because Git metadata staging was blocked."
"catalog/scale/g8_q3_batch_repair/CUMCM-2019-E-002/pages/0015.txt","INCLUDE","1","0","1","0","0","0","Q3 evidence tree file; previously unstaged because Git metadata staging was blocked."
"catalog/scale/g8_q3_batch_repair/CUMCM-2019-E-002/pages/0016.txt","INCLUDE","1","0","1","0","0","0","Q3 evidence tree file; previously unstaged because Git metadata staging was blocked."
"catalog/scale/g8_q3_batch_repair/CUMCM-2019-E-002/pages/0017.txt","INCLUDE","1","0","1","0","0","0","Q3 evidence tree file; previously unstaged because Git metadata staging was blocked."
"catalog/scale/g8_q3_batch_repair/CUMCM-2019-E-002/pages/0018.txt","INCLUDE","1","0","1","0","0","0","Q3 evidence tree file; previously unstaged because Git metadata staging was blocked."
"catalog/scale/g8_q3_batch_repair/CUMCM-2019-E-002/pages/0019.txt","INCLUDE","1","0","1","0","0","0","Q3 evidence tree file; previously unstaged because Git metadata staging was blocked."
"catalog/scale/g8_q3_batch_repair/CUMCM-2019-E-002/pages/0020.txt","INCLUDE","1","0","1","0","0","0","Q3 evidence tree file; previously unstaged because Git metadata staging was blocked."
"catalog/scale/g8_q3_batch_repair/CUMCM-2019-E-002/pages/0021.txt","INCLUDE","1","0","1","0","0","0","Q3 evidence tree file; previously unstaged because Git metadata staging was blocked."
"catalog/scale/g8_q3_batch_repair/CUMCM-2019-E-002/pages/0022.txt","INCLUDE","1","0","1","0","0","0","Q3 evidence tree file; previously unstaged because Git metadata staging was blocked."
"catalog/scale/g8_q3_batch_repair/CUMCM-2019-E-002/pages/0023.txt","INCLUDE","1","0","1","0","0","0","Q3 evidence tree file; previously unstaged because Git metadata staging was blocked."
"catalog/scale/g8_q3_batch_repair/CUMCM-2019-E-002/provenance.json","INCLUDE","1","0","1","0","0","0","Q3 evidence tree file; previously unstaged because Git metadata staging was blocked."
"catalog/scale/g8_q3_batch_repair/CUMCM-2019-E-002/quality.json","INCLUDE","1","0","1","0","0","0","Q3 evidence tree file; previously unstaged because Git metadata staging was blocked."
"catalog/scale/g8_q3_batch_repair/CUMCM-2019-E-004/manifest.json","INCLUDE","1","0","1","0","0","0","Q3 evidence tree file; previously unstaged because Git metadata staging was blocked."
"catalog/scale/g8_q3_batch_repair/CUMCM-2019-E-004/normalized_body.txt","INCLUDE","1","0","1","0","0","0","Q3 evidence tree file; previously unstaged because Git metadata staging was blocked."
"catalog/scale/g8_q3_batch_repair/CUMCM-2019-E-004/pages/0001.txt","INCLUDE","1","0","1","0","0","0","Q3 evidence tree file; previously unstaged because Git metadata staging was blocked."
"catalog/scale/g8_q3_batch_repair/CUMCM-2019-E-004/pages/0002.txt","INCLUDE","1","0","1","0","0","0","Q3 evidence tree file; previously unstaged because Git metadata staging was blocked."
"catalog/scale/g8_q3_batch_repair/CUMCM-2019-E-004/pages/0003.txt","INCLUDE","1","0","1","0","0","0","Q3 evidence tree file; previously unstaged because Git metadata staging was blocked."
"catalog/scale/g8_q3_batch_repair/CUMCM-2019-E-004/pages/0004.txt","INCLUDE","1","0","1","0","0","0","Q3 evidence tree file; previously unstaged because Git metadata staging was blocked."
"catalog/scale/g8_q3_batch_repair/CUMCM-2019-E-004/pages/0005.txt","INCLUDE","1","0","1","0","0","0","Q3 evidence tree file; previously unstaged because Git metadata staging was blocked."
"catalog/scale/g8_q3_batch_repair/CUMCM-2019-E-004/pages/0006.txt","INCLUDE","1","0","1","0","0","0","Q3 evidence tree file; previously unstaged because Git metadata staging was blocked."
"catalog/scale/g8_q3_batch_repair/CUMCM-2019-E-004/pages/0007.txt","INCLUDE","1","0","1","0","0","0","Q3 evidence tree file; previously unstaged because Git metadata staging was blocked."
"catalog/scale/g8_q3_batch_repair/CUMCM-2019-E-004/pages/0008.txt","INCLUDE","1","0","1","0","0","0","Q3 evidence tree file; previously unstaged because Git metadata staging was blocked."
"catalog/scale/g8_q3_batch_repair/CUMCM-2019-E-004/pages/0009.txt","INCLUDE","1","0","1","0","0","0","Q3 evidence tree file; previously unstaged because Git metadata staging was blocked."
"catalog/scale/g8_q3_batch_repair/CUMCM-2019-E-004/pages/0010.txt","INCLUDE","1","0","1","0","0","0","Q3 evidence tree file; previously unstaged because Git metadata staging was blocked."
"catalog/scale/g8_q3_batch_repair/CUMCM-2019-E-004/pages/0011.txt","INCLUDE","1","0","1","0","0","0","Q3 evidence tree file; previously unstaged because Git metadata staging was blocked."
"catalog/scale/g8_q3_batch_repair/CUMCM-2019-E-004/pages/0012.txt","INCLUDE","1","0","1","0","0","0","Q3 evidence tree file; previously unstaged because Git metadata staging was blocked."
"catalog/scale/g8_q3_batch_repair/CUMCM-2019-E-004/pages/0013.txt","INCLUDE","1","0","1","0","0","0","Q3 evidence tree file; previously unstaged because Git metadata staging was blocked."
"catalog/scale/g8_q3_batch_repair/CUMCM-2019-E-004/pages/0014.txt","INCLUDE","1","0","1","0","0","0","Q3 evidence tree file; previously unstaged because Git metadata staging was blocked."
"catalog/scale/g8_q3_batch_repair/CUMCM-2019-E-004/pages/0015.txt","INCLUDE","1","0","1","0","0","0","Q3 evidence tree file; previously unstaged because Git metadata staging was blocked."
"catalog/scale/g8_q3_batch_repair/CUMCM-2019-E-004/pages/0016.txt","INCLUDE","1","0","1","0","0","0","Q3 evidence tree file; previously unstaged because Git metadata staging was blocked."
"catalog/scale/g8_q3_batch_repair/CUMCM-2019-E-004/pages/0017.txt","INCLUDE","1","0","1","0","0","0","Q3 evidence tree file; previously unstaged because Git metadata staging was blocked."
"catalog/scale/g8_q3_batch_repair/CUMCM-2019-E-004/pages/0018.txt","INCLUDE","1","0","1","0","0","0","Q3 evidence tree file; previously unstaged because Git metadata staging was blocked."
"catalog/scale/g8_q3_batch_repair/CUMCM-2019-E-004/pages/0019.txt","INCLUDE","1","0","1","0","0","0","Q3 evidence tree file; previously unstaged because Git metadata staging was blocked."
"catalog/scale/g8_q3_batch_repair/CUMCM-2019-E-004/pages/0020.txt","INCLUDE","1","0","1","0","0","0","Q3 evidence tree file; previously unstaged because Git metadata staging was blocked."
"catalog/scale/g8_q3_batch_repair/CUMCM-2019-E-004/provenance.json","INCLUDE","1","0","1","0","0","0","Q3 evidence tree file; previously unstaged because Git metadata staging was blocked."
"catalog/scale/g8_q3_batch_repair/CUMCM-2019-E-004/quality.json","INCLUDE","1","0","1","0","0","0","Q3 evidence tree file; previously unstaged because Git metadata staging was blocked."
"catalog/scale/g8_q3_batch_repair/CUMCM-2020-A-001/manifest.json","INCLUDE","1","0","1","0","0","0","Q3 evidence tree file; previously unstaged because Git metadata staging was blocked."
"catalog/scale/g8_q3_batch_repair/CUMCM-2020-A-001/normalized_body.txt","INCLUDE","1","0","1","0","0","0","Q3 evidence tree file; previously unstaged because Git metadata staging was blocked."
"catalog/scale/g8_q3_batch_repair/CUMCM-2020-A-001/pages/0001.txt","INCLUDE","1","0","1","0","0","0","Q3 evidence tree file; previously unstaged because Git metadata staging was blocked."
"catalog/scale/g8_q3_batch_repair/CUMCM-2020-A-001/pages/0002.txt","INCLUDE","1","0","1","0","0","0","Q3 evidence tree file; previously unstaged because Git metadata staging was blocked."
"catalog/scale/g8_q3_batch_repair/CUMCM-2020-A-001/pages/0003.txt","INCLUDE","1","0","1","0","0","0","Q3 evidence tree file; previously unstaged because Git metadata staging was blocked."
"catalog/scale/g8_q3_batch_repair/CUMCM-2020-A-001/pages/0004.txt","INCLUDE","1","0","1","0","0","0","Q3 evidence tree file; previously unstaged because Git metadata staging was blocked."
"catalog/scale/g8_q3_batch_repair/CUMCM-2020-A-001/pages/0005.txt","INCLUDE","1","0","1","0","0","0","Q3 evidence tree file; previously unstaged because Git metadata staging was blocked."
"catalog/scale/g8_q3_batch_repair/CUMCM-2020-A-001/pages/0006.txt","INCLUDE","1","0","1","0","0","0","Q3 evidence tree file; previously unstaged because Git metadata staging was blocked."
"catalog/scale/g8_q3_batch_repair/CUMCM-2020-A-001/pages/0007.txt","INCLUDE","1","0","1","0","0","0","Q3 evidence tree file; previously unstaged because Git metadata staging was blocked."
"catalog/scale/g8_q3_batch_repair/CUMCM-2020-A-001/pages/0008.txt","INCLUDE","1","0","1","0","0","0","Q3 evidence tree file; previously unstaged because Git metadata staging was blocked."
"catalog/scale/g8_q3_batch_repair/CUMCM-2020-A-001/pages/0009.txt","INCLUDE","1","0","1","0","0","0","Q3 evidence tree file; previously unstaged because Git metadata staging was blocked."
"catalog/scale/g8_q3_batch_repair/CUMCM-2020-A-001/pages/0010.txt","INCLUDE","1","0","1","0","0","0","Q3 evidence tree file; previously unstaged because Git metadata staging was blocked."
"catalog/scale/g8_q3_batch_repair/CUMCM-2020-A-001/pages/0011.txt","INCLUDE","1","0","1","0","0","0","Q3 evidence tree file; previously unstaged because Git metadata staging was blocked."
"catalog/scale/g8_q3_batch_repair/CUMCM-2020-A-001/pages/0012.txt","INCLUDE","1","0","1","0","0","0","Q3 evidence tree file; previously unstaged because Git metadata staging was blocked."
"catalog/scale/g8_q3_batch_repair/CUMCM-2020-A-001/pages/0013.txt","INCLUDE","1","0","1","0","0","0","Q3 evidence tree file; previously unstaged because Git metadata staging was blocked."
"catalog/scale/g8_q3_batch_repair/CUMCM-2020-A-001/pages/0014.txt","INCLUDE","1","0","1","0","0","0","Q3 evidence tree file; previously unstaged because Git metadata staging was blocked."
"catalog/scale/g8_q3_batch_repair/CUMCM-2020-A-001/pages/0015.txt","INCLUDE","1","0","1","0","0","0","Q3 evidence tree file; previously unstaged because Git metadata staging was blocked."
"catalog/scale/g8_q3_batch_repair/CUMCM-2020-A-001/pages/0016.txt","INCLUDE","1","0","1","0","0","0","Q3 evidence tree file; previously unstaged because Git metadata staging was blocked."
"catalog/scale/g8_q3_batch_repair/CUMCM-2020-A-001/pages/0017.txt","INCLUDE","1","0","1","0","0","0","Q3 evidence tree file; previously unstaged because Git metadata staging was blocked."
"catalog/scale/g8_q3_batch_repair/CUMCM-2020-A-001/pages/0018.txt","INCLUDE","1","0","1","0","0","0","Q3 evidence tree file; previously unstaged because Git metadata staging was blocked."
"catalog/scale/g8_q3_batch_repair/CUMCM-2020-A-001/pages/0019.txt","INCLUDE","1","0","1","0","0","0","Q3 evidence tree file; previously unstaged because Git metadata staging was blocked."
"catalog/scale/g8_q3_batch_repair/CUMCM-2020-A-001/pages/0020.txt","INCLUDE","1","0","1","0","0","0","Q3 evidence tree file; previously unstaged because Git metadata staging was blocked."
"catalog/scale/g8_q3_batch_repair/CUMCM-2020-A-001/pages/0021.txt","INCLUDE","1","0","1","0","0","0","Q3 evidence tree file; previously unstaged because Git metadata staging was blocked."
"catalog/scale/g8_q3_batch_repair/CUMCM-2020-A-001/pages/0022.txt","INCLUDE","1","0","1","0","0","0","Q3 evidence tree file; previously unstaged because Git metadata staging was blocked."
"catalog/scale/g8_q3_batch_repair/CUMCM-2020-A-001/pages/0023.txt","INCLUDE","1","0","1","0","0","0","Q3 evidence tree file; previously unstaged because Git metadata staging was blocked."
"catalog/scale/g8_q3_batch_repair/CUMCM-2020-A-001/pages/0024.txt","INCLUDE","1","0","1","0","0","0","Q3 evidence tree file; previously unstaged because Git metadata staging was blocked."
"catalog/scale/g8_q3_batch_repair/CUMCM-2020-A-001/pages/0025.txt","INCLUDE","1","0","1","0","0","0","Q3 evidence tree file; previously unstaged because Git metadata staging was blocked."
"catalog/scale/g8_q3_batch_repair/CUMCM-2020-A-001/pages/0026.txt","INCLUDE","1","0","1","0","0","0","Q3 evidence tree file; previously unstaged because Git metadata staging was blocked."
"catalog/scale/g8_q3_batch_repair/CUMCM-2020-A-001/provenance.json","INCLUDE","1","0","1","0","0","0","Q3 evidence tree file; previously unstaged because Git metadata staging was blocked."
"catalog/scale/g8_q3_batch_repair/CUMCM-2020-A-001/quality.json","INCLUDE","1","0","1","0","0","0","Q3 evidence tree file; previously unstaged because Git metadata staging was blocked."
"catalog/scale/g8_q3_batch_repair/CUMCM-2020-A-002/manifest.json","INCLUDE","1","0","1","0","0","0","Q3 evidence tree file; previously unstaged because Git metadata staging was blocked."
"catalog/scale/g8_q3_batch_repair/CUMCM-2020-A-002/normalized_body.txt","INCLUDE","1","0","1","0","0","0","Q3 evidence tree file; previously unstaged because Git metadata staging was blocked."
"catalog/scale/g8_q3_batch_repair/CUMCM-2020-A-002/pages/0001.txt","INCLUDE","1","0","1","0","0","0","Q3 evidence tree file; previously unstaged because Git metadata staging was blocked."
"catalog/scale/g8_q3_batch_repair/CUMCM-2020-A-002/pages/0002.txt","INCLUDE","1","0","1","0","0","0","Q3 evidence tree file; previously unstaged because Git metadata staging was blocked."
"catalog/scale/g8_q3_batch_repair/CUMCM-2020-A-002/pages/0003.txt","INCLUDE","1","0","1","0","0","0","Q3 evidence tree file; previously unstaged because Git metadata staging was blocked."
"catalog/scale/g8_q3_batch_repair/CUMCM-2020-A-002/pages/0004.txt","INCLUDE","1","0","1","0","0","0","Q3 evidence tree file; previously unstaged because Git metadata staging was blocked."
"catalog/scale/g8_q3_batch_repair/CUMCM-2020-A-002/pages/0005.txt","INCLUDE","1","0","1","0","0","0","Q3 evidence tree file; previously unstaged because Git metadata staging was blocked."
"catalog/scale/g8_q3_batch_repair/CUMCM-2020-A-002/pages/0006.txt","INCLUDE","1","0","1","0","0","0","Q3 evidence tree file; previously unstaged because Git metadata staging was blocked."
"catalog/scale/g8_q3_batch_repair/CUMCM-2020-A-002/pages/0007.txt","INCLUDE","1","0","1","0","0","0","Q3 evidence tree file; previously unstaged because Git metadata staging was blocked."
"catalog/scale/g8_q3_batch_repair/CUMCM-2020-A-002/pages/0008.txt","INCLUDE","1","0","1","0","0","0","Q3 evidence tree file; previously unstaged because Git metadata staging was blocked."
"catalog/scale/g8_q3_batch_repair/CUMCM-2020-A-002/pages/0009.txt","INCLUDE","1","0","1","0","0","0","Q3 evidence tree file; previously unstaged because Git metadata staging was blocked."
"catalog/scale/g8_q3_batch_repair/CUMCM-2020-A-002/pages/0010.txt","INCLUDE","1","0","1","0","0","0","Q3 evidence tree file; previously unstaged because Git metadata staging was blocked."
"catalog/scale/g8_q3_batch_repair/CUMCM-2020-A-002/pages/0011.txt","INCLUDE","1","0","1","0","0","0","Q3 evidence tree file; previously unstaged because Git metadata staging was blocked."
"catalog/scale/g8_q3_batch_repair/CUMCM-2020-A-002/pages/0012.txt","INCLUDE","1","0","1","0","0","0","Q3 evidence tree file; previously unstaged because Git metadata staging was blocked."
"catalog/scale/g8_q3_batch_repair/CUMCM-2020-A-002/pages/0013.txt","INCLUDE","1","0","1","0","0","0","Q3 evidence tree file; previously unstaged because Git metadata staging was blocked."
"catalog/scale/g8_q3_batch_repair/CUMCM-2020-A-002/pages/0014.txt","INCLUDE","1","0","1","0","0","0","Q3 evidence tree file; previously unstaged because Git metadata staging was blocked."
"catalog/scale/g8_q3_batch_repair/CUMCM-2020-A-002/pages/0015.txt","INCLUDE","1","0","1","0","0","0","Q3 evidence tree file; previously unstaged because Git metadata staging was blocked."
"catalog/scale/g8_q3_batch_repair/CUMCM-2020-A-002/pages/0016.txt","INCLUDE","1","0","1","0","0","0","Q3 evidence tree file; previously unstaged because Git metadata staging was blocked."
"catalog/scale/g8_q3_batch_repair/CUMCM-2020-A-002/pages/0017.txt","INCLUDE","1","0","1","0","0","0","Q3 evidence tree file; previously unstaged because Git metadata staging was blocked."
"catalog/scale/g8_q3_batch_repair/CUMCM-2020-A-002/pages/0018.txt","INCLUDE","1","0","1","0","0","0","Q3 evidence tree file; previously unstaged because Git metadata staging was blocked."
"catalog/scale/g8_q3_batch_repair/CUMCM-2020-A-002/pages/0019.txt","INCLUDE","1","0","1","0","0","0","Q3 evidence tree file; previously unstaged because Git metadata staging was blocked."
"catalog/scale/g8_q3_batch_repair/CUMCM-2020-A-002/pages/0020.txt","INCLUDE","1","0","1","0","0","0","Q3 evidence tree file; previously unstaged because Git metadata staging was blocked."
"catalog/scale/g8_q3_batch_repair/CUMCM-2020-A-002/pages/0021.txt","INCLUDE","1","0","1","0","0","0","Q3 evidence tree file; previously unstaged because Git metadata staging was blocked."
"catalog/scale/g8_q3_batch_repair/CUMCM-2020-A-002/pages/0022.txt","INCLUDE","1","0","1","0","0","0","Q3 evidence tree file; previously unstaged because Git metadata staging was blocked."
"catalog/scale/g8_q3_batch_repair/CUMCM-2020-A-002/pages/0023.txt","INCLUDE","1","0","1","0","0","0","Q3 evidence tree file; previously unstaged because Git metadata staging was blocked."
"catalog/scale/g8_q3_batch_repair/CUMCM-2020-A-002/pages/0024.txt","INCLUDE","1","0","1","0","0","0","Q3 evidence tree file; previously unstaged because Git metadata staging was blocked."
"catalog/scale/g8_q3_batch_repair/CUMCM-2020-A-002/pages/0025.txt","INCLUDE","1","0","1","0","0","0","Q3 evidence tree file; previously unstaged because Git metadata staging was blocked."
"catalog/scale/g8_q3_batch_repair/CUMCM-2020-A-002/pages/0026.txt","INCLUDE","1","0","1","0","0","0","Q3 evidence tree file; previously unstaged because Git metadata staging was blocked."
"catalog/scale/g8_q3_batch_repair/CUMCM-2020-A-002/pages/0027.txt","INCLUDE","1","0","1","0","0","0","Q3 evidence tree file; previously unstaged because Git metadata staging was blocked."
"catalog/scale/g8_q3_batch_repair/CUMCM-2020-A-002/pages/0028.txt","INCLUDE","1","0","1","0","0","0","Q3 evidence tree file; previously unstaged because Git metadata staging was blocked."
"catalog/scale/g8_q3_batch_repair/CUMCM-2020-A-002/pages/0029.txt","INCLUDE","1","0","1","0","0","0","Q3 evidence tree file; previously unstaged because Git metadata staging was blocked."
"catalog/scale/g8_q3_batch_repair/CUMCM-2020-A-002/pages/0030.txt","INCLUDE","1","0","1","0","0","0","Q3 evidence tree file; previously unstaged because Git metadata staging was blocked."
"catalog/scale/g8_q3_batch_repair/CUMCM-2020-A-002/pages/0031.txt","INCLUDE","1","0","1","0","0","0","Q3 evidence tree file; previously unstaged because Git metadata staging was blocked."
"catalog/scale/g8_q3_batch_repair/CUMCM-2020-A-002/pages/0032.txt","INCLUDE","1","0","1","0","0","0","Q3 evidence tree file; previously unstaged because Git metadata staging was blocked."
"catalog/scale/g8_q3_batch_repair/CUMCM-2020-A-002/pages/0033.txt","INCLUDE","1","0","1","0","0","0","Q3 evidence tree file; previously unstaged because Git metadata staging was blocked."
"catalog/scale/g8_q3_batch_repair/CUMCM-2020-A-002/pages/0034.txt","INCLUDE","1","0","1","0","0","0","Q3 evidence tree file; previously unstaged because Git metadata staging was blocked."
"catalog/scale/g8_q3_batch_repair/CUMCM-2020-A-002/pages/0035.txt","INCLUDE","1","0","1","0","0","0","Q3 evidence tree file; previously unstaged because Git metadata staging was blocked."
"catalog/scale/g8_q3_batch_repair/CUMCM-2020-A-002/pages/0036.txt","INCLUDE","1","0","1","0","0","0","Q3 evidence tree file; previously unstaged because Git metadata staging was blocked."
"catalog/scale/g8_q3_batch_repair/CUMCM-2020-A-002/pages/0037.txt","INCLUDE","1","0","1","0","0","0","Q3 evidence tree file; previously unstaged because Git metadata staging was blocked."
"catalog/scale/g8_q3_batch_repair/CUMCM-2020-A-002/pages/0038.txt","INCLUDE","1","0","1","0","0","0","Q3 evidence tree file; previously unstaged because Git metadata staging was blocked."
"catalog/scale/g8_q3_batch_repair/CUMCM-2020-A-002/pages/0039.txt","INCLUDE","1","0","1","0","0","0","Q3 evidence tree file; previously unstaged because Git metadata staging was blocked."
"catalog/scale/g8_q3_batch_repair/CUMCM-2020-A-002/pages/0040.txt","INCLUDE","1","0","1","0","0","0","Q3 evidence tree file; previously unstaged because Git metadata staging was blocked."
"catalog/scale/g8_q3_batch_repair/CUMCM-2020-A-002/pages/0041.txt","INCLUDE","1","0","1","0","0","0","Q3 evidence tree file; previously unstaged because Git metadata staging was blocked."
"catalog/scale/g8_q3_batch_repair/CUMCM-2020-A-002/pages/0042.txt","INCLUDE","1","0","1","0","0","0","Q3 evidence tree file; previously unstaged because Git metadata staging was blocked."
"catalog/scale/g8_q3_batch_repair/CUMCM-2020-A-002/pages/0043.txt","INCLUDE","1","0","1","0","0","0","Q3 evidence tree file; previously unstaged because Git metadata staging was blocked."
"catalog/scale/g8_q3_batch_repair/CUMCM-2020-A-002/pages/0044.txt","INCLUDE","1","0","1","0","0","0","Q3 evidence tree file; previously unstaged because Git metadata staging was blocked."
"catalog/scale/g8_q3_batch_repair/CUMCM-2020-A-002/pages/0045.txt","INCLUDE","1","0","1","0","0","0","Q3 evidence tree file; previously unstaged because Git metadata staging was blocked."
"catalog/scale/g8_q3_batch_repair/CUMCM-2020-A-002/pages/0046.txt","INCLUDE","1","0","1","0","0","0","Q3 evidence tree file; previously unstaged because Git metadata staging was blocked."
"catalog/scale/g8_q3_batch_repair/CUMCM-2020-A-002/pages/0047.txt","INCLUDE","1","0","1","0","0","0","Q3 evidence tree file; previously unstaged because Git metadata staging was blocked."
"catalog/scale/g8_q3_batch_repair/CUMCM-2020-A-002/pages/0048.txt","INCLUDE","1","0","1","0","0","0","Q3 evidence tree file; previously unstaged because Git metadata staging was blocked."
"catalog/scale/g8_q3_batch_repair/CUMCM-2020-A-002/pages/0049.txt","INCLUDE","1","0","1","0","0","0","Q3 evidence tree file; previously unstaged because Git metadata staging was blocked."
"catalog/scale/g8_q3_batch_repair/CUMCM-2020-A-002/pages/0050.txt","INCLUDE","1","0","1","0","0","0","Q3 evidence tree file; previously unstaged because Git metadata staging was blocked."
"catalog/scale/g8_q3_batch_repair/CUMCM-2020-A-002/pages/0051.txt","INCLUDE","1","0","1","0","0","0","Q3 evidence tree file; previously unstaged because Git metadata staging was blocked."
"catalog/scale/g8_q3_batch_repair/CUMCM-2020-A-002/pages/0052.txt","INCLUDE","1","0","1","0","0","0","Q3 evidence tree file; previously unstaged because Git metadata staging was blocked."
"catalog/scale/g8_q3_batch_repair/CUMCM-2020-A-002/pages/0053.txt","INCLUDE","1","0","1","0","0","0","Q3 evidence tree file; previously unstaged because Git metadata staging was blocked."
"catalog/scale/g8_q3_batch_repair/CUMCM-2020-A-002/pages/0054.txt","INCLUDE","1","0","1","0","0","0","Q3 evidence tree file; previously unstaged because Git metadata staging was blocked."
"catalog/scale/g8_q3_batch_repair/CUMCM-2020-A-002/pages/0055.txt","INCLUDE","1","0","1","0","0","0","Q3 evidence tree file; previously unstaged because Git metadata staging was blocked."
"catalog/scale/g8_q3_batch_repair/CUMCM-2020-A-002/pages/0056.txt","INCLUDE","1","0","1","0","0","0","Q3 evidence tree file; previously unstaged because Git metadata staging was blocked."
"catalog/scale/g8_q3_batch_repair/CUMCM-2020-A-002/pages/0057.txt","INCLUDE","1","0","1","0","0","0","Q3 evidence tree file; previously unstaged because Git metadata staging was blocked."
"catalog/scale/g8_q3_batch_repair/CUMCM-2020-A-002/pages/0058.txt","INCLUDE","1","0","1","0","0","0","Q3 evidence tree file; previously unstaged because Git metadata staging was blocked."
"catalog/scale/g8_q3_batch_repair/CUMCM-2020-A-002/pages/0059.txt","INCLUDE","1","0","1","0","0","0","Q3 evidence tree file; previously unstaged because Git metadata staging was blocked."
"catalog/scale/g8_q3_batch_repair/CUMCM-2020-A-002/pages/0060.txt","INCLUDE","1","0","1","0","0","0","Q3 evidence tree file; previously unstaged because Git metadata staging was blocked."
"catalog/scale/g8_q3_batch_repair/CUMCM-2020-A-002/pages/0061.txt","INCLUDE","1","0","1","0","0","0","Q3 evidence tree file; previously unstaged because Git metadata staging was blocked."
"catalog/scale/g8_q3_batch_repair/CUMCM-2020-A-002/pages/0062.txt","INCLUDE","1","0","1","0","0","0","Q3 evidence tree file; previously unstaged because Git metadata staging was blocked."
"catalog/scale/g8_q3_batch_repair/CUMCM-2020-A-002/pages/0063.txt","INCLUDE","1","0","1","0","0","0","Q3 evidence tree file; previously unstaged because Git metadata staging was blocked."
"catalog/scale/g8_q3_batch_repair/CUMCM-2020-A-002/pages/0064.txt","INCLUDE","1","0","1","0","0","0","Q3 evidence tree file; previously unstaged because Git metadata staging was blocked."
"catalog/scale/g8_q3_batch_repair/CUMCM-2020-A-002/pages/0065.txt","INCLUDE","1","0","1","0","0","0","Q3 evidence tree file; previously unstaged because Git metadata staging was blocked."
"catalog/scale/g8_q3_batch_repair/CUMCM-2020-A-002/pages/0066.txt","INCLUDE","1","0","1","0","0","0","Q3 evidence tree file; previously unstaged because Git metadata staging was blocked."
"catalog/scale/g8_q3_batch_repair/CUMCM-2020-A-002/pages/0067.txt","INCLUDE","1","0","1","0","0","0","Q3 evidence tree file; previously unstaged because Git metadata staging was blocked."
"catalog/scale/g8_q3_batch_repair/CUMCM-2020-A-002/pages/0068.txt","INCLUDE","1","0","1","0","0","0","Q3 evidence tree file; previously unstaged because Git metadata staging was blocked."
"catalog/scale/g8_q3_batch_repair/CUMCM-2020-A-002/pages/0069.txt","INCLUDE","1","0","1","0","0","0","Q3 evidence tree file; previously unstaged because Git metadata staging was blocked."
"catalog/scale/g8_q3_batch_repair/CUMCM-2020-A-002/pages/0070.txt","INCLUDE","1","0","1","0","0","0","Q3 evidence tree file; previously unstaged because Git metadata staging was blocked."
"catalog/scale/g8_q3_batch_repair/CUMCM-2020-A-002/pages/0071.txt","INCLUDE","1","0","1","0","0","0","Q3 evidence tree file; previously unstaged because Git metadata staging was blocked."
"catalog/scale/g8_q3_batch_repair/CUMCM-2020-A-002/pages/0072.txt","INCLUDE","1","0","1","0","0","0","Q3 evidence tree file; previously unstaged because Git metadata staging was blocked."
"catalog/scale/g8_q3_batch_repair/CUMCM-2020-A-002/pages/0073.txt","INCLUDE","1","0","1","0","0","0","Q3 evidence tree file; previously unstaged because Git metadata staging was blocked."
"catalog/scale/g8_q3_batch_repair/CUMCM-2020-A-002/pages/0074.txt","INCLUDE","1","0","1","0","0","0","Q3 evidence tree file; previously unstaged because Git metadata staging was blocked."
"catalog/scale/g8_q3_batch_repair/CUMCM-2020-A-002/pages/0075.txt","INCLUDE","1","0","1","0","0","0","Q3 evidence tree file; previously unstaged because Git metadata staging was blocked."
"catalog/scale/g8_q3_batch_repair/CUMCM-2020-A-002/pages/0076.txt","INCLUDE","1","0","1","0","0","0","Q3 evidence tree file; previously unstaged because Git metadata staging was blocked."
"catalog/scale/g8_q3_batch_repair/CUMCM-2020-A-002/pages/0077.txt","INCLUDE","1","0","1","0","0","0","Q3 evidence tree file; previously unstaged because Git metadata staging was blocked."
"catalog/scale/g8_q3_batch_repair/CUMCM-2020-A-002/pages/0078.txt","INCLUDE","1","0","1","0","0","0","Q3 evidence tree file; previously unstaged because Git metadata staging was blocked."
"catalog/scale/g8_q3_batch_repair/CUMCM-2020-A-002/pages/0079.txt","INCLUDE","1","0","1","0","0","0","Q3 evidence tree file; previously unstaged because Git metadata staging was blocked."
"catalog/scale/g8_q3_batch_repair/CUMCM-2020-A-002/pages/0080.txt","INCLUDE","1","0","1","0","0","0","Q3 evidence tree file; previously unstaged because Git metadata staging was blocked."
"catalog/scale/g8_q3_batch_repair/CUMCM-2020-A-002/pages/0081.txt","INCLUDE","1","0","1","0","0","0","Q3 evidence tree file; previously unstaged because Git metadata staging was blocked."
"catalog/scale/g8_q3_batch_repair/CUMCM-2020-A-002/pages/0082.txt","INCLUDE","1","0","1","0","0","0","Q3 evidence tree file; previously unstaged because Git metadata staging was blocked."
"catalog/scale/g8_q3_batch_repair/CUMCM-2020-A-002/pages/0083.txt","INCLUDE","1","0","1","0","0","0","Q3 evidence tree file; previously unstaged because Git metadata staging was blocked."
"catalog/scale/g8_q3_batch_repair/CUMCM-2020-A-002/pages/0084.txt","INCLUDE","1","0","1","0","0","0","Q3 evidence tree file; previously unstaged because Git metadata staging was blocked."
"catalog/scale/g8_q3_batch_repair/CUMCM-2020-A-002/pages/0085.txt","INCLUDE","1","0","1","0","0","0","Q3 evidence tree file; previously unstaged because Git metadata staging was blocked."
"catalog/scale/g8_q3_batch_repair/CUMCM-2020-A-002/pages/0086.txt","INCLUDE","1","0","1","0","0","0","Q3 evidence tree file; previously unstaged because Git metadata staging was blocked."
"catalog/scale/g8_q3_batch_repair/CUMCM-2020-A-002/pages/0087.txt","INCLUDE","1","0","1","0","0","0","Q3 evidence tree file; previously unstaged because Git metadata staging was blocked."
"catalog/scale/g8_q3_batch_repair/CUMCM-2020-A-002/pages/0088.txt","INCLUDE","1","0","1","0","0","0","Q3 evidence tree file; previously unstaged because Git metadata staging was blocked."
"catalog/scale/g8_q3_batch_repair/CUMCM-2020-A-002/pages/0089.txt","INCLUDE","1","0","1","0","0","0","Q3 evidence tree file; previously unstaged because Git metadata staging was blocked."
"catalog/scale/g8_q3_batch_repair/CUMCM-2020-A-002/provenance.json","INCLUDE","1","0","1","0","0","0","Q3 evidence tree file; previously unstaged because Git metadata staging was blocked."
"catalog/scale/g8_q3_batch_repair/CUMCM-2020-A-002/quality.json","INCLUDE","1","0","1","0","0","0","Q3 evidence tree file; previously unstaged because Git metadata staging was blocked."
"catalog/scale/g8_q3_batch_repair/CUMCM-2020-A-004/manifest.json","INCLUDE","1","0","1","0","0","0","Q3 evidence tree file; previously unstaged because Git metadata staging was blocked."
"catalog/scale/g8_q3_batch_repair/CUMCM-2020-A-004/normalized_body.txt","INCLUDE","1","0","1","0","0","0","Q3 evidence tree file; previously unstaged because Git metadata staging was blocked."
"catalog/scale/g8_q3_batch_repair/CUMCM-2020-A-004/pages/0001.txt","INCLUDE","1","0","1","0","0","0","Q3 evidence tree file; previously unstaged because Git metadata staging was blocked."
"catalog/scale/g8_q3_batch_repair/CUMCM-2020-A-004/pages/0002.txt","INCLUDE","1","0","1","0","0","0","Q3 evidence tree file; previously unstaged because Git metadata staging was blocked."
"catalog/scale/g8_q3_batch_repair/CUMCM-2020-A-004/pages/0003.txt","INCLUDE","1","0","1","0","0","0","Q3 evidence tree file; previously unstaged because Git metadata staging was blocked."
"catalog/scale/g8_q3_batch_repair/CUMCM-2020-A-004/pages/0004.txt","INCLUDE","1","0","1","0","0","0","Q3 evidence tree file; previously unstaged because Git metadata staging was blocked."
"catalog/scale/g8_q3_batch_repair/CUMCM-2020-A-004/pages/0005.txt","INCLUDE","1","0","1","0","0","0","Q3 evidence tree file; previously unstaged because Git metadata staging was blocked."
"catalog/scale/g8_q3_batch_repair/CUMCM-2020-A-004/pages/0006.txt","INCLUDE","1","0","1","0","0","0","Q3 evidence tree file; previously unstaged because Git metadata staging was blocked."
"catalog/scale/g8_q3_batch_repair/CUMCM-2020-A-004/pages/0007.txt","INCLUDE","1","0","1","0","0","0","Q3 evidence tree file; previously unstaged because Git metadata staging was blocked."
"catalog/scale/g8_q3_batch_repair/CUMCM-2020-A-004/pages/0008.txt","INCLUDE","1","0","1","0","0","0","Q3 evidence tree file; previously unstaged because Git metadata staging was blocked."
"catalog/scale/g8_q3_batch_repair/CUMCM-2020-A-004/pages/0009.txt","INCLUDE","1","0","1","0","0","0","Q3 evidence tree file; previously unstaged because Git metadata staging was blocked."
"catalog/scale/g8_q3_batch_repair/CUMCM-2020-A-004/pages/0010.txt","INCLUDE","1","0","1","0","0","0","Q3 evidence tree file; previously unstaged because Git metadata staging was blocked."
"catalog/scale/g8_q3_batch_repair/CUMCM-2020-A-004/pages/0011.txt","INCLUDE","1","0","1","0","0","0","Q3 evidence tree file; previously unstaged because Git metadata staging was blocked."
"catalog/scale/g8_q3_batch_repair/CUMCM-2020-A-004/pages/0012.txt","INCLUDE","1","0","1","0","0","0","Q3 evidence tree file; previously unstaged because Git metadata staging was blocked."
"catalog/scale/g8_q3_batch_repair/CUMCM-2020-A-004/pages/0013.txt","INCLUDE","1","0","1","0","0","0","Q3 evidence tree file; previously unstaged because Git metadata staging was blocked."
"catalog/scale/g8_q3_batch_repair/CUMCM-2020-A-004/pages/0014.txt","INCLUDE","1","0","1","0","0","0","Q3 evidence tree file; previously unstaged because Git metadata staging was blocked."
"catalog/scale/g8_q3_batch_repair/CUMCM-2020-A-004/pages/0015.txt","INCLUDE","1","0","1","0","0","0","Q3 evidence tree file; previously unstaged because Git metadata staging was blocked."
"catalog/scale/g8_q3_batch_repair/CUMCM-2020-A-004/pages/0016.txt","INCLUDE","1","0","1","0","0","0","Q3 evidence tree file; previously unstaged because Git metadata staging was blocked."
"catalog/scale/g8_q3_batch_repair/CUMCM-2020-A-004/pages/0017.txt","INCLUDE","1","0","1","0","0","0","Q3 evidence tree file; previously unstaged because Git metadata staging was blocked."
"catalog/scale/g8_q3_batch_repair/CUMCM-2020-A-004/pages/0018.txt","INCLUDE","1","0","1","0","0","0","Q3 evidence tree file; previously unstaged because Git metadata staging was blocked."
"catalog/scale/g8_q3_batch_repair/CUMCM-2020-A-004/pages/0019.txt","INCLUDE","1","0","1","0","0","0","Q3 evidence tree file; previously unstaged because Git metadata staging was blocked."
"catalog/scale/g8_q3_batch_repair/CUMCM-2020-A-004/pages/0020.txt","INCLUDE","1","0","1","0","0","0","Q3 evidence tree file; previously unstaged because Git metadata staging was blocked."
"catalog/scale/g8_q3_batch_repair/CUMCM-2020-A-004/pages/0021.txt","INCLUDE","1","0","1","0","0","0","Q3 evidence tree file; previously unstaged because Git metadata staging was blocked."
"catalog/scale/g8_q3_batch_repair/CUMCM-2020-A-004/pages/0022.txt","INCLUDE","1","0","1","0","0","0","Q3 evidence tree file; previously unstaged because Git metadata staging was blocked."
"catalog/scale/g8_q3_batch_repair/CUMCM-2020-A-004/pages/0023.txt","INCLUDE","1","0","1","0","0","0","Q3 evidence tree file; previously unstaged because Git metadata staging was blocked."
"catalog/scale/g8_q3_batch_repair/CUMCM-2020-A-004/pages/0024.txt","INCLUDE","1","0","1","0","0","0","Q3 evidence tree file; previously unstaged because Git metadata staging was blocked."
"catalog/scale/g8_q3_batch_repair/CUMCM-2020-A-004/pages/0025.txt","INCLUDE","1","0","1","0","0","0","Q3 evidence tree file; previously unstaged because Git metadata staging was blocked."
"catalog/scale/g8_q3_batch_repair/CUMCM-2020-A-004/pages/0026.txt","INCLUDE","1","0","1","0","0","0","Q3 evidence tree file; previously unstaged because Git metadata staging was blocked."
"catalog/scale/g8_q3_batch_repair/CUMCM-2020-A-004/pages/0027.txt","INCLUDE","1","0","1","0","0","0","Q3 evidence tree file; previously unstaged because Git metadata staging was blocked."
"catalog/scale/g8_q3_batch_repair/CUMCM-2020-A-004/pages/0028.txt","INCLUDE","1","0","1","0","0","0","Q3 evidence tree file; previously unstaged because Git metadata staging was blocked."
"catalog/scale/g8_q3_batch_repair/CUMCM-2020-A-004/pages/0029.txt","INCLUDE","1","0","1","0","0","0","Q3 evidence tree file; previously unstaged because Git metadata staging was blocked."
"catalog/scale/g8_q3_batch_repair/CUMCM-2020-A-004/pages/0030.txt","INCLUDE","1","0","1","0","0","0","Q3 evidence tree file; previously unstaged because Git metadata staging was blocked."
"catalog/scale/g8_q3_batch_repair/CUMCM-2020-A-004/pages/0031.txt","INCLUDE","1","0","1","0","0","0","Q3 evidence tree file; previously unstaged because Git metadata staging was blocked."
"catalog/scale/g8_q3_batch_repair/CUMCM-2020-A-004/pages/0032.txt","INCLUDE","1","0","1","0","0","0","Q3 evidence tree file; previously unstaged because Git metadata staging was blocked."
"catalog/scale/g8_q3_batch_repair/CUMCM-2020-A-004/pages/0033.txt","INCLUDE","1","0","1","0","0","0","Q3 evidence tree file; previously unstaged because Git metadata staging was blocked."
"catalog/scale/g8_q3_batch_repair/CUMCM-2020-A-004/pages/0034.txt","INCLUDE","1","0","1","0","0","0","Q3 evidence tree file; previously unstaged because Git metadata staging was blocked."
"catalog/scale/g8_q3_batch_repair/CUMCM-2020-A-004/pages/0035.txt","INCLUDE","1","0","1","0","0","0","Q3 evidence tree file; previously unstaged because Git metadata staging was blocked."
"catalog/scale/g8_q3_batch_repair/CUMCM-2020-A-004/pages/0036.txt","INCLUDE","1","0","1","0","0","0","Q3 evidence tree file; previously unstaged because Git metadata staging was blocked."
"catalog/scale/g8_q3_batch_repair/CUMCM-2020-A-004/pages/0037.txt","INCLUDE","1","0","1","0","0","0","Q3 evidence tree file; previously unstaged because Git metadata staging was blocked."
"catalog/scale/g8_q3_batch_repair/CUMCM-2020-A-004/pages/0038.txt","INCLUDE","1","0","1","0","0","0","Q3 evidence tree file; previously unstaged because Git metadata staging was blocked."
"catalog/scale/g8_q3_batch_repair/CUMCM-2020-A-004/pages/0039.txt","INCLUDE","1","0","1","0","0","0","Q3 evidence tree file; previously unstaged because Git metadata staging was blocked."
"catalog/scale/g8_q3_batch_repair/CUMCM-2020-A-004/pages/0040.txt","INCLUDE","1","0","1","0","0","0","Q3 evidence tree file; previously unstaged because Git metadata staging was blocked."
"catalog/scale/g8_q3_batch_repair/CUMCM-2020-A-004/pages/0041.txt","INCLUDE","1","0","1","0","0","0","Q3 evidence tree file; previously unstaged because Git metadata staging was blocked."
"catalog/scale/g8_q3_batch_repair/CUMCM-2020-A-004/pages/0042.txt","INCLUDE","1","0","1","0","0","0","Q3 evidence tree file; previously unstaged because Git metadata staging was blocked."
"catalog/scale/g8_q3_batch_repair/CUMCM-2020-A-004/provenance.json","INCLUDE","1","0","1","0","0","0","Q3 evidence tree file; previously unstaged because Git metadata staging was blocked."
"catalog/scale/g8_q3_batch_repair/CUMCM-2020-A-004/quality.json","INCLUDE","1","0","1","0","0","0","Q3 evidence tree file; previously unstaged because Git metadata staging was blocked."
"catalog/scale/g8_q3_batch_repair/CUMCM-2020-B-001/manifest.json","INCLUDE","1","0","1","0","0","0","Q3 evidence tree file; previously unstaged because Git metadata staging was blocked."
"catalog/scale/g8_q3_batch_repair/CUMCM-2020-B-001/normalized_body.txt","INCLUDE","1","0","1","0","0","0","Q3 evidence tree file; previously unstaged because Git metadata staging was blocked."
"catalog/scale/g8_q3_batch_repair/CUMCM-2020-B-001/pages/0001.txt","INCLUDE","1","0","1","0","0","0","Q3 evidence tree file; previously unstaged because Git metadata staging was blocked."
"catalog/scale/g8_q3_batch_repair/CUMCM-2020-B-001/pages/0002.txt","INCLUDE","1","0","1","0","0","0","Q3 evidence tree file; previously unstaged because Git metadata staging was blocked."
"catalog/scale/g8_q3_batch_repair/CUMCM-2020-B-001/pages/0003.txt","INCLUDE","1","0","1","0","0","0","Q3 evidence tree file; previously unstaged because Git metadata staging was blocked."
"catalog/scale/g8_q3_batch_repair/CUMCM-2020-B-001/pages/0004.txt","INCLUDE","1","0","1","0","0","0","Q3 evidence tree file; previously unstaged because Git metadata staging was blocked."
"catalog/scale/g8_q3_batch_repair/CUMCM-2020-B-001/pages/0005.txt","INCLUDE","1","0","1","0","0","0","Q3 evidence tree file; previously unstaged because Git metadata staging was blocked."
"catalog/scale/g8_q3_batch_repair/CUMCM-2020-B-001/pages/0006.txt","INCLUDE","1","0","1","0","0","0","Q3 evidence tree file; previously unstaged because Git metadata staging was blocked."
"catalog/scale/g8_q3_batch_repair/CUMCM-2020-B-001/pages/0007.txt","INCLUDE","1","0","1","0","0","0","Q3 evidence tree file; previously unstaged because Git metadata staging was blocked."
"catalog/scale/g8_q3_batch_repair/CUMCM-2020-B-001/pages/0008.txt","INCLUDE","1","0","1","0","0","0","Q3 evidence tree file; previously unstaged because Git metadata staging was blocked."
"catalog/scale/g8_q3_batch_repair/CUMCM-2020-B-001/pages/0009.txt","INCLUDE","1","0","1","0","0","0","Q3 evidence tree file; previously unstaged because Git metadata staging was blocked."
"catalog/scale/g8_q3_batch_repair/CUMCM-2020-B-001/pages/0010.txt","INCLUDE","1","0","1","0","0","0","Q3 evidence tree file; previously unstaged because Git metadata staging was blocked."
"catalog/scale/g8_q3_batch_repair/CUMCM-2020-B-001/pages/0011.txt","INCLUDE","1","0","1","0","0","0","Q3 evidence tree file; previously unstaged because Git metadata staging was blocked."
"catalog/scale/g8_q3_batch_repair/CUMCM-2020-B-001/pages/0012.txt","INCLUDE","1","0","1","0","0","0","Q3 evidence tree file; previously unstaged because Git metadata staging was blocked."
"catalog/scale/g8_q3_batch_repair/CUMCM-2020-B-001/pages/0013.txt","INCLUDE","1","0","1","0","0","0","Q3 evidence tree file; previously unstaged because Git metadata staging was blocked."
"catalog/scale/g8_q3_batch_repair/CUMCM-2020-B-001/pages/0014.txt","INCLUDE","1","0","1","0","0","0","Q3 evidence tree file; previously unstaged because Git metadata staging was blocked."
"catalog/scale/g8_q3_batch_repair/CUMCM-2020-B-001/pages/0015.txt","INCLUDE","1","0","1","0","0","0","Q3 evidence tree file; previously unstaged because Git metadata staging was blocked."
"catalog/scale/g8_q3_batch_repair/CUMCM-2020-B-001/pages/0016.txt","INCLUDE","1","0","1","0","0","0","Q3 evidence tree file; previously unstaged because Git metadata staging was blocked."
"catalog/scale/g8_q3_batch_repair/CUMCM-2020-B-001/pages/0017.txt","INCLUDE","1","0","1","0","0","0","Q3 evidence tree file; previously unstaged because Git metadata staging was blocked."
"catalog/scale/g8_q3_batch_repair/CUMCM-2020-B-001/pages/0018.txt","INCLUDE","1","0","1","0","0","0","Q3 evidence tree file; previously unstaged because Git metadata staging was blocked."
"catalog/scale/g8_q3_batch_repair/CUMCM-2020-B-001/pages/0019.txt","INCLUDE","1","0","1","0","0","0","Q3 evidence tree file; previously unstaged because Git metadata staging was blocked."
"catalog/scale/g8_q3_batch_repair/CUMCM-2020-B-001/pages/0020.txt","INCLUDE","1","0","1","0","0","0","Q3 evidence tree file; previously unstaged because Git metadata staging was blocked."
"catalog/scale/g8_q3_batch_repair/CUMCM-2020-B-001/pages/0021.txt","INCLUDE","1","0","1","0","0","0","Q3 evidence tree file; previously unstaged because Git metadata staging was blocked."
"catalog/scale/g8_q3_batch_repair/CUMCM-2020-B-001/pages/0022.txt","INCLUDE","1","0","1","0","0","0","Q3 evidence tree file; previously unstaged because Git metadata staging was blocked."
"catalog/scale/g8_q3_batch_repair/CUMCM-2020-B-001/pages/0023.txt","INCLUDE","1","0","1","0","0","0","Q3 evidence tree file; previously unstaged because Git metadata staging was blocked."
"catalog/scale/g8_q3_batch_repair/CUMCM-2020-B-001/pages/0024.txt","INCLUDE","1","0","1","0","0","0","Q3 evidence tree file; previously unstaged because Git metadata staging was blocked."
"catalog/scale/g8_q3_batch_repair/CUMCM-2020-B-001/pages/0025.txt","INCLUDE","1","0","1","0","0","0","Q3 evidence tree file; previously unstaged because Git metadata staging was blocked."
"catalog/scale/g8_q3_batch_repair/CUMCM-2020-B-001/pages/0026.txt","INCLUDE","1","0","1","0","0","0","Q3 evidence tree file; previously unstaged because Git metadata staging was blocked."
"catalog/scale/g8_q3_batch_repair/CUMCM-2020-B-001/pages/0027.txt","INCLUDE","1","0","1","0","0","0","Q3 evidence tree file; previously unstaged because Git metadata staging was blocked."
"catalog/scale/g8_q3_batch_repair/CUMCM-2020-B-001/pages/0028.txt","INCLUDE","1","0","1","0","0","0","Q3 evidence tree file; previously unstaged because Git metadata staging was blocked."
"catalog/scale/g8_q3_batch_repair/CUMCM-2020-B-001/pages/0029.txt","INCLUDE","1","0","1","0","0","0","Q3 evidence tree file; previously unstaged because Git metadata staging was blocked."
"catalog/scale/g8_q3_batch_repair/CUMCM-2020-B-001/pages/0030.txt","INCLUDE","1","0","1","0","0","0","Q3 evidence tree file; previously unstaged because Git metadata staging was blocked."
"catalog/scale/g8_q3_batch_repair/CUMCM-2020-B-001/pages/0031.txt","INCLUDE","1","0","1","0","0","0","Q3 evidence tree file; previously unstaged because Git metadata staging was blocked."
"catalog/scale/g8_q3_batch_repair/CUMCM-2020-B-001/pages/0032.txt","INCLUDE","1","0","1","0","0","0","Q3 evidence tree file; previously unstaged because Git metadata staging was blocked."
"catalog/scale/g8_q3_batch_repair/CUMCM-2020-B-001/pages/0033.txt","INCLUDE","1","0","1","0","0","0","Q3 evidence tree file; previously unstaged because Git metadata staging was blocked."
"catalog/scale/g8_q3_batch_repair/CUMCM-2020-B-001/pages/0034.txt","INCLUDE","1","0","1","0","0","0","Q3 evidence tree file; previously unstaged because Git metadata staging was blocked."
"catalog/scale/g8_q3_batch_repair/CUMCM-2020-B-001/pages/0035.txt","INCLUDE","1","0","1","0","0","0","Q3 evidence tree file; previously unstaged because Git metadata staging was blocked."
"catalog/scale/g8_q3_batch_repair/CUMCM-2020-B-001/pages/0036.txt","INCLUDE","1","0","1","0","0","0","Q3 evidence tree file; previously unstaged because Git metadata staging was blocked."
"catalog/scale/g8_q3_batch_repair/CUMCM-2020-B-001/pages/0037.txt","INCLUDE","1","0","1","0","0","0","Q3 evidence tree file; previously unstaged because Git metadata staging was blocked."
"catalog/scale/g8_q3_batch_repair/CUMCM-2020-B-001/pages/0038.txt","INCLUDE","1","0","1","0","0","0","Q3 evidence tree file; previously unstaged because Git metadata staging was blocked."
"catalog/scale/g8_q3_batch_repair/CUMCM-2020-B-001/pages/0039.txt","INCLUDE","1","0","1","0","0","0","Q3 evidence tree file; previously unstaged because Git metadata staging was blocked."
"catalog/scale/g8_q3_batch_repair/CUMCM-2020-B-001/provenance.json","INCLUDE","1","0","1","0","0","0","Q3 evidence tree file; previously unstaged because Git metadata staging was blocked."
"catalog/scale/g8_q3_batch_repair/CUMCM-2020-B-001/quality.json","INCLUDE","1","0","1","0","0","0","Q3 evidence tree file; previously unstaged because Git metadata staging was blocked."
"catalog/scale/g8_q3_batch_repair/CUMCM-2020-B-002/manifest.json","INCLUDE","1","0","1","0","0","0","Q3 evidence tree file; previously unstaged because Git metadata staging was blocked."
"catalog/scale/g8_q3_batch_repair/CUMCM-2020-B-002/normalized_body.txt","INCLUDE","1","0","1","0","0","0","Q3 evidence tree file; previously unstaged because Git metadata staging was blocked."
"catalog/scale/g8_q3_batch_repair/CUMCM-2020-B-002/pages/0001.txt","INCLUDE","1","0","1","0","0","0","Q3 evidence tree file; previously unstaged because Git metadata staging was blocked."
"catalog/scale/g8_q3_batch_repair/CUMCM-2020-B-002/pages/0002.txt","INCLUDE","1","0","1","0","0","0","Q3 evidence tree file; previously unstaged because Git metadata staging was blocked."
"catalog/scale/g8_q3_batch_repair/CUMCM-2020-B-002/pages/0003.txt","INCLUDE","1","0","1","0","0","0","Q3 evidence tree file; previously unstaged because Git metadata staging was blocked."
"catalog/scale/g8_q3_batch_repair/CUMCM-2020-B-002/pages/0004.txt","INCLUDE","1","0","1","0","0","0","Q3 evidence tree file; previously unstaged because Git metadata staging was blocked."
"catalog/scale/g8_q3_batch_repair/CUMCM-2020-B-002/pages/0005.txt","INCLUDE","1","0","1","0","0","0","Q3 evidence tree file; previously unstaged because Git metadata staging was blocked."
"catalog/scale/g8_q3_batch_repair/CUMCM-2020-B-002/pages/0006.txt","INCLUDE","1","0","1","0","0","0","Q3 evidence tree file; previously unstaged because Git metadata staging was blocked."
"catalog/scale/g8_q3_batch_repair/CUMCM-2020-B-002/pages/0007.txt","INCLUDE","1","0","1","0","0","0","Q3 evidence tree file; previously unstaged because Git metadata staging was blocked."
"catalog/scale/g8_q3_batch_repair/CUMCM-2020-B-002/pages/0008.txt","INCLUDE","1","0","1","0","0","0","Q3 evidence tree file; previously unstaged because Git metadata staging was blocked."
"catalog/scale/g8_q3_batch_repair/CUMCM-2020-B-002/pages/0009.txt","INCLUDE","1","0","1","0","0","0","Q3 evidence tree file; previously unstaged because Git metadata staging was blocked."
"catalog/scale/g8_q3_batch_repair/CUMCM-2020-B-002/pages/0010.txt","INCLUDE","1","0","1","0","0","0","Q3 evidence tree file; previously unstaged because Git metadata staging was blocked."
"catalog/scale/g8_q3_batch_repair/CUMCM-2020-B-002/pages/0011.txt","INCLUDE","1","0","1","0","0","0","Q3 evidence tree file; previously unstaged because Git metadata staging was blocked."
"catalog/scale/g8_q3_batch_repair/CUMCM-2020-B-002/pages/0012.txt","INCLUDE","1","0","1","0","0","0","Q3 evidence tree file; previously unstaged because Git metadata staging was blocked."
"catalog/scale/g8_q3_batch_repair/CUMCM-2020-B-002/pages/0013.txt","INCLUDE","1","0","1","0","0","0","Q3 evidence tree file; previously unstaged because Git metadata staging was blocked."
"catalog/scale/g8_q3_batch_repair/CUMCM-2020-B-002/pages/0014.txt","INCLUDE","1","0","1","0","0","0","Q3 evidence tree file; previously unstaged because Git metadata staging was blocked."
"catalog/scale/g8_q3_batch_repair/CUMCM-2020-B-002/pages/0015.txt","INCLUDE","1","0","1","0","0","0","Q3 evidence tree file; previously unstaged because Git metadata staging was blocked."
"catalog/scale/g8_q3_batch_repair/CUMCM-2020-B-002/pages/0016.txt","INCLUDE","1","0","1","0","0","0","Q3 evidence tree file; previously unstaged because Git metadata staging was blocked."
"catalog/scale/g8_q3_batch_repair/CUMCM-2020-B-002/pages/0017.txt","INCLUDE","1","0","1","0","0","0","Q3 evidence tree file; previously unstaged because Git metadata staging was blocked."
"catalog/scale/g8_q3_batch_repair/CUMCM-2020-B-002/pages/0018.txt","INCLUDE","1","0","1","0","0","0","Q3 evidence tree file; previously unstaged because Git metadata staging was blocked."
"catalog/scale/g8_q3_batch_repair/CUMCM-2020-B-002/pages/0019.txt","INCLUDE","1","0","1","0","0","0","Q3 evidence tree file; previously unstaged because Git metadata staging was blocked."
"catalog/scale/g8_q3_batch_repair/CUMCM-2020-B-002/pages/0020.txt","INCLUDE","1","0","1","0","0","0","Q3 evidence tree file; previously unstaged because Git metadata staging was blocked."
"catalog/scale/g8_q3_batch_repair/CUMCM-2020-B-002/pages/0021.txt","INCLUDE","1","0","1","0","0","0","Q3 evidence tree file; previously unstaged because Git metadata staging was blocked."
"catalog/scale/g8_q3_batch_repair/CUMCM-2020-B-002/pages/0022.txt","INCLUDE","1","0","1","0","0","0","Q3 evidence tree file; previously unstaged because Git metadata staging was blocked."
"catalog/scale/g8_q3_batch_repair/CUMCM-2020-B-002/pages/0023.txt","INCLUDE","1","0","1","0","0","0","Q3 evidence tree file; previously unstaged because Git metadata staging was blocked."
"catalog/scale/g8_q3_batch_repair/CUMCM-2020-B-002/pages/0024.txt","INCLUDE","1","0","1","0","0","0","Q3 evidence tree file; previously unstaged because Git metadata staging was blocked."
"catalog/scale/g8_q3_batch_repair/CUMCM-2020-B-002/pages/0025.txt","INCLUDE","1","0","1","0","0","0","Q3 evidence tree file; previously unstaged because Git metadata staging was blocked."
"catalog/scale/g8_q3_batch_repair/CUMCM-2020-B-002/pages/0026.txt","INCLUDE","1","0","1","0","0","0","Q3 evidence tree file; previously unstaged because Git metadata staging was blocked."
"catalog/scale/g8_q3_batch_repair/CUMCM-2020-B-002/pages/0027.txt","INCLUDE","1","0","1","0","0","0","Q3 evidence tree file; previously unstaged because Git metadata staging was blocked."
"catalog/scale/g8_q3_batch_repair/CUMCM-2020-B-002/pages/0028.txt","INCLUDE","1","0","1","0","0","0","Q3 evidence tree file; previously unstaged because Git metadata staging was blocked."
"catalog/scale/g8_q3_batch_repair/CUMCM-2020-B-002/pages/0029.txt","INCLUDE","1","0","1","0","0","0","Q3 evidence tree file; previously unstaged because Git metadata staging was blocked."
"catalog/scale/g8_q3_batch_repair/CUMCM-2020-B-002/pages/0030.txt","INCLUDE","1","0","1","0","0","0","Q3 evidence tree file; previously unstaged because Git metadata staging was blocked."
"catalog/scale/g8_q3_batch_repair/CUMCM-2020-B-002/pages/0031.txt","INCLUDE","1","0","1","0","0","0","Q3 evidence tree file; previously unstaged because Git metadata staging was blocked."
"catalog/scale/g8_q3_batch_repair/CUMCM-2020-B-002/pages/0032.txt","INCLUDE","1","0","1","0","0","0","Q3 evidence tree file; previously unstaged because Git metadata staging was blocked."
"catalog/scale/g8_q3_batch_repair/CUMCM-2020-B-002/pages/0033.txt","INCLUDE","1","0","1","0","0","0","Q3 evidence tree file; previously unstaged because Git metadata staging was blocked."
"catalog/scale/g8_q3_batch_repair/CUMCM-2020-B-002/pages/0034.txt","INCLUDE","1","0","1","0","0","0","Q3 evidence tree file; previously unstaged because Git metadata staging was blocked."
"catalog/scale/g8_q3_batch_repair/CUMCM-2020-B-002/pages/0035.txt","INCLUDE","1","0","1","0","0","0","Q3 evidence tree file; previously unstaged because Git metadata staging was blocked."
"catalog/scale/g8_q3_batch_repair/CUMCM-2020-B-002/pages/0036.txt","INCLUDE","1","0","1","0","0","0","Q3 evidence tree file; previously unstaged because Git metadata staging was blocked."
"catalog/scale/g8_q3_batch_repair/CUMCM-2020-B-002/pages/0037.txt","INCLUDE","1","0","1","0","0","0","Q3 evidence tree file; previously unstaged because Git metadata staging was blocked."
"catalog/scale/g8_q3_batch_repair/CUMCM-2020-B-002/pages/0038.txt","INCLUDE","1","0","1","0","0","0","Q3 evidence tree file; previously unstaged because Git metadata staging was blocked."
"catalog/scale/g8_q3_batch_repair/CUMCM-2020-B-002/pages/0039.txt","INCLUDE","1","0","1","0","0","0","Q3 evidence tree file; previously unstaged because Git metadata staging was blocked."
"catalog/scale/g8_q3_batch_repair/CUMCM-2020-B-002/pages/0040.txt","INCLUDE","1","0","1","0","0","0","Q3 evidence tree file; previously unstaged because Git metadata staging was blocked."
"catalog/scale/g8_q3_batch_repair/CUMCM-2020-B-002/pages/0041.txt","INCLUDE","1","0","1","0","0","0","Q3 evidence tree file; previously unstaged because Git metadata staging was blocked."
"catalog/scale/g8_q3_batch_repair/CUMCM-2020-B-002/pages/0042.txt","INCLUDE","1","0","1","0","0","0","Q3 evidence tree file; previously unstaged because Git metadata staging was blocked."
"catalog/scale/g8_q3_batch_repair/CUMCM-2020-B-002/pages/0043.txt","INCLUDE","1","0","1","0","0","0","Q3 evidence tree file; previously unstaged because Git metadata staging was blocked."
"catalog/scale/g8_q3_batch_repair/CUMCM-2020-B-002/pages/0044.txt","INCLUDE","1","0","1","0","0","0","Q3 evidence tree file; previously unstaged because Git metadata staging was blocked."
"catalog/scale/g8_q3_batch_repair/CUMCM-2020-B-002/pages/0045.txt","INCLUDE","1","0","1","0","0","0","Q3 evidence tree file; previously unstaged because Git metadata staging was blocked."
"catalog/scale/g8_q3_batch_repair/CUMCM-2020-B-002/pages/0046.txt","INCLUDE","1","0","1","0","0","0","Q3 evidence tree file; previously unstaged because Git metadata staging was blocked."
"catalog/scale/g8_q3_batch_repair/CUMCM-2020-B-002/pages/0047.txt","INCLUDE","1","0","1","0","0","0","Q3 evidence tree file; previously unstaged because Git metadata staging was blocked."
"catalog/scale/g8_q3_batch_repair/CUMCM-2020-B-002/pages/0048.txt","INCLUDE","1","0","1","0","0","0","Q3 evidence tree file; previously unstaged because Git metadata staging was blocked."
"catalog/scale/g8_q3_batch_repair/CUMCM-2020-B-002/pages/0049.txt","INCLUDE","1","0","1","0","0","0","Q3 evidence tree file; previously unstaged because Git metadata staging was blocked."
"catalog/scale/g8_q3_batch_repair/CUMCM-2020-B-002/pages/0050.txt","INCLUDE","1","0","1","0","0","0","Q3 evidence tree file; previously unstaged because Git metadata staging was blocked."
"catalog/scale/g8_q3_batch_repair/CUMCM-2020-B-002/pages/0051.txt","INCLUDE","1","0","1","0","0","0","Q3 evidence tree file; previously unstaged because Git metadata staging was blocked."
"catalog/scale/g8_q3_batch_repair/CUMCM-2020-B-002/pages/0052.txt","INCLUDE","1","0","1","0","0","0","Q3 evidence tree file; previously unstaged because Git metadata staging was blocked."
"catalog/scale/g8_q3_batch_repair/CUMCM-2020-B-002/pages/0053.txt","INCLUDE","1","0","1","0","0","0","Q3 evidence tree file; previously unstaged because Git metadata staging was blocked."
"catalog/scale/g8_q3_batch_repair/CUMCM-2020-B-002/pages/0054.txt","INCLUDE","1","0","1","0","0","0","Q3 evidence tree file; previously unstaged because Git metadata staging was blocked."
"catalog/scale/g8_q3_batch_repair/CUMCM-2020-B-002/pages/0055.txt","INCLUDE","1","0","1","0","0","0","Q3 evidence tree file; previously unstaged because Git metadata staging was blocked."
"catalog/scale/g8_q3_batch_repair/CUMCM-2020-B-002/pages/0056.txt","INCLUDE","1","0","1","0","0","0","Q3 evidence tree file; previously unstaged because Git metadata staging was blocked."
"catalog/scale/g8_q3_batch_repair/CUMCM-2020-B-002/pages/0057.txt","INCLUDE","1","0","1","0","0","0","Q3 evidence tree file; previously unstaged because Git metadata staging was blocked."
"catalog/scale/g8_q3_batch_repair/CUMCM-2020-B-002/pages/0058.txt","INCLUDE","1","0","1","0","0","0","Q3 evidence tree file; previously unstaged because Git metadata staging was blocked."
"catalog/scale/g8_q3_batch_repair/CUMCM-2020-B-002/pages/0059.txt","INCLUDE","1","0","1","0","0","0","Q3 evidence tree file; previously unstaged because Git metadata staging was blocked."
"catalog/scale/g8_q3_batch_repair/CUMCM-2020-B-002/pages/0060.txt","INCLUDE","1","0","1","0","0","0","Q3 evidence tree file; previously unstaged because Git metadata staging was blocked."
"catalog/scale/g8_q3_batch_repair/CUMCM-2020-B-002/pages/0061.txt","INCLUDE","1","0","1","0","0","0","Q3 evidence tree file; previously unstaged because Git metadata staging was blocked."
"catalog/scale/g8_q3_batch_repair/CUMCM-2020-B-002/pages/0062.txt","INCLUDE","1","0","1","0","0","0","Q3 evidence tree file; previously unstaged because Git metadata staging was blocked."
"catalog/scale/g8_q3_batch_repair/CUMCM-2020-B-002/pages/0063.txt","INCLUDE","1","0","1","0","0","0","Q3 evidence tree file; previously unstaged because Git metadata staging was blocked."
"catalog/scale/g8_q3_batch_repair/CUMCM-2020-B-002/pages/0064.txt","INCLUDE","1","0","1","0","0","0","Q3 evidence tree file; previously unstaged because Git metadata staging was blocked."
"catalog/scale/g8_q3_batch_repair/CUMCM-2020-B-002/pages/0065.txt","INCLUDE","1","0","1","0","0","0","Q3 evidence tree file; previously unstaged because Git metadata staging was blocked."
"catalog/scale/g8_q3_batch_repair/CUMCM-2020-B-002/pages/0066.txt","INCLUDE","1","0","1","0","0","0","Q3 evidence tree file; previously unstaged because Git metadata staging was blocked."
"catalog/scale/g8_q3_batch_repair/CUMCM-2020-B-002/pages/0067.txt","INCLUDE","1","0","1","0","0","0","Q3 evidence tree file; previously unstaged because Git metadata staging was blocked."
"catalog/scale/g8_q3_batch_repair/CUMCM-2020-B-002/pages/0068.txt","INCLUDE","1","0","1","0","0","0","Q3 evidence tree file; previously unstaged because Git metadata staging was blocked."
"catalog/scale/g8_q3_batch_repair/CUMCM-2020-B-002/pages/0069.txt","INCLUDE","1","0","1","0","0","0","Q3 evidence tree file; previously unstaged because Git metadata staging was blocked."
"catalog/scale/g8_q3_batch_repair/CUMCM-2020-B-002/pages/0070.txt","INCLUDE","1","0","1","0","0","0","Q3 evidence tree file; previously unstaged because Git metadata staging was blocked."
"catalog/scale/g8_q3_batch_repair/CUMCM-2020-B-002/pages/0071.txt","INCLUDE","1","0","1","0","0","0","Q3 evidence tree file; previously unstaged because Git metadata staging was blocked."
"catalog/scale/g8_q3_batch_repair/CUMCM-2020-B-002/pages/0072.txt","INCLUDE","1","0","1","0","0","0","Q3 evidence tree file; previously unstaged because Git metadata staging was blocked."
"catalog/scale/g8_q3_batch_repair/CUMCM-2020-B-002/pages/0073.txt","INCLUDE","1","0","1","0","0","0","Q3 evidence tree file; previously unstaged because Git metadata staging was blocked."
"catalog/scale/g8_q3_batch_repair/CUMCM-2020-B-002/pages/0074.txt","INCLUDE","1","0","1","0","0","0","Q3 evidence tree file; previously unstaged because Git metadata staging was blocked."
"catalog/scale/g8_q3_batch_repair/CUMCM-2020-B-002/pages/0075.txt","INCLUDE","1","0","1","0","0","0","Q3 evidence tree file; previously unstaged because Git metadata staging was blocked."
"catalog/scale/g8_q3_batch_repair/CUMCM-2020-B-002/pages/0076.txt","INCLUDE","1","0","1","0","0","0","Q3 evidence tree file; previously unstaged because Git metadata staging was blocked."
"catalog/scale/g8_q3_batch_repair/CUMCM-2020-B-002/pages/0077.txt","INCLUDE","1","0","1","0","0","0","Q3 evidence tree file; previously unstaged because Git metadata staging was blocked."
"catalog/scale/g8_q3_batch_repair/CUMCM-2020-B-002/pages/0078.txt","INCLUDE","1","0","1","0","0","0","Q3 evidence tree file; previously unstaged because Git metadata staging was blocked."
"catalog/scale/g8_q3_batch_repair/CUMCM-2020-B-002/pages/0079.txt","INCLUDE","1","0","1","0","0","0","Q3 evidence tree file; previously unstaged because Git metadata staging was blocked."
"catalog/scale/g8_q3_batch_repair/CUMCM-2020-B-002/pages/0080.txt","INCLUDE","1","0","1","0","0","0","Q3 evidence tree file; previously unstaged because Git metadata staging was blocked."
"catalog/scale/g8_q3_batch_repair/CUMCM-2020-B-002/pages/0081.txt","INCLUDE","1","0","1","0","0","0","Q3 evidence tree file; previously unstaged because Git metadata staging was blocked."
"catalog/scale/g8_q3_batch_repair/CUMCM-2020-B-002/pages/0082.txt","INCLUDE","1","0","1","0","0","0","Q3 evidence tree file; previously unstaged because Git metadata staging was blocked."
"catalog/scale/g8_q3_batch_repair/CUMCM-2020-B-002/pages/0083.txt","INCLUDE","1","0","1","0","0","0","Q3 evidence tree file; previously unstaged because Git metadata staging was blocked."
"catalog/scale/g8_q3_batch_repair/CUMCM-2020-B-002/pages/0084.txt","INCLUDE","1","0","1","0","0","0","Q3 evidence tree file; previously unstaged because Git metadata staging was blocked."
"catalog/scale/g8_q3_batch_repair/CUMCM-2020-B-002/pages/0085.txt","INCLUDE","1","0","1","0","0","0","Q3 evidence tree file; previously unstaged because Git metadata staging was blocked."
"catalog/scale/g8_q3_batch_repair/CUMCM-2020-B-002/pages/0086.txt","INCLUDE","1","0","1","0","0","0","Q3 evidence tree file; previously unstaged because Git metadata staging was blocked."
"catalog/scale/g8_q3_batch_repair/CUMCM-2020-B-002/pages/0087.txt","INCLUDE","1","0","1","0","0","0","Q3 evidence tree file; previously unstaged because Git metadata staging was blocked."
"catalog/scale/g8_q3_batch_repair/CUMCM-2020-B-002/pages/0088.txt","INCLUDE","1","0","1","0","0","0","Q3 evidence tree file; previously unstaged because Git metadata staging was blocked."
"catalog/scale/g8_q3_batch_repair/CUMCM-2020-B-002/pages/0089.txt","INCLUDE","1","0","1","0","0","0","Q3 evidence tree file; previously unstaged because Git metadata staging was blocked."
"catalog/scale/g8_q3_batch_repair/CUMCM-2020-B-002/pages/0090.txt","INCLUDE","1","0","1","0","0","0","Q3 evidence tree file; previously unstaged because Git metadata staging was blocked."
"catalog/scale/g8_q3_batch_repair/CUMCM-2020-B-002/pages/0091.txt","INCLUDE","1","0","1","0","0","0","Q3 evidence tree file; previously unstaged because Git metadata staging was blocked."
"catalog/scale/g8_q3_batch_repair/CUMCM-2020-B-002/pages/0092.txt","INCLUDE","1","0","1","0","0","0","Q3 evidence tree file; previously unstaged because Git metadata staging was blocked."
"catalog/scale/g8_q3_batch_repair/CUMCM-2020-B-002/pages/0093.txt","INCLUDE","1","0","1","0","0","0","Q3 evidence tree file; previously unstaged because Git metadata staging was blocked."
"catalog/scale/g8_q3_batch_repair/CUMCM-2020-B-002/pages/0094.txt","INCLUDE","1","0","1","0","0","0","Q3 evidence tree file; previously unstaged because Git metadata staging was blocked."
"catalog/scale/g8_q3_batch_repair/CUMCM-2020-B-002/pages/0095.txt","INCLUDE","1","0","1","0","0","0","Q3 evidence tree file; previously unstaged because Git metadata staging was blocked."
"catalog/scale/g8_q3_batch_repair/CUMCM-2020-B-002/pages/0096.txt","INCLUDE","1","0","1","0","0","0","Q3 evidence tree file; previously unstaged because Git metadata staging was blocked."
"catalog/scale/g8_q3_batch_repair/CUMCM-2020-B-002/pages/0097.txt","INCLUDE","1","0","1","0","0","0","Q3 evidence tree file; previously unstaged because Git metadata staging was blocked."
"catalog/scale/g8_q3_batch_repair/CUMCM-2020-B-002/pages/0098.txt","INCLUDE","1","0","1","0","0","0","Q3 evidence tree file; previously unstaged because Git metadata staging was blocked."
"catalog/scale/g8_q3_batch_repair/CUMCM-2020-B-002/pages/0099.txt","INCLUDE","1","0","1","0","0","0","Q3 evidence tree file; previously unstaged because Git metadata staging was blocked."
"catalog/scale/g8_q3_batch_repair/CUMCM-2020-B-002/pages/0100.txt","INCLUDE","1","0","1","0","0","0","Q3 evidence tree file; previously unstaged because Git metadata staging was blocked."
"catalog/scale/g8_q3_batch_repair/CUMCM-2020-B-002/pages/0101.txt","INCLUDE","1","0","1","0","0","0","Q3 evidence tree file; previously unstaged because Git metadata staging was blocked."
"catalog/scale/g8_q3_batch_repair/CUMCM-2020-B-002/pages/0102.txt","INCLUDE","1","0","1","0","0","0","Q3 evidence tree file; previously unstaged because Git metadata staging was blocked."
"catalog/scale/g8_q3_batch_repair/CUMCM-2020-B-002/pages/0103.txt","INCLUDE","1","0","1","0","0","0","Q3 evidence tree file; previously unstaged because Git metadata staging was blocked."
"catalog/scale/g8_q3_batch_repair/CUMCM-2020-B-002/pages/0104.txt","INCLUDE","1","0","1","0","0","0","Q3 evidence tree file; previously unstaged because Git metadata staging was blocked."
"catalog/scale/g8_q3_batch_repair/CUMCM-2020-B-002/provenance.json","INCLUDE","1","0","1","0","0","0","Q3 evidence tree file; previously unstaged because Git metadata staging was blocked."
"catalog/scale/g8_q3_batch_repair/CUMCM-2020-B-002/quality.json","INCLUDE","1","0","1","0","0","0","Q3 evidence tree file; previously unstaged because Git metadata staging was blocked."
"catalog/scale/g8_q3_batch_repair/CUMCM-2020-B-004/manifest.json","INCLUDE","1","0","1","0","0","0","Q3 evidence tree file; previously unstaged because Git metadata staging was blocked."
"catalog/scale/g8_q3_batch_repair/CUMCM-2020-B-004/normalized_body.txt","INCLUDE","1","0","1","0","0","0","Q3 evidence tree file; previously unstaged because Git metadata staging was blocked."
"catalog/scale/g8_q3_batch_repair/CUMCM-2020-B-004/pages/0001.txt","INCLUDE","1","0","1","0","0","0","Q3 evidence tree file; previously unstaged because Git metadata staging was blocked."
"catalog/scale/g8_q3_batch_repair/CUMCM-2020-B-004/pages/0002.txt","INCLUDE","1","0","1","0","0","0","Q3 evidence tree file; previously unstaged because Git metadata staging was blocked."
"catalog/scale/g8_q3_batch_repair/CUMCM-2020-B-004/pages/0003.txt","INCLUDE","1","0","1","0","0","0","Q3 evidence tree file; previously unstaged because Git metadata staging was blocked."
"catalog/scale/g8_q3_batch_repair/CUMCM-2020-B-004/pages/0004.txt","INCLUDE","1","0","1","0","0","0","Q3 evidence tree file; previously unstaged because Git metadata staging was blocked."
"catalog/scale/g8_q3_batch_repair/CUMCM-2020-B-004/pages/0005.txt","INCLUDE","1","0","1","0","0","0","Q3 evidence tree file; previously unstaged because Git metadata staging was blocked."
"catalog/scale/g8_q3_batch_repair/CUMCM-2020-B-004/pages/0006.txt","INCLUDE","1","0","1","0","0","0","Q3 evidence tree file; previously unstaged because Git metadata staging was blocked."
"catalog/scale/g8_q3_batch_repair/CUMCM-2020-B-004/pages/0007.txt","INCLUDE","1","0","1","0","0","0","Q3 evidence tree file; previously unstaged because Git metadata staging was blocked."
"catalog/scale/g8_q3_batch_repair/CUMCM-2020-B-004/pages/0008.txt","INCLUDE","1","0","1","0","0","0","Q3 evidence tree file; previously unstaged because Git metadata staging was blocked."
"catalog/scale/g8_q3_batch_repair/CUMCM-2020-B-004/pages/0009.txt","INCLUDE","1","0","1","0","0","0","Q3 evidence tree file; previously unstaged because Git metadata staging was blocked."
"catalog/scale/g8_q3_batch_repair/CUMCM-2020-B-004/pages/0010.txt","INCLUDE","1","0","1","0","0","0","Q3 evidence tree file; previously unstaged because Git metadata staging was blocked."
"catalog/scale/g8_q3_batch_repair/CUMCM-2020-B-004/pages/0011.txt","INCLUDE","1","0","1","0","0","0","Q3 evidence tree file; previously unstaged because Git metadata staging was blocked."
"catalog/scale/g8_q3_batch_repair/CUMCM-2020-B-004/pages/0012.txt","INCLUDE","1","0","1","0","0","0","Q3 evidence tree file; previously unstaged because Git metadata staging was blocked."
"catalog/scale/g8_q3_batch_repair/CUMCM-2020-B-004/pages/0013.txt","INCLUDE","1","0","1","0","0","0","Q3 evidence tree file; previously unstaged because Git metadata staging was blocked."
"catalog/scale/g8_q3_batch_repair/CUMCM-2020-B-004/pages/0014.txt","INCLUDE","1","0","1","0","0","0","Q3 evidence tree file; previously unstaged because Git metadata staging was blocked."
"catalog/scale/g8_q3_batch_repair/CUMCM-2020-B-004/pages/0015.txt","INCLUDE","1","0","1","0","0","0","Q3 evidence tree file; previously unstaged because Git metadata staging was blocked."
"catalog/scale/g8_q3_batch_repair/CUMCM-2020-B-004/pages/0016.txt","INCLUDE","1","0","1","0","0","0","Q3 evidence tree file; previously unstaged because Git metadata staging was blocked."
"catalog/scale/g8_q3_batch_repair/CUMCM-2020-B-004/pages/0017.txt","INCLUDE","1","0","1","0","0","0","Q3 evidence tree file; previously unstaged because Git metadata staging was blocked."
"catalog/scale/g8_q3_batch_repair/CUMCM-2020-B-004/pages/0018.txt","INCLUDE","1","0","1","0","0","0","Q3 evidence tree file; previously unstaged because Git metadata staging was blocked."
"catalog/scale/g8_q3_batch_repair/CUMCM-2020-B-004/pages/0019.txt","INCLUDE","1","0","1","0","0","0","Q3 evidence tree file; previously unstaged because Git metadata staging was blocked."
"catalog/scale/g8_q3_batch_repair/CUMCM-2020-B-004/pages/0020.txt","INCLUDE","1","0","1","0","0","0","Q3 evidence tree file; previously unstaged because Git metadata staging was blocked."
"catalog/scale/g8_q3_batch_repair/CUMCM-2020-B-004/pages/0021.txt","INCLUDE","1","0","1","0","0","0","Q3 evidence tree file; previously unstaged because Git metadata staging was blocked."
"catalog/scale/g8_q3_batch_repair/CUMCM-2020-B-004/pages/0022.txt","INCLUDE","1","0","1","0","0","0","Q3 evidence tree file; previously unstaged because Git metadata staging was blocked."
"catalog/scale/g8_q3_batch_repair/CUMCM-2020-B-004/pages/0023.txt","INCLUDE","1","0","1","0","0","0","Q3 evidence tree file; previously unstaged because Git metadata staging was blocked."
"catalog/scale/g8_q3_batch_repair/CUMCM-2020-B-004/pages/0024.txt","INCLUDE","1","0","1","0","0","0","Q3 evidence tree file; previously unstaged because Git metadata staging was blocked."
"catalog/scale/g8_q3_batch_repair/CUMCM-2020-B-004/pages/0025.txt","INCLUDE","1","0","1","0","0","0","Q3 evidence tree file; previously unstaged because Git metadata staging was blocked."
"catalog/scale/g8_q3_batch_repair/CUMCM-2020-B-004/pages/0026.txt","INCLUDE","1","0","1","0","0","0","Q3 evidence tree file; previously unstaged because Git metadata staging was blocked."
"catalog/scale/g8_q3_batch_repair/CUMCM-2020-B-004/pages/0027.txt","INCLUDE","1","0","1","0","0","0","Q3 evidence tree file; previously unstaged because Git metadata staging was blocked."
"catalog/scale/g8_q3_batch_repair/CUMCM-2020-B-004/pages/0028.txt","INCLUDE","1","0","1","0","0","0","Q3 evidence tree file; previously unstaged because Git metadata staging was blocked."
"catalog/scale/g8_q3_batch_repair/CUMCM-2020-B-004/pages/0029.txt","INCLUDE","1","0","1","0","0","0","Q3 evidence tree file; previously unstaged because Git metadata staging was blocked."
"catalog/scale/g8_q3_batch_repair/CUMCM-2020-B-004/pages/0030.txt","INCLUDE","1","0","1","0","0","0","Q3 evidence tree file; previously unstaged because Git metadata staging was blocked."
"catalog/scale/g8_q3_batch_repair/CUMCM-2020-B-004/pages/0031.txt","INCLUDE","1","0","1","0","0","0","Q3 evidence tree file; previously unstaged because Git metadata staging was blocked."
"catalog/scale/g8_q3_batch_repair/CUMCM-2020-B-004/pages/0032.txt","INCLUDE","1","0","1","0","0","0","Q3 evidence tree file; previously unstaged because Git metadata staging was blocked."
"catalog/scale/g8_q3_batch_repair/CUMCM-2020-B-004/pages/0033.txt","INCLUDE","1","0","1","0","0","0","Q3 evidence tree file; previously unstaged because Git metadata staging was blocked."
"catalog/scale/g8_q3_batch_repair/CUMCM-2020-B-004/pages/0034.txt","INCLUDE","1","0","1","0","0","0","Q3 evidence tree file; previously unstaged because Git metadata staging was blocked."
"catalog/scale/g8_q3_batch_repair/CUMCM-2020-B-004/provenance.json","INCLUDE","1","0","1","0","0","0","Q3 evidence tree file; previously unstaged because Git metadata staging was blocked."
"catalog/scale/g8_q3_batch_repair/CUMCM-2020-B-004/quality.json","INCLUDE","1","0","1","0","0","0","Q3 evidence tree file; previously unstaged because Git metadata staging was blocked."
"catalog/scale/g8_q3_batch_repair/CUMCM-2020-B-005/manifest.json","INCLUDE","1","0","1","0","0","0","Q3 evidence tree file; previously unstaged because Git metadata staging was blocked."
"catalog/scale/g8_q3_batch_repair/CUMCM-2020-B-005/normalized_body.txt","INCLUDE","1","0","1","0","0","0","Q3 evidence tree file; previously unstaged because Git metadata staging was blocked."
"catalog/scale/g8_q3_batch_repair/CUMCM-2020-B-005/pages/0001.txt","INCLUDE","1","0","1","0","0","0","Q3 evidence tree file; previously unstaged because Git metadata staging was blocked."
"catalog/scale/g8_q3_batch_repair/CUMCM-2020-B-005/pages/0002.txt","INCLUDE","1","0","1","0","0","0","Q3 evidence tree file; previously unstaged because Git metadata staging was blocked."
"catalog/scale/g8_q3_batch_repair/CUMCM-2020-B-005/pages/0003.txt","INCLUDE","1","0","1","0","0","0","Q3 evidence tree file; previously unstaged because Git metadata staging was blocked."
"catalog/scale/g8_q3_batch_repair/CUMCM-2020-B-005/pages/0004.txt","INCLUDE","1","0","1","0","0","0","Q3 evidence tree file; previously unstaged because Git metadata staging was blocked."
"catalog/scale/g8_q3_batch_repair/CUMCM-2020-B-005/pages/0005.txt","INCLUDE","1","0","1","0","0","0","Q3 evidence tree file; previously unstaged because Git metadata staging was blocked."
"catalog/scale/g8_q3_batch_repair/CUMCM-2020-B-005/pages/0006.txt","INCLUDE","1","0","1","0","0","0","Q3 evidence tree file; previously unstaged because Git metadata staging was blocked."
"catalog/scale/g8_q3_batch_repair/CUMCM-2020-B-005/pages/0007.txt","INCLUDE","1","0","1","0","0","0","Q3 evidence tree file; previously unstaged because Git metadata staging was blocked."
"catalog/scale/g8_q3_batch_repair/CUMCM-2020-B-005/pages/0008.txt","INCLUDE","1","0","1","0","0","0","Q3 evidence tree file; previously unstaged because Git metadata staging was blocked."
"catalog/scale/g8_q3_batch_repair/CUMCM-2020-B-005/pages/0009.txt","INCLUDE","1","0","1","0","0","0","Q3 evidence tree file; previously unstaged because Git metadata staging was blocked."
"catalog/scale/g8_q3_batch_repair/CUMCM-2020-B-005/pages/0010.txt","INCLUDE","1","0","1","0","0","0","Q3 evidence tree file; previously unstaged because Git metadata staging was blocked."
"catalog/scale/g8_q3_batch_repair/CUMCM-2020-B-005/pages/0011.txt","INCLUDE","1","0","1","0","0","0","Q3 evidence tree file; previously unstaged because Git metadata staging was blocked."
"catalog/scale/g8_q3_batch_repair/CUMCM-2020-B-005/pages/0012.txt","INCLUDE","1","0","1","0","0","0","Q3 evidence tree file; previously unstaged because Git metadata staging was blocked."
"catalog/scale/g8_q3_batch_repair/CUMCM-2020-B-005/pages/0013.txt","INCLUDE","1","0","1","0","0","0","Q3 evidence tree file; previously unstaged because Git metadata staging was blocked."
"catalog/scale/g8_q3_batch_repair/CUMCM-2020-B-005/pages/0014.txt","INCLUDE","1","0","1","0","0","0","Q3 evidence tree file; previously unstaged because Git metadata staging was blocked."
"catalog/scale/g8_q3_batch_repair/CUMCM-2020-B-005/pages/0015.txt","INCLUDE","1","0","1","0","0","0","Q3 evidence tree file; previously unstaged because Git metadata staging was blocked."
"catalog/scale/g8_q3_batch_repair/CUMCM-2020-B-005/pages/0016.txt","INCLUDE","1","0","1","0","0","0","Q3 evidence tree file; previously unstaged because Git metadata staging was blocked."
"catalog/scale/g8_q3_batch_repair/CUMCM-2020-B-005/pages/0017.txt","INCLUDE","1","0","1","0","0","0","Q3 evidence tree file; previously unstaged because Git metadata staging was blocked."
"catalog/scale/g8_q3_batch_repair/CUMCM-2020-B-005/pages/0018.txt","INCLUDE","1","0","1","0","0","0","Q3 evidence tree file; previously unstaged because Git metadata staging was blocked."
"catalog/scale/g8_q3_batch_repair/CUMCM-2020-B-005/pages/0019.txt","INCLUDE","1","0","1","0","0","0","Q3 evidence tree file; previously unstaged because Git metadata staging was blocked."
"catalog/scale/g8_q3_batch_repair/CUMCM-2020-B-005/pages/0020.txt","INCLUDE","1","0","1","0","0","0","Q3 evidence tree file; previously unstaged because Git metadata staging was blocked."
"catalog/scale/g8_q3_batch_repair/CUMCM-2020-B-005/pages/0021.txt","INCLUDE","1","0","1","0","0","0","Q3 evidence tree file; previously unstaged because Git metadata staging was blocked."
"catalog/scale/g8_q3_batch_repair/CUMCM-2020-B-005/pages/0022.txt","INCLUDE","1","0","1","0","0","0","Q3 evidence tree file; previously unstaged because Git metadata staging was blocked."
"catalog/scale/g8_q3_batch_repair/CUMCM-2020-B-005/pages/0023.txt","INCLUDE","1","0","1","0","0","0","Q3 evidence tree file; previously unstaged because Git metadata staging was blocked."
"catalog/scale/g8_q3_batch_repair/CUMCM-2020-B-005/pages/0024.txt","INCLUDE","1","0","1","0","0","0","Q3 evidence tree file; previously unstaged because Git metadata staging was blocked."
"catalog/scale/g8_q3_batch_repair/CUMCM-2020-B-005/pages/0025.txt","INCLUDE","1","0","1","0","0","0","Q3 evidence tree file; previously unstaged because Git metadata staging was blocked."
"catalog/scale/g8_q3_batch_repair/CUMCM-2020-B-005/pages/0026.txt","INCLUDE","1","0","1","0","0","0","Q3 evidence tree file; previously unstaged because Git metadata staging was blocked."
"catalog/scale/g8_q3_batch_repair/CUMCM-2020-B-005/pages/0027.txt","INCLUDE","1","0","1","0","0","0","Q3 evidence tree file; previously unstaged because Git metadata staging was blocked."
"catalog/scale/g8_q3_batch_repair/CUMCM-2020-B-005/pages/0028.txt","INCLUDE","1","0","1","0","0","0","Q3 evidence tree file; previously unstaged because Git metadata staging was blocked."
"catalog/scale/g8_q3_batch_repair/CUMCM-2020-B-005/pages/0029.txt","INCLUDE","1","0","1","0","0","0","Q3 evidence tree file; previously unstaged because Git metadata staging was blocked."
"catalog/scale/g8_q3_batch_repair/CUMCM-2020-B-005/pages/0030.txt","INCLUDE","1","0","1","0","0","0","Q3 evidence tree file; previously unstaged because Git metadata staging was blocked."
"catalog/scale/g8_q3_batch_repair/CUMCM-2020-B-005/pages/0031.txt","INCLUDE","1","0","1","0","0","0","Q3 evidence tree file; previously unstaged because Git metadata staging was blocked."
"catalog/scale/g8_q3_batch_repair/CUMCM-2020-B-005/pages/0032.txt","INCLUDE","1","0","1","0","0","0","Q3 evidence tree file; previously unstaged because Git metadata staging was blocked."
"catalog/scale/g8_q3_batch_repair/CUMCM-2020-B-005/pages/0033.txt","INCLUDE","1","0","1","0","0","0","Q3 evidence tree file; previously unstaged because Git metadata staging was blocked."
"catalog/scale/g8_q3_batch_repair/CUMCM-2020-B-005/pages/0034.txt","INCLUDE","1","0","1","0","0","0","Q3 evidence tree file; previously unstaged because Git metadata staging was blocked."
"catalog/scale/g8_q3_batch_repair/CUMCM-2020-B-005/pages/0035.txt","INCLUDE","1","0","1","0","0","0","Q3 evidence tree file; previously unstaged because Git metadata staging was blocked."
"catalog/scale/g8_q3_batch_repair/CUMCM-2020-B-005/pages/0036.txt","INCLUDE","1","0","1","0","0","0","Q3 evidence tree file; previously unstaged because Git metadata staging was blocked."
"catalog/scale/g8_q3_batch_repair/CUMCM-2020-B-005/pages/0037.txt","INCLUDE","1","0","1","0","0","0","Q3 evidence tree file; previously unstaged because Git metadata staging was blocked."
"catalog/scale/g8_q3_batch_repair/CUMCM-2020-B-005/pages/0038.txt","INCLUDE","1","0","1","0","0","0","Q3 evidence tree file; previously unstaged because Git metadata staging was blocked."
"catalog/scale/g8_q3_batch_repair/CUMCM-2020-B-005/pages/0039.txt","INCLUDE","1","0","1","0","0","0","Q3 evidence tree file; previously unstaged because Git metadata staging was blocked."
"catalog/scale/g8_q3_batch_repair/CUMCM-2020-B-005/pages/0040.txt","INCLUDE","1","0","1","0","0","0","Q3 evidence tree file; previously unstaged because Git metadata staging was blocked."
"catalog/scale/g8_q3_batch_repair/CUMCM-2020-B-005/pages/0041.txt","INCLUDE","1","0","1","0","0","0","Q3 evidence tree file; previously unstaged because Git metadata staging was blocked."
"catalog/scale/g8_q3_batch_repair/CUMCM-2020-B-005/pages/0042.txt","INCLUDE","1","0","1","0","0","0","Q3 evidence tree file; previously unstaged because Git metadata staging was blocked."
"catalog/scale/g8_q3_batch_repair/CUMCM-2020-B-005/pages/0043.txt","INCLUDE","1","0","1","0","0","0","Q3 evidence tree file; previously unstaged because Git metadata staging was blocked."
"catalog/scale/g8_q3_batch_repair/CUMCM-2020-B-005/pages/0044.txt","INCLUDE","1","0","1","0","0","0","Q3 evidence tree file; previously unstaged because Git metadata staging was blocked."
"catalog/scale/g8_q3_batch_repair/CUMCM-2020-B-005/pages/0045.txt","INCLUDE","1","0","1","0","0","0","Q3 evidence tree file; previously unstaged because Git metadata staging was blocked."
"catalog/scale/g8_q3_batch_repair/CUMCM-2020-B-005/pages/0046.txt","INCLUDE","1","0","1","0","0","0","Q3 evidence tree file; previously unstaged because Git metadata staging was blocked."
"catalog/scale/g8_q3_batch_repair/CUMCM-2020-B-005/pages/0047.txt","INCLUDE","1","0","1","0","0","0","Q3 evidence tree file; previously unstaged because Git metadata staging was blocked."
"catalog/scale/g8_q3_batch_repair/CUMCM-2020-B-005/pages/0048.txt","INCLUDE","1","0","1","0","0","0","Q3 evidence tree file; previously unstaged because Git metadata staging was blocked."
"catalog/scale/g8_q3_batch_repair/CUMCM-2020-B-005/pages/0049.txt","INCLUDE","1","0","1","0","0","0","Q3 evidence tree file; previously unstaged because Git metadata staging was blocked."
"catalog/scale/g8_q3_batch_repair/CUMCM-2020-B-005/pages/0050.txt","INCLUDE","1","0","1","0","0","0","Q3 evidence tree file; previously unstaged because Git metadata staging was blocked."
"catalog/scale/g8_q3_batch_repair/CUMCM-2020-B-005/provenance.json","INCLUDE","1","0","1","0","0","0","Q3 evidence tree file; previously unstaged because Git metadata staging was blocked."
"catalog/scale/g8_q3_batch_repair/CUMCM-2020-B-005/quality.json","INCLUDE","1","0","1","0","0","0","Q3 evidence tree file; previously unstaged because Git metadata staging was blocked."
"catalog/scale/g8_q3_batch_repair/CUMCM-2020-C-001/manifest.json","INCLUDE","1","0","1","0","0","0","Q3 evidence tree file; previously unstaged because Git metadata staging was blocked."
"catalog/scale/g8_q3_batch_repair/CUMCM-2020-C-001/normalized_body.txt","INCLUDE","1","0","1","0","0","0","Q3 evidence tree file; previously unstaged because Git metadata staging was blocked."
"catalog/scale/g8_q3_batch_repair/CUMCM-2020-C-001/pages/0001.txt","INCLUDE","1","0","1","0","0","0","Q3 evidence tree file; previously unstaged because Git metadata staging was blocked."
"catalog/scale/g8_q3_batch_repair/CUMCM-2020-C-001/pages/0002.txt","INCLUDE","1","0","1","0","0","0","Q3 evidence tree file; previously unstaged because Git metadata staging was blocked."
"catalog/scale/g8_q3_batch_repair/CUMCM-2020-C-001/pages/0003.txt","INCLUDE","1","0","1","0","0","0","Q3 evidence tree file; previously unstaged because Git metadata staging was blocked."
"catalog/scale/g8_q3_batch_repair/CUMCM-2020-C-001/pages/0004.txt","INCLUDE","1","0","1","0","0","0","Q3 evidence tree file; previously unstaged because Git metadata staging was blocked."
"catalog/scale/g8_q3_batch_repair/CUMCM-2020-C-001/pages/0005.txt","INCLUDE","1","0","1","0","0","0","Q3 evidence tree file; previously unstaged because Git metadata staging was blocked."
"catalog/scale/g8_q3_batch_repair/CUMCM-2020-C-001/pages/0006.txt","INCLUDE","1","0","1","0","0","0","Q3 evidence tree file; previously unstaged because Git metadata staging was blocked."
"catalog/scale/g8_q3_batch_repair/CUMCM-2020-C-001/pages/0007.txt","INCLUDE","1","0","1","0","0","0","Q3 evidence tree file; previously unstaged because Git metadata staging was blocked."
"catalog/scale/g8_q3_batch_repair/CUMCM-2020-C-001/pages/0008.txt","INCLUDE","1","0","1","0","0","0","Q3 evidence tree file; previously unstaged because Git metadata staging was blocked."
"catalog/scale/g8_q3_batch_repair/CUMCM-2020-C-001/pages/0009.txt","INCLUDE","1","0","1","0","0","0","Q3 evidence tree file; previously unstaged because Git metadata staging was blocked."
"catalog/scale/g8_q3_batch_repair/CUMCM-2020-C-001/pages/0010.txt","INCLUDE","1","0","1","0","0","0","Q3 evidence tree file; previously unstaged because Git metadata staging was blocked."
"catalog/scale/g8_q3_batch_repair/CUMCM-2020-C-001/pages/0011.txt","INCLUDE","1","0","1","0","0","0","Q3 evidence tree file; previously unstaged because Git metadata staging was blocked."
"catalog/scale/g8_q3_batch_repair/CUMCM-2020-C-001/pages/0012.txt","INCLUDE","1","0","1","0","0","0","Q3 evidence tree file; previously unstaged because Git metadata staging was blocked."
"catalog/scale/g8_q3_batch_repair/CUMCM-2020-C-001/pages/0013.txt","INCLUDE","1","0","1","0","0","0","Q3 evidence tree file; previously unstaged because Git metadata staging was blocked."
"catalog/scale/g8_q3_batch_repair/CUMCM-2020-C-001/pages/0014.txt","INCLUDE","1","0","1","0","0","0","Q3 evidence tree file; previously unstaged because Git metadata staging was blocked."
"catalog/scale/g8_q3_batch_repair/CUMCM-2020-C-001/pages/0015.txt","INCLUDE","1","0","1","0","0","0","Q3 evidence tree file; previously unstaged because Git metadata staging was blocked."
"catalog/scale/g8_q3_batch_repair/CUMCM-2020-C-001/pages/0016.txt","INCLUDE","1","0","1","0","0","0","Q3 evidence tree file; previously unstaged because Git metadata staging was blocked."
"catalog/scale/g8_q3_batch_repair/CUMCM-2020-C-001/pages/0017.txt","INCLUDE","1","0","1","0","0","0","Q3 evidence tree file; previously unstaged because Git metadata staging was blocked."
"catalog/scale/g8_q3_batch_repair/CUMCM-2020-C-001/pages/0018.txt","INCLUDE","1","0","1","0","0","0","Q3 evidence tree file; previously unstaged because Git metadata staging was blocked."
"catalog/scale/g8_q3_batch_repair/CUMCM-2020-C-001/pages/0019.txt","INCLUDE","1","0","1","0","0","0","Q3 evidence tree file; previously unstaged because Git metadata staging was blocked."
"catalog/scale/g8_q3_batch_repair/CUMCM-2020-C-001/pages/0020.txt","INCLUDE","1","0","1","0","0","0","Q3 evidence tree file; previously unstaged because Git metadata staging was blocked."
"catalog/scale/g8_q3_batch_repair/CUMCM-2020-C-001/pages/0021.txt","INCLUDE","1","0","1","0","0","0","Q3 evidence tree file; previously unstaged because Git metadata staging was blocked."
"catalog/scale/g8_q3_batch_repair/CUMCM-2020-C-001/pages/0022.txt","INCLUDE","1","0","1","0","0","0","Q3 evidence tree file; previously unstaged because Git metadata staging was blocked."
"catalog/scale/g8_q3_batch_repair/CUMCM-2020-C-001/pages/0023.txt","INCLUDE","1","0","1","0","0","0","Q3 evidence tree file; previously unstaged because Git metadata staging was blocked."
"catalog/scale/g8_q3_batch_repair/CUMCM-2020-C-001/pages/0024.txt","INCLUDE","1","0","1","0","0","0","Q3 evidence tree file; previously unstaged because Git metadata staging was blocked."
"catalog/scale/g8_q3_batch_repair/CUMCM-2020-C-001/pages/0025.txt","INCLUDE","1","0","1","0","0","0","Q3 evidence tree file; previously unstaged because Git metadata staging was blocked."
"catalog/scale/g8_q3_batch_repair/CUMCM-2020-C-001/pages/0026.txt","INCLUDE","1","0","1","0","0","0","Q3 evidence tree file; previously unstaged because Git metadata staging was blocked."
"catalog/scale/g8_q3_batch_repair/CUMCM-2020-C-001/pages/0027.txt","INCLUDE","1","0","1","0","0","0","Q3 evidence tree file; previously unstaged because Git metadata staging was blocked."
"catalog/scale/g8_q3_batch_repair/CUMCM-2020-C-001/pages/0028.txt","INCLUDE","1","0","1","0","0","0","Q3 evidence tree file; previously unstaged because Git metadata staging was blocked."
"catalog/scale/g8_q3_batch_repair/CUMCM-2020-C-001/pages/0029.txt","INCLUDE","1","0","1","0","0","0","Q3 evidence tree file; previously unstaged because Git metadata staging was blocked."
"catalog/scale/g8_q3_batch_repair/CUMCM-2020-C-001/pages/0030.txt","INCLUDE","1","0","1","0","0","0","Q3 evidence tree file; previously unstaged because Git metadata staging was blocked."
"catalog/scale/g8_q3_batch_repair/CUMCM-2020-C-001/pages/0031.txt","INCLUDE","1","0","1","0","0","0","Q3 evidence tree file; previously unstaged because Git metadata staging was blocked."
"catalog/scale/g8_q3_batch_repair/CUMCM-2020-C-001/pages/0032.txt","INCLUDE","1","0","1","0","0","0","Q3 evidence tree file; previously unstaged because Git metadata staging was blocked."
"catalog/scale/g8_q3_batch_repair/CUMCM-2020-C-001/pages/0033.txt","INCLUDE","1","0","1","0","0","0","Q3 evidence tree file; previously unstaged because Git metadata staging was blocked."
"catalog/scale/g8_q3_batch_repair/CUMCM-2020-C-001/pages/0034.txt","INCLUDE","1","0","1","0","0","0","Q3 evidence tree file; previously unstaged because Git metadata staging was blocked."
"catalog/scale/g8_q3_batch_repair/CUMCM-2020-C-001/pages/0035.txt","INCLUDE","1","0","1","0","0","0","Q3 evidence tree file; previously unstaged because Git metadata staging was blocked."
"catalog/scale/g8_q3_batch_repair/CUMCM-2020-C-001/provenance.json","INCLUDE","1","0","1","0","0","0","Q3 evidence tree file; previously unstaged because Git metadata staging was blocked."
"catalog/scale/g8_q3_batch_repair/CUMCM-2020-C-001/quality.json","INCLUDE","1","0","1","0","0","0","Q3 evidence tree file; previously unstaged because Git metadata staging was blocked."
"catalog/scale/g8_q3_batch_repair/CUMCM-2020-C-002/manifest.json","INCLUDE","1","0","1","0","0","0","Q3 evidence tree file; previously unstaged because Git metadata staging was blocked."
"catalog/scale/g8_q3_batch_repair/CUMCM-2020-C-002/normalized_body.txt","INCLUDE","1","0","1","0","0","0","Q3 evidence tree file; previously unstaged because Git metadata staging was blocked."
"catalog/scale/g8_q3_batch_repair/CUMCM-2020-C-002/pages/0001.txt","INCLUDE","1","0","1","0","0","0","Q3 evidence tree file; previously unstaged because Git metadata staging was blocked."
"catalog/scale/g8_q3_batch_repair/CUMCM-2020-C-002/pages/0002.txt","INCLUDE","1","0","1","0","0","0","Q3 evidence tree file; previously unstaged because Git metadata staging was blocked."
"catalog/scale/g8_q3_batch_repair/CUMCM-2020-C-002/pages/0003.txt","INCLUDE","1","0","1","0","0","0","Q3 evidence tree file; previously unstaged because Git metadata staging was blocked."
"catalog/scale/g8_q3_batch_repair/CUMCM-2020-C-002/pages/0004.txt","INCLUDE","1","0","1","0","0","0","Q3 evidence tree file; previously unstaged because Git metadata staging was blocked."
"catalog/scale/g8_q3_batch_repair/CUMCM-2020-C-002/pages/0005.txt","INCLUDE","1","0","1","0","0","0","Q3 evidence tree file; previously unstaged because Git metadata staging was blocked."
"catalog/scale/g8_q3_batch_repair/CUMCM-2020-C-002/pages/0006.txt","INCLUDE","1","0","1","0","0","0","Q3 evidence tree file; previously unstaged because Git metadata staging was blocked."
"catalog/scale/g8_q3_batch_repair/CUMCM-2020-C-002/pages/0007.txt","INCLUDE","1","0","1","0","0","0","Q3 evidence tree file; previously unstaged because Git metadata staging was blocked."
"catalog/scale/g8_q3_batch_repair/CUMCM-2020-C-002/pages/0008.txt","INCLUDE","1","0","1","0","0","0","Q3 evidence tree file; previously unstaged because Git metadata staging was blocked."
"catalog/scale/g8_q3_batch_repair/CUMCM-2020-C-002/pages/0009.txt","INCLUDE","1","0","1","0","0","0","Q3 evidence tree file; previously unstaged because Git metadata staging was blocked."
"catalog/scale/g8_q3_batch_repair/CUMCM-2020-C-002/pages/0010.txt","INCLUDE","1","0","1","0","0","0","Q3 evidence tree file; previously unstaged because Git metadata staging was blocked."
"catalog/scale/g8_q3_batch_repair/CUMCM-2020-C-002/pages/0011.txt","INCLUDE","1","0","1","0","0","0","Q3 evidence tree file; previously unstaged because Git metadata staging was blocked."
"catalog/scale/g8_q3_batch_repair/CUMCM-2020-C-002/pages/0012.txt","INCLUDE","1","0","1","0","0","0","Q3 evidence tree file; previously unstaged because Git metadata staging was blocked."
"catalog/scale/g8_q3_batch_repair/CUMCM-2020-C-002/pages/0013.txt","INCLUDE","1","0","1","0","0","0","Q3 evidence tree file; previously unstaged because Git metadata staging was blocked."
"catalog/scale/g8_q3_batch_repair/CUMCM-2020-C-002/pages/0014.txt","INCLUDE","1","0","1","0","0","0","Q3 evidence tree file; previously unstaged because Git metadata staging was blocked."
"catalog/scale/g8_q3_batch_repair/CUMCM-2020-C-002/pages/0015.txt","INCLUDE","1","0","1","0","0","0","Q3 evidence tree file; previously unstaged because Git metadata staging was blocked."
"catalog/scale/g8_q3_batch_repair/CUMCM-2020-C-002/pages/0016.txt","INCLUDE","1","0","1","0","0","0","Q3 evidence tree file; previously unstaged because Git metadata staging was blocked."
"catalog/scale/g8_q3_batch_repair/CUMCM-2020-C-002/pages/0017.txt","INCLUDE","1","0","1","0","0","0","Q3 evidence tree file; previously unstaged because Git metadata staging was blocked."
"catalog/scale/g8_q3_batch_repair/CUMCM-2020-C-002/pages/0018.txt","INCLUDE","1","0","1","0","0","0","Q3 evidence tree file; previously unstaged because Git metadata staging was blocked."
"catalog/scale/g8_q3_batch_repair/CUMCM-2020-C-002/pages/0019.txt","INCLUDE","1","0","1","0","0","0","Q3 evidence tree file; previously unstaged because Git metadata staging was blocked."
"catalog/scale/g8_q3_batch_repair/CUMCM-2020-C-002/pages/0020.txt","INCLUDE","1","0","1","0","0","0","Q3 evidence tree file; previously unstaged because Git metadata staging was blocked."
"catalog/scale/g8_q3_batch_repair/CUMCM-2020-C-002/pages/0021.txt","INCLUDE","1","0","1","0","0","0","Q3 evidence tree file; previously unstaged because Git metadata staging was blocked."
"catalog/scale/g8_q3_batch_repair/CUMCM-2020-C-002/pages/0022.txt","INCLUDE","1","0","1","0","0","0","Q3 evidence tree file; previously unstaged because Git metadata staging was blocked."
"catalog/scale/g8_q3_batch_repair/CUMCM-2020-C-002/pages/0023.txt","INCLUDE","1","0","1","0","0","0","Q3 evidence tree file; previously unstaged because Git metadata staging was blocked."
"catalog/scale/g8_q3_batch_repair/CUMCM-2020-C-002/pages/0024.txt","INCLUDE","1","0","1","0","0","0","Q3 evidence tree file; previously unstaged because Git metadata staging was blocked."
"catalog/scale/g8_q3_batch_repair/CUMCM-2020-C-002/pages/0025.txt","INCLUDE","1","0","1","0","0","0","Q3 evidence tree file; previously unstaged because Git metadata staging was blocked."
"catalog/scale/g8_q3_batch_repair/CUMCM-2020-C-002/pages/0026.txt","INCLUDE","1","0","1","0","0","0","Q3 evidence tree file; previously unstaged because Git metadata staging was blocked."
"catalog/scale/g8_q3_batch_repair/CUMCM-2020-C-002/pages/0027.txt","INCLUDE","1","0","1","0","0","0","Q3 evidence tree file; previously unstaged because Git metadata staging was blocked."
"catalog/scale/g8_q3_batch_repair/CUMCM-2020-C-002/pages/0028.txt","INCLUDE","1","0","1","0","0","0","Q3 evidence tree file; previously unstaged because Git metadata staging was blocked."
"catalog/scale/g8_q3_batch_repair/CUMCM-2020-C-002/pages/0029.txt","INCLUDE","1","0","1","0","0","0","Q3 evidence tree file; previously unstaged because Git metadata staging was blocked."
"catalog/scale/g8_q3_batch_repair/CUMCM-2020-C-002/pages/0030.txt","INCLUDE","1","0","1","0","0","0","Q3 evidence tree file; previously unstaged because Git metadata staging was blocked."
"catalog/scale/g8_q3_batch_repair/CUMCM-2020-C-002/pages/0031.txt","INCLUDE","1","0","1","0","0","0","Q3 evidence tree file; previously unstaged because Git metadata staging was blocked."
"catalog/scale/g8_q3_batch_repair/CUMCM-2020-C-002/pages/0032.txt","INCLUDE","1","0","1","0","0","0","Q3 evidence tree file; previously unstaged because Git metadata staging was blocked."
"catalog/scale/g8_q3_batch_repair/CUMCM-2020-C-002/pages/0033.txt","INCLUDE","1","0","1","0","0","0","Q3 evidence tree file; previously unstaged because Git metadata staging was blocked."
"catalog/scale/g8_q3_batch_repair/CUMCM-2020-C-002/pages/0034.txt","INCLUDE","1","0","1","0","0","0","Q3 evidence tree file; previously unstaged because Git metadata staging was blocked."
"catalog/scale/g8_q3_batch_repair/CUMCM-2020-C-002/pages/0035.txt","INCLUDE","1","0","1","0","0","0","Q3 evidence tree file; previously unstaged because Git metadata staging was blocked."
"catalog/scale/g8_q3_batch_repair/CUMCM-2020-C-002/pages/0036.txt","INCLUDE","1","0","1","0","0","0","Q3 evidence tree file; previously unstaged because Git metadata staging was blocked."
"catalog/scale/g8_q3_batch_repair/CUMCM-2020-C-002/pages/0037.txt","INCLUDE","1","0","1","0","0","0","Q3 evidence tree file; previously unstaged because Git metadata staging was blocked."
"catalog/scale/g8_q3_batch_repair/CUMCM-2020-C-002/pages/0038.txt","INCLUDE","1","0","1","0","0","0","Q3 evidence tree file; previously unstaged because Git metadata staging was blocked."
"catalog/scale/g8_q3_batch_repair/CUMCM-2020-C-002/pages/0039.txt","INCLUDE","1","0","1","0","0","0","Q3 evidence tree file; previously unstaged because Git metadata staging was blocked."
"catalog/scale/g8_q3_batch_repair/CUMCM-2020-C-002/pages/0040.txt","INCLUDE","1","0","1","0","0","0","Q3 evidence tree file; previously unstaged because Git metadata staging was blocked."
"catalog/scale/g8_q3_batch_repair/CUMCM-2020-C-002/pages/0041.txt","INCLUDE","1","0","1","0","0","0","Q3 evidence tree file; previously unstaged because Git metadata staging was blocked."
"catalog/scale/g8_q3_batch_repair/CUMCM-2020-C-002/pages/0042.txt","INCLUDE","1","0","1","0","0","0","Q3 evidence tree file; previously unstaged because Git metadata staging was blocked."
"catalog/scale/g8_q3_batch_repair/CUMCM-2020-C-002/pages/0043.txt","INCLUDE","1","0","1","0","0","0","Q3 evidence tree file; previously unstaged because Git metadata staging was blocked."
"catalog/scale/g8_q3_batch_repair/CUMCM-2020-C-002/pages/0044.txt","INCLUDE","1","0","1","0","0","0","Q3 evidence tree file; previously unstaged because Git metadata staging was blocked."
"catalog/scale/g8_q3_batch_repair/CUMCM-2020-C-002/pages/0045.txt","INCLUDE","1","0","1","0","0","0","Q3 evidence tree file; previously unstaged because Git metadata staging was blocked."
"catalog/scale/g8_q3_batch_repair/CUMCM-2020-C-002/provenance.json","INCLUDE","1","0","1","0","0","0","Q3 evidence tree file; previously unstaged because Git metadata staging was blocked."
"catalog/scale/g8_q3_batch_repair/CUMCM-2020-C-002/quality.json","INCLUDE","1","0","1","0","0","0","Q3 evidence tree file; previously unstaged because Git metadata staging was blocked."
"catalog/scale/g8_q3_batch_repair/CUMCM-2020-C-003/manifest.json","INCLUDE","1","0","1","0","0","0","Q3 evidence tree file; previously unstaged because Git metadata staging was blocked."
"catalog/scale/g8_q3_batch_repair/CUMCM-2020-C-003/normalized_body.txt","INCLUDE","1","0","1","0","0","0","Q3 evidence tree file; previously unstaged because Git metadata staging was blocked."
"catalog/scale/g8_q3_batch_repair/CUMCM-2020-C-003/pages/0001.txt","INCLUDE","1","0","1","0","0","0","Q3 evidence tree file; previously unstaged because Git metadata staging was blocked."
"catalog/scale/g8_q3_batch_repair/CUMCM-2020-C-003/pages/0002.txt","INCLUDE","1","0","1","0","0","0","Q3 evidence tree file; previously unstaged because Git metadata staging was blocked."
"catalog/scale/g8_q3_batch_repair/CUMCM-2020-C-003/pages/0003.txt","INCLUDE","1","0","1","0","0","0","Q3 evidence tree file; previously unstaged because Git metadata staging was blocked."
"catalog/scale/g8_q3_batch_repair/CUMCM-2020-C-003/pages/0004.txt","INCLUDE","1","0","1","0","0","0","Q3 evidence tree file; previously unstaged because Git metadata staging was blocked."
"catalog/scale/g8_q3_batch_repair/CUMCM-2020-C-003/pages/0005.txt","INCLUDE","1","0","1","0","0","0","Q3 evidence tree file; previously unstaged because Git metadata staging was blocked."
"catalog/scale/g8_q3_batch_repair/CUMCM-2020-C-003/pages/0006.txt","INCLUDE","1","0","1","0","0","0","Q3 evidence tree file; previously unstaged because Git metadata staging was blocked."
"catalog/scale/g8_q3_batch_repair/CUMCM-2020-C-003/pages/0007.txt","INCLUDE","1","0","1","0","0","0","Q3 evidence tree file; previously unstaged because Git metadata staging was blocked."
"catalog/scale/g8_q3_batch_repair/CUMCM-2020-C-003/pages/0008.txt","INCLUDE","1","0","1","0","0","0","Q3 evidence tree file; previously unstaged because Git metadata staging was blocked."
"catalog/scale/g8_q3_batch_repair/CUMCM-2020-C-003/pages/0009.txt","INCLUDE","1","0","1","0","0","0","Q3 evidence tree file; previously unstaged because Git metadata staging was blocked."
"catalog/scale/g8_q3_batch_repair/CUMCM-2020-C-003/pages/0010.txt","INCLUDE","1","0","1","0","0","0","Q3 evidence tree file; previously unstaged because Git metadata staging was blocked."
"catalog/scale/g8_q3_batch_repair/CUMCM-2020-C-003/pages/0011.txt","INCLUDE","1","0","1","0","0","0","Q3 evidence tree file; previously unstaged because Git metadata staging was blocked."
"catalog/scale/g8_q3_batch_repair/CUMCM-2020-C-003/pages/0012.txt","INCLUDE","1","0","1","0","0","0","Q3 evidence tree file; previously unstaged because Git metadata staging was blocked."
"catalog/scale/g8_q3_batch_repair/CUMCM-2020-C-003/pages/0013.txt","INCLUDE","1","0","1","0","0","0","Q3 evidence tree file; previously unstaged because Git metadata staging was blocked."
"catalog/scale/g8_q3_batch_repair/CUMCM-2020-C-003/pages/0014.txt","INCLUDE","1","0","1","0","0","0","Q3 evidence tree file; previously unstaged because Git metadata staging was blocked."
"catalog/scale/g8_q3_batch_repair/CUMCM-2020-C-003/pages/0015.txt","INCLUDE","1","0","1","0","0","0","Q3 evidence tree file; previously unstaged because Git metadata staging was blocked."
"catalog/scale/g8_q3_batch_repair/CUMCM-2020-C-003/pages/0016.txt","INCLUDE","1","0","1","0","0","0","Q3 evidence tree file; previously unstaged because Git metadata staging was blocked."
"catalog/scale/g8_q3_batch_repair/CUMCM-2020-C-003/pages/0017.txt","INCLUDE","1","0","1","0","0","0","Q3 evidence tree file; previously unstaged because Git metadata staging was blocked."
"catalog/scale/g8_q3_batch_repair/CUMCM-2020-C-003/pages/0018.txt","INCLUDE","1","0","1","0","0","0","Q3 evidence tree file; previously unstaged because Git metadata staging was blocked."
"catalog/scale/g8_q3_batch_repair/CUMCM-2020-C-003/pages/0019.txt","INCLUDE","1","0","1","0","0","0","Q3 evidence tree file; previously unstaged because Git metadata staging was blocked."
"catalog/scale/g8_q3_batch_repair/CUMCM-2020-C-003/pages/0020.txt","INCLUDE","1","0","1","0","0","0","Q3 evidence tree file; previously unstaged because Git metadata staging was blocked."
"catalog/scale/g8_q3_batch_repair/CUMCM-2020-C-003/pages/0021.txt","INCLUDE","1","0","1","0","0","0","Q3 evidence tree file; previously unstaged because Git metadata staging was blocked."
"catalog/scale/g8_q3_batch_repair/CUMCM-2020-C-003/pages/0022.txt","INCLUDE","1","0","1","0","0","0","Q3 evidence tree file; previously unstaged because Git metadata staging was blocked."
"catalog/scale/g8_q3_batch_repair/CUMCM-2020-C-003/pages/0023.txt","INCLUDE","1","0","1","0","0","0","Q3 evidence tree file; previously unstaged because Git metadata staging was blocked."
"catalog/scale/g8_q3_batch_repair/CUMCM-2020-C-003/pages/0024.txt","INCLUDE","1","0","1","0","0","0","Q3 evidence tree file; previously unstaged because Git metadata staging was blocked."
"catalog/scale/g8_q3_batch_repair/CUMCM-2020-C-003/pages/0025.txt","INCLUDE","1","0","1","0","0","0","Q3 evidence tree file; previously unstaged because Git metadata staging was blocked."
"catalog/scale/g8_q3_batch_repair/CUMCM-2020-C-003/pages/0026.txt","INCLUDE","1","0","1","0","0","0","Q3 evidence tree file; previously unstaged because Git metadata staging was blocked."
"catalog/scale/g8_q3_batch_repair/CUMCM-2020-C-003/pages/0027.txt","INCLUDE","1","0","1","0","0","0","Q3 evidence tree file; previously unstaged because Git metadata staging was blocked."
"catalog/scale/g8_q3_batch_repair/CUMCM-2020-C-003/pages/0028.txt","INCLUDE","1","0","1","0","0","0","Q3 evidence tree file; previously unstaged because Git metadata staging was blocked."
"catalog/scale/g8_q3_batch_repair/CUMCM-2020-C-003/pages/0029.txt","INCLUDE","1","0","1","0","0","0","Q3 evidence tree file; previously unstaged because Git metadata staging was blocked."
"catalog/scale/g8_q3_batch_repair/CUMCM-2020-C-003/pages/0030.txt","INCLUDE","1","0","1","0","0","0","Q3 evidence tree file; previously unstaged because Git metadata staging was blocked."
"catalog/scale/g8_q3_batch_repair/CUMCM-2020-C-003/pages/0031.txt","INCLUDE","1","0","1","0","0","0","Q3 evidence tree file; previously unstaged because Git metadata staging was blocked."
"catalog/scale/g8_q3_batch_repair/CUMCM-2020-C-003/pages/0032.txt","INCLUDE","1","0","1","0","0","0","Q3 evidence tree file; previously unstaged because Git metadata staging was blocked."
"catalog/scale/g8_q3_batch_repair/CUMCM-2020-C-003/pages/0033.txt","INCLUDE","1","0","1","0","0","0","Q3 evidence tree file; previously unstaged because Git metadata staging was blocked."
"catalog/scale/g8_q3_batch_repair/CUMCM-2020-C-003/pages/0034.txt","INCLUDE","1","0","1","0","0","0","Q3 evidence tree file; previously unstaged because Git metadata staging was blocked."
"catalog/scale/g8_q3_batch_repair/CUMCM-2020-C-003/pages/0035.txt","INCLUDE","1","0","1","0","0","0","Q3 evidence tree file; previously unstaged because Git metadata staging was blocked."
"catalog/scale/g8_q3_batch_repair/CUMCM-2020-C-003/pages/0036.txt","INCLUDE","1","0","1","0","0","0","Q3 evidence tree file; previously unstaged because Git metadata staging was blocked."
"catalog/scale/g8_q3_batch_repair/CUMCM-2020-C-003/pages/0037.txt","INCLUDE","1","0","1","0","0","0","Q3 evidence tree file; previously unstaged because Git metadata staging was blocked."
"catalog/scale/g8_q3_batch_repair/CUMCM-2020-C-003/pages/0038.txt","INCLUDE","1","0","1","0","0","0","Q3 evidence tree file; previously unstaged because Git metadata staging was blocked."
"catalog/scale/g8_q3_batch_repair/CUMCM-2020-C-003/pages/0039.txt","INCLUDE","1","0","1","0","0","0","Q3 evidence tree file; previously unstaged because Git metadata staging was blocked."
"catalog/scale/g8_q3_batch_repair/CUMCM-2020-C-003/pages/0040.txt","INCLUDE","1","0","1","0","0","0","Q3 evidence tree file; previously unstaged because Git metadata staging was blocked."
"catalog/scale/g8_q3_batch_repair/CUMCM-2020-C-003/provenance.json","INCLUDE","1","0","1","0","0","0","Q3 evidence tree file; previously unstaged because Git metadata staging was blocked."
"catalog/scale/g8_q3_batch_repair/CUMCM-2020-C-003/quality.json","INCLUDE","1","0","1","0","0","0","Q3 evidence tree file; previously unstaged because Git metadata staging was blocked."
"catalog/scale/g8_q3_batch_repair/CUMCM-2020-D-001/manifest.json","INCLUDE","1","0","1","0","0","0","Q3 evidence tree file; previously unstaged because Git metadata staging was blocked."
"catalog/scale/g8_q3_batch_repair/CUMCM-2020-D-001/normalized_body.txt","INCLUDE","1","0","1","0","0","0","Q3 evidence tree file; previously unstaged because Git metadata staging was blocked."
"catalog/scale/g8_q3_batch_repair/CUMCM-2020-D-001/pages/0001.txt","INCLUDE","1","0","1","0","0","0","Q3 evidence tree file; previously unstaged because Git metadata staging was blocked."
"catalog/scale/g8_q3_batch_repair/CUMCM-2020-D-001/pages/0002.txt","INCLUDE","1","0","1","0","0","0","Q3 evidence tree file; previously unstaged because Git metadata staging was blocked."
"catalog/scale/g8_q3_batch_repair/CUMCM-2020-D-001/pages/0003.txt","INCLUDE","1","0","1","0","0","0","Q3 evidence tree file; previously unstaged because Git metadata staging was blocked."
"catalog/scale/g8_q3_batch_repair/CUMCM-2020-D-001/pages/0004.txt","INCLUDE","1","0","1","0","0","0","Q3 evidence tree file; previously unstaged because Git metadata staging was blocked."
"catalog/scale/g8_q3_batch_repair/CUMCM-2020-D-001/pages/0005.txt","INCLUDE","1","0","1","0","0","0","Q3 evidence tree file; previously unstaged because Git metadata staging was blocked."
"catalog/scale/g8_q3_batch_repair/CUMCM-2020-D-001/pages/0006.txt","INCLUDE","1","0","1","0","0","0","Q3 evidence tree file; previously unstaged because Git metadata staging was blocked."
"catalog/scale/g8_q3_batch_repair/CUMCM-2020-D-001/pages/0007.txt","INCLUDE","1","0","1","0","0","0","Q3 evidence tree file; previously unstaged because Git metadata staging was blocked."
"catalog/scale/g8_q3_batch_repair/CUMCM-2020-D-001/pages/0008.txt","INCLUDE","1","0","1","0","0","0","Q3 evidence tree file; previously unstaged because Git metadata staging was blocked."
"catalog/scale/g8_q3_batch_repair/CUMCM-2020-D-001/pages/0009.txt","INCLUDE","1","0","1","0","0","0","Q3 evidence tree file; previously unstaged because Git metadata staging was blocked."
"catalog/scale/g8_q3_batch_repair/CUMCM-2020-D-001/pages/0010.txt","INCLUDE","1","0","1","0","0","0","Q3 evidence tree file; previously unstaged because Git metadata staging was blocked."
"catalog/scale/g8_q3_batch_repair/CUMCM-2020-D-001/pages/0011.txt","INCLUDE","1","0","1","0","0","0","Q3 evidence tree file; previously unstaged because Git metadata staging was blocked."
"catalog/scale/g8_q3_batch_repair/CUMCM-2020-D-001/pages/0012.txt","INCLUDE","1","0","1","0","0","0","Q3 evidence tree file; previously unstaged because Git metadata staging was blocked."
"catalog/scale/g8_q3_batch_repair/CUMCM-2020-D-001/pages/0013.txt","INCLUDE","1","0","1","0","0","0","Q3 evidence tree file; previously unstaged because Git metadata staging was blocked."
"catalog/scale/g8_q3_batch_repair/CUMCM-2020-D-001/pages/0014.txt","INCLUDE","1","0","1","0","0","0","Q3 evidence tree file; previously unstaged because Git metadata staging was blocked."
"catalog/scale/g8_q3_batch_repair/CUMCM-2020-D-001/pages/0015.txt","INCLUDE","1","0","1","0","0","0","Q3 evidence tree file; previously unstaged because Git metadata staging was blocked."
"catalog/scale/g8_q3_batch_repair/CUMCM-2020-D-001/pages/0016.txt","INCLUDE","1","0","1","0","0","0","Q3 evidence tree file; previously unstaged because Git metadata staging was blocked."
"catalog/scale/g8_q3_batch_repair/CUMCM-2020-D-001/pages/0017.txt","INCLUDE","1","0","1","0","0","0","Q3 evidence tree file; previously unstaged because Git metadata staging was blocked."
"catalog/scale/g8_q3_batch_repair/CUMCM-2020-D-001/pages/0018.txt","INCLUDE","1","0","1","0","0","0","Q3 evidence tree file; previously unstaged because Git metadata staging was blocked."
"catalog/scale/g8_q3_batch_repair/CUMCM-2020-D-001/pages/0019.txt","INCLUDE","1","0","1","0","0","0","Q3 evidence tree file; previously unstaged because Git metadata staging was blocked."
"catalog/scale/g8_q3_batch_repair/CUMCM-2020-D-001/pages/0020.txt","INCLUDE","1","0","1","0","0","0","Q3 evidence tree file; previously unstaged because Git metadata staging was blocked."
"catalog/scale/g8_q3_batch_repair/CUMCM-2020-D-001/pages/0021.txt","INCLUDE","1","0","1","0","0","0","Q3 evidence tree file; previously unstaged because Git metadata staging was blocked."
"catalog/scale/g8_q3_batch_repair/CUMCM-2020-D-001/pages/0022.txt","INCLUDE","1","0","1","0","0","0","Q3 evidence tree file; previously unstaged because Git metadata staging was blocked."
"catalog/scale/g8_q3_batch_repair/CUMCM-2020-D-001/pages/0023.txt","INCLUDE","1","0","1","0","0","0","Q3 evidence tree file; previously unstaged because Git metadata staging was blocked."
"catalog/scale/g8_q3_batch_repair/CUMCM-2020-D-001/pages/0024.txt","INCLUDE","1","0","1","0","0","0","Q3 evidence tree file; previously unstaged because Git metadata staging was blocked."
"catalog/scale/g8_q3_batch_repair/CUMCM-2020-D-001/pages/0025.txt","INCLUDE","1","0","1","0","0","0","Q3 evidence tree file; previously unstaged because Git metadata staging was blocked."
"catalog/scale/g8_q3_batch_repair/CUMCM-2020-D-001/pages/0026.txt","INCLUDE","1","0","1","0","0","0","Q3 evidence tree file; previously unstaged because Git metadata staging was blocked."
"catalog/scale/g8_q3_batch_repair/CUMCM-2020-D-001/pages/0027.txt","INCLUDE","1","0","1","0","0","0","Q3 evidence tree file; previously unstaged because Git metadata staging was blocked."
"catalog/scale/g8_q3_batch_repair/CUMCM-2020-D-001/pages/0028.txt","INCLUDE","1","0","1","0","0","0","Q3 evidence tree file; previously unstaged because Git metadata staging was blocked."
"catalog/scale/g8_q3_batch_repair/CUMCM-2020-D-001/pages/0029.txt","INCLUDE","1","0","1","0","0","0","Q3 evidence tree file; previously unstaged because Git metadata staging was blocked."
"catalog/scale/g8_q3_batch_repair/CUMCM-2020-D-001/pages/0030.txt","INCLUDE","1","0","1","0","0","0","Q3 evidence tree file; previously unstaged because Git metadata staging was blocked."
"catalog/scale/g8_q3_batch_repair/CUMCM-2020-D-001/pages/0031.txt","INCLUDE","1","0","1","0","0","0","Q3 evidence tree file; previously unstaged because Git metadata staging was blocked."
"catalog/scale/g8_q3_batch_repair/CUMCM-2020-D-001/pages/0032.txt","INCLUDE","1","0","1","0","0","0","Q3 evidence tree file; previously unstaged because Git metadata staging was blocked."
"catalog/scale/g8_q3_batch_repair/CUMCM-2020-D-001/pages/0033.txt","INCLUDE","1","0","1","0","0","0","Q3 evidence tree file; previously unstaged because Git metadata staging was blocked."
"catalog/scale/g8_q3_batch_repair/CUMCM-2020-D-001/pages/0034.txt","INCLUDE","1","0","1","0","0","0","Q3 evidence tree file; previously unstaged because Git metadata staging was blocked."
"catalog/scale/g8_q3_batch_repair/CUMCM-2020-D-001/pages/0035.txt","INCLUDE","1","0","1","0","0","0","Q3 evidence tree file; previously unstaged because Git metadata staging was blocked."
"catalog/scale/g8_q3_batch_repair/CUMCM-2020-D-001/pages/0036.txt","INCLUDE","1","0","1","0","0","0","Q3 evidence tree file; previously unstaged because Git metadata staging was blocked."
"catalog/scale/g8_q3_batch_repair/CUMCM-2020-D-001/pages/0037.txt","INCLUDE","1","0","1","0","0","0","Q3 evidence tree file; previously unstaged because Git metadata staging was blocked."
"catalog/scale/g8_q3_batch_repair/CUMCM-2020-D-001/pages/0038.txt","INCLUDE","1","0","1","0","0","0","Q3 evidence tree file; previously unstaged because Git metadata staging was blocked."
"catalog/scale/g8_q3_batch_repair/CUMCM-2020-D-001/pages/0039.txt","INCLUDE","1","0","1","0","0","0","Q3 evidence tree file; previously unstaged because Git metadata staging was blocked."
"catalog/scale/g8_q3_batch_repair/CUMCM-2020-D-001/pages/0040.txt","INCLUDE","1","0","1","0","0","0","Q3 evidence tree file; previously unstaged because Git metadata staging was blocked."
"catalog/scale/g8_q3_batch_repair/CUMCM-2020-D-001/pages/0041.txt","INCLUDE","1","0","1","0","0","0","Q3 evidence tree file; previously unstaged because Git metadata staging was blocked."
"catalog/scale/g8_q3_batch_repair/CUMCM-2020-D-001/pages/0042.txt","INCLUDE","1","0","1","0","0","0","Q3 evidence tree file; previously unstaged because Git metadata staging was blocked."
"catalog/scale/g8_q3_batch_repair/CUMCM-2020-D-001/pages/0043.txt","INCLUDE","1","0","1","0","0","0","Q3 evidence tree file; previously unstaged because Git metadata staging was blocked."
"catalog/scale/g8_q3_batch_repair/CUMCM-2020-D-001/pages/0044.txt","INCLUDE","1","0","1","0","0","0","Q3 evidence tree file; previously unstaged because Git metadata staging was blocked."
"catalog/scale/g8_q3_batch_repair/CUMCM-2020-D-001/pages/0045.txt","INCLUDE","1","0","1","0","0","0","Q3 evidence tree file; previously unstaged because Git metadata staging was blocked."
"catalog/scale/g8_q3_batch_repair/CUMCM-2020-D-001/pages/0046.txt","INCLUDE","1","0","1","0","0","0","Q3 evidence tree file; previously unstaged because Git metadata staging was blocked."
"catalog/scale/g8_q3_batch_repair/CUMCM-2020-D-001/provenance.json","INCLUDE","1","0","1","0","0","0","Q3 evidence tree file; previously unstaged because Git metadata staging was blocked."
"catalog/scale/g8_q3_batch_repair/CUMCM-2020-D-001/quality.json","INCLUDE","1","0","1","0","0","0","Q3 evidence tree file; previously unstaged because Git metadata staging was blocked."
"catalog/scale/g8_q3_batch_repair/CUMCM-2020-D-003/manifest.json","INCLUDE","1","0","1","0","0","0","Q3 evidence tree file; previously unstaged because Git metadata staging was blocked."
"catalog/scale/g8_q3_batch_repair/CUMCM-2020-D-003/normalized_body.txt","INCLUDE","1","0","1","0","0","0","Q3 evidence tree file; previously unstaged because Git metadata staging was blocked."
"catalog/scale/g8_q3_batch_repair/CUMCM-2020-D-003/pages/0001.txt","INCLUDE","1","0","1","0","0","0","Q3 evidence tree file; previously unstaged because Git metadata staging was blocked."
"catalog/scale/g8_q3_batch_repair/CUMCM-2020-D-003/pages/0002.txt","INCLUDE","1","0","1","0","0","0","Q3 evidence tree file; previously unstaged because Git metadata staging was blocked."
"catalog/scale/g8_q3_batch_repair/CUMCM-2020-D-003/pages/0003.txt","INCLUDE","1","0","1","0","0","0","Q3 evidence tree file; previously unstaged because Git metadata staging was blocked."
"catalog/scale/g8_q3_batch_repair/CUMCM-2020-D-003/pages/0004.txt","INCLUDE","1","0","1","0","0","0","Q3 evidence tree file; previously unstaged because Git metadata staging was blocked."
"catalog/scale/g8_q3_batch_repair/CUMCM-2020-D-003/pages/0005.txt","INCLUDE","1","0","1","0","0","0","Q3 evidence tree file; previously unstaged because Git metadata staging was blocked."
"catalog/scale/g8_q3_batch_repair/CUMCM-2020-D-003/pages/0006.txt","INCLUDE","1","0","1","0","0","0","Q3 evidence tree file; previously unstaged because Git metadata staging was blocked."
"catalog/scale/g8_q3_batch_repair/CUMCM-2020-D-003/pages/0007.txt","INCLUDE","1","0","1","0","0","0","Q3 evidence tree file; previously unstaged because Git metadata staging was blocked."
"catalog/scale/g8_q3_batch_repair/CUMCM-2020-D-003/pages/0008.txt","INCLUDE","1","0","1","0","0","0","Q3 evidence tree file; previously unstaged because Git metadata staging was blocked."
"catalog/scale/g8_q3_batch_repair/CUMCM-2020-D-003/pages/0009.txt","INCLUDE","1","0","1","0","0","0","Q3 evidence tree file; previously unstaged because Git metadata staging was blocked."
"catalog/scale/g8_q3_batch_repair/CUMCM-2020-D-003/pages/0010.txt","INCLUDE","1","0","1","0","0","0","Q3 evidence tree file; previously unstaged because Git metadata staging was blocked."
"catalog/scale/g8_q3_batch_repair/CUMCM-2020-D-003/pages/0011.txt","INCLUDE","1","0","1","0","0","0","Q3 evidence tree file; previously unstaged because Git metadata staging was blocked."
"catalog/scale/g8_q3_batch_repair/CUMCM-2020-D-003/pages/0012.txt","INCLUDE","1","0","1","0","0","0","Q3 evidence tree file; previously unstaged because Git metadata staging was blocked."
"catalog/scale/g8_q3_batch_repair/CUMCM-2020-D-003/pages/0013.txt","INCLUDE","1","0","1","0","0","0","Q3 evidence tree file; previously unstaged because Git metadata staging was blocked."
"catalog/scale/g8_q3_batch_repair/CUMCM-2020-D-003/pages/0014.txt","INCLUDE","1","0","1","0","0","0","Q3 evidence tree file; previously unstaged because Git metadata staging was blocked."
"catalog/scale/g8_q3_batch_repair/CUMCM-2020-D-003/pages/0015.txt","INCLUDE","1","0","1","0","0","0","Q3 evidence tree file; previously unstaged because Git metadata staging was blocked."
"catalog/scale/g8_q3_batch_repair/CUMCM-2020-D-003/pages/0016.txt","INCLUDE","1","0","1","0","0","0","Q3 evidence tree file; previously unstaged because Git metadata staging was blocked."
"catalog/scale/g8_q3_batch_repair/CUMCM-2020-D-003/pages/0017.txt","INCLUDE","1","0","1","0","0","0","Q3 evidence tree file; previously unstaged because Git metadata staging was blocked."
"catalog/scale/g8_q3_batch_repair/CUMCM-2020-D-003/pages/0018.txt","INCLUDE","1","0","1","0","0","0","Q3 evidence tree file; previously unstaged because Git metadata staging was blocked."
"catalog/scale/g8_q3_batch_repair/CUMCM-2020-D-003/pages/0019.txt","INCLUDE","1","0","1","0","0","0","Q3 evidence tree file; previously unstaged because Git metadata staging was blocked."
"catalog/scale/g8_q3_batch_repair/CUMCM-2020-D-003/pages/0020.txt","INCLUDE","1","0","1","0","0","0","Q3 evidence tree file; previously unstaged because Git metadata staging was blocked."
"catalog/scale/g8_q3_batch_repair/CUMCM-2020-D-003/pages/0021.txt","INCLUDE","1","0","1","0","0","0","Q3 evidence tree file; previously unstaged because Git metadata staging was blocked."
"catalog/scale/g8_q3_batch_repair/CUMCM-2020-D-003/pages/0022.txt","INCLUDE","1","0","1","0","0","0","Q3 evidence tree file; previously unstaged because Git metadata staging was blocked."
"catalog/scale/g8_q3_batch_repair/CUMCM-2020-D-003/pages/0023.txt","INCLUDE","1","0","1","0","0","0","Q3 evidence tree file; previously unstaged because Git metadata staging was blocked."
"catalog/scale/g8_q3_batch_repair/CUMCM-2020-D-003/pages/0024.txt","INCLUDE","1","0","1","0","0","0","Q3 evidence tree file; previously unstaged because Git metadata staging was blocked."
"catalog/scale/g8_q3_batch_repair/CUMCM-2020-D-003/pages/0025.txt","INCLUDE","1","0","1","0","0","0","Q3 evidence tree file; previously unstaged because Git metadata staging was blocked."
"catalog/scale/g8_q3_batch_repair/CUMCM-2020-D-003/pages/0026.txt","INCLUDE","1","0","1","0","0","0","Q3 evidence tree file; previously unstaged because Git metadata staging was blocked."
"catalog/scale/g8_q3_batch_repair/CUMCM-2020-D-003/pages/0027.txt","INCLUDE","1","0","1","0","0","0","Q3 evidence tree file; previously unstaged because Git metadata staging was blocked."
"catalog/scale/g8_q3_batch_repair/CUMCM-2020-D-003/pages/0028.txt","INCLUDE","1","0","1","0","0","0","Q3 evidence tree file; previously unstaged because Git metadata staging was blocked."
"catalog/scale/g8_q3_batch_repair/CUMCM-2020-D-003/pages/0029.txt","INCLUDE","1","0","1","0","0","0","Q3 evidence tree file; previously unstaged because Git metadata staging was blocked."
"catalog/scale/g8_q3_batch_repair/CUMCM-2020-D-003/pages/0030.txt","INCLUDE","1","0","1","0","0","0","Q3 evidence tree file; previously unstaged because Git metadata staging was blocked."
"catalog/scale/g8_q3_batch_repair/CUMCM-2020-D-003/pages/0031.txt","INCLUDE","1","0","1","0","0","0","Q3 evidence tree file; previously unstaged because Git metadata staging was blocked."
"catalog/scale/g8_q3_batch_repair/CUMCM-2020-D-003/pages/0032.txt","INCLUDE","1","0","1","0","0","0","Q3 evidence tree file; previously unstaged because Git metadata staging was blocked."
"catalog/scale/g8_q3_batch_repair/CUMCM-2020-D-003/pages/0033.txt","INCLUDE","1","0","1","0","0","0","Q3 evidence tree file; previously unstaged because Git metadata staging was blocked."
"catalog/scale/g8_q3_batch_repair/CUMCM-2020-D-003/pages/0034.txt","INCLUDE","1","0","1","0","0","0","Q3 evidence tree file; previously unstaged because Git metadata staging was blocked."
"catalog/scale/g8_q3_batch_repair/CUMCM-2020-D-003/pages/0035.txt","INCLUDE","1","0","1","0","0","0","Q3 evidence tree file; previously unstaged because Git metadata staging was blocked."
"catalog/scale/g8_q3_batch_repair/CUMCM-2020-D-003/pages/0036.txt","INCLUDE","1","0","1","0","0","0","Q3 evidence tree file; previously unstaged because Git metadata staging was blocked."
"catalog/scale/g8_q3_batch_repair/CUMCM-2020-D-003/pages/0037.txt","INCLUDE","1","0","1","0","0","0","Q3 evidence tree file; previously unstaged because Git metadata staging was blocked."
"catalog/scale/g8_q3_batch_repair/CUMCM-2020-D-003/pages/0038.txt","INCLUDE","1","0","1","0","0","0","Q3 evidence tree file; previously unstaged because Git metadata staging was blocked."
"catalog/scale/g8_q3_batch_repair/CUMCM-2020-D-003/pages/0039.txt","INCLUDE","1","0","1","0","0","0","Q3 evidence tree file; previously unstaged because Git metadata staging was blocked."
"catalog/scale/g8_q3_batch_repair/CUMCM-2020-D-003/pages/0040.txt","INCLUDE","1","0","1","0","0","0","Q3 evidence tree file; previously unstaged because Git metadata staging was blocked."
"catalog/scale/g8_q3_batch_repair/CUMCM-2020-D-003/pages/0041.txt","INCLUDE","1","0","1","0","0","0","Q3 evidence tree file; previously unstaged because Git metadata staging was blocked."
"catalog/scale/g8_q3_batch_repair/CUMCM-2020-D-003/pages/0042.txt","INCLUDE","1","0","1","0","0","0","Q3 evidence tree file; previously unstaged because Git metadata staging was blocked."
"catalog/scale/g8_q3_batch_repair/CUMCM-2020-D-003/pages/0043.txt","INCLUDE","1","0","1","0","0","0","Q3 evidence tree file; previously unstaged because Git metadata staging was blocked."
"catalog/scale/g8_q3_batch_repair/CUMCM-2020-D-003/pages/0044.txt","INCLUDE","1","0","1","0","0","0","Q3 evidence tree file; previously unstaged because Git metadata staging was blocked."
"catalog/scale/g8_q3_batch_repair/CUMCM-2020-D-003/pages/0045.txt","INCLUDE","1","0","1","0","0","0","Q3 evidence tree file; previously unstaged because Git metadata staging was blocked."
"catalog/scale/g8_q3_batch_repair/CUMCM-2020-D-003/pages/0046.txt","INCLUDE","1","0","1","0","0","0","Q3 evidence tree file; previously unstaged because Git metadata staging was blocked."
"catalog/scale/g8_q3_batch_repair/CUMCM-2020-D-003/pages/0047.txt","INCLUDE","1","0","1","0","0","0","Q3 evidence tree file; previously unstaged because Git metadata staging was blocked."
"catalog/scale/g8_q3_batch_repair/CUMCM-2020-D-003/pages/0048.txt","INCLUDE","1","0","1","0","0","0","Q3 evidence tree file; previously unstaged because Git metadata staging was blocked."
"catalog/scale/g8_q3_batch_repair/CUMCM-2020-D-003/pages/0049.txt","INCLUDE","1","0","1","0","0","0","Q3 evidence tree file; previously unstaged because Git metadata staging was blocked."
"catalog/scale/g8_q3_batch_repair/CUMCM-2020-D-003/pages/0050.txt","INCLUDE","1","0","1","0","0","0","Q3 evidence tree file; previously unstaged because Git metadata staging was blocked."
"catalog/scale/g8_q3_batch_repair/CUMCM-2020-D-003/pages/0051.txt","INCLUDE","1","0","1","0","0","0","Q3 evidence tree file; previously unstaged because Git metadata staging was blocked."
"catalog/scale/g8_q3_batch_repair/CUMCM-2020-D-003/pages/0052.txt","INCLUDE","1","0","1","0","0","0","Q3 evidence tree file; previously unstaged because Git metadata staging was blocked."
"catalog/scale/g8_q3_batch_repair/CUMCM-2020-D-003/pages/0053.txt","INCLUDE","1","0","1","0","0","0","Q3 evidence tree file; previously unstaged because Git metadata staging was blocked."
"catalog/scale/g8_q3_batch_repair/CUMCM-2020-D-003/pages/0054.txt","INCLUDE","1","0","1","0","0","0","Q3 evidence tree file; previously unstaged because Git metadata staging was blocked."
"catalog/scale/g8_q3_batch_repair/CUMCM-2020-D-003/pages/0055.txt","INCLUDE","1","0","1","0","0","0","Q3 evidence tree file; previously unstaged because Git metadata staging was blocked."
"catalog/scale/g8_q3_batch_repair/CUMCM-2020-D-003/pages/0056.txt","INCLUDE","1","0","1","0","0","0","Q3 evidence tree file; previously unstaged because Git metadata staging was blocked."
"catalog/scale/g8_q3_batch_repair/CUMCM-2020-D-003/pages/0057.txt","INCLUDE","1","0","1","0","0","0","Q3 evidence tree file; previously unstaged because Git metadata staging was blocked."
"catalog/scale/g8_q3_batch_repair/CUMCM-2020-D-003/pages/0058.txt","INCLUDE","1","0","1","0","0","0","Q3 evidence tree file; previously unstaged because Git metadata staging was blocked."
"catalog/scale/g8_q3_batch_repair/CUMCM-2020-D-003/pages/0059.txt","INCLUDE","1","0","1","0","0","0","Q3 evidence tree file; previously unstaged because Git metadata staging was blocked."
"catalog/scale/g8_q3_batch_repair/CUMCM-2020-D-003/pages/0060.txt","INCLUDE","1","0","1","0","0","0","Q3 evidence tree file; previously unstaged because Git metadata staging was blocked."
"catalog/scale/g8_q3_batch_repair/CUMCM-2020-D-003/pages/0061.txt","INCLUDE","1","0","1","0","0","0","Q3 evidence tree file; previously unstaged because Git metadata staging was blocked."
"catalog/scale/g8_q3_batch_repair/CUMCM-2020-D-003/pages/0062.txt","INCLUDE","1","0","1","0","0","0","Q3 evidence tree file; previously unstaged because Git metadata staging was blocked."
"catalog/scale/g8_q3_batch_repair/CUMCM-2020-D-003/pages/0063.txt","INCLUDE","1","0","1","0","0","0","Q3 evidence tree file; previously unstaged because Git metadata staging was blocked."
"catalog/scale/g8_q3_batch_repair/CUMCM-2020-D-003/pages/0064.txt","INCLUDE","1","0","1","0","0","0","Q3 evidence tree file; previously unstaged because Git metadata staging was blocked."
"catalog/scale/g8_q3_batch_repair/CUMCM-2020-D-003/pages/0065.txt","INCLUDE","1","0","1","0","0","0","Q3 evidence tree file; previously unstaged because Git metadata staging was blocked."
"catalog/scale/g8_q3_batch_repair/CUMCM-2020-D-003/pages/0066.txt","INCLUDE","1","0","1","0","0","0","Q3 evidence tree file; previously unstaged because Git metadata staging was blocked."
"catalog/scale/g8_q3_batch_repair/CUMCM-2020-D-003/pages/0067.txt","INCLUDE","1","0","1","0","0","0","Q3 evidence tree file; previously unstaged because Git metadata staging was blocked."
"catalog/scale/g8_q3_batch_repair/CUMCM-2020-D-003/pages/0068.txt","INCLUDE","1","0","1","0","0","0","Q3 evidence tree file; previously unstaged because Git metadata staging was blocked."
"catalog/scale/g8_q3_batch_repair/CUMCM-2020-D-003/pages/0069.txt","INCLUDE","1","0","1","0","0","0","Q3 evidence tree file; previously unstaged because Git metadata staging was blocked."
"catalog/scale/g8_q3_batch_repair/CUMCM-2020-D-003/pages/0070.txt","INCLUDE","1","0","1","0","0","0","Q3 evidence tree file; previously unstaged because Git metadata staging was blocked."
"catalog/scale/g8_q3_batch_repair/CUMCM-2020-D-003/pages/0071.txt","INCLUDE","1","0","1","0","0","0","Q3 evidence tree file; previously unstaged because Git metadata staging was blocked."
"catalog/scale/g8_q3_batch_repair/CUMCM-2020-D-003/pages/0072.txt","INCLUDE","1","0","1","0","0","0","Q3 evidence tree file; previously unstaged because Git metadata staging was blocked."
"catalog/scale/g8_q3_batch_repair/CUMCM-2020-D-003/pages/0073.txt","INCLUDE","1","0","1","0","0","0","Q3 evidence tree file; previously unstaged because Git metadata staging was blocked."
"catalog/scale/g8_q3_batch_repair/CUMCM-2020-D-003/pages/0074.txt","INCLUDE","1","0","1","0","0","0","Q3 evidence tree file; previously unstaged because Git metadata staging was blocked."
"catalog/scale/g8_q3_batch_repair/CUMCM-2020-D-003/pages/0075.txt","INCLUDE","1","0","1","0","0","0","Q3 evidence tree file; previously unstaged because Git metadata staging was blocked."
"catalog/scale/g8_q3_batch_repair/CUMCM-2020-D-003/pages/0076.txt","INCLUDE","1","0","1","0","0","0","Q3 evidence tree file; previously unstaged because Git metadata staging was blocked."
"catalog/scale/g8_q3_batch_repair/CUMCM-2020-D-003/pages/0077.txt","INCLUDE","1","0","1","0","0","0","Q3 evidence tree file; previously unstaged because Git metadata staging was blocked."
"catalog/scale/g8_q3_batch_repair/CUMCM-2020-D-003/pages/0078.txt","INCLUDE","1","0","1","0","0","0","Q3 evidence tree file; previously unstaged because Git metadata staging was blocked."
"catalog/scale/g8_q3_batch_repair/CUMCM-2020-D-003/pages/0079.txt","INCLUDE","1","0","1","0","0","0","Q3 evidence tree file; previously unstaged because Git metadata staging was blocked."
"catalog/scale/g8_q3_batch_repair/CUMCM-2020-D-003/pages/0080.txt","INCLUDE","1","0","1","0","0","0","Q3 evidence tree file; previously unstaged because Git metadata staging was blocked."
"catalog/scale/g8_q3_batch_repair/CUMCM-2020-D-003/pages/0081.txt","INCLUDE","1","0","1","0","0","0","Q3 evidence tree file; previously unstaged because Git metadata staging was blocked."
"catalog/scale/g8_q3_batch_repair/CUMCM-2020-D-003/pages/0082.txt","INCLUDE","1","0","1","0","0","0","Q3 evidence tree file; previously unstaged because Git metadata staging was blocked."
"catalog/scale/g8_q3_batch_repair/CUMCM-2020-D-003/pages/0083.txt","INCLUDE","1","0","1","0","0","0","Q3 evidence tree file; previously unstaged because Git metadata staging was blocked."
"catalog/scale/g8_q3_batch_repair/CUMCM-2020-D-003/pages/0084.txt","INCLUDE","1","0","1","0","0","0","Q3 evidence tree file; previously unstaged because Git metadata staging was blocked."
"catalog/scale/g8_q3_batch_repair/CUMCM-2020-D-003/pages/0085.txt","INCLUDE","1","0","1","0","0","0","Q3 evidence tree file; previously unstaged because Git metadata staging was blocked."
"catalog/scale/g8_q3_batch_repair/CUMCM-2020-D-003/pages/0086.txt","INCLUDE","1","0","1","0","0","0","Q3 evidence tree file; previously unstaged because Git metadata staging was blocked."
"catalog/scale/g8_q3_batch_repair/CUMCM-2020-D-003/pages/0087.txt","INCLUDE","1","0","1","0","0","0","Q3 evidence tree file; previously unstaged because Git metadata staging was blocked."
"catalog/scale/g8_q3_batch_repair/CUMCM-2020-D-003/pages/0088.txt","INCLUDE","1","0","1","0","0","0","Q3 evidence tree file; previously unstaged because Git metadata staging was blocked."
"catalog/scale/g8_q3_batch_repair/CUMCM-2020-D-003/pages/0089.txt","INCLUDE","1","0","1","0","0","0","Q3 evidence tree file; previously unstaged because Git metadata staging was blocked."
"catalog/scale/g8_q3_batch_repair/CUMCM-2020-D-003/pages/0090.txt","INCLUDE","1","0","1","0","0","0","Q3 evidence tree file; previously unstaged because Git metadata staging was blocked."
"catalog/scale/g8_q3_batch_repair/CUMCM-2020-D-003/pages/0091.txt","INCLUDE","1","0","1","0","0","0","Q3 evidence tree file; previously unstaged because Git metadata staging was blocked."
"catalog/scale/g8_q3_batch_repair/CUMCM-2020-D-003/pages/0092.txt","INCLUDE","1","0","1","0","0","0","Q3 evidence tree file; previously unstaged because Git metadata staging was blocked."
"catalog/scale/g8_q3_batch_repair/CUMCM-2020-D-003/pages/0093.txt","INCLUDE","1","0","1","0","0","0","Q3 evidence tree file; previously unstaged because Git metadata staging was blocked."
"catalog/scale/g8_q3_batch_repair/CUMCM-2020-D-003/pages/0094.txt","INCLUDE","1","0","1","0","0","0","Q3 evidence tree file; previously unstaged because Git metadata staging was blocked."
"catalog/scale/g8_q3_batch_repair/CUMCM-2020-D-003/pages/0095.txt","INCLUDE","1","0","1","0","0","0","Q3 evidence tree file; previously unstaged because Git metadata staging was blocked."
"catalog/scale/g8_q3_batch_repair/CUMCM-2020-D-003/pages/0096.txt","INCLUDE","1","0","1","0","0","0","Q3 evidence tree file; previously unstaged because Git metadata staging was blocked."
"catalog/scale/g8_q3_batch_repair/CUMCM-2020-D-003/pages/0097.txt","INCLUDE","1","0","1","0","0","0","Q3 evidence tree file; previously unstaged because Git metadata staging was blocked."
"catalog/scale/g8_q3_batch_repair/CUMCM-2020-D-003/pages/0098.txt","INCLUDE","1","0","1","0","0","0","Q3 evidence tree file; previously unstaged because Git metadata staging was blocked."
"catalog/scale/g8_q3_batch_repair/CUMCM-2020-D-003/pages/0099.txt","INCLUDE","1","0","1","0","0","0","Q3 evidence tree file; previously unstaged because Git metadata staging was blocked."
"catalog/scale/g8_q3_batch_repair/CUMCM-2020-D-003/pages/0100.txt","INCLUDE","1","0","1","0","0","0","Q3 evidence tree file; previously unstaged because Git metadata staging was blocked."
"catalog/scale/g8_q3_batch_repair/CUMCM-2020-D-003/pages/0101.txt","INCLUDE","1","0","1","0","0","0","Q3 evidence tree file; previously unstaged because Git metadata staging was blocked."
"catalog/scale/g8_q3_batch_repair/CUMCM-2020-D-003/pages/0102.txt","INCLUDE","1","0","1","0","0","0","Q3 evidence tree file; previously unstaged because Git metadata staging was blocked."
"catalog/scale/g8_q3_batch_repair/CUMCM-2020-D-003/pages/0103.txt","INCLUDE","1","0","1","0","0","0","Q3 evidence tree file; previously unstaged because Git metadata staging was blocked."
"catalog/scale/g8_q3_batch_repair/CUMCM-2020-D-003/pages/0104.txt","INCLUDE","1","0","1","0","0","0","Q3 evidence tree file; previously unstaged because Git metadata staging was blocked."
"catalog/scale/g8_q3_batch_repair/CUMCM-2020-D-003/pages/0105.txt","INCLUDE","1","0","1","0","0","0","Q3 evidence tree file; previously unstaged because Git metadata staging was blocked."
"catalog/scale/g8_q3_batch_repair/CUMCM-2020-D-003/pages/0106.txt","INCLUDE","1","0","1","0","0","0","Q3 evidence tree file; previously unstaged because Git metadata staging was blocked."
"catalog/scale/g8_q3_batch_repair/CUMCM-2020-D-003/pages/0107.txt","INCLUDE","1","0","1","0","0","0","Q3 evidence tree file; previously unstaged because Git metadata staging was blocked."
"catalog/scale/g8_q3_batch_repair/CUMCM-2020-D-003/pages/0108.txt","INCLUDE","1","0","1","0","0","0","Q3 evidence tree file; previously unstaged because Git metadata staging was blocked."
"catalog/scale/g8_q3_batch_repair/CUMCM-2020-D-003/pages/0109.txt","INCLUDE","1","0","1","0","0","0","Q3 evidence tree file; previously unstaged because Git metadata staging was blocked."
"catalog/scale/g8_q3_batch_repair/CUMCM-2020-D-003/pages/0110.txt","INCLUDE","1","0","1","0","0","0","Q3 evidence tree file; previously unstaged because Git metadata staging was blocked."
"catalog/scale/g8_q3_batch_repair/CUMCM-2020-D-003/pages/0111.txt","INCLUDE","1","0","1","0","0","0","Q3 evidence tree file; previously unstaged because Git metadata staging was blocked."
"catalog/scale/g8_q3_batch_repair/CUMCM-2020-D-003/pages/0112.txt","INCLUDE","1","0","1","0","0","0","Q3 evidence tree file; previously unstaged because Git metadata staging was blocked."
"catalog/scale/g8_q3_batch_repair/CUMCM-2020-D-003/pages/0113.txt","INCLUDE","1","0","1","0","0","0","Q3 evidence tree file; previously unstaged because Git metadata staging was blocked."
"catalog/scale/g8_q3_batch_repair/CUMCM-2020-D-003/pages/0114.txt","INCLUDE","1","0","1","0","0","0","Q3 evidence tree file; previously unstaged because Git metadata staging was blocked."
"catalog/scale/g8_q3_batch_repair/CUMCM-2020-D-003/pages/0115.txt","INCLUDE","1","0","1","0","0","0","Q3 evidence tree file; previously unstaged because Git metadata staging was blocked."
"catalog/scale/g8_q3_batch_repair/CUMCM-2020-D-003/pages/0116.txt","INCLUDE","1","0","1","0","0","0","Q3 evidence tree file; previously unstaged because Git metadata staging was blocked."
"catalog/scale/g8_q3_batch_repair/CUMCM-2020-D-003/pages/0117.txt","INCLUDE","1","0","1","0","0","0","Q3 evidence tree file; previously unstaged because Git metadata staging was blocked."
"catalog/scale/g8_q3_batch_repair/CUMCM-2020-D-003/pages/0118.txt","INCLUDE","1","0","1","0","0","0","Q3 evidence tree file; previously unstaged because Git metadata staging was blocked."
"catalog/scale/g8_q3_batch_repair/CUMCM-2020-D-003/pages/0119.txt","INCLUDE","1","0","1","0","0","0","Q3 evidence tree file; previously unstaged because Git metadata staging was blocked."
"catalog/scale/g8_q3_batch_repair/CUMCM-2020-D-003/pages/0120.txt","INCLUDE","1","0","1","0","0","0","Q3 evidence tree file; previously unstaged because Git metadata staging was blocked."
"catalog/scale/g8_q3_batch_repair/CUMCM-2020-D-003/pages/0121.txt","INCLUDE","1","0","1","0","0","0","Q3 evidence tree file; previously unstaged because Git metadata staging was blocked."
"catalog/scale/g8_q3_batch_repair/CUMCM-2020-D-003/pages/0122.txt","INCLUDE","1","0","1","0","0","0","Q3 evidence tree file; previously unstaged because Git metadata staging was blocked."
"catalog/scale/g8_q3_batch_repair/CUMCM-2020-D-003/pages/0123.txt","INCLUDE","1","0","1","0","0","0","Q3 evidence tree file; previously unstaged because Git metadata staging was blocked."
"catalog/scale/g8_q3_batch_repair/CUMCM-2020-D-003/pages/0124.txt","INCLUDE","1","0","1","0","0","0","Q3 evidence tree file; previously unstaged because Git metadata staging was blocked."
"catalog/scale/g8_q3_batch_repair/CUMCM-2020-D-003/pages/0125.txt","INCLUDE","1","0","1","0","0","0","Q3 evidence tree file; previously unstaged because Git metadata staging was blocked."
"catalog/scale/g8_q3_batch_repair/CUMCM-2020-D-003/pages/0126.txt","INCLUDE","1","0","1","0","0","0","Q3 evidence tree file; previously unstaged because Git metadata staging was blocked."
"catalog/scale/g8_q3_batch_repair/CUMCM-2020-D-003/pages/0127.txt","INCLUDE","1","0","1","0","0","0","Q3 evidence tree file; previously unstaged because Git metadata staging was blocked."
"catalog/scale/g8_q3_batch_repair/CUMCM-2020-D-003/pages/0128.txt","INCLUDE","1","0","1","0","0","0","Q3 evidence tree file; previously unstaged because Git metadata staging was blocked."
"catalog/scale/g8_q3_batch_repair/CUMCM-2020-D-003/pages/0129.txt","INCLUDE","1","0","1","0","0","0","Q3 evidence tree file; previously unstaged because Git metadata staging was blocked."
"catalog/scale/g8_q3_batch_repair/CUMCM-2020-D-003/pages/0130.txt","INCLUDE","1","0","1","0","0","0","Q3 evidence tree file; previously unstaged because Git metadata staging was blocked."
"catalog/scale/g8_q3_batch_repair/CUMCM-2020-D-003/pages/0131.txt","INCLUDE","1","0","1","0","0","0","Q3 evidence tree file; previously unstaged because Git metadata staging was blocked."
"catalog/scale/g8_q3_batch_repair/CUMCM-2020-D-003/pages/0132.txt","INCLUDE","1","0","1","0","0","0","Q3 evidence tree file; previously unstaged because Git metadata staging was blocked."
"catalog/scale/g8_q3_batch_repair/CUMCM-2020-D-003/pages/0133.txt","INCLUDE","1","0","1","0","0","0","Q3 evidence tree file; previously unstaged because Git metadata staging was blocked."
"catalog/scale/g8_q3_batch_repair/CUMCM-2020-D-003/pages/0134.txt","INCLUDE","1","0","1","0","0","0","Q3 evidence tree file; previously unstaged because Git metadata staging was blocked."
"catalog/scale/g8_q3_batch_repair/CUMCM-2020-D-003/pages/0135.txt","INCLUDE","1","0","1","0","0","0","Q3 evidence tree file; previously unstaged because Git metadata staging was blocked."
"catalog/scale/g8_q3_batch_repair/CUMCM-2020-D-003/provenance.json","INCLUDE","1","0","1","0","0","0","Q3 evidence tree file; previously unstaged because Git metadata staging was blocked."
"catalog/scale/g8_q3_batch_repair/CUMCM-2020-D-003/quality.json","INCLUDE","1","0","1","0","0","0","Q3 evidence tree file; previously unstaged because Git metadata staging was blocked."
"catalog/scale/g8_q3_batch_repair/CUMCM-2020-D-004/manifest.json","INCLUDE","1","0","1","0","0","0","Q3 evidence tree file; previously unstaged because Git metadata staging was blocked."
"catalog/scale/g8_q3_batch_repair/CUMCM-2020-D-004/normalized_body.txt","INCLUDE","1","0","1","0","0","0","Q3 evidence tree file; previously unstaged because Git metadata staging was blocked."
"catalog/scale/g8_q3_batch_repair/CUMCM-2020-D-004/pages/0001.txt","INCLUDE","1","0","1","0","0","0","Q3 evidence tree file; previously unstaged because Git metadata staging was blocked."
"catalog/scale/g8_q3_batch_repair/CUMCM-2020-D-004/pages/0002.txt","INCLUDE","1","0","1","0","0","0","Q3 evidence tree file; previously unstaged because Git metadata staging was blocked."
"catalog/scale/g8_q3_batch_repair/CUMCM-2020-D-004/pages/0003.txt","INCLUDE","1","0","1","0","0","0","Q3 evidence tree file; previously unstaged because Git metadata staging was blocked."
"catalog/scale/g8_q3_batch_repair/CUMCM-2020-D-004/pages/0004.txt","INCLUDE","1","0","1","0","0","0","Q3 evidence tree file; previously unstaged because Git metadata staging was blocked."
"catalog/scale/g8_q3_batch_repair/CUMCM-2020-D-004/pages/0005.txt","INCLUDE","1","0","1","0","0","0","Q3 evidence tree file; previously unstaged because Git metadata staging was blocked."
"catalog/scale/g8_q3_batch_repair/CUMCM-2020-D-004/pages/0006.txt","INCLUDE","1","0","1","0","0","0","Q3 evidence tree file; previously unstaged because Git metadata staging was blocked."
"catalog/scale/g8_q3_batch_repair/CUMCM-2020-D-004/pages/0007.txt","INCLUDE","1","0","1","0","0","0","Q3 evidence tree file; previously unstaged because Git metadata staging was blocked."
"catalog/scale/g8_q3_batch_repair/CUMCM-2020-D-004/pages/0008.txt","INCLUDE","1","0","1","0","0","0","Q3 evidence tree file; previously unstaged because Git metadata staging was blocked."
"catalog/scale/g8_q3_batch_repair/CUMCM-2020-D-004/pages/0009.txt","INCLUDE","1","0","1","0","0","0","Q3 evidence tree file; previously unstaged because Git metadata staging was blocked."
"catalog/scale/g8_q3_batch_repair/CUMCM-2020-D-004/pages/0010.txt","INCLUDE","1","0","1","0","0","0","Q3 evidence tree file; previously unstaged because Git metadata staging was blocked."
"catalog/scale/g8_q3_batch_repair/CUMCM-2020-D-004/pages/0011.txt","INCLUDE","1","0","1","0","0","0","Q3 evidence tree file; previously unstaged because Git metadata staging was blocked."
"catalog/scale/g8_q3_batch_repair/CUMCM-2020-D-004/pages/0012.txt","INCLUDE","1","0","1","0","0","0","Q3 evidence tree file; previously unstaged because Git metadata staging was blocked."
"catalog/scale/g8_q3_batch_repair/CUMCM-2020-D-004/pages/0013.txt","INCLUDE","1","0","1","0","0","0","Q3 evidence tree file; previously unstaged because Git metadata staging was blocked."
"catalog/scale/g8_q3_batch_repair/CUMCM-2020-D-004/pages/0014.txt","INCLUDE","1","0","1","0","0","0","Q3 evidence tree file; previously unstaged because Git metadata staging was blocked."
"catalog/scale/g8_q3_batch_repair/CUMCM-2020-D-004/pages/0015.txt","INCLUDE","1","0","1","0","0","0","Q3 evidence tree file; previously unstaged because Git metadata staging was blocked."
"catalog/scale/g8_q3_batch_repair/CUMCM-2020-D-004/pages/0016.txt","INCLUDE","1","0","1","0","0","0","Q3 evidence tree file; previously unstaged because Git metadata staging was blocked."
"catalog/scale/g8_q3_batch_repair/CUMCM-2020-D-004/pages/0017.txt","INCLUDE","1","0","1","0","0","0","Q3 evidence tree file; previously unstaged because Git metadata staging was blocked."
"catalog/scale/g8_q3_batch_repair/CUMCM-2020-D-004/pages/0018.txt","INCLUDE","1","0","1","0","0","0","Q3 evidence tree file; previously unstaged because Git metadata staging was blocked."
"catalog/scale/g8_q3_batch_repair/CUMCM-2020-D-004/pages/0019.txt","INCLUDE","1","0","1","0","0","0","Q3 evidence tree file; previously unstaged because Git metadata staging was blocked."
"catalog/scale/g8_q3_batch_repair/CUMCM-2020-D-004/pages/0020.txt","INCLUDE","1","0","1","0","0","0","Q3 evidence tree file; previously unstaged because Git metadata staging was blocked."
"catalog/scale/g8_q3_batch_repair/CUMCM-2020-D-004/pages/0021.txt","INCLUDE","1","0","1","0","0","0","Q3 evidence tree file; previously unstaged because Git metadata staging was blocked."
"catalog/scale/g8_q3_batch_repair/CUMCM-2020-D-004/pages/0022.txt","INCLUDE","1","0","1","0","0","0","Q3 evidence tree file; previously unstaged because Git metadata staging was blocked."
"catalog/scale/g8_q3_batch_repair/CUMCM-2020-D-004/pages/0023.txt","INCLUDE","1","0","1","0","0","0","Q3 evidence tree file; previously unstaged because Git metadata staging was blocked."
"catalog/scale/g8_q3_batch_repair/CUMCM-2020-D-004/pages/0024.txt","INCLUDE","1","0","1","0","0","0","Q3 evidence tree file; previously unstaged because Git metadata staging was blocked."
"catalog/scale/g8_q3_batch_repair/CUMCM-2020-D-004/pages/0025.txt","INCLUDE","1","0","1","0","0","0","Q3 evidence tree file; previously unstaged because Git metadata staging was blocked."
"catalog/scale/g8_q3_batch_repair/CUMCM-2020-D-004/pages/0026.txt","INCLUDE","1","0","1","0","0","0","Q3 evidence tree file; previously unstaged because Git metadata staging was blocked."
"catalog/scale/g8_q3_batch_repair/CUMCM-2020-D-004/pages/0027.txt","INCLUDE","1","0","1","0","0","0","Q3 evidence tree file; previously unstaged because Git metadata staging was blocked."
"catalog/scale/g8_q3_batch_repair/CUMCM-2020-D-004/pages/0028.txt","INCLUDE","1","0","1","0","0","0","Q3 evidence tree file; previously unstaged because Git metadata staging was blocked."
"catalog/scale/g8_q3_batch_repair/CUMCM-2020-D-004/pages/0029.txt","INCLUDE","1","0","1","0","0","0","Q3 evidence tree file; previously unstaged because Git metadata staging was blocked."
"catalog/scale/g8_q3_batch_repair/CUMCM-2020-D-004/pages/0030.txt","INCLUDE","1","0","1","0","0","0","Q3 evidence tree file; previously unstaged because Git metadata staging was blocked."
"catalog/scale/g8_q3_batch_repair/CUMCM-2020-D-004/pages/0031.txt","INCLUDE","1","0","1","0","0","0","Q3 evidence tree file; previously unstaged because Git metadata staging was blocked."
"catalog/scale/g8_q3_batch_repair/CUMCM-2020-D-004/pages/0032.txt","INCLUDE","1","0","1","0","0","0","Q3 evidence tree file; previously unstaged because Git metadata staging was blocked."
"catalog/scale/g8_q3_batch_repair/CUMCM-2020-D-004/pages/0033.txt","INCLUDE","1","0","1","0","0","0","Q3 evidence tree file; previously unstaged because Git metadata staging was blocked."
"catalog/scale/g8_q3_batch_repair/CUMCM-2020-D-004/pages/0034.txt","INCLUDE","1","0","1","0","0","0","Q3 evidence tree file; previously unstaged because Git metadata staging was blocked."
"catalog/scale/g8_q3_batch_repair/CUMCM-2020-D-004/pages/0035.txt","INCLUDE","1","0","1","0","0","0","Q3 evidence tree file; previously unstaged because Git metadata staging was blocked."
"catalog/scale/g8_q3_batch_repair/CUMCM-2020-D-004/pages/0036.txt","INCLUDE","1","0","1","0","0","0","Q3 evidence tree file; previously unstaged because Git metadata staging was blocked."
"catalog/scale/g8_q3_batch_repair/CUMCM-2020-D-004/pages/0037.txt","INCLUDE","1","0","1","0","0","0","Q3 evidence tree file; previously unstaged because Git metadata staging was blocked."
"catalog/scale/g8_q3_batch_repair/CUMCM-2020-D-004/pages/0038.txt","INCLUDE","1","0","1","0","0","0","Q3 evidence tree file; previously unstaged because Git metadata staging was blocked."
"catalog/scale/g8_q3_batch_repair/CUMCM-2020-D-004/pages/0039.txt","INCLUDE","1","0","1","0","0","0","Q3 evidence tree file; previously unstaged because Git metadata staging was blocked."
"catalog/scale/g8_q3_batch_repair/CUMCM-2020-D-004/pages/0040.txt","INCLUDE","1","0","1","0","0","0","Q3 evidence tree file; previously unstaged because Git metadata staging was blocked."
"catalog/scale/g8_q3_batch_repair/CUMCM-2020-D-004/pages/0041.txt","INCLUDE","1","0","1","0","0","0","Q3 evidence tree file; previously unstaged because Git metadata staging was blocked."
"catalog/scale/g8_q3_batch_repair/CUMCM-2020-D-004/pages/0042.txt","INCLUDE","1","0","1","0","0","0","Q3 evidence tree file; previously unstaged because Git metadata staging was blocked."
"catalog/scale/g8_q3_batch_repair/CUMCM-2020-D-004/pages/0043.txt","INCLUDE","1","0","1","0","0","0","Q3 evidence tree file; previously unstaged because Git metadata staging was blocked."
"catalog/scale/g8_q3_batch_repair/CUMCM-2020-D-004/pages/0044.txt","INCLUDE","1","0","1","0","0","0","Q3 evidence tree file; previously unstaged because Git metadata staging was blocked."
"catalog/scale/g8_q3_batch_repair/CUMCM-2020-D-004/pages/0045.txt","INCLUDE","1","0","1","0","0","0","Q3 evidence tree file; previously unstaged because Git metadata staging was blocked."
"catalog/scale/g8_q3_batch_repair/CUMCM-2020-D-004/pages/0046.txt","INCLUDE","1","0","1","0","0","0","Q3 evidence tree file; previously unstaged because Git metadata staging was blocked."
"catalog/scale/g8_q3_batch_repair/CUMCM-2020-D-004/pages/0047.txt","INCLUDE","1","0","1","0","0","0","Q3 evidence tree file; previously unstaged because Git metadata staging was blocked."
"catalog/scale/g8_q3_batch_repair/CUMCM-2020-D-004/pages/0048.txt","INCLUDE","1","0","1","0","0","0","Q3 evidence tree file; previously unstaged because Git metadata staging was blocked."
"catalog/scale/g8_q3_batch_repair/CUMCM-2020-D-004/pages/0049.txt","INCLUDE","1","0","1","0","0","0","Q3 evidence tree file; previously unstaged because Git metadata staging was blocked."
"catalog/scale/g8_q3_batch_repair/CUMCM-2020-D-004/pages/0050.txt","INCLUDE","1","0","1","0","0","0","Q3 evidence tree file; previously unstaged because Git metadata staging was blocked."
"catalog/scale/g8_q3_batch_repair/CUMCM-2020-D-004/pages/0051.txt","INCLUDE","1","0","1","0","0","0","Q3 evidence tree file; previously unstaged because Git metadata staging was blocked."
"catalog/scale/g8_q3_batch_repair/CUMCM-2020-D-004/pages/0052.txt","INCLUDE","1","0","1","0","0","0","Q3 evidence tree file; previously unstaged because Git metadata staging was blocked."
"catalog/scale/g8_q3_batch_repair/CUMCM-2020-D-004/pages/0053.txt","INCLUDE","1","0","1","0","0","0","Q3 evidence tree file; previously unstaged because Git metadata staging was blocked."
"catalog/scale/g8_q3_batch_repair/CUMCM-2020-D-004/pages/0054.txt","INCLUDE","1","0","1","0","0","0","Q3 evidence tree file; previously unstaged because Git metadata staging was blocked."
"catalog/scale/g8_q3_batch_repair/CUMCM-2020-D-004/pages/0055.txt","INCLUDE","1","0","1","0","0","0","Q3 evidence tree file; previously unstaged because Git metadata staging was blocked."
"catalog/scale/g8_q3_batch_repair/CUMCM-2020-D-004/pages/0056.txt","INCLUDE","1","0","1","0","0","0","Q3 evidence tree file; previously unstaged because Git metadata staging was blocked."
"catalog/scale/g8_q3_batch_repair/CUMCM-2020-D-004/pages/0057.txt","INCLUDE","1","0","1","0","0","0","Q3 evidence tree file; previously unstaged because Git metadata staging was blocked."
"catalog/scale/g8_q3_batch_repair/CUMCM-2020-D-004/pages/0058.txt","INCLUDE","1","0","1","0","0","0","Q3 evidence tree file; previously unstaged because Git metadata staging was blocked."
"catalog/scale/g8_q3_batch_repair/CUMCM-2020-D-004/pages/0059.txt","INCLUDE","1","0","1","0","0","0","Q3 evidence tree file; previously unstaged because Git metadata staging was blocked."
"catalog/scale/g8_q3_batch_repair/CUMCM-2020-D-004/pages/0060.txt","INCLUDE","1","0","1","0","0","0","Q3 evidence tree file; previously unstaged because Git metadata staging was blocked."
"catalog/scale/g8_q3_batch_repair/CUMCM-2020-D-004/pages/0061.txt","INCLUDE","1","0","1","0","0","0","Q3 evidence tree file; previously unstaged because Git metadata staging was blocked."
"catalog/scale/g8_q3_batch_repair/CUMCM-2020-D-004/pages/0062.txt","INCLUDE","1","0","1","0","0","0","Q3 evidence tree file; previously unstaged because Git metadata staging was blocked."
"catalog/scale/g8_q3_batch_repair/CUMCM-2020-D-004/pages/0063.txt","INCLUDE","1","0","1","0","0","0","Q3 evidence tree file; previously unstaged because Git metadata staging was blocked."
"catalog/scale/g8_q3_batch_repair/CUMCM-2020-D-004/pages/0064.txt","INCLUDE","1","0","1","0","0","0","Q3 evidence tree file; previously unstaged because Git metadata staging was blocked."
"catalog/scale/g8_q3_batch_repair/CUMCM-2020-D-004/pages/0065.txt","INCLUDE","1","0","1","0","0","0","Q3 evidence tree file; previously unstaged because Git metadata staging was blocked."
"catalog/scale/g8_q3_batch_repair/CUMCM-2020-D-004/pages/0066.txt","INCLUDE","1","0","1","0","0","0","Q3 evidence tree file; previously unstaged because Git metadata staging was blocked."
"catalog/scale/g8_q3_batch_repair/CUMCM-2020-D-004/pages/0067.txt","INCLUDE","1","0","1","0","0","0","Q3 evidence tree file; previously unstaged because Git metadata staging was blocked."
"catalog/scale/g8_q3_batch_repair/CUMCM-2020-D-004/pages/0068.txt","INCLUDE","1","0","1","0","0","0","Q3 evidence tree file; previously unstaged because Git metadata staging was blocked."
"catalog/scale/g8_q3_batch_repair/CUMCM-2020-D-004/pages/0069.txt","INCLUDE","1","0","1","0","0","0","Q3 evidence tree file; previously unstaged because Git metadata staging was blocked."
"catalog/scale/g8_q3_batch_repair/CUMCM-2020-D-004/pages/0070.txt","INCLUDE","1","0","1","0","0","0","Q3 evidence tree file; previously unstaged because Git metadata staging was blocked."
"catalog/scale/g8_q3_batch_repair/CUMCM-2020-D-004/pages/0071.txt","INCLUDE","1","0","1","0","0","0","Q3 evidence tree file; previously unstaged because Git metadata staging was blocked."
"catalog/scale/g8_q3_batch_repair/CUMCM-2020-D-004/pages/0072.txt","INCLUDE","1","0","1","0","0","0","Q3 evidence tree file; previously unstaged because Git metadata staging was blocked."
"catalog/scale/g8_q3_batch_repair/CUMCM-2020-D-004/pages/0073.txt","INCLUDE","1","0","1","0","0","0","Q3 evidence tree file; previously unstaged because Git metadata staging was blocked."
"catalog/scale/g8_q3_batch_repair/CUMCM-2020-D-004/pages/0074.txt","INCLUDE","1","0","1","0","0","0","Q3 evidence tree file; previously unstaged because Git metadata staging was blocked."
"catalog/scale/g8_q3_batch_repair/CUMCM-2020-D-004/pages/0075.txt","INCLUDE","1","0","1","0","0","0","Q3 evidence tree file; previously unstaged because Git metadata staging was blocked."
"catalog/scale/g8_q3_batch_repair/CUMCM-2020-D-004/pages/0076.txt","INCLUDE","1","0","1","0","0","0","Q3 evidence tree file; previously unstaged because Git metadata staging was blocked."
"catalog/scale/g8_q3_batch_repair/CUMCM-2020-D-004/pages/0077.txt","INCLUDE","1","0","1","0","0","0","Q3 evidence tree file; previously unstaged because Git metadata staging was blocked."
"catalog/scale/g8_q3_batch_repair/CUMCM-2020-D-004/provenance.json","INCLUDE","1","0","1","0","0","0","Q3 evidence tree file; previously unstaged because Git metadata staging was blocked."
"catalog/scale/g8_q3_batch_repair/CUMCM-2020-D-004/quality.json","INCLUDE","1","0","1","0","0","0","Q3 evidence tree file; previously unstaged because Git metadata staging was blocked."
"catalog/scale/g8_q3_pilot_extraction_quarantine/current_refinement_invalid/20260902T134704174291_30625ec2/CUMCM-1993-B-003/manifest.json","INCLUDE","1","0","0","0","1","0","Historical 161-path delta: Q3 pilot extraction quarantine evidence retained by the established INCLUDE rules."
"catalog/scale/g8_q3_pilot_extraction_quarantine/current_refinement_invalid/20260902T134704174291_30625ec2/CUMCM-1993-B-003/normalized_body.txt","INCLUDE","1","0","0","0","1","0","Historical 161-path delta: Q3 pilot extraction quarantine evidence retained by the established INCLUDE rules."
"catalog/scale/g8_q3_pilot_extraction_quarantine/current_refinement_invalid/20260902T134704174291_30625ec2/CUMCM-1993-B-003/pages/0001.txt","INCLUDE","1","0","0","0","1","0","Historical 161-path delta: Q3 pilot extraction quarantine evidence retained by the established INCLUDE rules."
"catalog/scale/g8_q3_pilot_extraction_quarantine/current_refinement_invalid/20260902T134704174291_30625ec2/CUMCM-1993-B-003/pages/0002.txt","INCLUDE","1","0","0","0","1","0","Historical 161-path delta: Q3 pilot extraction quarantine evidence retained by the established INCLUDE rules."
"catalog/scale/g8_q3_pilot_extraction_quarantine/current_refinement_invalid/20260902T134704174291_30625ec2/CUMCM-1995-A-004/manifest.json","INCLUDE","1","0","0","0","1","0","Historical 161-path delta: Q3 pilot extraction quarantine evidence retained by the established INCLUDE rules."
"catalog/scale/g8_q3_pilot_extraction_quarantine/current_refinement_invalid/20260902T134704174291_30625ec2/CUMCM-1995-A-004/normalized_body.txt","INCLUDE","1","0","0","0","1","0","Historical 161-path delta: Q3 pilot extraction quarantine evidence retained by the established INCLUDE rules."
"catalog/scale/g8_q3_pilot_extraction_quarantine/current_refinement_invalid/20260902T134704174291_30625ec2/CUMCM-1995-A-004/pages/0001.txt","INCLUDE","1","0","0","0","1","0","Historical 161-path delta: Q3 pilot extraction quarantine evidence retained by the established INCLUDE rules."
"catalog/scale/g8_q3_pilot_extraction_quarantine/current_refinement_invalid/20260902T134704174291_30625ec2/CUMCM-1995-A-004/pages/0002.txt","INCLUDE","1","0","0","0","1","0","Historical 161-path delta: Q3 pilot extraction quarantine evidence retained by the established INCLUDE rules."
"catalog/scale/g8_q3_pilot_extraction_quarantine/current_refinement_invalid/20260902T134704174291_30625ec2/CUMCM-1995-A-007/manifest.json","INCLUDE","1","0","0","0","1","0","Historical 161-path delta: Q3 pilot extraction quarantine evidence retained by the established INCLUDE rules."
"catalog/scale/g8_q3_pilot_extraction_quarantine/current_refinement_invalid/20260902T134704174291_30625ec2/CUMCM-1995-A-007/normalized_body.txt","INCLUDE","1","0","0","0","1","0","Historical 161-path delta: Q3 pilot extraction quarantine evidence retained by the established INCLUDE rules."
"catalog/scale/g8_q3_pilot_extraction_quarantine/current_refinement_invalid/20260902T134704174291_30625ec2/CUMCM-1995-A-007/pages/0001.txt","INCLUDE","1","0","0","0","1","0","Historical 161-path delta: Q3 pilot extraction quarantine evidence retained by the established INCLUDE rules."
"catalog/scale/g8_q3_pilot_extraction_quarantine/current_refinement_invalid/20260902T134704174291_30625ec2/CUMCM-1995-A-007/pages/0002.txt","INCLUDE","1","0","0","0","1","0","Historical 161-path delta: Q3 pilot extraction quarantine evidence retained by the established INCLUDE rules."
"catalog/scale/g8_q3_pilot_extraction_quarantine/current_refinement_invalid/20260902T134704174291_30625ec2/CUMCM-2020-D-003/manifest.json","INCLUDE","1","0","0","0","1","0","Historical 161-path delta: Q3 pilot extraction quarantine evidence retained by the established INCLUDE rules."
"catalog/scale/g8_q3_pilot_extraction_quarantine/current_refinement_invalid/20260902T134704174291_30625ec2/CUMCM-2020-D-003/normalized_body.txt","INCLUDE","1","0","0","0","1","0","Historical 161-path delta: Q3 pilot extraction quarantine evidence retained by the established INCLUDE rules."
"catalog/scale/g8_q3_pilot_extraction_quarantine/current_refinement_invalid/20260902T134704174291_30625ec2/CUMCM-2020-D-003/pages/0001.txt","INCLUDE","1","0","0","0","1","0","Historical 161-path delta: Q3 pilot extraction quarantine evidence retained by the established INCLUDE rules."
"catalog/scale/g8_q3_pilot_extraction_quarantine/current_refinement_invalid/20260902T134704174291_30625ec2/CUMCM-2020-D-003/pages/0002.txt","INCLUDE","1","0","0","0","1","0","Historical 161-path delta: Q3 pilot extraction quarantine evidence retained by the established INCLUDE rules."
"catalog/scale/g8_q3_pilot_extraction_quarantine/current_refinement_invalid/20260902T134704174291_30625ec2/CUMCM-2020-D-003/pages/0003.txt","INCLUDE","1","0","0","0","1","0","Historical 161-path delta: Q3 pilot extraction quarantine evidence retained by the established INCLUDE rules."
"catalog/scale/g8_q3_pilot_extraction_quarantine/current_refinement_invalid/20260902T134704174291_30625ec2/CUMCM-2020-D-003/pages/0004.txt","INCLUDE","1","0","0","0","1","0","Historical 161-path delta: Q3 pilot extraction quarantine evidence retained by the established INCLUDE rules."
"catalog/scale/g8_q3_pilot_extraction_quarantine/current_refinement_invalid/20260902T134704174291_30625ec2/CUMCM-2020-D-003/pages/0005.txt","INCLUDE","1","0","0","0","1","0","Historical 161-path delta: Q3 pilot extraction quarantine evidence retained by the established INCLUDE rules."
"catalog/scale/g8_q3_pilot_extraction_quarantine/current_refinement_invalid/20260902T134704174291_30625ec2/CUMCM-2020-D-003/pages/0006.txt","INCLUDE","1","0","0","0","1","0","Historical 161-path delta: Q3 pilot extraction quarantine evidence retained by the established INCLUDE rules."
"catalog/scale/g8_q3_pilot_extraction_quarantine/current_refinement_invalid/20260902T134704174291_30625ec2/CUMCM-2020-D-003/pages/0007.txt","INCLUDE","1","0","0","0","1","0","Historical 161-path delta: Q3 pilot extraction quarantine evidence retained by the established INCLUDE rules."
"catalog/scale/g8_q3_pilot_extraction_quarantine/current_refinement_invalid/20260902T134704174291_30625ec2/CUMCM-2020-D-003/pages/0008.txt","INCLUDE","1","0","0","0","1","0","Historical 161-path delta: Q3 pilot extraction quarantine evidence retained by the established INCLUDE rules."
"catalog/scale/g8_q3_pilot_extraction_quarantine/current_refinement_invalid/20260902T134704174291_30625ec2/CUMCM-2020-D-003/pages/0009.txt","INCLUDE","1","0","0","0","1","0","Historical 161-path delta: Q3 pilot extraction quarantine evidence retained by the established INCLUDE rules."
"catalog/scale/g8_q3_pilot_extraction_quarantine/current_refinement_invalid/20260902T134704174291_30625ec2/CUMCM-2020-D-003/pages/0010.txt","INCLUDE","1","0","0","0","1","0","Historical 161-path delta: Q3 pilot extraction quarantine evidence retained by the established INCLUDE rules."
"catalog/scale/g8_q3_pilot_extraction_quarantine/current_refinement_invalid/20260902T134704174291_30625ec2/CUMCM-2020-D-003/pages/0011.txt","INCLUDE","1","0","0","0","1","0","Historical 161-path delta: Q3 pilot extraction quarantine evidence retained by the established INCLUDE rules."
"catalog/scale/g8_q3_pilot_extraction_quarantine/current_refinement_invalid/20260902T134704174291_30625ec2/CUMCM-2020-D-003/pages/0012.txt","INCLUDE","1","0","0","0","1","0","Historical 161-path delta: Q3 pilot extraction quarantine evidence retained by the established INCLUDE rules."
"catalog/scale/g8_q3_pilot_extraction_quarantine/current_refinement_invalid/20260902T134704174291_30625ec2/CUMCM-2020-D-003/pages/0013.txt","INCLUDE","1","0","0","0","1","0","Historical 161-path delta: Q3 pilot extraction quarantine evidence retained by the established INCLUDE rules."
"catalog/scale/g8_q3_pilot_extraction_quarantine/current_refinement_invalid/20260902T134704174291_30625ec2/CUMCM-2020-D-003/pages/0014.txt","INCLUDE","1","0","0","0","1","0","Historical 161-path delta: Q3 pilot extraction quarantine evidence retained by the established INCLUDE rules."
"catalog/scale/g8_q3_pilot_extraction_quarantine/current_refinement_invalid/20260902T134704174291_30625ec2/CUMCM-2020-D-003/pages/0015.txt","INCLUDE","1","0","0","0","1","0","Historical 161-path delta: Q3 pilot extraction quarantine evidence retained by the established INCLUDE rules."
"catalog/scale/g8_q3_pilot_extraction_quarantine/current_refinement_invalid/20260902T134704174291_30625ec2/CUMCM-2020-D-003/pages/0016.txt","INCLUDE","1","0","0","0","1","0","Historical 161-path delta: Q3 pilot extraction quarantine evidence retained by the established INCLUDE rules."
"catalog/scale/g8_q3_pilot_extraction_quarantine/current_refinement_invalid/20260902T134704174291_30625ec2/CUMCM-2020-D-003/pages/0017.txt","INCLUDE","1","0","0","0","1","0","Historical 161-path delta: Q3 pilot extraction quarantine evidence retained by the established INCLUDE rules."
"catalog/scale/g8_q3_pilot_extraction_quarantine/current_refinement_invalid/20260902T134704174291_30625ec2/CUMCM-2020-D-003/pages/0018.txt","INCLUDE","1","0","0","0","1","0","Historical 161-path delta: Q3 pilot extraction quarantine evidence retained by the established INCLUDE rules."
"catalog/scale/g8_q3_pilot_extraction_quarantine/current_refinement_invalid/20260902T134704174291_30625ec2/CUMCM-2020-D-003/pages/0019.txt","INCLUDE","1","0","0","0","1","0","Historical 161-path delta: Q3 pilot extraction quarantine evidence retained by the established INCLUDE rules."
"catalog/scale/g8_q3_pilot_extraction_quarantine/current_refinement_invalid/20260902T134704174291_30625ec2/CUMCM-2020-D-003/pages/0020.txt","INCLUDE","1","0","0","0","1","0","Historical 161-path delta: Q3 pilot extraction quarantine evidence retained by the established INCLUDE rules."
"catalog/scale/g8_q3_pilot_extraction_quarantine/current_refinement_invalid/20260902T134704174291_30625ec2/CUMCM-2020-D-003/pages/0021.txt","INCLUDE","1","0","0","0","1","0","Historical 161-path delta: Q3 pilot extraction quarantine evidence retained by the established INCLUDE rules."
"catalog/scale/g8_q3_pilot_extraction_quarantine/current_refinement_invalid/20260902T134704174291_30625ec2/CUMCM-2020-D-003/pages/0022.txt","INCLUDE","1","0","0","0","1","0","Historical 161-path delta: Q3 pilot extraction quarantine evidence retained by the established INCLUDE rules."
"catalog/scale/g8_q3_pilot_extraction_quarantine/current_refinement_invalid/20260902T134704174291_30625ec2/CUMCM-2020-D-003/pages/0023.txt","INCLUDE","1","0","0","0","1","0","Historical 161-path delta: Q3 pilot extraction quarantine evidence retained by the established INCLUDE rules."
"catalog/scale/g8_q3_pilot_extraction_quarantine/current_refinement_invalid/20260902T134704174291_30625ec2/CUMCM-2020-D-003/pages/0024.txt","INCLUDE","1","0","0","0","1","0","Historical 161-path delta: Q3 pilot extraction quarantine evidence retained by the established INCLUDE rules."
"catalog/scale/g8_q3_pilot_extraction_quarantine/current_refinement_invalid/20260902T134704174291_30625ec2/CUMCM-2020-D-003/pages/0025.txt","INCLUDE","1","0","0","0","1","0","Historical 161-path delta: Q3 pilot extraction quarantine evidence retained by the established INCLUDE rules."
"catalog/scale/g8_q3_pilot_extraction_quarantine/current_refinement_invalid/20260902T134704174291_30625ec2/CUMCM-2020-D-003/pages/0026.txt","INCLUDE","1","0","0","0","1","0","Historical 161-path delta: Q3 pilot extraction quarantine evidence retained by the established INCLUDE rules."
"catalog/scale/g8_q3_pilot_extraction_quarantine/current_refinement_invalid/20260902T134704174291_30625ec2/CUMCM-2020-D-003/pages/0027.txt","INCLUDE","1","0","0","0","1","0","Historical 161-path delta: Q3 pilot extraction quarantine evidence retained by the established INCLUDE rules."
"catalog/scale/g8_q3_pilot_extraction_quarantine/current_refinement_invalid/20260902T134704174291_30625ec2/CUMCM-2020-D-003/pages/0028.txt","INCLUDE","1","0","0","0","1","0","Historical 161-path delta: Q3 pilot extraction quarantine evidence retained by the established INCLUDE rules."
"catalog/scale/g8_q3_pilot_extraction_quarantine/current_refinement_invalid/20260902T134704174291_30625ec2/CUMCM-2020-D-003/pages/0029.txt","INCLUDE","1","0","0","0","1","0","Historical 161-path delta: Q3 pilot extraction quarantine evidence retained by the established INCLUDE rules."
"catalog/scale/g8_q3_pilot_extraction_quarantine/current_refinement_invalid/20260902T134704174291_30625ec2/CUMCM-2020-D-003/pages/0030.txt","INCLUDE","1","0","0","0","1","0","Historical 161-path delta: Q3 pilot extraction quarantine evidence retained by the established INCLUDE rules."
"catalog/scale/g8_q3_pilot_extraction_quarantine/current_refinement_invalid/20260902T134704174291_30625ec2/CUMCM-2020-D-003/pages/0031.txt","INCLUDE","1","0","0","0","1","0","Historical 161-path delta: Q3 pilot extraction quarantine evidence retained by the established INCLUDE rules."
"catalog/scale/g8_q3_pilot_extraction_quarantine/current_refinement_invalid/20260902T134704174291_30625ec2/CUMCM-2020-D-003/pages/0032.txt","INCLUDE","1","0","0","0","1","0","Historical 161-path delta: Q3 pilot extraction quarantine evidence retained by the established INCLUDE rules."
"catalog/scale/g8_q3_pilot_extraction_quarantine/current_refinement_invalid/20260902T134704174291_30625ec2/CUMCM-2020-D-003/pages/0033.txt","INCLUDE","1","0","0","0","1","0","Historical 161-path delta: Q3 pilot extraction quarantine evidence retained by the established INCLUDE rules."
"catalog/scale/g8_q3_pilot_extraction_quarantine/current_refinement_invalid/20260902T134704174291_30625ec2/CUMCM-2020-D-003/pages/0034.txt","INCLUDE","1","0","0","0","1","0","Historical 161-path delta: Q3 pilot extraction quarantine evidence retained by the established INCLUDE rules."
"catalog/scale/g8_q3_pilot_extraction_quarantine/current_refinement_invalid/20260902T134704174291_30625ec2/CUMCM-2020-D-003/pages/0035.txt","INCLUDE","1","0","0","0","1","0","Historical 161-path delta: Q3 pilot extraction quarantine evidence retained by the established INCLUDE rules."
"catalog/scale/g8_q3_pilot_extraction_quarantine/current_refinement_invalid/20260902T134704174291_30625ec2/CUMCM-2020-D-003/pages/0036.txt","INCLUDE","1","0","0","0","1","0","Historical 161-path delta: Q3 pilot extraction quarantine evidence retained by the established INCLUDE rules."
"catalog/scale/g8_q3_pilot_extraction_quarantine/current_refinement_invalid/20260902T134704174291_30625ec2/CUMCM-2020-D-003/pages/0037.txt","INCLUDE","1","0","0","0","1","0","Historical 161-path delta: Q3 pilot extraction quarantine evidence retained by the established INCLUDE rules."
"catalog/scale/g8_q3_pilot_extraction_quarantine/current_refinement_invalid/20260902T134704174291_30625ec2/CUMCM-2020-D-003/pages/0038.txt","INCLUDE","1","0","0","0","1","0","Historical 161-path delta: Q3 pilot extraction quarantine evidence retained by the established INCLUDE rules."
"catalog/scale/g8_q3_pilot_extraction_quarantine/current_refinement_invalid/20260902T134704174291_30625ec2/CUMCM-2020-D-003/pages/0039.txt","INCLUDE","1","0","0","0","1","0","Historical 161-path delta: Q3 pilot extraction quarantine evidence retained by the established INCLUDE rules."
"catalog/scale/g8_q3_pilot_extraction_quarantine/current_refinement_invalid/20260902T134704174291_30625ec2/CUMCM-2020-D-003/pages/0040.txt","INCLUDE","1","0","0","0","1","0","Historical 161-path delta: Q3 pilot extraction quarantine evidence retained by the established INCLUDE rules."
"catalog/scale/g8_q3_pilot_extraction_quarantine/current_refinement_invalid/20260902T134704174291_30625ec2/CUMCM-2020-D-003/pages/0041.txt","INCLUDE","1","0","0","0","1","0","Historical 161-path delta: Q3 pilot extraction quarantine evidence retained by the established INCLUDE rules."
"catalog/scale/g8_q3_pilot_extraction_quarantine/current_refinement_invalid/20260902T134704174291_30625ec2/CUMCM-2020-D-003/pages/0042.txt","INCLUDE","1","0","0","0","1","0","Historical 161-path delta: Q3 pilot extraction quarantine evidence retained by the established INCLUDE rules."
"catalog/scale/g8_q3_pilot_extraction_quarantine/current_refinement_invalid/20260902T134704174291_30625ec2/CUMCM-2020-D-003/pages/0043.txt","INCLUDE","1","0","0","0","1","0","Historical 161-path delta: Q3 pilot extraction quarantine evidence retained by the established INCLUDE rules."
"catalog/scale/g8_q3_pilot_extraction_quarantine/current_refinement_invalid/20260902T134704174291_30625ec2/CUMCM-2020-D-003/pages/0044.txt","INCLUDE","1","0","0","0","1","0","Historical 161-path delta: Q3 pilot extraction quarantine evidence retained by the established INCLUDE rules."
"catalog/scale/g8_q3_pilot_extraction_quarantine/current_refinement_invalid/20260902T134704174291_30625ec2/CUMCM-2020-D-003/pages/0045.txt","INCLUDE","1","0","0","0","1","0","Historical 161-path delta: Q3 pilot extraction quarantine evidence retained by the established INCLUDE rules."
"catalog/scale/g8_q3_pilot_extraction_quarantine/current_refinement_invalid/20260902T134704174291_30625ec2/CUMCM-2020-D-003/pages/0046.txt","INCLUDE","1","0","0","0","1","0","Historical 161-path delta: Q3 pilot extraction quarantine evidence retained by the established INCLUDE rules."
"catalog/scale/g8_q3_pilot_extraction_quarantine/current_refinement_invalid/20260902T134704174291_30625ec2/CUMCM-2020-D-003/pages/0047.txt","INCLUDE","1","0","0","0","1","0","Historical 161-path delta: Q3 pilot extraction quarantine evidence retained by the established INCLUDE rules."
"catalog/scale/g8_q3_pilot_extraction_quarantine/current_refinement_invalid/20260902T134704174291_30625ec2/CUMCM-2020-D-003/pages/0048.txt","INCLUDE","1","0","0","0","1","0","Historical 161-path delta: Q3 pilot extraction quarantine evidence retained by the established INCLUDE rules."
"catalog/scale/g8_q3_pilot_extraction_quarantine/current_refinement_invalid/20260902T134704174291_30625ec2/CUMCM-2020-D-003/pages/0049.txt","INCLUDE","1","0","0","0","1","0","Historical 161-path delta: Q3 pilot extraction quarantine evidence retained by the established INCLUDE rules."
"catalog/scale/g8_q3_pilot_extraction_quarantine/current_refinement_invalid/20260902T134704174291_30625ec2/CUMCM-2020-D-003/pages/0050.txt","INCLUDE","1","0","0","0","1","0","Historical 161-path delta: Q3 pilot extraction quarantine evidence retained by the established INCLUDE rules."
"catalog/scale/g8_q3_pilot_extraction_quarantine/current_refinement_invalid/20260902T134704174291_30625ec2/CUMCM-2020-D-003/pages/0051.txt","INCLUDE","1","0","0","0","1","0","Historical 161-path delta: Q3 pilot extraction quarantine evidence retained by the established INCLUDE rules."
"catalog/scale/g8_q3_pilot_extraction_quarantine/current_refinement_invalid/20260902T134704174291_30625ec2/CUMCM-2020-D-003/pages/0052.txt","INCLUDE","1","0","0","0","1","0","Historical 161-path delta: Q3 pilot extraction quarantine evidence retained by the established INCLUDE rules."
"catalog/scale/g8_q3_pilot_extraction_quarantine/current_refinement_invalid/20260902T134704174291_30625ec2/CUMCM-2020-D-003/pages/0053.txt","INCLUDE","1","0","0","0","1","0","Historical 161-path delta: Q3 pilot extraction quarantine evidence retained by the established INCLUDE rules."
"catalog/scale/g8_q3_pilot_extraction_quarantine/current_refinement_invalid/20260902T134704174291_30625ec2/CUMCM-2020-D-003/pages/0054.txt","INCLUDE","1","0","0","0","1","0","Historical 161-path delta: Q3 pilot extraction quarantine evidence retained by the established INCLUDE rules."
"catalog/scale/g8_q3_pilot_extraction_quarantine/current_refinement_invalid/20260902T134704174291_30625ec2/CUMCM-2020-D-003/pages/0055.txt","INCLUDE","1","0","0","0","1","0","Historical 161-path delta: Q3 pilot extraction quarantine evidence retained by the established INCLUDE rules."
"catalog/scale/g8_q3_pilot_extraction_quarantine/current_refinement_invalid/20260902T134704174291_30625ec2/CUMCM-2020-D-003/pages/0056.txt","INCLUDE","1","0","0","0","1","0","Historical 161-path delta: Q3 pilot extraction quarantine evidence retained by the established INCLUDE rules."
"catalog/scale/g8_q3_pilot_extraction_quarantine/current_refinement_invalid/20260902T134704174291_30625ec2/CUMCM-2020-D-003/pages/0057.txt","INCLUDE","1","0","0","0","1","0","Historical 161-path delta: Q3 pilot extraction quarantine evidence retained by the established INCLUDE rules."
"catalog/scale/g8_q3_pilot_extraction_quarantine/current_refinement_invalid/20260902T134704174291_30625ec2/CUMCM-2020-D-003/pages/0058.txt","INCLUDE","1","0","0","0","1","0","Historical 161-path delta: Q3 pilot extraction quarantine evidence retained by the established INCLUDE rules."
"catalog/scale/g8_q3_pilot_extraction_quarantine/current_refinement_invalid/20260902T134704174291_30625ec2/CUMCM-2020-D-003/pages/0059.txt","INCLUDE","1","0","0","0","1","0","Historical 161-path delta: Q3 pilot extraction quarantine evidence retained by the established INCLUDE rules."
"catalog/scale/g8_q3_pilot_extraction_quarantine/current_refinement_invalid/20260902T134704174291_30625ec2/CUMCM-2020-D-003/pages/0060.txt","INCLUDE","1","0","0","0","1","0","Historical 161-path delta: Q3 pilot extraction quarantine evidence retained by the established INCLUDE rules."
"catalog/scale/g8_q3_pilot_extraction_quarantine/current_refinement_invalid/20260902T134704174291_30625ec2/CUMCM-2020-D-003/pages/0061.txt","INCLUDE","1","0","0","0","1","0","Historical 161-path delta: Q3 pilot extraction quarantine evidence retained by the established INCLUDE rules."
"catalog/scale/g8_q3_pilot_extraction_quarantine/current_refinement_invalid/20260902T134704174291_30625ec2/CUMCM-2020-D-003/pages/0062.txt","INCLUDE","1","0","0","0","1","0","Historical 161-path delta: Q3 pilot extraction quarantine evidence retained by the established INCLUDE rules."
"catalog/scale/g8_q3_pilot_extraction_quarantine/current_refinement_invalid/20260902T134704174291_30625ec2/CUMCM-2020-D-003/pages/0063.txt","INCLUDE","1","0","0","0","1","0","Historical 161-path delta: Q3 pilot extraction quarantine evidence retained by the established INCLUDE rules."
"catalog/scale/g8_q3_pilot_extraction_quarantine/current_refinement_invalid/20260902T134704174291_30625ec2/CUMCM-2020-D-003/pages/0064.txt","INCLUDE","1","0","0","0","1","0","Historical 161-path delta: Q3 pilot extraction quarantine evidence retained by the established INCLUDE rules."
"catalog/scale/g8_q3_pilot_extraction_quarantine/current_refinement_invalid/20260902T134704174291_30625ec2/CUMCM-2020-D-003/pages/0065.txt","INCLUDE","1","0","0","0","1","0","Historical 161-path delta: Q3 pilot extraction quarantine evidence retained by the established INCLUDE rules."
"catalog/scale/g8_q3_pilot_extraction_quarantine/current_refinement_invalid/20260902T134704174291_30625ec2/CUMCM-2020-D-003/pages/0066.txt","INCLUDE","1","0","0","0","1","0","Historical 161-path delta: Q3 pilot extraction quarantine evidence retained by the established INCLUDE rules."
"catalog/scale/g8_q3_pilot_extraction_quarantine/current_refinement_invalid/20260902T134704174291_30625ec2/CUMCM-2020-D-003/pages/0067.txt","INCLUDE","1","0","0","0","1","0","Historical 161-path delta: Q3 pilot extraction quarantine evidence retained by the established INCLUDE rules."
"catalog/scale/g8_q3_pilot_extraction_quarantine/current_refinement_invalid/20260902T134704174291_30625ec2/CUMCM-2020-D-003/pages/0068.txt","INCLUDE","1","0","0","0","1","0","Historical 161-path delta: Q3 pilot extraction quarantine evidence retained by the established INCLUDE rules."
"catalog/scale/g8_q3_pilot_extraction_quarantine/current_refinement_invalid/20260902T134704174291_30625ec2/CUMCM-2020-D-003/pages/0069.txt","INCLUDE","1","0","0","0","1","0","Historical 161-path delta: Q3 pilot extraction quarantine evidence retained by the established INCLUDE rules."
"catalog/scale/g8_q3_pilot_extraction_quarantine/current_refinement_invalid/20260902T134704174291_30625ec2/CUMCM-2020-D-003/pages/0070.txt","INCLUDE","1","0","0","0","1","0","Historical 161-path delta: Q3 pilot extraction quarantine evidence retained by the established INCLUDE rules."
"catalog/scale/g8_q3_pilot_extraction_quarantine/current_refinement_invalid/20260902T134704174291_30625ec2/CUMCM-2020-D-003/pages/0071.txt","INCLUDE","1","0","0","0","1","0","Historical 161-path delta: Q3 pilot extraction quarantine evidence retained by the established INCLUDE rules."
"catalog/scale/g8_q3_pilot_extraction_quarantine/current_refinement_invalid/20260902T134704174291_30625ec2/CUMCM-2020-D-003/pages/0072.txt","INCLUDE","1","0","0","0","1","0","Historical 161-path delta: Q3 pilot extraction quarantine evidence retained by the established INCLUDE rules."
"catalog/scale/g8_q3_pilot_extraction_quarantine/current_refinement_invalid/20260902T134704174291_30625ec2/CUMCM-2020-D-003/pages/0073.txt","INCLUDE","1","0","0","0","1","0","Historical 161-path delta: Q3 pilot extraction quarantine evidence retained by the established INCLUDE rules."
"catalog/scale/g8_q3_pilot_extraction_quarantine/current_refinement_invalid/20260902T134704174291_30625ec2/CUMCM-2020-D-003/pages/0074.txt","INCLUDE","1","0","0","0","1","0","Historical 161-path delta: Q3 pilot extraction quarantine evidence retained by the established INCLUDE rules."
"catalog/scale/g8_q3_pilot_extraction_quarantine/current_refinement_invalid/20260902T134704174291_30625ec2/CUMCM-2020-D-003/pages/0075.txt","INCLUDE","1","0","0","0","1","0","Historical 161-path delta: Q3 pilot extraction quarantine evidence retained by the established INCLUDE rules."
"catalog/scale/g8_q3_pilot_extraction_quarantine/current_refinement_invalid/20260902T134704174291_30625ec2/CUMCM-2020-D-003/pages/0076.txt","INCLUDE","1","0","0","0","1","0","Historical 161-path delta: Q3 pilot extraction quarantine evidence retained by the established INCLUDE rules."
"catalog/scale/g8_q3_pilot_extraction_quarantine/current_refinement_invalid/20260902T134704174291_30625ec2/CUMCM-2020-D-003/pages/0077.txt","INCLUDE","1","0","0","0","1","0","Historical 161-path delta: Q3 pilot extraction quarantine evidence retained by the established INCLUDE rules."
"catalog/scale/g8_q3_pilot_extraction_quarantine/current_refinement_invalid/20260902T134704174291_30625ec2/CUMCM-2020-D-003/pages/0078.txt","INCLUDE","1","0","0","0","1","0","Historical 161-path delta: Q3 pilot extraction quarantine evidence retained by the established INCLUDE rules."
"catalog/scale/g8_q3_pilot_extraction_quarantine/current_refinement_invalid/20260902T134704174291_30625ec2/CUMCM-2020-D-003/pages/0079.txt","INCLUDE","1","0","0","0","1","0","Historical 161-path delta: Q3 pilot extraction quarantine evidence retained by the established INCLUDE rules."
"catalog/scale/g8_q3_pilot_extraction_quarantine/current_refinement_invalid/20260902T134704174291_30625ec2/CUMCM-2020-D-003/pages/0080.txt","INCLUDE","1","0","0","0","1","0","Historical 161-path delta: Q3 pilot extraction quarantine evidence retained by the established INCLUDE rules."
"catalog/scale/g8_q3_pilot_extraction_quarantine/current_refinement_invalid/20260902T134704174291_30625ec2/CUMCM-2020-D-003/pages/0081.txt","INCLUDE","1","0","0","0","1","0","Historical 161-path delta: Q3 pilot extraction quarantine evidence retained by the established INCLUDE rules."
"catalog/scale/g8_q3_pilot_extraction_quarantine/current_refinement_invalid/20260902T134704174291_30625ec2/CUMCM-2020-D-003/pages/0082.txt","INCLUDE","1","0","0","0","1","0","Historical 161-path delta: Q3 pilot extraction quarantine evidence retained by the established INCLUDE rules."
"catalog/scale/g8_q3_pilot_extraction_quarantine/current_refinement_invalid/20260902T134704174291_30625ec2/CUMCM-2020-D-003/pages/0083.txt","INCLUDE","1","0","0","0","1","0","Historical 161-path delta: Q3 pilot extraction quarantine evidence retained by the established INCLUDE rules."
"catalog/scale/g8_q3_pilot_extraction_quarantine/current_refinement_invalid/20260902T134704174291_30625ec2/CUMCM-2020-D-003/pages/0084.txt","INCLUDE","1","0","0","0","1","0","Historical 161-path delta: Q3 pilot extraction quarantine evidence retained by the established INCLUDE rules."
"catalog/scale/g8_q3_pilot_extraction_quarantine/current_refinement_invalid/20260902T134704174291_30625ec2/CUMCM-2020-D-003/pages/0085.txt","INCLUDE","1","0","0","0","1","0","Historical 161-path delta: Q3 pilot extraction quarantine evidence retained by the established INCLUDE rules."
"catalog/scale/g8_q3_pilot_extraction_quarantine/current_refinement_invalid/20260902T134704174291_30625ec2/CUMCM-2020-D-003/pages/0086.txt","INCLUDE","1","0","0","0","1","0","Historical 161-path delta: Q3 pilot extraction quarantine evidence retained by the established INCLUDE rules."
"catalog/scale/g8_q3_pilot_extraction_quarantine/current_refinement_invalid/20260902T134704174291_30625ec2/CUMCM-2020-D-003/pages/0087.txt","INCLUDE","1","0","0","0","1","0","Historical 161-path delta: Q3 pilot extraction quarantine evidence retained by the established INCLUDE rules."
"catalog/scale/g8_q3_pilot_extraction_quarantine/current_refinement_invalid/20260902T134704174291_30625ec2/CUMCM-2020-D-003/pages/0088.txt","INCLUDE","1","0","0","0","1","0","Historical 161-path delta: Q3 pilot extraction quarantine evidence retained by the established INCLUDE rules."
"catalog/scale/g8_q3_pilot_extraction_quarantine/current_refinement_invalid/20260902T134704174291_30625ec2/CUMCM-2020-D-003/pages/0089.txt","INCLUDE","1","0","0","0","1","0","Historical 161-path delta: Q3 pilot extraction quarantine evidence retained by the established INCLUDE rules."
"catalog/scale/g8_q3_pilot_extraction_quarantine/current_refinement_invalid/20260902T134704174291_30625ec2/CUMCM-2020-D-003/pages/0090.txt","INCLUDE","1","0","0","0","1","0","Historical 161-path delta: Q3 pilot extraction quarantine evidence retained by the established INCLUDE rules."
"catalog/scale/g8_q3_pilot_extraction_quarantine/current_refinement_invalid/20260902T134704174291_30625ec2/CUMCM-2020-D-003/pages/0091.txt","INCLUDE","1","0","0","0","1","0","Historical 161-path delta: Q3 pilot extraction quarantine evidence retained by the established INCLUDE rules."
"catalog/scale/g8_q3_pilot_extraction_quarantine/current_refinement_invalid/20260902T134704174291_30625ec2/CUMCM-2020-D-003/pages/0092.txt","INCLUDE","1","0","0","0","1","0","Historical 161-path delta: Q3 pilot extraction quarantine evidence retained by the established INCLUDE rules."
"catalog/scale/g8_q3_pilot_extraction_quarantine/current_refinement_invalid/20260902T134704174291_30625ec2/CUMCM-2020-D-003/pages/0093.txt","INCLUDE","1","0","0","0","1","0","Historical 161-path delta: Q3 pilot extraction quarantine evidence retained by the established INCLUDE rules."
"catalog/scale/g8_q3_pilot_extraction_quarantine/current_refinement_invalid/20260902T134704174291_30625ec2/CUMCM-2020-D-003/pages/0094.txt","INCLUDE","1","0","0","0","1","0","Historical 161-path delta: Q3 pilot extraction quarantine evidence retained by the established INCLUDE rules."
"catalog/scale/g8_q3_pilot_extraction_quarantine/current_refinement_invalid/20260902T134704174291_30625ec2/CUMCM-2020-D-003/pages/0095.txt","INCLUDE","1","0","0","0","1","0","Historical 161-path delta: Q3 pilot extraction quarantine evidence retained by the established INCLUDE rules."
"catalog/scale/g8_q3_pilot_extraction_quarantine/current_refinement_invalid/20260902T134704174291_30625ec2/CUMCM-2020-D-003/pages/0096.txt","INCLUDE","1","0","0","0","1","0","Historical 161-path delta: Q3 pilot extraction quarantine evidence retained by the established INCLUDE rules."
"catalog/scale/g8_q3_pilot_extraction_quarantine/current_refinement_invalid/20260902T134704174291_30625ec2/CUMCM-2020-D-003/pages/0097.txt","INCLUDE","1","0","0","0","1","0","Historical 161-path delta: Q3 pilot extraction quarantine evidence retained by the established INCLUDE rules."
"catalog/scale/g8_q3_pilot_extraction_quarantine/current_refinement_invalid/20260902T134704174291_30625ec2/CUMCM-2020-D-003/pages/0098.txt","INCLUDE","1","0","0","0","1","0","Historical 161-path delta: Q3 pilot extraction quarantine evidence retained by the established INCLUDE rules."
"catalog/scale/g8_q3_pilot_extraction_quarantine/current_refinement_invalid/20260902T134704174291_30625ec2/CUMCM-2020-D-003/pages/0099.txt","INCLUDE","1","0","0","0","1","0","Historical 161-path delta: Q3 pilot extraction quarantine evidence retained by the established INCLUDE rules."
"catalog/scale/g8_q3_pilot_extraction_quarantine/current_refinement_invalid/20260902T134704174291_30625ec2/CUMCM-2020-D-003/pages/0100.txt","INCLUDE","1","0","0","0","1","0","Historical 161-path delta: Q3 pilot extraction quarantine evidence retained by the established INCLUDE rules."
"catalog/scale/g8_q3_pilot_extraction_quarantine/current_refinement_invalid/20260902T134704174291_30625ec2/CUMCM-2020-D-003/pages/0101.txt","INCLUDE","1","0","0","0","1","0","Historical 161-path delta: Q3 pilot extraction quarantine evidence retained by the established INCLUDE rules."
"catalog/scale/g8_q3_pilot_extraction_quarantine/current_refinement_invalid/20260902T134704174291_30625ec2/CUMCM-2020-D-003/pages/0102.txt","INCLUDE","1","0","0","0","1","0","Historical 161-path delta: Q3 pilot extraction quarantine evidence retained by the established INCLUDE rules."
"catalog/scale/g8_q3_pilot_extraction_quarantine/current_refinement_invalid/20260902T134704174291_30625ec2/CUMCM-2020-D-003/pages/0103.txt","INCLUDE","1","0","0","0","1","0","Historical 161-path delta: Q3 pilot extraction quarantine evidence retained by the established INCLUDE rules."
"catalog/scale/g8_q3_pilot_extraction_quarantine/current_refinement_invalid/20260902T134704174291_30625ec2/CUMCM-2020-D-003/pages/0104.txt","INCLUDE","1","0","0","0","1","0","Historical 161-path delta: Q3 pilot extraction quarantine evidence retained by the established INCLUDE rules."
"catalog/scale/g8_q3_pilot_extraction_quarantine/current_refinement_invalid/20260902T134704174291_30625ec2/CUMCM-2020-D-003/pages/0105.txt","INCLUDE","1","0","0","0","1","0","Historical 161-path delta: Q3 pilot extraction quarantine evidence retained by the established INCLUDE rules."
"catalog/scale/g8_q3_pilot_extraction_quarantine/current_refinement_invalid/20260902T134704174291_30625ec2/CUMCM-2020-D-003/pages/0106.txt","INCLUDE","1","0","0","0","1","0","Historical 161-path delta: Q3 pilot extraction quarantine evidence retained by the established INCLUDE rules."
"catalog/scale/g8_q3_pilot_extraction_quarantine/current_refinement_invalid/20260902T134704174291_30625ec2/CUMCM-2020-D-003/pages/0107.txt","INCLUDE","1","0","0","0","1","0","Historical 161-path delta: Q3 pilot extraction quarantine evidence retained by the established INCLUDE rules."
"catalog/scale/g8_q3_pilot_extraction_quarantine/current_refinement_invalid/20260902T134704174291_30625ec2/CUMCM-2020-D-003/pages/0108.txt","INCLUDE","1","0","0","0","1","0","Historical 161-path delta: Q3 pilot extraction quarantine evidence retained by the established INCLUDE rules."
"catalog/scale/g8_q3_pilot_extraction_quarantine/current_refinement_invalid/20260902T134704174291_30625ec2/CUMCM-2020-D-003/pages/0109.txt","INCLUDE","1","0","0","0","1","0","Historical 161-path delta: Q3 pilot extraction quarantine evidence retained by the established INCLUDE rules."
"catalog/scale/g8_q3_pilot_extraction_quarantine/current_refinement_invalid/20260902T134704174291_30625ec2/CUMCM-2020-D-003/pages/0110.txt","INCLUDE","1","0","0","0","1","0","Historical 161-path delta: Q3 pilot extraction quarantine evidence retained by the established INCLUDE rules."
"catalog/scale/g8_q3_pilot_extraction_quarantine/current_refinement_invalid/20260902T134704174291_30625ec2/CUMCM-2020-D-003/pages/0111.txt","INCLUDE","1","0","0","0","1","0","Historical 161-path delta: Q3 pilot extraction quarantine evidence retained by the established INCLUDE rules."
"catalog/scale/g8_q3_pilot_extraction_quarantine/current_refinement_invalid/20260902T134704174291_30625ec2/CUMCM-2020-D-003/pages/0112.txt","INCLUDE","1","0","0","0","1","0","Historical 161-path delta: Q3 pilot extraction quarantine evidence retained by the established INCLUDE rules."
"catalog/scale/g8_q3_pilot_extraction_quarantine/current_refinement_invalid/20260902T134704174291_30625ec2/CUMCM-2020-D-003/pages/0113.txt","INCLUDE","1","0","0","0","1","0","Historical 161-path delta: Q3 pilot extraction quarantine evidence retained by the established INCLUDE rules."
"catalog/scale/g8_q3_pilot_extraction_quarantine/current_refinement_invalid/20260902T134704174291_30625ec2/CUMCM-2020-D-003/pages/0114.txt","INCLUDE","1","0","0","0","1","0","Historical 161-path delta: Q3 pilot extraction quarantine evidence retained by the established INCLUDE rules."
"catalog/scale/g8_q3_pilot_extraction_quarantine/current_refinement_invalid/20260902T134704174291_30625ec2/CUMCM-2020-D-003/pages/0115.txt","INCLUDE","1","0","0","0","1","0","Historical 161-path delta: Q3 pilot extraction quarantine evidence retained by the established INCLUDE rules."
"catalog/scale/g8_q3_pilot_extraction_quarantine/current_refinement_invalid/20260902T134704174291_30625ec2/CUMCM-2020-D-003/pages/0116.txt","INCLUDE","1","0","0","0","1","0","Historical 161-path delta: Q3 pilot extraction quarantine evidence retained by the established INCLUDE rules."
"catalog/scale/g8_q3_pilot_extraction_quarantine/current_refinement_invalid/20260902T134704174291_30625ec2/CUMCM-2020-D-003/pages/0117.txt","INCLUDE","1","0","0","0","1","0","Historical 161-path delta: Q3 pilot extraction quarantine evidence retained by the established INCLUDE rules."
"catalog/scale/g8_q3_pilot_extraction_quarantine/current_refinement_invalid/20260902T134704174291_30625ec2/CUMCM-2020-D-003/pages/0118.txt","INCLUDE","1","0","0","0","1","0","Historical 161-path delta: Q3 pilot extraction quarantine evidence retained by the established INCLUDE rules."
"catalog/scale/g8_q3_pilot_extraction_quarantine/current_refinement_invalid/20260902T134704174291_30625ec2/CUMCM-2020-D-003/pages/0119.txt","INCLUDE","1","0","0","0","1","0","Historical 161-path delta: Q3 pilot extraction quarantine evidence retained by the established INCLUDE rules."
"catalog/scale/g8_q3_pilot_extraction_quarantine/current_refinement_invalid/20260902T134704174291_30625ec2/CUMCM-2020-D-003/pages/0120.txt","INCLUDE","1","0","0","0","1","0","Historical 161-path delta: Q3 pilot extraction quarantine evidence retained by the established INCLUDE rules."
"catalog/scale/g8_q3_pilot_extraction_quarantine/current_refinement_invalid/20260902T134704174291_30625ec2/CUMCM-2020-D-003/pages/0121.txt","INCLUDE","1","0","0","0","1","0","Historical 161-path delta: Q3 pilot extraction quarantine evidence retained by the established INCLUDE rules."
"catalog/scale/g8_q3_pilot_extraction_quarantine/current_refinement_invalid/20260902T134704174291_30625ec2/CUMCM-2020-D-003/pages/0122.txt","INCLUDE","1","0","0","0","1","0","Historical 161-path delta: Q3 pilot extraction quarantine evidence retained by the established INCLUDE rules."
"catalog/scale/g8_q3_pilot_extraction_quarantine/current_refinement_invalid/20260902T134704174291_30625ec2/CUMCM-2020-D-003/pages/0123.txt","INCLUDE","1","0","0","0","1","0","Historical 161-path delta: Q3 pilot extraction quarantine evidence retained by the established INCLUDE rules."
"catalog/scale/g8_q3_pilot_extraction_quarantine/current_refinement_invalid/20260902T134704174291_30625ec2/CUMCM-2020-D-003/pages/0124.txt","INCLUDE","1","0","0","0","1","0","Historical 161-path delta: Q3 pilot extraction quarantine evidence retained by the established INCLUDE rules."
"catalog/scale/g8_q3_pilot_extraction_quarantine/current_refinement_invalid/20260902T134704174291_30625ec2/CUMCM-2020-D-003/pages/0125.txt","INCLUDE","1","0","0","0","1","0","Historical 161-path delta: Q3 pilot extraction quarantine evidence retained by the established INCLUDE rules."
"catalog/scale/g8_q3_pilot_extraction_quarantine/current_refinement_invalid/20260902T134704174291_30625ec2/CUMCM-2020-D-003/pages/0126.txt","INCLUDE","1","0","0","0","1","0","Historical 161-path delta: Q3 pilot extraction quarantine evidence retained by the established INCLUDE rules."
"catalog/scale/g8_q3_pilot_extraction_quarantine/current_refinement_invalid/20260902T134704174291_30625ec2/CUMCM-2020-D-003/pages/0127.txt","INCLUDE","1","0","0","0","1","0","Historical 161-path delta: Q3 pilot extraction quarantine evidence retained by the established INCLUDE rules."
"catalog/scale/g8_q3_pilot_extraction_quarantine/current_refinement_invalid/20260902T134704174291_30625ec2/CUMCM-2020-D-003/pages/0128.txt","INCLUDE","1","0","0","0","1","0","Historical 161-path delta: Q3 pilot extraction quarantine evidence retained by the established INCLUDE rules."
"catalog/scale/g8_q3_pilot_extraction_quarantine/current_refinement_invalid/20260902T134704174291_30625ec2/CUMCM-2020-D-003/pages/0129.txt","INCLUDE","1","0","0","0","1","0","Historical 161-path delta: Q3 pilot extraction quarantine evidence retained by the established INCLUDE rules."
"catalog/scale/g8_q3_pilot_extraction_quarantine/current_refinement_invalid/20260902T134704174291_30625ec2/CUMCM-2020-D-003/pages/0130.txt","INCLUDE","1","0","0","0","1","0","Historical 161-path delta: Q3 pilot extraction quarantine evidence retained by the established INCLUDE rules."
"catalog/scale/g8_q3_pilot_extraction_quarantine/current_refinement_invalid/20260902T134704174291_30625ec2/CUMCM-2020-D-003/pages/0131.txt","INCLUDE","1","0","0","0","1","0","Historical 161-path delta: Q3 pilot extraction quarantine evidence retained by the established INCLUDE rules."
"catalog/scale/g8_q3_pilot_extraction_quarantine/current_refinement_invalid/20260902T134704174291_30625ec2/CUMCM-2020-D-003/pages/0132.txt","INCLUDE","1","0","0","0","1","0","Historical 161-path delta: Q3 pilot extraction quarantine evidence retained by the established INCLUDE rules."
"catalog/scale/g8_q3_pilot_extraction_quarantine/current_refinement_invalid/20260902T134704174291_30625ec2/CUMCM-2020-D-003/pages/0133.txt","INCLUDE","1","0","0","0","1","0","Historical 161-path delta: Q3 pilot extraction quarantine evidence retained by the established INCLUDE rules."
"catalog/scale/g8_q3_pilot_extraction_quarantine/current_refinement_invalid/20260902T134704174291_30625ec2/CUMCM-2020-D-003/pages/0134.txt","INCLUDE","1","0","0","0","1","0","Historical 161-path delta: Q3 pilot extraction quarantine evidence retained by the established INCLUDE rules."
"catalog/scale/g8_q3_pilot_extraction_quarantine/current_refinement_invalid/20260902T134704174291_30625ec2/CUMCM-2020-D-003/pages/0135.txt","INCLUDE","1","0","0","0","1","0","Historical 161-path delta: Q3 pilot extraction quarantine evidence retained by the established INCLUDE rules."
"catalog/scale/g8_q3_pilot_extraction_quarantine/text_layer_quality_gap_v1/CUMCM-1993-B-003/manifest.json","INCLUDE","1","0","0","0","1","0","Historical 161-path delta: Q3 pilot extraction quarantine evidence retained by the established INCLUDE rules."
"catalog/scale/g8_q3_pilot_extraction_quarantine/text_layer_quality_gap_v1/CUMCM-1993-B-003/normalized_body.txt","INCLUDE","1","0","0","0","1","0","Historical 161-path delta: Q3 pilot extraction quarantine evidence retained by the established INCLUDE rules."
"catalog/scale/g8_q3_pilot_extraction_quarantine/text_layer_quality_gap_v1/CUMCM-1993-B-003/pages/0001.txt","INCLUDE","1","0","0","0","1","0","Historical 161-path delta: Q3 pilot extraction quarantine evidence retained by the established INCLUDE rules."
"catalog/scale/g8_q3_pilot_extraction_quarantine/text_layer_quality_gap_v1/CUMCM-1993-B-003/pages/0002.txt","INCLUDE","1","0","0","0","1","0","Historical 161-path delta: Q3 pilot extraction quarantine evidence retained by the established INCLUDE rules."
"catalog/scale/g8_q3_pilot_extraction_quarantine/text_layer_quality_gap_v1/CUMCM-1995-A-004/manifest.json","INCLUDE","1","0","0","0","1","0","Historical 161-path delta: Q3 pilot extraction quarantine evidence retained by the established INCLUDE rules."
"catalog/scale/g8_q3_pilot_extraction_quarantine/text_layer_quality_gap_v1/CUMCM-1995-A-004/normalized_body.txt","INCLUDE","1","0","0","0","1","0","Historical 161-path delta: Q3 pilot extraction quarantine evidence retained by the established INCLUDE rules."
"catalog/scale/g8_q3_pilot_extraction_quarantine/text_layer_quality_gap_v1/CUMCM-1995-A-004/pages/0001.txt","INCLUDE","1","0","0","0","1","0","Historical 161-path delta: Q3 pilot extraction quarantine evidence retained by the established INCLUDE rules."
"catalog/scale/g8_q3_pilot_extraction_quarantine/text_layer_quality_gap_v1/CUMCM-1995-A-004/pages/0002.txt","INCLUDE","1","0","0","0","1","0","Historical 161-path delta: Q3 pilot extraction quarantine evidence retained by the established INCLUDE rules."
"catalog/scale/g8_q3_pilot_extraction_quarantine/text_layer_quality_gap_v1/CUMCM-1995-A-007/manifest.json","INCLUDE","1","0","0","0","1","0","Historical 161-path delta: Q3 pilot extraction quarantine evidence retained by the established INCLUDE rules."
"catalog/scale/g8_q3_pilot_extraction_quarantine/text_layer_quality_gap_v1/CUMCM-1995-A-007/normalized_body.txt","INCLUDE","1","0","0","0","1","0","Historical 161-path delta: Q3 pilot extraction quarantine evidence retained by the established INCLUDE rules."
"catalog/scale/g8_q3_pilot_extraction_quarantine/text_layer_quality_gap_v1/CUMCM-1995-A-007/pages/0001.txt","INCLUDE","1","0","0","0","1","0","Historical 161-path delta: Q3 pilot extraction quarantine evidence retained by the established INCLUDE rules."
"catalog/scale/g8_q3_pilot_extraction_quarantine/text_layer_quality_gap_v1/CUMCM-1995-A-007/pages/0002.txt","INCLUDE","1","0","0","0","1","0","Historical 161-path delta: Q3 pilot extraction quarantine evidence retained by the established INCLUDE rules."
"catalog/scale/g8_q3_pilot_extraction/CUMCM-1992-A-004/manifest.json","INCLUDE","1","0","0","1","0","0","Q3 evidence tree file; previously unstaged because Git metadata staging was blocked."
"catalog/scale/g8_q3_pilot_extraction/CUMCM-1992-A-004/normalized_body.txt","INCLUDE","1","0","0","1","0","0","Q3 evidence tree file; previously unstaged because Git metadata staging was blocked."
"catalog/scale/g8_q3_pilot_extraction/CUMCM-1992-A-004/pages/0001.txt","INCLUDE","1","0","0","1","0","0","Q3 evidence tree file; previously unstaged because Git metadata staging was blocked."
"catalog/scale/g8_q3_pilot_extraction/CUMCM-1992-A-004/pages/0002.txt","INCLUDE","1","0","0","1","0","0","Q3 evidence tree file; previously unstaged because Git metadata staging was blocked."
"catalog/scale/g8_q3_pilot_extraction/CUMCM-1992-A-004/pages/0003.txt","INCLUDE","1","0","0","1","0","0","Q3 evidence tree file; previously unstaged because Git metadata staging was blocked."
"catalog/scale/g8_q3_pilot_extraction/CUMCM-1993-B-003/manifest.json","INCLUDE","1","0","0","1","0","0","Q3 evidence tree file; previously unstaged because Git metadata staging was blocked."
"catalog/scale/g8_q3_pilot_extraction/CUMCM-1993-B-003/normalized_body.txt","INCLUDE","1","0","0","1","0","0","Q3 evidence tree file; previously unstaged because Git metadata staging was blocked."
"catalog/scale/g8_q3_pilot_extraction/CUMCM-1993-B-003/pages/0001.txt","INCLUDE","1","0","0","1","0","0","Q3 evidence tree file; previously unstaged because Git metadata staging was blocked."
"catalog/scale/g8_q3_pilot_extraction/CUMCM-1993-B-003/pages/0002.txt","INCLUDE","1","0","0","1","0","0","Q3 evidence tree file; previously unstaged because Git metadata staging was blocked."
"catalog/scale/g8_q3_pilot_extraction/CUMCM-1995-A-004/manifest.json","INCLUDE","1","0","0","1","0","0","Q3 evidence tree file; previously unstaged because Git metadata staging was blocked."
"catalog/scale/g8_q3_pilot_extraction/CUMCM-1995-A-004/normalized_body.txt","INCLUDE","1","0","0","1","0","0","Q3 evidence tree file; previously unstaged because Git metadata staging was blocked."
"catalog/scale/g8_q3_pilot_extraction/CUMCM-1995-A-004/pages/0001.txt","INCLUDE","1","0","0","1","0","0","Q3 evidence tree file; previously unstaged because Git metadata staging was blocked."
"catalog/scale/g8_q3_pilot_extraction/CUMCM-1995-A-004/pages/0002.txt","INCLUDE","1","0","0","1","0","0","Q3 evidence tree file; previously unstaged because Git metadata staging was blocked."
"catalog/scale/g8_q3_pilot_extraction/CUMCM-1995-A-007/manifest.json","INCLUDE","1","0","0","1","0","0","Q3 evidence tree file; previously unstaged because Git metadata staging was blocked."
"catalog/scale/g8_q3_pilot_extraction/CUMCM-1995-A-007/normalized_body.txt","INCLUDE","1","0","0","1","0","0","Q3 evidence tree file; previously unstaged because Git metadata staging was blocked."
"catalog/scale/g8_q3_pilot_extraction/CUMCM-1995-A-007/pages/0001.txt","INCLUDE","1","0","0","1","0","0","Q3 evidence tree file; previously unstaged because Git metadata staging was blocked."
"catalog/scale/g8_q3_pilot_extraction/CUMCM-1995-A-007/pages/0002.txt","INCLUDE","1","0","0","1","0","0","Q3 evidence tree file; previously unstaged because Git metadata staging was blocked."
"catalog/scale/g8_q3_pilot_extraction/CUMCM-2020-B-002/manifest.json","INCLUDE","1","0","0","1","0","0","Q3 evidence tree file; previously unstaged because Git metadata staging was blocked."
"catalog/scale/g8_q3_pilot_extraction/CUMCM-2020-B-002/normalized_body.txt","INCLUDE","1","0","0","1","0","0","Q3 evidence tree file; previously unstaged because Git metadata staging was blocked."
"catalog/scale/g8_q3_pilot_extraction/CUMCM-2020-B-002/pages/0001.txt","INCLUDE","1","0","0","1","0","0","Q3 evidence tree file; previously unstaged because Git metadata staging was blocked."
"catalog/scale/g8_q3_pilot_extraction/CUMCM-2020-B-002/pages/0002.txt","INCLUDE","1","0","0","1","0","0","Q3 evidence tree file; previously unstaged because Git metadata staging was blocked."
"catalog/scale/g8_q3_pilot_extraction/CUMCM-2020-B-002/pages/0003.txt","INCLUDE","1","0","0","1","0","0","Q3 evidence tree file; previously unstaged because Git metadata staging was blocked."
"catalog/scale/g8_q3_pilot_extraction/CUMCM-2020-B-002/pages/0004.txt","INCLUDE","1","0","0","1","0","0","Q3 evidence tree file; previously unstaged because Git metadata staging was blocked."
"catalog/scale/g8_q3_pilot_extraction/CUMCM-2020-B-002/pages/0005.txt","INCLUDE","1","0","0","1","0","0","Q3 evidence tree file; previously unstaged because Git metadata staging was blocked."
"catalog/scale/g8_q3_pilot_extraction/CUMCM-2020-B-002/pages/0006.txt","INCLUDE","1","0","0","1","0","0","Q3 evidence tree file; previously unstaged because Git metadata staging was blocked."
"catalog/scale/g8_q3_pilot_extraction/CUMCM-2020-B-002/pages/0007.txt","INCLUDE","1","0","0","1","0","0","Q3 evidence tree file; previously unstaged because Git metadata staging was blocked."
"catalog/scale/g8_q3_pilot_extraction/CUMCM-2020-B-002/pages/0008.txt","INCLUDE","1","0","0","1","0","0","Q3 evidence tree file; previously unstaged because Git metadata staging was blocked."
"catalog/scale/g8_q3_pilot_extraction/CUMCM-2020-B-002/pages/0009.txt","INCLUDE","1","0","0","1","0","0","Q3 evidence tree file; previously unstaged because Git metadata staging was blocked."
"catalog/scale/g8_q3_pilot_extraction/CUMCM-2020-B-002/pages/0010.txt","INCLUDE","1","0","0","1","0","0","Q3 evidence tree file; previously unstaged because Git metadata staging was blocked."
"catalog/scale/g8_q3_pilot_extraction/CUMCM-2020-B-002/pages/0011.txt","INCLUDE","1","0","0","1","0","0","Q3 evidence tree file; previously unstaged because Git metadata staging was blocked."
"catalog/scale/g8_q3_pilot_extraction/CUMCM-2020-B-002/pages/0012.txt","INCLUDE","1","0","0","1","0","0","Q3 evidence tree file; previously unstaged because Git metadata staging was blocked."
"catalog/scale/g8_q3_pilot_extraction/CUMCM-2020-B-002/pages/0013.txt","INCLUDE","1","0","0","1","0","0","Q3 evidence tree file; previously unstaged because Git metadata staging was blocked."
"catalog/scale/g8_q3_pilot_extraction/CUMCM-2020-B-002/pages/0014.txt","INCLUDE","1","0","0","1","0","0","Q3 evidence tree file; previously unstaged because Git metadata staging was blocked."
"catalog/scale/g8_q3_pilot_extraction/CUMCM-2020-B-002/pages/0015.txt","INCLUDE","1","0","0","1","0","0","Q3 evidence tree file; previously unstaged because Git metadata staging was blocked."
"catalog/scale/g8_q3_pilot_extraction/CUMCM-2020-B-002/pages/0016.txt","INCLUDE","1","0","0","1","0","0","Q3 evidence tree file; previously unstaged because Git metadata staging was blocked."
"catalog/scale/g8_q3_pilot_extraction/CUMCM-2020-B-002/pages/0017.txt","INCLUDE","1","0","0","1","0","0","Q3 evidence tree file; previously unstaged because Git metadata staging was blocked."
"catalog/scale/g8_q3_pilot_extraction/CUMCM-2020-B-002/pages/0018.txt","INCLUDE","1","0","0","1","0","0","Q3 evidence tree file; previously unstaged because Git metadata staging was blocked."
"catalog/scale/g8_q3_pilot_extraction/CUMCM-2020-B-002/pages/0019.txt","INCLUDE","1","0","0","1","0","0","Q3 evidence tree file; previously unstaged because Git metadata staging was blocked."
"catalog/scale/g8_q3_pilot_extraction/CUMCM-2020-B-002/pages/0020.txt","INCLUDE","1","0","0","1","0","0","Q3 evidence tree file; previously unstaged because Git metadata staging was blocked."
"catalog/scale/g8_q3_pilot_extraction/CUMCM-2020-B-002/pages/0021.txt","INCLUDE","1","0","0","1","0","0","Q3 evidence tree file; previously unstaged because Git metadata staging was blocked."
"catalog/scale/g8_q3_pilot_extraction/CUMCM-2020-B-002/pages/0022.txt","INCLUDE","1","0","0","1","0","0","Q3 evidence tree file; previously unstaged because Git metadata staging was blocked."
"catalog/scale/g8_q3_pilot_extraction/CUMCM-2020-B-002/pages/0023.txt","INCLUDE","1","0","0","1","0","0","Q3 evidence tree file; previously unstaged because Git metadata staging was blocked."
"catalog/scale/g8_q3_pilot_extraction/CUMCM-2020-B-002/pages/0024.txt","INCLUDE","1","0","0","1","0","0","Q3 evidence tree file; previously unstaged because Git metadata staging was blocked."
"catalog/scale/g8_q3_pilot_extraction/CUMCM-2020-B-002/pages/0025.txt","INCLUDE","1","0","0","1","0","0","Q3 evidence tree file; previously unstaged because Git metadata staging was blocked."
"catalog/scale/g8_q3_pilot_extraction/CUMCM-2020-B-002/pages/0026.txt","INCLUDE","1","0","0","1","0","0","Q3 evidence tree file; previously unstaged because Git metadata staging was blocked."
"catalog/scale/g8_q3_pilot_extraction/CUMCM-2020-B-002/pages/0027.txt","INCLUDE","1","0","0","1","0","0","Q3 evidence tree file; previously unstaged because Git metadata staging was blocked."
"catalog/scale/g8_q3_pilot_extraction/CUMCM-2020-B-002/pages/0028.txt","INCLUDE","1","0","0","1","0","0","Q3 evidence tree file; previously unstaged because Git metadata staging was blocked."
"catalog/scale/g8_q3_pilot_extraction/CUMCM-2020-B-002/pages/0029.txt","INCLUDE","1","0","0","1","0","0","Q3 evidence tree file; previously unstaged because Git metadata staging was blocked."
"catalog/scale/g8_q3_pilot_extraction/CUMCM-2020-B-002/pages/0030.txt","INCLUDE","1","0","0","1","0","0","Q3 evidence tree file; previously unstaged because Git metadata staging was blocked."
"catalog/scale/g8_q3_pilot_extraction/CUMCM-2020-B-002/pages/0031.txt","INCLUDE","1","0","0","1","0","0","Q3 evidence tree file; previously unstaged because Git metadata staging was blocked."
"catalog/scale/g8_q3_pilot_extraction/CUMCM-2020-B-002/pages/0032.txt","INCLUDE","1","0","0","1","0","0","Q3 evidence tree file; previously unstaged because Git metadata staging was blocked."
"catalog/scale/g8_q3_pilot_extraction/CUMCM-2020-B-002/pages/0033.txt","INCLUDE","1","0","0","1","0","0","Q3 evidence tree file; previously unstaged because Git metadata staging was blocked."
"catalog/scale/g8_q3_pilot_extraction/CUMCM-2020-B-002/pages/0034.txt","INCLUDE","1","0","0","1","0","0","Q3 evidence tree file; previously unstaged because Git metadata staging was blocked."
"catalog/scale/g8_q3_pilot_extraction/CUMCM-2020-B-002/pages/0035.txt","INCLUDE","1","0","0","1","0","0","Q3 evidence tree file; previously unstaged because Git metadata staging was blocked."
"catalog/scale/g8_q3_pilot_extraction/CUMCM-2020-B-002/pages/0036.txt","INCLUDE","1","0","0","1","0","0","Q3 evidence tree file; previously unstaged because Git metadata staging was blocked."
"catalog/scale/g8_q3_pilot_extraction/CUMCM-2020-B-002/pages/0037.txt","INCLUDE","1","0","0","1","0","0","Q3 evidence tree file; previously unstaged because Git metadata staging was blocked."
"catalog/scale/g8_q3_pilot_extraction/CUMCM-2020-B-002/pages/0038.txt","INCLUDE","1","0","0","1","0","0","Q3 evidence tree file; previously unstaged because Git metadata staging was blocked."
"catalog/scale/g8_q3_pilot_extraction/CUMCM-2020-B-002/pages/0039.txt","INCLUDE","1","0","0","1","0","0","Q3 evidence tree file; previously unstaged because Git metadata staging was blocked."
"catalog/scale/g8_q3_pilot_extraction/CUMCM-2020-B-002/pages/0040.txt","INCLUDE","1","0","0","1","0","0","Q3 evidence tree file; previously unstaged because Git metadata staging was blocked."
"catalog/scale/g8_q3_pilot_extraction/CUMCM-2020-B-002/pages/0041.txt","INCLUDE","1","0","0","1","0","0","Q3 evidence tree file; previously unstaged because Git metadata staging was blocked."
"catalog/scale/g8_q3_pilot_extraction/CUMCM-2020-B-002/pages/0042.txt","INCLUDE","1","0","0","1","0","0","Q3 evidence tree file; previously unstaged because Git metadata staging was blocked."
"catalog/scale/g8_q3_pilot_extraction/CUMCM-2020-B-002/pages/0043.txt","INCLUDE","1","0","0","1","0","0","Q3 evidence tree file; previously unstaged because Git metadata staging was blocked."
"catalog/scale/g8_q3_pilot_extraction/CUMCM-2020-B-002/pages/0044.txt","INCLUDE","1","0","0","1","0","0","Q3 evidence tree file; previously unstaged because Git metadata staging was blocked."
"catalog/scale/g8_q3_pilot_extraction/CUMCM-2020-B-002/pages/0045.txt","INCLUDE","1","0","0","1","0","0","Q3 evidence tree file; previously unstaged because Git metadata staging was blocked."
"catalog/scale/g8_q3_pilot_extraction/CUMCM-2020-B-002/pages/0046.txt","INCLUDE","1","0","0","1","0","0","Q3 evidence tree file; previously unstaged because Git metadata staging was blocked."
"catalog/scale/g8_q3_pilot_extraction/CUMCM-2020-B-002/pages/0047.txt","INCLUDE","1","0","0","1","0","0","Q3 evidence tree file; previously unstaged because Git metadata staging was blocked."
"catalog/scale/g8_q3_pilot_extraction/CUMCM-2020-B-002/pages/0048.txt","INCLUDE","1","0","0","1","0","0","Q3 evidence tree file; previously unstaged because Git metadata staging was blocked."
"catalog/scale/g8_q3_pilot_extraction/CUMCM-2020-B-002/pages/0049.txt","INCLUDE","1","0","0","1","0","0","Q3 evidence tree file; previously unstaged because Git metadata staging was blocked."
"catalog/scale/g8_q3_pilot_extraction/CUMCM-2020-B-002/pages/0050.txt","INCLUDE","1","0","0","1","0","0","Q3 evidence tree file; previously unstaged because Git metadata staging was blocked."
"catalog/scale/g8_q3_pilot_extraction/CUMCM-2020-B-002/pages/0051.txt","INCLUDE","1","0","0","1","0","0","Q3 evidence tree file; previously unstaged because Git metadata staging was blocked."
"catalog/scale/g8_q3_pilot_extraction/CUMCM-2020-B-002/pages/0052.txt","INCLUDE","1","0","0","1","0","0","Q3 evidence tree file; previously unstaged because Git metadata staging was blocked."
"catalog/scale/g8_q3_pilot_extraction/CUMCM-2020-B-002/pages/0053.txt","INCLUDE","1","0","0","1","0","0","Q3 evidence tree file; previously unstaged because Git metadata staging was blocked."
"catalog/scale/g8_q3_pilot_extraction/CUMCM-2020-B-002/pages/0054.txt","INCLUDE","1","0","0","1","0","0","Q3 evidence tree file; previously unstaged because Git metadata staging was blocked."
"catalog/scale/g8_q3_pilot_extraction/CUMCM-2020-B-002/pages/0055.txt","INCLUDE","1","0","0","1","0","0","Q3 evidence tree file; previously unstaged because Git metadata staging was blocked."
"catalog/scale/g8_q3_pilot_extraction/CUMCM-2020-B-002/pages/0056.txt","INCLUDE","1","0","0","1","0","0","Q3 evidence tree file; previously unstaged because Git metadata staging was blocked."
"catalog/scale/g8_q3_pilot_extraction/CUMCM-2020-B-002/pages/0057.txt","INCLUDE","1","0","0","1","0","0","Q3 evidence tree file; previously unstaged because Git metadata staging was blocked."
"catalog/scale/g8_q3_pilot_extraction/CUMCM-2020-B-002/pages/0058.txt","INCLUDE","1","0","0","1","0","0","Q3 evidence tree file; previously unstaged because Git metadata staging was blocked."
"catalog/scale/g8_q3_pilot_extraction/CUMCM-2020-B-002/pages/0059.txt","INCLUDE","1","0","0","1","0","0","Q3 evidence tree file; previously unstaged because Git metadata staging was blocked."
"catalog/scale/g8_q3_pilot_extraction/CUMCM-2020-B-002/pages/0060.txt","INCLUDE","1","0","0","1","0","0","Q3 evidence tree file; previously unstaged because Git metadata staging was blocked."
"catalog/scale/g8_q3_pilot_extraction/CUMCM-2020-B-002/pages/0061.txt","INCLUDE","1","0","0","1","0","0","Q3 evidence tree file; previously unstaged because Git metadata staging was blocked."
"catalog/scale/g8_q3_pilot_extraction/CUMCM-2020-B-002/pages/0062.txt","INCLUDE","1","0","0","1","0","0","Q3 evidence tree file; previously unstaged because Git metadata staging was blocked."
"catalog/scale/g8_q3_pilot_extraction/CUMCM-2020-B-002/pages/0063.txt","INCLUDE","1","0","0","1","0","0","Q3 evidence tree file; previously unstaged because Git metadata staging was blocked."
"catalog/scale/g8_q3_pilot_extraction/CUMCM-2020-B-002/pages/0064.txt","INCLUDE","1","0","0","1","0","0","Q3 evidence tree file; previously unstaged because Git metadata staging was blocked."
"catalog/scale/g8_q3_pilot_extraction/CUMCM-2020-B-002/pages/0065.txt","INCLUDE","1","0","0","1","0","0","Q3 evidence tree file; previously unstaged because Git metadata staging was blocked."
"catalog/scale/g8_q3_pilot_extraction/CUMCM-2020-B-002/pages/0066.txt","INCLUDE","1","0","0","1","0","0","Q3 evidence tree file; previously unstaged because Git metadata staging was blocked."
"catalog/scale/g8_q3_pilot_extraction/CUMCM-2020-B-002/pages/0067.txt","INCLUDE","1","0","0","1","0","0","Q3 evidence tree file; previously unstaged because Git metadata staging was blocked."
"catalog/scale/g8_q3_pilot_extraction/CUMCM-2020-B-002/pages/0068.txt","INCLUDE","1","0","0","1","0","0","Q3 evidence tree file; previously unstaged because Git metadata staging was blocked."
"catalog/scale/g8_q3_pilot_extraction/CUMCM-2020-B-002/pages/0069.txt","INCLUDE","1","0","0","1","0","0","Q3 evidence tree file; previously unstaged because Git metadata staging was blocked."
"catalog/scale/g8_q3_pilot_extraction/CUMCM-2020-B-002/pages/0070.txt","INCLUDE","1","0","0","1","0","0","Q3 evidence tree file; previously unstaged because Git metadata staging was blocked."
"catalog/scale/g8_q3_pilot_extraction/CUMCM-2020-B-002/pages/0071.txt","INCLUDE","1","0","0","1","0","0","Q3 evidence tree file; previously unstaged because Git metadata staging was blocked."
"catalog/scale/g8_q3_pilot_extraction/CUMCM-2020-B-002/pages/0072.txt","INCLUDE","1","0","0","1","0","0","Q3 evidence tree file; previously unstaged because Git metadata staging was blocked."
"catalog/scale/g8_q3_pilot_extraction/CUMCM-2020-B-002/pages/0073.txt","INCLUDE","1","0","0","1","0","0","Q3 evidence tree file; previously unstaged because Git metadata staging was blocked."
"catalog/scale/g8_q3_pilot_extraction/CUMCM-2020-B-002/pages/0074.txt","INCLUDE","1","0","0","1","0","0","Q3 evidence tree file; previously unstaged because Git metadata staging was blocked."
"catalog/scale/g8_q3_pilot_extraction/CUMCM-2020-B-002/pages/0075.txt","INCLUDE","1","0","0","1","0","0","Q3 evidence tree file; previously unstaged because Git metadata staging was blocked."
"catalog/scale/g8_q3_pilot_extraction/CUMCM-2020-B-002/pages/0076.txt","INCLUDE","1","0","0","1","0","0","Q3 evidence tree file; previously unstaged because Git metadata staging was blocked."
"catalog/scale/g8_q3_pilot_extraction/CUMCM-2020-B-002/pages/0077.txt","INCLUDE","1","0","0","1","0","0","Q3 evidence tree file; previously unstaged because Git metadata staging was blocked."
"catalog/scale/g8_q3_pilot_extraction/CUMCM-2020-B-002/pages/0078.txt","INCLUDE","1","0","0","1","0","0","Q3 evidence tree file; previously unstaged because Git metadata staging was blocked."
"catalog/scale/g8_q3_pilot_extraction/CUMCM-2020-B-002/pages/0079.txt","INCLUDE","1","0","0","1","0","0","Q3 evidence tree file; previously unstaged because Git metadata staging was blocked."
"catalog/scale/g8_q3_pilot_extraction/CUMCM-2020-B-002/pages/0080.txt","INCLUDE","1","0","0","1","0","0","Q3 evidence tree file; previously unstaged because Git metadata staging was blocked."
"catalog/scale/g8_q3_pilot_extraction/CUMCM-2020-B-002/pages/0081.txt","INCLUDE","1","0","0","1","0","0","Q3 evidence tree file; previously unstaged because Git metadata staging was blocked."
"catalog/scale/g8_q3_pilot_extraction/CUMCM-2020-B-002/pages/0082.txt","INCLUDE","1","0","0","1","0","0","Q3 evidence tree file; previously unstaged because Git metadata staging was blocked."
"catalog/scale/g8_q3_pilot_extraction/CUMCM-2020-B-002/pages/0083.txt","INCLUDE","1","0","0","1","0","0","Q3 evidence tree file; previously unstaged because Git metadata staging was blocked."
"catalog/scale/g8_q3_pilot_extraction/CUMCM-2020-B-002/pages/0084.txt","INCLUDE","1","0","0","1","0","0","Q3 evidence tree file; previously unstaged because Git metadata staging was blocked."
"catalog/scale/g8_q3_pilot_extraction/CUMCM-2020-B-002/pages/0085.txt","INCLUDE","1","0","0","1","0","0","Q3 evidence tree file; previously unstaged because Git metadata staging was blocked."
"catalog/scale/g8_q3_pilot_extraction/CUMCM-2020-B-002/pages/0086.txt","INCLUDE","1","0","0","1","0","0","Q3 evidence tree file; previously unstaged because Git metadata staging was blocked."
"catalog/scale/g8_q3_pilot_extraction/CUMCM-2020-B-002/pages/0087.txt","INCLUDE","1","0","0","1","0","0","Q3 evidence tree file; previously unstaged because Git metadata staging was blocked."
"catalog/scale/g8_q3_pilot_extraction/CUMCM-2020-B-002/pages/0088.txt","INCLUDE","1","0","0","1","0","0","Q3 evidence tree file; previously unstaged because Git metadata staging was blocked."
"catalog/scale/g8_q3_pilot_extraction/CUMCM-2020-B-002/pages/0089.txt","INCLUDE","1","0","0","1","0","0","Q3 evidence tree file; previously unstaged because Git metadata staging was blocked."
"catalog/scale/g8_q3_pilot_extraction/CUMCM-2020-B-002/pages/0090.txt","INCLUDE","1","0","0","1","0","0","Q3 evidence tree file; previously unstaged because Git metadata staging was blocked."
"catalog/scale/g8_q3_pilot_extraction/CUMCM-2020-B-002/pages/0091.txt","INCLUDE","1","0","0","1","0","0","Q3 evidence tree file; previously unstaged because Git metadata staging was blocked."
"catalog/scale/g8_q3_pilot_extraction/CUMCM-2020-B-002/pages/0092.txt","INCLUDE","1","0","0","1","0","0","Q3 evidence tree file; previously unstaged because Git metadata staging was blocked."
"catalog/scale/g8_q3_pilot_extraction/CUMCM-2020-B-002/pages/0093.txt","INCLUDE","1","0","0","1","0","0","Q3 evidence tree file; previously unstaged because Git metadata staging was blocked."
"catalog/scale/g8_q3_pilot_extraction/CUMCM-2020-B-002/pages/0094.txt","INCLUDE","1","0","0","1","0","0","Q3 evidence tree file; previously unstaged because Git metadata staging was blocked."
"catalog/scale/g8_q3_pilot_extraction/CUMCM-2020-B-002/pages/0095.txt","INCLUDE","1","0","0","1","0","0","Q3 evidence tree file; previously unstaged because Git metadata staging was blocked."
"catalog/scale/g8_q3_pilot_extraction/CUMCM-2020-B-002/pages/0096.txt","INCLUDE","1","0","0","1","0","0","Q3 evidence tree file; previously unstaged because Git metadata staging was blocked."
"catalog/scale/g8_q3_pilot_extraction/CUMCM-2020-B-002/pages/0097.txt","INCLUDE","1","0","0","1","0","0","Q3 evidence tree file; previously unstaged because Git metadata staging was blocked."
"catalog/scale/g8_q3_pilot_extraction/CUMCM-2020-B-002/pages/0098.txt","INCLUDE","1","0","0","1","0","0","Q3 evidence tree file; previously unstaged because Git metadata staging was blocked."
"catalog/scale/g8_q3_pilot_extraction/CUMCM-2020-B-002/pages/0099.txt","INCLUDE","1","0","0","1","0","0","Q3 evidence tree file; previously unstaged because Git metadata staging was blocked."
"catalog/scale/g8_q3_pilot_extraction/CUMCM-2020-B-002/pages/0100.txt","INCLUDE","1","0","0","1","0","0","Q3 evidence tree file; previously unstaged because Git metadata staging was blocked."
"catalog/scale/g8_q3_pilot_extraction/CUMCM-2020-B-002/pages/0101.txt","INCLUDE","1","0","0","1","0","0","Q3 evidence tree file; previously unstaged because Git metadata staging was blocked."
"catalog/scale/g8_q3_pilot_extraction/CUMCM-2020-B-002/pages/0102.txt","INCLUDE","1","0","0","1","0","0","Q3 evidence tree file; previously unstaged because Git metadata staging was blocked."
"catalog/scale/g8_q3_pilot_extraction/CUMCM-2020-B-002/pages/0103.txt","INCLUDE","1","0","0","1","0","0","Q3 evidence tree file; previously unstaged because Git metadata staging was blocked."
"catalog/scale/g8_q3_pilot_extraction/CUMCM-2020-B-002/pages/0104.txt","INCLUDE","1","0","0","1","0","0","Q3 evidence tree file; previously unstaged because Git metadata staging was blocked."
"catalog/scale/g8_q3_pilot_extraction/CUMCM-2020-D-003/manifest.json","INCLUDE","1","0","0","1","0","0","Q3 evidence tree file; previously unstaged because Git metadata staging was blocked."
"catalog/scale/g8_q3_pilot_extraction/CUMCM-2020-D-003/normalized_body.txt","INCLUDE","1","0","0","1","0","0","Q3 evidence tree file; previously unstaged because Git metadata staging was blocked."
"catalog/scale/g8_q3_pilot_extraction/CUMCM-2020-D-003/pages/0001.txt","INCLUDE","1","0","0","1","0","0","Q3 evidence tree file; previously unstaged because Git metadata staging was blocked."
"catalog/scale/g8_q3_pilot_extraction/CUMCM-2020-D-003/pages/0002.txt","INCLUDE","1","0","0","1","0","0","Q3 evidence tree file; previously unstaged because Git metadata staging was blocked."
"catalog/scale/g8_q3_pilot_extraction/CUMCM-2020-D-003/pages/0003.txt","INCLUDE","1","0","0","1","0","0","Q3 evidence tree file; previously unstaged because Git metadata staging was blocked."
"catalog/scale/g8_q3_pilot_extraction/CUMCM-2020-D-003/pages/0004.txt","INCLUDE","1","0","0","1","0","0","Q3 evidence tree file; previously unstaged because Git metadata staging was blocked."
"catalog/scale/g8_q3_pilot_extraction/CUMCM-2020-D-003/pages/0005.txt","INCLUDE","1","0","0","1","0","0","Q3 evidence tree file; previously unstaged because Git metadata staging was blocked."
"catalog/scale/g8_q3_pilot_extraction/CUMCM-2020-D-003/pages/0006.txt","INCLUDE","1","0","0","1","0","0","Q3 evidence tree file; previously unstaged because Git metadata staging was blocked."
"catalog/scale/g8_q3_pilot_extraction/CUMCM-2020-D-003/pages/0007.txt","INCLUDE","1","0","0","1","0","0","Q3 evidence tree file; previously unstaged because Git metadata staging was blocked."
"catalog/scale/g8_q3_pilot_extraction/CUMCM-2020-D-003/pages/0008.txt","INCLUDE","1","0","0","1","0","0","Q3 evidence tree file; previously unstaged because Git metadata staging was blocked."
"catalog/scale/g8_q3_pilot_extraction/CUMCM-2020-D-003/pages/0009.txt","INCLUDE","1","0","0","1","0","0","Q3 evidence tree file; previously unstaged because Git metadata staging was blocked."
"catalog/scale/g8_q3_pilot_extraction/CUMCM-2020-D-003/pages/0010.txt","INCLUDE","1","0","0","1","0","0","Q3 evidence tree file; previously unstaged because Git metadata staging was blocked."
"catalog/scale/g8_q3_pilot_extraction/CUMCM-2020-D-003/pages/0011.txt","INCLUDE","1","0","0","1","0","0","Q3 evidence tree file; previously unstaged because Git metadata staging was blocked."
"catalog/scale/g8_q3_pilot_extraction/CUMCM-2020-D-003/pages/0012.txt","INCLUDE","1","0","0","1","0","0","Q3 evidence tree file; previously unstaged because Git metadata staging was blocked."
"catalog/scale/g8_q3_pilot_extraction/CUMCM-2020-D-003/pages/0013.txt","INCLUDE","1","0","0","1","0","0","Q3 evidence tree file; previously unstaged because Git metadata staging was blocked."
"catalog/scale/g8_q3_pilot_extraction/CUMCM-2020-D-003/pages/0014.txt","INCLUDE","1","0","0","1","0","0","Q3 evidence tree file; previously unstaged because Git metadata staging was blocked."
"catalog/scale/g8_q3_pilot_extraction/CUMCM-2020-D-003/pages/0015.txt","INCLUDE","1","0","0","1","0","0","Q3 evidence tree file; previously unstaged because Git metadata staging was blocked."
"catalog/scale/g8_q3_pilot_extraction/CUMCM-2020-D-003/pages/0016.txt","INCLUDE","1","0","0","1","0","0","Q3 evidence tree file; previously unstaged because Git metadata staging was blocked."
"catalog/scale/g8_q3_pilot_extraction/CUMCM-2020-D-003/pages/0017.txt","INCLUDE","1","0","0","1","0","0","Q3 evidence tree file; previously unstaged because Git metadata staging was blocked."
"catalog/scale/g8_q3_pilot_extraction/CUMCM-2020-D-003/pages/0018.txt","INCLUDE","1","0","0","1","0","0","Q3 evidence tree file; previously unstaged because Git metadata staging was blocked."
"catalog/scale/g8_q3_pilot_extraction/CUMCM-2020-D-003/pages/0019.txt","INCLUDE","1","0","0","1","0","0","Q3 evidence tree file; previously unstaged because Git metadata staging was blocked."
"catalog/scale/g8_q3_pilot_extraction/CUMCM-2020-D-003/pages/0020.txt","INCLUDE","1","0","0","1","0","0","Q3 evidence tree file; previously unstaged because Git metadata staging was blocked."
"catalog/scale/g8_q3_pilot_extraction/CUMCM-2020-D-003/pages/0021.txt","INCLUDE","1","0","0","1","0","0","Q3 evidence tree file; previously unstaged because Git metadata staging was blocked."
"catalog/scale/g8_q3_pilot_extraction/CUMCM-2020-D-003/pages/0022.txt","INCLUDE","1","0","0","1","0","0","Q3 evidence tree file; previously unstaged because Git metadata staging was blocked."
"catalog/scale/g8_q3_pilot_extraction/CUMCM-2020-D-003/pages/0023.txt","INCLUDE","1","0","0","1","0","0","Q3 evidence tree file; previously unstaged because Git metadata staging was blocked."
"catalog/scale/g8_q3_pilot_extraction/CUMCM-2020-D-003/pages/0024.txt","INCLUDE","1","0","0","1","0","0","Q3 evidence tree file; previously unstaged because Git metadata staging was blocked."
"catalog/scale/g8_q3_pilot_extraction/CUMCM-2020-D-003/pages/0025.txt","INCLUDE","1","0","0","1","0","0","Q3 evidence tree file; previously unstaged because Git metadata staging was blocked."
"catalog/scale/g8_q3_pilot_extraction/CUMCM-2020-D-003/pages/0026.txt","INCLUDE","1","0","0","1","0","0","Q3 evidence tree file; previously unstaged because Git metadata staging was blocked."
"catalog/scale/g8_q3_pilot_extraction/CUMCM-2020-D-003/pages/0027.txt","INCLUDE","1","0","0","1","0","0","Q3 evidence tree file; previously unstaged because Git metadata staging was blocked."
"catalog/scale/g8_q3_pilot_extraction/CUMCM-2020-D-003/pages/0028.txt","INCLUDE","1","0","0","1","0","0","Q3 evidence tree file; previously unstaged because Git metadata staging was blocked."
"catalog/scale/g8_q3_pilot_extraction/CUMCM-2020-D-003/pages/0029.txt","INCLUDE","1","0","0","1","0","0","Q3 evidence tree file; previously unstaged because Git metadata staging was blocked."
"catalog/scale/g8_q3_pilot_extraction/CUMCM-2020-D-003/pages/0030.txt","INCLUDE","1","0","0","1","0","0","Q3 evidence tree file; previously unstaged because Git metadata staging was blocked."
"catalog/scale/g8_q3_pilot_extraction/CUMCM-2020-D-003/pages/0031.txt","INCLUDE","1","0","0","1","0","0","Q3 evidence tree file; previously unstaged because Git metadata staging was blocked."
"catalog/scale/g8_q3_pilot_extraction/CUMCM-2020-D-003/pages/0032.txt","INCLUDE","1","0","0","1","0","0","Q3 evidence tree file; previously unstaged because Git metadata staging was blocked."
"catalog/scale/g8_q3_pilot_extraction/CUMCM-2020-D-003/pages/0033.txt","INCLUDE","1","0","0","1","0","0","Q3 evidence tree file; previously unstaged because Git metadata staging was blocked."
"catalog/scale/g8_q3_pilot_extraction/CUMCM-2020-D-003/pages/0034.txt","INCLUDE","1","0","0","1","0","0","Q3 evidence tree file; previously unstaged because Git metadata staging was blocked."
"catalog/scale/g8_q3_pilot_extraction/CUMCM-2020-D-003/pages/0035.txt","INCLUDE","1","0","0","1","0","0","Q3 evidence tree file; previously unstaged because Git metadata staging was blocked."
"catalog/scale/g8_q3_pilot_extraction/CUMCM-2020-D-003/pages/0036.txt","INCLUDE","1","0","0","1","0","0","Q3 evidence tree file; previously unstaged because Git metadata staging was blocked."
"catalog/scale/g8_q3_pilot_extraction/CUMCM-2020-D-003/pages/0037.txt","INCLUDE","1","0","0","1","0","0","Q3 evidence tree file; previously unstaged because Git metadata staging was blocked."
"catalog/scale/g8_q3_pilot_extraction/CUMCM-2020-D-003/pages/0038.txt","INCLUDE","1","0","0","1","0","0","Q3 evidence tree file; previously unstaged because Git metadata staging was blocked."
"catalog/scale/g8_q3_pilot_extraction/CUMCM-2020-D-003/pages/0039.txt","INCLUDE","1","0","0","1","0","0","Q3 evidence tree file; previously unstaged because Git metadata staging was blocked."
"catalog/scale/g8_q3_pilot_extraction/CUMCM-2020-D-003/pages/0040.txt","INCLUDE","1","0","0","1","0","0","Q3 evidence tree file; previously unstaged because Git metadata staging was blocked."
"catalog/scale/g8_q3_pilot_extraction/CUMCM-2020-D-003/pages/0041.txt","INCLUDE","1","0","0","1","0","0","Q3 evidence tree file; previously unstaged because Git metadata staging was blocked."
"catalog/scale/g8_q3_pilot_extraction/CUMCM-2020-D-003/pages/0042.txt","INCLUDE","1","0","0","1","0","0","Q3 evidence tree file; previously unstaged because Git metadata staging was blocked."
"catalog/scale/g8_q3_pilot_extraction/CUMCM-2020-D-003/pages/0043.txt","INCLUDE","1","0","0","1","0","0","Q3 evidence tree file; previously unstaged because Git metadata staging was blocked."
"catalog/scale/g8_q3_pilot_extraction/CUMCM-2020-D-003/pages/0044.txt","INCLUDE","1","0","0","1","0","0","Q3 evidence tree file; previously unstaged because Git metadata staging was blocked."
"catalog/scale/g8_q3_pilot_extraction/CUMCM-2020-D-003/pages/0045.txt","INCLUDE","1","0","0","1","0","0","Q3 evidence tree file; previously unstaged because Git metadata staging was blocked."
"catalog/scale/g8_q3_pilot_extraction/CUMCM-2020-D-003/pages/0046.txt","INCLUDE","1","0","0","1","0","0","Q3 evidence tree file; previously unstaged because Git metadata staging was blocked."
"catalog/scale/g8_q3_pilot_extraction/CUMCM-2020-D-003/pages/0047.txt","INCLUDE","1","0","0","1","0","0","Q3 evidence tree file; previously unstaged because Git metadata staging was blocked."
"catalog/scale/g8_q3_pilot_extraction/CUMCM-2020-D-003/pages/0048.txt","INCLUDE","1","0","0","1","0","0","Q3 evidence tree file; previously unstaged because Git metadata staging was blocked."
"catalog/scale/g8_q3_pilot_extraction/CUMCM-2020-D-003/pages/0049.txt","INCLUDE","1","0","0","1","0","0","Q3 evidence tree file; previously unstaged because Git metadata staging was blocked."
"catalog/scale/g8_q3_pilot_extraction/CUMCM-2020-D-003/pages/0050.txt","INCLUDE","1","0","0","1","0","0","Q3 evidence tree file; previously unstaged because Git metadata staging was blocked."
"catalog/scale/g8_q3_pilot_extraction/CUMCM-2020-D-003/pages/0051.txt","INCLUDE","1","0","0","1","0","0","Q3 evidence tree file; previously unstaged because Git metadata staging was blocked."
"catalog/scale/g8_q3_pilot_extraction/CUMCM-2020-D-003/pages/0052.txt","INCLUDE","1","0","0","1","0","0","Q3 evidence tree file; previously unstaged because Git metadata staging was blocked."
"catalog/scale/g8_q3_pilot_extraction/CUMCM-2020-D-003/pages/0053.txt","INCLUDE","1","0","0","1","0","0","Q3 evidence tree file; previously unstaged because Git metadata staging was blocked."
"catalog/scale/g8_q3_pilot_extraction/CUMCM-2020-D-003/pages/0054.txt","INCLUDE","1","0","0","1","0","0","Q3 evidence tree file; previously unstaged because Git metadata staging was blocked."
"catalog/scale/g8_q3_pilot_extraction/CUMCM-2020-D-003/pages/0055.txt","INCLUDE","1","0","0","1","0","0","Q3 evidence tree file; previously unstaged because Git metadata staging was blocked."
"catalog/scale/g8_q3_pilot_extraction/CUMCM-2020-D-003/pages/0056.txt","INCLUDE","1","0","0","1","0","0","Q3 evidence tree file; previously unstaged because Git metadata staging was blocked."
"catalog/scale/g8_q3_pilot_extraction/CUMCM-2020-D-003/pages/0057.txt","INCLUDE","1","0","0","1","0","0","Q3 evidence tree file; previously unstaged because Git metadata staging was blocked."
"catalog/scale/g8_q3_pilot_extraction/CUMCM-2020-D-003/pages/0058.txt","INCLUDE","1","0","0","1","0","0","Q3 evidence tree file; previously unstaged because Git metadata staging was blocked."
"catalog/scale/g8_q3_pilot_extraction/CUMCM-2020-D-003/pages/0059.txt","INCLUDE","1","0","0","1","0","0","Q3 evidence tree file; previously unstaged because Git metadata staging was blocked."
"catalog/scale/g8_q3_pilot_extraction/CUMCM-2020-D-003/pages/0060.txt","INCLUDE","1","0","0","1","0","0","Q3 evidence tree file; previously unstaged because Git metadata staging was blocked."
"catalog/scale/g8_q3_pilot_extraction/CUMCM-2020-D-003/pages/0061.txt","INCLUDE","1","0","0","1","0","0","Q3 evidence tree file; previously unstaged because Git metadata staging was blocked."
"catalog/scale/g8_q3_pilot_extraction/CUMCM-2020-D-003/pages/0062.txt","INCLUDE","1","0","0","1","0","0","Q3 evidence tree file; previously unstaged because Git metadata staging was blocked."
"catalog/scale/g8_q3_pilot_extraction/CUMCM-2020-D-003/pages/0063.txt","INCLUDE","1","0","0","1","0","0","Q3 evidence tree file; previously unstaged because Git metadata staging was blocked."
"catalog/scale/g8_q3_pilot_extraction/CUMCM-2020-D-003/pages/0064.txt","INCLUDE","1","0","0","1","0","0","Q3 evidence tree file; previously unstaged because Git metadata staging was blocked."
"catalog/scale/g8_q3_pilot_extraction/CUMCM-2020-D-003/pages/0065.txt","INCLUDE","1","0","0","1","0","0","Q3 evidence tree file; previously unstaged because Git metadata staging was blocked."
"catalog/scale/g8_q3_pilot_extraction/CUMCM-2020-D-003/pages/0066.txt","INCLUDE","1","0","0","1","0","0","Q3 evidence tree file; previously unstaged because Git metadata staging was blocked."
"catalog/scale/g8_q3_pilot_extraction/CUMCM-2020-D-003/pages/0067.txt","INCLUDE","1","0","0","1","0","0","Q3 evidence tree file; previously unstaged because Git metadata staging was blocked."
"catalog/scale/g8_q3_pilot_extraction/CUMCM-2020-D-003/pages/0068.txt","INCLUDE","1","0","0","1","0","0","Q3 evidence tree file; previously unstaged because Git metadata staging was blocked."
"catalog/scale/g8_q3_pilot_extraction/CUMCM-2020-D-003/pages/0069.txt","INCLUDE","1","0","0","1","0","0","Q3 evidence tree file; previously unstaged because Git metadata staging was blocked."
"catalog/scale/g8_q3_pilot_extraction/CUMCM-2020-D-003/pages/0070.txt","INCLUDE","1","0","0","1","0","0","Q3 evidence tree file; previously unstaged because Git metadata staging was blocked."
"catalog/scale/g8_q3_pilot_extraction/CUMCM-2020-D-003/pages/0071.txt","INCLUDE","1","0","0","1","0","0","Q3 evidence tree file; previously unstaged because Git metadata staging was blocked."
"catalog/scale/g8_q3_pilot_extraction/CUMCM-2020-D-003/pages/0072.txt","INCLUDE","1","0","0","1","0","0","Q3 evidence tree file; previously unstaged because Git metadata staging was blocked."
"catalog/scale/g8_q3_pilot_extraction/CUMCM-2020-D-003/pages/0073.txt","INCLUDE","1","0","0","1","0","0","Q3 evidence tree file; previously unstaged because Git metadata staging was blocked."
"catalog/scale/g8_q3_pilot_extraction/CUMCM-2020-D-003/pages/0074.txt","INCLUDE","1","0","0","1","0","0","Q3 evidence tree file; previously unstaged because Git metadata staging was blocked."
"catalog/scale/g8_q3_pilot_extraction/CUMCM-2020-D-003/pages/0075.txt","INCLUDE","1","0","0","1","0","0","Q3 evidence tree file; previously unstaged because Git metadata staging was blocked."
"catalog/scale/g8_q3_pilot_extraction/CUMCM-2020-D-003/pages/0076.txt","INCLUDE","1","0","0","1","0","0","Q3 evidence tree file; previously unstaged because Git metadata staging was blocked."
"catalog/scale/g8_q3_pilot_extraction/CUMCM-2020-D-003/pages/0077.txt","INCLUDE","1","0","0","1","0","0","Q3 evidence tree file; previously unstaged because Git metadata staging was blocked."
"catalog/scale/g8_q3_pilot_extraction/CUMCM-2020-D-003/pages/0078.txt","INCLUDE","1","0","0","1","0","0","Q3 evidence tree file; previously unstaged because Git metadata staging was blocked."
"catalog/scale/g8_q3_pilot_extraction/CUMCM-2020-D-003/pages/0079.txt","INCLUDE","1","0","0","1","0","0","Q3 evidence tree file; previously unstaged because Git metadata staging was blocked."
"catalog/scale/g8_q3_pilot_extraction/CUMCM-2020-D-003/pages/0080.txt","INCLUDE","1","0","0","1","0","0","Q3 evidence tree file; previously unstaged because Git metadata staging was blocked."
"catalog/scale/g8_q3_pilot_extraction/CUMCM-2020-D-003/pages/0081.txt","INCLUDE","1","0","0","1","0","0","Q3 evidence tree file; previously unstaged because Git metadata staging was blocked."
"catalog/scale/g8_q3_pilot_extraction/CUMCM-2020-D-003/pages/0082.txt","INCLUDE","1","0","0","1","0","0","Q3 evidence tree file; previously unstaged because Git metadata staging was blocked."
"catalog/scale/g8_q3_pilot_extraction/CUMCM-2020-D-003/pages/0083.txt","INCLUDE","1","0","0","1","0","0","Q3 evidence tree file; previously unstaged because Git metadata staging was blocked."
"catalog/scale/g8_q3_pilot_extraction/CUMCM-2020-D-003/pages/0084.txt","INCLUDE","1","0","0","1","0","0","Q3 evidence tree file; previously unstaged because Git metadata staging was blocked."
"catalog/scale/g8_q3_pilot_extraction/CUMCM-2020-D-003/pages/0085.txt","INCLUDE","1","0","0","1","0","0","Q3 evidence tree file; previously unstaged because Git metadata staging was blocked."
"catalog/scale/g8_q3_pilot_extraction/CUMCM-2020-D-003/pages/0086.txt","INCLUDE","1","0","0","1","0","0","Q3 evidence tree file; previously unstaged because Git metadata staging was blocked."
"catalog/scale/g8_q3_pilot_extraction/CUMCM-2020-D-003/pages/0087.txt","INCLUDE","1","0","0","1","0","0","Q3 evidence tree file; previously unstaged because Git metadata staging was blocked."
"catalog/scale/g8_q3_pilot_extraction/CUMCM-2020-D-003/pages/0088.txt","INCLUDE","1","0","0","1","0","0","Q3 evidence tree file; previously unstaged because Git metadata staging was blocked."
"catalog/scale/g8_q3_pilot_extraction/CUMCM-2020-D-003/pages/0089.txt","INCLUDE","1","0","0","1","0","0","Q3 evidence tree file; previously unstaged because Git metadata staging was blocked."
"catalog/scale/g8_q3_pilot_extraction/CUMCM-2020-D-003/pages/0090.txt","INCLUDE","1","0","0","1","0","0","Q3 evidence tree file; previously unstaged because Git metadata staging was blocked."
"catalog/scale/g8_q3_pilot_extraction/CUMCM-2020-D-003/pages/0091.txt","INCLUDE","1","0","0","1","0","0","Q3 evidence tree file; previously unstaged because Git metadata staging was blocked."
"catalog/scale/g8_q3_pilot_extraction/CUMCM-2020-D-003/pages/0092.txt","INCLUDE","1","0","0","1","0","0","Q3 evidence tree file; previously unstaged because Git metadata staging was blocked."
"catalog/scale/g8_q3_pilot_extraction/CUMCM-2020-D-003/pages/0093.txt","INCLUDE","1","0","0","1","0","0","Q3 evidence tree file; previously unstaged because Git metadata staging was blocked."
"catalog/scale/g8_q3_pilot_extraction/CUMCM-2020-D-003/pages/0094.txt","INCLUDE","1","0","0","1","0","0","Q3 evidence tree file; previously unstaged because Git metadata staging was blocked."
"catalog/scale/g8_q3_pilot_extraction/CUMCM-2020-D-003/pages/0095.txt","INCLUDE","1","0","0","1","0","0","Q3 evidence tree file; previously unstaged because Git metadata staging was blocked."
"catalog/scale/g8_q3_pilot_extraction/CUMCM-2020-D-003/pages/0096.txt","INCLUDE","1","0","0","1","0","0","Q3 evidence tree file; previously unstaged because Git metadata staging was blocked."
"catalog/scale/g8_q3_pilot_extraction/CUMCM-2020-D-003/pages/0097.txt","INCLUDE","1","0","0","1","0","0","Q3 evidence tree file; previously unstaged because Git metadata staging was blocked."
"catalog/scale/g8_q3_pilot_extraction/CUMCM-2020-D-003/pages/0098.txt","INCLUDE","1","0","0","1","0","0","Q3 evidence tree file; previously unstaged because Git metadata staging was blocked."
"catalog/scale/g8_q3_pilot_extraction/CUMCM-2020-D-003/pages/0099.txt","INCLUDE","1","0","0","1","0","0","Q3 evidence tree file; previously unstaged because Git metadata staging was blocked."
"catalog/scale/g8_q3_pilot_extraction/CUMCM-2020-D-003/pages/0100.txt","INCLUDE","1","0","0","1","0","0","Q3 evidence tree file; previously unstaged because Git metadata staging was blocked."
"catalog/scale/g8_q3_pilot_extraction/CUMCM-2020-D-003/pages/0101.txt","INCLUDE","1","0","0","1","0","0","Q3 evidence tree file; previously unstaged because Git metadata staging was blocked."
"catalog/scale/g8_q3_pilot_extraction/CUMCM-2020-D-003/pages/0102.txt","INCLUDE","1","0","0","1","0","0","Q3 evidence tree file; previously unstaged because Git metadata staging was blocked."
"catalog/scale/g8_q3_pilot_extraction/CUMCM-2020-D-003/pages/0103.txt","INCLUDE","1","0","0","1","0","0","Q3 evidence tree file; previously unstaged because Git metadata staging was blocked."
"catalog/scale/g8_q3_pilot_extraction/CUMCM-2020-D-003/pages/0104.txt","INCLUDE","1","0","0","1","0","0","Q3 evidence tree file; previously unstaged because Git metadata staging was blocked."
"catalog/scale/g8_q3_pilot_extraction/CUMCM-2020-D-003/pages/0105.txt","INCLUDE","1","0","0","1","0","0","Q3 evidence tree file; previously unstaged because Git metadata staging was blocked."
"catalog/scale/g8_q3_pilot_extraction/CUMCM-2020-D-003/pages/0106.txt","INCLUDE","1","0","0","1","0","0","Q3 evidence tree file; previously unstaged because Git metadata staging was blocked."
"catalog/scale/g8_q3_pilot_extraction/CUMCM-2020-D-003/pages/0107.txt","INCLUDE","1","0","0","1","0","0","Q3 evidence tree file; previously unstaged because Git metadata staging was blocked."
"catalog/scale/g8_q3_pilot_extraction/CUMCM-2020-D-003/pages/0108.txt","INCLUDE","1","0","0","1","0","0","Q3 evidence tree file; previously unstaged because Git metadata staging was blocked."
"catalog/scale/g8_q3_pilot_extraction/CUMCM-2020-D-003/pages/0109.txt","INCLUDE","1","0","0","1","0","0","Q3 evidence tree file; previously unstaged because Git metadata staging was blocked."
"catalog/scale/g8_q3_pilot_extraction/CUMCM-2020-D-003/pages/0110.txt","INCLUDE","1","0","0","1","0","0","Q3 evidence tree file; previously unstaged because Git metadata staging was blocked."
"catalog/scale/g8_q3_pilot_extraction/CUMCM-2020-D-003/pages/0111.txt","INCLUDE","1","0","0","1","0","0","Q3 evidence tree file; previously unstaged because Git metadata staging was blocked."
"catalog/scale/g8_q3_pilot_extraction/CUMCM-2020-D-003/pages/0112.txt","INCLUDE","1","0","0","1","0","0","Q3 evidence tree file; previously unstaged because Git metadata staging was blocked."
"catalog/scale/g8_q3_pilot_extraction/CUMCM-2020-D-003/pages/0113.txt","INCLUDE","1","0","0","1","0","0","Q3 evidence tree file; previously unstaged because Git metadata staging was blocked."
"catalog/scale/g8_q3_pilot_extraction/CUMCM-2020-D-003/pages/0114.txt","INCLUDE","1","0","0","1","0","0","Q3 evidence tree file; previously unstaged because Git metadata staging was blocked."
"catalog/scale/g8_q3_pilot_extraction/CUMCM-2020-D-003/pages/0115.txt","INCLUDE","1","0","0","1","0","0","Q3 evidence tree file; previously unstaged because Git metadata staging was blocked."
"catalog/scale/g8_q3_pilot_extraction/CUMCM-2020-D-003/pages/0116.txt","INCLUDE","1","0","0","1","0","0","Q3 evidence tree file; previously unstaged because Git metadata staging was blocked."
"catalog/scale/g8_q3_pilot_extraction/CUMCM-2020-D-003/pages/0117.txt","INCLUDE","1","0","0","1","0","0","Q3 evidence tree file; previously unstaged because Git metadata staging was blocked."
"catalog/scale/g8_q3_pilot_extraction/CUMCM-2020-D-003/pages/0118.txt","INCLUDE","1","0","0","1","0","0","Q3 evidence tree file; previously unstaged because Git metadata staging was blocked."
"catalog/scale/g8_q3_pilot_extraction/CUMCM-2020-D-003/pages/0119.txt","INCLUDE","1","0","0","1","0","0","Q3 evidence tree file; previously unstaged because Git metadata staging was blocked."
"catalog/scale/g8_q3_pilot_extraction/CUMCM-2020-D-003/pages/0120.txt","INCLUDE","1","0","0","1","0","0","Q3 evidence tree file; previously unstaged because Git metadata staging was blocked."
"catalog/scale/g8_q3_pilot_extraction/CUMCM-2020-D-003/pages/0121.txt","INCLUDE","1","0","0","1","0","0","Q3 evidence tree file; previously unstaged because Git metadata staging was blocked."
"catalog/scale/g8_q3_pilot_extraction/CUMCM-2020-D-003/pages/0122.txt","INCLUDE","1","0","0","1","0","0","Q3 evidence tree file; previously unstaged because Git metadata staging was blocked."
"catalog/scale/g8_q3_pilot_extraction/CUMCM-2020-D-003/pages/0123.txt","INCLUDE","1","0","0","1","0","0","Q3 evidence tree file; previously unstaged because Git metadata staging was blocked."
"catalog/scale/g8_q3_pilot_extraction/CUMCM-2020-D-003/pages/0124.txt","INCLUDE","1","0","0","1","0","0","Q3 evidence tree file; previously unstaged because Git metadata staging was blocked."
"catalog/scale/g8_q3_pilot_extraction/CUMCM-2020-D-003/pages/0125.txt","INCLUDE","1","0","0","1","0","0","Q3 evidence tree file; previously unstaged because Git metadata staging was blocked."
"catalog/scale/g8_q3_pilot_extraction/CUMCM-2020-D-003/pages/0126.txt","INCLUDE","1","0","0","1","0","0","Q3 evidence tree file; previously unstaged because Git metadata staging was blocked."
"catalog/scale/g8_q3_pilot_extraction/CUMCM-2020-D-003/pages/0127.txt","INCLUDE","1","0","0","1","0","0","Q3 evidence tree file; previously unstaged because Git metadata staging was blocked."
"catalog/scale/g8_q3_pilot_extraction/CUMCM-2020-D-003/pages/0128.txt","INCLUDE","1","0","0","1","0","0","Q3 evidence tree file; previously unstaged because Git metadata staging was blocked."
"catalog/scale/g8_q3_pilot_extraction/CUMCM-2020-D-003/pages/0129.txt","INCLUDE","1","0","0","1","0","0","Q3 evidence tree file; previously unstaged because Git metadata staging was blocked."
"catalog/scale/g8_q3_pilot_extraction/CUMCM-2020-D-003/pages/0130.txt","INCLUDE","1","0","0","1","0","0","Q3 evidence tree file; previously unstaged because Git metadata staging was blocked."
"catalog/scale/g8_q3_pilot_extraction/CUMCM-2020-D-003/pages/0131.txt","INCLUDE","1","0","0","1","0","0","Q3 evidence tree file; previously unstaged because Git metadata staging was blocked."
"catalog/scale/g8_q3_pilot_extraction/CUMCM-2020-D-003/pages/0132.txt","INCLUDE","1","0","0","1","0","0","Q3 evidence tree file; previously unstaged because Git metadata staging was blocked."
"catalog/scale/g8_q3_pilot_extraction/CUMCM-2020-D-003/pages/0133.txt","INCLUDE","1","0","0","1","0","0","Q3 evidence tree file; previously unstaged because Git metadata staging was blocked."
"catalog/scale/g8_q3_pilot_extraction/CUMCM-2020-D-003/pages/0134.txt","INCLUDE","1","0","0","1","0","0","Q3 evidence tree file; previously unstaged because Git metadata staging was blocked."
"catalog/scale/g8_q3_pilot_extraction/CUMCM-2020-D-003/pages/0135.txt","INCLUDE","1","0","0","1","0","0","Q3 evidence tree file; previously unstaged because Git metadata staging was blocked."
"catalog/scale/git_checkpoint_secret_triage.csv","INCLUDE","1","0","0","0","0","1","Secret-triage evidence approved by the exact path/category/token-SHA exemption and created before this resume."
"reports/scale/GIT_CHECKPOINT_G11_REREVIEW_READY_EXPECTED_PATHS.txt","INCLUDE","1","0","0","0","0","1","Checkpoint preparation evidence created in this resume and included in the final expected path set."
"reports/scale/GIT_CHECKPOINT_G11_REREVIEW_READY_REQUIRED_UNSTAGED_PATHS.txt","INCLUDE","1","0","0","0","0","1","Checkpoint preparation evidence created in this resume and included in the final expected path set."
"reports/scale/GIT_CHECKPOINT_G11_REREVIEW_READY_REQUIRED_UNSTAGED_RECONCILIATION.csv","INCLUDE","1","0","0","0","0","1","Checkpoint preparation evidence created in this resume and included in the final expected path set."
"reports/scale/GIT_CHECKPOINT_G11_REREVIEW_READY_SECRET_TRIAGE.md","INCLUDE","1","0","0","0","0","1","Secret-triage evidence approved by the exact path/category/token-SHA exemption and created before this resume."
"tools/100_git_checkpoint_g11_rereview_ready_local_push.ps1","INCLUDE","1","0","0","0","0","1","Checkpoint preparation evidence created in this resume and included in the final expected path set."
