{
  "logical_document_id": "logical_42bac7aea4a9ba84",
  "page_number_basis": "carrier-local, 1-based",
  "pages": [
    {
      "height": 736.7999877929688,
      "image_count": 2,
      "page": 1,
      "rotation": 0,
      "text_chars": 1544,
      "width": 568.3200073242188
    },
    {
      "height": 736.7999877929688,
      "image_count": 2,
      "page": 2,
      "rotation": 0,
      "text_chars": 1785,
      "width": 568.3200073242188
    },
    {
      "height": 736.7999877929688,
      "image_count": 2,
      "page": 3,
      "rotation": 0,
      "text_chars": 1701,
      "width": 568.3200073242188
    },
    {
      "height": 736.7999877929688,
      "image_count": 2,
      "page": 4,
      "rotation": 0,
      "text_chars": 1729,
      "width": 568.3200073242188
    }
  ],
  "representation_id": "representation_0bdc70e991954316"
}
