{
  "logical_document_id": "logical_d435b47bee0cc602",
  "page_number_basis": "carrier-local, 1-based",
  "pages": [
    {
      "height": 736.7999877929688,
      "image_count": 2,
      "page": 1,
      "rotation": 0,
      "text_chars": 1448,
      "width": 568.3200073242188
    },
    {
      "height": 736.7999877929688,
      "image_count": 2,
      "page": 2,
      "rotation": 0,
      "text_chars": 1132,
      "width": 568.3200073242188
    }
  ],
  "representation_id": "representation_0e7b0a1ba09e3fae"
}
