paper_id,year,problem,source_path,source_sha256,page_count,pdf_type,formal_membership,identity_source,snapshot_timestamp,source_role,source_canonical,g8_subject_type
CUMCM-2019-A-001,2019,A,2019年数学建模国赛真题+优秀论文/2019年赛题/2019年国赛A题.pdf,5C44F9C6E9C3030E28A3D3878BA8A81A83F1B3CA7DA6541E41D66C9260094502,,NOT_ANALYZED,FORMAL,catalog/papers.csv; catalog/paper_files.csv; catalog/scale/g8_paper_status.csv,2026-09-02T21:54:06+08:00,primary,True,PROBLEM_PACKAGE
CUMCM-2003-D-001,2003,D,2003年数学建模国赛真题+优秀论文/2003年优秀论文/2003D：抢渡长江的数学模型（2）.pdf,4AAE7A6D1021D49FAFD1CDC63020EF7F72BB95C359E692E76C84B1DD39784647,7,text_based,FORMAL,catalog/papers.csv; catalog/paper_files.csv; catalog/scale/g8_paper_status.csv,2026-09-02T21:54:06+08:00,primary,True,PAPER
CUMCM-2000-B-001,2000,B,2000年数学建模国赛真题+优秀论文/2000年国赛优秀论文/2000B：管道订购与运输问题.pdf,928130C1395319B8BB1B9877F91E08B6C53978ABE4FABB553B98041834D0DF1C,4,text_based,FORMAL,catalog/papers.csv; catalog/paper_files.csv; catalog/scale/g8_paper_status.csv,2026-09-02T21:54:06+08:00,primary,True,PAPER
CUMCM-2001-A-001,2001,A,2001年数学建模国赛真题+优秀论文/2001年国赛优秀论文/2001A：血管切片的三维重建.pdf,1B2A5BE4A875E37494661432EA4FB9B0945500C9AF8D24CA374CDDE1C211AADB,6,text_based,FORMAL,catalog/papers.csv; catalog/paper_files.csv; catalog/scale/g8_paper_status.csv,2026-09-02T21:54:06+08:00,primary,True,PAPER
CUMCM-2002-B-001,2002,B,2002年数学建模国赛真题+优秀论文/2002年优秀论文/2002B：彩票方案的评价.pdf,0ACA3F7090683F9B8E5FB9D24765CE3E4ED11F7F44DE277EF6FA0F1D7EA8A448,7,text_based,FORMAL,catalog/papers.csv; catalog/paper_files.csv; catalog/scale/g8_paper_status.csv,2026-09-02T21:54:06+08:00,primary,True,PAPER
CUMCM-2008-C-001,2008,C,2008年数学建模国赛真题+优秀论文/2008年优秀论文/2008C：《地面搜索的安排计划》.pdf,8A9D26961D3D8192C9A4C7E86CA635D140F7DB561E8D5870D31FD415420D6657,9,text_based,FORMAL,catalog/papers.csv; catalog/paper_files.csv; catalog/scale/g8_paper_status.csv,2026-09-02T21:54:06+08:00,primary,True,PAPER
CUMCM-2020-D-001,2020,D,2020年数学建模国赛真题+优秀论文/2020年优秀论文/2020D：接触式轮廓仪校准问题.pdf,CF4B513786360241FB0A5272598EDB9A5CC95884A81864D28F99A4872D2D71D4,46,image_based,FORMAL,catalog/papers.csv; catalog/paper_files.csv; catalog/scale/g8_paper_status.csv,2026-09-02T21:54:06+08:00,primary,True,PAPER
CUMCM-2018-A-001,2018,A,2018年数学建模国赛真题+优秀论文/2018年优秀论文/2018A：基于非稳态导热的高温作业专用服装设计.pdf,AE162485AC1BF99FC7BC1F2062B19DCA546597111226A5DED5A1EF08D74491A7,28,text_based,FORMAL,catalog/papers.csv; catalog/paper_files.csv; catalog/scale/g8_paper_status.csv,2026-09-02T21:54:06+08:00,primary,True,PAPER
CUMCM-2001-A-002,2001,A,2001年数学建模国赛真题+优秀论文/2001年国赛优秀论文/2001A：血管三维重建的问题.pdf,6AAB07C9A698931E3B7F6B8E60906E643D98E5A51677904FA79138793321AC8F,5,text_based,FORMAL,catalog/papers.csv; catalog/paper_files.csv; catalog/scale/g8_paper_status.csv,2026-09-02T21:54:06+08:00,primary,True,PAPER
CUMCM-1997-A-001,1997,A,1997年数学建模国赛真题+优秀论文/1997年国赛优秀论文/1997A：零件的参数设计(2).pdf,EA2B6020DF610B497693CCBD4CC1010B13E928C2DE2C9A8E225B540700052FE1,4,image_based,FORMAL,catalog/papers.csv; catalog/paper_files.csv; catalog/scale/g8_paper_status.csv,2026-09-02T21:54:06+08:00,primary,True,PAPER
CUMCM-2015-A-001,2015,A,2015年数学建模国赛真题+优秀论文/2015年优秀论文/2015A：太阳影子定位 (4).pdf,F5B0A1828E9BB3D91C7C054F89F3152BB68F2B9C3CC4ABD0E57803793C77D752,,NOT_ANALYZED,FORMAL,catalog/papers.csv; catalog/paper_files.csv; catalog/scale/g8_paper_status.csv,2026-09-02T21:54:06+08:00,primary,True,NOT_IN_G8_STATUS
CUMCM-2017-A-001,2017,A,2017年数学建模国赛真题+优秀论文/2017年优秀论文/2017A：CT系统参数标定及成像  (3).pdf,C36D697225558E4695291E0FF54C06050519DE439D22027ECC0BA07A739D2914,31,text_based,FORMAL,catalog/papers.csv; catalog/paper_files.csv; catalog/scale/g8_paper_status.csv,2026-09-02T21:54:06+08:00,primary,True,PAPER
CUMCM-2002-A-001,2002,A,2002年数学建模国赛真题+优秀论文/2002年优秀论文/2002A：车灯线光源的优化设计 (2).pdf,72AC67588463BC409976DFB39ECAF2E66F0B4EF8BF327B7CF307141FC1A30374,12,image_based,FORMAL,catalog/papers.csv; catalog/paper_files.csv; catalog/scale/g8_paper_status.csv,2026-09-02T21:54:06+08:00,primary,True,PAPER
CUMCM-2007-B-001,2007,B,2007年数学建模国赛真题+优秀论文/2007年优秀论文/2007B：《关于多目标道路寻优问题的研究》.pdf,6C7B5426E3F021AB4B7FA0D467F9D656767F63EDB4887F3AA019A1C6776A4029,16,text_based,FORMAL,catalog/papers.csv; catalog/paper_files.csv; catalog/scale/g8_paper_status.csv,2026-09-02T21:54:06+08:00,primary,True,PAPER
CUMCM-1995-B-001,1995,B,1995年数学建模国赛真题+优秀论文/1995年国赛优秀论文/1995B：冶炼车间的最优调度模型的检验.pdf,E392B8D28A24EA3FE41FE8D9E5D5F58EA885AE122EE4DDC298FBF271984BB7AC,2,image_based,FORMAL,catalog/papers.csv; catalog/paper_files.csv; catalog/scale/g8_paper_status.csv,2026-09-02T21:54:06+08:00,primary,True,PAPER
CUMCM-1999-A-001,1999,A,1999年数学建模国赛真题+优秀论文/1999年国赛优秀论文/1999A：自动化车床管理的数学模型.pdf,0DA82270F0514BF9479127F148DA63F3BBDA07BECBC62759C5ABFF83D3100148,4,text_based,FORMAL,catalog/papers.csv; catalog/paper_files.csv; catalog/scale/g8_paper_status.csv,2026-09-02T21:54:06+08:00,primary,True,PAPER
CUMCM-2001-B-001,2001,B,2001年数学建模国赛真题+优秀论文/2001年国赛优秀论文/2001B：公交车调度优化模型.pdf,BA89E0F687DE3A8DEF4607B21F4D8979DBCC8D775FE9F4F7FB613AB1EC44C254,6,text_based,FORMAL,catalog/papers.csv; catalog/paper_files.csv; catalog/scale/g8_paper_status.csv,2026-09-02T21:54:06+08:00,primary,True,PAPER
CUMCM-2020-A-001,2020,A,2020年数学建模国赛真题+优秀论文/2020年优秀论文/2020A：回焊炉温曲线优化控制.pdf,260BF50A68449CDF33AE46F151E560165457AC07C4A624BEE0AD90CCA310E488,26,image_based,FORMAL,catalog/papers.csv; catalog/paper_files.csv; catalog/scale/g8_paper_status.csv,2026-09-02T21:54:06+08:00,primary,True,PAPER
CUMCM-2012-B-001,2012,B,2012年数学建模国赛真题+优秀论文/2012年赛题/2012年国赛B题附件（2）/东立面.jpg,6BB5F2D791154A65564FCF900230EFF15FBFB58343CB7F18EE32102AB6A87618,,NOT_ANALYZED,FORMAL,catalog/papers.csv; catalog/paper_files.csv; catalog/scale/g8_paper_status.csv,2026-09-02T21:54:06+08:00,primary,False,PROBLEM_PACKAGE
CUMCM-2016-B-001,2016,B,2016年数学建模国赛真题+优秀论文/2016年优秀论文/2016B：小区开放道路通行影响 (1).pdf,1FB8DF50012AC03FACF8187F53FBA6A3BE312EB7118C0A9B87671BB06283813E,30,text_based,FORMAL,catalog/papers.csv; catalog/paper_files.csv; catalog/scale/g8_paper_status.csv,2026-09-02T21:54:06+08:00,primary,True,PAPER
CUMCM-2007-C-001,2007,C,2007年数学建模国赛真题+优秀论文/2007年优秀论文/2007C：《手机套餐评价模型》.pdf,D3CD78262D9103CAB930412FE9AB05F2359B3A7CA12F661ADF4854CB39AA181C,7,image_based,FORMAL,catalog/papers.csv; catalog/paper_files.csv; catalog/scale/g8_paper_status.csv,2026-09-02T21:54:06+08:00,primary,True,PAPER
CUMCM-2011-D-001,2011,D,2011年数学建模国赛真题+优秀论文/2011年优秀论文/2011D：天然肠衣搭配问题(1)/一类肠衣搭配优化问题.doc,A54963631C73100E2A26B41E91070384F60C7AE57B13789F2212145149EE6D2D,,NOT_ANALYZED,FORMAL,catalog/papers.csv; catalog/paper_files.csv; catalog/scale/g8_paper_status.csv,2026-09-02T21:54:06+08:00,primary,True,PAPER
CUMCM-2002-A-002,2002,A,2002年数学建模国赛真题+优秀论文/2002年优秀论文/2002A：车灯线光源的优化设计方案.pdf,8E981B48894748BD7C77F8BC20987C633A743CF674A0DFC7F718B87B3ED850B9,10,text_based,FORMAL,catalog/papers.csv; catalog/paper_files.csv; catalog/scale/g8_paper_status.csv,2026-09-02T21:54:06+08:00,primary,True,PAPER
CUMCM-2015-C-001,2015,C,2015年数学建模国赛真题+优秀论文/2015年优秀论文/2015C：月上柳梢头，人约黄昏后 (2).docx,2FD325ACB13EF5D9C5FC80330A55D0908EF258DAB2C406B883AB344EA5B4CA46,,NOT_ANALYZED,FORMAL,catalog/papers.csv; catalog/paper_files.csv; catalog/scale/g8_paper_status.csv,2026-09-02T21:54:06+08:00,primary,True,NOT_IN_G8_STATUS
CUMCM-2020-B-001,2020,B,2020年数学建模国赛真题+优秀论文/2020年优秀论文/2020B：穿越沙漠游戏中的玩家行为决策问题.pdf,473E11B268CDD133D9DD439719B055171C840360635C747C0F2759D5D7F9D678,39,image_based,FORMAL,catalog/papers.csv; catalog/paper_files.csv; catalog/scale/g8_paper_status.csv,2026-09-02T21:54:06+08:00,primary,True,PAPER
CUMCM-2003-B-001,2003,B,2003年数学建模国赛真题+优秀论文/2003年优秀论文/2003B：露天矿生产的车辆安排(2).pdf,6267B72836B37E1E0AA2957A176FB267E927B9EBEAC6F7DA2B808B13D873ABA9,8,text_based,FORMAL,catalog/papers.csv; catalog/paper_files.csv; catalog/scale/g8_paper_status.csv,2026-09-02T21:54:06+08:00,primary,True,PAPER
CUMCM-2015-D-001,2015,D,2015年数学建模国赛真题+优秀论文/2015年优秀论文/2015D：众筹筑屋规划方案设计 (1).doc,9ABCA9291FB804C69C8B75634E4BEC7252333E0616743B6A01F11D2C9056F84E,,NOT_ANALYZED,FORMAL,catalog/papers.csv; catalog/paper_files.csv; catalog/scale/g8_paper_status.csv,2026-09-02T21:54:06+08:00,primary,True,NOT_IN_G8_STATUS
CUMCM-2013-A-A0114,2013,A,2013年数学建模国赛真题+优秀论文/2013A：车道被占用对城市道路通行能力的影响/A0114.pdf,B9100E7F93C38C9E3A61E81F1DFE978A076493905BFE19F41951CEE69BB2D89A,32,text_based,FORMAL,catalog/papers.csv; catalog/paper_files.csv; catalog/scale/g8_paper_status.csv,2026-09-02T21:54:06+08:00,primary,True,PAPER
CUMCM-2008-D-001,2008,D,2008年数学建模国赛真题+优秀论文/2008年赛题/2008年国赛D题data_full.doc,0666D69FD982D4B1752DF9C8E3BBCD3359A1E6521AD5C7500AE007C1E0E52844,,NOT_ANALYZED,FORMAL,catalog/papers.csv; catalog/paper_files.csv; catalog/scale/g8_paper_status.csv,2026-09-02T21:54:06+08:00,primary,True,PROBLEM_PACKAGE
CUMCM-2003-A-001,2003,A,2003年数学建模国赛真题+优秀论文/2003年优秀论文/2003A：SARS传播的数学原理及预测与控制 (2).pdf,10DC3713D196BF397E9DD4993CD968E15E0E86D9E3D3FC880920F45BE1447472,6,image_based,FORMAL,catalog/papers.csv; catalog/paper_files.csv; catalog/scale/g8_paper_status.csv,2026-09-02T21:54:06+08:00,primary,True,PAPER
CUMCM-1996-A-001,1996,A,1996年数学建模国赛真题+优秀论文/1996年国赛优秀论文/1996A：持续高产捕鱼策略.pdf,B42F3B854FC08AEB3B4AC3B711E6299BE0E2097F280B7C4680DF685119439786,8,image_based,FORMAL,catalog/papers.csv; catalog/paper_files.csv; catalog/scale/g8_paper_status.csv,2026-09-02T21:54:06+08:00,primary,True,PAPER
CUMCM-2011-B-001,2011,B,2011年数学建模国赛真题+优秀论文/2011年优秀论文/2011B：交巡警服务平台的设置与调度（3）/问题一与问题三：路径分配示意图/二十三个平台时的分配图_问题三.PNG,74D133872DB55A545876C3576B2D1431365559286DE5799041F8FA833B1FD2AA,,NOT_ANALYZED,FORMAL,catalog/papers.csv; catalog/paper_files.csv; catalog/scale/g8_paper_status.csv,2026-09-02T21:54:06+08:00,primary,False,SUPPORTING_MATERIAL
CUMCM-1995-A-001,1995,A,1995年数学建模国赛真题+优秀论文/1995年国赛优秀论文/1995A：飞行管理问题的实时算法.pdf,E4141586944386F0CEEAA0592837FA28A32C89844D4113F1E536FF48A2430A42,9,image_based,FORMAL,catalog/papers.csv; catalog/paper_files.csv; catalog/scale/g8_paper_status.csv,2026-09-02T21:54:06+08:00,primary,True,PAPER
CUMCM-2000-C-001,2000,C,2000年数学建模国赛真题+优秀论文/2000年国赛优秀论文/2000C：飞越北极的数学模型 (2).pdf,62544533E41E9C720FFB383DAB90B099CC7DAD5E9290B892470C3BE782D5FA69,8,text_based,FORMAL,catalog/papers.csv; catalog/paper_files.csv; catalog/scale/g8_paper_status.csv,2026-09-02T21:54:06+08:00,primary,True,PAPER
CUMCM-1995-B-002,1995,B,1995年数学建模国赛真题+优秀论文/1995年国赛优秀论文/1995B：天车作业调度的随机性分析.pdf,2866722CD8BF834B00BCDE12DB3F275BFC83E0F422B0768C727204F9D27A9EDB,3,image_based,FORMAL,catalog/papers.csv; catalog/paper_files.csv; catalog/scale/g8_paper_status.csv,2026-09-02T21:54:06+08:00,primary,True,PAPER
CUMCM-2024-B-001,2024,B,2024年数学建模国赛真题+优秀论文/2024真题/B题/B题.pdf,F54529DD15D729B046E248EA41033B4F66EF68333BE2BEE912B0C54EAFD227AB,,NOT_ANALYZED,FORMAL,catalog/papers.csv; catalog/paper_files.csv; catalog/scale/g8_paper_status.csv,2026-09-02T21:54:06+08:00,primary,True,PAPER
CUMCM-2025-A-001,2025,A,2025年数学建模国赛真题+优秀论文/2025年数学建模国赛真题！/A题/A题.pdf,A37F6AAD30B16EA09DA9CB320CE194B12D3A28874008CF9FF19549F6C6079447,,NOT_ANALYZED,FORMAL,catalog/papers.csv; catalog/paper_files.csv; catalog/scale/g8_paper_status.csv,2026-09-02T21:54:06+08:00,primary,True,NOT_IN_G8_STATUS
CUMCM-2006-B-001,2006,B,2006年数学建模国赛真题+优秀论文/2006年优秀论文/2006B：艾滋病疗法的评价及疗效的预.pdf,9D23F968712A90CE22A25CD158585EABE82B510AFDE711E1EF28C09AD998CB33,11,text_based,FORMAL,catalog/papers.csv; catalog/paper_files.csv; catalog/scale/g8_paper_status.csv,2026-09-02T21:54:06+08:00,primary,True,PAPER
CUMCM-2011-D-002,2011,D,2011年数学建模国赛真题+优秀论文/2011年优秀论文/2011D：天然肠衣搭配问题(1)/规格3步骤23.lg4,DF2DFB6A25C1D7F3AFAE8BD43926F466FC401FCA8D7A1F22AFC17BF5374E865F,,NOT_ANALYZED,FORMAL,catalog/papers.csv; catalog/paper_files.csv; catalog/scale/g8_paper_status.csv,2026-09-02T21:54:06+08:00,primary,True,SUPPORTING_MATERIAL
CUMCM-1999-C-001,1999,C,1999年数学建模国赛真题+优秀论文/1999年国赛优秀论文/1999C：煤矸石堆积模型.pdf,FD17ED40C59779200ED16509B7A56CFE60AB7492691994722E4A9F870A55915E,7,text_based,FORMAL,catalog/papers.csv; catalog/paper_files.csv; catalog/scale/g8_paper_status.csv,2026-09-02T21:54:06+08:00,primary,True,PAPER
CUMCM-2025-D-001,2025,D,2025年数学建模国赛真题+优秀论文/2025年数学建模国赛真题！/D题/D题.pdf,280D690A1F78F5FF0889760592BF30DE903AC5144ED8491D59AE744E560C4AA8,,NOT_ANALYZED,FORMAL,catalog/papers.csv; catalog/paper_files.csv; catalog/scale/g8_paper_status.csv,2026-09-02T21:54:06+08:00,primary,True,NOT_IN_G8_STATUS
CUMCM-1995-B-003,1995,B,1995年数学建模国赛真题+优秀论文/1995年国赛优秀论文/1995B：天车与冶炼炉的作业调度模型.pdf,73DFF2EFA876FA71BF6116B33EBB94D9A115B32D5ED1EC3DA84EC79EBE934D41,3,image_based,FORMAL,catalog/papers.csv; catalog/paper_files.csv; catalog/scale/g8_paper_status.csv,2026-09-02T21:54:06+08:00,primary,True,PAPER
CUMCM-2005-B-001,2005,B,2005年数学建模国赛真题+优秀论文/2005年赛题/2005年国赛B题.doc,54C3A89E2C50F86A29429057E71D469A034F77573C302B7A7D2C61239821B299,,NOT_ANALYZED,FORMAL,catalog/papers.csv; catalog/paper_files.csv; catalog/scale/g8_paper_status.csv,2026-09-02T21:54:06+08:00,primary,True,PROBLEM_PACKAGE
CUMCM-2002-A-003,2002,A,2002年数学建模国赛真题+优秀论文/2002年优秀论文/2002A：车灯线光源的优化设计.pdf,654FDAE1F1D62D35C5956A2A6912B3919CE04E4A7BC901543ABF6A69E2909033,12,text_based,FORMAL,catalog/papers.csv; catalog/paper_files.csv; catalog/scale/g8_paper_status.csv,2026-09-02T21:54:06+08:00,primary,True,PAPER
CUMCM-2001-B-002,2001,B,2001年数学建模国赛真题+优秀论文/2001年国赛优秀论文/2001B：对于公交汽车调度问题的求解.pdf,89768B6C78A6018D0295F036222D968ADAD1387F555EE25E9ED6650D56533DD4,8,text_based,FORMAL,catalog/papers.csv; catalog/paper_files.csv; catalog/scale/g8_paper_status.csv,2026-09-02T21:54:06+08:00,primary,True,PAPER
CUMCM-2008-B-001,2008,B,2008年数学建模国赛真题+优秀论文/2008年优秀论文/2008B：《高校学费合理性研究》.PDF,460E5C8E11DB978CC8C6D7163078862BC83F2A9D71C1FA2FCEA5984633E72EFB,26,text_based,FORMAL,catalog/papers.csv; catalog/paper_files.csv; catalog/scale/g8_paper_status.csv,2026-09-02T21:54:06+08:00,primary,True,PAPER
CUMCM-1996-A-002,1996,A,1996年数学建模国赛真题+优秀论文/1996年国赛优秀论文/1996A：最优捕鱼策略的设计.pdf,6F805577A835F96E739C0700C52008F4B788D8827B93E414FD6986BB4AF9566E,7,image_based,FORMAL,catalog/papers.csv; catalog/paper_files.csv; catalog/scale/g8_paper_status.csv,2026-09-02T21:54:06+08:00,primary,True,PAPER
CUMCM-1995-A-002,1995,A,1995年数学建模国赛真题+优秀论文/1995年国赛优秀论文/1995A：飞行管理模型的线性化处理方法.pdf,FC99E3CF0ADF0AAADA70632B01002D6D0B7792E8A50BB09C964E6B762DE27AC0,4,image_based,FORMAL,catalog/papers.csv; catalog/paper_files.csv; catalog/scale/g8_paper_status.csv,2026-09-02T21:54:06+08:00,primary,True,PAPER
CUMCM-2015-B-001,2015,B,2015年数学建模国赛真题+优秀论文/2015年优秀论文/2015B：互联网+_时代的出租车资源配置 (5).pdf,E25E78987E2128F6D30011825C0BD0101CDCAE4F70F46E6190DD8EEB9BB53C94,,NOT_ANALYZED,FORMAL,catalog/papers.csv; catalog/paper_files.csv; catalog/scale/g8_paper_status.csv,2026-09-02T21:54:06+08:00,primary,True,NOT_IN_G8_STATUS
CUMCM-2005-B-002,2005,B,2005年数学建模国赛真题+优秀论文/2005年国赛优秀论文/2005B：DVD在线租赁系统的优化设计.pdf,130F5D4D0078B38BE1A83849E943EB5B5F79AFFF37CF5198D16B16A9BEA5F030,7,text_based,FORMAL,catalog/papers.csv; catalog/paper_files.csv; catalog/scale/g8_paper_status.csv,2026-09-02T21:54:06+08:00,primary,True,PAPER
CUMCM-2004-A-001,2004,A,2004年数学建模国赛真题+优秀论文/2004优秀论文/2004A：奥运场馆中临时商业网点设计中的数学模型化方法.pdf,6F59C6F99C2E72BEF73A7409BE8FED8F6261D92FEDEFB1EEBE05E40979F4B328,5,image_based,FORMAL,catalog/papers.csv; catalog/paper_files.csv; catalog/scale/g8_paper_status.csv,2026-09-02T21:54:06+08:00,primary,True,PAPER
CUMCM-2016-A-001,2016,A,2016年数学建模国赛真题+优秀论文/2016年赛题/2016年国赛A题.doc,355E40C1CB6D5E9500779EF88896BAE568CD5418706825D6F66F68E07D92F910,,NOT_ANALYZED,FORMAL,catalog/papers.csv; catalog/paper_files.csv; catalog/scale/g8_paper_status.csv,2026-09-02T21:54:06+08:00,primary,True,PROBLEM_PACKAGE
CUMCM-2001-A-003,2001,A,2001年数学建模国赛真题+优秀论文/2001年国赛优秀论文/2001A：利用切片的二维空间相关操作实现血管的三维重建.pdf,18A6A74D30B7CD29755E3D5554050A17B596A8774C7AB6BFAAAA0D01D2FD4E01,6,text_based,FORMAL,catalog/papers.csv; catalog/paper_files.csv; catalog/scale/g8_paper_status.csv,2026-09-02T21:54:06+08:00,primary,True,PAPER
CUMCM-2011-D-003,2011,D,2011年数学建模国赛真题+优秀论文/2011年优秀论文/2011D：天然肠衣搭配问题(1)/三级降二级降级12.lg4,7382CC0E36E4F001DB6538022754F1D85B028E76411B958F076A86BF3DDF6EB2,,NOT_ANALYZED,FORMAL,catalog/papers.csv; catalog/paper_files.csv; catalog/scale/g8_paper_status.csv,2026-09-02T21:54:06+08:00,primary,True,SUPPORTING_MATERIAL
CUMCM-2023-A-001,2023,A,2023年数学建模国赛真题+优秀论文/2023赛题/A题/A题.pdf,3E2507025F0A776E3BA8E340E646D2105896482B055CDD6A22862DEDBF89311B,,NOT_ANALYZED,FORMAL,catalog/papers.csv; catalog/paper_files.csv; catalog/scale/g8_paper_status.csv,2026-09-02T21:54:06+08:00,primary,True,PROBLEM_PACKAGE
CUMCM-2017-B-001,2017,B,2017年数学建模国赛真题+优秀论文/2017年优秀论文/2017B：“拍照赚钱”的任务定价 (3).pdf,868338C91C96EF687737C15C64C042945F2ED7BCB7D534F7FCF9F84E85426550,51,mixed,FORMAL,catalog/papers.csv; catalog/paper_files.csv; catalog/scale/g8_paper_status.csv,2026-09-02T21:54:06+08:00,primary,True,PAPER
CUMCM-2013-C-001,2013,C,2013年数学建模国赛真题+优秀论文/2013C：古塔的变形/qvlv.asv,D9C462EF2B412A69EB0B9400EE8D72AFB933B2BAED4F6D0688A5457290B2CA1F,,NOT_ANALYZED,FORMAL,catalog/papers.csv; catalog/paper_files.csv; catalog/scale/g8_paper_status.csv,2026-09-02T21:54:06+08:00,primary,True,SUPPORTING_MATERIAL
CUMCM-2010-A-001,2010,A,2010年数学建模国赛真题+优秀论文/2010年优秀论文/2010A：储油罐的变位识别与罐容表标定.pdf,82D81045ACEC41137B7306AD1AF0ACD0AFF2948811DDC58A8E8F31CAA0A15649,25,image_based,FORMAL,catalog/papers.csv; catalog/paper_files.csv; catalog/scale/g8_paper_status.csv,2026-09-02T21:54:06+08:00,primary,True,PAPER
CUMCM-2007-D-001,2007,D,2007年数学建模国赛真题+优秀论文/2007年优秀论文/2007D：《体能测试时间安排》 (2).pdf,E8393E9EE254C5D460217EF068984FFB039E7EB41A868CE64E2C6E6C281CE24E,9,image_based,FORMAL,catalog/papers.csv; catalog/paper_files.csv; catalog/scale/g8_paper_status.csv,2026-09-02T21:54:06+08:00,primary,True,PAPER
CUMCM-1996-A-003,1996,A,1996年数学建模国赛真题+优秀论文/1996年国赛优秀论文/1996A：最优捕鱼模型.pdf,158A530FEF7ED58BC95791D2CFF58F18D59698707D44775CE5C8FD87EA7EDC8B,4,image_based,FORMAL,catalog/papers.csv; catalog/paper_files.csv; catalog/scale/g8_paper_status.csv,2026-09-02T21:54:06+08:00,primary,True,PAPER
CUMCM-2001-A-004,2001,A,2001年数学建模国赛真题+优秀论文/2001年国赛优秀论文/2001A：血管的三维重建.pdf,837CAB0005C66E81BEA3920EB9DADCB3FBDB7283AE336CE37DE9DFF663E114E3,6,text_based,FORMAL,catalog/papers.csv; catalog/paper_files.csv; catalog/scale/g8_paper_status.csv,2026-09-02T21:54:06+08:00,primary,True,PAPER
CUMCM-2012-D-001,2012,D,2012年数学建模国赛真题+优秀论文/2012年优秀论文/2012D：机器人避障问题 (2).doc,D93A9A6A9DE012927F8A5D4B36E1768CA3F6AFFB6952673F40FE2740D4032766,,NOT_ANALYZED,FORMAL,catalog/papers.csv; catalog/paper_files.csv; catalog/scale/g8_paper_status.csv,2026-09-02T21:54:06+08:00,primary,True,PAPER
CUMCM-2008-A-001,2008,A,2008年数学建模国赛真题+优秀论文/2008年优秀论文/2008A：《数码相机定位》.pdf,63BB2ECB599BBDD888332E730798509519A7B48B82E20808BC0F664844A7E6DC,34,image_based,FORMAL,catalog/papers.csv; catalog/paper_files.csv; catalog/scale/g8_paper_status.csv,2026-09-02T21:54:06+08:00,primary,True,PAPER
CUMCM-2019-D-001,2019,D,2019年数学建模国赛真题+优秀论文/2019年赛题/2019年国赛D题 .pdf,6FBC20B8AFC21B09BDB5D156F6850932DB9CC980D1591564379F6BD2E6FA50A3,,NOT_ANALYZED,FORMAL,catalog/papers.csv; catalog/paper_files.csv; catalog/scale/g8_paper_status.csv,2026-09-02T21:54:06+08:00,primary,True,PROBLEM_PACKAGE
CUMCM-2008-A-002,2008,A,2008年数学建模国赛真题+优秀论文/2008年优秀论文/2008A：数码相机定位 (2).pdf,71D2F1578C19C361500DAEC8DF01DE19BA5BE94F862199D53FFA13228DB71637,27,text_based,FORMAL,catalog/papers.csv; catalog/paper_files.csv; catalog/scale/g8_paper_status.csv,2026-09-02T21:54:06+08:00,primary,True,PAPER
CUMCM-2001-A-005,2001,A,2001年数学建模国赛真题+优秀论文/2001年国赛优秀论文/2001A：管道切片的三维重建.pdf,8EB51A5D0FD04F9201EF7115341250090E6F5368B508F1184D0579C529DFCE2E,7,text_based,FORMAL,catalog/papers.csv; catalog/paper_files.csv; catalog/scale/g8_paper_status.csv,2026-09-02T21:54:06+08:00,primary,True,PAPER
CUMCM-2011-D-004,2011,D,2011年数学建模国赛真题+优秀论文/2011年优秀论文/2011D：天然肠衣搭配问题(1)/规格2步骤24.lg4,CE69E3EF82BFF7AD61B7BC8E5988DFC869C8E026EFE8491312E1AA99805F154E,,NOT_ANALYZED,FORMAL,catalog/papers.csv; catalog/paper_files.csv; catalog/scale/g8_paper_status.csv,2026-09-02T21:54:06+08:00,primary,True,SUPPORTING_MATERIAL
CUMCM-2018-A-002,2018,A,2018年数学建模国赛真题+优秀论文/2018年优秀论文/2018A：高温作业专用服装设计.pdf,EEF9B9FB1DCCF67C1DAB44779AD25A7F28C57401162B04473F31D60492337EC3,43,text_based,FORMAL,catalog/papers.csv; catalog/paper_files.csv; catalog/scale/g8_paper_status.csv,2026-09-02T21:54:06+08:00,primary,True,PAPER
CUMCM-2017-A-002,2017,A,2017年数学建模国赛真题+优秀论文/2017年优秀论文/2017A：CT系统参数标定及成像  (5).pdf,60D2FAD35BC8C320AF9A1BACE782AA300B1F57F30105D6BB2311684001B7EC50,29,text_based,FORMAL,catalog/papers.csv; catalog/paper_files.csv; catalog/scale/g8_paper_status.csv,2026-09-02T21:54:06+08:00,primary,True,PAPER
CUMCM-2012-D-002,2012,D,2012年数学建模国赛真题+优秀论文/2012年优秀论文/2012D：机器人避障问题 (1)/kxljmethod1.fig,2143F70559273FB30EE6B50155A1E7E08C64AF8BA0A4C761B5D7F8EDA33CA93D,,NOT_ANALYZED,FORMAL,catalog/papers.csv; catalog/paper_files.csv; catalog/scale/g8_paper_status.csv,2026-09-02T21:54:06+08:00,primary,True,SUPPORTING_MATERIAL
CUMCM-2007-A-001,2007,A,2007年数学建模国赛真题+优秀论文/2007年优秀论文/2007A：《中国人口增长预测模型》 (3).pdf,88E3E71E000B6FF6DF5B4D0F47A7003C72698795524DBF97F78D4D7A97E7DB2E,24,text_based,FORMAL,catalog/papers.csv; catalog/paper_files.csv; catalog/scale/g8_paper_status.csv,2026-09-02T21:54:06+08:00,primary,True,PAPER
CUMCM-2003-A-002,2003,A,2003年数学建模国赛真题+优秀论文/2003年优秀论文/2003A：SARS传播预测的数学模型.pdf,09FAC486AFB2A0AF905E373CF070497044B24FC21413D803B5DF8AC174CF61FC,10,text_based,FORMAL,catalog/papers.csv; catalog/paper_files.csv; catalog/scale/g8_paper_status.csv,2026-09-02T21:54:06+08:00,primary,True,PAPER
CUMCM-2011-D-005,2011,D,2011年数学建模国赛真题+优秀论文/2011年优秀论文/2011D：天然肠衣搭配问题(1)/规格3步骤210.lg4,399E82DE60BC9E990161E57186D1406D4C1720FF58A9A49E73AE3AB1DCD0F230,,NOT_ANALYZED,FORMAL,catalog/papers.csv; catalog/paper_files.csv; catalog/scale/g8_paper_status.csv,2026-09-02T21:54:06+08:00,primary,True,SUPPORTING_MATERIAL
CUMCM-2004-A-002,2004,A,2004年数学建模国赛真题+优秀论文/2004优秀论文/2004A：基于利润最大化的奥运商业网点分布微观经济模型.pdf,A9AFF4DFFDE81387E07556BB097E5A807D78414DF8FCDE889CBCEF7C5D70E83E,8,image_based,FORMAL,catalog/papers.csv; catalog/paper_files.csv; catalog/scale/g8_paper_status.csv,2026-09-02T21:54:06+08:00,primary,True,PAPER
CUMCM-2011-D-006,2011,D,2011年数学建模国赛真题+优秀论文/2011年优秀论文/2011D：天然肠衣搭配问题(1)/方案1规格1.lg4,D256EA9CFF9356B1A472AA820883D1B9FA68827B29BC69AC79C2E01342491E65,,NOT_ANALYZED,FORMAL,catalog/papers.csv; catalog/paper_files.csv; catalog/scale/g8_paper_status.csv,2026-09-02T21:54:06+08:00,primary,True,SUPPORTING_MATERIAL
CUMCM-2015-D-002,2015,D,2015年数学建模国赛真题+优秀论文/2015年赛题/2015年国赛D题.doc,6654537F357520596A54FB116301F419B889C355D6672B771B97F12592EE0AA0,,NOT_ANALYZED,FORMAL,catalog/papers.csv; catalog/paper_files.csv; catalog/scale/g8_paper_status.csv,2026-09-02T21:54:06+08:00,primary,True,NOT_IN_G8_STATUS
CUMCM-1998-A-001,1998,A,1998年数学建模国赛真题+优秀论文/1998年国赛优秀论文/1998A：投资收益与风险的优化模型.pdf,4A2874E66796AC3E5CEF35A48C2A4BB0E73094E824DE2335C0091F86EE51AC27,2,text_based,FORMAL,catalog/papers.csv; catalog/paper_files.csv; catalog/scale/g8_paper_status.csv,2026-09-02T21:54:06+08:00,primary,True,PAPER
CUMCM-2012-D-003,2012,D,2012年数学建模国赛真题+优秀论文/2012年优秀论文/2012D：机器人避障问题 (1)/dykxlj1.fig,AC28C45674D3368868D2B51EA1AF11D75441B2F2718BFCEBBEB6311E22F9DDFB,,NOT_ANALYZED,FORMAL,catalog/papers.csv; catalog/paper_files.csv; catalog/scale/g8_paper_status.csv,2026-09-02T21:54:06+08:00,primary,True,SUPPORTING_MATERIAL
CUMCM-2002-A-004,2002,A,2002年数学建模国赛真题+优秀论文/2002年优秀论文/2002A：车灯线光源的优化设计(1).pdf,08F6F1C51837E3D9C12D40DD967F15B2C2148E1C1312C08AF6701A52AF748CFD,5,text_based,FORMAL,catalog/papers.csv; catalog/paper_files.csv; catalog/scale/g8_paper_status.csv,2026-09-02T21:54:06+08:00,primary,True,PAPER
CUMCM-2011-A-001,2011,A,2011年数学建模国赛真题+优秀论文/2011年优秀论文/2011A：城市表层土壤重金属污染分析（7）.pdf,3D58DB4E99A3E3202142EB77E537132421D37B81F6636360331B0A7D19E17F0E,19,text_based,FORMAL,catalog/papers.csv; catalog/paper_files.csv; catalog/scale/g8_paper_status.csv,2026-09-02T21:54:06+08:00,primary,True,PAPER
CUMCM-2020-B-002,2020,B,2020年数学建模国赛真题+优秀论文/2020年优秀论文/2020B：基于动态规划、统计分析、静态博弈的穿越沙漠游戏策咯设计.pdf,26781A9C92E48A6FD495960C27AEB6E66B1C0A2A89DB7F07BD6C0362A68E6A9E,104,image_based,FORMAL,catalog/papers.csv; catalog/paper_files.csv; catalog/scale/g8_paper_status.csv,2026-09-02T21:54:06+08:00,primary,True,PAPER
CUMCM-2001-B-003,2001,B,2001年数学建模国赛真题+优秀论文/2001年国赛优秀论文/2001B：关于公交车调度的优化问题.pdf,F907B8F8C14DC155E919A328CC6F9A2AB01842534B552DDBEF377B1C40B5031D,7,text_based,FORMAL,catalog/papers.csv; catalog/paper_files.csv; catalog/scale/g8_paper_status.csv,2026-09-02T21:54:06+08:00,primary,True,PAPER
CUMCM-2010-D-001,2010,D,2010年数学建模国赛真题+优秀论文/2010年优秀论文/2010D：对学生宿舍设计方案的评价（1）.pdf,ACEA7FB67881A12CBE502C6A0AD6F84ECB59BD6A7FDCBF0051B35C4AC67E5173,10,image_based,FORMAL,catalog/papers.csv; catalog/paper_files.csv; catalog/scale/g8_paper_status.csv,2026-09-02T21:54:06+08:00,primary,True,PAPER
CUMCM-2011-A-002,2011,A,2011年数学建模国赛真题+优秀论文/2011年优秀论文/2011A：城市表层土壤重金属污染分析（8）.pdf,AAD869BC1AB3C69E03518C673BA1163A29DCB24D15F8C57943783A004BAD317D,21,text_based,FORMAL,catalog/papers.csv; catalog/paper_files.csv; catalog/scale/g8_paper_status.csv,2026-09-02T21:54:06+08:00,primary,True,PAPER
CUMCM-2007-A-002,2007,A,2007年数学建模国赛真题+优秀论文/2007年赛题/2007年国赛A题App1.doc,3CE27BD6474498B0F5A5302FAE6238C959384A40C16AF61BB4A3DA07BE10ACCB,,NOT_ANALYZED,FORMAL,catalog/papers.csv; catalog/paper_files.csv; catalog/scale/g8_paper_status.csv,2026-09-02T21:54:06+08:00,primary,True,PROBLEM_PACKAGE
CUMCM-1993-A-001,1993,A,1993年数学建模国赛真题+优秀论文/1993年国赛优秀论文/1993年A题优秀论文① 非线性交调的频率设计.pdf,79DA628641A6671BBD0524250E9FE139347FBA1A4324416F07A8F9F91C753707,,NOT_ANALYZED,FORMAL,catalog/papers.csv; catalog/paper_files.csv; catalog/scale/g8_paper_status.csv,2026-09-02T21:54:06+08:00,primary,False,PROBLEM_PACKAGE
CUMCM-2011-D-007,2011,D,2011年数学建模国赛真题+优秀论文/2011年优秀论文/2011D：天然肠衣搭配问题 (4).doc,97C1EA0783BF190F8B166E049F84352DD12A702E5F0B0B1E9720DEB4ED5DB5A5,,NOT_ANALYZED,FORMAL,catalog/papers.csv; catalog/paper_files.csv; catalog/scale/g8_paper_status.csv,2026-09-02T21:54:06+08:00,primary,True,PAPER
CUMCM-2007-A-003,2007,A,2007年数学建模国赛真题+优秀论文/2007年优秀论文/2007A：《中国人口增长预测模型的建立与分析》.pdf,27AE164C866FB604263728077B526476AFF89C1C83CA5DDE9E5A574FBA704F91,19,text_based,FORMAL,catalog/papers.csv; catalog/paper_files.csv; catalog/scale/g8_paper_status.csv,2026-09-02T21:54:06+08:00,primary,True,PAPER
CUMCM-2011-D-008,2011,D,2011年数学建模国赛真题+优秀论文/2011年优秀论文/2011D：天然肠衣搭配问题(1)/三级降二级降级20.lg4,F45D4F1A6B8E79B58029E074C69500378496E347F620A8FCB1A3D52D947D272E,,NOT_ANALYZED,FORMAL,catalog/papers.csv; catalog/paper_files.csv; catalog/scale/g8_paper_status.csv,2026-09-02T21:54:06+08:00,primary,True,SUPPORTING_MATERIAL
CUMCM-2000-B-002,2000,B,2000年数学建模国赛真题+优秀论文/2000年国赛优秀论文/2000B：管道订购和运输.pdf,576816C48E5D4E6B48C805842BA104AEFE6600A11D4EE442BEB1996EABE3DD8A,4,text_based,FORMAL,catalog/papers.csv; catalog/paper_files.csv; catalog/scale/g8_paper_status.csv,2026-09-02T21:54:06+08:00,primary,True,PAPER
CUMCM-1993-B-001,1993,B,1993年数学建模国赛真题+优秀论文/1993年国赛优秀论文/1993年B题优秀论文② 足球排名次问题.pdf,9754E4494E59EC79D460387BED3D9B8D8E2B915DCF9E192E7E1DD363F0086EDA,2,text_based,FORMAL,catalog/papers.csv; catalog/paper_files.csv; catalog/scale/g8_paper_status.csv,2026-09-02T21:54:06+08:00,primary,True,PAPER
CUMCM-2016-D-001,2016,D,2016年数学建模国赛真题+优秀论文/2016年赛题/2016年国赛D题.doc,0D4D49FEAB447695A731C9AB855510037CB26468C437E95E5D3D2D12884259AD,,NOT_ANALYZED,FORMAL,catalog/papers.csv; catalog/paper_files.csv; catalog/scale/g8_paper_status.csv,2026-09-02T21:54:06+08:00,primary,True,PROBLEM_PACKAGE
CUMCM-2012-B-002,2012,B,2012年数学建模国赛真题+优秀论文/2012年优秀论文/2012B：太阳能小屋的设计 (2)/LINGO1.lg4,64076CB4956D1854AF18D28C6ACAE48991EBB043EB0456513702727F31247F5D,,NOT_ANALYZED,FORMAL,catalog/papers.csv; catalog/paper_files.csv; catalog/scale/g8_paper_status.csv,2026-09-02T21:54:06+08:00,primary,True,SUPPORTING_MATERIAL
CUMCM-2014-A-A1000,2014,A,2014年数学建模国赛真题+优秀论文/2014优秀论文/2014A：嫦娥三号软着陆轨道设计与控制策略 (4)/A10009072_吉张鹤轩_杨升_陈同广.pdf,E9C483B88799AADF2D14397237C75F54CE702F950E40CD849B169AEFEEEF76AB,36,text_based,FORMAL,catalog/papers.csv; catalog/paper_files.csv; catalog/scale/g8_paper_status.csv,2026-09-02T21:54:06+08:00,primary,True,PAPER
CUMCM-1997-B-001,1997,B,1997年数学建模国赛真题+优秀论文/1997年国赛优秀论文/1997B：截断切割中的最优排列问题.pdf,2793EE6AB8C7BCB22E969586CDFA8FA3F859F1B96775092C90372077188DA7F3,3,image_based,FORMAL,catalog/papers.csv; catalog/paper_files.csv; catalog/scale/g8_paper_status.csv,2026-09-02T21:54:06+08:00,primary,True,PAPER
CUMCM-2007-A-004,2007,A,2007年数学建模国赛真题+优秀论文/2007年优秀论文/2007A：《基于差分方程的人口预测模型》.pdf,89894D242EEDC9F7FA8E895E15354C92A3EA0D396E7846DE3BBCDC9EA22FA414,15,text_based,FORMAL,catalog/papers.csv; catalog/paper_files.csv; catalog/scale/g8_paper_status.csv,2026-09-02T21:54:06+08:00,primary,True,PAPER
CUMCM-2008-B-002,2008,B,2008年数学建模国赛真题+优秀论文/2008年优秀论文/2008B：《高等教育学费标准探讨的最优化模型》.PDF,4930440A3A4E47D7B0E7BF0F65EE6B6BE8288F9B00A113E1A04E2E0709C60725,16,text_based,FORMAL,catalog/papers.csv; catalog/paper_files.csv; catalog/scale/g8_paper_status.csv,2026-09-02T21:54:06+08:00,primary,True,PAPER
CUMCM-2011-D-009,2011,D,2011年数学建模国赛真题+优秀论文/2011年优秀论文/2011D：天然肠衣搭配问题(1)/方案2规格3步骤2.lg4,13B355C58F9220BD5B743B576237B8B2F711EDADEB5A633C3B5B68D18D766654,,NOT_ANALYZED,FORMAL,catalog/papers.csv; catalog/paper_files.csv; catalog/scale/g8_paper_status.csv,2026-09-02T21:54:06+08:00,primary,True,SUPPORTING_MATERIAL
CUMCM-2009-C-001,2009,C,2009年数学建模国赛真题+优秀论文/2009年优秀论文/2009C：卫星和飞船的跟踪测控 (2).pdf,DC2E5948119EBD38E43CBCAA23E9169D4C218EA34129F5A5A459875B71275C5F,17,image_based,FORMAL,catalog/papers.csv; catalog/paper_files.csv; catalog/scale/g8_paper_status.csv,2026-09-02T21:54:06+08:00,primary,True,PAPER
CUMCM-2007-A-005,2007,A,2007年数学建模国赛真题+优秀论文/2007年优秀论文/2007A：《人口增长预测模型》.pdf,2D6E63FAD46F69FD00DD01E91EBA4ABC3B3203FC8154EA592C5146D16228D294,8,image_based,FORMAL,catalog/papers.csv; catalog/paper_files.csv; catalog/scale/g8_paper_status.csv,2026-09-02T21:54:06+08:00,primary,True,PAPER
CUMCM-2006-D-001,2006,D,2006年数学建模国赛真题+优秀论文/2006年赛题/2006年国赛D题.doc,014C704B4F7D1E9307C92673EBFE8322B0E3C3F58E756AA84387DA62994309BC,,NOT_ANALYZED,FORMAL,catalog/papers.csv; catalog/paper_files.csv; catalog/scale/g8_paper_status.csv,2026-09-02T21:54:06+08:00,primary,True,PROBLEM_PACKAGE
CUMCM-2011-D-010,2011,D,2011年数学建模国赛真题+优秀论文/2011年优秀论文/2011D：天然肠衣搭配问题(1)/降级12.lg4,2EFE7EC8B4514BCAE45D22E5D1F306D44F3F494595A6EEEB0C552AFEBA397668,,NOT_ANALYZED,FORMAL,catalog/papers.csv; catalog/paper_files.csv; catalog/scale/g8_paper_status.csv,2026-09-02T21:54:06+08:00,primary,True,SUPPORTING_MATERIAL
CUMCM-2012-D-004,2012,D,2012年数学建模国赛真题+优秀论文/2012年优秀论文/2012D：机器人避障问题 (1)/OB.fig,C750BF2C75DF554983DBA64DFE272F716BCE957A961165E15A658478B9F8B5EE,,NOT_ANALYZED,FORMAL,catalog/papers.csv; catalog/paper_files.csv; catalog/scale/g8_paper_status.csv,2026-09-02T21:54:06+08:00,primary,True,SUPPORTING_MATERIAL
CUMCM-1998-A-002,1998,A,1998年数学建模国赛真题+优秀论文/1998年国赛优秀论文/1998A：资本市场的最佳投资组合.pdf,6C5D2FE4B42FEEE9FA3A8479355304469E5A450A9E296B335A253C265AA9A368,8,image_based,FORMAL,catalog/papers.csv; catalog/paper_files.csv; catalog/scale/g8_paper_status.csv,2026-09-02T21:54:06+08:00,primary,True,PAPER
CUMCM-2014-A-A2302,2014,A,2014年数学建模国赛真题+优秀论文/2014优秀论文/2014A：嫦娥三号软着陆轨道设计与控制策略/A23022014_杜磊_江启文_汪鑫 .pdf,A5CE222DB27F1A47800723DB92BC76A8CCF2CA053A6F62CD7B5CEFBE8018A237,29,text_based,FORMAL,catalog/papers.csv; catalog/paper_files.csv; catalog/scale/g8_paper_status.csv,2026-09-02T21:54:06+08:00,primary,True,PAPER
CUMCM-2012-C-001,2012,C,2012年数学建模国赛真题+优秀论文/2012年优秀论文/2012C：脑卒中发病环境因素分析及干预 (1)/逐步回归分析/all.jpg,E8494A347664490B96C25EE69D119AF92049E25EFF19890F2375CEE98FD47F0A,,NOT_ANALYZED,FORMAL,catalog/papers.csv; catalog/paper_files.csv; catalog/scale/g8_paper_status.csv,2026-09-02T21:54:06+08:00,primary,False,SUPPORTING_MATERIAL
CUMCM-2012-B-B149,2012,B,2012年数学建模国赛真题+优秀论文/2012年优秀论文/2012B：太阳能小屋的设计 (4)/B149答卷.pdf,90C31398DACDA50949D10FA75F60E736B124E3947F908667F32FDD5C81F24CE8,30,text_based,FORMAL,catalog/papers.csv; catalog/paper_files.csv; catalog/scale/g8_paper_status.csv,2026-09-02T21:54:06+08:00,primary,True,PAPER
CUMCM-2005-B-003,2005,B,2005年数学建模国赛真题+优秀论文/2005年国赛优秀论文/2005B：DVD在线租赁.pdf,E13295621F58DE3994CFCA45FCCFEEE50243157C32E7A14B88E91E86318F9BAF,5,text_based,FORMAL,catalog/papers.csv; catalog/paper_files.csv; catalog/scale/g8_paper_status.csv,2026-09-02T21:54:06+08:00,primary,True,PAPER
CUMCM-1998-A-003,1998,A,1998年数学建模国赛真题+优秀论文/1998年国赛优秀论文/1998A：风险投资分析.pdf,19DA6A21AD3A826D90A072E50FA5FB10605FF97F821011E073598D9FE9C4AA3A,6,image_based,FORMAL,catalog/papers.csv; catalog/paper_files.csv; catalog/scale/g8_paper_status.csv,2026-09-02T21:54:06+08:00,primary,True,PAPER
CUMCM-2011-D-011,2011,D,2011年数学建模国赛真题+优秀论文/2011年优秀论文/2011D：天然肠衣搭配问题(1)/规格3步骤2.lg4,5C0706D7E4FD77288902B9A460EFD22DCAE32D8E51001D628638A5C5194CF628,,NOT_ANALYZED,FORMAL,catalog/papers.csv; catalog/paper_files.csv; catalog/scale/g8_paper_status.csv,2026-09-02T21:54:06+08:00,primary,True,SUPPORTING_MATERIAL
CUMCM-2012-D-005,2012,D,2012年数学建模国赛真题+优秀论文/2012年优秀论文/2012D：机器人避障问题 (1)/kxljmethod2.fig,6AB92246BEE2F3D330BA77FEA745134177CD9F61BE15B8DF0DB881136804C13B,,NOT_ANALYZED,FORMAL,catalog/papers.csv; catalog/paper_files.csv; catalog/scale/g8_paper_status.csv,2026-09-02T21:54:06+08:00,primary,True,SUPPORTING_MATERIAL
CUMCM-2024-A-001,2024,A,2024年数学建模国赛真题+优秀论文/2024真题/A题/A题.pdf,7ECE8C6D2B876781E5219091C38980E1321FFD1D56604CBE36CD867EDB7A1933,,NOT_ANALYZED,FORMAL,catalog/papers.csv; catalog/paper_files.csv; catalog/scale/g8_paper_status.csv,2026-09-02T21:54:06+08:00,primary,True,PAPER
CUMCM-2011-D-012,2011,D,2011年数学建模国赛真题+优秀论文/2011年优秀论文/2011D：天然肠衣搭配问题(1)/三级降二级降级22.lg4,A314939E80B62D35C5721DE90E71FED13361086229C8FA64FA34AFAA1E61A025,,NOT_ANALYZED,FORMAL,catalog/papers.csv; catalog/paper_files.csv; catalog/scale/g8_paper_status.csv,2026-09-02T21:54:06+08:00,primary,True,SUPPORTING_MATERIAL
CUMCM-2004-B-001,2004,B,2004年数学建模国赛真题+优秀论文/2004优秀论文/2004B：电力市场输电阻塞管理模型(特等奖).pdf,EF2F3C0652EE1718FA7D6ABE0F05FF2A0EC96721AA49459394137C05475BB1E8,14,text_based,FORMAL,catalog/papers.csv; catalog/paper_files.csv; catalog/scale/g8_paper_status.csv,2026-09-02T21:54:06+08:00,primary,True,PAPER
CUMCM-2002-D-001,2002,D,2002年数学建模国赛真题+优秀论文/2002年赛题/2002年国赛C、D题.doc,57A4ACFA2B4570816DF332F0E134F64A754353D68DEBCAC34A982B4C6D4D9FB8,,NOT_ANALYZED,FORMAL,catalog/papers.csv; catalog/paper_files.csv; catalog/scale/g8_paper_status.csv,2026-09-02T21:54:06+08:00,primary,True,PROBLEM_PACKAGE
CUMCM-2019-B-001,2019,B,2019年数学建模国赛真题+优秀论文/2019年优秀论文/2019B：同心鼓最佳协作策略的研究.pdf,546270B8EE62C744D1870D85717F9E0BCC13A5D5B38B282A918570A0D1669B19,35,image_based,FORMAL,catalog/papers.csv; catalog/paper_files.csv; catalog/scale/g8_paper_status.csv,2026-09-02T21:54:06+08:00,primary,True,PAPER
CUMCM-1996-A-004,1996,A,1996年数学建模国赛真题+优秀论文/1996年国赛优秀论文/1996A：最优捕鱼策略.pdf,F8951880E2DB4B2D1BFAC0CFF6C502795695EAAA2389FEBC870D5D0401662064,4,image_based,FORMAL,catalog/papers.csv; catalog/paper_files.csv; catalog/scale/g8_paper_status.csv,2026-09-02T21:54:06+08:00,primary,True,PAPER
CUMCM-2009-C-002,2009,C,2009年数学建模国赛真题+优秀论文/2009年优秀论文/2009C：飞船的跟踪测控模型.pdf,5A7232CA71D9A116DB318D5885593D9C3CA5C39F2072186D1FCCEB30F2D3389F,15,image_based,FORMAL,catalog/papers.csv; catalog/paper_files.csv; catalog/scale/g8_paper_status.csv,2026-09-02T21:54:06+08:00,primary,True,PAPER
CUMCM-2003-A-003,2003,A,2003年数学建模国赛真题+优秀论文/2003年优秀论文/2003A：非典数学模型的建立与分析.pdf,449B791365B07B013DD19F36985266781C7A24942C0E1CF71757C74C8CEF04B3,9,text_based,FORMAL,catalog/papers.csv; catalog/paper_files.csv; catalog/scale/g8_paper_status.csv,2026-09-02T21:54:06+08:00,primary,True,PAPER
CUMCM-2007-D-002,2007,D,2007年数学建模国赛真题+优秀论文/2007年优秀论文/2007D：《体能测试时间安排》.pdf,E08A3E006E165657E5AFF8CD116D59042C76A000F0E0533AF7D6B6362C8D2B38,6,image_based,FORMAL,catalog/papers.csv; catalog/paper_files.csv; catalog/scale/g8_paper_status.csv,2026-09-02T21:54:06+08:00,primary,True,PAPER
CUMCM-2002-B-002,2002,B,2002年数学建模国赛真题+优秀论文/2002年优秀论文/2002B：“彩票中的数学”问题的优化模型与评述.pdf,1A469B56C54C92E4FC4A4E61A8AD08E19AB7905FFBC6E1B5D2E9A61848817E37,10,text_based,FORMAL,catalog/papers.csv; catalog/paper_files.csv; catalog/scale/g8_paper_status.csv,2026-09-02T21:54:06+08:00,primary,True,PAPER
CUMCM-2008-B-003,2008,B,2008年数学建模国赛真题+优秀论文/2008年优秀论文/2008B：《高等教育学费标准探讨》 (4).pdf,E43FAB23BC6AAC56C295E35DB086D97EC060B4570109AF7432221CAC9D614E8C,24,text_based,FORMAL,catalog/papers.csv; catalog/paper_files.csv; catalog/scale/g8_paper_status.csv,2026-09-02T21:54:06+08:00,primary,True,PAPER
CUMCM-2000-B-003,2000,B,2000年数学建模国赛真题+优秀论文/2000年国赛优秀论文/2000B：一类运输问题的建模.pdf,AF422606A8FB74F50D39DECF7C7E6525E86C93BAE396787BAFDAAD0137986B8B,6,text_based,FORMAL,catalog/papers.csv; catalog/paper_files.csv; catalog/scale/g8_paper_status.csv,2026-09-02T21:54:06+08:00,primary,True,PAPER
CUMCM-2004-B-002,2004,B,2004年数学建模国赛真题+优秀论文/2004优秀论文/2004B：电力市场的输电阻塞优化管理.pdf,7AE127E4764789ECB6255E742A98DD06E26B6E4BD7248466FDD02A6A52159C53,8,image_based,FORMAL,catalog/papers.csv; catalog/paper_files.csv; catalog/scale/g8_paper_status.csv,2026-09-02T21:54:06+08:00,primary,True,PAPER
CUMCM-2008-B-004,2008,B,2008年数学建模国赛真题+优秀论文/2008年优秀论文/2008B：《高等教育学费标准的探讨》.pdf,E6F3372C6239AC933B750CB4A0B04F8F0ABAF1F922DC0A02E712FE431A2994A8,41,text_based,FORMAL,catalog/papers.csv; catalog/paper_files.csv; catalog/scale/g8_paper_status.csv,2026-09-02T21:54:06+08:00,primary,True,PAPER
CUMCM-2020-D-002,2020,D,2020年数学建模国赛真题+优秀论文/2020年赛题/2020年国赛D题.docx,45463E4F8EC6B5E66172F7D09205E5E82F930E288DA22AB56DFA54B9260C2F93,,NOT_ANALYZED,FORMAL,catalog/papers.csv; catalog/paper_files.csv; catalog/scale/g8_paper_status.csv,2026-09-02T21:54:06+08:00,primary,True,PROBLEM_PACKAGE
CUMCM-2011-D-013,2011,D,2011年数学建模国赛真题+优秀论文/2011年优秀论文/2011D：天然肠衣搭配问题 (2).doc,2D19468524DDDBEF409012F393460A92B0A9F24CFC01906F63720C13731BE66A,,NOT_ANALYZED,FORMAL,catalog/papers.csv; catalog/paper_files.csv; catalog/scale/g8_paper_status.csv,2026-09-02T21:54:06+08:00,primary,True,PAPER
CUMCM-2011-D-014,2011,D,2011年数学建模国赛真题+优秀论文/2011年优秀论文/2011D：天然肠衣搭配问题(1)/方案1规格2.lg4,B04B0B102553BBE4400545DD99A922603CEF92214717D9313787FA4D95094931,,NOT_ANALYZED,FORMAL,catalog/papers.csv; catalog/paper_files.csv; catalog/scale/g8_paper_status.csv,2026-09-02T21:54:06+08:00,primary,True,SUPPORTING_MATERIAL
CUMCM-2005-B-004,2005,B,2005年数学建模国赛真题+优秀论文/2005年国赛优秀论文/2005B：DVD在线租赁问题.pdf,23D1D011AAA360A297302090DF300AEF2165AD4EE9739F759D1B8CB63146E0C2,7,text_based,FORMAL,catalog/papers.csv; catalog/paper_files.csv; catalog/scale/g8_paper_status.csv,2026-09-02T21:54:06+08:00,primary,True,PAPER
CUMCM-1997-A-002,1997,A,1997年数学建模国赛真题+优秀论文/1997年国赛优秀论文/1997A：零件参数的优化设计.pdf,A1A6EC9F87ED4C00F03E091CD6B6069DBBE09F7B039ECB2A7223EE0D3F981265,5,image_based,FORMAL,catalog/papers.csv; catalog/paper_files.csv; catalog/scale/g8_paper_status.csv,2026-09-02T21:54:06+08:00,primary,True,PAPER
CUMCM-2007-C-002,2007,C,2007年数学建模国赛真题+优秀论文/2007年优秀论文/2007C：《手机套餐资费问题的评价与优化设计模型》.pdf,9E7C750F98C9CC2B2E6B98AAE3B5C60B637B3968B34AEF98D12D6FA74ADED657,7,image_based,FORMAL,catalog/papers.csv; catalog/paper_files.csv; catalog/scale/g8_paper_status.csv,2026-09-02T21:54:06+08:00,primary,True,PAPER
CUMCM-1999-B-001,1999,B,1999年数学建模国赛真题+优秀论文/1999年国赛优秀论文/1999B：钻井布局问题评述.pdf,DABADD2C7CCE310B927FBACF000A8B6B9BF370773DB7C2AF11000C960DA6930B,7,text_based,FORMAL,catalog/papers.csv; catalog/paper_files.csv; catalog/scale/g8_paper_status.csv,2026-09-02T21:54:06+08:00,primary,True,PAPER
CUMCM-2014-C-001,2014,C,2014年数学建模国赛真题+优秀论文/2014优秀论文/2014C：生猪养殖场经营管理的研究 (2)/模型二（1）.nb,26A700E473BBB874B0B725767894B1E44F573172F80E69ED901EFE3C65E28DF3,,NOT_ANALYZED,FORMAL,catalog/papers.csv; catalog/paper_files.csv; catalog/scale/g8_paper_status.csv,2026-09-02T21:54:06+08:00,primary,True,SUPPORTING_MATERIAL
CUMCM-2020-E-001,2020,E,2020年数学建模国赛真题+优秀论文/2020年赛题/2020年国赛E题.docx,4C897568AF2A20F62D5431F787F9DB560EFFBC8AA2A1D3D43DC14A29D954DFEB,,NOT_ANALYZED,FORMAL,catalog/papers.csv; catalog/paper_files.csv; catalog/scale/g8_paper_status.csv,2026-09-02T21:54:06+08:00,primary,True,PROBLEM_PACKAGE
CUMCM-2007-B-002,2007,B,2007年数学建模国赛真题+优秀论文/2007年优秀论文/2007B：《乘公交，看奥运》.pdf,FAAFFB689075638CB91A13DC006110A81E7010847674F752CF7869C3BA64DD25,59,text_based,FORMAL,catalog/papers.csv; catalog/paper_files.csv; catalog/scale/g8_paper_status.csv,2026-09-02T21:54:06+08:00,primary,True,PAPER
CUMCM-1992-B-001,1992,B,1992年数学建模国赛优秀论文/1992年B题优秀论文③ 关于蛋白质氨基酸的组合问题的评注.pdf,9EB60530CF596149C54862AABBBB732ABD9D095267273BEF5682EB79AEE2D99A,2,text_based,FORMAL,catalog/papers.csv; catalog/paper_files.csv; catalog/scale/g8_paper_status.csv,2026-09-02T21:54:06+08:00,primary,True,PAPER
CUMCM-2018-D-001,2018,D,2018年数学建模国赛真题+优秀论文/2018年赛题/2018年国赛D题.docx,229021B097C9F767FD7E9E57A5BE961027977D91C6CE2F6F9818ED7FC888F14F,,NOT_ANALYZED,FORMAL,catalog/papers.csv; catalog/paper_files.csv; catalog/scale/g8_paper_status.csv,2026-09-02T21:54:06+08:00,primary,True,PROBLEM_PACKAGE
CUMCM-1997-B-002,1997,B,1997年数学建模国赛真题+优秀论文/1997年国赛优秀论文/1997B：最小费用切割策略.pdf,985A50D88845F35657775DBB7EAF5C68228D9A897EB136E8C73E010DAFE67062,6,image_based,FORMAL,catalog/papers.csv; catalog/paper_files.csv; catalog/scale/g8_paper_status.csv,2026-09-02T21:54:06+08:00,primary,True,PAPER
CUMCM-2001-A-006,2001,A,2001年数学建模国赛真题+优秀论文/2001年国赛优秀论文/2001A：管道切片的三维重建 (2).pdf,B63712168694F7462D2A58BBB4501C3C3B2A2261084CDF33D78D4866CB19D2F2,7,text_based,FORMAL,catalog/papers.csv; catalog/paper_files.csv; catalog/scale/g8_paper_status.csv,2026-09-02T21:54:06+08:00,primary,True,PAPER
CUMCM-2014-B-001,2014,B,2014年数学建模国赛真题+优秀论文/2014优秀论文/2014B：创意平板折叠桌 (3)/w1-1-1.jpg,D9FFC1EFFC70BFACDBB9B741215EEC0032F75B47858AA84CF8D801CC64204781,,NOT_ANALYZED,FORMAL,catalog/papers.csv; catalog/paper_files.csv; catalog/scale/g8_paper_status.csv,2026-09-02T21:54:06+08:00,primary,False,SUPPORTING_MATERIAL
CUMCM-2003-B-002,2003,B,2003年数学建模国赛真题+优秀论文/2003年优秀论文/2003B：露天矿生产车辆安排计划优化设计 (2).pdf,8DFA082AAF3A10212028F98609CEBE33923CA4110640B7F1F8EB62B41C682C14,8,image_based,FORMAL,catalog/papers.csv; catalog/paper_files.csv; catalog/scale/g8_paper_status.csv,2026-09-02T21:54:06+08:00,primary,True,PAPER
CUMCM-1999-B-002,1999,B,1999年数学建模国赛真题+优秀论文/1999年国赛优秀论文/1999B：钻井布局的设计.pdf,987DC0B7CD2DB40ADE3BF70B834F0ECE90B77BDECF647E625C464AD2E3A18DE9,7,text_based,FORMAL,catalog/papers.csv; catalog/paper_files.csv; catalog/scale/g8_paper_status.csv,2026-09-02T21:54:06+08:00,primary,True,PAPER
CUMCM-2010-A-002,2010,A,2010年数学建模国赛真题+优秀论文/2010年赛题/2010年国赛A题.doc,2AE05CD8623C00440C874391A2EAFA50D07E6CFE755818B63E8D49D14299D6C2,,NOT_ANALYZED,FORMAL,catalog/papers.csv; catalog/paper_files.csv; catalog/scale/g8_paper_status.csv,2026-09-02T21:54:06+08:00,primary,True,PROBLEM_PACKAGE
CUMCM-2010-A-003,2010,A,2010年数学建模国赛真题+优秀论文/2010年优秀论文/2010A：倾斜卧式储油罐油量标定的实用方法.pdf,88C6C782ABD276280B59807B2108D4BECD2C6B25D1F3E861F44B8047635C81C1,21,text_based,FORMAL,catalog/papers.csv; catalog/paper_files.csv; catalog/scale/g8_paper_status.csv,2026-09-02T21:54:06+08:00,primary,True,PAPER
CUMCM-2020-B-003,2020,B,2020年数学建模国赛真题+优秀论文/2020年赛题/2020年国赛B题.docx,4972A0FEA4A1B9FB10F0EE1545116A03635AAE1343B72C7BBE8AFC297A2D9165,,NOT_ANALYZED,FORMAL,catalog/papers.csv; catalog/paper_files.csv; catalog/scale/g8_paper_status.csv,2026-09-02T21:54:06+08:00,primary,True,PROBLEM_PACKAGE
CUMCM-1995-A-003,1995,A,1995年数学建模国赛真题+优秀论文/1995年国赛优秀论文/1995A：飞行管理问题的线性规划模型.pdf,1B82997F823C10AC5016322F5CC64620372F2E6A819CD796BDDC24CD2E59FE27,6,image_based,FORMAL,catalog/papers.csv; catalog/paper_files.csv; catalog/scale/g8_paper_status.csv,2026-09-02T21:54:06+08:00,primary,True,PAPER
CUMCM-2013-D-001,2013,D,2013年数学建模国赛真题+优秀论文/2013D：城市公共自行车服务系统运行状况和效率分析/论文.doc,955CC7179247EDA8AD6EBB74CFD1233D514D9F80A809B0C2EB244BEACABAFDEA,,NOT_ANALYZED,FORMAL,catalog/papers.csv; catalog/paper_files.csv; catalog/scale/g8_paper_status.csv,2026-09-02T21:54:06+08:00,primary,True,PAPER
CUMCM-2016-B-002,2016,B,2016年数学建模国赛真题+优秀论文/2016年优秀论文/2016B：小区开放道路通行影响 (5).pdf,F04CE73B087241F00E6C5E8902BEC95AFA48201F9384C58125E2F4600EDAA41B,26,text_based,FORMAL,catalog/papers.csv; catalog/paper_files.csv; catalog/scale/g8_paper_status.csv,2026-09-02T21:54:06+08:00,primary,True,PAPER
CUMCM-2011-A-003,2011,A,2011年数学建模国赛真题+优秀论文/2011年优秀论文/2011A：城市表层土壤重金属污染分析（6）.doc,FDA40E0C371BD0C91806B4CB581162EC0F1C3B51A7CAEF492EDD71D6E602E038,,NOT_ANALYZED,FORMAL,catalog/papers.csv; catalog/paper_files.csv; catalog/scale/g8_paper_status.csv,2026-09-02T21:54:06+08:00,primary,True,PAPER
CUMCM-2023-B-001,2023,B,2023年数学建模国赛真题+优秀论文/2023赛题/B题/B题.pdf,E709E066139EA0A4BB64AA7E56EA097725A1F2B4E5161FC8C7E50C48BE079396,,NOT_ANALYZED,FORMAL,catalog/papers.csv; catalog/paper_files.csv; catalog/scale/g8_paper_status.csv,2026-09-02T21:54:06+08:00,primary,True,PROBLEM_PACKAGE
CUMCM-2007-D-003,2007,D,2007年数学建模国赛真题+优秀论文/2007年赛题/2007年国赛D题.doc,D9C3C8C27568A55C5778C484ACF3FE7DDBD2314A89269FFE5E3F7D69B1D86C24,,NOT_ANALYZED,FORMAL,catalog/papers.csv; catalog/paper_files.csv; catalog/scale/g8_paper_status.csv,2026-09-02T21:54:06+08:00,primary,True,PROBLEM_PACKAGE
CUMCM-2008-A-003,2008,A,2008年数学建模国赛真题+优秀论文/2008年优秀论文/2008A：《数码相机定位算法研究》.pdf,BCA8769C5E3ED6FEAD02FE86B91BE0669D3EF5742739243DBEC821DA40250B61,39,text_based,FORMAL,catalog/papers.csv; catalog/paper_files.csv; catalog/scale/g8_paper_status.csv,2026-09-02T21:54:06+08:00,primary,True,PAPER
CUMCM-2014-C-002,2014,C,2014年数学建模国赛真题+优秀论文/2014优秀论文/2014C：生猪养殖场经营管理的研究 (2)/模型二（2）.nb,FBA66DADA8111372F061AD6724975441D6A3D40D1223F6B3908C049E633A4444,,NOT_ANALYZED,FORMAL,catalog/papers.csv; catalog/paper_files.csv; catalog/scale/g8_paper_status.csv,2026-09-02T21:54:06+08:00,primary,True,SUPPORTING_MATERIAL
CUMCM-2006-A-001,2006,A,2006年数学建模国赛真题+优秀论文/2006年优秀论文/2006A：出版社的资源配置方案.pdf,CC9E85F867A88EDEF5247AFFEA2B1BB850CC1ED0EBA5099851521799BCA94C22,17,text_based,FORMAL,catalog/papers.csv; catalog/paper_files.csv; catalog/scale/g8_paper_status.csv,2026-09-02T21:54:06+08:00,primary,True,PAPER
CUMCM-2004-B-003,2004,B,2004年数学建模国赛真题+优秀论文/2004优秀论文/2004B：电力市场输电阻塞管理模型-武汉大学.pdf,BECE9B82D971E3DA984BD797E837BDCEB3A4502673B2A5E53445D94602429C6E,14,image_based,FORMAL,catalog/papers.csv; catalog/paper_files.csv; catalog/scale/g8_paper_status.csv,2026-09-02T21:54:06+08:00,primary,True,PAPER
CUMCM-2011-D-015,2011,D,2011年数学建模国赛真题+优秀论文/2011年优秀论文/2011D：天然肠衣搭配问题(1)/规格3步骤27.lg4,A62E7D9C408F934EC8E1ECA718049A60073502579A3E0169703DD7FC15B99A97,,NOT_ANALYZED,FORMAL,catalog/papers.csv; catalog/paper_files.csv; catalog/scale/g8_paper_status.csv,2026-09-02T21:54:06+08:00,primary,True,SUPPORTING_MATERIAL
CUMCM-2023-E-001,2023,E,2023年数学建模国赛真题+优秀论文/2023赛题/E题/E题.pdf,A066DF6F2816C4C2124BED2E09CE41E0E42B5D1D5296790D2137B791B55D5B30,,NOT_ANALYZED,FORMAL,catalog/papers.csv; catalog/paper_files.csv; catalog/scale/g8_paper_status.csv,2026-09-02T21:54:06+08:00,primary,True,PROBLEM_PACKAGE
CUMCM-2003-D-002,2003,D,2003年数学建模国赛真题+优秀论文/2003年优秀论文/2003D：“抢渡长江”问题的数学建模和求解.pdf,E5BD4B776E1AABB5E2EFABADF931D41C3156A2405DCDEB8DFAF4BEB705865D6C,8,text_based,FORMAL,catalog/papers.csv; catalog/paper_files.csv; catalog/scale/g8_paper_status.csv,2026-09-02T21:54:06+08:00,primary,True,PAPER
CUMCM-2009-B-001,2009,B,2009年数学建模国赛真题+优秀论文/2009年优秀论文/2009B：制动器试验台的控制方法分析.pdf,A3C68EA3D8F9F8D503C2EF5E257FE96BE380C5DBDE35994AEFF8EDF0D6A5D218,17,text_based,FORMAL,catalog/papers.csv; catalog/paper_files.csv; catalog/scale/g8_paper_status.csv,2026-09-02T21:54:06+08:00,primary,True,PAPER
CUMCM-2003-A-004,2003,A,2003年数学建模国赛真题+优秀论文/2003年优秀论文/2003A：SARS传播预测的数学模型 (2).pdf,80C5D75887F0F1CDA338DEB01CA98B1DCD7D2BFE8E8FC6847F0627B6D645B071,10,image_based,FORMAL,catalog/papers.csv; catalog/paper_files.csv; catalog/scale/g8_paper_status.csv,2026-09-02T21:54:06+08:00,primary,True,PAPER
CUMCM-2000-A-001,2000,A,2000年数学建模国赛真题+优秀论文/2000年国赛优秀论文/2000A：DNA序列中的结构与简化模型.pdf,2E34A9B0F2BBFFE14B0DAE78906E463A70E1E14041EDE10610D743EA3F0A3D70,5,text_based,FORMAL,catalog/papers.csv; catalog/paper_files.csv; catalog/scale/g8_paper_status.csv,2026-09-02T21:54:06+08:00,primary,True,PAPER
CUMCM-2002-B-003,2002,B,2002年数学建模国赛真题+优秀论文/2002年优秀论文/2002B：彩票方案的优选模型.pdf,2A0E809E04613E25B703B280D67CF89F6E6CE573B330A2220C20F926588D2F74,7,text_based,FORMAL,catalog/papers.csv; catalog/paper_files.csv; catalog/scale/g8_paper_status.csv,2026-09-02T21:54:06+08:00,primary,True,PAPER
CUMCM-1998-A-004,1998,A,1998年数学建模国赛真题+优秀论文/1998年国赛优秀论文/1998A：资产投资收益与风险模型.pdf,A2BA24A7F0415E57FBEC4C627742E09DD4A40BE2944B9A50ECE16405F2176FB3,6,image_based,FORMAL,catalog/papers.csv; catalog/paper_files.csv; catalog/scale/g8_paper_status.csv,2026-09-02T21:54:06+08:00,primary,True,PAPER
CUMCM-2002-A-005,2002,A,2002年数学建模国赛真题+优秀论文/2002年优秀论文/2002A：车灯线光源的优化设计问题.pdf,520A0E302BA4417CF6C4762B147DD359C6BD74700EA1CFE31A9163E5AAEDF58C,9,text_based,FORMAL,catalog/papers.csv; catalog/paper_files.csv; catalog/scale/g8_paper_status.csv,2026-09-02T21:54:06+08:00,primary,True,PAPER
CUMCM-2020-A-002,2020,A,2020年数学建模国赛真题+优秀论文/2020年优秀论文/2020A：基于维热传导方程的炉温曲线机理模型研究.pdf,AEF1A183FFC67E15112E6CB048F9327B3D0826D8A64648A3EB27171403B43452,89,image_based,FORMAL,catalog/papers.csv; catalog/paper_files.csv; catalog/scale/g8_paper_status.csv,2026-09-02T21:54:06+08:00,primary,True,PAPER
CUMCM-2005-A-001,2005,A,2005年数学建模国赛真题+优秀论文/2005年国赛优秀论文/2005A：长江水质综合评价与预测的数学模型.pdf,4733466C8FCF3B9C3D3AD25EF33E3F4ABBC5F1CFD1DB0AE73337E1712B94F79F,11,text_based,FORMAL,catalog/papers.csv; catalog/paper_files.csv; catalog/scale/g8_paper_status.csv,2026-09-02T21:54:06+08:00,primary,True,PAPER
CUMCM-2012-D-006,2012,D,2012年数学建模国赛真题+优秀论文/2012年优秀论文/2012D：机器人避障问题 (1)/LINGO1.lg4,C8DF5B2F73C5478448BDF6851A8680B8BA9FE8B6305644A825F883087CC414EE,,NOT_ANALYZED,FORMAL,catalog/papers.csv; catalog/paper_files.csv; catalog/scale/g8_paper_status.csv,2026-09-02T21:54:06+08:00,primary,True,SUPPORTING_MATERIAL
CUMCM-2012-D-D044,2012,D,2012年数学建模国赛真题+优秀论文/2012年优秀论文/2012D：机器人避障问题 (1)/D044.doc,999DE664600FDA9D9811FE4C50324C0C1E4BEC5A0E8BA17BC8D3B66B0D5EAB4C,,NOT_ANALYZED,FORMAL,catalog/papers.csv; catalog/paper_files.csv; catalog/scale/g8_paper_status.csv,2026-09-02T21:54:06+08:00,primary,True,PAPER
CUMCM-2002-A-006,2002,A,2002年数学建模国赛真题+优秀论文/2002年优秀论文/2002A：车灯线光源的优化设计方案 (2).pdf,FA785AA6CF32805C7B7B309F9930D94EB203667EC25951D864B9CD46FDDCA5DA,10,image_based,FORMAL,catalog/papers.csv; catalog/paper_files.csv; catalog/scale/g8_paper_status.csv,2026-09-02T21:54:06+08:00,primary,True,PAPER
CUMCM-1999-B-003,1999,B,1999年数学建模国赛真题+优秀论文/1999年国赛优秀论文/1999B：钻井布局.pdf,E837A050E1F8C8FBACEF5C9614A37002858951C7AD98B2E2F051456B010AC568,6,text_based,FORMAL,catalog/papers.csv; catalog/paper_files.csv; catalog/scale/g8_paper_status.csv,2026-09-02T21:54:06+08:00,primary,True,PAPER
CUMCM-2006-A-002,2006,A,2006年数学建模国赛真题+优秀论文/2006年优秀论文/2006A：层次分析思想在出版社资源配置中的应用.pdf,90A884D6E6B981A09FCE4A9CCC60D66C5E80581203E285889E74945EDABBF0AB,25,text_based,FORMAL,catalog/papers.csv; catalog/paper_files.csv; catalog/scale/g8_paper_status.csv,2026-09-02T21:54:06+08:00,primary,True,PAPER
CUMCM-2009-B-002,2009,B,2009年数学建模国赛真题+优秀论文/2009年赛题/2009年国赛B题.doc,8791825215DA4641CBFE6624A2007F42F87A82A5FF35230ECB62614172EB8BF3,,NOT_ANALYZED,FORMAL,catalog/papers.csv; catalog/paper_files.csv; catalog/scale/g8_paper_status.csv,2026-09-02T21:54:06+08:00,primary,True,PROBLEM_PACKAGE
CUMCM-2011-A-004,2011,A,2011年数学建模国赛真题+优秀论文/2011年优秀论文/2011A：城市表层土壤重金属污染分析（1）.pdf,72719EF517A3254F0BD852882843C1310882D092883DA60C3B5F88542953E157,24,text_based,FORMAL,catalog/papers.csv; catalog/paper_files.csv; catalog/scale/g8_paper_status.csv,2026-09-02T21:54:06+08:00,primary,True,PAPER
CUMCM-2005-B-005,2005,B,2005年数学建模国赛真题+优秀论文/2005年国赛优秀论文/2005B：DVD租赁优化方案.pdf,A2EB60BEE5DD0395D2DB678F7A138BFA698DA1A2AC02616005765B2ED7AF0B33,9,text_based,FORMAL,catalog/papers.csv; catalog/paper_files.csv; catalog/scale/g8_paper_status.csv,2026-09-02T21:54:06+08:00,primary,True,PAPER
CUMCM-2005-D-001,2005,D,2005年数学建模国赛真题+优秀论文/2005年赛题/2005年国赛D题.doc,C54BBDE1D36C77F0067BD4CC4F7589BF29552F7B08A55D0DFDA23B67EA04790D,,NOT_ANALYZED,FORMAL,catalog/papers.csv; catalog/paper_files.csv; catalog/scale/g8_paper_status.csv,2026-09-02T21:54:06+08:00,primary,True,PROBLEM_PACKAGE
CUMCM-2000-B-004,2000,B,2000年数学建模国赛真题+优秀论文/2000年国赛优秀论文/2000B：钢管订购和运输策略.pdf,35E3A4582B1DFB5499A6AACA6153DADB175C9A5C6EE8299EDC2731D90CBF5975,4,text_based,FORMAL,catalog/papers.csv; catalog/paper_files.csv; catalog/scale/g8_paper_status.csv,2026-09-02T21:54:06+08:00,primary,True,PAPER
CUMCM-2009-A-001,2009,A,2009年数学建模国赛真题+优秀论文/2009年优秀论文/2009A：制动器试验台的控制方法分析.pdf,310B218EA9B95B2B8F1596866705FB6415222D00E941765151A7F72372AC0B38,20,text_based,FORMAL,catalog/papers.csv; catalog/paper_files.csv; catalog/scale/g8_paper_status.csv,2026-09-02T21:54:06+08:00,primary,True,PAPER
CUMCM-2017-A-003,2017,A,2017年数学建模国赛真题+优秀论文/2017年优秀论文/2017A：CT系统参数标定及成像  (2).pdf,AA78BEE1EA197CAEF35E3DD5C7185E2AF874F2345C3293AA4571B9B48B738322,24,text_based,FORMAL,catalog/papers.csv; catalog/paper_files.csv; catalog/scale/g8_paper_status.csv,2026-09-02T21:54:06+08:00,primary,True,PAPER
CUMCM-2006-A-003,2006,A,2006年数学建模国赛真题+优秀论文/2006年优秀论文/2006A：出版社资源的优化配置.pdf,00D9921397BC0F4719B302446A92E20DB8734A7359F56E8CF411C6494841F423,16,text_based,FORMAL,catalog/papers.csv; catalog/paper_files.csv; catalog/scale/g8_paper_status.csv,2026-09-02T21:54:06+08:00,primary,True,PAPER
CUMCM-1995-B-004,1995,B,1995年数学建模国赛真题+优秀论文/1995年国赛优秀论文/1995B：天车冶炼炉作业调度的活动网络模型.pdf,2D121E84DE317B356CF918B5F3B5B33ABF3B89A7C648A2F340795E6DF1AD00DC,3,image_based,FORMAL,catalog/papers.csv; catalog/paper_files.csv; catalog/scale/g8_paper_status.csv,2026-09-02T21:54:06+08:00,primary,True,PAPER
CUMCM-2014-A-001,2014,A,2014年数学建模国赛真题+优秀论文/2014优秀论文/2014A：嫦娥三号软着陆轨道设计与控制策略 (4)/100m处聚落分析.png,EBD7DF565A628CBAF9E91E14588F1F554558F2D05A460D0DE7626000C1CE83B6,,NOT_ANALYZED,FORMAL,catalog/papers.csv; catalog/paper_files.csv; catalog/scale/g8_paper_status.csv,2026-09-02T21:54:06+08:00,primary,False,SUPPORTING_MATERIAL
CUMCM-1999-A-002,1999,A,1999年数学建模国赛真题+优秀论文/1999年国赛优秀论文/1999A：车床管理优化模型.pdf,A22C580A257A249994051B719AE2391F6950A1752E14E3F7CFB2A6CD101EF2D1,6,text_based,FORMAL,catalog/papers.csv; catalog/paper_files.csv; catalog/scale/g8_paper_status.csv,2026-09-02T21:54:06+08:00,primary,True,PAPER
CUMCM-2012-D-007,2012,D,2012年数学建模国赛真题+优秀论文/2012年优秀论文/2012D：机器人避障问题 (1)/zdlj.fig,462773F9521BD5E968AFC433AA689F1473D9D9125A2CDDAA4299F03F2ABCA08D,,NOT_ANALYZED,FORMAL,catalog/papers.csv; catalog/paper_files.csv; catalog/scale/g8_paper_status.csv,2026-09-02T21:54:06+08:00,primary,True,SUPPORTING_MATERIAL
CUMCM-2000-C-002,2000,C,2000年数学建模国赛真题+优秀论文/2000年国赛优秀论文/2000C：航程计算的数学模型.pdf,14693C3541FED988CB9DD335005DB7C7A551F93416BCD0ADF632945F69A25539,3,text_based,FORMAL,catalog/papers.csv; catalog/paper_files.csv; catalog/scale/g8_paper_status.csv,2026-09-02T21:54:06+08:00,primary,True,PAPER
CUMCM-2004-D-001,2004,D,2004年数学建模国赛真题+优秀论文/2004年赛题/2004年国赛D题.doc,9CA4F92C345C460DED376EAC4B3C7D85011FE5B9D4A263E212222254B6D2648A,,NOT_ANALYZED,FORMAL,catalog/papers.csv; catalog/paper_files.csv; catalog/scale/g8_paper_status.csv,2026-09-02T21:54:06+08:00,primary,True,PROBLEM_PACKAGE
CUMCM-2007-B-003,2007,B,2007年数学建模国赛真题+优秀论文/2007年优秀论文/2007B：《公交路线的最优化选择》.pdf,13BA8B530BBE6E25821298EEF9117807A86F9606319C463D4F9BEE4A94D4E3D2,19,text_based,FORMAL,catalog/papers.csv; catalog/paper_files.csv; catalog/scale/g8_paper_status.csv,2026-09-02T21:54:06+08:00,primary,True,PAPER
CUMCM-2019-C-001,2019,C,2019年数学建模国赛真题+优秀论文/2019年优秀论文/2019C：机场的出租车问题.pdf,630C0988F179CEAD02A118B48FAB5223A2C78B87E15DA3C8B0533FFFDC664C09,39,image_based,FORMAL,catalog/papers.csv; catalog/paper_files.csv; catalog/scale/g8_paper_status.csv,2026-09-02T21:54:06+08:00,primary,True,PAPER
CUMCM-2015-C-002,2015,C,2015年数学建模国赛真题+优秀论文/2015年优秀论文/2015C：月上柳梢头，人约黄昏后 (4).pdf,A26039C0098CE1FB1B2C4ABE97617293B85C9A8E1B5B600DF697801B1E5C6504,,NOT_ANALYZED,FORMAL,catalog/papers.csv; catalog/paper_files.csv; catalog/scale/g8_paper_status.csv,2026-09-02T21:54:06+08:00,primary,True,NOT_IN_G8_STATUS
CUMCM-1992-B-002,1992,B,1992年数学建模国赛优秀论文/1992年B题优秀论文② 蛋白质氨基酸的组合问题.pdf,13312C02679947C9D2BD21B401E39EF740B095171B68E3302F7A7505B9BCBB99,9,text_based,FORMAL,catalog/papers.csv; catalog/paper_files.csv; catalog/scale/g8_paper_status.csv,2026-09-02T21:54:06+08:00,primary,True,PAPER
CUMCM-2002-B-004,2002,B,2002年数学建模国赛真题+优秀论文/2002年优秀论文/2002B：彩票运行方案的合理性研究1.pdf,4BC54A962A329FA9768093ECEF5FA95A91BFD78FDD464FFB92C61456B5BEDFDB,6,text_based,FORMAL,catalog/papers.csv; catalog/paper_files.csv; catalog/scale/g8_paper_status.csv,2026-09-02T21:54:06+08:00,primary,True,PAPER
CUMCM-2018-C-001,2018,C,2018年数学建模国赛真题+优秀论文/2018年赛题/2018年国赛C题.docx,B229D9D9BF973BE900E36A21707784D9E92A075E149B47D5C7412F93946AF95B,,NOT_ANALYZED,FORMAL,catalog/papers.csv; catalog/paper_files.csv; catalog/scale/g8_paper_status.csv,2026-09-02T21:54:06+08:00,primary,True,PROBLEM_PACKAGE
CUMCM-2017-A-004,2017,A,2017年数学建模国赛真题+优秀论文/2017年优秀论文/2017A：CT系统参数标定及成像  (1).pdf,6A72506FA1F46C21B5F9A35B5B40D85C2B3B8742B16C7724624DF65049538CBF,47,mixed,FORMAL,catalog/papers.csv; catalog/paper_files.csv; catalog/scale/g8_paper_status.csv,2026-09-02T21:54:06+08:00,primary,True,PAPER
CUMCM-2019-E-001,2019,E,2019年数学建模国赛真题+优秀论文/2019年优秀论文/2019E：薄利多销销售策略的模型研究分析.pdf,D8030B8C0D26B54DF5B6B285501ECB81CA9518817B85F28ED21C8E0B79E912BB,37,image_based,FORMAL,catalog/papers.csv; catalog/paper_files.csv; catalog/scale/g8_paper_status.csv,2026-09-02T21:54:06+08:00,primary,True,PAPER
CUMCM-2003-A-005,2003,A,2003年数学建模国赛真题+优秀论文/2003年优秀论文/2003A：SARS传播的研究.pdf,E858C1C86EC51C6F169A2588AB16880A025B5006775DA2ECFC337D76207FD6BA,10,text_based,FORMAL,catalog/papers.csv; catalog/paper_files.csv; catalog/scale/g8_paper_status.csv,2026-09-02T21:54:06+08:00,primary,True,PAPER
CUMCM-2008-B-005,2008,B,2008年数学建模国赛真题+优秀论文/2008年优秀论文/2008B：《高等教育学费标准探讨》.pdf,25A533F44A49BD4206447798EBCCD788965D2F78FBDD187A1BDED668E83BD91E,43,text_based,FORMAL,catalog/papers.csv; catalog/paper_files.csv; catalog/scale/g8_paper_status.csv,2026-09-02T21:54:06+08:00,primary,True,PAPER
CUMCM-2008-B-006,2008,B,2008年数学建模国赛真题+优秀论文/2008年优秀论文/2008B：《我国高等教育收费问题的探究》.pdf,14C2ACB426CFB34D527001FAD92FEC00F5954206548C767345C4AED90DC44C37,13,text_based,FORMAL,catalog/papers.csv; catalog/paper_files.csv; catalog/scale/g8_paper_status.csv,2026-09-02T21:54:06+08:00,primary,True,PAPER
CUMCM-2017-B-002,2017,B,2017年数学建模国赛真题+优秀论文/2017年赛题/2017年国赛B题.docx,7964C7E2758941BCE10705E610F0E5BC36C288F5A53664CC3EE8612AD769DCC0,,NOT_ANALYZED,FORMAL,catalog/papers.csv; catalog/paper_files.csv; catalog/scale/g8_paper_status.csv,2026-09-02T21:54:06+08:00,primary,True,PROBLEM_PACKAGE
CUMCM-2007-C-003,2007,C,2007年数学建模国赛真题+优秀论文/2007年优秀论文/2007C：《手机“套餐”优惠几何》.pdf,51EDA109051E851263C8B822DAD787C52304894582EBC131240EC9F61A804F6F,11,image_based,FORMAL,catalog/papers.csv; catalog/paper_files.csv; catalog/scale/g8_paper_status.csv,2026-09-02T21:54:06+08:00,primary,True,PAPER
CUMCM-2011-D-016,2011,D,2011年数学建模国赛真题+优秀论文/2011年优秀论文/2011D：天然肠衣搭配问题(1)/方案2规格2步骤4.lg4,7316812CE8D0FD339C3C2B37C453368B5DD7D05E1287AF421D7066FF13ABB1E2,,NOT_ANALYZED,FORMAL,catalog/papers.csv; catalog/paper_files.csv; catalog/scale/g8_paper_status.csv,2026-09-02T21:54:06+08:00,primary,True,SUPPORTING_MATERIAL
CUMCM-2016-C-001,2016,C,2016年数学建模国赛真题+优秀论文/2016年优秀论文/2016C：电池剩余放电时间预测 (2).pdf,E1703EA2108D2998D3FAA92C19245504BEB7DD5E3B8C84D51935706302035F57,22,text_based,FORMAL,catalog/papers.csv; catalog/paper_files.csv; catalog/scale/g8_paper_status.csv,2026-09-02T21:54:06+08:00,primary,True,PAPER
CUMCM-2016-A-002,2016,A,2016年数学建模国赛真题+优秀论文/2016年优秀论文/2016A：基于极值系泊系统设计 (1).pdf,63177FF9A2A01AEDF149DFD2315FF9CD74EAD4FCE55F2E8D0B5D3958BD75403D,36,text_based,FORMAL,catalog/papers.csv; catalog/paper_files.csv; catalog/scale/g8_paper_status.csv,2026-09-02T21:54:06+08:00,primary,True,PAPER
CUMCM-2011-D-017,2011,D,2011年数学建模国赛真题+优秀论文/2011年优秀论文/2011D：天然肠衣搭配问题(1)/规格3步骤5.lg4,4EE9D1BCFBEA28B789B725691F979440F15DF2D1EF80667EEAC84FA5510B17EC,,NOT_ANALYZED,FORMAL,catalog/papers.csv; catalog/paper_files.csv; catalog/scale/g8_paper_status.csv,2026-09-02T21:54:06+08:00,primary,True,SUPPORTING_MATERIAL
CUMCM-2001-B-004,2001,B,2001年数学建模国赛真题+优秀论文/2001年国赛优秀论文/2001B：公交车调度的规划数学模型.pdf,0571A6E99D80D7A738CDD1E6542750D71F2FAAA2C81DF0B8D4B7050CF5916077,8,text_based,FORMAL,catalog/papers.csv; catalog/paper_files.csv; catalog/scale/g8_paper_status.csv,2026-09-02T21:54:06+08:00,primary,True,PAPER
CUMCM-2016-D-002,2016,D,2016年数学建模国赛真题+优秀论文/2016年优秀论文/2016D：风电场运行状况分析及维护计划优化 (2).pdf,89AB698EB82BCE52B6844AF057D40433341C15F612A68796019A29EECB5235ED,48,text_based,FORMAL,catalog/papers.csv; catalog/paper_files.csv; catalog/scale/g8_paper_status.csv,2026-09-02T21:54:06+08:00,primary,True,PAPER
CUMCM-2017-C-001,2017,C,2017年数学建模国赛真题+优秀论文/2017年赛题/2017年国赛C题.docx,8B707A643FBC6A1DE9E67658F79AE2B70D5909B3E7523FA411452A1DBA646A00,,NOT_ANALYZED,FORMAL,catalog/papers.csv; catalog/paper_files.csv; catalog/scale/g8_paper_status.csv,2026-09-02T21:54:06+08:00,primary,True,PROBLEM_PACKAGE
CUMCM-2011-D-018,2011,D,2011年数学建模国赛真题+优秀论文/2011年优秀论文/2011D：天然肠衣搭配问题(1)/方案2规格2步骤3.lg4,3E4B6CB3FA7F07A4ECAAB00E3B6700B4F20BFE1EBA01EE34209B4708706C6579,,NOT_ANALYZED,FORMAL,catalog/papers.csv; catalog/paper_files.csv; catalog/scale/g8_paper_status.csv,2026-09-02T21:54:06+08:00,primary,True,SUPPORTING_MATERIAL
CUMCM-2008-C-002,2008,C,2008年数学建模国赛真题+优秀论文/2008年优秀论文/2008C：《地面搜索最短耗时的计算》.pdf,A278B28A8734A15F99B0FCE66D63B6AF432B6716A58F6F0D3067D066ABA7375B,8,mixed,FORMAL,catalog/papers.csv; catalog/paper_files.csv; catalog/scale/g8_paper_status.csv,2026-09-02T21:54:06+08:00,primary,True,PAPER
CUMCM-1998-B-001,1998,B,1998年数学建模国赛真题+优秀论文/1998年国赛优秀论文/1998B：灾情巡视路线的设计.pdf,B4EC3677E59F66CF1C7673756505949CE68621D3DF90864635B908B73CF92AA5,7,text_based,FORMAL,catalog/papers.csv; catalog/paper_files.csv; catalog/scale/g8_paper_status.csv,2026-09-02T21:54:06+08:00,primary,True,PAPER
CUMCM-2010-C-001,2010,C,2010年数学建模国赛真题+优秀论文/2010年优秀论文/2010C：输油管的布置（2）.pdf,FD7FBA7652C85FF2D40866F4F992039E8DA731EBF08E630DE9226D4D51972D3C,20,text_based,FORMAL,catalog/papers.csv; catalog/paper_files.csv; catalog/scale/g8_paper_status.csv,2026-09-02T21:54:06+08:00,primary,True,PAPER
CUMCM-2014-D-001,2014,D,2014年数学建模国赛真题+优秀论文/2014年赛题/2014年国赛D题.doc,D7F224589CF54E6F3E512935FEA5F764BB78D1624DDE54EB3C0C5E5A586C1A1A,,NOT_ANALYZED,FORMAL,catalog/papers.csv; catalog/paper_files.csv; catalog/scale/g8_paper_status.csv,2026-09-02T21:54:06+08:00,primary,True,PROBLEM_PACKAGE
CUMCM-2001-C-001,2001,C,2001年数学建模国赛真题+优秀论文/2001年国赛优秀论文/2001C：基金存储方案.pdf,801FA9B4555CFFC18C5E39E9CF91B957A10A7B87DD067E488CA08FD1530E5FD1,7,text_based,FORMAL,catalog/papers.csv; catalog/paper_files.csv; catalog/scale/g8_paper_status.csv,2026-09-02T21:54:06+08:00,primary,True,PAPER
CUMCM-1998-A-005,1998,A,1998年数学建模国赛真题+优秀论文/1998年国赛优秀论文/1998A：一类投资组合问题的建模与分析.pdf,ED7FFCBFAD82E9A6746032B986638F063D7AD9C1B7B155C0A773707C602297BB,5,text_based,FORMAL,catalog/papers.csv; catalog/paper_files.csv; catalog/scale/g8_paper_status.csv,2026-09-02T21:54:06+08:00,primary,True,PAPER
CUMCM-2014-D-002,2014,D,2014年数学建模国赛真题+优秀论文/2014优秀论文/2014D：储药槽的设计 (2)/储药柜的设计.doc,0F96568C1507DC18820F68592A9A6DA83C3FE6842CF007A17567C219BEBA841E,,NOT_ANALYZED,FORMAL,catalog/papers.csv; catalog/paper_files.csv; catalog/scale/g8_paper_status.csv,2026-09-02T21:54:06+08:00,primary,True,PAPER
CUMCM-2003-B-003,2003,B,2003年数学建模国赛真题+优秀论文/2003年赛题/2003年国赛B题 .doc,4A54721DD368867FF528F97E478DB98719527DAA573030878821E1B3D5758411,,NOT_ANALYZED,FORMAL,catalog/papers.csv; catalog/paper_files.csv; catalog/scale/g8_paper_status.csv,2026-09-02T21:54:06+08:00,primary,True,PROBLEM_PACKAGE
CUMCM-2012-A-001,2012,A,2012年数学建模国赛真题+优秀论文/2012年优秀论文/2012A：葡萄酒的评价 (3).pdf,B3E23D0568C6B8A3529598A4F2B9E3ED5B9EB90E71E32232B337F707996F5519,27,mixed,FORMAL,catalog/papers.csv; catalog/paper_files.csv; catalog/scale/g8_paper_status.csv,2026-09-02T21:54:06+08:00,primary,True,PAPER
CUMCM-2014-C-003,2014,C,2014年数学建模国赛真题+优秀论文/2014优秀论文/2014C：生猪养殖场经营管理的研究/muzhushuliang.lg4,21A9972456DFE9DD8FFA077B010EDAE1A21C747D8A0D65CC1C7C2CADC921324A,,NOT_ANALYZED,FORMAL,catalog/papers.csv; catalog/paper_files.csv; catalog/scale/g8_paper_status.csv,2026-09-02T21:54:06+08:00,primary,True,SUPPORTING_MATERIAL
CUMCM-2010-A-004,2010,A,2010年数学建模国赛真题+优秀论文/2010年优秀论文/2010A：储油罐的变位识别与罐容表标定 (3).pdf,91816D1197A09392ECD177171037E1BF302F4E1D87E769DBCC750015D8ACA997,32,text_based,FORMAL,catalog/papers.csv; catalog/paper_files.csv; catalog/scale/g8_paper_status.csv,2026-09-02T21:54:06+08:00,primary,True,PAPER
CUMCM-2011-D-019,2011,D,2011年数学建模国赛真题+优秀论文/2011年优秀论文/2011D：天然肠衣搭配问题(1)/LINGO6.lg4,53FB31BC2DB5BF75432F5016ADC7643F300494D8CA6969646585EF80E1BE240B,,NOT_ANALYZED,FORMAL,catalog/papers.csv; catalog/paper_files.csv; catalog/scale/g8_paper_status.csv,2026-09-02T21:54:06+08:00,primary,True,SUPPORTING_MATERIAL
CUMCM-2007-A-006,2007,A,2007年数学建模国赛真题+优秀论文/2007年优秀论文/2007A：《中国人口增长预测模型》 (4).pdf,D9B1D3CF1B98C0A89A2BDF812BDEC4114960ACB8CEF7D2EC59B04357ACD0D63D,20,text_based,FORMAL,catalog/papers.csv; catalog/paper_files.csv; catalog/scale/g8_paper_status.csv,2026-09-02T21:54:06+08:00,primary,True,PAPER
CUMCM-2018-A-003,2018,A,2018年数学建模国赛真题+优秀论文/2018年优秀论文/2018A：基于多原则比较和蒙特卡洛模拟的 RGV 动态调度模型.pdf,FF5FEA82381FC3877F8FEA031CD47426B54759284A9EFE2FBC26873CEE585689,45,text_based,FORMAL,catalog/papers.csv; catalog/paper_files.csv; catalog/scale/g8_paper_status.csv,2026-09-02T21:54:06+08:00,primary,True,PAPER
CUMCM-1997-B-003,1997,B,1997年数学建模国赛真题+优秀论文/1997年国赛优秀论文/1997B：截断切割的最优方案.pdf,5CDCA98BAD18F0E2BE780A9FBF6B8E61D0B7566C2DE78949BD772CB89AA70413,6,image_based,FORMAL,catalog/papers.csv; catalog/paper_files.csv; catalog/scale/g8_paper_status.csv,2026-09-02T21:54:06+08:00,primary,True,PAPER
CUMCM-2021-B-001,2021,B,2021年数学建模国赛真题+优秀论文/2021年国赛赛题/2021年国赛B题.pdf,54ECF5959EE6E6B93E777C13919012F241B618694E169017699CD4A12198988C,,NOT_ANALYZED,FORMAL,catalog/papers.csv; catalog/paper_files.csv; catalog/scale/g8_paper_status.csv,2026-09-02T21:54:06+08:00,primary,True,PROBLEM_PACKAGE
CUMCM-2015-D-003,2015,D,2015年数学建模国赛真题+优秀论文/2015年优秀论文/2015D：众筹筑屋规划方案设计 (3).pdf,74203B2E3B6EBF7FBEFCA0AA82E360C4967474A6D1AF70E1CE569110ED4531E3,,NOT_ANALYZED,FORMAL,catalog/papers.csv; catalog/paper_files.csv; catalog/scale/g8_paper_status.csv,2026-09-02T21:54:06+08:00,primary,True,NOT_IN_G8_STATUS
CUMCM-2011-D-020,2011,D,2011年数学建模国赛真题+优秀论文/2011年优秀论文/2011D：天然肠衣搭配问题(1)/降级11.lg4,71A803432BEA7D232215E219C508954B2515C9F34A7E968D42C022F50EB1016D,,NOT_ANALYZED,FORMAL,catalog/papers.csv; catalog/paper_files.csv; catalog/scale/g8_paper_status.csv,2026-09-02T21:54:06+08:00,primary,True,SUPPORTING_MATERIAL
CUMCM-2007-B-004,2007,B,2007年数学建模国赛真题+优秀论文/2007年优秀论文/2007B：《基于生成树算法的公交地铁线路选择模型》.pdf,40B9EDF62E954CBFDCCD310C2B11DBF1F80EAA94A72001CA1D39310851865D83,18,text_based,FORMAL,catalog/papers.csv; catalog/paper_files.csv; catalog/scale/g8_paper_status.csv,2026-09-02T21:54:06+08:00,primary,True,PAPER
CUMCM-2008-B-007,2008,B,2008年数学建模国赛真题+优秀论文/2008年优秀论文/2008B：《关于高等教育学费标准的评价及建议》.PDF,D0252C6DF05D1E1BD6867F16CCBAC97D45A0930C2FCEA7C2B98160EF73E6C221,28,text_based,FORMAL,catalog/papers.csv; catalog/paper_files.csv; catalog/scale/g8_paper_status.csv,2026-09-02T21:54:06+08:00,primary,True,PAPER
CUMCM-2000-B-005,2000,B,2000年数学建模国赛真题+优秀论文/2000年国赛优秀论文/2000B：钢管的订购和运输解答模型.pdf,62EABCDF2FD130013F86DC1C638846661E127B7B7B3C3107C38F10DBB8BBA10A,8,text_based,FORMAL,catalog/papers.csv; catalog/paper_files.csv; catalog/scale/g8_paper_status.csv,2026-09-02T21:54:06+08:00,primary,True,PAPER
CUMCM-2010-B-001,2010,B,2010年数学建模国赛真题+优秀论文/2010年优秀论文/2010B：上海世博会影响力的定量评估.pdf,EA8FA7E23CEEED8B511B42AAFAFBCFB776DD898B94D5F72A96847DF72C9F640F,29,image_based,FORMAL,catalog/papers.csv; catalog/paper_files.csv; catalog/scale/g8_paper_status.csv,2026-09-02T21:54:06+08:00,primary,True,PAPER
CUMCM-2012-B-B077,2012,B,2012年数学建模国赛真题+优秀论文/2012年优秀论文/2012B：太阳能小屋的设计 (1)/B077.pdf,CEC3C5E0DA82C5228E8A4E967BCAF7D437596EA07E33FCCAB2239036F519F5AC,34,text_based,FORMAL,catalog/papers.csv; catalog/paper_files.csv; catalog/scale/g8_paper_status.csv,2026-09-02T21:54:06+08:00,primary,True,PAPER
CUMCM-2015-A-002,2015,A,2015年数学建模国赛真题+优秀论文/2015年赛题/2015年国赛A题.doc,B43501D5123811C038839A75F392DE8CA8E153EAE39E9E6E8E015D2C05134DCA,,NOT_ANALYZED,FORMAL,catalog/papers.csv; catalog/paper_files.csv; catalog/scale/g8_paper_status.csv,2026-09-02T21:54:06+08:00,primary,True,NOT_IN_G8_STATUS
CUMCM-2013-B-001,2013,B,2013年数学建模国赛真题+优秀论文/2013B：碎纸片的拼接复原 (3)/B-20001040-向航，王帆，郭树璇.pdf,09EECD252051A10F26903C8E5090933C8A8F04B43C2D21EB3173E1DF45C8B150,,NOT_ANALYZED,FORMAL,catalog/papers.csv; catalog/paper_files.csv; catalog/scale/g8_paper_status.csv,2026-09-02T21:54:06+08:00,primary,True,PROBLEM_PACKAGE
CUMCM-2001-A-007,2001,A,2001年数学建模国赛真题+优秀论文/2001年国赛优秀论文/2001A：血管管道的三维重建 (2).pdf,36F46A8E11DE707CF269E8EC69AF8854674EB9D51188ECCA28C8E063C21FDB41,8,text_based,FORMAL,catalog/papers.csv; catalog/paper_files.csv; catalog/scale/g8_paper_status.csv,2026-09-02T21:54:06+08:00,primary,True,PAPER
CUMCM-2008-B-008,2008,B,2008年数学建模国赛真题+优秀论文/2008年赛题/2008年国赛B题.doc,F8F601AF34A8DE14E7D74273F73C3B180AF8281A45354812FFFC9780CBFDC1AE,,NOT_ANALYZED,FORMAL,catalog/papers.csv; catalog/paper_files.csv; catalog/scale/g8_paper_status.csv,2026-09-02T21:54:06+08:00,primary,True,PROBLEM_PACKAGE
CUMCM-2013-C-002,2013,C,2013年数学建模国赛真题+优秀论文/2013C：古塔的变形/qvlv1.asv,E56D8E7166F95C36FE39C6297D4877A8C7FAC59DBC83EA0EA81BB887211CCA39,,NOT_ANALYZED,FORMAL,catalog/papers.csv; catalog/paper_files.csv; catalog/scale/g8_paper_status.csv,2026-09-02T21:54:06+08:00,primary,True,SUPPORTING_MATERIAL
CUMCM-2003-A-006,2003,A,2003年数学建模国赛真题+优秀论文/2003年优秀论文/2003A：SARS传播的数学原理及预测与控制.pdf,9C75E95CB0D79C1011479EEF85FDF9071BED1D157761CF9CA3B31798FF41FB45,6,text_based,FORMAL,catalog/papers.csv; catalog/paper_files.csv; catalog/scale/g8_paper_status.csv,2026-09-02T21:54:06+08:00,primary,True,PAPER
CUMCM-2000-D-001,2000,D,2000年数学建模国赛真题+优秀论文/2000年国赛优秀论文/2000D：空洞探测.pdf,3B7F493312C1DDF3A379EC9CB2B01C2B2AD3E10AA543FD8A2D4A3B34D0219C86,5,text_based,FORMAL,catalog/papers.csv; catalog/paper_files.csv; catalog/scale/g8_paper_status.csv,2026-09-02T21:54:06+08:00,primary,True,PAPER
CUMCM-2019-E-002,2019,E,2019年数学建模国赛真题+优秀论文/2019年优秀论文/2019E：基于打折力度概念的“薄利多销”模型.pdf,7713C814FE742D1BFA4EE1CE0A466B74A09964F05FBAEC40C11504B50625E43A,23,image_based,FORMAL,catalog/papers.csv; catalog/paper_files.csv; catalog/scale/g8_paper_status.csv,2026-09-02T21:54:06+08:00,primary,True,PAPER
CUMCM-1995-A-004,1995,A,1995年数学建模国赛真题+优秀论文/1995年国赛优秀论文/1995A：飞行管理问题的逐步逼近搜索方法.pdf,F90548C6E551AD3E7FB109104E3BC273179F074F853694472E6CB62920A8C65D,2,image_based,FORMAL,catalog/papers.csv; catalog/paper_files.csv; catalog/scale/g8_paper_status.csv,2026-09-02T21:54:06+08:00,primary,True,PAPER
CUMCM-2003-B-004,2003,B,2003年数学建模国赛真题+优秀论文/2003年优秀论文/2003B：露天矿生产的车辆安排A.pdf,A8EBEDCF3EA30F488DEBB3A5F2B4BB94FB3218C3A541B1FA375B5828B862C3F2,7,image_based,FORMAL,catalog/papers.csv; catalog/paper_files.csv; catalog/scale/g8_paper_status.csv,2026-09-02T21:54:06+08:00,primary,True,PAPER
CUMCM-2019-C-002,2019,C,2019年数学建模国赛真题+优秀论文/2019年优秀论文/2019C：基于系统模拟的机场出租车决策与安排模型.pdf,8BB01EB671898A5687EAC0058A5AE118F7459950957DEC859011961F93595456,39,image_based,FORMAL,catalog/papers.csv; catalog/paper_files.csv; catalog/scale/g8_paper_status.csv,2026-09-02T21:54:06+08:00,primary,True,PAPER
CUMCM-2024-D-001,2024,D,2024年数学建模国赛真题+优秀论文/2024真题/D题/D题.pdf,8F30BDB312715167CD4CEAF87604DFD12E688D802E32E310322057AEB9D66CB0,,NOT_ANALYZED,FORMAL,catalog/papers.csv; catalog/paper_files.csv; catalog/scale/g8_paper_status.csv,2026-09-02T21:54:06+08:00,primary,True,PAPER
CUMCM-2012-B-003,2012,B,2012年数学建模国赛真题+优秀论文/2012年赛题/2012年国赛B题.doc,0EB3915934D542B1023D44093E56905185C7DFFB612E102DB242BF2827726799,,NOT_ANALYZED,FORMAL,catalog/papers.csv; catalog/paper_files.csv; catalog/scale/g8_paper_status.csv,2026-09-02T21:54:06+08:00,primary,True,PROBLEM_PACKAGE
CUMCM-2006-C-001,2006,C,2006年数学建模国赛真题+优秀论文/2006年赛题/2006年国赛C题.doc,3AD3A74487B14A35C59AD64B725CF1906F0AF345C764B04540A69AD73185227C,,NOT_ANALYZED,FORMAL,catalog/papers.csv; catalog/paper_files.csv; catalog/scale/g8_paper_status.csv,2026-09-02T21:54:06+08:00,primary,True,PROBLEM_PACKAGE
CUMCM-2011-D-021,2011,D,2011年数学建模国赛真题+优秀论文/2011年优秀论文/2011D：天然肠衣搭配问题(1)/规格3步骤3.lg4,A1B5CCB06B1409A92F0087F8CA48F584A030D1E55212C1162A189A7F601C6D15,,NOT_ANALYZED,FORMAL,catalog/papers.csv; catalog/paper_files.csv; catalog/scale/g8_paper_status.csv,2026-09-02T21:54:06+08:00,primary,True,SUPPORTING_MATERIAL
CUMCM-2014-C-004,2014,C,2014年数学建模国赛真题+优秀论文/2014优秀论文/2014C：生猪养殖场经营管理的研究/benjiaobisai.lg4,31CC21F75466A5F5B5FC7DA3D9E255032CC93C254F9D008CEE3906709E4750AB,,NOT_ANALYZED,FORMAL,catalog/papers.csv; catalog/paper_files.csv; catalog/scale/g8_paper_status.csv,2026-09-02T21:54:06+08:00,primary,True,SUPPORTING_MATERIAL
CUMCM-2004-A-003,2004,A,2004年数学建模国赛真题+优秀论文/2004优秀论文/2004A：奥运会网点的优化设计.pdf,900429B9FD46104E02940644A15ACC5D17F95D96B31C9620EA77983139DF6881,8,image_based,FORMAL,catalog/papers.csv; catalog/paper_files.csv; catalog/scale/g8_paper_status.csv,2026-09-02T21:54:06+08:00,primary,True,PAPER
CUMCM-2010-B-002,2010,B,2010年数学建模国赛真题+优秀论文/2010年赛题/2010年国赛B题.doc,C8579DDC5CE2A3864BF8D1A8DFC9548BD88FFF0E23693F26D6410065D0DE6ACF,,NOT_ANALYZED,FORMAL,catalog/papers.csv; catalog/paper_files.csv; catalog/scale/g8_paper_status.csv,2026-09-02T21:54:06+08:00,primary,True,PROBLEM_PACKAGE
CUMCM-2017-B-003,2017,B,2017年数学建模国赛真题+优秀论文/2017年优秀论文/2017B：“拍照赚钱”的任务定价 (7).pdf,A357968F2A177BD3E9C43082D2EE60B4B38259E9CC8DA363F5070A7E1F0B2625,25,text_based,FORMAL,catalog/papers.csv; catalog/paper_files.csv; catalog/scale/g8_paper_status.csv,2026-09-02T21:54:06+08:00,primary,True,PAPER
CUMCM-2011-D-022,2011,D,2011年数学建模国赛真题+优秀论文/2011年优秀论文/2011D：天然肠衣搭配问题(1)/方案2规格2.lg4,322824103CC1D882C5ECD7391678E1B340B7857F2F6CA556995BA49A08FDD362,,NOT_ANALYZED,FORMAL,catalog/papers.csv; catalog/paper_files.csv; catalog/scale/g8_paper_status.csv,2026-09-02T21:54:06+08:00,primary,True,SUPPORTING_MATERIAL
CUMCM-2019-C-003,2019,C,2019年数学建模国赛真题+优秀论文/2019年赛题/2019年国赛C题.pdf,58CB86B75E9C3341F2BDC05C6313D5E959AB661CA520DF4DBCF0A1638AB0DEFF,,NOT_ANALYZED,FORMAL,catalog/papers.csv; catalog/paper_files.csv; catalog/scale/g8_paper_status.csv,2026-09-02T21:54:06+08:00,primary,True,PROBLEM_PACKAGE
CUMCM-2019-B-002,2019,B,2019年数学建模国赛真题+优秀论文/2019年优秀论文/2019B：同心鼓“同心协力”策略探究.pdf,4BB37C13F389734798A3AB8ABB96CBDA37473B9B4E2C1CC9A720A68474617B81,27,image_based,FORMAL,catalog/papers.csv; catalog/paper_files.csv; catalog/scale/g8_paper_status.csv,2026-09-02T21:54:06+08:00,primary,True,PAPER
CUMCM-2015-B-002,2015,B,2015年数学建模国赛真题+优秀论文/2015年优秀论文/2015B：互联网+_时代的出租车资源配置 (2).pdf,B91E2D69D66078A2D23E9C51A972248C066176505F6C97C95765A42F3EE45B61,,NOT_ANALYZED,FORMAL,catalog/papers.csv; catalog/paper_files.csv; catalog/scale/g8_paper_status.csv,2026-09-02T21:54:06+08:00,primary,True,NOT_IN_G8_STATUS
CUMCM-1996-A-005,1996,A,1996年数学建模国赛真题+优秀论文/1996年国赛优秀论文/1996A：最优捕鱼策略模型.pdf,CFD5DF8C34BDEE1EDECEDC86F04A4441AE04C294EFC3FC8BEBCBD4F0CCF86B39,8,image_based,FORMAL,catalog/papers.csv; catalog/paper_files.csv; catalog/scale/g8_paper_status.csv,2026-09-02T21:54:06+08:00,primary,True,PAPER
CUMCM-2005-C-001,2005,C,2005年数学建模国赛真题+优秀论文/2005年国赛优秀论文/2005C：基于插值的雨量预报评价模型.pdf,93292CE8BB60BFC1D7CAE1FA4D731AD0398D968658D5C88C7BACD2A3BDEE7E3E,4,text_based,FORMAL,catalog/papers.csv; catalog/paper_files.csv; catalog/scale/g8_paper_status.csv,2026-09-02T21:54:06+08:00,primary,True,PAPER
CUMCM-2012-D-008,2012,D,2012年数学建模国赛真题+优秀论文/2012年优秀论文/2012D：机器人避障问题 (1)/yykxlj1.fig,45F422F6E5231B9DF49BB9027C37EAB9FD9F1F866C28E6A68C321C9541565B2A,,NOT_ANALYZED,FORMAL,catalog/papers.csv; catalog/paper_files.csv; catalog/scale/g8_paper_status.csv,2026-09-02T21:54:06+08:00,primary,True,SUPPORTING_MATERIAL
CUMCM-2017-D-001,2017,D,2017年数学建模国赛真题+优秀论文/2017年优秀论文/2017D：巡检线路的排班 (2).pdf,2876DA7516A25484B0C09B89235496AA4D5E1D3957AF6D1CF4D8B21C61FAF65B,48,text_based,FORMAL,catalog/papers.csv; catalog/paper_files.csv; catalog/scale/g8_paper_status.csv,2026-09-02T21:54:06+08:00,primary,True,PAPER
CUMCM-2012-D-009,2012,D,2012年数学建模国赛真题+优秀论文/2012年优秀论文/2012D：机器人避障问题 (1)/dykxlj.fig,59C4C93E0E22167C0D7888248AA88D3CCCBAD72F6257D65CADC55BCD8FB1C706,,NOT_ANALYZED,FORMAL,catalog/papers.csv; catalog/paper_files.csv; catalog/scale/g8_paper_status.csv,2026-09-02T21:54:06+08:00,primary,True,SUPPORTING_MATERIAL
CUMCM-2007-B-005,2007,B,2007年数学建模国赛真题+优秀论文/2007年优秀论文/2007B：《最佳公交路线选择模型》.pdf,454AAD984BC9C490406B94E437CC1FE0FA3CBEFD4B09EF17B4EEC6C91F4B890B,9,image_based,FORMAL,catalog/papers.csv; catalog/paper_files.csv; catalog/scale/g8_paper_status.csv,2026-09-02T21:54:06+08:00,primary,True,PAPER
CUMCM-2013-C-003,2013,C,2013年数学建模国赛真题+优秀论文/2013C：古塔的变形/niuqv.asv,1C0B1A762173E58003FF0912649D90CEEFBE0FC0FE205988D91A7FC016F48360,,NOT_ANALYZED,FORMAL,catalog/papers.csv; catalog/paper_files.csv; catalog/scale/g8_paper_status.csv,2026-09-02T21:54:06+08:00,primary,True,SUPPORTING_MATERIAL
CUMCM-2020-D-003,2020,D,2020年数学建模国赛真题+优秀论文/2020年优秀论文/2020D：接触式轮廓仪的自动标注数学模型研究.pdf,F8167387022E46E54EA04C371F75ADCF587FFD4E72C300BEB3798588C3E826A9,135,image_based,FORMAL,catalog/papers.csv; catalog/paper_files.csv; catalog/scale/g8_paper_status.csv,2026-09-02T21:54:06+08:00,primary,True,PAPER
CUMCM-2008-C-003,2008,C,2008年数学建模国赛真题+优秀论文/2008年赛题/2008年国赛C题.doc,7A531561260E371D3F895483A9E773C30131FE4FD1D9A71CFF9033DFE3A17FBF,,NOT_ANALYZED,FORMAL,catalog/papers.csv; catalog/paper_files.csv; catalog/scale/g8_paper_status.csv,2026-09-02T21:54:06+08:00,primary,True,PROBLEM_PACKAGE
CUMCM-2005-C-002,2005,C,2005年数学建模国赛真题+优秀论文/2005年国赛优秀论文/2005C：雨量预报方法优劣的评价模型.pdf,F2C6856969C2FA17BA298F19966886261AC2D859DE3BA46B10227F326BC773D3,5,text_based,FORMAL,catalog/papers.csv; catalog/paper_files.csv; catalog/scale/g8_paper_status.csv,2026-09-02T21:54:06+08:00,primary,True,PAPER
CUMCM-2013-C-004,2013,C,2013年数学建模国赛真题+优秀论文/2013C：古塔的变形/fangchengnihe.asv,1A058DCC5D93A1A2B631E3435A3F60F55C0C591C2882025A43B825107BB5CA74,,NOT_ANALYZED,FORMAL,catalog/papers.csv; catalog/paper_files.csv; catalog/scale/g8_paper_status.csv,2026-09-02T21:54:06+08:00,primary,True,SUPPORTING_MATERIAL
CUMCM-2015-C-003,2015,C,2015年数学建模国赛真题+优秀论文/2015年赛题/2015年国赛C题.docx,75FE85C03B429663C6BDAAC04CDD06ED6E32598D6EF10CBAD22FE55A21752978,,NOT_ANALYZED,FORMAL,catalog/papers.csv; catalog/paper_files.csv; catalog/scale/g8_paper_status.csv,2026-09-02T21:54:06+08:00,primary,True,NOT_IN_G8_STATUS
CUMCM-2014-B-B2704,2014,B,2014年数学建模国赛真题+优秀论文/2014优秀论文/2014B：创意平板折叠桌/B27042017_吴俊锋_谭翔飞_庄重.pdf,4B7F3A2DE5FC6AAA17E1C35B33B59AAFA63021963D53BD6F694493D453C44F54,25,text_based,FORMAL,catalog/papers.csv; catalog/paper_files.csv; catalog/scale/g8_paper_status.csv,2026-09-02T21:54:06+08:00,primary,True,PAPER
CUMCM-2013-C-005,2013,C,2013年数学建模国赛真题+优秀论文/2013C：古塔的变形/ff2.asv,D7320B764EE97AC1061E9A23557E2548CCB66E02C989C3C4B609C9B80B286EF2,,NOT_ANALYZED,FORMAL,catalog/papers.csv; catalog/paper_files.csv; catalog/scale/g8_paper_status.csv,2026-09-02T21:54:06+08:00,primary,True,SUPPORTING_MATERIAL
CUMCM-2014-C-005,2014,C,2014年数学建模国赛真题+优秀论文/2014优秀论文/2014C：生猪养殖场经营管理的研究/bisai4.lg4,5E5B34C99A3D8A9B91F16C031D90493B6D7FD3480213AA65E70D315C5D77FE32,,NOT_ANALYZED,FORMAL,catalog/papers.csv; catalog/paper_files.csv; catalog/scale/g8_paper_status.csv,2026-09-02T21:54:06+08:00,primary,True,SUPPORTING_MATERIAL
CUMCM-2014-C-C1951,2014,C,2014年数学建模国赛真题+优秀论文/2014优秀论文/2014C：生猪养殖场经营管理的研究 (2)/C19510015_杨金洪_洪嘉远_谢思霞.pdf,19BFFCC3BF0D53CB1C0F3F1BBF76A433CB2398A20D85D2E7B030924B54DF36B6,17,text_based,FORMAL,catalog/papers.csv; catalog/paper_files.csv; catalog/scale/g8_paper_status.csv,2026-09-02T21:54:06+08:00,primary,True,PAPER
CUMCM-1995-B-005,1995,B,1995年数学建模国赛真题+优秀论文/1995年国赛优秀论文/1995B：天车与冶炼炉的作业调度.pdf,73A365948FC67E673777E6FB08B58EABA0B7335254967009DB16C015BA4B44F3,4,image_based,FORMAL,catalog/papers.csv; catalog/paper_files.csv; catalog/scale/g8_paper_status.csv,2026-09-02T21:54:06+08:00,primary,True,PAPER
CUMCM-2015-C-004,2015,C,2015年数学建模国赛真题+优秀论文/2015年优秀论文/2015C：月上柳梢头，人约黄昏后 (1).docx,E8E506BFD7E29BFF44DD4560C53999D4AF2507DA16CD265B2D57493786D6D24A,,NOT_ANALYZED,FORMAL,catalog/papers.csv; catalog/paper_files.csv; catalog/scale/g8_paper_status.csv,2026-09-02T21:54:06+08:00,primary,True,NOT_IN_G8_STATUS
CUMCM-2004-B-004,2004,B,2004年数学建模国赛真题+优秀论文/2004优秀论文/2004B：电力市场的输电阻塞管理.pdf,F36533A312B421683E0F464C8197614BFB3B431A45EE99A5CC72974B10322F8F,7,image_based,FORMAL,catalog/papers.csv; catalog/paper_files.csv; catalog/scale/g8_paper_status.csv,2026-09-02T21:54:06+08:00,primary,True,PAPER
CUMCM-2013-A-001,2013,A,2013年数学建模国赛真题+优秀论文/2013A：车道被占用对城市道路通行能力的影响 (5)/基于差分方程和元胞自动机的交通阻塞模型.pdf,89F1BC8CE60F82D85A723CDA3435920801F4D7292E2571649256A42F84046132,46,text_based,FORMAL,catalog/papers.csv; catalog/paper_files.csv; catalog/scale/g8_paper_status.csv,2026-09-02T21:54:06+08:00,primary,False,PAPER
CUMCM-2003-B-005,2003,B,2003年数学建模国赛真题+优秀论文/2003年优秀论文/2003B：露天矿生产的车辆安排(1).pdf,32B3E6759B9C7DEA213340A1A6159CE39859D45DF8C51B3CEC6E3D523A9571DF,7,text_based,FORMAL,catalog/papers.csv; catalog/paper_files.csv; catalog/scale/g8_paper_status.csv,2026-09-02T21:54:06+08:00,primary,True,PAPER
CUMCM-2012-D-010,2012,D,2012年数学建模国赛真题+优秀论文/2012年优秀论文/2012D：机器人避障问题 (1)/LINGO2.lg4,FACC8C016A6E7DDCEFF831A23098AE2F7A38CEA5BFFDA53526FE15CF3745BC28,,NOT_ANALYZED,FORMAL,catalog/papers.csv; catalog/paper_files.csv; catalog/scale/g8_paper_status.csv,2026-09-02T21:54:06+08:00,primary,True,SUPPORTING_MATERIAL
CUMCM-2012-D-011,2012,D,2012年数学建模国赛真题+优秀论文/2012年优秀论文/2012D：机器人避障问题 (1)/yykxlj.fig,55D17362CBAE9D771F6E9D986FFAFAB2AE541C55430BD4F7AFF8F9AAD87F70F7,,NOT_ANALYZED,FORMAL,catalog/papers.csv; catalog/paper_files.csv; catalog/scale/g8_paper_status.csv,2026-09-02T21:54:06+08:00,primary,True,SUPPORTING_MATERIAL
CUMCM-1997-A-003,1997,A,1997年数学建模国赛真题+优秀论文/1997年国赛优秀论文/1997A：零件参数设计的动态规划模型.pdf,08D62E763685DA10EEF005E18AEF377C380FDEBA3642A61A623308D4EFD3891B,5,image_based,FORMAL,catalog/papers.csv; catalog/paper_files.csv; catalog/scale/g8_paper_status.csv,2026-09-02T21:54:06+08:00,primary,True,PAPER
CUMCM-2014-B-002,2014,B,2014年数学建模国赛真题+优秀论文/2014优秀论文/2014B：创意平板折叠桌 (3)/附录.doc,031C47AF6F1C36DD7C5876644D229271D9D60165602583E17F38D1EC746B3A92,,NOT_ANALYZED,FORMAL,catalog/papers.csv; catalog/paper_files.csv; catalog/scale/g8_paper_status.csv,2026-09-02T21:54:06+08:00,primary,True,SUPPORTING_MATERIAL
CUMCM-2013-C-006,2013,C,2013年数学建模国赛真题+优秀论文/2013年国赛C题.doc,0E411E9D14E0BE50A2CA58ACFF06F7F3380368CBB5DF491A99F8D0DD606FC83C,,NOT_ANALYZED,FORMAL,catalog/papers.csv; catalog/paper_files.csv; catalog/scale/g8_paper_status.csv,2026-09-02T21:54:06+08:00,primary,True,PROBLEM_PACKAGE
CUMCM-2011-D-023,2011,D,2011年数学建模国赛真题+优秀论文/2011年优秀论文/2011D：天然肠衣搭配问题(1)/规格3步骤6.lg4,079240204C08146602C3404E1F495EE559A8AA73C10CFA07FEE9DBA066C64C6F,,NOT_ANALYZED,FORMAL,catalog/papers.csv; catalog/paper_files.csv; catalog/scale/g8_paper_status.csv,2026-09-02T21:54:06+08:00,primary,True,SUPPORTING_MATERIAL
CUMCM-2001-A-008,2001,A,2001年数学建模国赛真题+优秀论文/2001年国赛优秀论文/2001A：血管三维重建的问题A.pdf,1BDA1352B4F91D5D01A0154A63BAC28CA8765B1A811649E63A44F72E9966B5CE,5,text_based,FORMAL,catalog/papers.csv; catalog/paper_files.csv; catalog/scale/g8_paper_status.csv,2026-09-02T21:54:06+08:00,primary,True,PAPER
CUMCM-2011-A-005,2011,A,2011年数学建模国赛真题+优秀论文/2011年优秀论文/2011A：城市表层土壤重金属污染分析（3）.pdf,5CFE1213D56FE2D9AEF5F2A08FC9A3CAC379DD2DA7B1600D7BC7089979D6FDB3,29,text_based,FORMAL,catalog/papers.csv; catalog/paper_files.csv; catalog/scale/g8_paper_status.csv,2026-09-02T21:54:06+08:00,primary,True,PAPER
CUMCM-2009-A-002,2009,A,2009年数学建模国赛真题+优秀论文/2009年优秀论文/2009A：制动器试验台的控制方法分析 (2).pdf,8E58AF615344BEE7088741380D59380AE7A131888D64DE7442BA34C56F861290,17,text_based,FORMAL,catalog/papers.csv; catalog/paper_files.csv; catalog/scale/g8_paper_status.csv,2026-09-02T21:54:06+08:00,primary,True,PAPER
CUMCM-1996-A-006,1996,A,1996年数学建模国赛真题+优秀论文/1996年国赛优秀论文/1996A：最优捕鱼策略问题.pdf,473E0BCF96DBE6C460C8EAD73B66B6691E361BEBB504D08E94F02CCAE85ACDF3,6,image_based,FORMAL,catalog/papers.csv; catalog/paper_files.csv; catalog/scale/g8_paper_status.csv,2026-09-02T21:54:06+08:00,primary,True,PAPER
CUMCM-2020-C-001,2020,C,2020年数学建模国赛真题+优秀论文/2020年优秀论文/2020C：银行对中小微企业的信贷决策分析.pdf,C953C2E34D07E03C7F2EBBAC036E227969C4B73D4FF051EDFAB7A1A6267EE493,35,image_based,FORMAL,catalog/papers.csv; catalog/paper_files.csv; catalog/scale/g8_paper_status.csv,2026-09-02T21:54:06+08:00,primary,True,PAPER
CUMCM-2004-A-004,2004,A,2004年数学建模国赛真题+优秀论文/2004优秀论文/2004A：临时超市网点的规划模型研究.pdf,23EAAE1C120532672ACAAFFED2109297F7E899E671730D969A959253F4239AC7,7,image_based,FORMAL,catalog/papers.csv; catalog/paper_files.csv; catalog/scale/g8_paper_status.csv,2026-09-02T21:54:06+08:00,primary,True,PAPER
CUMCM-2011-D-024,2011,D,2011年数学建模国赛真题+优秀论文/2011年优秀论文/2011D：天然肠衣搭配问题(1)/LINGO5.lg4,CC1B654454C2E39DD3E7B53265BA5E4A3E7C44FC2DE6B38778164E56F816F7EC,,NOT_ANALYZED,FORMAL,catalog/papers.csv; catalog/paper_files.csv; catalog/scale/g8_paper_status.csv,2026-09-02T21:54:06+08:00,primary,True,SUPPORTING_MATERIAL
CUMCM-2004-A-005,2004,A,2004年数学建模国赛真题+优秀论文/2004优秀论文/2004A：MS网点的合理布局.pdf,D7E622D8FADDE8ED4435F6E61BCF2E2988BBC80CB93D4A8FEAE7130BC33F47FD,7,image_based,FORMAL,catalog/papers.csv; catalog/paper_files.csv; catalog/scale/g8_paper_status.csv,2026-09-02T21:54:06+08:00,primary,True,PAPER
CUMCM-2010-A-005,2010,A,2010年数学建模国赛真题+优秀论文/2010年优秀论文/2010A：储油罐的变位识别与罐容表标定 (2).pdf,69A3DE2F892D270E60065E24D46CC2BA9ED432F31B854B576D5B67CFFCA515BD,37,image_based,FORMAL,catalog/papers.csv; catalog/paper_files.csv; catalog/scale/g8_paper_status.csv,2026-09-02T21:54:06+08:00,primary,True,PAPER
CUMCM-2000-A-002,2000,A,2000年数学建模国赛真题+优秀论文/2000年国赛优秀论文/2000A：DNA序列分类的数学模型.pdf,AA35D645756CC6A9BDD408BB7B0FDE384D1B769E1D6A643A6239C20563687019,8,text_based,FORMAL,catalog/papers.csv; catalog/paper_files.csv; catalog/scale/g8_paper_status.csv,2026-09-02T21:54:06+08:00,primary,True,PAPER
CUMCM-2010-A-006,2010,A,2010年数学建模国赛真题+优秀论文/2010年优秀论文/2010A：基于数学建模的储油罐变形监测研究.pdf,0D7703872C94FE411CC0B15C5419C315668235DD5F98A89B1208DF173837C754,100,image_based,FORMAL,catalog/papers.csv; catalog/paper_files.csv; catalog/scale/g8_paper_status.csv,2026-09-02T21:54:06+08:00,primary,True,PAPER
CUMCM-2012-B-004,2012,B,2012年数学建模国赛真题+优秀论文/2012年优秀论文/2012B：太阳能小屋的设计 (3)/20121784.pdf,4F77564CCFC4B9D56403654EE6993F1AF6C9489DB428C15D4AF8DFC6517E97BE,18,text_based,FORMAL,catalog/papers.csv; catalog/paper_files.csv; catalog/scale/g8_paper_status.csv,2026-09-02T21:54:06+08:00,primary,False,PAPER
CUMCM-2002-A-007,2002,A,2002年数学建模国赛真题+优秀论文/2002年优秀论文/2002A：车灯灯丝长度优化设计的数学模型和数值模拟 (2).pdf,D09BBED38D6265E10D2F479C10D3C7188BC0901C21D51A633107531842DEBCDC,6,image_based,FORMAL,catalog/papers.csv; catalog/paper_files.csv; catalog/scale/g8_paper_status.csv,2026-09-02T21:54:06+08:00,primary,True,PAPER
CUMCM-2023-C-001,2023,C,2023年数学建模国赛真题+优秀论文/2023赛题/C题/C题.pdf,F94818A4F1D84D2AAAD2BCBFEB4A7047335A54DCCC3A5A632AC2264BCF3D89E5,,NOT_ANALYZED,FORMAL,catalog/papers.csv; catalog/paper_files.csv; catalog/scale/g8_paper_status.csv,2026-09-02T21:54:06+08:00,primary,True,PROBLEM_PACKAGE
CUMCM-2018-D-002,2018,D,2018年数学建模国赛真题+优秀论文/2018年优秀论文/2018D：确定汽车装配顺序问题的算法.pdf,6C59EBD3A2E07B948865071E545E26B1CA5985CD2D41249E10DB390268F4A378,61,text_based,FORMAL,catalog/papers.csv; catalog/paper_files.csv; catalog/scale/g8_paper_status.csv,2026-09-02T21:54:06+08:00,primary,True,PAPER
CUMCM-2025-B-001,2025,B,2025年数学建模国赛真题+优秀论文/2025年数学建模国赛真题！/B题/B题.pdf,B0B2CE649282C2D7063AF3C30AC9C0D931512DC86014D3147BC765D8F1C8CF87,,NOT_ANALYZED,FORMAL,catalog/papers.csv; catalog/paper_files.csv; catalog/scale/g8_paper_status.csv,2026-09-02T21:54:06+08:00,primary,True,NOT_IN_G8_STATUS
CUMCM-2011-D-025,2011,D,2011年数学建模国赛真题+优秀论文/2011年优秀论文/2011D：天然肠衣搭配问题(1)/二级降一级降级12.lg4,CE94DE25DC8EE2C0C1FD505FC25AB13A2905206DC9DC06F7FD841B76613C23AB,,NOT_ANALYZED,FORMAL,catalog/papers.csv; catalog/paper_files.csv; catalog/scale/g8_paper_status.csv,2026-09-02T21:54:06+08:00,primary,True,SUPPORTING_MATERIAL
CUMCM-2000-B-006,2000,B,2000年数学建模国赛真题+优秀论文/2000年国赛优秀论文/2000B：钢管的订购和运输.pdf,CC9509E9ACB2DC3135E9C37FF3240B82E0602930514B555881ABC41B023F6738,6,text_based,FORMAL,catalog/papers.csv; catalog/paper_files.csv; catalog/scale/g8_paper_status.csv,2026-09-02T21:54:06+08:00,primary,True,PAPER
CUMCM-2012-D-012,2012,D,2012年数学建模国赛真题+优秀论文/2012年优秀论文/2012D：机器人避障问题 (1)/OABCO.fig,1486FF8A1DC9BEA173836E0434E1B974484EE8E212E3431CB7C8D44094DC9078,,NOT_ANALYZED,FORMAL,catalog/papers.csv; catalog/paper_files.csv; catalog/scale/g8_paper_status.csv,2026-09-02T21:54:06+08:00,primary,True,SUPPORTING_MATERIAL
CUMCM-2004-B-005,2004,B,2004年数学建模国赛真题+优秀论文/2004优秀论文/2004B：电路模拟方法在数学建模中的应用.pdf,76B3F2C54167AC1F3A176F4771160B14FA1D7DE5013674031B08470EEBAAF598,6,image_based,FORMAL,catalog/papers.csv; catalog/paper_files.csv; catalog/scale/g8_paper_status.csv,2026-09-02T21:54:06+08:00,primary,True,PAPER
CUMCM-2014-D-003,2014,D,2014年数学建模国赛真题+优秀论文/2014优秀论文/2014D：储药槽的设计/D-储药槽的设计.doc,2C45B7888C43355B39D0BC01726D842D4744C55DC1E2F8AF829B7DB9D8D4AA35,,NOT_ANALYZED,FORMAL,catalog/papers.csv; catalog/paper_files.csv; catalog/scale/g8_paper_status.csv,2026-09-02T21:54:06+08:00,primary,True,PAPER
CUMCM-2011-D-026,2011,D,2011年数学建模国赛真题+优秀论文/2011年优秀论文/2011D：天然肠衣搭配问题(1)/方案2规格1.lg4,AB4604ADDED0E69ADF9067F0735192D1D5FF9970345E4C8A5FACA5F901E476A3,,NOT_ANALYZED,FORMAL,catalog/papers.csv; catalog/paper_files.csv; catalog/scale/g8_paper_status.csv,2026-09-02T21:54:06+08:00,primary,True,SUPPORTING_MATERIAL
CUMCM-2016-C-002,2016,C,2016年数学建模国赛真题+优秀论文/2016年赛题/2016年国赛C题.docx,138EEA50B468E989B8D99FD0FE679620B2EDCEA6565CD0DAA8551A7E1BFB6844,,NOT_ANALYZED,FORMAL,catalog/papers.csv; catalog/paper_files.csv; catalog/scale/g8_paper_status.csv,2026-09-02T21:54:06+08:00,primary,True,PROBLEM_PACKAGE
CUMCM-2014-D-D2202,2014,D,2014年数学建模国赛真题+优秀论文/2014优秀论文/2014D：储药槽的设计 (3)/D22022011_阎发静_周靖_杨峰.pdf,9E3E34F7E3E8DAFA6A6043EACF081E942E3A7576F47E2D238016403F904E4388,23,text_based,FORMAL,catalog/papers.csv; catalog/paper_files.csv; catalog/scale/g8_paper_status.csv,2026-09-02T21:54:06+08:00,primary,True,PAPER
CUMCM-2020-D-004,2020,D,2020年数学建模国赛真题+优秀论文/2020年优秀论文/2020D：基于梯度下降的决策树算法与非线性规划的信贷风险评估与信贷策略模型.pdf,BFB40F71E4E1376FE22E81E3BA77735046C7C8F0B37F3859E43AD90FA863EB30,77,image_based,FORMAL,catalog/papers.csv; catalog/paper_files.csv; catalog/scale/g8_paper_status.csv,2026-09-02T21:54:06+08:00,primary,True,PAPER
CUMCM-2004-B-006,2004,B,2004年数学建模国赛真题+优秀论文/2004优秀论文/2004B：电力市场的输电阻塞管理(2).pdf,5103243EFC135FBE41CFDA832DF26DA7F595B9DA2F98909C251CEA2D0C442285,8,image_based,FORMAL,catalog/papers.csv; catalog/paper_files.csv; catalog/scale/g8_paper_status.csv,2026-09-02T21:54:06+08:00,primary,True,PAPER
CUMCM-2001-B-005,2001,B,2001年数学建模国赛真题+优秀论文/2001年国赛优秀论文/2001B：公交车调度问题的数学模型.pdf,F983E991091A5AE70734083C0935DBBCC957F00DF44C6D3982D044A766A0ED53,6,text_based,FORMAL,catalog/papers.csv; catalog/paper_files.csv; catalog/scale/g8_paper_status.csv,2026-09-02T21:54:06+08:00,primary,True,PAPER
CUMCM-2013-A-002,2013,A,2013年数学建模国赛真题+优秀论文/2013年国赛A题.doc,77B0B76C1C041470790FBCC0B35700952FF4729D3D44CD8A6B9D686A6F1CA70F,,NOT_ANALYZED,FORMAL,catalog/papers.csv; catalog/paper_files.csv; catalog/scale/g8_paper_status.csv,2026-09-02T21:54:06+08:00,primary,True,PROBLEM_PACKAGE
CUMCM-2012-C-002,2012,C,2012年数学建模国赛真题+优秀论文/2012年赛题/2012年国赛C题提示.doc,B841FB57EC20155FC0F9C195C3384C8921B6189B5C5EC929C017FC02124EE6C7,,NOT_ANALYZED,FORMAL,catalog/papers.csv; catalog/paper_files.csv; catalog/scale/g8_paper_status.csv,2026-09-02T21:54:06+08:00,primary,True,PROBLEM_PACKAGE
CUMCM-2008-B-009,2008,B,2008年数学建模国赛真题+优秀论文/2008年优秀论文/2008B：《高等教育学费标准探讨》 (3).pdf,91454BF12F28EDF3E290E286F9A975680480265C4AE11933D4DF9A7398BB61D8,19,text_based,FORMAL,catalog/papers.csv; catalog/paper_files.csv; catalog/scale/g8_paper_status.csv,2026-09-02T21:54:06+08:00,primary,True,PAPER
CUMCM-2000-B-007,2000,B,2000年数学建模国赛真题+优秀论文/2000年国赛优秀论文/2000B：一类运输问题的建模1.pdf,2F646E3328A2AE7A98AAF84EB23BC9105A588A25EFF75C4E7F04FD8ABAB23E7A,6,text_based,FORMAL,catalog/papers.csv; catalog/paper_files.csv; catalog/scale/g8_paper_status.csv,2026-09-02T21:54:06+08:00,primary,True,PAPER
CUMCM-2013-B-002,2013,B,2013年数学建模国赛真题+优秀论文/2013年国赛B题.doc,AE7472B084C004862D31678DB00601D395372917142AC92565450A84CD72B125,,NOT_ANALYZED,FORMAL,catalog/papers.csv; catalog/paper_files.csv; catalog/scale/g8_paper_status.csv,2026-09-02T21:54:06+08:00,primary,True,PROBLEM_PACKAGE
CUMCM-2018-D-003,2018,D,2018年数学建模国赛真题+优秀论文/2018年优秀论文/2018D：汽车总装线配置方案.pdf,C0E72628B5A316E06775A381F15293B26D0888D5676F16BC17FB051E5307E992,28,text_based,FORMAL,catalog/papers.csv; catalog/paper_files.csv; catalog/scale/g8_paper_status.csv,2026-09-02T21:54:06+08:00,primary,True,PAPER
CUMCM-2011-D-027,2011,D,2011年数学建模国赛真题+优秀论文/2011年优秀论文/2011D：天然肠衣搭配问题(1)/规格2步骤21.lg4,E4F27DE3DCC77D9991DB2E53C9FAD9BC32329EA6D49568F0933976A46D7A28C9,,NOT_ANALYZED,FORMAL,catalog/papers.csv; catalog/paper_files.csv; catalog/scale/g8_paper_status.csv,2026-09-02T21:54:06+08:00,primary,True,SUPPORTING_MATERIAL
CUMCM-2014-C-006,2014,C,2014年数学建模国赛真题+优秀论文/2014优秀论文/2014C：生猪养殖场经营管理的研究 (2)/模型一.nb,245D600C4303A09D52B2B3DD94BA0C774E55048B4B07E9D726EEF153954E8B69,,NOT_ANALYZED,FORMAL,catalog/papers.csv; catalog/paper_files.csv; catalog/scale/g8_paper_status.csv,2026-09-02T21:54:06+08:00,primary,True,SUPPORTING_MATERIAL
CUMCM-2012-B-005,2012,B,2012年数学建模国赛真题+优秀论文/2012年优秀论文/2012B：太阳能小屋的设计 (5)/基于递归算法的建筑外表面光伏电池布局优化分析与设计.doc,4357F1EB1DA91D0C65923D25AB6218F234C9F123A221DED8EE6318ECEC53CC05,,NOT_ANALYZED,FORMAL,catalog/papers.csv; catalog/paper_files.csv; catalog/scale/g8_paper_status.csv,2026-09-02T21:54:06+08:00,primary,True,PAPER
CUMCM-2009-D-001,2009,D,2009年数学建模国赛真题+优秀论文/2009年赛题/2009年国赛D题.doc,D93C170152DD47A581E2D91246BCD744CBADA715EAE692E44FDB01D80D039488,,NOT_ANALYZED,FORMAL,catalog/papers.csv; catalog/paper_files.csv; catalog/scale/g8_paper_status.csv,2026-09-02T21:54:06+08:00,primary,True,PROBLEM_PACKAGE
CUMCM-2010-B-003,2010,B,2010年数学建模国赛真题+优秀论文/2010年优秀论文/2010B：对上海世博会文化影响力的定量评估.pdf,1ED4643567C104D6041EEB982EE6848A57D779DDB9BC319424E82BA6E95AD764,25,text_based,FORMAL,catalog/papers.csv; catalog/paper_files.csv; catalog/scale/g8_paper_status.csv,2026-09-02T21:54:06+08:00,primary,True,PAPER
CUMCM-2023-D-001,2023,D,2023年数学建模国赛真题+优秀论文/2023赛题/D题.pdf,84BECDE14B9888994B23BFF923DB0C077733E8BAE330958A45A82785058B2CD0,,NOT_ANALYZED,FORMAL,catalog/papers.csv; catalog/paper_files.csv; catalog/scale/g8_paper_status.csv,2026-09-02T21:54:06+08:00,primary,True,PROBLEM_PACKAGE
CUMCM-2005-C-003,2005,C,2005年数学建模国赛真题+优秀论文/2005年赛题/2005年国赛C题.doc,BB8BCB8677F41F31C37BD1717BB8B076331ECC2BA90AA28592D0792E7AFE3B78,,NOT_ANALYZED,FORMAL,catalog/papers.csv; catalog/paper_files.csv; catalog/scale/g8_paper_status.csv,2026-09-02T21:54:06+08:00,primary,True,PROBLEM_PACKAGE
CUMCM-2005-A-002,2005,A,2005年数学建模国赛真题+优秀论文/2005年国赛优秀论文/2005A：基于回归分析的长江水质预测与控制.pdf,57A42DA17752D25A81D08F67DB6C47AC5EB3EE26FB6F77EBD3952C5A6CAF2D4D,6,text_based,FORMAL,catalog/papers.csv; catalog/paper_files.csv; catalog/scale/g8_paper_status.csv,2026-09-02T21:54:06+08:00,primary,True,PAPER
CUMCM-2000-D-002,2000,D,2000年数学建模国赛真题+优秀论文/2000年国赛优秀论文/2000D：空洞探测问题及有关情况.pdf,596EA1C71B52E148BD9C187C5E6B55C6C0286D7A3CCDC8281D595FE2686DE3FD,3,text_based,FORMAL,catalog/papers.csv; catalog/paper_files.csv; catalog/scale/g8_paper_status.csv,2026-09-02T21:54:06+08:00,primary,True,PAPER
CUMCM-2001-B-006,2001,B,2001年数学建模国赛真题+优秀论文/2001年国赛优秀论文/2001B：公交车调度.pdf,230B17BEA31423FAF14C1B6789005A24298DDE71181C0E097C49626590B9FF66,6,text_based,FORMAL,catalog/papers.csv; catalog/paper_files.csv; catalog/scale/g8_paper_status.csv,2026-09-02T21:54:06+08:00,primary,True,PAPER
CUMCM-2005-C-004,2005,C,2005年数学建模国赛真题+优秀论文/2005年国赛优秀论文/2005C：雨量预报方法的评价模型.pdf,FD068FDBA017130A32760B4EAF2BD23EC4A4947D808960877231C74FF31DEB4C,6,text_based,FORMAL,catalog/papers.csv; catalog/paper_files.csv; catalog/scale/g8_paper_status.csv,2026-09-02T21:54:06+08:00,primary,True,PAPER
CUMCM-2011-D-028,2011,D,2011年数学建模国赛真题+优秀论文/2011年优秀论文/2011D：天然肠衣搭配问题(1)/规格2步骤22.lg4,611866D6A029D8AF302C838762C036EC6AAB53D22AC434AC0B8A5E28A20C4079,,NOT_ANALYZED,FORMAL,catalog/papers.csv; catalog/paper_files.csv; catalog/scale/g8_paper_status.csv,2026-09-02T21:54:06+08:00,primary,True,SUPPORTING_MATERIAL
CUMCM-2002-A-008,2002,A,2002年数学建模国赛真题+优秀论文/2002年优秀论文/2002A：关于“车灯线光源的优化设计”问题的光学思路.pdf,9EE3BC47014B395358680DB98AAB34ABFACC80F6FA12D40BC8C252DC9D221519,3,text_based,FORMAL,catalog/papers.csv; catalog/paper_files.csv; catalog/scale/g8_paper_status.csv,2026-09-02T21:54:06+08:00,primary,True,PAPER
CUMCM-2008-D-002,2008,D,2008年数学建模国赛真题+优秀论文/2008年赛题/2008年国赛D题.doc,6BD1B2DAE411400F98C85376855AF1419BDB9D6C0D2A24DDF5F581B37A97F027,,NOT_ANALYZED,FORMAL,catalog/papers.csv; catalog/paper_files.csv; catalog/scale/g8_paper_status.csv,2026-09-02T21:54:06+08:00,primary,True,PROBLEM_PACKAGE
CUMCM-2010-D-002,2010,D,2010年数学建模国赛真题+优秀论文/2010年优秀论文/2010D：对学生宿舍设计方案的评价 (2).pdf,6BEA2106138EFF593DD0979E6220BBCE06BCB26F816DF4378422DE178F397AFE,13,text_based,FORMAL,catalog/papers.csv; catalog/paper_files.csv; catalog/scale/g8_paper_status.csv,2026-09-02T21:54:06+08:00,primary,True,PAPER
CUMCM-2006-B-002,2006,B,2006年数学建模国赛真题+优秀论文/2006年优秀论文/2006B：艾滋病药物治疗的研究.pdf,E5A0B83765C71A9DC7620D68C3DE4CE6468DCF5EB9C83AB38DD2D85B6159F714,17,text_based,FORMAL,catalog/papers.csv; catalog/paper_files.csv; catalog/scale/g8_paper_status.csv,2026-09-02T21:54:06+08:00,primary,True,PAPER
CUMCM-2011-C-001,2011,C,2011年数学建模国赛真题+优秀论文/2011年赛题/2011年国赛C题.doc,25C0E1D7FE7FB42FF862C0F1CE0A5EF0FC43095B314630069B6FFEE3E4774D5A,,NOT_ANALYZED,FORMAL,catalog/papers.csv; catalog/paper_files.csv; catalog/scale/g8_paper_status.csv,2026-09-02T21:54:06+08:00,primary,True,PROBLEM_PACKAGE
CUMCM-2013-C-007,2013,C,2013年数学建模国赛真题+优秀论文/2013C：古塔的变形/pingmiannihe.asv,8E91C1FD5BF92F7CFBFE09081410208D110481B809D139253D3A0FA370D863E2,,NOT_ANALYZED,FORMAL,catalog/papers.csv; catalog/paper_files.csv; catalog/scale/g8_paper_status.csv,2026-09-02T21:54:06+08:00,primary,True,SUPPORTING_MATERIAL
CUMCM-2004-C-001,2004,C,2004年数学建模国赛真题+优秀论文/2004年赛题/2004年国赛C题.doc,7721F9B2C92734652326DFA8C454202CB5E3EE341A805B3D03A6ACCA3DF04435,,NOT_ANALYZED,FORMAL,catalog/papers.csv; catalog/paper_files.csv; catalog/scale/g8_paper_status.csv,2026-09-02T21:54:06+08:00,primary,True,PROBLEM_PACKAGE
CUMCM-2008-D-003,2008,D,2008年数学建模国赛真题+优秀论文/2008年优秀论文/2008D：《NBA赛程的分析与评价》 (3).pdf,3AF5BEA0275D01BD81D53D6570C5EB573671CC31F445C7C6B430E38906C6363C,18,text_based,FORMAL,catalog/papers.csv; catalog/paper_files.csv; catalog/scale/g8_paper_status.csv,2026-09-02T21:54:06+08:00,primary,True,PAPER
CUMCM-2016-A-003,2016,A,2016年数学建模国赛真题+优秀论文/2016年优秀论文/2016A：基于极值系泊系统设计 (5).pdf,0AE8DC792DEC17F18DE3F2F6A060DD2DA71CD3C96AD4B8EF628822DD66E2C81D,44,text_based,FORMAL,catalog/papers.csv; catalog/paper_files.csv; catalog/scale/g8_paper_status.csv,2026-09-02T21:54:06+08:00,primary,True,PAPER
CUMCM-2018-B-001,2018,B,2018年数学建模国赛真题+优秀论文/2018年优秀论文/2018B：RGV 的动态调度优化问题.pdf,DD2FAA6CFD84373FF40963D1AD1C7DECED7A97878AAFA146FF287F6246E00D17,29,mixed,FORMAL,catalog/papers.csv; catalog/paper_files.csv; catalog/scale/g8_paper_status.csv,2026-09-02T21:54:06+08:00,primary,True,PAPER
CUMCM-1999-A-003,1999,A,1999年数学建模国赛真题+优秀论文/1999年国赛优秀论文/1999A：自动化车床管理（1）.pdf,47992C0891E70AB44181B6C7CFD63FAC6FFEE78B9BC3399188D1AD69A5396489,6,text_based,FORMAL,catalog/papers.csv; catalog/paper_files.csv; catalog/scale/g8_paper_status.csv,2026-09-02T21:54:06+08:00,primary,True,PAPER
CUMCM-2003-B-006,2003,B,2003年数学建模国赛真题+优秀论文/2003年优秀论文/2003B：露天矿生产的车辆安排 (2).pdf,C74FDA2CAA006A8E7C1B6DAED017029A4E24032C9FEFE8F415A328FE44E38EAF,7,image_based,FORMAL,catalog/papers.csv; catalog/paper_files.csv; catalog/scale/g8_paper_status.csv,2026-09-02T21:54:06+08:00,primary,True,PAPER
CUMCM-1998-B-002,1998,B,1998年数学建模国赛真题+优秀论文/1998年国赛优秀论文/1998B：灾情巡视路线最优解的证明.pdf,AEA77C1928F637D91DEE5F427617A3930BAAC6EFD41FE5560427E03531CBC457,4,text_based,FORMAL,catalog/papers.csv; catalog/paper_files.csv; catalog/scale/g8_paper_status.csv,2026-09-02T21:54:06+08:00,primary,True,PAPER
CUMCM-2001-A-009,2001,A,2001年数学建模国赛真题+优秀论文/2001年国赛优秀论文/2001A：血管切片的三维重建 (2).pdf,81DEAC31BCAB1054F91AC5F9E82EF8628921F39F470091C0FA392AD82F33E3DF,6,text_based,FORMAL,catalog/papers.csv; catalog/paper_files.csv; catalog/scale/g8_paper_status.csv,2026-09-02T21:54:06+08:00,primary,True,PAPER
CUMCM-1995-A-005,1995,A,1995年数学建模国赛真题+优秀论文/1995年国赛优秀论文/1995A：飞行管理问题约束条件的线性化.pdf,249D8D8BA11D56A83FAC428575A64143298D10BF2C7F071326F4E9EDAD89E873,3,image_based,FORMAL,catalog/papers.csv; catalog/paper_files.csv; catalog/scale/g8_paper_status.csv,2026-09-02T21:54:06+08:00,primary,True,PAPER
CUMCM-2015-A-003,2015,A,2015年数学建模国赛真题+优秀论文/2015年优秀论文/2015A：太阳影子定位 (2).pdf,FC454F4CFAA4954CA17102D39CFA948733FE649D006CFF8C1DAD4B8FADDB809F,,NOT_ANALYZED,FORMAL,catalog/papers.csv; catalog/paper_files.csv; catalog/scale/g8_paper_status.csv,2026-09-02T21:54:06+08:00,primary,True,NOT_IN_G8_STATUS
CUMCM-2017-D-002,2017,D,2017年数学建模国赛真题+优秀论文/2017年赛题/2017年国赛D题.docx,D93035A8655B15C13C1FBB2E4B6EBF888C2B3F45F94ACB058944A0003C6643B7,,NOT_ANALYZED,FORMAL,catalog/papers.csv; catalog/paper_files.csv; catalog/scale/g8_paper_status.csv,2026-09-02T21:54:06+08:00,primary,True,PROBLEM_PACKAGE
CUMCM-2006-B-003,2006,B,2006年数学建模国赛真题+优秀论文/2006年优秀论文/2006B：艾滋病疗法的评价及疗效的预测（2）.pdf,3E09A80A11C3330E8F410E47E398E02E2E9BE207C8B6BB88AAEEDE8883FE0FB2,29,text_based,FORMAL,catalog/papers.csv; catalog/paper_files.csv; catalog/scale/g8_paper_status.csv,2026-09-02T21:54:06+08:00,primary,True,PAPER
CUMCM-1992-A-001,1992,A,1992年数学建模国赛优秀论文/1992年A题优秀论文③ 施肥效果分析.pdf,F784800B2EE0929904DA04B05C302B0E68D299A70818956AB615EE8D98DD6F2B,1,text_based,FORMAL,catalog/papers.csv; catalog/paper_files.csv; catalog/scale/g8_paper_status.csv,2026-09-02T21:54:06+08:00,primary,True,PAPER
CUMCM-2017-B-004,2017,B,2017年数学建模国赛真题+优秀论文/2017年优秀论文/2017B：“拍照赚钱”的任务定价 (6).pdf,D5FF068F7AB3C1568BB42C34C89B699211C32C6401F9DC92141CFCD72391F91F,25,text_based,FORMAL,catalog/papers.csv; catalog/paper_files.csv; catalog/scale/g8_paper_status.csv,2026-09-02T21:54:06+08:00,primary,True,PAPER
CUMCM-2004-B-007,2004,B,2004年数学建模国赛真题+优秀论文/2004优秀论文/2004B：电力市场输电阻塞管理模型.pdf,80C165D41813DD37BA50E4E7C172F4B9ED6FA162C0D2C5D885421E5B52209DDA,8,image_based,FORMAL,catalog/papers.csv; catalog/paper_files.csv; catalog/scale/g8_paper_status.csv,2026-09-02T21:54:06+08:00,primary,True,PAPER
CUMCM-2014-D-004,2014,D,2014年数学建模国赛真题+优秀论文/2014优秀论文/2014D：储药槽的设计/Q2_best.fig,9625ED405C01A62BC222F3CF248FD0CBDA023D3CD7F4561CBBC28F40EB07C7D4,,NOT_ANALYZED,FORMAL,catalog/papers.csv; catalog/paper_files.csv; catalog/scale/g8_paper_status.csv,2026-09-02T21:54:06+08:00,primary,True,SUPPORTING_MATERIAL
CUMCM-2009-B-003,2009,B,2009年数学建模国赛真题+优秀论文/2009年优秀论文/2009B：基于蒙特卡洛模拟的眼科病床安排排队模型.pdf,DE41E612717B5E37C9D393899924C0BD62F2304121B0177F83C91CA9827FC094,20,text_based,FORMAL,catalog/papers.csv; catalog/paper_files.csv; catalog/scale/g8_paper_status.csv,2026-09-02T21:54:06+08:00,primary,True,PAPER
CUMCM-1997-A-004,1997,A,1997年数学建模国赛真题+优秀论文/1997年国赛优秀论文/1997A：零件的参数设计（4）.pdf,DDABD484517E29DC6185E04122B7473D4E1BD93905D8256E203FFD0F68846701,6,image_based,FORMAL,catalog/papers.csv; catalog/paper_files.csv; catalog/scale/g8_paper_status.csv,2026-09-02T21:54:06+08:00,primary,True,PAPER
CUMCM-2016-A-004,2016,A,2016年数学建模国赛真题+优秀论文/2016年优秀论文/2016A：基于极值系泊系统设计 (2).pdf,20F72872C499F57A38E7D0121C98C270A4C1E518C399DE506F69928F45A86EF9,37,text_based,FORMAL,catalog/papers.csv; catalog/paper_files.csv; catalog/scale/g8_paper_status.csv,2026-09-02T21:54:06+08:00,primary,True,PAPER
CUMCM-2002-A-009,2002,A,2002年数学建模国赛真题+优秀论文/2002年优秀论文/2002A：车灯灯丝长度优化设计的数学模型和数值模拟.pdf,B5217584F6B1DB53C1F4013BD7582A69B99EF6CBF3C3F7177FFC478443E5A024,6,text_based,FORMAL,catalog/papers.csv; catalog/paper_files.csv; catalog/scale/g8_paper_status.csv,2026-09-02T21:54:06+08:00,primary,True,PAPER
CUMCM-2020-B-004,2020,B,2020年数学建模国赛真题+优秀论文/2020年优秀论文/2020B：穿越沙漠游戏下玩家的最优策略模型.pdf,15D8BBCDC619EDFC18DADD681AA8349DCC56F19344370E3B2DEBE30EDCD7A04B,34,image_based,FORMAL,catalog/papers.csv; catalog/paper_files.csv; catalog/scale/g8_paper_status.csv,2026-09-02T21:54:06+08:00,primary,True,PAPER
CUMCM-2016-D-003,2016,D,2016年数学建模国赛真题+优秀论文/2016年优秀论文/2016D：风电场运行状况分析及维护计划优化 (3).pdf,6C820E1039671B5C6B5E739CDE208CCDA3A91779D72837318608AFA843FBF61B,24,text_based,FORMAL,catalog/papers.csv; catalog/paper_files.csv; catalog/scale/g8_paper_status.csv,2026-09-02T21:54:06+08:00,primary,True,PAPER
CUMCM-2012-C-003,2012,C,2012年数学建模国赛真题+优秀论文/2012年优秀论文/2012C：脑卒中发病环境因素分析及干预 (2).doc,D3FCC8E0989C76486CBB665FBAC51F584EE1D8442012EFB49D6A50E3B45F2212,,NOT_ANALYZED,FORMAL,catalog/papers.csv; catalog/paper_files.csv; catalog/scale/g8_paper_status.csv,2026-09-02T21:54:06+08:00,primary,True,PAPER
CUMCM-1995-A-006,1995,A,1995年数学建模国赛真题+优秀论文/1995年国赛优秀论文/1995A：飞行管理模型的能量梯度求解法.pdf,17F52641182DCB02A799F969FE7374B339BEC2933894F05438DDB76A9380160D,5,image_based,FORMAL,catalog/papers.csv; catalog/paper_files.csv; catalog/scale/g8_paper_status.csv,2026-09-02T21:54:06+08:00,primary,True,PAPER
CUMCM-2005-A-003,2005,A,2005年数学建模国赛真题+优秀论文/2005年国赛优秀论文/2005A：长江水质的评价和预测.pdf,27B1D68EFF81F79FCD3DEDC31C5D4020D1D2CE42D541837283493558C52DE507,9,text_based,FORMAL,catalog/papers.csv; catalog/paper_files.csv; catalog/scale/g8_paper_status.csv,2026-09-02T21:54:06+08:00,primary,True,PAPER
CUMCM-2014-A-002,2014,A,2014年数学建模国赛真题+优秀论文/2014优秀论文/2014A：嫦娥三号软着陆轨道设计与控制策略 (3)/精粗避障阶段图.doc,4A18837E8106AC2840255C9F6B6EC17E57192AF737B8A514D3DBA043A2B34F6F,,NOT_ANALYZED,FORMAL,catalog/papers.csv; catalog/paper_files.csv; catalog/scale/g8_paper_status.csv,2026-09-02T21:54:06+08:00,primary,True,SUPPORTING_MATERIAL
CUMCM-2012-A-002,2012,A,2012年数学建模国赛真题+优秀论文/2012年优秀论文/2012A：葡萄酒的评价/hdjco.sas,C1B68525F0469052272206CE370AF45CEBCBEE7272E32E84E2AF439B3974C3B2,,NOT_ANALYZED,FORMAL,catalog/papers.csv; catalog/paper_files.csv; catalog/scale/g8_paper_status.csv,2026-09-02T21:54:06+08:00,primary,True,SUPPORTING_MATERIAL
CUMCM-2011-D-029,2011,D,2011年数学建模国赛真题+优秀论文/2011年优秀论文/2011D：天然肠衣搭配问题(1)/规格3步骤29.lg4,9D2DD97FBE251F94E0A2B0E3AD76467237638139B6402C54B3D6F66BA3EF6DBE,,NOT_ANALYZED,FORMAL,catalog/papers.csv; catalog/paper_files.csv; catalog/scale/g8_paper_status.csv,2026-09-02T21:54:06+08:00,primary,True,SUPPORTING_MATERIAL
CUMCM-2001-B-007,2001,B,2001年数学建模国赛真题+优秀论文/2001年国赛优秀论文/2001B：公交车调度问题的研究.pdf,044F8116300A68D7DD1EB481A9F8C2A2717981DE03A8463C5233D038054A6CBD,8,text_based,FORMAL,catalog/papers.csv; catalog/paper_files.csv; catalog/scale/g8_paper_status.csv,2026-09-02T21:54:06+08:00,primary,True,PAPER
CUMCM-2016-A-005,2016,A,2016年数学建模国赛真题+优秀论文/2016年优秀论文/2016A：基于极值系泊系统设计 (4).pdf,60A24DC1D9D5C453DA3966CBE5A53EEBA73E5190145ED3518EBDFA98A59FB062,46,text_based,FORMAL,catalog/papers.csv; catalog/paper_files.csv; catalog/scale/g8_paper_status.csv,2026-09-02T21:54:06+08:00,primary,True,PAPER
CUMCM-2011-A-006,2011,A,2011年数学建模国赛真题+优秀论文/2011年优秀论文/2011A：城市表层土壤重金属污染分析（4）.pdf,2582B807804D7C7439C506F7EE2AF21F85C13832FB317512FC6ED80AA13AF3FC,25,mixed,FORMAL,catalog/papers.csv; catalog/paper_files.csv; catalog/scale/g8_paper_status.csv,2026-09-02T21:54:06+08:00,primary,True,PAPER
CUMCM-2015-A-004,2015,A,2015年数学建模国赛真题+优秀论文/2015年优秀论文/2015A：太阳影子定位 (6).pdf,61471733A48208E30A4521BEFA637ABB1EEB706A4F30DFA5EF6133804454FF47,,NOT_ANALYZED,FORMAL,catalog/papers.csv; catalog/paper_files.csv; catalog/scale/g8_paper_status.csv,2026-09-02T21:54:06+08:00,primary,True,NOT_IN_G8_STATUS
CUMCM-2017-C-002,2017,C,2017年数学建模国赛真题+优秀论文/2017年优秀论文/2017C：颜色与物质浓度辨识 (1).pdf,B543E24FF72DA0C5485C2449063691A19DF66D6DEBF23180D2E7831FC41279B7,31,text_based,FORMAL,catalog/papers.csv; catalog/paper_files.csv; catalog/scale/g8_paper_status.csv,2026-09-02T21:54:06+08:00,primary,True,PAPER
CUMCM-2016-B-003,2016,B,2016年数学建模国赛真题+优秀论文/2016年优秀论文/2016B：小区开放道路通行影响 (4).pdf,705BA4CBBADCE1FE6645ACBDEF26961E5F7E184322058311BB5B37F5C1452478,30,text_based,FORMAL,catalog/papers.csv; catalog/paper_files.csv; catalog/scale/g8_paper_status.csv,2026-09-02T21:54:06+08:00,primary,True,PAPER
CUMCM-2019-A-002,2019,A,2019年数学建模国赛真题+优秀论文/2019年优秀论文/2019A：高压油管的压强控制.pdf,805217EE3A78EDFF4799F1DE969E4C05FAECEDEBBEC807AFBADB03265C1273FD,40,image_based,FORMAL,catalog/papers.csv; catalog/paper_files.csv; catalog/scale/g8_paper_status.csv,2026-09-02T21:54:06+08:00,primary,True,PAPER
CUMCM-2011-D-030,2011,D,2011年数学建模国赛真题+优秀论文/2011年优秀论文/2011D：天然肠衣搭配问题(1)/规格3步骤4.lg4,E28F85CDD5DB4B6B2544FC7B926347735D63DBE74033F1C856D6B24ECCD91165,,NOT_ANALYZED,FORMAL,catalog/papers.csv; catalog/paper_files.csv; catalog/scale/g8_paper_status.csv,2026-09-02T21:54:06+08:00,primary,True,SUPPORTING_MATERIAL
CUMCM-2009-C-003,2009,C,2009年数学建模国赛真题+优秀论文/2009年优秀论文/2009C：卫星和飞船的跟踪测控模型.pdf,DFF5FF5A382813FE9B15E55FC9B5F1756872B7D61F16378B576CE763EBE6D867,11,image_based,FORMAL,catalog/papers.csv; catalog/paper_files.csv; catalog/scale/g8_paper_status.csv,2026-09-02T21:54:06+08:00,primary,True,PAPER
CUMCM-1998-B-003,1998,B,1998年数学建模国赛真题+优秀论文/1998年国赛优秀论文/1998B：灾情巡视的最佳路线.pdf,196EAF403EC3725632273A716DD2D9A4EABF8D108FFA44730D57631A553B117D,5,text_based,FORMAL,catalog/papers.csv; catalog/paper_files.csv; catalog/scale/g8_paper_status.csv,2026-09-02T21:54:06+08:00,primary,True,PAPER
CUMCM-2002-B-005,2002,B,2002年数学建模国赛真题+优秀论文/2002年优秀论文/2002B：彩票中的数学.pdf,FA279E682B35EA23D320073F6818B6DA538A4AE5BC86B6D86A0D384FE8E6A06F,7,text_based,FORMAL,catalog/papers.csv; catalog/paper_files.csv; catalog/scale/g8_paper_status.csv,2026-09-02T21:54:06+08:00,primary,True,PAPER
CUMCM-2011-A-007,2011,A,2011年数学建模国赛真题+优秀论文/2011年优秀论文/2011A：城市表层土壤重金属污染分析（5）.pdf,F5AFFBB6F8AA0323F3452708D2F16470293AB43E52CF1A7899DFF51F205F5FC3,21,text_based,FORMAL,catalog/papers.csv; catalog/paper_files.csv; catalog/scale/g8_paper_status.csv,2026-09-02T21:54:06+08:00,primary,True,PAPER
CUMCM-1996-B-001,1996,B,1996年数学建模国赛真题+优秀论文/1996年国赛优秀论文/1996B：节水洗衣机问题数学建模及若干评注.pdf,6EF9201798BF3E216638A2B044038F05712CE4507B9E00192554895DC96D4278,5,text_based,FORMAL,catalog/papers.csv; catalog/paper_files.csv; catalog/scale/g8_paper_status.csv,2026-09-02T21:54:06+08:00,primary,True,PAPER
CUMCM-2011-D-031,2011,D,2011年数学建模国赛真题+优秀论文/2011年优秀论文/2011D：天然肠衣搭配问题(1)/规格2步骤23.lg4,2396AB188069C78463944345D0CA7E66542CC8CBA134655645BA83766549CF0A,,NOT_ANALYZED,FORMAL,catalog/papers.csv; catalog/paper_files.csv; catalog/scale/g8_paper_status.csv,2026-09-02T21:54:06+08:00,primary,True,SUPPORTING_MATERIAL
CUMCM-2004-B-008,2004,B,2004年数学建模国赛真题+优秀论文/2004年赛题/2004年国赛B题.doc,CBD704CE79F8A16036B0481EC1044BD2418DBED0251546C3AC37EB2565D99806,,NOT_ANALYZED,FORMAL,catalog/papers.csv; catalog/paper_files.csv; catalog/scale/g8_paper_status.csv,2026-09-02T21:54:06+08:00,primary,True,PROBLEM_PACKAGE
CUMCM-2008-D-004,2008,D,2008年数学建模国赛真题+优秀论文/2008年优秀论文/2008D：《NBA赛程的分析与评价》.pdf,FF98577611810052296A7FF2B879A4F03C82E7CE8FFDF5CA713DEAA261D67124,31,text_based,FORMAL,catalog/papers.csv; catalog/paper_files.csv; catalog/scale/g8_paper_status.csv,2026-09-02T21:54:06+08:00,primary,True,PAPER
CUMCM-1995-A-007,1995,A,1995年数学建模国赛真题+优秀论文/1995年国赛优秀论文/1995A：飞行管理问题答卷评述.pdf,54A11CF48AE68C35804EF9F44320C3EA2CCBD828CFE8B8946DFDE07C2D87A75E,2,image_based,FORMAL,catalog/papers.csv; catalog/paper_files.csv; catalog/scale/g8_paper_status.csv,2026-09-02T21:54:06+08:00,primary,True,PAPER
CUMCM-2017-B-005,2017,B,2017年数学建模国赛真题+优秀论文/2017年优秀论文/2017B：“拍照赚钱”的任务定价 (1).pdf,0399FF482573C91755201A82F9DDC12DBB2039254D51B79C86D33F2E019DF16E,28,text_based,FORMAL,catalog/papers.csv; catalog/paper_files.csv; catalog/scale/g8_paper_status.csv,2026-09-02T21:54:06+08:00,primary,True,PAPER
CUMCM-1999-A-004,1999,A,1999年数学建模国赛真题+优秀论文/1999年国赛优秀论文/1999A：最优刀具更换周期上界_检查间隔下界的证明.pdf,9B830266F4804B7CEF28C16E2462E58E9571704120A4AD0A63E286614E04DAF6,5,text_based,FORMAL,catalog/papers.csv; catalog/paper_files.csv; catalog/scale/g8_paper_status.csv,2026-09-02T21:54:06+08:00,primary,True,PAPER
CUMCM-2008-A-004,2008,A,2008年数学建模国赛真题+优秀论文/2008年优秀论文/2008A：《数码相机相对位置定位方法》.pdf,60E7499C28CB9250E93CF737DE9B452C80793472ABFED53E6C5FED369249D7A3,18,text_based,FORMAL,catalog/papers.csv; catalog/paper_files.csv; catalog/scale/g8_paper_status.csv,2026-09-02T21:54:06+08:00,primary,True,PAPER
CUMCM-2018-A-004,2018,A,2018年数学建模国赛真题+优秀论文/2018年赛题/2018年国赛A题.docx,F9CC25BC676020073498A68FBAE077F04BD9A7EF3E97E683AE27CBC0947EE02F,,NOT_ANALYZED,FORMAL,catalog/papers.csv; catalog/paper_files.csv; catalog/scale/g8_paper_status.csv,2026-09-02T21:54:06+08:00,primary,True,PROBLEM_PACKAGE
CUMCM-2011-D-032,2011,D,2011年数学建模国赛真题+优秀论文/2011年优秀论文/2011D：天然肠衣搭配问题(1)/三级降二级降级23.lg4,DB003ACAAB5B7FD09147D3A12F953689BB51AC45DB88E0893BBEDC32361DDCB0,,NOT_ANALYZED,FORMAL,catalog/papers.csv; catalog/paper_files.csv; catalog/scale/g8_paper_status.csv,2026-09-02T21:54:06+08:00,primary,True,SUPPORTING_MATERIAL
CUMCM-2007-B-006,2007,B,2007年数学建模国赛真题+优秀论文/2007年优秀论文/2007B：《公交查询系统的最佳乘车方案研究与设计》.pdf,73857127F8E496EFAF5270EAE9967E5C14EF024539D4976E6577A8B57F118696,41,text_based,FORMAL,catalog/papers.csv; catalog/paper_files.csv; catalog/scale/g8_paper_status.csv,2026-09-02T21:54:06+08:00,primary,True,PAPER
CUMCM-2009-C-004,2009,C,2009年数学建模国赛真题+优秀论文/2009年优秀论文/2009C：卫星和飞船的跟踪测控.pdf,3D1D1C7DD22CE32C427C9D8446F36CDB9791113C8B8EC7B3C9CE847A17DAB09B,18,image_based,FORMAL,catalog/papers.csv; catalog/paper_files.csv; catalog/scale/g8_paper_status.csv,2026-09-02T21:54:06+08:00,primary,True,PAPER
CUMCM-2006-B-004,2006,B,2006年数学建模国赛真题+优秀论文/2006年优秀论文/2006B：艾滋病疗法的评价及疗效的预测.pdf,DD31E04056200D18830B0CF84E7ACD5B2A4E51A769C3E645B6A8A67AC08368DE,24,text_based,FORMAL,catalog/papers.csv; catalog/paper_files.csv; catalog/scale/g8_paper_status.csv,2026-09-02T21:54:06+08:00,primary,True,PAPER
CUMCM-2005-B-006,2005,B,2005年数学建模国赛真题+优秀论文/2005年国赛优秀论文/2005B：DVD在线租赁业务中的数学模型.pdf,D4E3BB3EF9EF885429E43413401CD7A28AE46D4E2BC29C08DD98FA8C39CEEC71,4,text_based,FORMAL,catalog/papers.csv; catalog/paper_files.csv; catalog/scale/g8_paper_status.csv,2026-09-02T21:54:06+08:00,primary,True,PAPER
CUMCM-2005-A-004,2005,A,2005年数学建模国赛真题+优秀论文/2005年国赛优秀论文/2005A：水质的评价和预测模型.pdf,FE254AD18F2480EE95CEFF0A7D1BC833EDA5920305C942DFFD632BE556024B04,6,text_based,FORMAL,catalog/papers.csv; catalog/paper_files.csv; catalog/scale/g8_paper_status.csv,2026-09-02T21:54:06+08:00,primary,True,PAPER
CUMCM-2008-B-010,2008,B,2008年数学建模国赛真题+优秀论文/2008年优秀论文/2008B：《基于BP神经网络的我国高等教育学费模型研究》.pdf,45AE15568B5842ECEAB6A21D3730CE7FE9CE9783AD737020D2CEA3DF8D9280B1,30,text_based,FORMAL,catalog/papers.csv; catalog/paper_files.csv; catalog/scale/g8_paper_status.csv,2026-09-02T21:54:06+08:00,primary,True,PAPER
CUMCM-2007-A-007,2007,A,2007年数学建模国赛真题+优秀论文/2007年优秀论文/2007A：《中国人口增长预测模型》 (2).pdf,0FBE0E7B2FA777AAD8D9ED9B79E39C542C07E05D8A3DD4677C0BD2EAE02F1904,26,text_based,FORMAL,catalog/papers.csv; catalog/paper_files.csv; catalog/scale/g8_paper_status.csv,2026-09-02T21:54:06+08:00,primary,True,PAPER
CUMCM-1996-B-002,1996,B,1996年数学建模国赛真题+优秀论文/1996年国赛优秀论文/1996B：关于洗衣机节水的数学模型.pdf,A37A5C69FF767B96A459EC678E826B750297662ACC5A3AB52C224A711AEE0BA3,5,image_based,FORMAL,catalog/papers.csv; catalog/paper_files.csv; catalog/scale/g8_paper_status.csv,2026-09-02T21:54:06+08:00,primary,True,PAPER
CUMCM-1993-B-002,1993,B,1993年数学建模国赛真题+优秀论文/1993年国赛优秀论文/1993年B题优秀论文③ 一个给足球队排名次的方法.pdf,40101857F2F092F6E6201646011ADE6153A7FA43E79188F8EF73E786A14963CF,9,image_based,FORMAL,catalog/papers.csv; catalog/paper_files.csv; catalog/scale/g8_paper_status.csv,2026-09-02T21:54:06+08:00,primary,True,PAPER
CUMCM-2009-A-003,2009,A,2009年数学建模国赛真题+优秀论文/2009年优秀论文/2009A：制动器试验台的计算机控制方法分析与设计.pdf,F06CECC7A087E3B06DD4E6098F8E5574A8C3202BF23ABE8C29E7E33A64C389DE,18,text_based,FORMAL,catalog/papers.csv; catalog/paper_files.csv; catalog/scale/g8_paper_status.csv,2026-09-02T21:54:06+08:00,primary,True,PAPER
CUMCM-2007-C-004,2007,C,2007年数学建模国赛真题+优秀论文/2007年赛题/2007年国赛C题.doc,59F29C49B6EE45333C1435A662E5F57D5091429A9F3495A1C5218A0939384C28,,NOT_ANALYZED,FORMAL,catalog/papers.csv; catalog/paper_files.csv; catalog/scale/g8_paper_status.csv,2026-09-02T21:54:06+08:00,primary,True,PROBLEM_PACKAGE
CUMCM-2014-A-A1501,2014,A,2014年数学建模国赛真题+优秀论文/2014优秀论文/2014A：嫦娥三号软着陆轨道设计与控制策略 (5)/A15010142_王子硕_吴鹏飞_陶立.pdf,CA6C94BB50E5B0D982A7D54F154AB68A8E5465BB3858D1274356BFD5381FD2CC,32,text_based,FORMAL,catalog/papers.csv; catalog/paper_files.csv; catalog/scale/g8_paper_status.csv,2026-09-02T21:54:06+08:00,primary,True,PAPER
CUMCM-2005-A-005,2005,A,2005年数学建模国赛真题+优秀论文/2005年国赛优秀论文/2005A：长江水质的评价预测模型.pdf,95E931005A51089948CBEDDB05C879D2396ACD60599E3BFFF3FD14C1D99CAE9C,6,text_based,FORMAL,catalog/papers.csv; catalog/paper_files.csv; catalog/scale/g8_paper_status.csv,2026-09-02T21:54:06+08:00,primary,True,PAPER
CUMCM-2013-D-002,2013,D,2013年数学建模国赛真题+优秀论文/2013年国赛D题 .doc,B57D4C0ED73496E665831CAC3BEE0377C8C3D1355520F08CE4957FEA33FC7F5D,,NOT_ANALYZED,FORMAL,catalog/papers.csv; catalog/paper_files.csv; catalog/scale/g8_paper_status.csv,2026-09-02T21:54:06+08:00,primary,True,PROBLEM_PACKAGE
CUMCM-2020-A-003,2020,A,2020年数学建模国赛真题+优秀论文/2020年赛题/2020年国赛A题.docx,686279BA0202E28E9C86F2E31611D17EDEC04865CD85ACB3A69E606D2C425150,,NOT_ANALYZED,FORMAL,catalog/papers.csv; catalog/paper_files.csv; catalog/scale/g8_paper_status.csv,2026-09-02T21:54:06+08:00,primary,True,PROBLEM_PACKAGE
CUMCM-1999-A-005,1999,A,1999年数学建模国赛真题+优秀论文/1999年国赛优秀论文/1999A：刀具问题的仿真及灵敏度分析.pdf,1271CC5701D07F1261783D8B611F1C70483B30FA3C5A13967A6007DE00BF81AB,6,text_based,FORMAL,catalog/papers.csv; catalog/paper_files.csv; catalog/scale/g8_paper_status.csv,2026-09-02T21:54:06+08:00,primary,True,PAPER
CUMCM-1992-A-002,1992,A,1992年数学建模国赛优秀论文/1992年A题优秀论文② 施肥方案对作物蔬菜的影响.pdf,65FB38A666A49FAC5A672F2B21BC8BC21DF5325A0D42E4BF6C7FB2E7D6CC74B7,6,text_based,FORMAL,catalog/papers.csv; catalog/paper_files.csv; catalog/scale/g8_paper_status.csv,2026-09-02T21:54:06+08:00,primary,True,PAPER
CUMCM-2008-A-005,2008,A,2008年数学建模国赛真题+优秀论文/2008年优秀论文/2008A：《具有仿射不变性的几何结构在相机定位中的应用》.pdf,1016FF53BAEAD58647F6A2EBFF3ABC2E57D8BA01167839FBD97993BB31098AC0,14,image_based,FORMAL,catalog/papers.csv; catalog/paper_files.csv; catalog/scale/g8_paper_status.csv,2026-09-02T21:54:06+08:00,primary,True,PAPER
CUMCM-1999-A-006,1999,A,1999年数学建模国赛真题+优秀论文/1999年国赛优秀论文/1999A：自动化车床管理（2）.pdf,1EA295F860370EF0100DF5671619E75F4624C54AF13427D55E4EC631053F25CD,6,text_based,FORMAL,catalog/papers.csv; catalog/paper_files.csv; catalog/scale/g8_paper_status.csv,2026-09-02T21:54:06+08:00,primary,True,PAPER
CUMCM-2001-A-010,2001,A,2001年数学建模国赛真题+优秀论文/2001年国赛优秀论文/2001A：旋转抛物面聚光效果的研究.pdf,273DBE3935179F856B622443EA7D2BAAED27F48DC46CF71F0DC99E0F6A7D450E,5,text_based,FORMAL,catalog/papers.csv; catalog/paper_files.csv; catalog/scale/g8_paper_status.csv,2026-09-02T21:54:06+08:00,primary,True,PAPER
CUMCM-1992-A-003,1992,A,1992年数学建模国赛优秀论文/1992年A题优秀论文③ 关于非线性交调的频率设计的评注.pdf,F24E48AE1113A02C6ADCF3339392D8B2C9A1449BE1A64FB2DE3D8543A8066E12,5,text_based,FORMAL,catalog/papers.csv; catalog/paper_files.csv; catalog/scale/g8_paper_status.csv,2026-09-02T21:54:06+08:00,primary,True,PAPER
CUMCM-2020-C-002,2020,C,2020年数学建模国赛真题+优秀论文/2020年优秀论文/2020C：银行对中小微企业的信贷策略.pdf,6CAC74309590521133F181A0A8788E3CAFE6E58130DD5BCB72CD45CD7DFCD45C,45,image_based,FORMAL,catalog/papers.csv; catalog/paper_files.csv; catalog/scale/g8_paper_status.csv,2026-09-02T21:54:06+08:00,primary,True,PAPER
CUMCM-2011-D-033,2011,D,2011年数学建模国赛真题+优秀论文/2011年优秀论文/2011D：天然肠衣搭配问题(1)/规格3步骤24.lg4,4C165A9BC965A44056AA713434EE7DA150B1910FAA7853757C3B91F285C3BC6C,,NOT_ANALYZED,FORMAL,catalog/papers.csv; catalog/paper_files.csv; catalog/scale/g8_paper_status.csv,2026-09-02T21:54:06+08:00,primary,True,SUPPORTING_MATERIAL
CUMCM-2011-D-034,2011,D,2011年数学建模国赛真题+优秀论文/2011年优秀论文/2011D：天然肠衣搭配问题(1)/方案2规格2步骤2.lg4,9D6ABA0DB4165BD34039002933EA98FBD02881C489C87D74D589D2BD3F5E84E0,,NOT_ANALYZED,FORMAL,catalog/papers.csv; catalog/paper_files.csv; catalog/scale/g8_paper_status.csv,2026-09-02T21:54:06+08:00,primary,True,SUPPORTING_MATERIAL
CUMCM-2009-D-002,2009,D,2009年数学建模国赛真题+优秀论文/2009年优秀论文/2009D：会议筹备的优化方案.pdf,07902D575163C83148DBBE3C4066F249F401945AADDC9B6E8D1FD1AEC52A89D5,16,image_based,FORMAL,catalog/papers.csv; catalog/paper_files.csv; catalog/scale/g8_paper_status.csv,2026-09-02T21:54:06+08:00,primary,True,PAPER
CUMCM-2014-C-007,2014,C,2014年数学建模国赛真题+优秀论文/2014优秀论文/2014C：生猪养殖场经营管理的研究/bisai3.lg4,23EFFC9482404C2769DF45E78654B137FBF7B22F7B6CDD3D1C1F844A8A4B8722,,NOT_ANALYZED,FORMAL,catalog/papers.csv; catalog/paper_files.csv; catalog/scale/g8_paper_status.csv,2026-09-02T21:54:06+08:00,primary,True,SUPPORTING_MATERIAL
CUMCM-2012-B-006,2012,B,2012年数学建模国赛真题+优秀论文/2012年优秀论文/2012B：太阳能小屋的设计 (3)/附录四.lg4,2DF2E4D408F4D12674251447A93F88AAB016D71E71BF00B173BDA6E465A3D118,,NOT_ANALYZED,FORMAL,catalog/papers.csv; catalog/paper_files.csv; catalog/scale/g8_paper_status.csv,2026-09-02T21:54:06+08:00,primary,True,SUPPORTING_MATERIAL
CUMCM-2008-B-011,2008,B,2008年数学建模国赛真题+优秀论文/2008年优秀论文/2008B：《高等教育学费标准探讨》 (2).pdf,8B61310B6F8757EC251F85073C017A12389C7CEB576B2256C151EBBD0B62C7D9,35,text_based,FORMAL,catalog/papers.csv; catalog/paper_files.csv; catalog/scale/g8_paper_status.csv,2026-09-02T21:54:06+08:00,primary,True,PAPER
CUMCM-2019-A-003,2019,A,2019年数学建模国赛真题+优秀论文/2019年优秀论文/2019A：基于数值模拟的高压油管压力控制模型.pdf,DC2FACD0CFD35E1AD71B0F18213C51CD8DE9FAD06430FB1CB2EFEC6A3BC77167,42,image_based,FORMAL,catalog/papers.csv; catalog/paper_files.csv; catalog/scale/g8_paper_status.csv,2026-09-02T21:54:06+08:00,primary,True,PAPER
CUMCM-1995-B-006,1995,B,1995年数学建模国赛真题+优秀论文/1995年国赛优秀论文/1995B：天车与冶炼炉作业调度的Petri网模型.pdf,47A6681093219359A7A84FA71ADF6D6150493B3556133C106B634CB6F7B29C44,5,image_based,FORMAL,catalog/papers.csv; catalog/paper_files.csv; catalog/scale/g8_paper_status.csv,2026-09-02T21:54:06+08:00,primary,True,PAPER
CUMCM-2015-C-005,2015,C,2015年数学建模国赛真题+优秀论文/2015年优秀论文/2015C：月上柳梢头，人约黄昏后 (3).pdf,F8A016049C5BEB377099C27C2B4CA167E23B120CCA23A041B013A88924956977,,NOT_ANALYZED,FORMAL,catalog/papers.csv; catalog/paper_files.csv; catalog/scale/g8_paper_status.csv,2026-09-02T21:54:06+08:00,primary,True,NOT_IN_G8_STATUS
CUMCM-2011-A-008,2011,A,2011年数学建模国赛真题+优秀论文/2011年赛题/2011年国赛A题.doc,C9A083B812B0F39FC10637D3BDE4C7711FBAA2C603B6CAB6779BA8FA3E5BB41B,,NOT_ANALYZED,FORMAL,catalog/papers.csv; catalog/paper_files.csv; catalog/scale/g8_paper_status.csv,2026-09-02T21:54:06+08:00,primary,True,PROBLEM_PACKAGE
CUMCM-2011-D-035,2011,D,2011年数学建模国赛真题+优秀论文/2011年优秀论文/2011D：天然肠衣搭配问题(1)/LINGO3.lg4,2B0526F50AA6B68D400C5C4070E28B5506C5E7C9C6976E85CA01D163C7242609,,NOT_ANALYZED,FORMAL,catalog/papers.csv; catalog/paper_files.csv; catalog/scale/g8_paper_status.csv,2026-09-02T21:54:06+08:00,primary,True,SUPPORTING_MATERIAL
CUMCM-2009-D-003,2009,D,2009年数学建模国赛真题+优秀论文/2009年优秀论文/2009D：会议筹备优化模型.pdf,7B84C9546D60DB3AA68EDD490B7A5EA3F133C3252063338E7CC541BFF4434F57,18,image_based,FORMAL,catalog/papers.csv; catalog/paper_files.csv; catalog/scale/g8_paper_status.csv,2026-09-02T21:54:06+08:00,primary,True,PAPER
CUMCM-2012-D-013,2012,D,2012年数学建模国赛真题+优秀论文/2012年优秀论文/2012D：机器人避障问题 (1)/OC.fig,AB7FBE828D13D8917C9C0BA7B7DF7430D4D82A896D2427635700FFDD997A73CC,,NOT_ANALYZED,FORMAL,catalog/papers.csv; catalog/paper_files.csv; catalog/scale/g8_paper_status.csv,2026-09-02T21:54:06+08:00,primary,True,SUPPORTING_MATERIAL
CUMCM-2024-E-001,2024,E,2024年数学建模国赛真题+优秀论文/2024真题/E题/E题.pdf,D5C9442C261A7EACC7DA3B5B23047B5D8FD9B7C86BD082D782288EE1BB64C4BB,,NOT_ANALYZED,FORMAL,catalog/papers.csv; catalog/paper_files.csv; catalog/scale/g8_paper_status.csv,2026-09-02T21:54:06+08:00,primary,True,PAPER
CUMCM-2015-A-005,2015,A,2015年数学建模国赛真题+优秀论文/2015年优秀论文/2015A：太阳影子定位 (5).pdf,8ED079BEE1EAC8D7C76D3B08C45EA17648BD7A3C9564C51BFD7A749330B7FE88,,NOT_ANALYZED,FORMAL,catalog/papers.csv; catalog/paper_files.csv; catalog/scale/g8_paper_status.csv,2026-09-02T21:54:06+08:00,primary,True,NOT_IN_G8_STATUS
CUMCM-2013-C-008,2013,C,2013年数学建模国赛真题+优秀论文/2013C：古塔的变形/niuqv1.asv,98E66A525D8506C0D0B3AEED72CF4149FF0D414F89B4171834572319D7A98DAB,,NOT_ANALYZED,FORMAL,catalog/papers.csv; catalog/paper_files.csv; catalog/scale/g8_paper_status.csv,2026-09-02T21:54:06+08:00,primary,True,SUPPORTING_MATERIAL
CUMCM-2011-D-036,2011,D,2011年数学建模国赛真题+优秀论文/2011年优秀论文/2011D：天然肠衣搭配问题(1)/方案2规格3步骤9.lg4,1B475541F876790CE63F2858188E141F676363D75F1EF02C4684631840353916,,NOT_ANALYZED,FORMAL,catalog/papers.csv; catalog/paper_files.csv; catalog/scale/g8_paper_status.csv,2026-09-02T21:54:06+08:00,primary,True,SUPPORTING_MATERIAL
CUMCM-2002-A-010,2002,A,2002年数学建模国赛真题+优秀论文/2002年优秀论文/2002A：关于_车灯线光源的优化设计_问题的光学思路.pdf,16DCD597E798C80E8E319B2B83D346F91C7EE0C24D99C49E486B2AF636DC017D,3,image_based,FORMAL,catalog/papers.csv; catalog/paper_files.csv; catalog/scale/g8_paper_status.csv,2026-09-02T21:54:06+08:00,primary,True,PAPER
CUMCM-2000-C-003,2000,C,2000年数学建模国赛真题+优秀论文/2000年国赛优秀论文/2000C：飞越北极的数学模型.pdf,FE1189FCB24C06827E73D5B9AE76E00DC392BE05C05F489FB4361200FE9C6C9F,6,text_based,FORMAL,catalog/papers.csv; catalog/paper_files.csv; catalog/scale/g8_paper_status.csv,2026-09-02T21:54:06+08:00,primary,True,PAPER
CUMCM-2014-B-B1801,2014,B,2014年数学建模国赛真题+优秀论文/2014优秀论文/2014B：创意平板折叠桌 (4)/B18013004_邓敏娜_宁凯_董婷婷.pdf,60C5C17610AB269DADFB43510F940289499DD1217D33CAB156F16A24A108D6FF,26,mixed,FORMAL,catalog/papers.csv; catalog/paper_files.csv; catalog/scale/g8_paper_status.csv,2026-09-02T21:54:06+08:00,primary,True,PAPER
CUMCM-2012-B-007,2012,B,2012年数学建模国赛真题+优秀论文/2012年优秀论文/2012B：太阳能小屋的设计 (2)/10121505.doc,F34850D4339E358C6A8C548224CEC919AFAA1B0F4ADB660A81114C20D717015F,,NOT_ANALYZED,FORMAL,catalog/papers.csv; catalog/paper_files.csv; catalog/scale/g8_paper_status.csv,2026-09-02T21:54:06+08:00,primary,True,PAPER
CUMCM-2001-A-011,2001,A,2001年数学建模国赛真题+优秀论文/2001年国赛优秀论文/2001A：血管管道的三维重建.pdf,E38825A5B771F57B2D91665C29C79C7DDC0E63AA740D103DA83FEF3C7ADA1196,8,text_based,FORMAL,catalog/papers.csv; catalog/paper_files.csv; catalog/scale/g8_paper_status.csv,2026-09-02T21:54:06+08:00,primary,True,PAPER
CUMCM-2002-B-006,2002,B,2002年数学建模国赛真题+优秀论文/2002年优秀论文/2002B：彩票方案的合理性优化.pdf,BDC843CB35F6AFE4EECE26DC99D74E3D7281B7698E7900CF0F7121042C49F9EC,6,text_based,FORMAL,catalog/papers.csv; catalog/paper_files.csv; catalog/scale/g8_paper_status.csv,2026-09-02T21:54:06+08:00,primary,True,PAPER
CUMCM-2009-A-004,2009,A,2009年数学建模国赛真题+优秀论文/2009年优秀论文/2009A：制动器试验台混合电模拟控制方法分析.pdf,BEA0E96DB3B07CCA8BEDA2A58037DCE7194ACE3B8E08DAC4547DBC21AC06100B,18,text_based,FORMAL,catalog/papers.csv; catalog/paper_files.csv; catalog/scale/g8_paper_status.csv,2026-09-02T21:54:06+08:00,primary,True,PAPER
CUMCM-1993-B-003,1993,B,1993年数学建模国赛真题+优秀论文/1993年国赛优秀论文/1993年B题优秀论文① 关于球队排名次问题的几点评注.pdf,AFF2C1645AB44D6097DE16F85704F2D07346E4FF157AC584D41C867DF3124328,2,image_based,FORMAL,catalog/papers.csv; catalog/paper_files.csv; catalog/scale/g8_paper_status.csv,2026-09-02T21:54:06+08:00,primary,True,PAPER
CUMCM-2011-D-037,2011,D,2011年数学建模国赛真题+优秀论文/2011年优秀论文/2011D：天然肠衣搭配问题(1)/规格3步骤22.lg4,006608114C32267E75B359CCEF5053DE870F19B64E5153002E1E268FE7C90ACD,,NOT_ANALYZED,FORMAL,catalog/papers.csv; catalog/paper_files.csv; catalog/scale/g8_paper_status.csv,2026-09-02T21:54:06+08:00,primary,True,SUPPORTING_MATERIAL
CUMCM-1996-B-003,1996,B,1996年数学建模国赛真题+优秀论文/1996年国赛优秀论文/1996B：节水洗衣机的设计.pdf,96257EB5FD8EE017CBE33AAD705C4451E444DAEF10172DBA9DC2C8E3F20533CC,4,text_based,FORMAL,catalog/papers.csv; catalog/paper_files.csv; catalog/scale/g8_paper_status.csv,2026-09-02T21:54:06+08:00,primary,True,PAPER
CUMCM-2017-B-006,2017,B,2017年数学建模国赛真题+优秀论文/2017年优秀论文/2017B：“拍照赚钱”的任务定价 (5).pdf,61CDA5C0DD3460DD96D182A5EC8DB098E61A79DF1DED0569A95FDECF6C354209,45,text_based,FORMAL,catalog/papers.csv; catalog/paper_files.csv; catalog/scale/g8_paper_status.csv,2026-09-02T21:54:06+08:00,primary,True,PAPER
CUMCM-2010-A-007,2010,A,2010年数学建模国赛真题+优秀论文/2010年优秀论文/2010A：储油罐的变位识别与罐容表标定 (4).pdf,C01DFFA58041769DC6DCDA69D53D63709B059106443632F6552D9F7199C6AF03,20,text_based,FORMAL,catalog/papers.csv; catalog/paper_files.csv; catalog/scale/g8_paper_status.csv,2026-09-02T21:54:06+08:00,primary,True,PAPER
CUMCM-2018-C-002,2018,C,2018年数学建模国赛真题+优秀论文/2018年优秀论文/2018C：大型百货商场会员画像描述.pdf,13F2064CB213F797F83BBA49F19EC22DCA83F1924B51D7AF4EC0A1759C74BF24,15,text_based,FORMAL,catalog/papers.csv; catalog/paper_files.csv; catalog/scale/g8_paper_status.csv,2026-09-02T21:54:06+08:00,primary,True,PAPER
CUMCM-1998-A-006,1998,A,1998年数学建模国赛真题+优秀论文/1998年国赛优秀论文/1998A：投资组合模型.pdf,4E6C60C02F9AC753A0E7E976C414065D9FFBE2CE250B99E83E925BA3FDC9577D,4,image_based,FORMAL,catalog/papers.csv; catalog/paper_files.csv; catalog/scale/g8_paper_status.csv,2026-09-02T21:54:06+08:00,primary,True,PAPER
CUMCM-2000-B-008,2000,B,2000年数学建模国赛真题+优秀论文/2000年国赛优秀论文/2000B：订购和运输钢管的最优方案.pdf,C8BEA21E1D4C7E419611D42EEAA75DBDD64C89EE6A4AD7FE71988E6B1C21B8EA,5,text_based,FORMAL,catalog/papers.csv; catalog/paper_files.csv; catalog/scale/g8_paper_status.csv,2026-09-02T21:54:06+08:00,primary,True,PAPER
CUMCM-2002-A-011,2002,A,2002年数学建模国赛真题+优秀论文/2002年优秀论文/2002A：车灯线光源的优化设计模型.pdf,918DAA2D8C6C3070BAA93F4CDE8CA3419D093A373A897DF5422CF3B4CD6AC89A,8,text_based,FORMAL,catalog/papers.csv; catalog/paper_files.csv; catalog/scale/g8_paper_status.csv,2026-09-02T21:54:06+08:00,primary,True,PAPER
CUMCM-2016-B-004,2016,B,2016年数学建模国赛真题+优秀论文/2016年优秀论文/2016B：小区开放道路通行影响 (2).pdf,B3750910D40CD5116F2CF004F43B411B97D7F922D2EA743A47DA6E73157BED3D,36,text_based,FORMAL,catalog/papers.csv; catalog/paper_files.csv; catalog/scale/g8_paper_status.csv,2026-09-02T21:54:06+08:00,primary,True,PAPER
CUMCM-2013-A-003,2013,A,2013年数学建模国赛真题+优秀论文/2013A：车道被占用对城市道路通行能力的影响 (4)/5486.pdf,101D2841EB0AB8FF28AF6936C36F28C5BCB0256E83BEA7F2E319DEA6056FB4EC,35,text_based,FORMAL,catalog/papers.csv; catalog/paper_files.csv; catalog/scale/g8_paper_status.csv,2026-09-02T21:54:06+08:00,primary,False,PAPER
CUMCM-1997-A-005,1997,A,1997年数学建模国赛真题+优秀论文/1997年国赛优秀论文/1997A：零件的参数设计(3).pdf,C818B5A11DDDFF5E9DD8BCBF596074200C0B2B4AEDDBAA74F7E944CDD817DCC6,8,image_based,FORMAL,catalog/papers.csv; catalog/paper_files.csv; catalog/scale/g8_paper_status.csv,2026-09-02T21:54:06+08:00,primary,True,PAPER
CUMCM-2015-D-004,2015,D,2015年数学建模国赛真题+优秀论文/2015年优秀论文/2015D：众筹筑屋规划方案设计 (2).doc,1CA32D3E5AA605C36A8CB2C1DCDB1AD7B0B2302994F3B18366CA59C3B7B69EE8,,NOT_ANALYZED,FORMAL,catalog/papers.csv; catalog/paper_files.csv; catalog/scale/g8_paper_status.csv,2026-09-02T21:54:06+08:00,primary,True,NOT_IN_G8_STATUS
CUMCM-2015-B-003,2015,B,2015年数学建模国赛真题+优秀论文/2015年优秀论文/2015B：互联网+_时代的出租车资源配置 (1).pdf,76F00F79B88EFAA3AD273C472A8E6C31496F81D65D5A80675B241F8D14C58787,,NOT_ANALYZED,FORMAL,catalog/papers.csv; catalog/paper_files.csv; catalog/scale/g8_paper_status.csv,2026-09-02T21:54:06+08:00,primary,True,NOT_IN_G8_STATUS
CUMCM-2014-A-003,2014,A,2014年数学建模国赛真题+优秀论文/2014年赛题/2014年国赛A题.doc,476C285F8E4593CAB062236574F011C241A087F75D249EA548C3E09AFF158DA2,,NOT_ANALYZED,FORMAL,catalog/papers.csv; catalog/paper_files.csv; catalog/scale/g8_paper_status.csv,2026-09-02T21:54:06+08:00,primary,True,PROBLEM_PACKAGE
CUMCM-2011-D-038,2011,D,2011年数学建模国赛真题+优秀论文/2011年优秀论文/2011D：天然肠衣搭配问题(2)/.gitkeep,01BA4719C80B6FE911B091A7C05124B64EEECE964E09C058EF8F9805DACA546B,,NOT_ANALYZED,FORMAL,catalog/papers.csv; catalog/paper_files.csv; catalog/scale/g8_paper_status.csv,2026-09-02T21:54:06+08:00,primary,True,SUPPORTING_MATERIAL
CUMCM-2009-A-005,2009,A,2009年数学建模国赛真题+优秀论文/2009年优秀论文/2009A：制动机控制方法分析.pdf,CC88847CEF5F852FB62C8551127B6F22FCFA5406CD372BA2A40947189C5E113B,14,text_based,FORMAL,catalog/papers.csv; catalog/paper_files.csv; catalog/scale/g8_paper_status.csv,2026-09-02T21:54:06+08:00,primary,True,PAPER
CUMCM-2002-A-012,2002,A,2002年数学建模国赛真题+优秀论文/2002年优秀论文/2002A：车灯光源优化问题的探讨.pdf,39800EA2CA3CA428E9394E255858B8A4E9369582FCB4A6541677BED254F5DCCB,7,text_based,FORMAL,catalog/papers.csv; catalog/paper_files.csv; catalog/scale/g8_paper_status.csv,2026-09-02T21:54:06+08:00,primary,True,PAPER
CUMCM-2005-C-005,2005,C,2005年数学建模国赛真题+优秀论文/2005年国赛优秀论文/2005C：雨量预报方法的评价.pdf,8560486309D7DF9C5CDE18642312618FE1EB62E70013BE39A43F03A83459CFFE,4,text_based,FORMAL,catalog/papers.csv; catalog/paper_files.csv; catalog/scale/g8_paper_status.csv,2026-09-02T21:54:06+08:00,primary,True,PAPER
CUMCM-2005-A-006,2005,A,2005年数学建模国赛真题+优秀论文/2005年国赛优秀论文/2005A：长江水质评价和预测研究.pdf,4B40C968EB0ED030461450F7EE197149FC5233739113D90FF72D5A2A4FFCA206,6,text_based,FORMAL,catalog/papers.csv; catalog/paper_files.csv; catalog/scale/g8_paper_status.csv,2026-09-02T21:54:06+08:00,primary,True,PAPER
CUMCM-1997-B-004,1997,B,1997年数学建模国赛真题+优秀论文/1997年国赛优秀论文/1997B：截断切割优化模型.pdf,5311A39013A7C9EB84307250394CABC5B7226BA33D38B07CD52D416354F63569,6,text_based,FORMAL,catalog/papers.csv; catalog/paper_files.csv; catalog/scale/g8_paper_status.csv,2026-09-02T21:54:06+08:00,primary,True,PAPER
CUMCM-2006-A-004,2006,A,2006年数学建模国赛真题+优秀论文/2006年优秀论文/2006A：出版社书号的优化配置.pdf,475CF35EC24E1C7485A759127AD292B08C6BDE4AE9FE987E492B458DDFF3FCDD,30,text_based,FORMAL,catalog/papers.csv; catalog/paper_files.csv; catalog/scale/g8_paper_status.csv,2026-09-02T21:54:06+08:00,primary,True,PAPER
CUMCM-2011-C-002,2011,C,2011年数学建模国赛真题+优秀论文/2011年优秀论文/2011C：企业退休职工养老金制度的改革 (1).doc,21E5912D27E48F0BBEB0E1044BF30F185FBAB2133945529F106449296C10653F,,NOT_ANALYZED,FORMAL,catalog/papers.csv; catalog/paper_files.csv; catalog/scale/g8_paper_status.csv,2026-09-02T21:54:06+08:00,primary,True,PAPER
CUMCM-2014-A-004,2014,A,2014年数学建模国赛真题+优秀论文/2014优秀论文/2014A：嫦娥三号软着陆轨道设计与控制策略 (3)/高程图1.fig,D3443CFE98CBCE86794271044A1595405CBFE340D53F2EAB32EB5B89FF4CE910,,NOT_ANALYZED,FORMAL,catalog/papers.csv; catalog/paper_files.csv; catalog/scale/g8_paper_status.csv,2026-09-02T21:54:06+08:00,primary,True,SUPPORTING_MATERIAL
CUMCM-2003-B-007,2003,B,2003年数学建模国赛真题+优秀论文/2003年优秀论文/2003B：露天矿生产的车辆安排.pdf,0D1C178148BD8F1B322323FA3EEA6B75A39E96CBEB3813AF050454927B3657D4,7,text_based,FORMAL,catalog/papers.csv; catalog/paper_files.csv; catalog/scale/g8_paper_status.csv,2026-09-02T21:54:06+08:00,primary,True,PAPER
CUMCM-2011-D-039,2011,D,2011年数学建模国赛真题+优秀论文/2011年优秀论文/2011D：天然肠衣搭配问题(1)/规格3步骤21.lg4,2E6E3C25C194E75465C116641D6F78553238A8D93A2A4BDFD1F8210F4C9E38ED,,NOT_ANALYZED,FORMAL,catalog/papers.csv; catalog/paper_files.csv; catalog/scale/g8_paper_status.csv,2026-09-02T21:54:06+08:00,primary,True,SUPPORTING_MATERIAL
CUMCM-2012-A-003,2012,A,2012年数学建模国赛真题+优秀论文/2012年优秀论文/2012A：葡萄酒的评价 (4).doc,519FA35E0C76A094FFD89C38269F9BC1A9D1C491A8A675EF324F22705B28F1D5,,NOT_ANALYZED,FORMAL,catalog/papers.csv; catalog/paper_files.csv; catalog/scale/g8_paper_status.csv,2026-09-02T21:54:06+08:00,primary,True,PAPER
CUMCM-1992-A-004,1992,A,1992年数学建模国赛优秀论文/1992年A题优秀论文① 关于施肥效果分析问题的评注.pdf,0ED09084F2E15BB17CED39971CC8B3C20F72F789C1B0AD2F4A99DF9642D0B48D,3,image_based,FORMAL,catalog/papers.csv; catalog/paper_files.csv; catalog/scale/g8_paper_status.csv,2026-09-02T21:54:06+08:00,primary,True,PAPER
CUMCM-2007-B-007,2007,B,2007年数学建模国赛真题+优秀论文/2007年优秀论文/2007B：《公交线路选择模型》.pdf,08766DF9D1752FB7B99A399AAE026EF7DAE6AD1C6523C3B9EB3FC761FC56D180,4,image_based,FORMAL,catalog/papers.csv; catalog/paper_files.csv; catalog/scale/g8_paper_status.csv,2026-09-02T21:54:06+08:00,primary,True,PAPER
CUMCM-2020-A-004,2020,A,2020年数学建模国赛真题+优秀论文/2020年优秀论文/2020A：基于一维热传导方程的回焊炉炉温模型.pdf,3D4DDDE5771A1316DE38955BC4F8112D2A6102E928298FD6E7B18DA456CD9972,42,image_based,FORMAL,catalog/papers.csv; catalog/paper_files.csv; catalog/scale/g8_paper_status.csv,2026-09-02T21:54:06+08:00,primary,True,PAPER
CUMCM-2014-A-005,2014,A,2014年数学建模国赛真题+优秀论文/2014优秀论文/2014A：嫦娥三号软着陆轨道设计与控制策略 (3)/高程图2.fig,6328ED2E6FB864E58D9986FD0E4F0E70138FD7C658EF45D7FD43E5264F604D63,,NOT_ANALYZED,FORMAL,catalog/papers.csv; catalog/paper_files.csv; catalog/scale/g8_paper_status.csv,2026-09-02T21:54:06+08:00,primary,True,SUPPORTING_MATERIAL
CUMCM-2009-C-005,2009,C,2009年数学建模国赛真题+优秀论文/2009年赛题/2009年国赛C题.doc,C1B4D9B0FAB03E08F8932942C3606BAF8CAF0480D24D36414DA0D78847062C2F,,NOT_ANALYZED,FORMAL,catalog/papers.csv; catalog/paper_files.csv; catalog/scale/g8_paper_status.csv,2026-09-02T21:54:06+08:00,primary,True,PROBLEM_PACKAGE
CUMCM-1998-B-004,1998,B,1998年数学建模国赛真题+优秀论文/1998年国赛优秀论文/1998B：灾情巡视路线寻优模型.pdf,1E452CF804FF317B9CAEB58EFEE88F69BE0C2BAB1F78613962DA4EA6E4147D2B,6,text_based,FORMAL,catalog/papers.csv; catalog/paper_files.csv; catalog/scale/g8_paper_status.csv,2026-09-02T21:54:06+08:00,primary,True,PAPER
CUMCM-1997-A-006,1997,A,1997年数学建模国赛真题+优秀论文/1997年国赛优秀论文/1997A：零件参数设计的数学模型.pdf,B9EB0C4B3C538521059B09E2F8E3C3168D6756604CB13D529ED4EC6AD24AEBAD,4,image_based,FORMAL,catalog/papers.csv; catalog/paper_files.csv; catalog/scale/g8_paper_status.csv,2026-09-02T21:54:06+08:00,primary,True,PAPER
CUMCM-2006-A-005,2006,A,2006年数学建模国赛真题+优秀论文/2006年赛题/2006年国赛A题.doc,47C26840CE37A4DB6CC4C2F49CDC8E7E726A54BC853091B111D81C90343C34EC,,NOT_ANALYZED,FORMAL,catalog/papers.csv; catalog/paper_files.csv; catalog/scale/g8_paper_status.csv,2026-09-02T21:54:06+08:00,primary,True,PROBLEM_PACKAGE
CUMCM-1998-B-005,1998,B,1998年数学建模国赛真题+优秀论文/1998年国赛优秀论文/1998B：最佳灾情巡视路线的数学模型.pdf,E9AC74ACABE68FB0BCBFAAACD49EEB9AB7D4DFDD9323F5DA9EF87F34C196B65D,10,text_based,FORMAL,catalog/papers.csv; catalog/paper_files.csv; catalog/scale/g8_paper_status.csv,2026-09-02T21:54:06+08:00,primary,True,PAPER
CUMCM-1999-B-004,1999,B,1999年数学建模国赛真题+优秀论文/1999年国赛优秀论文/1999B：钻井布局的数学模型.pdf,77236AD4159C4C496D375BDE74E0DCB91E2462F3C88FABC393B1863AC119131B,7,text_based,FORMAL,catalog/papers.csv; catalog/paper_files.csv; catalog/scale/g8_paper_status.csv,2026-09-02T21:54:06+08:00,primary,True,PAPER
CUMCM-1999-B-005,1999,B,1999年数学建模国赛真题+优秀论文/1999年国赛优秀论文/1999B：钻井布局模型.pdf,41F221B3A0D6330F66AC2FA56787CFE553D6B9ED7191A5F64DAF2F4FE3D868F2,10,text_based,FORMAL,catalog/papers.csv; catalog/paper_files.csv; catalog/scale/g8_paper_status.csv,2026-09-02T21:54:06+08:00,primary,True,PAPER
CUMCM-2007-B-008,2007,B,2007年数学建模国赛真题+优秀论文/2007年赛题/2007年国赛B题.doc,EBED8F3D0EE5D388C1625E4C8665204F9AFBED55D0AAF06D5F80A4E17E86EC3B,,NOT_ANALYZED,FORMAL,catalog/papers.csv; catalog/paper_files.csv; catalog/scale/g8_paper_status.csv,2026-09-02T21:54:06+08:00,primary,True,PROBLEM_PACKAGE
CUMCM-1997-A-007,1997,A,1997年数学建模国赛真题+优秀论文/1997年国赛优秀论文/1997A：零件的参数设计模型和评述.pdf,E30950E3DBE8D11E91F0F2E7202206B9289D899EDB764D55AF5892FEE5A606F3,4,image_based,FORMAL,catalog/papers.csv; catalog/paper_files.csv; catalog/scale/g8_paper_status.csv,2026-09-02T21:54:06+08:00,primary,True,PAPER
CUMCM-2003-A-007,2003,A,2003年数学建模国赛真题+优秀论文/2003年赛题/2003年国赛A题 .doc,0B7AD4F1C083EFCF5784DE6B12C192D49A6D6EF20082E776258D2BD5702B027D,,NOT_ANALYZED,FORMAL,catalog/papers.csv; catalog/paper_files.csv; catalog/scale/g8_paper_status.csv,2026-09-02T21:54:06+08:00,primary,True,PROBLEM_PACKAGE
CUMCM-2014-A-006,2014,A,2014年数学建模国赛真题+优秀论文/2014优秀论文/2014A：嫦娥三号软着陆轨道设计与控制策略 (3)/关于椭圆参数的计算.doc,A4C7CFEE735094C488EFB5007EF2084771748487B29765E20C39E78296A915F6,,NOT_ANALYZED,FORMAL,catalog/papers.csv; catalog/paper_files.csv; catalog/scale/g8_paper_status.csv,2026-09-02T21:54:06+08:00,primary,True,SUPPORTING_MATERIAL
CUMCM-2015-B-004,2015,B,2015年数学建模国赛真题+优秀论文/2015年优秀论文/2015B：互联网+_时代的出租车资源配置 (4).pdf,E3801A701CD22DBF9DC9B9D308B28C85928FE04A49E139C8247C3ADB0B536D2F,,NOT_ANALYZED,FORMAL,catalog/papers.csv; catalog/paper_files.csv; catalog/scale/g8_paper_status.csv,2026-09-02T21:54:06+08:00,primary,True,NOT_IN_G8_STATUS
CUMCM-2011-C-003,2011,C,2011年数学建模国赛真题+优秀论文/2011年优秀论文/2011C：企业退休职工养老金制度的改革 (2).doc,CB99F5DD56122680A0797E642C8ED3463B12B388DBDA96E2F42A9345EE623696,,NOT_ANALYZED,FORMAL,catalog/papers.csv; catalog/paper_files.csv; catalog/scale/g8_paper_status.csv,2026-09-02T21:54:06+08:00,primary,True,PAPER
CUMCM-2015-A-006,2015,A,2015年数学建模国赛真题+优秀论文/2015年优秀论文/2015A：太阳影子定位 (7).pdf,2B6C0133ABE0BE08C3B41EA7DAE49B171A3D64664739C1F13B576575EEACFB99,,NOT_ANALYZED,FORMAL,catalog/papers.csv; catalog/paper_files.csv; catalog/scale/g8_paper_status.csv,2026-09-02T21:54:06+08:00,primary,True,NOT_IN_G8_STATUS
CUMCM-2020-B-005,2020,B,2020年数学建模国赛真题+优秀论文/2020年优秀论文/2020B：穿越沙漠游戏最佳策略模型的研究与构建.pdf,40E583E4703CA3203D3D7DF7EC81BF0F38255507BB59F5D05BFB1B17D2313D2C,50,image_based,FORMAL,catalog/papers.csv; catalog/paper_files.csv; catalog/scale/g8_paper_status.csv,2026-09-02T21:54:06+08:00,primary,True,PAPER
CUMCM-2021-A-001,2021,A,2021年数学建模国赛真题+优秀论文/2021年国赛赛题/2021年国赛A题.pdf,0D4F7FB67D7341E13BED7C12C9336B2448CC00B2DAA83D466AD6CB069F86DC04,,NOT_ANALYZED,FORMAL,catalog/papers.csv; catalog/paper_files.csv; catalog/scale/g8_paper_status.csv,2026-09-02T21:54:06+08:00,primary,True,PROBLEM_PACKAGE
CUMCM-2007-A-008,2007,A,2007年数学建模国赛真题+优秀论文/2007年优秀论文/2007A：《基于Leslie模型的中国人口预测及模特卡罗仿真》.pdf,9DDC88931DAF27937044205847D0E72BFF7046B442FF7373187BFFE7032C2CCC,8,image_based,FORMAL,catalog/papers.csv; catalog/paper_files.csv; catalog/scale/g8_paper_status.csv,2026-09-02T21:54:06+08:00,primary,True,PAPER
CUMCM-2008-B-012,2008,B,2008年数学建模国赛真题+优秀论文/2008年优秀论文/2008B：《高等教育学费的优化模型》.pdf,DD681E5CAA215549354144F8CA038A8A68B0233A8E8EFA895C715C6B7E0A14AC,24,text_based,FORMAL,catalog/papers.csv; catalog/paper_files.csv; catalog/scale/g8_paper_status.csv,2026-09-02T21:54:06+08:00,primary,True,PAPER
CUMCM-2019-B-003,2019,B,2019年数学建模国赛真题+优秀论文/2019年赛题/2019年国赛B题.pdf,4E35955FCC0EFADE1347A4A5A6277BC1538883202CDC6C81CB5CCA8B90695F58,,NOT_ANALYZED,FORMAL,catalog/papers.csv; catalog/paper_files.csv; catalog/scale/g8_paper_status.csv,2026-09-02T21:54:06+08:00,primary,True,PROBLEM_PACKAGE
CUMCM-2003-B-008,2003,B,2003年数学建模国赛真题+优秀论文/2003年优秀论文/2003B：露天矿生产车辆安排计划优化设计.pdf,5D402BC651664DDC43C452E28D01ABF3DAE1B9A99EB3BD1BC37DEA2D412139EF,8,text_based,FORMAL,catalog/papers.csv; catalog/paper_files.csv; catalog/scale/g8_paper_status.csv,2026-09-02T21:54:06+08:00,primary,True,PAPER
CUMCM-1999-A-007,1999,A,1999年数学建模国赛真题+优秀论文/1999年国赛优秀论文/1999A：自动化车床管理建模分析.pdf,A76062C58F420D3AEC27B8B2F395398ADBBCCB2DA1CD1273BD721B4057240631,5,text_based,FORMAL,catalog/papers.csv; catalog/paper_files.csv; catalog/scale/g8_paper_status.csv,2026-09-02T21:54:06+08:00,primary,True,PAPER
CUMCM-2017-B-007,2017,B,2017年数学建模国赛真题+优秀论文/2017年优秀论文/2017B：“拍照赚钱”的任务定价 (4).pdf,3B4C1A41A6B4BCEC27513FE4E07177467B40E773EB43E7B86672B590F7220E9E,35,text_based,FORMAL,catalog/papers.csv; catalog/paper_files.csv; catalog/scale/g8_paper_status.csv,2026-09-02T21:54:06+08:00,primary,True,PAPER
CUMCM-2012-D-014,2012,D,2012年数学建模国赛真题+优秀论文/2012年赛题/2012年国赛D题.doc,2D4EB6994CF98ED321E2B47AC605282F1C095D425D4BF963FA08A593FFDDB42F,,NOT_ANALYZED,FORMAL,catalog/papers.csv; catalog/paper_files.csv; catalog/scale/g8_paper_status.csv,2026-09-02T21:54:06+08:00,primary,True,PROBLEM_PACKAGE
CUMCM-2008-A-006,2008,A,2008年数学建模国赛真题+优秀论文/2008年优秀论文/2008A：《透视投影中圆心投影定位和双目立体系统标定》.pdf,CA45C602C933CDD6FE99466DA03410B82E5B4AD708E5830B4A80C0FA84411EE7,11,image_based,FORMAL,catalog/papers.csv; catalog/paper_files.csv; catalog/scale/g8_paper_status.csv,2026-09-02T21:54:06+08:00,primary,True,PAPER
CUMCM-2016-B-005,2016,B,2016年数学建模国赛真题+优秀论文/2016年优秀论文/2016B：小区开放道路通行影响 (3).pdf,47EB264F5D4043518DCBD3B7DB76F872A7F6308B202B4BA3417AE4134028756B,40,text_based,FORMAL,catalog/papers.csv; catalog/paper_files.csv; catalog/scale/g8_paper_status.csv,2026-09-02T21:54:06+08:00,primary,True,PAPER
CUMCM-2014-A-007,2014,A,2014年数学建模国赛真题+优秀论文/2014优秀论文/2014A：嫦娥三号软着陆轨道设计与控制策略 (3)/快速调整阶段最终版图像.doc,C679085DF42F391BC1D67A2838C78960791D6FC65692DF034E51F4ADC1779180,,NOT_ANALYZED,FORMAL,catalog/papers.csv; catalog/paper_files.csv; catalog/scale/g8_paper_status.csv,2026-09-02T21:54:06+08:00,primary,True,SUPPORTING_MATERIAL
CUMCM-2013-C-009,2013,C,2013年数学建模国赛真题+优秀论文/2013C：古塔的变形/fangchengnihe1.asv,B1B644894B2701987ED7855AA3DEE1672755D5FCD8553CA9CEE4AFDACB2F65AA,,NOT_ANALYZED,FORMAL,catalog/papers.csv; catalog/paper_files.csv; catalog/scale/g8_paper_status.csv,2026-09-02T21:54:06+08:00,primary,True,SUPPORTING_MATERIAL
CUMCM-2003-A-008,2003,A,2003年数学建模国赛真题+优秀论文/2003年优秀论文/2003A：考虑自愈的SARS的传播模型.pdf,B61160B3FB6ECD4A627F9E5521C3492EA870B1BE014F52C600DBAE7C3F92EAC2,10,text_based,FORMAL,catalog/papers.csv; catalog/paper_files.csv; catalog/scale/g8_paper_status.csv,2026-09-02T21:54:06+08:00,primary,True,PAPER
CUMCM-2009-B-004,2009,B,2009年数学建模国赛真题+优秀论文/2009年优秀论文/2009B：医院病床合理安排模型探讨.pdf,030228C8469E41E3D89943D3D8CF6C1584E8E7D146B289C9087ACD9469312FEC,28,text_based,FORMAL,catalog/papers.csv; catalog/paper_files.csv; catalog/scale/g8_paper_status.csv,2026-09-02T21:54:06+08:00,primary,True,PAPER
CUMCM-2007-A-009,2007,A,2007年数学建模国赛真题+优秀论文/2007年优秀论文/2007A：《丁克现象与中国人口增长》.pdf,734EB84E3AF56149C10B81534920710EAB9AC263931AFB185314317C58EE33D8,7,image_based,FORMAL,catalog/papers.csv; catalog/paper_files.csv; catalog/scale/g8_paper_status.csv,2026-09-02T21:54:06+08:00,primary,True,PAPER
CUMCM-2015-B-005,2015,B,2015年数学建模国赛真题+优秀论文/2015年赛题/2015年国赛B题.doc,1A17764FFACF2295F8CA21DA229B3E390ACDFA433468342E3B9E5CD3E465CFF0,,NOT_ANALYZED,FORMAL,catalog/papers.csv; catalog/paper_files.csv; catalog/scale/g8_paper_status.csv,2026-09-02T21:54:06+08:00,primary,True,NOT_IN_G8_STATUS
CUMCM-2013-A-004,2013,A,2013年数学建模国赛真题+优秀论文/2013A：车道被占用对城市道路通行能力的影响 (3)/A-13241002-黄小敏，黄程，王露.pdf,EABCE38647FBE0FACB29330177B5EAE63A61A5FD67FAEFF867B24E91AF49C7D4,40,text_based,FORMAL,catalog/papers.csv; catalog/paper_files.csv; catalog/scale/g8_paper_status.csv,2026-09-02T21:54:06+08:00,primary,True,PAPER
CUMCM-2010-C-002,2010,C,2010年数学建模国赛真题+优秀论文/2010年优秀论文/2010C：输油管的布置.pdf,59A9FEB40E7440F2AE910AA3B77B6C97E7F1DE601AFBE61FC44E2D557679ECD5,14,text_based,FORMAL,catalog/papers.csv; catalog/paper_files.csv; catalog/scale/g8_paper_status.csv,2026-09-02T21:54:06+08:00,primary,True,PAPER
CUMCM-2021-E-001,2021,E,2021年数学建模国赛真题+优秀论文/2021年国赛赛题/2021年国赛E题.pdf,4C39404746329107C9526307C7C6F8281C47EC8E6E5536C2528083171BEB1C96,,NOT_ANALYZED,FORMAL,catalog/papers.csv; catalog/paper_files.csv; catalog/scale/g8_paper_status.csv,2026-09-02T21:54:06+08:00,primary,True,PROBLEM_PACKAGE
CUMCM-1998-B-006,1998,B,1998年数学建模国赛真题+优秀论文/1998年国赛优秀论文/1998B：灾情巡视的最佳路线_节选_.pdf,A233A55AAA928E3572AB8F4884C44A712D7809725DFB7C4724E9A55959EE6510,1,text_based,FORMAL,catalog/papers.csv; catalog/paper_files.csv; catalog/scale/g8_paper_status.csv,2026-09-02T21:54:06+08:00,primary,True,PAPER
CUMCM-2008-B-013,2008,B,2008年数学建模国赛真题+优秀论文/2008年优秀论文/2008B：《高等教育学费标准问题的研究》.pdf,4053E6EE1485F50AC1DA1903102DE46C713C1ED1800D7B9AE1C247E952641E5B,24,text_based,FORMAL,catalog/papers.csv; catalog/paper_files.csv; catalog/scale/g8_paper_status.csv,2026-09-02T21:54:06+08:00,primary,True,PAPER
CUMCM-2000-C-004,2000,C,2000年数学建模国赛真题+优秀论文/2000年国赛优秀论文/2000C：飞越北极.pdf,A7C1B084B5C214E7D64AA4C6041D0A72009D85B72829960A3EA0EDDA4E737E3A,5,text_based,FORMAL,catalog/papers.csv; catalog/paper_files.csv; catalog/scale/g8_paper_status.csv,2026-09-02T21:54:06+08:00,primary,True,PAPER
CUMCM-2009-D-004,2009,D,2009年数学建模国赛真题+优秀论文/2009年优秀论文/2009D：会议筹备优化方案.pdf,2D6D5EDB040BAA995C172E3CEBF7CA2DE80C8C8E12B9CB3646BF68ED674AE864,15,image_based,FORMAL,catalog/papers.csv; catalog/paper_files.csv; catalog/scale/g8_paper_status.csv,2026-09-02T21:54:06+08:00,primary,True,PAPER
CUMCM-2025-C-001,2025,C,2025年数学建模国赛真题+优秀论文/2025年数学建模国赛真题！/C题/C题.pdf,D54400F4BB9920C0D37F15F5B6BC161AA281C4B32C03C063EFDEB739716EAC08,,NOT_ANALYZED,FORMAL,catalog/papers.csv; catalog/paper_files.csv; catalog/scale/g8_paper_status.csv,2026-09-02T21:54:06+08:00,primary,True,NOT_IN_G8_STATUS
CUMCM-2012-A-004,2012,A,2012年数学建模国赛真题+优秀论文/2012年赛题/2012年国赛A题.doc,CB715A400EC8DCE7BC2731D9A2A1F44240F51A61CEE815157FA53AE24AC0E606,,NOT_ANALYZED,FORMAL,catalog/papers.csv; catalog/paper_files.csv; catalog/scale/g8_paper_status.csv,2026-09-02T21:54:06+08:00,primary,True,PROBLEM_PACKAGE
CUMCM-2014-A-008,2014,A,2014年数学建模国赛真题+优秀论文/2014优秀论文/2014A：嫦娥三号软着陆轨道设计与控制策略 (3)/误差分析图.doc,CDF77328B53402181AA87B2CC39AFCB2FC5237BDC442BC45837F25D80CA72382,,NOT_ANALYZED,FORMAL,catalog/papers.csv; catalog/paper_files.csv; catalog/scale/g8_paper_status.csv,2026-09-02T21:54:06+08:00,primary,True,SUPPORTING_MATERIAL
CUMCM-2014-A-A1116,2014,A,2014年数学建模国赛真题+优秀论文/2014优秀论文/2014A：嫦娥三号软着陆轨道设计与控制策略 (3)/A11168020_郑建国_陶禹诺_严洒洒.pdf,7DF17E7B53C5630B641E598DD57FBB6FF497553836E4F54DFD50DCD3F94E30B8,39,text_based,FORMAL,catalog/papers.csv; catalog/paper_files.csv; catalog/scale/g8_paper_status.csv,2026-09-02T21:54:06+08:00,primary,True,PAPER
CUMCM-2013-D-003,2013,D,2013年数学建模国赛真题+优秀论文/2013年国赛D题附录.doc,E53084883530C571F70BB1F391A57512EF3C9A3790478C2202A571096947F84E,,NOT_ANALYZED,FORMAL,catalog/papers.csv; catalog/paper_files.csv; catalog/scale/g8_paper_status.csv,2026-09-02T21:54:06+08:00,primary,True,PROBLEM_PACKAGE
CUMCM-2011-D-040,2011,D,2011年数学建模国赛真题+优秀论文/2011年优秀论文/2011D：天然肠衣搭配问题(1)/规格3步骤28.lg4,6EA2D106959E36884924369FC10C8E458CE0662F689B4B376A60567F3251C215,,NOT_ANALYZED,FORMAL,catalog/papers.csv; catalog/paper_files.csv; catalog/scale/g8_paper_status.csv,2026-09-02T21:54:06+08:00,primary,True,SUPPORTING_MATERIAL
CUMCM-2002-B-007,2002,B,2002年数学建模国赛真题+优秀论文/2002年赛题/2002年国赛A、B题.doc,7DCB401EE557E1D3DA57B9B860337F506F1A6B8A37BD87C425B5F0821BCCAA2F,,NOT_ANALYZED,FORMAL,catalog/papers.csv; catalog/paper_files.csv; catalog/scale/g8_paper_status.csv,2026-09-02T21:54:06+08:00,primary,True,PROBLEM_PACKAGE
CUMCM-2017-A-005,2017,A,2017年数学建模国赛真题+优秀论文/2017年赛题/2017年国赛A题.docx,3994EF543F1CCF5EE99863D914CEF8EF6C5A724973D580855A7D359510BE1728,,NOT_ANALYZED,FORMAL,catalog/papers.csv; catalog/paper_files.csv; catalog/scale/g8_paper_status.csv,2026-09-02T21:54:06+08:00,primary,True,PROBLEM_PACKAGE
CUMCM-1999-C-002,1999,C,1999年数学建模国赛真题+优秀论文/1999年国赛优秀论文/1999C：煤矸石堆积经费问题的几点讨论.pdf,81CB981491CCE90C199762762D5C78A822FEAD102CBC2B3804C516EEB4596D56,6,text_based,FORMAL,catalog/papers.csv; catalog/paper_files.csv; catalog/scale/g8_paper_status.csv,2026-09-02T21:54:06+08:00,primary,True,PAPER
CUMCM-2016-B-006,2016,B,2016年数学建模国赛真题+优秀论文/2016年赛题/2016年国赛B题.doc,F17CEC9AB965DC85B971B0BA1424D42C047A026A64B03C5CD429DAE05C00620A,,NOT_ANALYZED,FORMAL,catalog/papers.csv; catalog/paper_files.csv; catalog/scale/g8_paper_status.csv,2026-09-02T21:54:06+08:00,primary,True,PROBLEM_PACKAGE
CUMCM-2014-C-008,2014,C,2014年数学建模国赛真题+优秀论文/2014年赛题/2014年国赛C题.docx,0CD90FF9183D224730E56A920EFC7FB463BE2901E147079995431C079B520659,,NOT_ANALYZED,FORMAL,catalog/papers.csv; catalog/paper_files.csv; catalog/scale/g8_paper_status.csv,2026-09-02T21:54:06+08:00,primary,True,PROBLEM_PACKAGE
CUMCM-2003-A-009,2003,A,2003年数学建模国赛真题+优秀论文/2003年优秀论文/2003A：考虑自愈的SARS的传播模型 (2).pdf,97B376ECFC098C8AC764B55366A4885C15613AC5550F774D84390466AE4D5F89,10,image_based,FORMAL,catalog/papers.csv; catalog/paper_files.csv; catalog/scale/g8_paper_status.csv,2026-09-02T21:54:06+08:00,primary,True,PAPER
CUMCM-2015-B-006,2015,B,2015年数学建模国赛真题+优秀论文/2015年优秀论文/2015B：互联网+_时代的出租车资源配置 (3).pdf,10D95A262ECCB2559A96FAB8502F3452C1BCE7849AAD8228A938EDD0A785FBF1,,NOT_ANALYZED,FORMAL,catalog/papers.csv; catalog/paper_files.csv; catalog/scale/g8_paper_status.csv,2026-09-02T21:54:06+08:00,primary,True,NOT_IN_G8_STATUS
CUMCM-1999-A-008,1999,A,1999年数学建模国赛真题+优秀论文/1999年国赛优秀论文/1999A：自动化车床最优刀具检测更换模型.pdf,38FE932B26C58644E9760A983C109B08E910A7CD95DA9F3D41F3E28E6462AE71,10,text_based,FORMAL,catalog/papers.csv; catalog/paper_files.csv; catalog/scale/g8_paper_status.csv,2026-09-02T21:54:06+08:00,primary,True,PAPER
CUMCM-2013-A-005,2013,A,2013年数学建模国赛真题+优秀论文/2013A：车道被占用对城市道路通行能力的影响 (2)/周晨阳周登岳孔垂烨A.pdf,B7CE9B63F4E2542ADC12AD6E3497A36E29DE57B29AFD3356B01371FCD8D5F5A1,44,text_based,FORMAL,catalog/papers.csv; catalog/paper_files.csv; catalog/scale/g8_paper_status.csv,2026-09-02T21:54:06+08:00,primary,False,PAPER
CUMCM-1998-A-007,1998,A,1998年数学建模国赛真题+优秀论文/1998年国赛优秀论文/1998A：投资组合与模糊规划模型.pdf,9916DF219AE450DE559416FC928BC4DF0EE7FCB63B13887739C487F561D04B30,5,text_based,FORMAL,catalog/papers.csv; catalog/paper_files.csv; catalog/scale/g8_paper_status.csv,2026-09-02T21:54:06+08:00,primary,True,PAPER
CUMCM-2021-C-001,2021,C,2021年数学建模国赛真题+优秀论文/2021年国赛赛题/2021年国赛C题.pdf,707BC97FD34E1759E8B956F4C573E7B8B25FD1AB800D609DF907C8051D5E5F8A,,NOT_ANALYZED,FORMAL,catalog/papers.csv; catalog/paper_files.csv; catalog/scale/g8_paper_status.csv,2026-09-02T21:54:06+08:00,primary,True,PROBLEM_PACKAGE
CUMCM-2007-A-010,2007,A,2007年数学建模国赛真题+优秀论文/2007年优秀论文/2007A：《中国人口增长预测》.pdf,6CE9DD33C8C41EFC5818BE3D7E997FFD2EBECFF86F78083A4D44C241689EAD05,15,text_based,FORMAL,catalog/papers.csv; catalog/paper_files.csv; catalog/scale/g8_paper_status.csv,2026-09-02T21:54:06+08:00,primary,True,PAPER
CUMCM-2012-A-A285,2012,A,2012年数学建模国赛真题+优秀论文/2012年优秀论文/2012A：葡萄酒的评价/A285.pdf,CA15AFED80D166CDB2F7232C220A2F1B0C6269199F13D48CF852973F19AA78AC,41,mixed,FORMAL,catalog/papers.csv; catalog/paper_files.csv; catalog/scale/g8_paper_status.csv,2026-09-02T21:54:06+08:00,primary,True,PAPER
CUMCM-2010-C-003,2010,C,2010年数学建模国赛真题+优秀论文/2010年优秀论文/2010C：输油管的布置模型.pdf,BB1CA966067BE510818951154583938E49F920C879AA96296D67671141F9F97F,20,image_based,FORMAL,catalog/papers.csv; catalog/paper_files.csv; catalog/scale/g8_paper_status.csv,2026-09-02T21:54:06+08:00,primary,True,PAPER
CUMCM-2016-D-004,2016,D,2016年数学建模国赛真题+优秀论文/2016年优秀论文/2016D：风电场运行状况分析及维护计划优化 (1).pdf,8D8A005547CBA649C1656221E3E158CF26195BC3FCE69536578F0441549FB626,81,text_based,FORMAL,catalog/papers.csv; catalog/paper_files.csv; catalog/scale/g8_paper_status.csv,2026-09-02T21:54:06+08:00,primary,True,PAPER
CUMCM-2008-B-014,2008,B,2008年数学建模国赛真题+优秀论文/2008年优秀论文/2008B：《多因子影响下的高等教育学费模型》.pdf,E2837F0567248DB23A4642067E3955F92A0C4E7CA7AD434C50445AC3AA60D2F7,20,text_based,FORMAL,catalog/papers.csv; catalog/paper_files.csv; catalog/scale/g8_paper_status.csv,2026-09-02T21:54:06+08:00,primary,True,PAPER
CUMCM-2006-B-005,2006,B,2006年数学建模国赛真题+优秀论文/2006年优秀论文/2006B：艾滋病疗法的评价以及疗效的预测.pdf,CA2C17F10B0CA102C43A36136553E3A5BBB927A78AD5FD6058AE38C3B2565B3C,10,text_based,FORMAL,catalog/papers.csv; catalog/paper_files.csv; catalog/scale/g8_paper_status.csv,2026-09-02T21:54:06+08:00,primary,True,PAPER
CUMCM-1998-A-008,1998,A,1998年数学建模国赛真题+优秀论文/1998年国赛优秀论文/1998A：风险投资组合的线性规划模型.pdf,80B961D364E4583CD89574C3B52804FDB1137CF8A1AB6F401A3995DCB99ECED2,4,text_based,FORMAL,catalog/papers.csv; catalog/paper_files.csv; catalog/scale/g8_paper_status.csv,2026-09-02T21:54:06+08:00,primary,True,PAPER
CUMCM-2017-A-006,2017,A,2017年数学建模国赛真题+优秀论文/2017年优秀论文/2017A：CT系统参数标定及成像  (4).pdf,6451BF4A39A76B234C63C0CFDE7B71BFC49DD8C73466165C83E9B2AFE0E22CDC,31,text_based,FORMAL,catalog/papers.csv; catalog/paper_files.csv; catalog/scale/g8_paper_status.csv,2026-09-02T21:54:06+08:00,primary,True,PAPER
CUMCM-2009-A-006,2009,A,2009年数学建模国赛真题+优秀论文/2009年赛题/2009年国赛A题.doc,782E878E5381D93672E60842764C0FB82201A141F36BD5EAF1A3DCE826D4F3A8,,NOT_ANALYZED,FORMAL,catalog/papers.csv; catalog/paper_files.csv; catalog/scale/g8_paper_status.csv,2026-09-02T21:54:06+08:00,primary,True,PROBLEM_PACKAGE
CUMCM-2005-A-007,2005,A,2005年数学建模国赛真题+优秀论文/2005年国赛优秀论文/2005A：长江水质的评价预测模型及其实用性研究.pdf,5193A89D12EC64538AE253CCAEF15300D8742FEAA62AE4F48B1829B9F82C29A2,6,text_based,FORMAL,catalog/papers.csv; catalog/paper_files.csv; catalog/scale/g8_paper_status.csv,2026-09-02T21:54:06+08:00,primary,True,PAPER
CUMCM-2003-B-009,2003,B,2003年数学建模国赛真题+优秀论文/2003年优秀论文/2003B：“露天矿生产的车辆安排”的模型和评述.pdf,55DAC0E775C731ADC346F37AF46F39AE6C93F5D3CFC7B3FB4E08FEEFAF38ED61,10,text_based,FORMAL,catalog/papers.csv; catalog/paper_files.csv; catalog/scale/g8_paper_status.csv,2026-09-02T21:54:06+08:00,primary,True,PAPER
CUMCM-2009-A-007,2009,A,2009年数学建模国赛真题+优秀论文/2009年优秀论文/2009A：联合制动器试验台电流控制方法的实现及改进.pdf,059F98140D4B67DB0EB9B7BFB1A4268A3386116EDE96D569757D8F1173018EFE,15,text_based,FORMAL,catalog/papers.csv; catalog/paper_files.csv; catalog/scale/g8_paper_status.csv,2026-09-02T21:54:06+08:00,primary,True,PAPER
CUMCM-2017-C-003,2017,C,2017年数学建模国赛真题+优秀论文/2017年优秀论文/2017C：颜色与物质浓度辨识 (3).pdf,11D8DB22C912D0789C4C46D9A5BD736E9E3F4DB7CD17C65301D288DC0B604445,25,text_based,FORMAL,catalog/papers.csv; catalog/paper_files.csv; catalog/scale/g8_paper_status.csv,2026-09-02T21:54:06+08:00,primary,True,PAPER
CUMCM-2009-B-005,2009,B,2009年数学建模国赛真题+优秀论文/2009年优秀论文/2009B：基于排队论的病床安排模型的研究.pdf,69EC746ECFABBF2C291F9944263CD269F1D4E8CAD8194C1070CF0A7699875D4F,2,text_based,FORMAL,catalog/papers.csv; catalog/paper_files.csv; catalog/scale/g8_paper_status.csv,2026-09-02T21:54:06+08:00,primary,True,PAPER
CUMCM-1997-A-008,1997,A,1997年数学建模国赛真题+优秀论文/1997年国赛优秀论文/1997A：零件的参数设计(1).pdf,7CE89B136265005FB597C7886D441E66504DB71F07101F0F67BC3B94C4543948,5,text_based,FORMAL,catalog/papers.csv; catalog/paper_files.csv; catalog/scale/g8_paper_status.csv,2026-09-02T21:54:06+08:00,primary,True,PAPER
CUMCM-2019-E-003,2019,E,2019年数学建模国赛真题+优秀论文/2019年赛题/2019年国赛E题.pdf,9BBB7176A9184E739F6151D43C960BBB2AC02701C64CC0FF427B723942794153,,NOT_ANALYZED,FORMAL,catalog/papers.csv; catalog/paper_files.csv; catalog/scale/g8_paper_status.csv,2026-09-02T21:54:06+08:00,primary,True,PROBLEM_PACKAGE
CUMCM-2007-B-009,2007,B,2007年数学建模国赛真题+优秀论文/2007年优秀论文/2007B：《基于最小换乘次数的公交路线选择研究》.pdf,625464F9C85991CAA331A8F2C31D2FB82B9B46F5E1910AD102D0655A8D06BB11,26,text_based,FORMAL,catalog/papers.csv; catalog/paper_files.csv; catalog/scale/g8_paper_status.csv,2026-09-02T21:54:06+08:00,primary,True,PAPER
CUMCM-2008-A-007,2008,A,2008年数学建模国赛真题+优秀论文/2008年赛题/2008年国赛A题.doc,8C9E4F59EAEEE847A14ABEFC8C24E7A2FEFBED7953F08BFA6406F773974D8104,,NOT_ANALYZED,FORMAL,catalog/papers.csv; catalog/paper_files.csv; catalog/scale/g8_paper_status.csv,2026-09-02T21:54:06+08:00,primary,True,PROBLEM_PACKAGE
CUMCM-2001-B-008,2001,B,2001年数学建模国赛真题+优秀论文/2001年国赛优秀论文/2001B：关于公交车调度的优化问题 (2).pdf,C23BF865B0681B4147D658586BBCE37C3F0853EDBA5144BD107328DF8481FCEC,7,text_based,FORMAL,catalog/papers.csv; catalog/paper_files.csv; catalog/scale/g8_paper_status.csv,2026-09-02T21:54:06+08:00,primary,True,PAPER
CUMCM-1997-B-005,1997,B,1997年数学建模国赛真题+优秀论文/1997年国赛优秀论文/1997B：切割次序的优化.pdf,441AFF8DC36047D45A1DA16EA3AB42F45B25C7728049444CEF3479CA9DD790D7,5,image_based,FORMAL,catalog/papers.csv; catalog/paper_files.csv; catalog/scale/g8_paper_status.csv,2026-09-02T21:54:06+08:00,primary,True,PAPER
CUMCM-2003-D-003,2003,D,2003年数学建模国赛真题+优秀论文/2003年优秀论文/2003D：抢渡长江的数学模型（1）.pdf,12EAC6CD1F19D37349302C5C762B6B9D15219905B0DB0C721480BB150C07577A,8,text_based,FORMAL,catalog/papers.csv; catalog/paper_files.csv; catalog/scale/g8_paper_status.csv,2026-09-02T21:54:06+08:00,primary,True,PAPER
CUMCM-2018-A-005,2018,A,2018年数学建模国赛真题+优秀论文/2018年优秀论文/2018A：高温作业服设计.pdf,B313A36C2F3D65102850C3BAD2A89262A6BC403D25DBDF6035581E3CF2CAE2AA,31,text_based,FORMAL,catalog/papers.csv; catalog/paper_files.csv; catalog/scale/g8_paper_status.csv,2026-09-02T21:54:06+08:00,primary,True,PAPER
CUMCM-1997-B-006,1997,B,1997年数学建模国赛真题+优秀论文/1997年国赛优秀论文/1997B：最优切割次序模型.pdf,BD6929A9EBF341C312D580736A7254D358909CFA1ABF93B8BCD80912E067F606,7,image_based,FORMAL,catalog/papers.csv; catalog/paper_files.csv; catalog/scale/g8_paper_status.csv,2026-09-02T21:54:06+08:00,primary,True,PAPER
CUMCM-2007-A-011,2007,A,2007年数学建模国赛真题+优秀论文/2007年赛题/2007年国赛A题App2.doc,4B2383FB002F9506FB8C25E3D27E32448EAB9D5C45E3878EE134CE07F968B29F,,NOT_ANALYZED,FORMAL,catalog/papers.csv; catalog/paper_files.csv; catalog/scale/g8_paper_status.csv,2026-09-02T21:54:06+08:00,primary,True,PROBLEM_PACKAGE
CUMCM-2011-B-002,2011,B,2011年数学建模国赛真题+优秀论文/2011年优秀论文/2011B：交巡警服务平台的设置与调度（3）/问题五：罪犯在各种不同速度下的围堵方案图/100.PNG,EEF207C9DEACD4FD88C4EB57F5D77E219E5C5C573F0156AB15D9266F4EA0EFBB,,NOT_ANALYZED,FORMAL,catalog/papers.csv; catalog/paper_files.csv; catalog/scale/g8_paper_status.csv,2026-09-02T21:54:06+08:00,primary,False,SUPPORTING_MATERIAL
CUMCM-2018-B-002,2018,B,2018年数学建模国赛真题+优秀论文/2018年赛题/2018年国赛B题 .doc,D115B6B24FD6C1E50C03186A5A5585945D3D3BA278D8CC5E0BDF9758E36E8F97,,NOT_ANALYZED,FORMAL,catalog/papers.csv; catalog/paper_files.csv; catalog/scale/g8_paper_status.csv,2026-09-02T21:54:06+08:00,primary,True,PROBLEM_PACKAGE
CUMCM-2005-A-008,2005,A,2005年数学建模国赛真题+优秀论文/2005年赛题/2005年国赛A题.doc,5BF5EAC24545B7D44E2D0D59B4F94C023290343C64644E97B47E12AE56014F3F,,NOT_ANALYZED,FORMAL,catalog/papers.csv; catalog/paper_files.csv; catalog/scale/g8_paper_status.csv,2026-09-02T21:54:06+08:00,primary,True,PROBLEM_PACKAGE
CUMCM-2011-D-041,2011,D,2011年数学建模国赛真题+优秀论文/2011年优秀论文/2011D：天然肠衣搭配问题(1)/规格3步骤7.lg4,90145F887A1DAE476F952959E6EDC9F2E0CD14E537483858DFEF4B69DD1EC89F,,NOT_ANALYZED,FORMAL,catalog/papers.csv; catalog/paper_files.csv; catalog/scale/g8_paper_status.csv,2026-09-02T21:54:06+08:00,primary,True,SUPPORTING_MATERIAL
CUMCM-2010-D-003,2010,D,2010年数学建模国赛真题+优秀论文/2010年赛题/2010年国赛D题.doc,61340FC9229509B7BACEE0AC44BACDA8904EF700DB0F133F9DEA8102D9AA2E32,,NOT_ANALYZED,FORMAL,catalog/papers.csv; catalog/paper_files.csv; catalog/scale/g8_paper_status.csv,2026-09-02T21:54:06+08:00,primary,True,PROBLEM_PACKAGE
CUMCM-2011-D-042,2011,D,2011年数学建模国赛真题+优秀论文/2011年优秀论文/2011D：天然肠衣搭配问题(1)/方案1规格3.lg4,B084EA1E57FAD3C8F38F7B6355AD6BD3505594F5BD939DE59D7BE8599AE3D2C4,,NOT_ANALYZED,FORMAL,catalog/papers.csv; catalog/paper_files.csv; catalog/scale/g8_paper_status.csv,2026-09-02T21:54:06+08:00,primary,True,SUPPORTING_MATERIAL
CUMCM-2008-C-004,2008,C,2008年数学建模国赛真题+优秀论文/2008年优秀论文/2008C：《地面搜索的优化模型》.pdf,73FEE41DA723C0FA080D0E3050B8585405510151FB6AEF69FEE292972D29F045,14,text_based,FORMAL,catalog/papers.csv; catalog/paper_files.csv; catalog/scale/g8_paper_status.csv,2026-09-02T21:54:06+08:00,primary,True,PAPER
CUMCM-2001-B-009,2001,B,2001年数学建模国赛真题+优秀论文/2001年赛题/2001年国赛A、B题.doc,5668728E80B36BA7C2813E453A166F4EB083A17D0516C0CE7E2E9D8E09FB03BA,,NOT_ANALYZED,FORMAL,catalog/papers.csv; catalog/paper_files.csv; catalog/scale/g8_paper_status.csv,2026-09-02T21:54:06+08:00,primary,True,PROBLEM_PACKAGE
CUMCM-2004-A-006,2004,A,2004年数学建模国赛真题+优秀论文/2004年赛题/2004年国赛A题DATA.mdb,9481E6DC1E3A0595917EB38385BB91CF3EE75B36A182A2080AC218A05EC44EE0,,NOT_ANALYZED,FORMAL,catalog/papers.csv; catalog/paper_files.csv; catalog/scale/g8_paper_status.csv,2026-09-02T21:54:06+08:00,primary,True,PROBLEM_PACKAGE
CUMCM-2000-A-003,2000,A,2000年数学建模国赛真题+优秀论文/2000年国赛优秀论文/2000A：关于DNA序列分类问题的模型.pdf,2C0F27DE600CEBFCF375ABB97BD39193A10486E810E46DD1A5EA0734DD1413E5,7,text_based,FORMAL,catalog/papers.csv; catalog/paper_files.csv; catalog/scale/g8_paper_status.csv,2026-09-02T21:54:06+08:00,primary,True,PAPER
CUMCM-2003-D-004,2003,D,2003年数学建模国赛真题+优秀论文/2003年优秀论文/2003D：江河竞渡的优化模型.pdf,AAB993534D403DC6FF5EF8FAA52919C3EBD266336B0BA36FF50114404D35A719,7,text_based,FORMAL,catalog/papers.csv; catalog/paper_files.csv; catalog/scale/g8_paper_status.csv,2026-09-02T21:54:06+08:00,primary,True,PAPER
CUMCM-2002-A-013,2002,A,2002年数学建模国赛真题+优秀论文/2002年优秀论文/2002A：车灯光源优化问题的探讨 (2).pdf,389167157195A755373B350F162A186F0B13E33E122C770C079BB4EF40F5425E,7,image_based,FORMAL,catalog/papers.csv; catalog/paper_files.csv; catalog/scale/g8_paper_status.csv,2026-09-02T21:54:06+08:00,primary,True,PAPER
CUMCM-2025-E-001,2025,E,2025年数学建模国赛真题+优秀论文/2025年数学建模国赛真题！/E题/E题.pdf,1E6ECC6D75D2AAA0EAE3DC961704FD17F1CD452A51490C80855A9F799CE1A958,,NOT_ANALYZED,FORMAL,catalog/papers.csv; catalog/paper_files.csv; catalog/scale/g8_paper_status.csv,2026-09-02T21:54:06+08:00,primary,True,NOT_IN_G8_STATUS
CUMCM-2017-B-008,2017,B,2017年数学建模国赛真题+优秀论文/2017年优秀论文/2017B：“拍照赚钱”的任务定价 (2).pdf,B1F25B947DDDAF8BC54F355DFC44974FDB724D09EC41AA2C85C19A2C3C5D3590,47,text_based,FORMAL,catalog/papers.csv; catalog/paper_files.csv; catalog/scale/g8_paper_status.csv,2026-09-02T21:54:06+08:00,primary,True,PAPER
CUMCM-2004-A-007,2004,A,2004年数学建模国赛真题+优秀论文/2004年赛题/2004年国赛A题.doc,DA1CB501E46C9DC4014CE1666DFB7A7549EBB5D589BD00193C52FA91007FEC5B,,NOT_ANALYZED,FORMAL,catalog/papers.csv; catalog/paper_files.csv; catalog/scale/g8_paper_status.csv,2026-09-02T21:54:06+08:00,primary,True,PROBLEM_PACKAGE
CUMCM-2012-C-004,2012,C,2012年数学建模国赛真题+优秀论文/2012年优秀论文/2012C：脑卒中发病环境因素分析及干预 (1)/基于逐步回归的脑卒中发病环境因素分析及干预模型.doc,A610CEEE3C902F85C0FC590467868550F5CB9D52ECD57E21747EF890671CBDD7,,NOT_ANALYZED,FORMAL,catalog/papers.csv; catalog/paper_files.csv; catalog/scale/g8_paper_status.csv,2026-09-02T21:54:06+08:00,primary,True,PAPER
CUMCM-2021-D-001,2021,D,2021年数学建模国赛真题+优秀论文/2021年国赛赛题/2021年国赛D题.pdf,495F55CC6EEC43978DF507BE8BFFD417A5E817AB0F8046361B217F6C6EE20DD8,,NOT_ANALYZED,FORMAL,catalog/papers.csv; catalog/paper_files.csv; catalog/scale/g8_paper_status.csv,2026-09-02T21:54:06+08:00,primary,True,PROBLEM_PACKAGE
CUMCM-2001-C-002,2001,C,2001年数学建模国赛真题+优秀论文/2001年国赛优秀论文/2001C：“基金使用计划”模型和评述.pdf,7572379FF6B8A6B78B7CE51ABCC631C1DF6059601AD45C0FB96409340DB2F780,7,text_based,FORMAL,catalog/papers.csv; catalog/paper_files.csv; catalog/scale/g8_paper_status.csv,2026-09-02T21:54:06+08:00,primary,True,PAPER
CUMCM-2007-B-010,2007,B,2007年数学建模国赛真题+优秀论文/2007年优秀论文/2007B：《最优公交线路选择》.pdf,32BE976B8094E5BDA8BB005BCB2EB20561DD017364CDCC56DA49D62A467917D3,7,image_based,FORMAL,catalog/papers.csv; catalog/paper_files.csv; catalog/scale/g8_paper_status.csv,2026-09-02T21:54:06+08:00,primary,True,PAPER
CUMCM-2014-A-A1114,2014,A,2014年数学建模国赛真题+优秀论文/2014优秀论文/2014A：嫦娥三号软着陆轨道设计与控制策略 (2)/A11141001_陈超_唐梦珏_杨克宇.pdf,399ECC44F220B876F21101D1412C204ACE60137FE18A2A730A7DC9D9E0CB5059,28,text_based,FORMAL,catalog/papers.csv; catalog/paper_files.csv; catalog/scale/g8_paper_status.csv,2026-09-02T21:54:06+08:00,primary,True,PAPER
CUMCM-2011-D-043,2011,D,2011年数学建模国赛真题+优秀论文/2011年赛题/2011年国赛D题.doc,093133C2FEE4BC54BF4C2C9BE9B902DF84D8399F81759A303F58F50F7EF0DFC4,,NOT_ANALYZED,FORMAL,catalog/papers.csv; catalog/paper_files.csv; catalog/scale/g8_paper_status.csv,2026-09-02T21:54:06+08:00,primary,True,PROBLEM_PACKAGE
CUMCM-2001-C-003,2001,C,2001年数学建模国赛真题+优秀论文/2001年国赛优秀论文/2001C：基金最佳使用计划.pdf,7229B6C376D7469D0442A6D5998AC07B70DA60A77E4DDE20012CD46AE7D190B7,8,text_based,FORMAL,catalog/papers.csv; catalog/paper_files.csv; catalog/scale/g8_paper_status.csv,2026-09-02T21:54:06+08:00,primary,True,PAPER
CUMCM-2011-D-044,2011,D,2011年数学建模国赛真题+优秀论文/2011年优秀论文/2011D：天然肠衣搭配问题(1)/规格3步骤8.lg4,E96FE95A190D923838583659E5EC8CE634A4F5BE79927BF46CEA44AF16DF7375,,NOT_ANALYZED,FORMAL,catalog/papers.csv; catalog/paper_files.csv; catalog/scale/g8_paper_status.csv,2026-09-02T21:54:06+08:00,primary,True,SUPPORTING_MATERIAL
CUMCM-2008-A-008,2008,A,2008年数学建模国赛真题+优秀论文/2008A：《数码相机定位》/论文/数码相机定位.pdf,9CBFF6FB0F86B81497C328399E130F9656CE7995AA0E3D863488F78E906EC5E6,29,text_based,FORMAL,catalog/papers.csv; catalog/paper_files.csv; catalog/scale/g8_paper_status.csv,2026-09-02T21:54:06+08:00,primary,True,PAPER
CUMCM-1999-C-003,1999,C,1999年数学建模国赛真题+优秀论文/1999年国赛优秀论文/1999C：煤矸石堆积问题的解答及引出的思考.pdf,9B9598BBDB16239E94BD0C65F95282B417603644F4DD3715F5B453E213A109FD,6,text_based,FORMAL,catalog/papers.csv; catalog/paper_files.csv; catalog/scale/g8_paper_status.csv,2026-09-02T21:54:06+08:00,primary,True,PAPER
CUMCM-2014-C-009,2014,C,2014年数学建模国赛真题+优秀论文/2014优秀论文/2014C：生猪养殖场经营管理的研究/bisai2.lg4,6AC9368BAB5A4B21CB6173AF65E47055A138AFD5D83FDC7754A80B7EAB4FC03A,,NOT_ANALYZED,FORMAL,catalog/papers.csv; catalog/paper_files.csv; catalog/scale/g8_paper_status.csv,2026-09-02T21:54:06+08:00,primary,True,SUPPORTING_MATERIAL
CUMCM-2003-B-010,2003,B,2003年数学建模国赛真题+优秀论文/2003年优秀论文/2003B：露天矿生产的车辆安排_的模型和评述.pdf,4C2BDD36CAF5191721BD10121A36AEAE8313668D0AD5E34186219BE422026101,10,image_based,FORMAL,catalog/papers.csv; catalog/paper_files.csv; catalog/scale/g8_paper_status.csv,2026-09-02T21:54:06+08:00,primary,True,PAPER
CUMCM-2011-D-045,2011,D,2011年数学建模国赛真题+优秀论文/2011年优秀论文/2011D：天然肠衣搭配问题(1)/封面和承诺书.doc,327D72353CA8CCF802165871D91F9690B5B0596B926A2DA343F9F2359D4C799F,,NOT_ANALYZED,FORMAL,catalog/papers.csv; catalog/paper_files.csv; catalog/scale/g8_paper_status.csv,2026-09-02T21:54:06+08:00,primary,True,SUPPORTING_MATERIAL
CUMCM-2007-A-012,2007,A,2007年数学建模国赛真题+优秀论文/2007年优秀论文/2007A：《中国人口增长预测模型》.pdf,B476FFB33A709D5BE237485AE4D9D4508294FF4BB016BD777FF271A639019F42,10,image_based,FORMAL,catalog/papers.csv; catalog/paper_files.csv; catalog/scale/g8_paper_status.csv,2026-09-02T21:54:06+08:00,primary,True,PAPER
CUMCM-2005-C-006,2005,C,2005年数学建模国赛真题+优秀论文/2005年国赛优秀论文/2005C：雨量预报方法的评价(1).pdf,4BEB492D0753340DA256E2738EE99D389CFC69678BA6702160E167DA43E54E51,2,text_based,FORMAL,catalog/papers.csv; catalog/paper_files.csv; catalog/scale/g8_paper_status.csv,2026-09-02T21:54:06+08:00,primary,True,PAPER
CUMCM-2006-A-006,2006,A,2006年数学建模国赛真题+优秀论文/2006年优秀论文/2006A：出版社的资源优化配置.pdf,008CC60DF63D109D4991406BB85DC92D31003FB52AFA11A105AA42EA86C929E4,22,mixed,FORMAL,catalog/papers.csv; catalog/paper_files.csv; catalog/scale/g8_paper_status.csv,2026-09-02T21:54:06+08:00,primary,True,PAPER
CUMCM-1995-B-007,1995,B,1995年数学建模国赛真题+优秀论文/1995年国赛优秀论文/1995B：天车与冶炼炉的操作模型.pdf,8FFF9C498A59EC5FDA676C2B71FE2193CF3C6D892186E589D847E85F9F2752BE,10,image_based,FORMAL,catalog/papers.csv; catalog/paper_files.csv; catalog/scale/g8_paper_status.csv,2026-09-02T21:54:06+08:00,primary,True,PAPER
CUMCM-1997-A-009,1997,A,1997年数学建模国赛真题+优秀论文/1997年国赛优秀论文/1997A：关于零件参数问题的建模.pdf,FF068F978532B4A37B625C35EFCBF72E2BBD2EFDA2638E93BD0D77B8483EA314,5,text_based,FORMAL,catalog/papers.csv; catalog/paper_files.csv; catalog/scale/g8_paper_status.csv,2026-09-02T21:54:06+08:00,primary,True,PAPER
CUMCM-2013-C-010,2013,C,2013年数学建模国赛真题+优秀论文/2013C：古塔的变形/成都工业学院 专5 C 肖瑜琳 刘新燕 黄龙.pdf,6AB6592042F87A3F1863F72A0B2E3FE2745A72C9F229D559B2F2EE89CDF545C3,39,mixed,FORMAL,catalog/papers.csv; catalog/paper_files.csv; catalog/scale/g8_paper_status.csv,2026-09-02T21:54:06+08:00,primary,True,PAPER
CUMCM-2014-A-009,2014,A,2014年数学建模国赛真题+优秀论文/2014优秀论文/2014A：嫦娥三号软着陆轨道设计与控制策略 (3)/高程图形1.doc,32F183E0198BE0A3073AAC5AF4E9B68BE765C0CC0023974B6EEE7AB01DCFD2B5,,NOT_ANALYZED,FORMAL,catalog/papers.csv; catalog/paper_files.csv; catalog/scale/g8_paper_status.csv,2026-09-02T21:54:06+08:00,primary,True,SUPPORTING_MATERIAL
CUMCM-2014-B-B1604,2014,B,2014年数学建模国赛真题+优秀论文/2014优秀论文/2014B：创意平板折叠桌 (3)/B16046004_程双泽_李君昌_陈凌勤/w1-1-1.jpg,D9FFC1EFFC70BFACDBB9B741215EEC0032F75B47858AA84CF8D801CC64204781,,NOT_ANALYZED,FORMAL,catalog/papers.csv; catalog/paper_files.csv; catalog/scale/g8_paper_status.csv,2026-09-02T21:54:06+08:00,primary,False,SUPPORTING_MATERIAL
CUMCM-2008-A-009,2008,A,2008年数学建模国赛真题+优秀论文/2008年优秀论文/2008A：数码相机定位.pdf,68A91825D3AAF2E9603A45FC0A86B8BB014C6F10919734B71E04F7E51B75F354,17,text_based,FORMAL,catalog/papers.csv; catalog/paper_files.csv; catalog/scale/g8_paper_status.csv,2026-09-02T21:54:06+08:00,primary,True,PAPER
CUMCM-2007-A-013,2007,A,2007年数学建模国赛真题+优秀论文/2007年优秀论文/2007A：《中国人口发展趋势的分析与预测》.pdf,A03A69F7290068D58765A23BF5D09BA76FB24F7F8D77D5985453B453670852D0,18,text_based,FORMAL,catalog/papers.csv; catalog/paper_files.csv; catalog/scale/g8_paper_status.csv,2026-09-02T21:54:06+08:00,primary,True,PAPER
CUMCM-2010-D-004,2010,D,2010年数学建模国赛真题+优秀论文/2010年优秀论文/2010D：对学生宿舍设计方案的评价.pdf,90C8BD61A03A9EEDC28CFFF554F3CD4BCD29A183D1833869F6DD059AF5FAD37E,20,text_based,FORMAL,catalog/papers.csv; catalog/paper_files.csv; catalog/scale/g8_paper_status.csv,2026-09-02T21:54:06+08:00,primary,True,PAPER
CUMCM-1998-B-007,1998,B,1998年数学建模国赛真题+优秀论文/1998年国赛优秀论文/1998B：多旅行商路线的几个问题.pdf,964628E2521276461DC5B878BE977AEAF63EE0350AFC6B302D9C3F19CEE0FF50,8,image_based,FORMAL,catalog/papers.csv; catalog/paper_files.csv; catalog/scale/g8_paper_status.csv,2026-09-02T21:54:06+08:00,primary,True,PAPER
CUMCM-2014-B-003,2014,B,2014年数学建模国赛真题+优秀论文/2014年赛题/2014年国赛B题.doc,AAC1F58CAF6ED65F061560B3D7FB01E7C64E3CF63B8B795CE7451A8C965AD98A,,NOT_ANALYZED,FORMAL,catalog/papers.csv; catalog/paper_files.csv; catalog/scale/g8_paper_status.csv,2026-09-02T21:54:06+08:00,primary,True,PROBLEM_PACKAGE
CUMCM-2003-D-005,2003,D,2003年数学建模国赛真题+优秀论文/2003年赛题/2003年国赛D题.doc,EA6337162495ED00043A22797E17CF934490F02931689E240BD5482848E01CF0,,NOT_ANALYZED,FORMAL,catalog/papers.csv; catalog/paper_files.csv; catalog/scale/g8_paper_status.csv,2026-09-02T21:54:06+08:00,primary,True,PROBLEM_PACKAGE
CUMCM-2018-C-003,2018,C,2018年数学建模国赛真题+优秀论文/2018年优秀论文/2018C：基于 RFMT 模型的百货商场会员画像描绘.pdf,8C8AD6F12EB321A51291EC8616EC087A765BB177057B0EB4D0F7B7FE1C0032CE,27,text_based,FORMAL,catalog/papers.csv; catalog/paper_files.csv; catalog/scale/g8_paper_status.csv,2026-09-02T21:54:06+08:00,primary,True,PAPER
CUMCM-2020-C-003,2020,C,2020年数学建模国赛真题+优秀论文/2020年优秀论文/2020C：针对中小微企业最优信贷决策研究.pdf,87A5D1DC04E3E45C17D13584B55DF4C5F45F3829C1904BBF2A75CCC28E36B61C,40,image_based,FORMAL,catalog/papers.csv; catalog/paper_files.csv; catalog/scale/g8_paper_status.csv,2026-09-02T21:54:06+08:00,primary,True,PAPER
CUMCM-2010-B-004,2010,B,2010年数学建模国赛真题+优秀论文/2010年优秀论文/2010B：世博会参观线路设计.pdf,1ADCC76250C40CF4057EDBC71883F7290C4105D17D05381C742183DA15E80D24,11,text_based,FORMAL,catalog/papers.csv; catalog/paper_files.csv; catalog/scale/g8_paper_status.csv,2026-09-02T21:54:06+08:00,primary,True,PAPER
CUMCM-2015-A-007,2015,A,2015年数学建模国赛真题+优秀论文/2015年优秀论文/2015A：太阳影子定位 (1).pdf,F3D4B18A4D728686016DC5452CD59D787744190141D355AF865F2892AD34BC6D,,NOT_ANALYZED,FORMAL,catalog/papers.csv; catalog/paper_files.csv; catalog/scale/g8_paper_status.csv,2026-09-02T21:54:06+08:00,primary,True,NOT_IN_G8_STATUS
CUMCM-2013-D-004,2013,D,2013年数学建模国赛真题+优秀论文/2013D：城市公共自行车服务系统运行状况和效率分析 (2)/赣南师范学院科技学院 D 赖铖、袁彦、舒敏.doc,6BEC1C814F4638020F3DA17E90DC9EA483CAB5311CC4CA040F131629F9103ACE,,NOT_ANALYZED,FORMAL,catalog/papers.csv; catalog/paper_files.csv; catalog/scale/g8_paper_status.csv,2026-09-02T21:54:06+08:00,primary,True,PAPER
CUMCM-2010-C-004,2010,C,2010年数学建模国赛真题+优秀论文/2010年优秀论文/2010C：输油管布置问题的优化模型.pdf,C5B80D92915BF6F03994B4CB054684A3F7F08293D8FDAD9268E9BCFD96183AE9,14,text_based,FORMAL,catalog/papers.csv; catalog/paper_files.csv; catalog/scale/g8_paper_status.csv,2026-09-02T21:54:06+08:00,primary,True,PAPER
CUMCM-2011-D-046,2011,D,2011年数学建模国赛真题+优秀论文/2011年优秀论文/2011D：天然肠衣搭配问题(1)/规格3步骤26.lg4,A0C7DF9ACF8028E73911D515E934C0491899E1A1164E99A6801C2105F4B573A5,,NOT_ANALYZED,FORMAL,catalog/papers.csv; catalog/paper_files.csv; catalog/scale/g8_paper_status.csv,2026-09-02T21:54:06+08:00,primary,True,SUPPORTING_MATERIAL
CUMCM-2013-B-003,2013,B,2013年数学建模国赛真题+优秀论文/2013B：碎纸片的拼接复原 (2)/唐隽玉，孙雪清，胡文伟.pdf,86BFA227684E80174D6A6AFCDDF138C1CF7D2D6E7B409657685D9C5871926916,,NOT_ANALYZED,FORMAL,catalog/papers.csv; catalog/paper_files.csv; catalog/scale/g8_paper_status.csv,2026-09-02T21:54:06+08:00,primary,True,PROBLEM_PACKAGE
CUMCM-2011-D-047,2011,D,2011年数学建模国赛真题+优秀论文/2011年优秀论文/2011D：天然肠衣搭配问题(1)/方案1规格10.lg4,5A5AAEF411FA667763E967F9B9F1439C112D53B8731861A5C2439AE2B21E19B6,,NOT_ANALYZED,FORMAL,catalog/papers.csv; catalog/paper_files.csv; catalog/scale/g8_paper_status.csv,2026-09-02T21:54:06+08:00,primary,True,SUPPORTING_MATERIAL
CUMCM-2000-A-004,2000,A,2000年数学建模国赛真题+优秀论文/2000年国赛优秀论文/2000A：DNA序列的分类.pdf,D192D4A8AB1379DF1B76EC2747B54CD2681D89ABE93B325C4509BCD4774F6B70,8,text_based,FORMAL,catalog/papers.csv; catalog/paper_files.csv; catalog/scale/g8_paper_status.csv,2026-09-02T21:54:06+08:00,primary,True,PAPER
CUMCM-2009-B-006,2009,B,2009年数学建模国赛真题+优秀论文/2009年优秀论文/2009B：眼科病床的合理安排.pdf,94D3FF32EFBE5DA31CF322E9702E3B1BE9A02AC012CBD6CAA3A2D9E0D85FCDCB,23,text_based,FORMAL,catalog/papers.csv; catalog/paper_files.csv; catalog/scale/g8_paper_status.csv,2026-09-02T21:54:06+08:00,primary,True,PAPER
CUMCM-2015-A-008,2015,A,2015年数学建模国赛真题+优秀论文/2015年优秀论文/2015A：太阳影子定位 (3).pdf,9ABD2C75F32DD636160BB9076B2CFC32AA6C82E4F37874C9AFAACFC04AB7617B,,NOT_ANALYZED,FORMAL,catalog/papers.csv; catalog/paper_files.csv; catalog/scale/g8_paper_status.csv,2026-09-02T21:54:06+08:00,primary,True,NOT_IN_G8_STATUS
CUMCM-2024-C-001,2024,C,2024年数学建模国赛真题+优秀论文/2024真题/C题/C题.pdf,C7B5E58BFF4189B8AFBA5505F7BFF7D4F08280FC291C51EF3F46134EBBF74F9A,,NOT_ANALYZED,FORMAL,catalog/papers.csv; catalog/paper_files.csv; catalog/scale/g8_paper_status.csv,2026-09-02T21:54:06+08:00,primary,True,PAPER
CUMCM-2019-A-004,2019,A,2019年数学建模国赛真题+优秀论文/2019年优秀论文/2019A：高压油管压力波动的稳定控制.pdf,4C2C4E7772ADDC4FBC9D153F263B82622CFEFA28619F6537FB6C5EEC1979DA50,24,image_based,FORMAL,catalog/papers.csv; catalog/paper_files.csv; catalog/scale/g8_paper_status.csv,2026-09-02T21:54:06+08:00,primary,True,PAPER
CUMCM-2003-A-010,2003,A,2003年数学建模国赛真题+优秀论文/2003年优秀论文/2003A：SARS传播的研究 (2).pdf,3BAC38062D1B5C4DC4B705D02DAE2318A9366CD537D86BD3FDCEE0439008EC11,10,image_based,FORMAL,catalog/papers.csv; catalog/paper_files.csv; catalog/scale/g8_paper_status.csv,2026-09-02T21:54:06+08:00,primary,True,PAPER
CUMCM-2009-D-005,2009,D,2009年数学建模国赛真题+优秀论文/2009年优秀论文/2009D：会议筹备方案的优化设计模型.pdf,CDAD73C32B35B9553C785FF7D0B3179CBCFD545A584B24A43A85916D0FC86EF5,21,image_based,FORMAL,catalog/papers.csv; catalog/paper_files.csv; catalog/scale/g8_paper_status.csv,2026-09-02T21:54:06+08:00,primary,True,PAPER
CUMCM-2009-B-007,2009,B,2009年数学建模国赛真题+优秀论文/2009年优秀论文/2009B：眼科病床合理安排问题的模型探讨.pdf,B2C462CA52FD6A06B1A15B3ADB6BB3DA875951A1BEA773CF9F3178E58E8F37B0,38,text_based,FORMAL,catalog/papers.csv; catalog/paper_files.csv; catalog/scale/g8_paper_status.csv,2026-09-02T21:54:06+08:00,primary,True,PAPER
CUMCM-2010-B-005,2010,B,2010年数学建模国赛真题+优秀论文/2010年优秀论文/2010B：世博会对上海旅游业的影响研究.pdf,63064D423C44843DA905AEC4A0AC07A49A0ADA9D0CDB480495F4921A938457FA,28,text_based,FORMAL,catalog/papers.csv; catalog/paper_files.csv; catalog/scale/g8_paper_status.csv,2026-09-02T21:54:06+08:00,primary,True,PAPER
CUMCM-2010-B-006,2010,B,2010年数学建模国赛真题+优秀论文/2010年优秀论文/2010B：上海世博会于文化方面影响力评估.pdf,F084DF33B5DED56E794A494305239DC534E981BA749E55138D56D1EB7FAA6C20,31,text_based,FORMAL,catalog/papers.csv; catalog/paper_files.csv; catalog/scale/g8_paper_status.csv,2026-09-02T21:54:06+08:00,primary,True,PAPER
CUMCM-2018-D-004,2018,D,2018年数学建模国赛真题+优秀论文/2018年优秀论文/2018D：汽车总装线配置的优化模型研究.pdf,6B9B3A408D9D55D049255A13BA2C14A078325897D7264DE3A719958346673D7C,40,mixed,FORMAL,catalog/papers.csv; catalog/paper_files.csv; catalog/scale/g8_paper_status.csv,2026-09-02T21:54:06+08:00,primary,True,PAPER
CUMCM-2002-A-014,2002,A,2002年数学建模国赛真题+优秀论文/2002年优秀论文/2002A：车灯线光源的优化设计问题 (2).pdf,65B3EF4D427C379FCE2F7D42D2F97E14C8C98F05F7567511ACB4B47E89884DC7,9,image_based,FORMAL,catalog/papers.csv; catalog/paper_files.csv; catalog/scale/g8_paper_status.csv,2026-09-02T21:54:06+08:00,primary,True,PAPER
CUMCM-2006-A-007,2006,A,2006年数学建模国赛真题+优秀论文/2006年优秀论文/2006A：出版社资源配置的问题研究.pdf,5DA1C664C8BA938C77E93AAB4334AF736D04763AAA8129A33A9565F25494FC97,19,text_based,FORMAL,catalog/papers.csv; catalog/paper_files.csv; catalog/scale/g8_paper_status.csv,2026-09-02T21:54:06+08:00,primary,True,PAPER
CUMCM-2001-A-012,2001,A,2001年数学建模国赛真题+优秀论文/2001年国赛优秀论文/2001A：血管的三维重建 (2).pdf,B8901C32246F2042BF38A39F4668D6D1E186469C2F2A5610F765A676BA75FFBF,6,text_based,FORMAL,catalog/papers.csv; catalog/paper_files.csv; catalog/scale/g8_paper_status.csv,2026-09-02T21:54:06+08:00,primary,True,PAPER
CUMCM-2005-B-007,2005,B,2005年数学建模国赛真题+优秀论文/2005年国赛优秀论文/2005B：DVD租赁问题的模型设计及求解.pdf,B08ED8E84DB2A52D5AF734A27DD786BCFB4E242CAF72C2CC337BC09250B77FF6,9,text_based,FORMAL,catalog/papers.csv; catalog/paper_files.csv; catalog/scale/g8_paper_status.csv,2026-09-02T21:54:06+08:00,primary,True,PAPER
CUMCM-2006-B-006,2006,B,2006年数学建模国赛真题+优秀论文/2006年赛题/2006年国赛B题.doc,B0BCC2EF5ED88C23F23146388BDB92BD9AD05EFC78CFFECB90F6C18E36D077E3,,NOT_ANALYZED,FORMAL,catalog/papers.csv; catalog/paper_files.csv; catalog/scale/g8_paper_status.csv,2026-09-02T21:54:06+08:00,primary,True,PROBLEM_PACKAGE
CUMCM-2001-D-001,2001,D,2001年数学建模国赛真题+优秀论文/2001年赛题/2001年国赛C、D题.doc,C3115FB5FF68002AC7DEDFD3A54DD3DD3A2DE92850B5D066D14D4885F3297AFD,,NOT_ANALYZED,FORMAL,catalog/papers.csv; catalog/paper_files.csv; catalog/scale/g8_paper_status.csv,2026-09-02T21:54:06+08:00,primary,True,PROBLEM_PACKAGE
CUMCM-2003-C-001,2003,C,2003年数学建模国赛真题+优秀论文/2003年赛题/2003年国赛C题 .doc,2B211026EDFC656B1BFFCFB21A51E7EE84BB106F8966295CD4A05B42AC73440B,,NOT_ANALYZED,FORMAL,catalog/papers.csv; catalog/paper_files.csv; catalog/scale/g8_paper_status.csv,2026-09-02T21:54:06+08:00,primary,True,PROBLEM_PACKAGE
CUMCM-2009-C-006,2009,C,2009年数学建模国赛真题+优秀论文/2009年优秀论文/2009C：关于对卫星和飞船跟踪的测控站分布.pdf,131F802F64C637B3D37223019BD313BE2764F5A7C74FB5D57B8F4E92F4FBEFAC,15,image_based,FORMAL,catalog/papers.csv; catalog/paper_files.csv; catalog/scale/g8_paper_status.csv,2026-09-02T21:54:06+08:00,primary,True,PAPER
CUMCM-2018-B-003,2018,B,2018年数学建模国赛真题+优秀论文/2018年优秀论文/2018B：智能 RGV 的动态调度策略.pdf,225D97F5F63CA088C2F83113F698C454D2AF9846F5BB4F79A6FB53CFE135C8D6,99,text_based,FORMAL,catalog/papers.csv; catalog/paper_files.csv; catalog/scale/g8_paper_status.csv,2026-09-02T21:54:06+08:00,primary,True,PAPER
CUMCM-2011-D-048,2011,D,2011年数学建模国赛真题+优秀论文/2011年优秀论文/2011D：天然肠衣搭配问题(1)/规格3步骤25.lg4,3F8C4774D2ECE7E47B01882DAEC368E6EDFECD1EF437DF0499C1C46B6A3731FA,,NOT_ANALYZED,FORMAL,catalog/papers.csv; catalog/paper_files.csv; catalog/scale/g8_paper_status.csv,2026-09-02T21:54:06+08:00,primary,True,SUPPORTING_MATERIAL
CUMCM-2017-D-003,2017,D,2017年数学建模国赛真题+优秀论文/2017年优秀论文/2017D：巡检线路的排班 (1).pdf,397CC22AEE381F5E884A61A90FB67C80D4A2FBAE6AB8F317C7C68DC40219BF5E,26,text_based,FORMAL,catalog/papers.csv; catalog/paper_files.csv; catalog/scale/g8_paper_status.csv,2026-09-02T21:54:06+08:00,primary,True,PAPER
CUMCM-1995-A-008,1995,A,1995年数学建模国赛真题+优秀论文/1995年国赛优秀论文/1995A：空中防撞系统的设计.pdf,08E67D226D2780023FD8E24D091F081C68FA0DE68868691EAB08BA0D88BBC89F,2,image_based,FORMAL,catalog/papers.csv; catalog/paper_files.csv; catalog/scale/g8_paper_status.csv,2026-09-02T21:54:06+08:00,primary,True,PAPER
CUMCM-2007-A-014,2007,A,2007年数学建模国赛真题+优秀论文/2007年赛题/2007年国赛A题.doc,3DBFB70675EC349DBF8DB56C3B0563CEFC8F7C2F999A75F7BD7DF277480AEEF0,,NOT_ANALYZED,FORMAL,catalog/papers.csv; catalog/paper_files.csv; catalog/scale/g8_paper_status.csv,2026-09-02T21:54:06+08:00,primary,True,PROBLEM_PACKAGE
CUMCM-2019-B-004,2019,B,2019年数学建模国赛真题+优秀论文/2019年优秀论文/2019B：同心鼓运动模型的理论分析与策略研究.pdf,FDECE372D16A207FA7C4B3BD6DF08A459FF8F2BA9552DF4CA9AEDCC02D826E30,32,image_based,FORMAL,catalog/papers.csv; catalog/paper_files.csv; catalog/scale/g8_paper_status.csv,2026-09-02T21:54:06+08:00,primary,True,PAPER
CUMCM-1996-A-007,1996,A,1996年数学建模国赛真题+优秀论文/1996年国赛优秀论文/1996A：最优捕鱼策略问题答卷评述.pdf,2BD383B1BB38E93EC34C70DA8269EE0E7A883EEC93133823016B2E35DBEC6126,3,image_based,FORMAL,catalog/papers.csv; catalog/paper_files.csv; catalog/scale/g8_paper_status.csv,2026-09-02T21:54:06+08:00,primary,True,PAPER
CUMCM-1997-B-007,1997,B,1997年数学建模国赛真题+优秀论文/1997年国赛优秀论文/1997B：长方体材料截断切割的优化设计.pdf,E2A86C0188B188DB135A87DD41AF498679DC95D2D6931A2CF18E554CC05A6635,6,text_based,FORMAL,catalog/papers.csv; catalog/paper_files.csv; catalog/scale/g8_paper_status.csv,2026-09-02T21:54:06+08:00,primary,True,PAPER
CUMCM-2019-E-004,2019,E,2019年数学建模国赛真题+优秀论文/2019年优秀论文/2019E：“薄利多销”分析.pdf,6C4C3287FA48799B1A2DCC2AE38A384D99C58D599C3E4177DBD49929137B3576,20,image_based,FORMAL,catalog/papers.csv; catalog/paper_files.csv; catalog/scale/g8_paper_status.csv,2026-09-02T21:54:06+08:00,primary,True,PAPER
CUMCM-2014-C-010,2014,C,2014年数学建模国赛真题+优秀论文/2014优秀论文/2014C：生猪养殖场经营管理的研究/论文正文.pdf,EC1AE1437548ACC65AF1F32507E33368858B2FAA7CF0273FC18502CB9C405619,27,text_based,FORMAL,catalog/papers.csv; catalog/paper_files.csv; catalog/scale/g8_paper_status.csv,2026-09-02T21:54:06+08:00,primary,True,PAPER
CUMCM-2000-A-005,2000,A,2000年数学建模国赛真题+优秀论文/2000年国赛优秀论文/2000A：DNA分类模型.pdf,FB22E1231902AA036AE4EA61EA9948CA636F2B780A29A5AD487B092251B25EA0,9,text_based,FORMAL,catalog/papers.csv; catalog/paper_files.csv; catalog/scale/g8_paper_status.csv,2026-09-02T21:54:06+08:00,primary,True,PAPER
CUMCM-2011-D-049,2011,D,2011年数学建模国赛真题+优秀论文/2011年优秀论文/2011D：天然肠衣搭配问题(1)/降级10.lg4,A333DED03CEFB404A249BF93850F434CA6724917DF668409C912328351F19E05,,NOT_ANALYZED,FORMAL,catalog/papers.csv; catalog/paper_files.csv; catalog/scale/g8_paper_status.csv,2026-09-02T21:54:06+08:00,primary,True,SUPPORTING_MATERIAL
CUMCM-2010-D-005,2010,D,2010年数学建模国赛真题+优秀论文/2010年优秀论文/2010D：学生宿舍设计方案的评价.pdf,9D46A3D73FC99E838924785A04553909A97908E634CFAB6303AC4E2B45D353B2,32,text_based,FORMAL,catalog/papers.csv; catalog/paper_files.csv; catalog/scale/g8_paper_status.csv,2026-09-02T21:54:06+08:00,primary,True,PAPER
CUMCM-2002-A-015,2002,A,2002年数学建模国赛真题+优秀论文/2002年优秀论文/2002A：车灯线光源的优化设计模型 (2).pdf,94A24F2364FFF56E6B7BDBB4DC0F4D73FC27EF9FDBAA70F8A5620D118D477740,9,image_based,FORMAL,catalog/papers.csv; catalog/paper_files.csv; catalog/scale/g8_paper_status.csv,2026-09-02T21:54:06+08:00,primary,True,PAPER
CUMCM-2010-C-005,2010,C,2010年数学建模国赛真题+优秀论文/2010年赛题/2010年国赛C题.doc,8882D100E2DD210E1FDE90C11AE1DC89CDDE776BB101CD2DD2CDD553DF1A9626,,NOT_ANALYZED,FORMAL,catalog/papers.csv; catalog/paper_files.csv; catalog/scale/g8_paper_status.csv,2026-09-02T21:54:06+08:00,primary,True,PROBLEM_PACKAGE
CUMCM-2011-A-009,2011,A,2011年数学建模国赛真题+优秀论文/2011年优秀论文/2011A：城市表层土壤重金属污染分析（2）.pdf,61C217B57F5D8590D7E7FC13BA66E87282D21CDA4D3EF13D99F18B9E9EBE0816,25,text_based,FORMAL,catalog/papers.csv; catalog/paper_files.csv; catalog/scale/g8_paper_status.csv,2026-09-02T21:54:06+08:00,primary,True,PAPER
CUMCM-2012-A-005,2012,A,2012年数学建模国赛真题+优秀论文/2012年优秀论文/2012A：葡萄酒的评价/hdjay.sas,9F0F737B653B119A1C15E46D218E025AF1C1E3F261E4C4E25AFF439FA33263D3,,NOT_ANALYZED,FORMAL,catalog/papers.csv; catalog/paper_files.csv; catalog/scale/g8_paper_status.csv,2026-09-02T21:54:06+08:00,primary,True,SUPPORTING_MATERIAL
CUMCM-2007-B-011,2007,B,2007年数学建模国赛真题+优秀论文/2007年优秀论文/2007B：《基于多种评价方案的公交线路选择优化模型》.pdf,951DDC6AFABB3C693C09C9C9C92149827FA888E872439E3DD53A9E3FBE3A3794,25,text_based,FORMAL,catalog/papers.csv; catalog/paper_files.csv; catalog/scale/g8_paper_status.csv,2026-09-02T21:54:06+08:00,primary,True,PAPER
CUMCM-1996-A-008,1996,A,1996年数学建模国赛真题+优秀论文/1996年国赛优秀论文/1996A：最佳捕鱼策略的数学模型.pdf,0FDBCFDBD66735D7FCBAC1CF309657AAB2C37FDC914E0818F2508B4C53F93455,4,image_based,FORMAL,catalog/papers.csv; catalog/paper_files.csv; catalog/scale/g8_paper_status.csv,2026-09-02T21:54:06+08:00,primary,True,PAPER
CUMCM-2018-B-004,2018,B,2018年数学建模国赛真题+优秀论文/2018年优秀论文/2018B：基于 0-1 规划的单 RGV 动态调度模型.pdf,FE929769CD2910351FF17517E814D2F238D45CA08A261CA9FAE9425C8791CC30,56,text_based,FORMAL,catalog/papers.csv; catalog/paper_files.csv; catalog/scale/g8_paper_status.csv,2026-09-02T21:54:06+08:00,primary,True,PAPER
CUMCM-2012-A-006,2012,A,2012年数学建模国赛真题+优秀论文/2012年优秀论文/2012A：葡萄酒的评价 (2).pdf,7234E4BF2D7FC31811AB427D220CA427A48B95B37D549A9302CBE21EE1A9CB16,36,text_based,FORMAL,catalog/papers.csv; catalog/paper_files.csv; catalog/scale/g8_paper_status.csv,2026-09-02T21:54:06+08:00,primary,True,PAPER
CUMCM-2013-A-006,2013,A,2013年数学建模国赛真题+优秀论文/2013年国赛A题附录.doc,2E7FA8A775109A177ADB8CEF103BB1E1FE0B5D30EA7B08D5F68A98A051CD2DD8,,NOT_ANALYZED,FORMAL,catalog/papers.csv; catalog/paper_files.csv; catalog/scale/g8_paper_status.csv,2026-09-02T21:54:06+08:00,primary,True,PROBLEM_PACKAGE
CUMCM-2019-C-004,2019,C,2019年数学建模国赛真题+优秀论文/2019年优秀论文/2019C：机场出租车司机综合决策及机场出租车管理模型.pdf,355FB07C5007B06EB0B6DAEC79244510C15F5C8B918F51808D6884B0DB13668F,30,image_based,FORMAL,catalog/papers.csv; catalog/paper_files.csv; catalog/scale/g8_paper_status.csv,2026-09-02T21:54:06+08:00,primary,True,PAPER
CUMCM-2016-C-003,2016,C,2016年数学建模国赛真题+优秀论文/2016年优秀论文/2016C：电池剩余放电时间预测 (1).pdf,9871D6A49C88691D9244EDB2C048D649BABA4CE0EDA53F892DB987E8E7E568F3,20,text_based,FORMAL,catalog/papers.csv; catalog/paper_files.csv; catalog/scale/g8_paper_status.csv,2026-09-02T21:54:06+08:00,primary,True,PAPER
CUMCM-2003-B-011,2003,B,2003年数学建模国赛真题+优秀论文/2003年优秀论文/2003B：露天矿生产的车辆安排B.pdf,FC6D6D5F62F5ED7FC676BE234FA904B617642FCA842586514F6A83DE6B0D4264,8,image_based,FORMAL,catalog/papers.csv; catalog/paper_files.csv; catalog/scale/g8_paper_status.csv,2026-09-02T21:54:06+08:00,primary,True,PAPER
CUMCM-2002-B-008,2002,B,2002年数学建模国赛真题+优秀论文/2002年优秀论文/2002B：彩票方案的合理性优化1.pdf,BA2835F2FF6187D5F52CF41DD2BBA2CC41F3D45533B5DA4CFDD9E7A8D173BC2C,6,text_based,FORMAL,catalog/papers.csv; catalog/paper_files.csv; catalog/scale/g8_paper_status.csv,2026-09-02T21:54:06+08:00,primary,True,PAPER
CUMCM-2011-B-003,2011,B,2011年数学建模国赛真题+优秀论文/2011年优秀论文/2011B：交巡警服务平台的设置与调度（3）/交巡警服务平台的设置与调度.pdf,E0C41FB5E5AE5DB3D0A87C40D1A49F6C188C539D3395F37D672C6CD1EBAFC9A0,31,text_based,FORMAL,catalog/papers.csv; catalog/paper_files.csv; catalog/scale/g8_paper_status.csv,2026-09-02T21:54:06+08:00,primary,False,PAPER
CUMCM-2017-D-004,2017,D,2017年数学建模国赛真题+优秀论文/2017年优秀论文/2017D：巡检线路的排班 (3).pdf,71AA15F0EA4EE6F196F1F1BBF38C1528C0C0A1E3FB10A917EDBCD291F8B417D9,30,text_based,FORMAL,catalog/papers.csv; catalog/paper_files.csv; catalog/scale/g8_paper_status.csv,2026-09-02T21:54:06+08:00,primary,True,PAPER
CUMCM-2016-A-006,2016,A,2016年数学建模国赛真题+优秀论文/2016年优秀论文/2016A：基于极值系泊系统设计 (3).pdf,8782CBFC3FE587AB513CBF29A72FA6B7F1C3A175831D16D906AF854D564CB3B0,39,text_based,FORMAL,catalog/papers.csv; catalog/paper_files.csv; catalog/scale/g8_paper_status.csv,2026-09-02T21:54:06+08:00,primary,True,PAPER
CUMCM-1996-B-004,1996,B,1996年数学建模国赛真题+优秀论文/1996年国赛优秀论文/1996B：洗衣机的节水优化模型.pdf,907E9301526E62FC341CE96A0FA8832CF83824643CF528AACEE2EC4033E4A283,5,image_based,FORMAL,catalog/papers.csv; catalog/paper_files.csv; catalog/scale/g8_paper_status.csv,2026-09-02T21:54:06+08:00,primary,True,PAPER
CUMCM-2020-C-004,2020,C,2020年数学建模国赛真题+优秀论文/2020年赛题/2020年国赛C题.docx,A540D0612422D2419AE34CACE2EE11A15B5F68E427E006EE7041842641EB7C69,,NOT_ANALYZED,FORMAL,catalog/papers.csv; catalog/paper_files.csv; catalog/scale/g8_paper_status.csv,2026-09-02T21:54:06+08:00,primary,True,PROBLEM_PACKAGE
CUMCM-2000-A-006,2000,A,2000年数学建模国赛真题+优秀论文/2000年国赛优秀论文/2000A：DNA序列的分类模型.pdf,5528D87476102142BB539FCAF2866194D573E2F569EDEE683AE1EA25131824CA,9,text_based,FORMAL,catalog/papers.csv; catalog/paper_files.csv; catalog/scale/g8_paper_status.csv,2026-09-02T21:54:06+08:00,primary,True,PAPER
CUMCM-2007-A-015,2007,A,2007年数学建模国赛真题+优秀论文/2007年优秀论文/2007A：《中国人口区域结构向量模型》.pdf,3DF1A059C2CDBD8FC6D7C4B7333D66AC16A1F452C7527B24B785618D2411497D,7,image_based,FORMAL,catalog/papers.csv; catalog/paper_files.csv; catalog/scale/g8_paper_status.csv,2026-09-02T21:54:06+08:00,primary,True,PAPER
CUMCM-2007-B-012,2007,B,2007年数学建模国赛真题+优秀论文/2007年优秀论文/2007B：《公交线路的综合选择》.pdf,14A15A05719CD6E28F81FCCD62C92ECC929776345A587DA5FF72A7E1E60F4EFD,18,text_based,FORMAL,catalog/papers.csv; catalog/paper_files.csv; catalog/scale/g8_paper_status.csv,2026-09-02T21:54:06+08:00,primary,True,PAPER
CUMCM-2008-D-005,2008,D,2008年数学建模国赛真题+优秀论文/2008年优秀论文/2008D：《NBA赛程的分析与评价》 (2).pdf,00788685A073E8589D096AB1AABAC95F95B787BA54A748D1BFDC163018CD2B28,12,text_based,FORMAL,catalog/papers.csv; catalog/paper_files.csv; catalog/scale/g8_paper_status.csv,2026-09-02T21:54:06+08:00,primary,True,PAPER
CUMCM-2012-D-015,2012,D,2012年数学建模国赛真题+优秀论文/2012年优秀论文/2012D：机器人避障问题 (1)/OA.fig,307DA676A9CF2B1B567F06178EA3570F0BD5006BE2FC8B4331CDE75380845684,,NOT_ANALYZED,FORMAL,catalog/papers.csv; catalog/paper_files.csv; catalog/scale/g8_paper_status.csv,2026-09-02T21:54:06+08:00,primary,True,SUPPORTING_MATERIAL
CUMCM-2013-B-004,2013,B,2013年数学建模国赛真题+优秀论文/2013B：碎纸复原模型与算法.pdf,1104B87268B500B922C95ED5B3D04840458AC1BF4E5D9031C1B3A45942B73806,,NOT_ANALYZED,FORMAL,catalog/papers.csv; catalog/paper_files.csv; catalog/scale/g8_paper_status.csv,2026-09-02T21:54:06+08:00,primary,True,PROBLEM_PACKAGE
CUMCM-2002-B-009,2002,B,2002年数学建模国赛真题+优秀论文/2002年优秀论文/2002B：彩票运行方案的合理性研究.pdf,61C8C7D4F04E5208725BAB828918292D3FCF2B964D252F21A30EB0875E50D095,6,text_based,FORMAL,catalog/papers.csv; catalog/paper_files.csv; catalog/scale/g8_paper_status.csv,2026-09-02T21:54:06+08:00,primary,True,PAPER
CUMCM-2000-D-003,2000,D,2000年数学建模国赛真题+优秀论文/2000年国赛优秀论文/2000D：空洞探测的最优解法.pdf,730A766E1DF02D427CD8BACDF7B80B120ABEFE434290A4284E958EE9DD38D6EA,3,text_based,FORMAL,catalog/papers.csv; catalog/paper_files.csv; catalog/scale/g8_paper_status.csv,2026-09-02T21:54:06+08:00,primary,True,PAPER
CUMCM-2017-C-004,2017,C,2017年数学建模国赛真题+优秀论文/2017年优秀论文/2017C：颜色与物质浓度辨识 (2).pdf,19BB25248431FEA02A220E7A08084753813D2573826A619D3F12572AF5C7296C,16,text_based,FORMAL,catalog/papers.csv; catalog/paper_files.csv; catalog/scale/g8_paper_status.csv,2026-09-02T21:54:06+08:00,primary,True,PAPER
CUMCM-2012-A-007,2012,A,2012年数学建模国赛真题+优秀论文/2012年优秀论文/2012A：葡萄酒的评价 (1).pdf,949381E5CBA1B4DC27E278E804288D75B8213A555E4DA83F20ED99B4D5655352,20,text_based,FORMAL,catalog/papers.csv; catalog/paper_files.csv; catalog/scale/g8_paper_status.csv,2026-09-02T21:54:06+08:00,primary,True,PAPER
CUMCM-2009-B-008,2009,B,2009年数学建模国赛真题+优秀论文/2009年优秀论文/2009B：眼科病床的合理安排模型.pdf,025BCFD5A5FC8CBC1B01112EDA08FD0D270C67FB838D3B2BC11E4723BCD680D7,17,text_based,FORMAL,catalog/papers.csv; catalog/paper_files.csv; catalog/scale/g8_paper_status.csv,2026-09-02T21:54:06+08:00,primary,True,PAPER
CUMCM-2011-B-004,2011,B,2011年数学建模国赛真题+优秀论文/2011年优秀论文/2011B：交巡警服务平台的设置与调度（1）.pdf,7A46613BBCC4B7884046B584E644D1B5D02105CCFA1F6C49D1FEFF947635B12C,19,text_based,FORMAL,catalog/papers.csv; catalog/paper_files.csv; catalog/scale/g8_paper_status.csv,2026-09-02T21:54:06+08:00,primary,True,PAPER
CUMCM-2021-B-B007,2021,B,2021年数学建模国赛真题+优秀论文/2021年国赛优秀论文B题-B007/B1.jpg,C687EC4B8F274A3F2DD3D8DBDD4E93160FB869317A39769921949FD1D739CC28,,NOT_ANALYZED,FORMAL,catalog/papers.csv; catalog/paper_files.csv; catalog/scale/g8_paper_status.csv,2026-09-02T21:54:06+08:00,primary,False,PAPER
CUMCM-2021-B-B026,2021,B,2021年数学建模国赛真题+优秀论文/2021年国赛优秀论文B题-B026/B1.jpg,DCBBF4C7A13F3AED3BCB8815EF93EC3B6DEA5392AC4C2482D2BCA25310DAB906,,NOT_ANALYZED,FORMAL,catalog/papers.csv; catalog/paper_files.csv; catalog/scale/g8_paper_status.csv,2026-09-02T21:54:06+08:00,primary,False,PAPER
CUMCM-2021-B-B050,2021,B,2021年数学建模国赛真题+优秀论文/2021年国赛优秀论文B题-B050/B1.jpg,C6BE943BF780B63CEB6604428FDA51945F454F1043F8D8CD0C9B755A938D8C17,,NOT_ANALYZED,FORMAL,catalog/papers.csv; catalog/paper_files.csv; catalog/scale/g8_paper_status.csv,2026-09-02T21:54:06+08:00,primary,False,PAPER
CUMCM-2021-A-A115,2021,A,2021年数学建模国赛真题+优秀论文/2021年国赛优秀论文A题-A115/A1.jpg,C4CCFAC9EAC03AD8B833E2E595A23E9F1A7EA0CBBF68A94205035C3A1CCF6B3D,,NOT_ANALYZED,FORMAL,catalog/papers.csv; catalog/paper_files.csv; catalog/scale/g8_paper_status.csv,2026-09-02T21:54:06+08:00,primary,False,PAPER
CUMCM-2021-E-E014,2021,E,2021年数学建模国赛真题+优秀论文/2021年国赛优秀论文E题-E014/E1.jpg,5CD1E5B933E7BB2238C3CD4A48ADF250527F674AFB2F0DBC1263388519E615CE,,NOT_ANALYZED,FORMAL,catalog/papers.csv; catalog/paper_files.csv; catalog/scale/g8_paper_status.csv,2026-09-02T21:54:06+08:00,primary,False,PAPER
CUMCM-2021-A-A028,2021,A,2021年数学建模国赛真题+优秀论文/2021年国赛优秀论文A题-A028/A1.jpg,339F0E41B101537C5DFAE8A0BA9ECAA434948D8791724C671091E4DFAA7C1A27,,NOT_ANALYZED,FORMAL,catalog/papers.csv; catalog/paper_files.csv; catalog/scale/g8_paper_status.csv,2026-09-02T21:54:06+08:00,primary,False,PAPER
CUMCM-2021-C-C085,2021,C,2021年数学建模国赛真题+优秀论文/2021年国赛优秀论文C题-C085/C1.jpg,24D7E77815731CDAD56457C691FB63EFD8A1ABD70A15FF6E9519549B6C008449,,NOT_ANALYZED,FORMAL,catalog/papers.csv; catalog/paper_files.csv; catalog/scale/g8_paper_status.csv,2026-09-02T21:54:06+08:00,primary,False,PAPER
CUMCM-2022-C-C229,2022,C,2022年数学建模国赛真题+优秀论文/2022年国赛优秀论文C题C229/8122397.jpg,91A05808CCE3A469785B84B91F738760A6A40CECE36A099CE98E034F29E2FF1F,,NOT_ANALYZED,FORMAL,catalog/papers.csv; catalog/paper_files.csv; catalog/scale/g8_paper_status.csv,2026-09-02T21:54:06+08:00,primary,False,PAPER
CUMCM-2021-A-A217,2021,A,2021年数学建模国赛真题+优秀论文/2021年国赛优秀论文A题-A217/A1.jpg,161768AEB1E9D258E31A46F476DE676A22F57AE9AEA27978BA88DCB20CAC22D5,,NOT_ANALYZED,FORMAL,catalog/papers.csv; catalog/paper_files.csv; catalog/scale/g8_paper_status.csv,2026-09-02T21:54:06+08:00,primary,False,PAPER
CUMCM-2021-E-E025,2021,E,2021年数学建模国赛真题+优秀论文/2021年国赛优秀论文E题-E025/E1.jpg,AA8D7B9FAD876342DB9A929AC349DD1C7C14C9AAB9508C2D655A4A8B95559692,,NOT_ANALYZED,FORMAL,catalog/papers.csv; catalog/paper_files.csv; catalog/scale/g8_paper_status.csv,2026-09-02T21:54:06+08:00,primary,False,PAPER
CUMCM-2021-D-D026,2021,D,2021年数学建模国赛真题+优秀论文/2021年国赛优秀论文D题-D026/D1.jpg,BFD4A4CE494B06AF94DC8A19AC4FA2F58008238292B37643045C05CDD01D4BD8,,NOT_ANALYZED,FORMAL,catalog/papers.csv; catalog/paper_files.csv; catalog/scale/g8_paper_status.csv,2026-09-02T21:54:06+08:00,primary,False,PAPER
CUMCM-2021-C-C066,2021,C,2021年数学建模国赛真题+优秀论文/2021年国赛优秀论文C题-C066/C1.jpg,1CF669C857E11FD25958DCA7954A9C5F1A4F616DAFB6FD44E6275C73FA4CFCF3,,NOT_ANALYZED,FORMAL,catalog/papers.csv; catalog/paper_files.csv; catalog/scale/g8_paper_status.csv,2026-09-02T21:54:06+08:00,primary,False,PAPER
CUMCM-2021-D-D017,2021,D,2021年数学建模国赛真题+优秀论文/2021年国赛优秀论文D题-D017/D1.jpg,ACA3B9486DC296F9380F9EF3E657C5DE2C718F62388AA96B89C70A457567DAA9,,NOT_ANALYZED,FORMAL,catalog/papers.csv; catalog/paper_files.csv; catalog/scale/g8_paper_status.csv,2026-09-02T21:54:06+08:00,primary,False,PAPER
CUMCM-2021-E-E037,2021,E,2021年数学建模国赛真题+优秀论文/2021年国赛优秀论文E题-E037/E1.jpg,17AFC86E098AD0A88D6C75DC699EC70FD5C5848C68CBDB492F970D3DECBBFE27,,NOT_ANALYZED,FORMAL,catalog/papers.csv; catalog/paper_files.csv; catalog/scale/g8_paper_status.csv,2026-09-02T21:54:06+08:00,primary,False,PAPER
CUMCM-2022-E-E014,2022,E,2022年数学建模国赛真题+优秀论文/2022年国赛优秀论文E题E014/8122239.jpg,DFA068914E29070A744E23D89E0A2AF25027025A945BF5B8F9C04756FB00EAA8,,NOT_ANALYZED,FORMAL,catalog/papers.csv; catalog/paper_files.csv; catalog/scale/g8_paper_status.csv,2026-09-02T21:54:06+08:00,primary,False,PAPER
CUMCM-2021-C-C283,2021,C,2021年数学建模国赛真题+优秀论文/2021年国赛优秀论文C题-C283/C1.jpg,493F17CAAB4B2B076420C0FCB179CFAAE3A95E1F41E967F6F3827BD22C5F6BE4,,NOT_ANALYZED,FORMAL,catalog/papers.csv; catalog/paper_files.csv; catalog/scale/g8_paper_status.csv,2026-09-02T21:54:06+08:00,primary,False,PAPER
CUMCM-2021-D-D034,2021,D,2021年数学建模国赛真题+优秀论文/2021年国赛优秀论文D题-D034/D1.jpg,E4B7ADA72E78AED02A11012DF408685A1658D47BDC9B4623A7BC239EAC20EBA0,,NOT_ANALYZED,FORMAL,catalog/papers.csv; catalog/paper_files.csv; catalog/scale/g8_paper_status.csv,2026-09-02T21:54:06+08:00,primary,False,PAPER
CUMCM-2021-B-B106,2021,B,2021年数学建模国赛真题+优秀论文/2021年国赛优秀论文B题-B106/B1.jpg,C2006CC92DDDA31601271F31FAC56DC2C53D04B5A30215E7B08A0555DED45718,,NOT_ANALYZED,FORMAL,catalog/papers.csv; catalog/paper_files.csv; catalog/scale/g8_paper_status.csv,2026-09-02T21:54:06+08:00,primary,False,PAPER
CUMCM-2021-C-C169,2021,C,2021年数学建模国赛真题+优秀论文/2021年国赛优秀论文C题-C169/C1.jpg,733C555ACDE12B8E8FEAA88A1AEFE199E696DB16BF0C565C58D25D2AD3FBCD8D,,NOT_ANALYZED,FORMAL,catalog/papers.csv; catalog/paper_files.csv; catalog/scale/g8_paper_status.csv,2026-09-02T21:54:06+08:00,primary,False,PAPER
CUMCM-2013-B-005,2013,B,2013年数学建模国赛真题+优秀论文/2013年国赛B题附件/000.bmp,4C221C340B036E6A5181191CF15B8CFEB4F935611137BBE52C0C8AD7A7233E34,,NOT_ANALYZED,FORMAL,catalog/papers.csv; catalog/paper_files.csv; catalog/scale/g8_paper_status.csv,2026-09-02T21:54:06+08:00,primary,False,PROBLEM_PACKAGE
CUMCM-2013-B-006,2013,B,2013年数学建模国赛真题+优秀论文/2013年国赛B题附件 (5)/000a.bmp,EC6FA63614765F323A881677A72D6D0F37802C0BB3F80632229588C555AABDE5,,NOT_ANALYZED,FORMAL,catalog/papers.csv; catalog/paper_files.csv; catalog/scale/g8_paper_status.csv,2026-09-02T21:54:06+08:00,primary,False,PROBLEM_PACKAGE
CUMCM-2025-A-A066,2025,A,2025年数学建模国赛真题+优秀论文/2025数学建模国赛优秀论文/A066.pdf,9C14EAB19304FE45A36E45A965FA740E2636690630ECD8528335D4E4AEC3E2D4,,NOT_ANALYZED,FORMAL,catalog/papers.csv; catalog/paper_files.csv; catalog/scale/g8_paper_status.csv,2026-09-02T21:54:06+08:00,primary,True,NOT_IN_G8_STATUS
CUMCM-2025-A-A196,2025,A,2025年数学建模国赛真题+优秀论文/2025数学建模国赛优秀论文/A196.pdf,B5FB5FE4B2D06998BC85BB9276CF16AFC1755913D91F18C01D5209F8F13ADA92,,NOT_ANALYZED,FORMAL,catalog/papers.csv; catalog/paper_files.csv; catalog/scale/g8_paper_status.csv,2026-09-02T21:54:06+08:00,primary,True,NOT_IN_G8_STATUS
CUMCM-2025-B-B060,2025,B,2025年数学建模国赛真题+优秀论文/2025数学建模国赛优秀论文/B060.pdf,17C1B7E255DCBB8E8AC34C0A750E39D7DF1EE4A5ED0D0323B46388F168090330,,NOT_ANALYZED,FORMAL,catalog/papers.csv; catalog/paper_files.csv; catalog/scale/g8_paper_status.csv,2026-09-02T21:54:06+08:00,primary,True,NOT_IN_G8_STATUS
CUMCM-2025-C-C023,2025,C,2025年数学建模国赛真题+优秀论文/2025数学建模国赛优秀论文/C023.pdf,515FD73059B427606FFD099781A124D34BAC3306BEE87C61D47259622351EB17,,NOT_ANALYZED,FORMAL,catalog/papers.csv; catalog/paper_files.csv; catalog/scale/g8_paper_status.csv,2026-09-02T21:54:06+08:00,primary,True,NOT_IN_G8_STATUS
CUMCM-2025-C-C132,2025,C,2025年数学建模国赛真题+优秀论文/2025数学建模国赛优秀论文/C132.pdf,08EC307CDC65A673E6838E2E3D00B2337DA414E7891284617E10F370E5F246B5,,NOT_ANALYZED,FORMAL,catalog/papers.csv; catalog/paper_files.csv; catalog/scale/g8_paper_status.csv,2026-09-02T21:54:06+08:00,primary,True,NOT_IN_G8_STATUS
CUMCM-2025-D-D037,2025,D,2025年数学建模国赛真题+优秀论文/2025数学建模国赛优秀论文/D037.pdf,BDBED46FF5D5841AF82FA6441C8AB3D83A62658672857E445DEADFD8DAD1F0AC,,NOT_ANALYZED,FORMAL,catalog/papers.csv; catalog/paper_files.csv; catalog/scale/g8_paper_status.csv,2026-09-02T21:54:06+08:00,primary,True,NOT_IN_G8_STATUS
CUMCM-2025-E-E030,2025,E,2025年数学建模国赛真题+优秀论文/2025数学建模国赛优秀论文/E030.pdf,7270DACAB35167E998141D5D34C34D12A912B3620249A892697211F24D009E0D,,NOT_ANALYZED,FORMAL,catalog/papers.csv; catalog/paper_files.csv; catalog/scale/g8_paper_status.csv,2026-09-02T21:54:06+08:00,primary,True,NOT_IN_G8_STATUS
