abstract_present,appendix_present,authors,award,bottom_margin_mm,bottom_margin_q1_mm,bottom_margin_q3_mm,created_at,detected_font_families,eligible_for_layout_analysis,eligible_for_typography_analysis,equation_candidate_count,figure_caption_count,font_metadata_available,footer_present,formal_membership,g8_overall_status,g8_quality,g8_subject_type,has_encoding_issues,header_present,height_mm,height_pt,identity_source,institution,is_A4,is_complex_layout,keywords_present,layout_analysis_available,left_margin_mm,left_margin_q1_mm,left_margin_q3_mm,margin_page_count,mixed_page_size,notes,orientation,page_count,page_count_catalog,page_number_position,page_number_present,pages_needing_ocr,pages_with_columns,pages_with_tables,paper_id,pdf_confidence,pdf_type,problem,problem_code,raw_pdf_fonts,reference_entry_count,reference_present,right_margin_mm,right_margin_q1_mm,right_margin_q3_mm,semantic_exclusion,source_canonical,source_exists,source_path,source_role,source_sha256,source_sha256_catalog,status,table_caption_count,text_item_count,text_layer_available,title,title_text,top_margin_mm,top_margin_q1_mm,top_margin_q3_mm,updated_at,width_mm,width_pt,year
,,unknown,unknown,,,,2026-08-18T00:06:15+08:00,,0,0,,,0,,FORMAL,INELIGIBLE,,PROBLEM_PACKAGE,,,,,catalog/papers.csv; catalog/paper_files.csv; catalog/scale/g8_paper_status.csv,unknown,,,,0,,,,,,No analyzable PAPER PDF selected; identity retained in full corpus inventory.,UNKNOWN,,,,,,,,CUMCM-2019-A-001,,NOT_ANALYZED,A,A,,,,,,,,True,1,2019年数学建模国赛真题+优秀论文/2019年赛题/2019年国赛A题.pdf,primary,5C44F9C6E9C3030E28A3D3878BA8A81A83F1B3CA7DA6541E41D66C9260094502,5C44F9C6E9C3030E28A3D3878BA8A81A83F1B3CA7DA6541E41D66C9260094502,active,,,0,unknown,,,,,2026-08-18T00:06:15+08:00,,,2019
0,0,unknown,unknown,,,,2026-08-18T00:06:15+08:00,KaiTi;Times New Roman,1,1,0,0,1,0,FORMAL,COMPLETE,Q2,PAPER,0,1,296.6861111111111,841.0,catalog/papers.csv; catalog/paper_files.csv; catalog/scale/g8_paper_status.csv,unknown,True,0,0,1,,,,0,False,,PORTRAIT,7,,UNKNOWN,0,,,,CUMCM-2003-D-001,1.0,text_based,D,D,------------------------------------;Times-Roman;KaiTi,0,0,,,,,True,1,2003年数学建模国赛真题+优秀论文/2003年优秀论文/2003D：抢渡长江的数学模型（2）.pdf,primary,4AAE7A6D1021D49FAFD1CDC63020EF7F72BB95C359E692E76C84B1DD39784647,4AAE7A6D1021D49FAFD1CDC63020EF7F72BB95C359E692E76C84B1DD39784647,active,0,35,1,unknown,,,,,2026-08-18T00:06:15+08:00,209.90277777777777,595.0,2003
0,0,unknown,unknown,16.122,16.034,16.228,2026-08-18T00:06:15+08:00,KaiTi;SimSun/Song;Syntax;Times New Roman;cajcd-fntaa;cajcd-fntbd;cajcd-fntlt,1,1,172,0,1,1,FORMAL,COMPLETE,Q2,PAPER,0,1,248.70833333333334,705.0,catalog/papers.csv; catalog/paper_files.csv; catalog/scale/g8_paper_status.csv,unknown,False,0,0,1,12.841,12.594,12.876,3,False,,PORTRAIT,4,,TOP,1,,,,CUMCM-2000-B-001,1.0,text_based,B,B,------------------------------------;STSong-Light;Times-Roman;cajcd-fntaa;Times-Italic;Times-Bold;KaiTi;cajcd-fntbd;cajcd-fntlt;Syntax;Syntax;Syntax;Syntax;Syntax;Syntax;Syntax;Syntax;Syntax;Syntax;Syntax;Syntax;Syntax;Syntax;Syntax;Syntax;Syntax;Syntax;Syntax;Syntax;Syntax;Syntax;Syntax;Syntax;Syntax;Syntax;Syntax;Syntax;Syntax;Syntax;Syntax;Syntax;Syntax;Syntax;Syntax;Syntax;Syntax;Syntax;Syntax;Syntax;Syntax;Syntax;Syntax;Syntax;Syntax;Syntax;Syntax;Syntax;Syntax;Syntax;Syntax;Syntax;Syntax;Syntax;Syntax;Syntax;Syntax;Syntax;Syntax;Syntax;Syntax;Syntax;Syntax;Syntax;Syntax;Syntax;Syntax;Syntax;Syntax;Syntax;Syntax;Syntax;Syntax;Syntax;Syntax;Syntax;Syntax;Syntax;Syntax;Syntax;Syntax;Syntax;Syntax;Syntax;Syntax;Syntax;Syntax;Syntax;Syntax;Syntax;Syntax;Syntax;Syntax;Syntax;Syntax;Syntax;Syntax;Syntax;Syntax;Syntax;Syntax;Syntax;Syntax;Syntax;Syntax;Syntax;Syntax;Syntax;Syntax;Syntax;Syntax;Syntax;Syntax;Syntax;Syntax;Syntax;Syntax;Syntax;Syntax;Syntax;Syntax;Syntax;Syntax;Syntax;Syntax;Syntax;Syntax;Syntax;Syntax;Syntax;Syntax;Syntax;Syntax;Syntax;Syntax;Syntax;Syntax;Syntax;Syntax;Syntax;Syntax;Syntax;Syntax;Syntax;Syntax;Syntax;Syntax;Syntax;Syntax;Syntax;Syntax;Syntax;Syntax;Syntax;Syntax;Syntax;Syntax;Syntax;Syntax;Syntax;Syntax;Syntax;Syntax;Syntax;Syntax;Syntax;Syntax;Syntax;Syntax;Syntax;Syntax;Syntax;Syntax;Syntax;Syntax;Syntax;Syntax;Syntax;Syntax;Syntax;Syntax;Syntax;Syntax;Syntax;Syntax;Syntax;Syntax;Syntax;Syntax;Syntax;Syntax;Syntax;Syntax;Syntax;Syntax;Syntax;Syntax;Syntax;Syntax;Syntax;Syntax;Syntax;Syntax;Syntax;Syntax;Syntax;Syntax;Syntax;Syntax;Syntax;Syntax;Syntax;Syntax;Syntax;Syntax;Syntax;Syntax;Syntax;Syntax;Syntax;Syntax;Syntax;Syntax;Syntax;Syntax;Syntax;Syntax;Syntax;Syntax;Syntax;Syntax;Syntax;Syntax;Syntax;Syntax;Syntax;Syntax;Syntax;Syntax;Syntax;Syntax;Syntax;Syntax;Syntax;Syntax;Syntax;Syntax;Syntax;Syntax;Syntax;Syntax;Syntax;Syntax;Syntax;Syntax;Syntax;Syntax;Syntax;Syntax;Syntax;Syntax;Syntax;Syntax;Syntax;Syntax;Syntax;Syntax;Syntax;Syntax;Syntax;Syntax;Syntax;Syntax;Syntax;Syntax;Syntax;Syntax;Syntax;Syntax;Syntax;Syntax;Syntax;Syntax;Syntax;Syntax;Syntax;Syntax;Syntax;Syntax;Syntax;Syntax;Syntax;Syntax;Syntax;Syntax;Syntax;Syntax;Syntax;Syntax;Syntax;Syntax;Syntax;Syntax;Syntax;Syntax;Syntax;Syntax;Syntax;Syntax;Syntax;Syntax;Syntax;Syntax;Syntax;Syntax;Syntax;Syntax;Syntax;Syntax;Syntax;Syntax;Syntax;Syntax;Syntax;Syntax;Syntax;Syntax;Syntax;Syntax;Syntax;Syntax;Syntax;Syntax;Syntax;Syntax;Syntax;Syntax;Syntax;Syntax;Syntax;Syntax;Syntax;Syntax;Syntax;Syntax;Syntax;Syntax;Syntax;Syntax;Syntax;Syntax;Syntax;Syntax;Syntax;Syntax;Syntax;Syntax;Syntax;Syntax;Syntax;Syntax;Syntax;Syntax;Syntax;Syntax;Syntax;Syntax;Syntax;Syntax;Syntax;Syntax;Syntax;Syntax;Syntax;Syntax;Syntax;Syntax;Syntax;Syntax;Syntax;Syntax;Syntax;Syntax;Syntax;Syntax;Syntax;Syntax;Syntax;Syntax;Syntax;Syntax;Syntax;Syntax;Syntax;Syntax;Syntax;Syntax;Syntax;Syntax;Syntax;Syntax;Syntax;Syntax;Syntax;Syntax;Syntax;Syntax;Syntax;Syntax;Syntax;Syntax;Syntax;Syntax;Syntax;Syntax;Syntax;Syntax;Syntax;Syntax;Syntax;Syntax;Syntax;Syntax;Syntax;Syntax;Syntax;Syntax;Syntax;Syntax;Syntax;Syntax;Syntax;Syntax;Syntax;Syntax;Syntax;Syntax;Syntax;Syntax;Syntax;Syntax;Syntax;Syntax;Syntax;Syntax;Syntax;Syntax;Syntax;Syntax;Syntax;Syntax;Syntax;Syntax;Syntax;Syntax;Syntax;Syntax;Syntax;Syntax;Syntax;Syntax;Syntax;Syntax;Syntax;Syntax;Syntax;Syntax;Syntax;Syntax;Syntax;Syntax;Syntax;Syntax;Syntax;Syntax;Syntax;Syntax;Syntax;Syntax;Syntax;Syntax;Syntax;Syntax;Syntax;Syntax;Syntax;Syntax;Syntax;Syntax;Syntax;Syntax;Syntax;Syntax;Syntax;Syntax;Syntax;Syntax;Syntax;Syntax;Syntax;Syntax;Syntax;Syntax;Syntax;Syntax;Syntax;Syntax;Syntax;Syntax;Syntax;Syntax;Syntax;Syntax;Syntax;Syntax;Syntax;Syntax;Syntax;Syntax;Syntax;Syntax;Syntax;Syntax;Syntax;Syntax;Syntax;Syntax;Syntax;Syntax;Syntax;Syntax;Syntax;Syntax;Syntax;Syntax;Syntax;Syntax;Syntax;Syntax;Syntax;Syntax,4,0,10.125,10.125,10.142,,True,1,2000年数学建模国赛真题+优秀论文/2000年国赛优秀论文/2000B：管道订购与运输问题.pdf,primary,928130C1395319B8BB1B9877F91E08B6C53978ABE4FABB553B98041834D0DF1C,928130C1395319B8BB1B9877F91E08B6C53978ABE4FABB553B98041834D0DF1C,active,0,690,1,unknown,M A TH EM A T ICSINPRA CT ICE ANDTH EO R Y,14.146,14.146,14.146,2026-08-18T00:06:15+08:00,167.56944444444446,475.0,2000
0,0,unknown,unknown,,,,2026-08-18T00:06:15+08:00,KaiTi;Times New Roman,1,1,0,0,1,0,FORMAL,COMPLETE,Q2,PAPER,0,1,296.6861111111111,841.0,catalog/papers.csv; catalog/paper_files.csv; catalog/scale/g8_paper_status.csv,unknown,True,0,0,1,,,,0,False,,PORTRAIT,6,,UNKNOWN,0,,,,CUMCM-2001-A-001,1.0,text_based,A,A,------------------------------------;Times-Roman;KaiTi,0,0,,,,,True,1,2001年数学建模国赛真题+优秀论文/2001年国赛优秀论文/2001A：血管切片的三维重建.pdf,primary,1B2A5BE4A875E37494661432EA4FB9B0945500C9AF8D24CA374CDDE1C211AADB,1B2A5BE4A875E37494661432EA4FB9B0945500C9AF8D24CA374CDDE1C211AADB,active,0,30,1,unknown,,,,,2026-08-18T00:06:15+08:00,209.90277777777777,595.0,2001
0,0,unknown,unknown,,,,2026-08-18T00:06:15+08:00,KaiTi;Times New Roman,1,1,0,0,1,0,FORMAL,COMPLETE,Q2,PAPER,0,1,296.6861111111111,841.0,catalog/papers.csv; catalog/paper_files.csv; catalog/scale/g8_paper_status.csv,unknown,True,0,0,1,,,,0,False,,PORTRAIT,7,,UNKNOWN,0,,,,CUMCM-2002-B-001,1.0,text_based,B,B,------------------------------------;Times-Roman;KaiTi,0,0,,,,,True,1,2002年数学建模国赛真题+优秀论文/2002年优秀论文/2002B：彩票方案的评价.pdf,primary,0ACA3F7090683F9B8E5FB9D24765CE3E4ED11F7F44DE277EF6FA0F1D7EA8A448,0ACA3F7090683F9B8E5FB9D24765CE3E4ED11F7F44DE277EF6FA0F1D7EA8A448,active,0,35,1,unknown,,,,,2026-08-18T00:06:15+08:00,209.90277777777777,595.0,2002
1,0,unknown,unknown,18.221,18.221,18.221,2026-08-18T00:06:15+08:00,KaiTi;SimHei;SimSun/Song;SymbolMT;Times New Roman,1,1,138,0,1,1,FORMAL,COMPLETE,Q2,PAPER,0,0,297.00361111111107,841.9,catalog/papers.csv; catalog/paper_files.csv; catalog/scale/g8_paper_status.csv,unknown,True,0,1,1,25.019,25.019,25.019,8,False,,PORTRAIT,9,,BOTTOM,1,,,,CUMCM-2008-C-001,1.0,text_based,C,C,------------------------------------;XEKKFX+SimHei;LNUHNF+SimSun;TZCMBP+SymbolMT;AUWCNV+TimesNewRomanPSMT;KaiTi;TYEPLS+TimesNewRomanPS-ItalicMT,9,0,24.546,22.895,25.012,,True,1,2008年数学建模国赛真题+优秀论文/2008年优秀论文/2008C：《地面搜索的安排计划》.pdf,primary,8A9D26961D3D8192C9A4C7E86CA635D140F7DB561E8D5870D31FD415420D6657,8A9D26961D3D8192C9A4C7E86CA635D140F7DB561E8D5870D31FD415420D6657,active,0,555,1,unknown,地面搜索的安排计划 | 值为 t=140/3 » 46.667(h)。然而提出缩短每个组员非搜索行进路程的措施——采用走斜,25.079,25.079,37.162,2026-08-18T00:06:15+08:00,210.00861111111107,595.3,2008
0,0,unknown,unknown,,,,2026-08-18T00:06:15+08:00,KaiTi,1,0,0,0,1,0,FORMAL,Q3_MANUAL_REQUIRED,Q3,PAPER,0,0,285.115,808.2,catalog/papers.csv; catalog/paper_files.csv; catalog/scale/g8_paper_status.csv,unknown,False,0,0,1,,,,0,False,font_or_text_layer_not_reliable,PORTRAIT,46,,UNKNOWN,0,"1,2,3,4,5,6,7,8,9,10,11,12,13,14,15,16,17,18,19,20,21,22,23,24,25,26,27,28,29,30,31,32,33,34,35,36,37,38,39,40,41,42,43,44,45,46",,,CUMCM-2020-D-001,0.8,image_based,D,D,------------------------------------;KaiTi,0,0,,,,,True,1,2020年数学建模国赛真题+优秀论文/2020年优秀论文/2020D：接触式轮廓仪校准问题.pdf,primary,CF4B513786360241FB0A5272598EDB9A5CC95884A81864D28F99A4872D2D71D4,CF4B513786360241FB0A5272598EDB9A5CC95884A81864D28F99A4872D2D71D4,active,0,138,1,unknown,,,,,2026-08-18T00:06:15+08:00,201.549,571.32,2020
1,1,unknown,unknown,22.253,22.253,22.253,2026-08-18T00:06:15+08:00,Calibri;KaiTi;MS-Gothic;SimHei;SimSun/Song;SymbolMT;Times New Roman,1,1,698,11,1,0,FORMAL,COMPLETE,Q2,PAPER,0,0,297.0388888888889,842.0,catalog/papers.csv; catalog/paper_files.csv; catalog/scale/g8_paper_status.csv,unknown,True,0,1,1,25.019,25.019,25.019,27,False,,PORTRAIT,28,,BOTTOM,1,,,,CUMCM-2018-A-001,1.0,text_based,A,A,------------------------------------;HAJPLJ+Calibri;HAKBBB+SimHei;HAKBCC+SimSun;HAKBJA+SymbolMT;HAKBKB+TimesNewRomanPSMT;TimesNewRomanPS-ItalicMT;HAKCKO+MS-Gothic;KaiTi;HAKPBC+Calibri-Bold,39,1,24.834,22.821,33.399,,True,1,2018年数学建模国赛真题+优秀论文/2018年优秀论文/2018A：基于非稳态导热的高温作业专用服装设计.pdf,primary,AE162485AC1BF99FC7BC1F2062B19DCA546597111226A5DED5A1EF08D74491A7,AE162485AC1BF99FC7BC1F2062B19DCA546597111226A5DED5A1EF08D74491A7,active,3,2086,1,unknown,基于非稳态导热的高温作业专用服装设计 | 导方式进行热量传递，再简化各层介质为各向同性的长方体，从而建立四个一维,25.4,25.061,27.731,2026-08-18T00:06:15+08:00,209.98038888888888,595.22,2018
0,0,unknown,unknown,,,,2026-08-18T00:06:15+08:00,KaiTi;Times New Roman,1,1,0,0,1,0,FORMAL,COMPLETE,Q2,PAPER,0,1,296.6861111111111,841.0,catalog/papers.csv; catalog/paper_files.csv; catalog/scale/g8_paper_status.csv,unknown,True,0,0,1,,,,0,False,,PORTRAIT,5,,UNKNOWN,0,,,,CUMCM-2001-A-002,1.0,text_based,A,A,------------------------------------;Times-Roman;KaiTi,0,0,,,,,True,1,2001年数学建模国赛真题+优秀论文/2001年国赛优秀论文/2001A：血管三维重建的问题.pdf,primary,6AAB07C9A698931E3B7F6B8E60906E643D98E5A51677904FA79138793321AC8F,6AAB07C9A698931E3B7F6B8E60906E643D98E5A51677904FA79138793321AC8F,active,0,25,1,unknown,,,,,2026-08-18T00:06:15+08:00,209.90277777777777,595.0,2001
0,0,unknown,unknown,,,,2026-08-18T00:06:15+08:00,KaiTi,1,0,0,0,1,0,FORMAL,Q3_MANUAL_REQUIRED,Q3,PAPER,0,0,278.34166666666664,789.0,catalog/papers.csv; catalog/paper_files.csv; catalog/scale/g8_paper_status.csv,unknown,False,0,0,1,,,,0,False,font_or_text_layer_not_reliable,PORTRAIT,4,,UNKNOWN,0,"1,2,3,4",,,CUMCM-1997-A-001,0.8,image_based,A,A,------------------------------------;KaiTi,0,0,,,,,True,1,1997年数学建模国赛真题+优秀论文/1997年国赛优秀论文/1997A：零件的参数设计(2).pdf,primary,EA2B6020DF610B497693CCBD4CC1010B13E928C2DE2C9A8E225B540700052FE1,EA2B6020DF610B497693CCBD4CC1010B13E928C2DE2C9A8E225B540700052FE1,active,0,16,1,unknown,,,,,2026-08-18T00:06:15+08:00,206.0222222222222,584.0,1997
,,unknown,unknown,,,,2026-08-18T00:06:15+08:00,,0,0,,,0,,FORMAL,,,NOT_IN_G8_STATUS,,,,,catalog/papers.csv; catalog/paper_files.csv; catalog/scale/g8_paper_status.csv,unknown,,,,0,,,,,,No analyzable PAPER PDF selected; identity retained in full corpus inventory.,UNKNOWN,,,,,,,,CUMCM-2015-A-001,,NOT_ANALYZED,A,A,,,,,,,,True,1,2015年数学建模国赛真题+优秀论文/2015年优秀论文/2015A：太阳影子定位 (4).pdf,primary,F5B0A1828E9BB3D91C7C054F89F3152BB68F2B9C3CC4ABD0E57803793C77D752,F5B0A1828E9BB3D91C7C054F89F3152BB68F2B9C3CC4ABD0E57803793C77D752,active,,,0,unknown,,,,,2026-08-18T00:06:15+08:00,,,2015
1,1,unknown,unknown,19.456,19.456,19.456,2026-08-18T00:06:15+08:00,CMEX10;CMMI10;CMMI6;CMMI8;CMR10;CMR6;CMR8;CMSY10;CMSY8;SimHei;SimSun/Song;Times New Roman,1,1,1257,17,1,1,FORMAL,COMPLETE,Q2,PAPER,0,0,297.0000833333333,841.89,catalog/papers.csv; catalog/paper_files.csv; catalog/scale/g8_paper_status.csv,unknown,True,0,1,1,30.0,29.605,30.0,30,False,,PORTRAIT,31,,BOTTOM,1,,,,CUMCM-2017-A-001,0.88,text_based,A,A,------------------------------------;MYTHBN+TimesNewRomanPSMT;YDPVGM+SimSun;XZZFNK+SimHei;IWHZQA+CMMI10;DXYBRV+CMR8;GIATEG+CMR10;XMSKRY+TimesNewRomanPS-BoldMT;BYEXDY+CMEX10;NWCREU+CMMI8;MKZRQD+CMSY10;TKGCZJ+CMSY8;ZKAADB+CMMI6;ZSUTBO+CMR6;QBPYKN+TimesNewRomanPS-ItalicMT,68,0,27.222,27.219,29.999,,True,1,2017年数学建模国赛真题+优秀论文/2017年优秀论文/2017A：CT系统参数标定及成像  (3).pdf,primary,C36D697225558E4695291E0FF54C06050519DE439D22027ECC0BA07A739D2914,C36D697225558E4695291E0FF54C06050519DE439D22027ECC0BA07A739D2914,active,10,3330,1,unknown,CT 系统参数标定及成像 | 定性，并建立了通过投影值反求吸收率的重构模型与算法，经过去噪后可以得到较好的吸,25.261,25.019,25.503,2026-08-18T00:06:15+08:00,210.00155555555554,595.28,2017
0,0,unknown,unknown,,,,2026-08-18T00:06:15+08:00,KaiTi,1,0,0,0,1,0,FORMAL,Q3_MANUAL_REQUIRED,Q3,PAPER,0,0,275.8722222222222,782.0,catalog/papers.csv; catalog/paper_files.csv; catalog/scale/g8_paper_status.csv,unknown,False,0,0,1,,,,0,False,font_or_text_layer_not_reliable,PORTRAIT,12,,UNKNOWN,0,"1,2,3,4,5,6,7,8,9,10,11,12",,,CUMCM-2002-A-001,0.8,image_based,A,A,------------------------------------;KaiTi,0,0,,,,,True,1,2002年数学建模国赛真题+优秀论文/2002年优秀论文/2002A：车灯线光源的优化设计 (2).pdf,primary,72AC67588463BC409976DFB39ECAF2E66F0B4EF8BF327B7CF307141FC1A30374,72AC67588463BC409976DFB39ECAF2E66F0B4EF8BF327B7CF307141FC1A30374,active,0,60,1,unknown,,,,,2026-08-18T00:06:15+08:00,208.13888888888889,590.0,2002
1,1,unknown,unknown,22.253,22.253,22.253,2026-08-18T00:06:15+08:00,Arial;Calibri;KaiTi;MT-Extra;SimHei;SimSun/Song;SymbolMT;Times New Roman;Wingdings-Regular,1,1,418,3,1,0,FORMAL,COMPLETE,Q2,PAPER,0,0,297.0388888888889,842.0,catalog/papers.csv; catalog/paper_files.csv; catalog/scale/g8_paper_status.csv,unknown,True,0,1,1,25.019,25.019,25.019,15,False,,PORTRAIT,16,,BOTTOM,1,,,,CUMCM-2007-B-001,1.0,text_based,B,B,------------------------------------;LBENBP+Calibri;LBENGA+SimHei;LBENHB+SimSun;LBENEA+Calibri;TimesNewRomanPSMT;SimSun;KaiTi;LBEOMN+SymbolMT;TimesNewRomanPS-ItalicMT;ArialMT;LBFAPD+Wingdings-Regular;LBFBEC+MT-Extra;TimesNewRomanPS-BoldMT,43,1,-3.308,-3.308,-3.308,,True,1,2007年数学建模国赛真题+优秀论文/2007年优秀论文/2007B：《关于多目标道路寻优问题的研究》.pdf,primary,6C7B5426E3F021AB4B7FA0D467F9D656767F63EDB4887F3AA019A1C6776A4029,6C7B5426E3F021AB4B7FA0D467F9D656767F63EDB4887F3AA019A1C6776A4029,active,8,2018,1,unknown,关于多目标道路寻优问题的研究 | 行分析，并最终确定了三个优化目标：出行时间、出行费用、换乘次数。结合实际情况，,26.731,25.04,27.347,2026-08-18T00:06:15+08:00,209.98038888888888,595.22,2007
0,0,unknown,unknown,,,,2026-08-18T00:06:15+08:00,KaiTi;Times New Roman,1,0,0,0,1,1,FORMAL,Q3_MANUAL_REQUIRED,Q3,PAPER,0,0,277.6361111111111,787.0,catalog/papers.csv; catalog/paper_files.csv; catalog/scale/g8_paper_status.csv,unknown,False,0,0,1,,,,0,False,font_or_text_layer_not_reliable,PORTRAIT,2,,UNKNOWN,0,"1,2",,,CUMCM-1995-B-001,0.8,image_based,B,B,------------------------------------;Times-Italic;KaiTi,0,0,,,,,True,1,1995年数学建模国赛真题+优秀论文/1995年国赛优秀论文/1995B：冶炼车间的最优调度模型的检验.pdf,primary,E392B8D28A24EA3FE41FE8D9E5D5F58EA885AE122EE4DDC298FBF271984BB7AC,E392B8D28A24EA3FE41FE8D9E5D5F58EA885AE122EE4DDC298FBF271984BB7AC,active,0,10,1,unknown,,,,,2026-08-18T00:06:15+08:00,203.90555555555554,578.0,1995
0,0,unknown,unknown,16.298,16.228,16.334,2026-08-18T00:06:15+08:00,KaiTi;SimSun/Song;Syntax;Times New Roman;cajcd-fntaa;cajcd-fntbd;cajcd-fntlt,1,1,585,0,1,1,FORMAL,COMPLETE,Q2,PAPER,0,1,248.70833333333334,705.0,catalog/papers.csv; catalog/paper_files.csv; catalog/scale/g8_paper_status.csv,unknown,False,0,0,1,12.841,12.594,12.876,3,False,,PORTRAIT,4,,BOTTOM,1,,,,CUMCM-1999-A-001,1.0,text_based,A,A,------------------------------------;STSong-Light;Times-Roman;cajcd-fntaa;Times-Bold;Times-Italic;cajcd-fntlt;cajcd-fntbd;KaiTi;Syntax;Syntax;Syntax;Syntax;Syntax;Syntax;Syntax;Syntax;Syntax;Syntax;Syntax;Syntax;Syntax;Syntax;Syntax;Syntax;Syntax;Syntax;Syntax;Syntax;Syntax;Syntax;Syntax;Syntax;Syntax;Syntax;Syntax;Syntax;Syntax;Syntax;Syntax;Syntax;Syntax;Syntax;Syntax;Syntax;Syntax;Syntax;Syntax;Syntax;Syntax;Syntax;Syntax;Syntax;Syntax;Syntax;Syntax;Syntax;Syntax;Syntax;Syntax;Syntax;Syntax;Syntax;Syntax;Syntax;Syntax;Syntax;Syntax;Syntax;Syntax;Syntax;Syntax;Syntax;Syntax;Syntax;Syntax;Syntax;Syntax;Syntax;Syntax;Syntax;Syntax;Syntax;Syntax;Syntax;Syntax;Syntax;Syntax;Syntax;Syntax;Syntax;Syntax;Syntax;Syntax;Syntax;Syntax;Syntax;Syntax;Syntax;Syntax;Syntax;Syntax;Syntax;Syntax;Syntax;Syntax;Syntax;Syntax;Syntax;Syntax;Syntax;Syntax;Syntax;Syntax;Syntax;Syntax;Syntax;Syntax;Syntax;Syntax;Syntax;Syntax;Syntax;Syntax;Syntax;Syntax;Syntax;Syntax;Syntax;Syntax;Syntax;Syntax;Syntax;Syntax;Syntax;Syntax;Syntax;Syntax;Syntax;Syntax;Syntax;Syntax;Syntax;Syntax;Syntax;Syntax;Syntax;Syntax;Syntax;Syntax;Syntax;Syntax;Syntax;Syntax;Syntax;Syntax;Syntax;Syntax;Syntax;Syntax;Syntax;Syntax;Syntax;Syntax;Syntax;Syntax;Syntax;Syntax;Syntax;Syntax;Syntax;Syntax;Syntax;Syntax;Syntax;Syntax;Syntax;Syntax;Syntax;Syntax;Syntax;Syntax;Syntax;Syntax;Syntax;Syntax;Syntax;Syntax;Syntax;Syntax;Syntax;Syntax;Syntax;Syntax;Syntax;Syntax;Syntax;Syntax;Syntax;Syntax;Syntax;Syntax;Syntax;Syntax;Syntax;Syntax;Syntax;Syntax;Syntax;Syntax;Syntax;Syntax;Syntax;Syntax;Syntax;Syntax;Syntax;Syntax;Syntax;Syntax;Syntax;Syntax;Syntax;Syntax;Syntax;Syntax;Syntax;Syntax;Syntax;Syntax;Syntax;Syntax;Syntax;Syntax;Syntax;Syntax;Syntax;Syntax;Syntax;Syntax;Syntax;Syntax;Syntax;Syntax;Syntax;Syntax;Syntax;Syntax;Syntax;Syntax;Syntax;Syntax;Syntax;Syntax;Syntax;Syntax;Syntax;Syntax;Syntax;Syntax;Syntax;Syntax;Syntax;Syntax;Syntax;Syntax;Syntax;Syntax;Syntax;Syntax;Syntax;Syntax;Syntax;Syntax;Syntax;Syntax;Syntax;Syntax;Syntax;Syntax;Syntax;Syntax;Syntax;Syntax;Syntax;Syntax;Syntax;Syntax;Syntax;Syntax;Syntax;Syntax;Syntax;Syntax;Syntax;Syntax;Syntax;Syntax;Syntax;Syntax;Syntax;Syntax;Syntax;Syntax;Syntax;Syntax;Syntax;Syntax;Syntax;Syntax;Syntax;Syntax;Syntax;Syntax;Syntax;Syntax;Syntax;Syntax;Syntax;Syntax;Syntax;Syntax;Syntax;Syntax;Syntax;Syntax;Syntax;Syntax;Syntax;Syntax;Syntax;Syntax;Syntax;Syntax;Syntax;Syntax;Syntax;Syntax;Syntax;Syntax;Syntax;Syntax;Syntax;Syntax;Syntax;Syntax;Syntax;Syntax;Syntax;Syntax;Syntax;Syntax;Syntax;Syntax;Syntax;Syntax;Syntax;Syntax;Syntax;Syntax;Syntax;Syntax;Syntax;Syntax;Syntax;Syntax;Syntax;Syntax;Syntax;Syntax;Syntax;Syntax;Syntax;Syntax;Syntax;Syntax;Syntax;Syntax;Syntax;Syntax;Syntax;Syntax;Syntax;Syntax;Syntax;Syntax;Syntax;Syntax;Syntax;Syntax;Syntax;Syntax;Syntax;Syntax;Syntax;Syntax;Syntax;Syntax;Syntax;Syntax;Syntax;Syntax;Syntax;Syntax;Syntax;Syntax;Syntax;Syntax;Syntax;Syntax;Syntax;Syntax;Syntax;Syntax;Syntax;Syntax;Syntax;Syntax;Syntax;Syntax;Syntax;Syntax;Syntax;Syntax;Syntax;Syntax;Syntax;Syntax;Syntax;Syntax;Syntax;Syntax;Syntax;Syntax;Syntax;Syntax;Syntax;Syntax;Syntax;Syntax;Syntax;Syntax;Syntax;Syntax;Syntax;Syntax;Syntax;Syntax;Syntax;Syntax;Syntax;Syntax;Syntax;Syntax;Syntax;Syntax;Syntax;Syntax;Syntax;Syntax;Syntax;Syntax;Syntax;Syntax;Syntax;Syntax;Syntax;Syntax;Syntax;Syntax;Syntax;Syntax;Syntax;Syntax;Syntax;Syntax;Syntax;Syntax;Syntax;Syntax;Syntax;Syntax;Syntax;Syntax;Syntax;Syntax;Syntax;Syntax;Syntax;Syntax;Syntax;Syntax;Syntax;Syntax;Syntax;Syntax;Syntax;Syntax;Syntax;Syntax;Syntax;Syntax;Syntax;Syntax;Syntax;Syntax;Syntax;Syntax;Syntax;Syntax;Syntax;Syntax;Syntax;Syntax;Syntax;Syntax;Syntax;Syntax;Syntax;Syntax;Syntax;Syntax;Syntax;Syntax;Syntax;Syntax;Syntax;Syntax;Syntax;Syntax;Syntax;Syntax;Syntax;Syntax;Syntax;Syntax;Syntax;Syntax;Syntax;Syntax;Syntax;Syntax;Syntax;Syntax;Syntax;Syntax;Syntax;Syntax;Syntax;Syntax;Syntax;Syntax;Syntax;Syntax;Syntax;Syntax;Syntax;Syntax;Syntax;Syntax;Syntax;Syntax;Syntax;Syntax;Syntax;Syntax;Syntax;Syntax;Syntax;Syntax;Syntax;Syntax;Syntax;Syntax;Syntax;Syntax;Syntax;Syntax;Syntax;Syntax;Syntax;Syntax;Syntax;Syntax;Syntax;Syntax;Syntax;Syntax;Syntax;Syntax;Syntax;Syntax;Syntax;Syntax;Syntax;Syntax;Syntax;Syntax;Syntax;Syntax;Syntax;Syntax;Syntax;Syntax;Syntax;Syntax;Syntax;Syntax;Syntax;Syntax;Syntax;Syntax;Syntax;Syntax;Syntax;Syntax;Syntax;Syntax;Syntax;Syntax;Syntax;Syntax;Syntax;Syntax;Syntax;Syntax;Syntax;Syntax;Syntax;Syntax;Syntax;Syntax;Syntax;Syntax;Syntax;Syntax;Syntax;Syntax;Syntax;Syntax;Syntax;Syntax;Syntax;Syntax;Syntax;Syntax;Syntax;Syntax;Syntax;Syntax;Syntax;Syntax;Syntax;Syntax;Syntax;Syntax;Syntax;Syntax;Syntax;Syntax;Syntax;Syntax;Syntax;Syntax;Syntax;Syntax;Syntax;Syntax;Syntax;Syntax;Syntax;Syntax;Syntax;Syntax;Syntax;Syntax;Syntax;Syntax;Syntax;Syntax;Syntax;Syntax;Syntax;Syntax;Syntax;Syntax;Syntax;Syntax;Syntax;Syntax;Syntax;Syntax;Syntax;Syntax;Syntax;Syntax;Syntax;Syntax;Syntax;Syntax;Syntax;Syntax;Syntax;Syntax;Syntax;Syntax;Syntax;Syntax;Syntax;Syntax;Syntax;Syntax;Syntax;Syntax;Syntax;Syntax;Syntax;Syntax;Syntax;Syntax;Syntax;Syntax;Syntax;Syntax;Syntax;Syntax;Syntax;Syntax;Syntax;Syntax;Syntax;Syntax;Syntax;Syntax;Syntax;Syntax;Syntax;Syntax;Syntax;Syntax;Syntax;Syntax;Syntax;Syntax;Syntax;Syntax;Syntax;Syntax;Syntax;Syntax;Syntax;Syntax;Syntax;Syntax;Syntax;Syntax;Syntax;Syntax;Syntax;Syntax;Syntax;Syntax;Syntax;Syntax;Syntax;Syntax;Syntax;Syntax;Syntax;Syntax;Syntax;Syntax;Syntax;Syntax;Syntax;Syntax;Syntax;Syntax;Syntax;Syntax;Syntax;Syntax;Syntax;Syntax;Syntax;Syntax;Syntax;Syntax;Syntax;Syntax;Syntax;Syntax;Syntax;Syntax;Syntax;Syntax;Syntax;Syntax;Syntax;Syntax;Syntax;Syntax;Syntax;Syntax;Syntax;Syntax;Syntax;Syntax;Syntax;Syntax;Syntax;Syntax;Syntax;Syntax;Syntax;Syntax;Syntax;Syntax;Syntax;Syntax;Syntax;Syntax;Syntax;Syntax;Syntax;Syntax;Syntax;Syntax;Syntax;Syntax;Syntax;Syntax;Syntax;Syntax;Syntax;Syntax;Syntax;Syntax;Syntax;Syntax;Syntax;Syntax;Syntax;Syntax;Syntax;Syntax;Syntax;Syntax;Syntax;Syntax;Syntax;Syntax;Syntax;Syntax;Syntax;Syntax;Syntax;Syntax;Syntax;Syntax;Syntax;Syntax;Syntax;Syntax;Syntax;Syntax;Syntax;Syntax;Syntax;Syntax;Syntax;Syntax;Syntax;Syntax;Syntax;Syntax,0,0,10.231,10.195,11.645,,True,1,1999年数学建模国赛真题+优秀论文/1999年国赛优秀论文/1999A：自动化车床管理的数学模型.pdf,primary,0DA82270F0514BF9479127F148DA63F3BBDA07BECBC62759C5ABFF83D3100148,0DA82270F0514BF9479127F148DA63F3BBDA07BECBC62759C5ABFF83D3100148,active,0,1396,1,unknown,M A TH EM A T ICSINPRA CT ICE ANDTH EO R Y,14.146,14.146,15.346,2026-08-18T00:06:15+08:00,167.56944444444446,475.0,1999
0,0,unknown,unknown,19.473,19.121,45.967,2026-08-18T00:06:15+08:00,KaiTi;SimSun/Song;Syntax;Times New Roman;cajcd-fnta4;cajcd-fntaa;cajcd-fntae,1,1,652,0,1,1,FORMAL,COMPLETE,Q2,PAPER,0,1,259.9972222222222,737.0,catalog/papers.csv; catalog/paper_files.csv; catalog/scale/g8_paper_status.csv,unknown,False,0,0,1,14.146,13.935,14.146,5,False,,PORTRAIT,6,,TOP,1,,,,CUMCM-2001-B-001,1.0,text_based,B,B,------------------------------------;STSong-Light;Times-Roman;cajcd-fntaa;Times-Italic;KaiTi;cajcd-fnta4;cajcd-fntae;Times-Bold;Syntax;Syntax;Syntax;Syntax;Syntax;Syntax;Syntax;Syntax;Syntax;Syntax;Syntax;Syntax;Syntax;Syntax;Syntax;Syntax;Syntax;Syntax;Syntax;Syntax;Syntax;Syntax;Syntax;Syntax;Syntax;Syntax;Syntax;Syntax;Syntax;Syntax;Syntax;Syntax;Syntax;Syntax;Syntax;Syntax;Syntax;Syntax;Syntax;Syntax;Syntax;Syntax;Syntax;Syntax;Syntax;Syntax;Syntax;Syntax;Syntax;Syntax;Syntax;Syntax;Syntax;Syntax;Syntax;Syntax;Syntax;Syntax;Syntax;Syntax;Syntax;Syntax;Syntax;Syntax;Syntax;Syntax;Syntax;Syntax;Syntax;Syntax;Syntax;Syntax;Syntax;Syntax;Syntax;Syntax;Syntax;Syntax;Syntax;Syntax;Syntax;Syntax;Syntax;Syntax;Syntax;Syntax;Syntax;Syntax;Syntax;Syntax;Syntax;Syntax;Syntax;Syntax;Syntax;Syntax;Syntax;Syntax;Syntax;Syntax;Syntax;Syntax;Syntax;Syntax;Syntax;Syntax;Syntax;Syntax;Syntax;Syntax;Syntax;Syntax;Syntax;Syntax;Syntax;Syntax;Syntax;Syntax;Syntax;Syntax;Syntax;Syntax;Syntax;Syntax;Syntax;Syntax;Syntax;Syntax;Syntax;Syntax;Syntax;Syntax;Syntax;Syntax;Syntax;Syntax;Syntax;Syntax;Syntax;Syntax;Syntax;Syntax;Syntax;Syntax;Syntax;Syntax;Syntax;Syntax;Syntax;Syntax;Syntax;Syntax;Syntax;Syntax;Syntax;Syntax;Syntax;Syntax;Syntax;Syntax;Syntax;Syntax;Syntax;Syntax;Syntax;Syntax;Syntax;Syntax;Syntax;Syntax;Syntax;Syntax;Syntax;Syntax;Syntax;Syntax;Syntax;Syntax;Syntax;Syntax;Syntax;Syntax;Syntax;Syntax;Syntax;Syntax;Syntax;Syntax;Syntax;Syntax;Syntax;Syntax;Syntax;Syntax;Syntax;Syntax;Syntax;Syntax;Syntax;Syntax;Syntax;Syntax;Syntax;Syntax;Syntax;Syntax;Syntax;Syntax;Syntax;Syntax;Syntax;Syntax;Syntax;Syntax;Syntax;Syntax;Syntax;Syntax;Syntax;Syntax;Syntax;Syntax;Syntax;Syntax;Syntax;Syntax;Syntax;Syntax;Syntax;Syntax;Syntax;Syntax;Syntax;Syntax;Syntax;Syntax;Syntax;Syntax;Syntax;Syntax;Syntax;Syntax;Syntax;Syntax;Syntax;Syntax;Syntax;Syntax;Syntax;Syntax;Syntax;Syntax;Syntax;Syntax;Syntax;Syntax;Syntax;Syntax;Syntax;Syntax;Syntax;Syntax;Syntax;Syntax;Syntax;Syntax;Syntax;Syntax;Syntax;Syntax;Syntax;Syntax;Syntax;Syntax;Syntax;Syntax;Syntax;Syntax;Syntax;Syntax;Syntax;Syntax;Syntax;Syntax;Syntax;Syntax;Syntax;Syntax;Syntax;Syntax;Syntax;Syntax;Syntax;Syntax;Syntax;Syntax;Syntax;Syntax;Syntax;Syntax;Syntax;Syntax;Syntax;Syntax;Syntax;Syntax;Syntax;Syntax;Syntax;Syntax;Syntax;Syntax;Syntax;Syntax;Syntax;Syntax;Syntax;Syntax;Syntax;Syntax;Syntax;Syntax;Syntax;Syntax;Syntax;Syntax;Syntax;Syntax;Syntax;Syntax;Syntax;Syntax;Syntax;Syntax;Syntax;Syntax;Syntax;Syntax;Syntax;Syntax;Syntax;Syntax;Syntax;Syntax;Syntax;Syntax;Syntax;Syntax;Syntax;Syntax;Syntax;Syntax;Syntax;Syntax;Syntax;Syntax;Syntax;Syntax;Syntax;Syntax;Syntax;Syntax;Syntax;Syntax;Syntax;Syntax;Syntax;Syntax;Syntax;Syntax;Syntax;Syntax;Syntax;Syntax;Syntax;Syntax;Syntax;Syntax;Syntax;Syntax;Syntax;Syntax;Syntax;Syntax;Syntax;Syntax;Syntax;Syntax;Syntax;Syntax;Syntax;Syntax;Syntax;Syntax;Syntax;Syntax;Syntax;Syntax;Syntax;Syntax;Syntax;Syntax;Syntax;Syntax;Syntax;Syntax;Syntax;Syntax;Syntax;Syntax;Syntax;Syntax;Syntax;Syntax;Syntax;Syntax;Syntax;Syntax;Syntax;Syntax;Syntax;Syntax;Syntax;Syntax;Syntax;Syntax;Syntax;Syntax;Syntax;Syntax;Syntax;Syntax;Syntax;Syntax;Syntax;Syntax;Syntax;Syntax;Syntax;Syntax;Syntax;Syntax;Syntax;Syntax;Syntax;Syntax;Syntax;Syntax;Syntax;Syntax;Syntax;Syntax;Syntax;Syntax;Syntax;Syntax;Syntax;Syntax;Syntax;Syntax;Syntax;Syntax;Syntax;Syntax;Syntax;Syntax;Syntax;Syntax;Syntax;Syntax;Syntax;Syntax;Syntax;Syntax;Syntax;Syntax;Syntax;Syntax;Syntax;Syntax;Syntax;Syntax;Syntax;Syntax;Syntax;Syntax;Syntax;Syntax;Syntax;Syntax;Syntax;Syntax;Syntax;Syntax;Syntax;Syntax;Syntax;Syntax;Syntax;Syntax;Syntax;Syntax;Syntax;Syntax;Syntax;Syntax;Syntax;Syntax;Syntax;Syntax;Syntax;Syntax;Syntax;Syntax;Syntax;Syntax;Syntax;Syntax;Syntax;Syntax;Syntax;Syntax;Syntax;Syntax;Syntax;Syntax;Syntax;Syntax;Syntax;Syntax;Syntax;Syntax;Syntax;Syntax;Syntax;Syntax;Syntax;Syntax;Syntax;Syntax;Syntax;Syntax;Syntax;Syntax;Syntax;Syntax;Syntax;Syntax;Syntax;Syntax;Syntax;Syntax;Syntax;Syntax;Syntax;Syntax;Syntax;Syntax;Syntax;Syntax;Syntax;Syntax;Syntax;Syntax;Syntax;Syntax;Syntax;Syntax;Syntax;Syntax;Syntax;Syntax;Syntax;Syntax;Syntax;Syntax;Syntax;Syntax;Syntax;Syntax;Syntax;Syntax;Syntax;Syntax;Syntax;Syntax;Syntax;Syntax;Syntax;Syntax;Syntax;Syntax;Syntax;Syntax;Syntax;Syntax;Syntax;Syntax;Syntax;Syntax;Syntax;Syntax;Syntax;Syntax;Syntax;Syntax;Syntax;Syntax;Syntax;Syntax;Syntax;Syntax;Syntax;Syntax;Syntax;Syntax;Syntax;Syntax;Syntax;Syntax;Syntax;Syntax;Syntax;Syntax;Syntax;Syntax;Syntax;Syntax;Syntax;Syntax;Syntax;Syntax;Syntax;Syntax;Syntax;Syntax;Syntax;Syntax;Syntax;Syntax;Syntax;Syntax;Syntax;Syntax;Syntax;Syntax;Syntax;Syntax;Syntax;Syntax;Syntax;Syntax;Syntax;Syntax;Syntax;Syntax;Syntax;Syntax;Syntax;Syntax;Syntax;Syntax;Syntax;Syntax;Syntax;Syntax;Syntax;Syntax;Syntax;Syntax;Syntax;Syntax;Syntax;Syntax;Syntax;Syntax;Syntax;Syntax;Syntax;Syntax;Syntax;Syntax;Syntax;Syntax;Syntax;Syntax;Syntax;Syntax;Syntax;Syntax;Syntax;Syntax;Syntax;Syntax;Syntax;Syntax;Syntax;Syntax;Syntax;Syntax;Syntax;Syntax;Syntax;Syntax;Syntax;Syntax;Syntax;Syntax;Syntax;Syntax;Syntax;Syntax;Syntax;Syntax;Syntax;Syntax;Syntax;Syntax;Syntax;Syntax;Syntax;Syntax;Syntax;Syntax;Syntax;Syntax;Syntax;Syntax;Syntax;Syntax;Syntax;Syntax;Syntax;Syntax;Syntax;Syntax;Syntax;Syntax;Syntax;Syntax;Syntax;Syntax;Syntax;Syntax;Syntax;Syntax;Syntax;Syntax;Syntax;Syntax;Syntax;Syntax;Syntax;Syntax;Syntax;Syntax;Syntax;Syntax;Syntax;Syntax;Syntax;Syntax;Syntax;Syntax;Syntax;Syntax;Syntax;Syntax;Syntax;Syntax;Syntax;Syntax;Syntax;Syntax;Syntax;Syntax;Syntax;Syntax;Syntax;Syntax;Syntax;Syntax;Syntax;Syntax;Syntax;Syntax;Syntax;Syntax;Syntax;Syntax;Syntax;Syntax;Syntax;Syntax;Syntax;Syntax;Syntax;Syntax;Syntax;Syntax;Syntax;Syntax;Syntax;Syntax;Syntax;Syntax;Syntax;Syntax;Syntax;Syntax;Syntax;Syntax;Syntax;Syntax;Syntax;Syntax;Syntax;Syntax;Syntax;Syntax;Syntax;Syntax;Syntax;Syntax;Syntax;Syntax;Syntax;Syntax;Syntax;Syntax;Syntax;Syntax;Syntax;Syntax;Syntax;Syntax;Syntax;Syntax;Syntax;Syntax;Syntax;Syntax;Syntax;Syntax;Syntax;Syntax;Syntax;Syntax;Syntax;Syntax;Syntax;Syntax;Syntax;Syntax;Syntax;Syntax;Syntax;Syntax;Syntax;Syntax;Syntax;Syntax;Syntax;Syntax;Syntax;Syntax;Syntax;Syntax;Syntax;Syntax;Syntax;Syntax;Syntax;Syntax;Syntax;Syntax;Syntax;Syntax;Syntax;Syntax;Syntax;Syntax;Syntax;Syntax;Syntax;Syntax;Syntax;Syntax;Syntax;Syntax;Syntax;Syntax;Syntax;Syntax;Syntax;Syntax;Syntax;Syntax;Syntax;Syntax;Syntax;Syntax;Syntax;Syntax;Syntax;Syntax;Syntax;Syntax;Syntax;Syntax;Syntax;Syntax;Syntax;Syntax;Syntax;Syntax;Syntax;Syntax;Syntax;Syntax;Syntax;Syntax;Syntax;Syntax;Syntax;Syntax;Syntax;Syntax;Syntax;Syntax;Syntax;Syntax;Syntax;Syntax;Syntax;Syntax;Syntax;Syntax;Syntax;Syntax;Syntax;Syntax;Syntax;Syntax;Syntax;Syntax;Syntax;Syntax;Syntax;Syntax;Syntax;Syntax;Syntax;Syntax;Syntax;Syntax;Syntax;Syntax;Syntax;Syntax;Syntax;Syntax;Syntax;Syntax;Syntax;Syntax;Syntax;Syntax;Syntax;Syntax;Syntax;Syntax,2,0,13.97,13.914,13.977,,True,1,2001年数学建模国赛真题+优秀论文/2001年国赛优秀论文/2001B：公交车调度优化模型.pdf,primary,BA89E0F687DE3A8DEF4607B21F4D8979DBCC8D775FE9F4F7FB613AB1EC44C254,BA89E0F687DE3A8DEF4607B21F4D8979DBCC8D775FE9F4F7FB613AB1EC44C254,active,0,1746,1,unknown,J OU RNAL O F EN GIN EERIN G MA THEMA TICS,16.792,16.792,16.792,2026-08-18T00:06:15+08:00,176.0361111111111,499.0,2001
0,0,unknown,unknown,,,,2026-08-18T00:06:15+08:00,KaiTi,1,0,0,0,1,0,FORMAL,Q3_MANUAL_REQUIRED,Q3,PAPER,0,0,285.115,808.2,catalog/papers.csv; catalog/paper_files.csv; catalog/scale/g8_paper_status.csv,unknown,False,0,0,1,,,,0,False,font_or_text_layer_not_reliable,PORTRAIT,26,,UNKNOWN,0,"1,2,3,4,5,6,7,8,9,10,11,12,13,14,15,16,17,18,19,20,21,22,23,24,25,26",,,CUMCM-2020-A-001,0.8,image_based,A,A,------------------------------------;KaiTi,0,0,,,,,True,1,2020年数学建模国赛真题+优秀论文/2020年优秀论文/2020A：回焊炉温曲线优化控制.pdf,primary,260BF50A68449CDF33AE46F151E560165457AC07C4A624BEE0AD90CCA310E488,260BF50A68449CDF33AE46F151E560165457AC07C4A624BEE0AD90CCA310E488,active,0,78,1,unknown,,,,,2026-08-18T00:06:15+08:00,201.549,571.32,2020
,,unknown,unknown,,,,2026-08-18T00:06:15+08:00,,0,0,,,0,,FORMAL,INELIGIBLE,,PROBLEM_PACKAGE,,,,,catalog/papers.csv; catalog/paper_files.csv; catalog/scale/g8_paper_status.csv,unknown,,,,0,,,,,,No analyzable PAPER PDF selected; identity retained in full corpus inventory.,UNKNOWN,,,,,,,,CUMCM-2012-B-001,,NOT_ANALYZED,B,B,,,,,,,,False,1,2012年数学建模国赛真题+优秀论文/2012年赛题/2012年国赛B题附件（2）/东立面.jpg,primary,6BB5F2D791154A65564FCF900230EFF15FBFB58343CB7F18EE32102AB6A87618,6BB5F2D791154A65564FCF900230EFF15FBFB58343CB7F18EE32102AB6A87618,active,,,0,unknown,,,,,2026-08-18T00:06:15+08:00,,,2012
0,1,unknown,unknown,18.221,18.221,18.221,2026-08-18T00:06:15+08:00,Arial;MT-Extra;MicrosoftYaHei;SimHei;SimSun/Song;SymbolMT;Times New Roman;Wingdings-Regular,1,1,480,53,1,1,FORMAL,COMPLETE,Q2,PAPER,0,0,297.00361111111107,841.9,catalog/papers.csv; catalog/paper_files.csv; catalog/scale/g8_paper_status.csv,unknown,True,0,1,1,25.019,25.019,25.019,29,False,,PORTRAIT,30,,BOTTOM,1,,,,CUMCM-2016-B-001,1.0,text_based,B,B,------------------------------------;XEKKFX+SimHei;LNUHNF+SimSun;TYEPLS+TimesNewRomanPS-ItalicMT;TZCMBP+SymbolMT;AUWCNV+TimesNewRomanPSMT;ESHXQI+TimesNewRomanPS-BoldMT;MUFUVC+MT-Extra;CSKSUK+Wingdings-Regular;VMBCQV+ArialMT;YMVEVT+MicrosoftYaHei,68,1,22.895,22.895,24.123,,True,1,2016年数学建模国赛真题+优秀论文/2016年优秀论文/2016B：小区开放道路通行影响 (1).pdf,primary,1FB8DF50012AC03FACF8187F53FBA6A3BE312EB7118C0A9B87671BB06283813E,1FB8DF50012AC03FACF8187F53FBA6A3BE312EB7118C0A9B87671BB06283813E,active,8,2763,1,unknown,小区开放对道路通行的影响 | 同时，一系列道路交通问题也“呼之欲出”。“开放式小区”这一理论的提出将小区内部,25.037,25.037,27.015,2026-08-18T00:06:15+08:00,210.00861111111107,595.3,2016
0,0,unknown,unknown,70.73,70.73,70.73,2026-08-18T00:06:15+08:00,KaiTi;SimSun/Song,1,0,0,0,1,0,FORMAL,Q3_MANUAL_REQUIRED,Q3,PAPER,0,1,297.0388888888889,842.0,catalog/papers.csv; catalog/paper_files.csv; catalog/scale/g8_paper_status.csv,unknown,True,0,0,1,38.059,38.059,38.059,6,False,font_or_text_layer_not_reliable,PORTRAIT,7,,UNKNOWN,0,"1,2,3,4,5,6,7",,,CUMCM-2007-C-001,0.8,image_based,C,C,------------------------------------;AYERXT+SimSun;SimSun;SimSun;KaiTi,0,0,-3.308,-3.308,-3.308,,True,1,2007年数学建模国赛真题+优秀论文/2007年优秀论文/2007C：《手机套餐评价模型》.pdf,primary,D3CD78262D9103CAB930412FE9AB05F2359B3A7CA12F661ADF4854CB39AA181C,D3CD78262D9103CAB930412FE9AB05F2359B3A7CA12F661ADF4854CB39AA181C,active,0,63,1,unknown,http://www.madio.net | 数学中国www.madio.net,80.998,80.998,80.998,2026-08-18T00:06:15+08:00,209.90277777777777,595.0,2007
,,unknown,unknown,,,,2026-08-18T00:06:15+08:00,,0,0,,,0,,FORMAL,COMPLETE,UNKNOWN,PAPER,,,,,catalog/papers.csv; catalog/paper_files.csv; catalog/scale/g8_paper_status.csv,unknown,,,,0,,,,,,No analyzable PAPER PDF selected; identity retained in full corpus inventory.,UNKNOWN,,,,,,,,CUMCM-2011-D-001,,NOT_ANALYZED,D,D,,,,,,,,True,1,2011年数学建模国赛真题+优秀论文/2011年优秀论文/2011D：天然肠衣搭配问题(1)/一类肠衣搭配优化问题.doc,primary,A54963631C73100E2A26B41E91070384F60C7AE57B13789F2212145149EE6D2D,A54963631C73100E2A26B41E91070384F60C7AE57B13789F2212145149EE6D2D,active,,,0,unknown,,,,,2026-08-18T00:06:15+08:00,,,2011
0,0,unknown,unknown,,,,2026-08-18T00:06:15+08:00,KaiTi;Times New Roman,1,1,0,0,1,0,FORMAL,COMPLETE,Q2,PAPER,0,1,296.6861111111111,841.0,catalog/papers.csv; catalog/paper_files.csv; catalog/scale/g8_paper_status.csv,unknown,True,0,0,1,,,,0,False,,PORTRAIT,10,,UNKNOWN,0,,,,CUMCM-2002-A-002,1.0,text_based,A,A,------------------------------------;Times-Roman;KaiTi,0,0,,,,,True,1,2002年数学建模国赛真题+优秀论文/2002年优秀论文/2002A：车灯线光源的优化设计方案.pdf,primary,8E981B48894748BD7C77F8BC20987C633A743CF674A0DFC7F718B87B3ED850B9,8E981B48894748BD7C77F8BC20987C633A743CF674A0DFC7F718B87B3ED850B9,active,0,50,1,unknown,,,,,2026-08-18T00:06:15+08:00,209.90277777777777,595.0,2002
,,unknown,unknown,,,,2026-08-18T00:06:15+08:00,,0,0,,,0,,FORMAL,,,NOT_IN_G8_STATUS,,,,,catalog/papers.csv; catalog/paper_files.csv; catalog/scale/g8_paper_status.csv,unknown,,,,0,,,,,,No analyzable PAPER PDF selected; identity retained in full corpus inventory.,UNKNOWN,,,,,,,,CUMCM-2015-C-001,,NOT_ANALYZED,C,C,,,,,,,,True,1,2015年数学建模国赛真题+优秀论文/2015年优秀论文/2015C：月上柳梢头，人约黄昏后 (2).docx,primary,2FD325ACB13EF5D9C5FC80330A55D0908EF258DAB2C406B883AB344EA5B4CA46,2FD325ACB13EF5D9C5FC80330A55D0908EF258DAB2C406B883AB344EA5B4CA46,active,,,0,unknown,,,,,2026-08-18T00:06:15+08:00,,,2015
0,0,unknown,unknown,,,,2026-08-18T00:06:15+08:00,KaiTi,1,0,0,0,1,0,FORMAL,Q3_MANUAL_REQUIRED,Q3,PAPER,0,0,285.115,808.2,catalog/papers.csv; catalog/paper_files.csv; catalog/scale/g8_paper_status.csv,unknown,False,0,0,1,,,,0,False,font_or_text_layer_not_reliable,PORTRAIT,39,,UNKNOWN,0,"1,2,3,4,5,6,7,8,9,10,11,12,13,14,15,16,17,18,19,20,21,22,23,24,25,26,27,28,29,30,31,32,33,34,35,36,37,38,39",,,CUMCM-2020-B-001,0.8,image_based,B,B,------------------------------------;KaiTi,0,0,,,,,True,1,2020年数学建模国赛真题+优秀论文/2020年优秀论文/2020B：穿越沙漠游戏中的玩家行为决策问题.pdf,primary,473E11B268CDD133D9DD439719B055171C840360635C747C0F2759D5D7F9D678,473E11B268CDD133D9DD439719B055171C840360635C747C0F2759D5D7F9D678,active,0,117,1,unknown,,,,,2026-08-18T00:06:15+08:00,201.549,571.32,2020
0,0,unknown,unknown,,,,2026-08-18T00:06:15+08:00,KaiTi;Times New Roman,1,1,0,0,1,0,FORMAL,COMPLETE,Q2,PAPER,0,1,296.6861111111111,841.0,catalog/papers.csv; catalog/paper_files.csv; catalog/scale/g8_paper_status.csv,unknown,True,0,0,1,,,,0,False,,PORTRAIT,8,,UNKNOWN,0,,,,CUMCM-2003-B-001,1.0,text_based,B,B,------------------------------------;Times-Roman;KaiTi,0,0,,,,,True,1,2003年数学建模国赛真题+优秀论文/2003年优秀论文/2003B：露天矿生产的车辆安排(2).pdf,primary,6267B72836B37E1E0AA2957A176FB267E927B9EBEAC6F7DA2B808B13D873ABA9,6267B72836B37E1E0AA2957A176FB267E927B9EBEAC6F7DA2B808B13D873ABA9,active,0,40,1,unknown,,,,,2026-08-18T00:06:15+08:00,209.90277777777777,595.0,2003
,,unknown,unknown,,,,2026-08-18T00:06:15+08:00,,0,0,,,0,,FORMAL,,,NOT_IN_G8_STATUS,,,,,catalog/papers.csv; catalog/paper_files.csv; catalog/scale/g8_paper_status.csv,unknown,,,,0,,,,,,No analyzable PAPER PDF selected; identity retained in full corpus inventory.,UNKNOWN,,,,,,,,CUMCM-2015-D-001,,NOT_ANALYZED,D,D,,,,,,,,True,1,2015年数学建模国赛真题+优秀论文/2015年优秀论文/2015D：众筹筑屋规划方案设计 (1).doc,primary,9ABCA9291FB804C69C8B75634E4BEC7252333E0616743B6A01F11D2C9056F84E,9ABCA9291FB804C69C8B75634E4BEC7252333E0616743B6A01F11D2C9056F84E,active,,,0,unknown,,,,,2026-08-18T00:06:15+08:00,,,2015
1,1,unknown,unknown,33.687,26.261,59.515,2026-08-18T00:06:15+08:00,CMEX10;CMMI10;CMMI6;CMMI8;CMR10;CMR6;CMR8;CMSY10;CMSY8;KaiTi;LINE10;NimbusMonL-Regu;NimbusRomNo9L-Medi;NimbusRomNo9L-Regu;SimHei;SimSun/Song,1,1,1372,0,1,1,FORMAL,COMPLETE,Q2,PAPER,0,0,297.0000833333333,841.89,catalog/papers.csv; catalog/paper_files.csv; catalog/scale/g8_paper_status.csv,unknown,True,0,1,1,25.001,25.001,25.001,31,False,,PORTRAIT,32,,BOTTOM,1,,,,CUMCM-2013-A-A0114,1.0,text_based,A,A,------------------------------------;UYEJOE+NimbusRomNo9L-Regu;GUKKTW+SimHei;BCQYKK+SimSun;DTPJEW+KaiTi;RCGWBV+CMMI10;GYGPZT+CMMI8;HQJGNL+CMR10;CLELCG+CMSY10;NSYNBW+CMSY8;GHLEKL+CMR8;LSTNLG+NimbusRomNo9L-Medi;SPAGZI+CMEX10;TPLDGL+LINE10;EVHGUR+CMMI6;UVQFAC+CMR6;YNSEQI+NimbusMonL-Regu,49,1,22.811,22.381,25.0,,True,1,2013年数学建模国赛真题+优秀论文/2013A：车道被占用对城市道路通行能力的影响/A0114.pdf,primary,B9100E7F93C38C9E3A61E81F1DFE978A076493905BFE19F41951CEE69BB2D89A,B9100E7F93C38C9E3A61E81F1DFE978A076493905BFE19F41951CEE69BB2D89A,active,6,3624,1,unknown,,25.019,24.65,25.709,2026-08-18T00:06:15+08:00,210.00155555555554,595.28,2013
,,unknown,unknown,,,,2026-08-18T00:06:15+08:00,,0,0,,,0,,FORMAL,INELIGIBLE,,PROBLEM_PACKAGE,,,,,catalog/papers.csv; catalog/paper_files.csv; catalog/scale/g8_paper_status.csv,unknown,,,,0,,,,,,No analyzable PAPER PDF selected; identity retained in full corpus inventory.,UNKNOWN,,,,,,,,CUMCM-2008-D-001,,NOT_ANALYZED,D,D,,,,,,,,True,1,2008年数学建模国赛真题+优秀论文/2008年赛题/2008年国赛D题data_full.doc,primary,0666D69FD982D4B1752DF9C8E3BBCD3359A1E6521AD5C7500AE007C1E0E52844,0666D69FD982D4B1752DF9C8E3BBCD3359A1E6521AD5C7500AE007C1E0E52844,active,,,0,unknown,,,,,2026-08-18T00:06:15+08:00,,,2008
0,0,unknown,unknown,,,,2026-08-18T00:06:15+08:00,KaiTi;Times New Roman,1,0,0,0,1,1,FORMAL,Q3_MANUAL_REQUIRED,Q3,PAPER,0,0,274.81388888888887,779.0,catalog/papers.csv; catalog/paper_files.csv; catalog/scale/g8_paper_status.csv,unknown,False,0,0,1,,,,0,False,font_or_text_layer_not_reliable,PORTRAIT,6,,UNKNOWN,0,"1,2,3,4,5,6",,,CUMCM-2003-A-001,0.8,image_based,A,A,------------------------------------;Times-Italic;KaiTi,0,0,,,,,True,1,2003年数学建模国赛真题+优秀论文/2003年优秀论文/2003A：SARS传播的数学原理及预测与控制 (2).pdf,primary,10DC3713D196BF397E9DD4993CD968E15E0E86D9E3D3FC880920F45BE1447472,10DC3713D196BF397E9DD4993CD968E15E0E86D9E3D3FC880920F45BE1447472,active,0,36,1,unknown,,,,,2026-08-18T00:06:15+08:00,208.13888888888889,590.0,2003
0,0,unknown,unknown,,,,2026-08-18T00:06:15+08:00,KaiTi;Times New Roman,1,0,0,0,1,1,FORMAL,Q3_MANUAL_REQUIRED,Q3,PAPER,0,0,275.8722222222222,782.0,catalog/papers.csv; catalog/paper_files.csv; catalog/scale/g8_paper_status.csv,unknown,False,0,0,1,,,,0,False,font_or_text_layer_not_reliable,PORTRAIT,8,,UNKNOWN,0,"1,2,3,4,5,6,7,8",,,CUMCM-1996-A-001,0.8,image_based,A,A,------------------------------------;Times-Italic;KaiTi,0,0,,,,,True,1,1996年数学建模国赛真题+优秀论文/1996年国赛优秀论文/1996A：持续高产捕鱼策略.pdf,primary,B42F3B854FC08AEB3B4AC3B711E6299BE0E2097F280B7C4680DF685119439786,B42F3B854FC08AEB3B4AC3B711E6299BE0E2097F280B7C4680DF685119439786,active,0,40,1,unknown,,,,,2026-08-18T00:06:15+08:00,200.02499999999998,567.0,1996
,,unknown,unknown,,,,2026-08-18T00:06:15+08:00,,0,0,,,0,,FORMAL,INELIGIBLE,,SUPPORTING_MATERIAL,,,,,catalog/papers.csv; catalog/paper_files.csv; catalog/scale/g8_paper_status.csv,unknown,,,,0,,,,,,No analyzable PAPER PDF selected; identity retained in full corpus inventory.,UNKNOWN,,,,,,,,CUMCM-2011-B-001,,NOT_ANALYZED,B,B,,,,,,,,False,1,2011年数学建模国赛真题+优秀论文/2011年优秀论文/2011B：交巡警服务平台的设置与调度（3）/问题一与问题三：路径分配示意图/二十三个平台时的分配图_问题三.PNG,primary,74D133872DB55A545876C3576B2D1431365559286DE5799041F8FA833B1FD2AA,74D133872DB55A545876C3576B2D1431365559286DE5799041F8FA833B1FD2AA,active,,,0,unknown,,,,,2026-08-18T00:06:15+08:00,,,2011
0,0,unknown,unknown,,,,2026-08-18T00:06:15+08:00,KaiTi,1,0,0,0,1,0,FORMAL,Q3_MANUAL_REQUIRED,Q3,PAPER,0,0,277.6361111111111,787.0,catalog/papers.csv; catalog/paper_files.csv; catalog/scale/g8_paper_status.csv,unknown,False,0,0,1,,,,0,False,font_or_text_layer_not_reliable,PORTRAIT,9,,UNKNOWN,0,"1,2,3,4,5,6,7,8,9",,,CUMCM-1995-A-001,0.8,image_based,A,A,------------------------------------;KaiTi,0,0,,,,,True,1,1995年数学建模国赛真题+优秀论文/1995年国赛优秀论文/1995A：飞行管理问题的实时算法.pdf,primary,E4141586944386F0CEEAA0592837FA28A32C89844D4113F1E536FF48A2430A42,E4141586944386F0CEEAA0592837FA28A32C89844D4113F1E536FF48A2430A42,active,0,36,1,unknown,,,,,2026-08-18T00:06:15+08:00,203.90555555555554,578.0,1995
0,0,unknown,unknown,17.498,16.439,18.644,2026-08-18T00:06:15+08:00,KaiTi;SimSun/Song;Syntax;Times New Roman;cajcd-fntaa;cajcd-fntbd;cajcd-fntlt,1,1,423,0,1,1,FORMAL,COMPLETE,Q2,PAPER,0,1,248.70833333333334,705.0,catalog/papers.csv; catalog/paper_files.csv; catalog/scale/g8_paper_status.csv,unknown,False,0,0,1,12.735,12.418,12.912,7,False,,PORTRAIT,8,,BOTTOM,1,,,,CUMCM-2000-C-001,1.0,text_based,C,C,------------------------------------;STSong-Light;Times-Roman;cajcd-fntaa;Times-Bold;Times-Italic;cajcd-fntlt;KaiTi;cajcd-fntbd;Syntax;Syntax;Syntax;Syntax;Syntax;Syntax;Syntax;Syntax;Syntax;Syntax;Syntax;Syntax;Syntax;Syntax;Syntax;Syntax;Syntax;Syntax;Syntax;Syntax;Syntax;Syntax;Syntax;Syntax;Syntax;Syntax;Syntax;Syntax;Syntax;Syntax;Syntax;Syntax;Syntax;Syntax;Syntax;Syntax;Syntax;Syntax;Syntax;Syntax;Syntax;Syntax;Syntax;Syntax;Syntax;Syntax;Syntax;Syntax;Syntax;Syntax;Syntax;Syntax;Syntax;Syntax;Syntax;Syntax;Syntax;Syntax;Syntax;Syntax;Syntax;Syntax;Syntax;Syntax;Syntax;Syntax;Syntax;Syntax;Syntax;Syntax;Syntax;Syntax;Syntax;Syntax;Syntax;Syntax;Syntax;Syntax;Syntax;Syntax;Syntax;Syntax;Syntax;Syntax;Syntax;Syntax;Syntax;Syntax;Syntax;Syntax;Syntax;Syntax;Syntax;Syntax;Syntax;Syntax;Syntax;Syntax;Syntax;Syntax;Syntax;Syntax;Syntax;Syntax;Syntax;Syntax;Syntax;Syntax;Syntax;Syntax;Syntax;Syntax;Syntax;Syntax;Syntax;Syntax;Syntax;Syntax;Syntax;Syntax;Syntax;Syntax;Syntax;Syntax;Syntax;Syntax;Syntax;Syntax;Syntax;Syntax;Syntax;Syntax;Syntax;Syntax;Syntax;Syntax;Syntax;Syntax;Syntax;Syntax;Syntax;Syntax;Syntax;Syntax;Syntax;Syntax;Syntax;Syntax;Syntax;Syntax;Syntax;Syntax;Syntax;Syntax;Syntax;Syntax;Syntax;Syntax;Syntax;Syntax;Syntax;Syntax;Syntax;Syntax;Syntax;Syntax;Syntax;Syntax;Syntax;Syntax;Syntax;Syntax;Syntax;Syntax;Syntax;Syntax;Syntax;Syntax;Syntax;Syntax;Syntax;Syntax;Syntax;Syntax;Syntax;Syntax;Syntax;Syntax;Syntax;Syntax;Syntax;Syntax;Syntax;Syntax;Syntax;Syntax;Syntax;Syntax;Syntax;Syntax;Syntax;Syntax;Syntax;Syntax;Syntax;Syntax;Syntax;Syntax;Syntax;Syntax;Syntax;Syntax;Syntax;Syntax;Syntax;Syntax;Syntax;Syntax;Syntax;Syntax;Syntax;Syntax;Syntax;Syntax;Syntax;Syntax;Syntax;Syntax;Syntax;Syntax;Syntax;Syntax;Syntax;Syntax;Syntax;Syntax;Syntax;Syntax;Syntax;Syntax;Syntax;Syntax;Syntax;Syntax;Syntax;Syntax;Syntax;Syntax;Syntax;Syntax;Syntax;Syntax;Syntax;Syntax;Syntax;Syntax;Syntax;Syntax;Syntax;Syntax;Syntax;Syntax;Syntax;Syntax;Syntax;Syntax;Syntax;Syntax;Syntax;Syntax;Syntax;Syntax;Syntax;Syntax;Syntax;Syntax;Syntax;Syntax;Syntax;Syntax;Syntax;Syntax;Syntax;Syntax;Syntax;Syntax;Syntax;Syntax;Syntax;Syntax;Syntax;Syntax;Syntax;Syntax;Syntax;Syntax;Syntax;Syntax;Syntax;Syntax;Syntax;Syntax;Syntax;Syntax;Syntax;Syntax;Syntax;Syntax;Syntax;Syntax;Syntax;Syntax;Syntax;Syntax;Syntax;Syntax;Syntax;Syntax;Syntax;Syntax;Syntax;Syntax;Syntax;Syntax;Syntax;Syntax;Syntax;Syntax;Syntax;Syntax;Syntax;Syntax;Syntax;Syntax;Syntax;Syntax;Syntax;Syntax;Syntax;Syntax;Syntax;Syntax;Syntax;Syntax;Syntax;Syntax;Syntax;Syntax;Syntax;Syntax;Syntax;Syntax;Syntax;Syntax;Syntax;Syntax;Syntax;Syntax;Syntax;Syntax;Syntax;Syntax;Syntax;Syntax;Syntax;Syntax;Syntax;Syntax;Syntax;Syntax;Syntax;Syntax;Syntax;Syntax;Syntax;Syntax;Syntax;Syntax;Syntax;Syntax;Syntax;Syntax;Syntax;Syntax;Syntax;Syntax;Syntax;Syntax;Syntax;Syntax;Syntax;Syntax;Syntax;Syntax;Syntax;Syntax;Syntax;Syntax;Syntax;Syntax;Syntax;Syntax;Syntax;Syntax;Syntax;Syntax;Syntax;Syntax;Syntax;Syntax;Syntax;Syntax;Syntax;Syntax;Syntax;Syntax;Syntax;Syntax;Syntax;Syntax;Syntax;Syntax;Syntax;Syntax;Syntax;Syntax;Syntax;Syntax;Syntax;Syntax;Syntax;Syntax;Syntax;Syntax;Syntax;Syntax;Syntax;Syntax;Syntax;Syntax;Syntax;Syntax;Syntax;Syntax;Syntax;Syntax;Syntax;Syntax;Syntax;Syntax;Syntax;Syntax;Syntax;Syntax;Syntax;Syntax;Syntax;Syntax;Syntax;Syntax;Syntax;Syntax;Syntax;Syntax;Syntax;Syntax;Syntax;Syntax;Syntax;Syntax;Syntax;Syntax;Syntax;Syntax;Syntax;Syntax;Syntax;Syntax;Syntax;Syntax;Syntax;Syntax;Syntax;Syntax;Syntax;Syntax;Syntax;Syntax;Syntax;Syntax;Syntax;Syntax;Syntax;Syntax;Syntax;Syntax;Syntax;Syntax;Syntax;Syntax;Syntax;Syntax;Syntax;Syntax;Syntax;Syntax;Syntax;Syntax;Syntax;Syntax;Syntax;Syntax;Syntax;Syntax;Syntax;Syntax;Syntax;Syntax;Syntax;Syntax;Syntax;Syntax;Syntax;Syntax;Syntax;Syntax;Syntax;Syntax;Syntax;Syntax;Syntax;Syntax;Syntax;Syntax;Syntax;Syntax;Syntax;Syntax;Syntax;Syntax;Syntax;Syntax;Syntax;Syntax;Syntax;Syntax;Syntax;Syntax;Syntax;Syntax;Syntax;Syntax;Syntax;Syntax;Syntax;Syntax;Syntax;Syntax;Syntax;Syntax;Syntax;Syntax;Syntax;Syntax;Syntax;Syntax;Syntax;Syntax;Syntax;Syntax;Syntax;Syntax;Syntax;Syntax;Syntax;Syntax;Syntax;Syntax;Syntax;Syntax;Syntax;Syntax;Syntax;Syntax;Syntax;Syntax;Syntax;Syntax;Syntax;Syntax;Syntax;Syntax;Syntax;Syntax;Syntax;Syntax;Syntax;Syntax;Syntax;Syntax;Syntax;Syntax;Syntax;Syntax;Syntax;Syntax;Syntax;Syntax;Syntax;Syntax;Syntax;Syntax;Syntax;Syntax;Syntax;Syntax;Syntax;Syntax;Syntax;Syntax;Syntax;Syntax;Syntax;Syntax;Syntax;Syntax;Syntax;Syntax;Syntax;Syntax;Syntax;Syntax;Syntax;Syntax;Syntax;Syntax;Syntax;Syntax;Syntax;Syntax;Syntax;Syntax;Syntax;Syntax;Syntax;Syntax;Syntax;Syntax;Syntax;Syntax;Syntax;Syntax;Syntax;Syntax;Syntax;Syntax;Syntax;Syntax;Syntax;Syntax;Syntax;Syntax;Syntax;Syntax;Syntax;Syntax;Syntax;Syntax;Syntax;Syntax;Syntax;Syntax;Syntax;Syntax;Syntax;Syntax;Syntax;Syntax;Syntax;Syntax;Syntax;Syntax;Syntax;Syntax;Syntax;Syntax;Syntax;Syntax;Syntax;Syntax;Syntax;Syntax;Syntax;Syntax;Syntax;Syntax;Syntax;Syntax;Syntax;Syntax;Syntax;Syntax;Syntax;Syntax;Syntax;Syntax;Syntax;Syntax;Syntax;Syntax;Syntax;Syntax;Syntax;Syntax;Syntax;Syntax;Syntax;Syntax;Syntax;Syntax;Syntax;Syntax;Syntax;Syntax;Syntax;Syntax;Syntax;Syntax;Syntax;Syntax;Syntax;Syntax;Syntax;Syntax;Syntax;Syntax;Syntax;Syntax;Syntax;Syntax;Syntax;Syntax;Syntax;Syntax;Syntax;Syntax;Syntax;Syntax;Syntax;Syntax;Syntax;Syntax;Syntax;Syntax;Syntax;Syntax;Syntax;Syntax;Syntax;Syntax;Syntax;Syntax;Syntax;Syntax;Syntax;Syntax;Syntax;Syntax;Syntax;Syntax;Syntax;Syntax;Syntax;Syntax;Syntax;Syntax;Syntax;Syntax;Syntax;Syntax;Syntax;Syntax;Syntax;Syntax;Syntax;Syntax;Syntax;Syntax;Syntax;Syntax;Syntax;Syntax;Syntax;Syntax;Syntax;Syntax;Syntax;Syntax;Syntax;Syntax;Syntax;Syntax;Syntax;Syntax;Syntax;Syntax;Syntax;Syntax;Syntax;Syntax;Syntax;Syntax;Syntax;Syntax;Syntax;Syntax;Syntax;Syntax;Syntax;Syntax;Syntax;Syntax;Syntax;Syntax;Syntax;Syntax;Syntax;Syntax;Syntax;Syntax;Syntax;Syntax;Syntax;Syntax;Syntax;Syntax;Syntax;Syntax;Syntax;Syntax;Syntax;Syntax;Syntax;Syntax;Syntax;Syntax;Syntax;Syntax;Syntax;Syntax;Syntax;Syntax;Syntax;Syntax;Syntax;Syntax;Syntax;Syntax;Syntax;Syntax;Syntax;Syntax;Syntax;Syntax;Syntax;Syntax;Syntax;Syntax;Syntax;Syntax;Syntax;Syntax;Syntax;Syntax;Syntax;Syntax;Syntax;Syntax;Syntax;Syntax;Syntax;Syntax;Syntax;Syntax;Syntax;Syntax;Syntax;Syntax;Syntax;Syntax;Syntax;Syntax;Syntax;Syntax;Syntax;Syntax;Syntax;Syntax;Syntax;Syntax;Syntax;Syntax;Syntax;Syntax;Syntax;Syntax;Syntax;Syntax;Syntax;Syntax;Syntax;Syntax;Syntax;Syntax;Syntax;Syntax;Syntax;Syntax;Syntax;Syntax;Syntax;Syntax;Syntax;Syntax;Syntax;Syntax;Syntax;Syntax;Syntax;Syntax;Syntax;Syntax;Syntax;Syntax;Syntax;Syntax;Syntax;Syntax;Syntax;Syntax;Syntax;Syntax;Syntax;Syntax;Syntax;Syntax;Syntax;Syntax;Syntax;Syntax;Syntax;Syntax;Syntax;Syntax;Syntax;Syntax;Syntax;Syntax;Syntax;Syntax;Syntax;Syntax;Syntax;Syntax;Syntax;Syntax;Syntax;Syntax;Syntax;Syntax;Syntax;Syntax;Syntax;Syntax;Syntax;Syntax;Syntax;Syntax;Syntax;Syntax;Syntax;Syntax;Syntax;Syntax;Syntax;Syntax;Syntax;Syntax;Syntax;Syntax;Syntax;Syntax;Syntax;Syntax;Syntax;Syntax;Syntax;Syntax;Syntax;Syntax;Syntax;Syntax;Syntax;Syntax;Syntax;Syntax;Syntax;Syntax;Syntax;Syntax;Syntax;Syntax;Syntax;Syntax;Syntax;Syntax;Syntax;Syntax;Syntax;Syntax;Syntax;Syntax;Syntax;Syntax;Syntax;Syntax;Syntax;Syntax;Syntax;Syntax;Syntax;Syntax;Syntax;Syntax;Syntax;Syntax;Syntax;Syntax;Syntax;Syntax;Syntax;Syntax;Syntax;Syntax;Syntax;Syntax;Syntax;Syntax;Syntax;Syntax;Syntax;Syntax;Syntax;Syntax;Syntax;Syntax;Syntax;Syntax;Syntax;Syntax;Syntax;Syntax;Syntax;Syntax;Syntax;Syntax;Syntax;Syntax;Syntax;Syntax;Syntax;Syntax;Syntax;Syntax;Syntax;Syntax;Syntax;Syntax;Syntax;Syntax;Syntax;Syntax;Syntax;Syntax;Syntax;Syntax;Syntax;Syntax;Syntax;Syntax;Syntax;Syntax;Syntax;Syntax;Syntax;Syntax;Syntax;Syntax;Syntax;Syntax;Syntax;Syntax;Syntax;Syntax;Syntax;Syntax;Syntax;Syntax;Syntax;Syntax;Syntax;Syntax;Syntax;Syntax;Syntax;Syntax;Syntax;Syntax;Syntax;Syntax;Syntax;Syntax;Syntax;Syntax;Syntax;Syntax;Syntax;Syntax;Syntax;Syntax;Syntax;Syntax;Syntax;Syntax;Syntax;Syntax;Syntax;Syntax;Syntax;Syntax;Syntax;Syntax;Syntax;Syntax;Syntax;Syntax;Syntax;Syntax;Syntax;Syntax;Syntax;Syntax;Syntax;Syntax;Syntax;Syntax;Syntax;Syntax;Syntax;Syntax;Syntax;Syntax;Syntax;Syntax;Syntax;Syntax;Syntax;Syntax;Syntax;Syntax;Syntax;Syntax;Syntax;Syntax;Syntax;Syntax;Syntax;Syntax;Syntax;Syntax;Syntax;Syntax;Syntax;Syntax;Syntax;Syntax;Syntax;Syntax;Syntax;Syntax;Syntax;Syntax;Syntax;Syntax;Syntax;Syntax;Syntax;Syntax;Syntax;Syntax;Syntax;Syntax;Syntax;Syntax;Syntax;Syntax;Syntax;Syntax;Syntax;Syntax;Syntax;Syntax;Syntax;Syntax;Syntax;Syntax;Syntax;Syntax;Syntax;Syntax;Syntax;Syntax;Syntax;Syntax;Syntax;Syntax;Syntax;Syntax;Syntax;Syntax;Syntax;Syntax;Syntax;Syntax;Syntax;Syntax;Syntax;Syntax;Syntax;Syntax;Syntax;Syntax;Syntax;Syntax;Syntax;Syntax;Syntax;Syntax;Syntax;Syntax;Syntax;Syntax;Syntax;Syntax;Syntax;Syntax;Syntax;Syntax;Syntax;Syntax;Syntax;Syntax;Syntax;Syntax;Syntax;Syntax;Syntax;Syntax;Syntax;Syntax;Syntax;Syntax;Syntax;Syntax;Syntax;Syntax;Syntax;Syntax;Syntax;Syntax;Syntax;Syntax;Syntax;Syntax;Syntax;Syntax;Syntax;Syntax;Syntax;Syntax;Syntax;Syntax;Syntax;Syntax;Syntax;Syntax;Syntax;Syntax;Syntax;Syntax;Syntax;Syntax;Syntax;Syntax;Syntax;Syntax;Syntax;Syntax;Syntax;Syntax;Syntax;Syntax;Syntax;Syntax;Syntax;Syntax;Syntax;Syntax;Syntax;Syntax;Syntax;Syntax;Syntax;Syntax;Syntax;Syntax;Syntax;Syntax;Syntax;Syntax;Syntax;Syntax;Syntax;Syntax;Syntax;Syntax;Syntax;Syntax;Syntax;Syntax;Syntax;Syntax;Syntax;Syntax;Syntax;Syntax;Syntax;Syntax;Syntax;Syntax;Syntax;Syntax;Syntax;Syntax;Syntax;Syntax;Syntax;Syntax;Syntax;Syntax;Syntax;Syntax;Syntax;Syntax;Syntax;Syntax;Syntax;Syntax;Syntax;Syntax;Syntax;Syntax;Syntax;Syntax;Syntax;Syntax;Syntax;Syntax;Syntax;Syntax;Syntax;Syntax;Syntax;Syntax;Syntax;Syntax;Syntax;Syntax;Syntax;Syntax;Syntax;Syntax;Syntax;Syntax;Syntax;Syntax;Syntax;Syntax;Syntax;Syntax;Syntax;Syntax;Syntax;Syntax;Syntax;Syntax;Syntax;Syntax;Syntax;Syntax;Syntax;Syntax;Syntax;Syntax;Syntax;Syntax;Syntax;Syntax;Syntax;Syntax;Syntax;Syntax;Syntax;Syntax;Syntax;Syntax;Syntax;Syntax;Syntax;Syntax;Syntax;Syntax;Syntax;Syntax;Syntax;Syntax;Syntax;Syntax;Syntax;Syntax;Syntax;Syntax;Syntax;Syntax;Syntax;Syntax;Syntax;Syntax;Syntax;Syntax;Syntax;Syntax;Syntax;Syntax;Syntax;Syntax;Syntax;Syntax;Syntax;Syntax;Syntax;Syntax;Syntax;Syntax;Syntax;Syntax;Syntax;Syntax;Syntax;Syntax;Syntax;Syntax;Syntax;Syntax;Syntax;Syntax;Syntax;Syntax;Syntax;Syntax;Syntax;Syntax;Syntax;Syntax;Syntax;Syntax;Syntax;Syntax;Syntax;Syntax;Syntax;Syntax;Syntax;Syntax;Syntax;Syntax;Syntax;Syntax;Syntax;Syntax;Syntax;Syntax;Syntax;Syntax;Syntax;Syntax;Syntax;Syntax;Syntax;Syntax;Syntax;Syntax;Syntax;Syntax;Syntax;Syntax;Syntax;Syntax;Syntax;Syntax;Syntax;Syntax;Syntax;Syntax;Syntax;Syntax;Syntax;Syntax;Syntax;Syntax;Syntax;Syntax;Syntax;Syntax;Syntax;Syntax;Syntax;Syntax;Syntax;Syntax;Syntax;Syntax;Syntax;Syntax;Syntax;Syntax;Syntax;Syntax;Syntax;Syntax;Syntax;Syntax;Syntax;Syntax;Syntax;Syntax;Syntax;Syntax;Syntax;Syntax;Syntax;Syntax;Syntax;Syntax;Syntax;Syntax;Syntax;Syntax;Syntax;Syntax;Syntax;Syntax;Syntax;Syntax;Syntax;Syntax;Syntax;Syntax;Syntax;Syntax;Syntax;Syntax;Syntax;Syntax;Syntax;Syntax;Syntax;Syntax;Syntax;Syntax;Syntax;Syntax;Syntax;Syntax;Syntax;Syntax;Syntax;Syntax;Syntax;Syntax;Syntax;Syntax;Syntax;Syntax;Syntax;Syntax;Syntax;Syntax;Syntax;Syntax;Syntax;Syntax;Syntax;Syntax;Syntax;Syntax;Syntax;Syntax;Syntax;Syntax;Syntax;Syntax;Syntax;Syntax;Syntax;Syntax;Syntax;Syntax;Syntax;Syntax;Syntax;Syntax;Syntax;Syntax;Syntax;Syntax;Syntax;Syntax;Syntax;Syntax;Syntax;Syntax;Syntax;Syntax;Syntax;Syntax;Syntax;Syntax;Syntax;Syntax;Syntax;Syntax;Syntax;Syntax;Syntax;Syntax;Syntax;Syntax;Syntax;Syntax;Syntax;Syntax;Syntax;Syntax;Syntax;Syntax;Syntax;Syntax;Syntax;Syntax;Syntax;Syntax;Syntax;Syntax;Syntax;Syntax;Syntax;Syntax;Syntax;Syntax;Syntax;Syntax;Syntax;Syntax;Syntax;Syntax;Syntax;Syntax;Syntax;Syntax;Syntax;Syntax;Syntax;Syntax;Syntax;Syntax;Syntax;Syntax;Syntax;Syntax;Syntax;Syntax;Syntax;Syntax;Syntax;Syntax;Syntax;Syntax;Syntax;Syntax;Syntax;Syntax;Syntax;Syntax;Syntax;Syntax;Syntax;Syntax;Syntax;Syntax;Syntax;Syntax;Syntax;Syntax;Syntax;Syntax;Syntax;Syntax;Syntax;Syntax;Syntax;Syntax;Syntax;Syntax;Syntax;Syntax;Syntax;Syntax;Syntax;Syntax;Syntax;Syntax;Syntax;Syntax;Syntax;Syntax;Syntax;Syntax;Syntax;Syntax;Syntax;Syntax;Syntax;Syntax;Syntax;Syntax;Syntax;Syntax;Syntax;Syntax;Syntax;Syntax;Syntax;Syntax;Syntax;Syntax;Syntax;Syntax;Syntax;Syntax;Syntax;Syntax;Syntax;Syntax;Syntax;Syntax;Syntax;Syntax;Syntax;Syntax;Syntax;Syntax;Syntax;Syntax;Syntax;Syntax;Syntax;Syntax;Syntax;Syntax;Syntax;Syntax;Syntax;Syntax;Syntax;Syntax;Syntax;Syntax;Syntax;Syntax;Syntax;Syntax;Syntax;Syntax;Syntax;Syntax;Syntax;Syntax;Syntax;Syntax;Syntax;Syntax;Syntax;Syntax;Syntax;Syntax;Syntax;Syntax;Syntax;Syntax;Syntax;Syntax;Syntax;Syntax;Syntax;Syntax;Syntax;Syntax;Syntax;Syntax;Syntax;Syntax;Syntax;Syntax;Syntax;Syntax;Syntax;Syntax;Syntax;Syntax;Syntax;Syntax;Syntax;Syntax;Syntax;Syntax;Syntax;Syntax;Syntax;Syntax;Syntax;Syntax;Syntax;Syntax;Syntax;Syntax;Syntax;Syntax;Syntax;Syntax;Syntax;Syntax;Syntax;Syntax;Syntax;Syntax;Syntax;Syntax;Syntax;Syntax;Syntax;Syntax;Syntax;Syntax;Syntax;Syntax;Syntax;Syntax;Syntax;Syntax;Syntax;Syntax;Syntax;Syntax;Syntax;Syntax;Syntax;Syntax;Syntax;Syntax;Syntax;Syntax;Syntax;Syntax;Syntax;Syntax;Syntax;Syntax;Syntax;Syntax;Syntax;Syntax;Syntax;Syntax;Syntax;Syntax;Syntax;Syntax;Syntax;Syntax;Syntax;Syntax;Syntax;Syntax;Syntax;Syntax;Syntax;Syntax;Syntax;Syntax;Syntax;Syntax;Syntax;Syntax;Syntax;Syntax;Syntax;Syntax;Syntax;Syntax;Syntax;Syntax;Syntax;Syntax;Syntax;Syntax;Syntax;Syntax;Syntax;Syntax;Syntax;Syntax;Syntax;Syntax;Syntax;Syntax;Syntax;Syntax;Syntax;Syntax;Syntax;Syntax;Syntax;Syntax;Syntax;Syntax;Syntax;Syntax;Syntax;Syntax;Syntax;Syntax;Syntax;Syntax;Syntax;Syntax;Syntax;Syntax;Syntax;Syntax;Syntax;Syntax;Syntax;Syntax;Syntax;Syntax;Syntax;Syntax;Syntax;Syntax;Syntax;Syntax;Syntax;Syntax;Syntax;Syntax;Syntax;Syntax;Syntax;Syntax;Syntax;Syntax;Syntax;Syntax;Syntax;Syntax;Syntax;Syntax;Syntax;Syntax;Syntax;Syntax;Syntax;Syntax;Syntax;Syntax;Syntax;Syntax;Syntax;Syntax;Syntax;Syntax;Syntax;Syntax;Syntax;Syntax;Syntax;Syntax;Syntax;Syntax;Syntax;Syntax;Syntax;Syntax;Syntax;Syntax;Syntax;Syntax;Syntax;Syntax;Syntax;Syntax;Syntax;Syntax;Syntax;Syntax;Syntax;Syntax;Syntax;Syntax;Syntax;Syntax;Syntax;Syntax;Syntax;Syntax;Syntax;Syntax;Syntax;Syntax;Syntax;Syntax;Syntax;Syntax;Syntax;Syntax;Syntax;Syntax;Syntax;Syntax;Syntax;Syntax;Syntax;Syntax;Syntax;Syntax;Syntax;Syntax;Syntax;Syntax;Syntax;Syntax;Syntax;Syntax;Syntax;Syntax;Syntax;Syntax;Syntax;Syntax;Syntax;Syntax;Syntax;Syntax;Syntax;Syntax;Syntax;Syntax;Syntax;Syntax;Syntax;Syntax;Syntax;Syntax;Syntax;Syntax;Syntax;Syntax;Syntax;Syntax;Syntax;Syntax;Syntax;Syntax;Syntax;Syntax;Syntax;Syntax;Syntax;Syntax;Syntax;Syntax;Syntax;Syntax;Syntax;Syntax;Syntax;Syntax;Syntax;Syntax;Syntax;Syntax;Syntax;Syntax;Syntax;Syntax;Syntax;Syntax;Syntax;Syntax;Syntax;Syntax;Syntax;Syntax;Syntax;Syntax;Syntax;Syntax;Syntax;Syntax;Syntax;Syntax;Syntax;Syntax;Syntax;Syntax;Syntax;Syntax;Syntax;Syntax;Syntax;Syntax;Syntax;Syntax;Syntax;Syntax;Syntax;Syntax;Syntax;Syntax;Syntax;Syntax;Syntax;Syntax;Syntax;Syntax,22,0,10.195,10.16,10.248,,True,1,2000年数学建模国赛真题+优秀论文/2000年国赛优秀论文/2000C：飞越北极的数学模型 (2).pdf,primary,62544533E41E9C720FFB383DAB90B099CC7DAD5E9290B892470C3BE782D5FA69,62544533E41E9C720FFB383DAB90B099CC7DAD5E9290B892470C3BE782D5FA69,active,0,1413,1,unknown,M A TH EM A T ICSINPRA CT ICE ANDTH EO R Y,14.146,14.146,14.146,2026-08-18T00:06:15+08:00,167.56944444444446,475.0,2000
0,0,unknown,unknown,,,,2026-08-18T00:06:15+08:00,KaiTi;Times New Roman,1,0,0,0,1,1,FORMAL,Q3_MANUAL_REQUIRED,Q3,PAPER,0,0,277.6361111111111,787.0,catalog/papers.csv; catalog/paper_files.csv; catalog/scale/g8_paper_status.csv,unknown,False,0,0,1,,,,0,False,font_or_text_layer_not_reliable,PORTRAIT,3,,UNKNOWN,0,"1,2,3",,,CUMCM-1995-B-002,0.8,image_based,B,B,------------------------------------;Times-Italic;KaiTi,0,0,,,,,True,1,1995年数学建模国赛真题+优秀论文/1995年国赛优秀论文/1995B：天车作业调度的随机性分析.pdf,primary,2866722CD8BF834B00BCDE12DB3F275BFC83E0F422B0768C727204F9D27A9EDB,2866722CD8BF834B00BCDE12DB3F275BFC83E0F422B0768C727204F9D27A9EDB,active,0,15,1,unknown,,,,,2026-08-18T00:06:15+08:00,203.90555555555554,578.0,1995
,,unknown,unknown,,,,2026-08-18T00:06:15+08:00,,,,,,0,,FORMAL,COMPLETE,Q2,PAPER,,,,,catalog/papers.csv; catalog/paper_files.csv; catalog/scale/g8_paper_status.csv,unknown,,,,0,,,,,,Source rendered and identified as a competition problem statement package; retained in full inventory but excluded from Paper format consensus.,UNKNOWN,,,,,,,,CUMCM-2024-B-001,,NOT_ANALYZED,B,B,,,,,,,PROBLEM_PACKAGE,True,1,2024年数学建模国赛真题+优秀论文/2024真题/B题/B题.pdf,primary,F54529DD15D729B046E248EA41033B4F66EF68333BE2BEE912B0C54EAFD227AB,F54529DD15D729B046E248EA41033B4F66EF68333BE2BEE912B0C54EAFD227AB,active,,,0,unknown,,,,,2026-08-18T00:06:15+08:00,,,2024
,,unknown,unknown,,,,2026-08-18T00:06:15+08:00,,0,0,,,0,,FORMAL,,,NOT_IN_G8_STATUS,,,,,catalog/papers.csv; catalog/paper_files.csv; catalog/scale/g8_paper_status.csv,unknown,,,,0,,,,,,No analyzable PAPER PDF selected; identity retained in full corpus inventory.,UNKNOWN,,,,,,,,CUMCM-2025-A-001,,NOT_ANALYZED,A,A,,,,,,,,True,1,2025年数学建模国赛真题+优秀论文/2025年数学建模国赛真题！/A题/A题.pdf,primary,A37F6AAD30B16EA09DA9CB320CE194B12D3A28874008CF9FF19549F6C6079447,A37F6AAD30B16EA09DA9CB320CE194B12D3A28874008CF9FF19549F6C6079447,active,,,0,unknown,,,,,2026-08-18T00:06:15+08:00,,,2025
1,0,unknown,unknown,32.756,29.919,60.209,2026-08-18T00:06:15+08:00,KaiTi;Monospace;SimHei;SimSun/Song;Times New Roman,1,1,141,5,1,0,FORMAL,COMPLETE,Q2,PAPER,0,0,297.0388888888889,842.0,catalog/papers.csv; catalog/paper_files.csv; catalog/scale/g8_paper_status.csv,unknown,True,0,1,1,25.019,25.019,25.019,10,False,,PORTRAIT,11,,UNKNOWN,0,,,,CUMCM-2006-B-001,1.0,text_based,B,B,------------------------------------;XEKKFX+SimHei;KaiTi;LNUHNF+SimSun;AUWCNV+TimesNewRomanPSMT;TYXLQB+CourierNewPSMT,35,0,24.247,22.871,24.995,,True,1,2006年数学建模国赛真题+优秀论文/2006年优秀论文/2006B：艾滋病疗法的评价及疗效的预.pdf,primary,9D23F968712A90CE22A25CD158585EABE82B510AFDE711E1EF28C09AD998CB33,9D23F968712A90CE22A25CD158585EABE82B510AFDE711E1EF28C09AD998CB33,active,4,644,1,unknown,学院：数学与统计学院,25.06,25.037,25.89,2026-08-18T00:06:15+08:00,210.02625,595.35,2006
,,unknown,unknown,,,,2026-08-18T00:06:15+08:00,,0,0,,,0,,FORMAL,INELIGIBLE,,SUPPORTING_MATERIAL,,,,,catalog/papers.csv; catalog/paper_files.csv; catalog/scale/g8_paper_status.csv,unknown,,,,0,,,,,,No analyzable PAPER PDF selected; identity retained in full corpus inventory.,UNKNOWN,,,,,,,,CUMCM-2011-D-002,,NOT_ANALYZED,D,D,,,,,,,,True,1,2011年数学建模国赛真题+优秀论文/2011年优秀论文/2011D：天然肠衣搭配问题(1)/规格3步骤23.lg4,primary,DF2DFB6A25C1D7F3AFAE8BD43926F466FC401FCA8D7A1F22AFC17BF5374E865F,DF2DFB6A25C1D7F3AFAE8BD43926F466FC401FCA8D7A1F22AFC17BF5374E865F,active,,,0,unknown,,,,,2026-08-18T00:06:15+08:00,,,2011
0,0,unknown,unknown,16.775,16.572,17.11,2026-08-18T00:06:15+08:00,KaiTi;SimSun/Song;Syntax;Times New Roman;cajcd-fnta7;cajcd-fntaa;cajcd-fntbd;cajcd-fntlt,1,1,453,0,1,1,FORMAL,COMPLETE,Q2,PAPER,0,1,248.70833333333334,705.0,catalog/papers.csv; catalog/paper_files.csv; catalog/scale/g8_paper_status.csv,unknown,False,0,0,1,12.912,12.674,12.912,6,False,,PORTRAIT,7,,TOP,1,,,,CUMCM-1999-C-001,1.0,text_based,C,C,------------------------------------;STSong-Light;Times-Roman;cajcd-fntaa;Times-Bold;Times-Italic;KaiTi;cajcd-fntbd;Times-Italic;cajcd-fntlt;cajcd-fnta7;Syntax;Syntax;Syntax;Syntax;Syntax;Syntax;Syntax;Syntax;Syntax;Syntax;Syntax;Syntax;Syntax;Syntax;Syntax;Syntax;Syntax;Syntax;Syntax;Syntax;Syntax;Syntax;Syntax;Syntax;Syntax;Syntax;Syntax;Syntax;Syntax;Syntax;Syntax;Syntax;Syntax;Syntax;Syntax;Syntax;Syntax;Syntax;Syntax;Syntax;Syntax;Syntax;Syntax;Syntax;Syntax;Syntax;Syntax;Syntax;Syntax;Syntax;Syntax;Syntax;Syntax;Syntax;Syntax;Syntax;Syntax;Syntax;Syntax;Syntax;Syntax;Syntax;Syntax;Syntax;Syntax;Syntax;Syntax;Syntax;Syntax;Syntax;Syntax;Syntax;Syntax;Syntax;Syntax;Syntax;Syntax;Syntax;Syntax;Syntax;Syntax;Syntax;Syntax;Syntax;Syntax;Syntax;Syntax;Syntax;Syntax;Syntax;Syntax;Syntax;Syntax;Syntax;Syntax;Syntax;Syntax;Syntax;Syntax;Syntax;Syntax;Syntax;Syntax;Syntax;Syntax;Syntax;Syntax;Syntax;Syntax;Syntax;Syntax;Syntax;Syntax;Syntax;Syntax;Syntax;Syntax;Syntax;Syntax;Syntax;Syntax;Syntax;Syntax;Syntax;Syntax;Syntax;Syntax;Syntax;Syntax;Syntax;Syntax;Syntax;Syntax;Syntax;Syntax;Syntax;Syntax;Syntax;Syntax;Syntax;Syntax;Syntax;Syntax;Syntax;Syntax;Syntax;Syntax;Syntax;Syntax;Syntax;Syntax;Syntax;Syntax;Syntax;Syntax;Syntax;Syntax;Syntax;Syntax;Syntax;Syntax;Syntax;Syntax;Syntax;Syntax;Syntax;Syntax;Syntax;Syntax;Syntax;Syntax;Syntax;Syntax;Syntax;Syntax;Syntax;Syntax;Syntax;Syntax;Syntax;Syntax;Syntax;Syntax;Syntax;Syntax;Syntax;Syntax;Syntax;Syntax;Syntax;Syntax;Syntax;Syntax;Syntax;Syntax;Syntax;Syntax;Syntax;Syntax;Syntax;Syntax;Syntax;Syntax;Syntax;Syntax;Syntax;Syntax;Syntax;Syntax;Syntax;Syntax;Syntax;Syntax;Syntax;Syntax;Syntax;Syntax;Syntax;Syntax;Syntax;Syntax;Syntax;Syntax;Syntax;Syntax;Syntax;Syntax;Syntax;Syntax;Syntax;Syntax;Syntax;Syntax;Syntax;Syntax;Syntax;Syntax;Syntax;Syntax;Syntax;Syntax;Syntax;Syntax;Syntax;Syntax;Syntax;Syntax;Syntax;Syntax;Syntax;Syntax;Syntax;Syntax;Syntax;Syntax;Syntax;Syntax;Syntax;Syntax;Syntax;Syntax;Syntax;Syntax;Syntax;Syntax;Syntax;Syntax;Syntax;Syntax;Syntax;Syntax;Syntax;Syntax;Syntax;Syntax;Syntax;Syntax;Syntax;Syntax;Syntax;Syntax;Syntax;Syntax;Syntax;Syntax;Syntax;Syntax;Syntax;Syntax;Syntax;Syntax;Syntax;Syntax;Syntax;Syntax;Syntax;Syntax;Syntax;Syntax;Syntax;Syntax;Syntax;Syntax;Syntax;Syntax;Syntax;Syntax;Syntax;Syntax;Syntax;Syntax;Syntax;Syntax;Syntax;Syntax;Syntax;Syntax;Syntax;Syntax;Syntax;Syntax;Syntax;Syntax;Syntax;Syntax;Syntax;Syntax;Syntax;Syntax;Syntax;Syntax;Syntax;Syntax;Syntax;Syntax;Syntax;Syntax;Syntax;Syntax;Syntax;Syntax;Syntax;Syntax;Syntax;Syntax;Syntax;Syntax;Syntax;Syntax;Syntax;Syntax;Syntax;Syntax;Syntax;Syntax;Syntax;Syntax;Syntax;Syntax;Syntax;Syntax;Syntax;Syntax;Syntax;Syntax;Syntax;Syntax;Syntax;Syntax;Syntax;Syntax;Syntax;Syntax;Syntax;Syntax;Syntax;Syntax;Syntax;Syntax;Syntax;Syntax;Syntax;Syntax;Syntax;Syntax;Syntax;Syntax;Syntax;Syntax;Syntax;Syntax;Syntax;Syntax;Syntax;Syntax;Syntax;Syntax;Syntax;Syntax;Syntax;Syntax;Syntax;Syntax;Syntax;Syntax;Syntax;Syntax;Syntax;Syntax;Syntax;Syntax;Syntax;Syntax;Syntax;Syntax;Syntax;Syntax;Syntax;Syntax;Syntax;Syntax;Syntax;Syntax;Syntax;Syntax;Syntax;Syntax;Syntax;Syntax;Syntax;Syntax;Syntax;Syntax;Syntax;Syntax;Syntax;Syntax;Syntax;Syntax;Syntax;Syntax;Syntax;Syntax;Syntax;Syntax;Syntax;Syntax;Syntax;Syntax;Syntax;Syntax;Syntax;Syntax;Syntax;Syntax;Syntax;Syntax;Syntax;Syntax;Syntax;Syntax;Syntax;Syntax;Syntax;Syntax;Syntax;Syntax;Syntax;Syntax;Syntax;Syntax;Syntax;Syntax;Syntax;Syntax;Syntax;Syntax;Syntax;Syntax;Syntax;Syntax;Syntax;Syntax;Syntax;Syntax;Syntax;Syntax;Syntax;Syntax;Syntax;Syntax;Syntax;Syntax;Syntax;Syntax;Syntax;Syntax;Syntax;Syntax;Syntax;Syntax;Syntax;Syntax;Syntax;Syntax;Syntax;Syntax;Syntax;Syntax;Syntax;Syntax;Syntax;Syntax;Syntax;Syntax;Syntax;Syntax;Syntax;Syntax;Syntax;Syntax;Syntax;Syntax;Syntax;Syntax;Syntax;Syntax;Syntax;Syntax;Syntax;Syntax;Syntax;Syntax;Syntax;Syntax;Syntax;Syntax;Syntax;Syntax;Syntax;Syntax;Syntax;Syntax;Syntax;Syntax;Syntax;Syntax;Syntax;Syntax;Syntax;Syntax;Syntax;Syntax;Syntax;Syntax;Syntax;Syntax;Syntax;Syntax;Syntax;Syntax;Syntax;Syntax;Syntax;Syntax;Syntax;Syntax;Syntax;Syntax;Syntax;Syntax;Syntax;Syntax;Syntax;Syntax;Syntax;Syntax;Syntax;Syntax;Syntax;Syntax;Syntax;Syntax;Syntax;Syntax;Syntax;Syntax;Syntax;Syntax;Syntax;Syntax;Syntax;Syntax;Syntax;Syntax;Syntax;Syntax;Syntax;Syntax;Syntax;Syntax;Syntax;Syntax;Syntax;Syntax;Syntax;Syntax;Syntax;Syntax;Syntax;Syntax;Syntax;Syntax;Syntax;Syntax;Syntax;Syntax;Syntax;Syntax;Syntax;Syntax;Syntax;Syntax;Syntax;Syntax;Syntax;Syntax;Syntax;Syntax;Syntax;Syntax;Syntax;Syntax;Syntax;Syntax;Syntax;Syntax;Syntax;Syntax;Syntax;Syntax;Syntax;Syntax;Syntax;Syntax;Syntax;Syntax;Syntax;Syntax;Syntax;Syntax;Syntax;Syntax;Syntax;Syntax;Syntax;Syntax;Syntax;Syntax;Syntax;Syntax;Syntax;Syntax;Syntax;Syntax;Syntax;Syntax;Syntax;Syntax;Syntax;Syntax;Syntax;Syntax;Syntax;Syntax;Syntax;Syntax;Syntax;Syntax;Syntax;Syntax;Syntax;Syntax;Syntax;Syntax;Syntax;Syntax;Syntax;Syntax;Syntax;Syntax;Syntax;Syntax;Syntax;Syntax;Syntax;Syntax;Syntax;Syntax;Syntax;Syntax;Syntax;Syntax;Syntax;Syntax;Syntax;Syntax;Syntax;Syntax;Syntax;Syntax;Syntax;Syntax;Syntax;Syntax;Syntax;Syntax;Syntax;Syntax;Syntax;Syntax;Syntax;Syntax;Syntax;Syntax;Syntax;Syntax;Syntax;Syntax;Syntax;Syntax;Syntax;Syntax;Syntax;Syntax;Syntax;Syntax;Syntax;Syntax;Syntax;Syntax;Syntax;Syntax;Syntax;Syntax;Syntax;Syntax;Syntax;Syntax;Syntax;Syntax;Syntax;Syntax;Syntax;Syntax;Syntax;Syntax;Syntax;Syntax;Syntax;Syntax;Syntax;Syntax;Syntax;Syntax;Syntax;Syntax;Syntax;Syntax;Syntax;Syntax;Syntax;Syntax;Syntax;Syntax;Syntax;Syntax;Syntax;Syntax;Syntax;Syntax;Syntax;Syntax;Syntax;Syntax;Syntax;Syntax;Syntax;Syntax;Syntax;Syntax;Syntax;Syntax;Syntax;Syntax;Syntax;Syntax;Syntax;Syntax;Syntax;Syntax;Syntax;Syntax;Syntax;Syntax;Syntax;Syntax;Syntax;Syntax;Syntax;Syntax;Syntax;Syntax;Syntax;Syntax;Syntax;Syntax;Syntax;Syntax;Syntax;Syntax;Syntax;Syntax;Syntax;Syntax;Syntax;Syntax;Syntax;Syntax;Syntax;Syntax;Syntax;Syntax;Syntax;Syntax;Syntax;Syntax;Syntax;Syntax;Syntax;Syntax;Syntax;Syntax;Syntax;Syntax;Syntax;Syntax;Syntax;Syntax;Syntax;Syntax;Syntax;Syntax;Syntax;Syntax;Syntax;Syntax;Syntax;Syntax;Syntax;Syntax;Syntax;Syntax;Syntax;Syntax;Syntax;Syntax;Syntax;Syntax;Syntax;Syntax;Syntax;Syntax;Syntax;Syntax;Syntax;Syntax;Syntax;Syntax;Syntax;Syntax;Syntax;Syntax;Syntax;Syntax;Syntax;Syntax;Syntax;Syntax;Syntax;Syntax;Syntax;Syntax;Syntax;Syntax;Syntax;Syntax;Syntax;Syntax;Syntax;Syntax;Syntax;Syntax;Syntax;Syntax;Syntax;Syntax;Syntax;Syntax;Syntax;Syntax;Syntax;Syntax;Syntax;Syntax;Syntax;Syntax;Syntax;Syntax;Syntax;Syntax;Syntax;Syntax;Syntax;Syntax;Syntax;Syntax;Syntax;Syntax;Syntax;Syntax;Syntax;Syntax;Syntax;Syntax;Syntax;Syntax;Syntax;Syntax;Syntax;Syntax;Syntax;Syntax;Syntax;Syntax;Syntax;Syntax;Syntax;Syntax;Syntax;Syntax;Syntax;Syntax;Syntax;Syntax;Syntax;Syntax;Syntax;Syntax;Syntax;Syntax;Syntax;Syntax;Syntax;Syntax;Syntax;Syntax;Syntax;Syntax;Syntax;Syntax;Syntax;Syntax;Syntax;Syntax;Syntax;Syntax;Syntax;Syntax;Syntax;Syntax;Syntax;Syntax;Syntax;Syntax;Syntax;Syntax;Syntax;Syntax;Syntax;Syntax;Syntax;Syntax;Syntax;Syntax;Syntax;Syntax;Syntax;Syntax;Syntax;Syntax;Syntax;Syntax;Syntax;Syntax;Syntax;Syntax;Syntax;Syntax;Syntax;Syntax;Syntax;Syntax;Syntax;Syntax;Syntax;Syntax;Syntax;Syntax;Syntax;Syntax;Syntax;Syntax;Syntax;Syntax;Syntax;Syntax;Syntax;Syntax;Syntax;Syntax;Syntax;Syntax;Syntax;Syntax;Syntax;Syntax;Syntax;Syntax;Syntax;Syntax;Syntax;Syntax;Syntax;Syntax;Syntax;Syntax;Syntax;Syntax;Syntax;Syntax;Syntax;Syntax;Syntax;Syntax;Syntax;Syntax;Syntax;Syntax;Syntax;Syntax;Syntax;Syntax;Syntax;Syntax;Syntax;Syntax;Syntax;Syntax;Syntax;Syntax;Syntax;Syntax;Syntax;Syntax;Syntax;Syntax;Syntax;Syntax;Syntax;Syntax;Syntax;Syntax;Syntax;Syntax;Syntax;Syntax;Syntax;Syntax;Syntax;Syntax;Syntax;Syntax;Syntax;Syntax;Syntax;Syntax;Syntax;Syntax;Syntax;Syntax;Syntax;Syntax;Syntax;Syntax;Syntax;Syntax;Syntax;Syntax;Syntax;Syntax;Syntax;Syntax;Syntax;Syntax;Syntax;Syntax;Syntax;Syntax;Syntax;Syntax;Syntax;Syntax;Syntax;Syntax;Syntax;Syntax;Syntax;Syntax;Syntax;Syntax;Syntax;Syntax;Syntax;Syntax;Syntax;Syntax;Syntax;Syntax;Syntax;Syntax;Syntax;Syntax;Syntax;Syntax;Syntax;Syntax;Syntax;Syntax;Syntax;Syntax;Syntax;Syntax;Syntax;Syntax;Syntax;Syntax;Syntax;Syntax;Syntax;Syntax;Syntax;Syntax;Syntax;Syntax;Syntax;Syntax;Syntax;Syntax;Syntax;Syntax;Syntax;Syntax;Syntax;Syntax;Syntax;Syntax;Syntax;Syntax;Syntax;Syntax;Syntax;Syntax;Syntax;Syntax;Syntax;Syntax;Syntax;Syntax;Syntax;Syntax;Syntax;Syntax;Syntax;Syntax;Syntax;Syntax;Syntax;Syntax;Syntax;Syntax;Syntax;Syntax;Syntax;Syntax;Syntax;Syntax;Syntax;Syntax;Syntax;Syntax;Syntax;Syntax;Syntax;Syntax;Syntax;Syntax;Syntax;Syntax;Syntax;Syntax;Syntax;Syntax;Syntax;Syntax;Syntax;Syntax;Syntax;Syntax;Syntax;Syntax;Syntax;Syntax;Syntax;Syntax;Syntax;Syntax;Syntax;Syntax;Syntax;Syntax;Syntax;Syntax;Syntax;Syntax;Syntax;Syntax;Syntax;Syntax;Syntax;Syntax;Syntax;Syntax;Syntax;Syntax;Syntax;Syntax;Syntax;Syntax;Syntax;Syntax;Syntax;Syntax;Syntax;Syntax;Syntax;Syntax;Syntax;Syntax;Syntax;Syntax;Syntax;Syntax;Syntax;Syntax;Syntax;Syntax;Syntax;Syntax;Syntax;Syntax;Syntax;Syntax;Syntax;Syntax;Syntax;Syntax;Syntax;Syntax;Syntax;Syntax;Syntax;Syntax;Syntax;Syntax;Syntax;Syntax;Syntax;Syntax;Syntax;Syntax;Syntax;Syntax;Syntax;Syntax;Syntax;Syntax;Syntax;Syntax;Syntax;Syntax;Syntax;Syntax;Syntax;Syntax;Syntax;Syntax;Syntax;Syntax;Syntax;Syntax;Syntax;Syntax;Syntax;Syntax;Syntax;Syntax;Syntax;Syntax;Syntax;Syntax;Syntax;Syntax;Syntax;Syntax;Syntax;Syntax;Syntax;Syntax;Syntax;Syntax;Syntax;Syntax;Syntax;Syntax;Syntax;Syntax;Syntax;Syntax;Syntax;Syntax;Syntax;Syntax;Syntax;Syntax;Syntax;Syntax;Syntax;Syntax;Syntax;Syntax;Syntax;Syntax;Syntax;Syntax;Syntax;Syntax;Syntax;Syntax;Syntax;Syntax;Syntax;Syntax;Syntax;Syntax;Syntax;Syntax;Syntax;Syntax;Syntax;Syntax;Syntax;Syntax;Syntax;Syntax;Syntax;Syntax;Syntax;Syntax;Syntax;Syntax;Syntax;Syntax;Syntax;Syntax;Syntax;Syntax;Syntax;Syntax;Syntax;Syntax;Syntax;Syntax;Syntax;Syntax;Syntax;Syntax;Syntax;Syntax;Syntax;Syntax;Syntax;Syntax;Syntax;Syntax;Syntax;Syntax;Syntax;Syntax;Syntax;Syntax;Syntax;Syntax;Syntax;Syntax;Syntax;Syntax;Syntax;Syntax;Syntax;Syntax;Syntax;Syntax;Syntax;Syntax;Syntax;Syntax;Syntax;Syntax;Syntax;Syntax;Syntax;Syntax;Syntax;Syntax;Syntax;Syntax;Syntax;Syntax;Syntax;Syntax;Syntax;Syntax;Syntax;Syntax;Syntax;Syntax;Syntax;Syntax;Syntax;Syntax;Syntax;Syntax;Syntax;Syntax;Syntax;Syntax;Syntax;Syntax;Syntax;Syntax;Syntax;Syntax;Syntax;Syntax;Syntax;Syntax;Syntax;Syntax;Syntax;Syntax;Syntax;Syntax;Syntax;Syntax;Syntax;Syntax;Syntax;Syntax;Syntax;Syntax;Syntax;Syntax;Syntax;Syntax;Syntax;Syntax;Syntax;Syntax;Syntax;Syntax;Syntax;Syntax;Syntax;Syntax;Syntax;Syntax;Syntax;Syntax;Syntax;Syntax;Syntax;Syntax;Syntax;Syntax;Syntax;Syntax;Syntax;Syntax;Syntax;Syntax;Syntax;Syntax;Syntax;Syntax;Syntax;Syntax;Syntax;Syntax;Syntax;Syntax;Syntax;Syntax;Syntax;Syntax;Syntax;Syntax;Syntax;Syntax;Syntax;Syntax;Syntax;Syntax;Syntax;Syntax;Syntax;Syntax;Syntax;Syntax;Syntax;Syntax;Syntax;Syntax;Syntax;Syntax;Syntax;Syntax;Syntax;Syntax;Syntax;Syntax;Syntax;Syntax;Syntax;Syntax;Syntax;Syntax;Syntax;Syntax;Syntax;Syntax;Syntax;Syntax;Syntax;Syntax;Syntax;Syntax;Syntax;Syntax;Syntax;Syntax;Syntax;Syntax;Syntax;Syntax;Syntax;Syntax;Syntax;Syntax;Syntax;Syntax;Syntax;Syntax;Syntax;Syntax;Syntax;Syntax;Syntax;Syntax;Syntax;Syntax;Syntax;Syntax;Syntax;Syntax;Syntax;Syntax;Syntax;Syntax;Syntax;Syntax;Syntax;Syntax;Syntax;Syntax;Syntax;Syntax;Syntax;Syntax;Syntax;Syntax;Syntax;Syntax;Syntax,38,0,10.213,10.169,10.336,,True,1,1999年数学建模国赛真题+优秀论文/1999年国赛优秀论文/1999C：煤矸石堆积模型.pdf,primary,FD17ED40C59779200ED16509B7A56CFE60AB7492691994722E4A9F870A55915E,FD17ED40C59779200ED16509B7A56CFE60AB7492691994722E4A9F870A55915E,active,0,1035,1,unknown,The Ca lcula tion of the M in im um | Expen se for P il ing up Gangue,14.146,14.146,14.146,2026-08-18T00:06:15+08:00,167.56944444444446,475.0,1999
,,unknown,unknown,,,,2026-08-18T00:06:15+08:00,,0,0,,,0,,FORMAL,,,NOT_IN_G8_STATUS,,,,,catalog/papers.csv; catalog/paper_files.csv; catalog/scale/g8_paper_status.csv,unknown,,,,0,,,,,,No analyzable PAPER PDF selected; identity retained in full corpus inventory.,UNKNOWN,,,,,,,,CUMCM-2025-D-001,,NOT_ANALYZED,D,D,,,,,,,,True,1,2025年数学建模国赛真题+优秀论文/2025年数学建模国赛真题！/D题/D题.pdf,primary,280D690A1F78F5FF0889760592BF30DE903AC5144ED8491D59AE744E560C4AA8,280D690A1F78F5FF0889760592BF30DE903AC5144ED8491D59AE744E560C4AA8,active,,,0,unknown,,,,,2026-08-18T00:06:15+08:00,,,2025
0,0,unknown,unknown,,,,2026-08-18T00:06:15+08:00,KaiTi,1,0,0,0,1,0,FORMAL,Q3_MANUAL_REQUIRED,Q3,PAPER,0,0,277.6361111111111,787.0,catalog/papers.csv; catalog/paper_files.csv; catalog/scale/g8_paper_status.csv,unknown,False,0,0,1,,,,0,False,font_or_text_layer_not_reliable,PORTRAIT,3,,UNKNOWN,0,"1,2,3",,,CUMCM-1995-B-003,0.8,image_based,B,B,------------------------------------;KaiTi,0,0,,,,,True,1,1995年数学建模国赛真题+优秀论文/1995年国赛优秀论文/1995B：天车与冶炼炉的作业调度模型.pdf,primary,73DFF2EFA876FA71BF6116B33EBB94D9A115B32D5ED1EC3DA84EC79EBE934D41,73DFF2EFA876FA71BF6116B33EBB94D9A115B32D5ED1EC3DA84EC79EBE934D41,active,0,12,1,unknown,,,,,2026-08-18T00:06:15+08:00,203.90555555555554,578.0,1995
,,unknown,unknown,,,,2026-08-18T00:06:15+08:00,,0,0,,,0,,FORMAL,INELIGIBLE,,PROBLEM_PACKAGE,,,,,catalog/papers.csv; catalog/paper_files.csv; catalog/scale/g8_paper_status.csv,unknown,,,,0,,,,,,No analyzable PAPER PDF selected; identity retained in full corpus inventory.,UNKNOWN,,,,,,,,CUMCM-2005-B-001,,NOT_ANALYZED,B,B,,,,,,,,True,1,2005年数学建模国赛真题+优秀论文/2005年赛题/2005年国赛B题.doc,primary,54C3A89E2C50F86A29429057E71D469A034F77573C302B7A7D2C61239821B299,54C3A89E2C50F86A29429057E71D469A034F77573C302B7A7D2C61239821B299,active,,,0,unknown,,,,,2026-08-18T00:06:15+08:00,,,2005
0,0,unknown,unknown,,,,2026-08-18T00:06:15+08:00,KaiTi;Times New Roman,1,1,0,0,1,0,FORMAL,COMPLETE,Q2,PAPER,0,1,296.6861111111111,841.0,catalog/papers.csv; catalog/paper_files.csv; catalog/scale/g8_paper_status.csv,unknown,True,0,0,1,,,,0,False,,PORTRAIT,12,,UNKNOWN,0,,,,CUMCM-2002-A-003,0.75,text_based,A,A,------------------------------------;Times-Roman;KaiTi,0,0,,,,,True,1,2002年数学建模国赛真题+优秀论文/2002年优秀论文/2002A：车灯线光源的优化设计.pdf,primary,654FDAE1F1D62D35C5956A2A6912B3919CE04E4A7BC901543ABF6A69E2909033,654FDAE1F1D62D35C5956A2A6912B3919CE04E4A7BC901543ABF6A69E2909033,active,0,60,1,unknown,,,,,2026-08-18T00:06:15+08:00,209.90277777777777,595.0,2002
0,0,unknown,unknown,,,,2026-08-18T00:06:15+08:00,KaiTi;Times New Roman,1,1,0,0,1,0,FORMAL,COMPLETE,Q2,PAPER,0,1,296.6861111111111,841.0,catalog/papers.csv; catalog/paper_files.csv; catalog/scale/g8_paper_status.csv,unknown,True,0,0,1,,,,0,False,,PORTRAIT,8,,UNKNOWN,0,,,,CUMCM-2001-B-002,1.0,text_based,B,B,------------------------------------;Times-Roman;KaiTi,0,0,,,,,True,1,2001年数学建模国赛真题+优秀论文/2001年国赛优秀论文/2001B：对于公交汽车调度问题的求解.pdf,primary,89768B6C78A6018D0295F036222D968ADAD1387F555EE25E9ED6650D56533DD4,89768B6C78A6018D0295F036222D968ADAD1387F555EE25E9ED6650D56533DD4,active,0,40,1,unknown,,,,,2026-08-18T00:06:15+08:00,209.90277777777777,595.0,2001
1,0,unknown,unknown,18.196,18.196,18.196,2026-08-18T00:06:15+08:00,Helvetica;KaiTi;SimHei;SimSun/Song;SymbolMT-Identity-H;Times New Roman,1,1,291,0,1,1,FORMAL,COMPLETE,Q2,PAPER,0,1,297.00361111111107,841.9,catalog/papers.csv; catalog/paper_files.csv; catalog/scale/g8_paper_status.csv,unknown,True,0,1,1,31.75,31.75,31.75,25,False,,PORTRAIT,26,,BOTTOM,1,,,,CUMCM-2008-B-001,1.0,text_based,B,B,------------------------------------;UINSBS+TimesNewRomanPSMT-Identity-H;EZFPKV+SimHei-Identity-H;JGAGLG+SimSun-Identity-H;SimSun;KaiTi;QAJVCK+TimesNewRomanPS-ItalicMT-Identity-H;AQQRRJ+SymbolMT-Identity-H;Helvetica;RNCBEY+SymbolMT-Identity-H,230,1,-64.618,-64.618,-64.618,,True,1,2008年数学建模国赛真题+优秀论文/2008年优秀论文/2008B：《高校学费合理性研究》.PDF,primary,460E5C8E11DB978CC8C6D7163078862BC83F2A9D71C1FA2FCEA5984633E72EFB,460E5C8E11DB978CC8C6D7163078862BC83F2A9D71C1FA2FCEA5984633E72EFB,active,1,2472,1,unknown,高校学费合理性研究 | 高校学费合理性研究高校学费合理性研究高校学费合理性研究,25.569,25.4,29.295,2026-08-18T00:06:15+08:00,210.00861111111107,595.3,2008
0,0,unknown,unknown,,,,2026-08-18T00:06:15+08:00,KaiTi,1,0,0,0,1,0,FORMAL,Q3_MANUAL_REQUIRED,Q3,PAPER,0,0,275.8722222222222,782.0,catalog/papers.csv; catalog/paper_files.csv; catalog/scale/g8_paper_status.csv,unknown,False,0,0,1,,,,0,False,font_or_text_layer_not_reliable,PORTRAIT,7,,UNKNOWN,0,"1,2,3,4,5,6,7",,,CUMCM-1996-A-002,0.8,image_based,A,A,------------------------------------;KaiTi,0,0,,,,,True,1,1996年数学建模国赛真题+优秀论文/1996年国赛优秀论文/1996A：最优捕鱼策略的设计.pdf,primary,6F805577A835F96E739C0700C52008F4B788D8827B93E414FD6986BB4AF9566E,6F805577A835F96E739C0700C52008F4B788D8827B93E414FD6986BB4AF9566E,active,0,28,1,unknown,,,,,2026-08-18T00:06:15+08:00,200.02499999999998,567.0,1996
0,0,unknown,unknown,,,,2026-08-18T00:06:15+08:00,KaiTi,1,0,0,0,1,0,FORMAL,Q3_MANUAL_REQUIRED,Q3,PAPER,0,0,277.6361111111111,787.0,catalog/papers.csv; catalog/paper_files.csv; catalog/scale/g8_paper_status.csv,unknown,False,0,0,1,,,,0,False,font_or_text_layer_not_reliable,PORTRAIT,4,,UNKNOWN,0,"1,2,3,4",,,CUMCM-1995-A-002,0.8,image_based,A,A,------------------------------------;KaiTi,0,0,,,,,True,1,1995年数学建模国赛真题+优秀论文/1995年国赛优秀论文/1995A：飞行管理模型的线性化处理方法.pdf,primary,FC99E3CF0ADF0AAADA70632B01002D6D0B7792E8A50BB09C964E6B762DE27AC0,FC99E3CF0ADF0AAADA70632B01002D6D0B7792E8A50BB09C964E6B762DE27AC0,active,0,16,1,unknown,,,,,2026-08-18T00:06:15+08:00,203.90555555555554,578.0,1995
,,unknown,unknown,,,,2026-08-18T00:06:15+08:00,,0,0,,,0,,FORMAL,,,NOT_IN_G8_STATUS,,,,,catalog/papers.csv; catalog/paper_files.csv; catalog/scale/g8_paper_status.csv,unknown,,,,0,,,,,,No analyzable PAPER PDF selected; identity retained in full corpus inventory.,UNKNOWN,,,,,,,,CUMCM-2015-B-001,,NOT_ANALYZED,B,B,,,,,,,,True,1,2015年数学建模国赛真题+优秀论文/2015年优秀论文/2015B：互联网+_时代的出租车资源配置 (5).pdf,primary,E25E78987E2128F6D30011825C0BD0101CDCAE4F70F46E6190DD8EEB9BB53C94,E25E78987E2128F6D30011825C0BD0101CDCAE4F70F46E6190DD8EEB9BB53C94,active,,,0,unknown,,,,,2026-08-18T00:06:15+08:00,,,2015
0,0,unknown,unknown,,,,2026-08-18T00:06:15+08:00,Times New Roman,1,1,0,0,1,0,FORMAL,COMPLETE,Q2,PAPER,0,1,259.9266666666666,736.8,catalog/papers.csv; catalog/paper_files.csv; catalog/scale/g8_paper_status.csv,unknown,False,0,0,1,,,,0,False,,PORTRAIT,7,,UNKNOWN,0,,,,CUMCM-2005-B-002,1.0,text_based,B,B,------------------------------------;Times-Roman,0,0,,,,,True,1,2005年数学建模国赛真题+优秀论文/2005年国赛优秀论文/2005B：DVD在线租赁系统的优化设计.pdf,primary,130F5D4D0078B38BE1A83849E943EB5B5F79AFFF37CF5198D16B16A9BEA5F030,130F5D4D0078B38BE1A83849E943EB5B5F79AFFF37CF5198D16B16A9BEA5F030,active,0,28,1,unknown,,,,,2026-08-18T00:06:15+08:00,200.4906666666667,568.32,2005
0,0,unknown,unknown,,,,2026-08-18T00:06:15+08:00,KaiTi,1,0,0,0,1,0,FORMAL,Q3_MANUAL_REQUIRED,Q3,PAPER,0,0,281.1638888888889,797.0,catalog/papers.csv; catalog/paper_files.csv; catalog/scale/g8_paper_status.csv,unknown,False,0,0,1,,,,0,False,font_or_text_layer_not_reliable,PORTRAIT,5,,UNKNOWN,0,"1,2,3,4,5",,,CUMCM-2004-A-001,0.8,image_based,A,A,------------------------------------;KaiTi,0,0,,,,,True,1,2004年数学建模国赛真题+优秀论文/2004优秀论文/2004A：奥运场馆中临时商业网点设计中的数学模型化方法.pdf,primary,6F59C6F99C2E72BEF73A7409BE8FED8F6261D92FEDEFB1EEBE05E40979F4B328,6F59C6F99C2E72BEF73A7409BE8FED8F6261D92FEDEFB1EEBE05E40979F4B328,active,0,25,1,unknown,,,,,2026-08-18T00:06:15+08:00,199.67222222222222,566.0,2004
,,unknown,unknown,,,,2026-08-18T00:06:15+08:00,,0,0,,,0,,FORMAL,INELIGIBLE,,PROBLEM_PACKAGE,,,,,catalog/papers.csv; catalog/paper_files.csv; catalog/scale/g8_paper_status.csv,unknown,,,,0,,,,,,No analyzable PAPER PDF selected; identity retained in full corpus inventory.,UNKNOWN,,,,,,,,CUMCM-2016-A-001,,NOT_ANALYZED,A,A,,,,,,,,True,1,2016年数学建模国赛真题+优秀论文/2016年赛题/2016年国赛A题.doc,primary,355E40C1CB6D5E9500779EF88896BAE568CD5418706825D6F66F68E07D92F910,355E40C1CB6D5E9500779EF88896BAE568CD5418706825D6F66F68E07D92F910,active,,,0,unknown,,,,,2026-08-18T00:06:15+08:00,,,2016
0,0,unknown,unknown,,,,2026-08-18T00:06:15+08:00,KaiTi;Times New Roman,1,1,0,0,1,0,FORMAL,COMPLETE,Q2,PAPER,0,1,296.6861111111111,841.0,catalog/papers.csv; catalog/paper_files.csv; catalog/scale/g8_paper_status.csv,unknown,True,0,0,1,,,,0,False,,PORTRAIT,6,,UNKNOWN,0,,,,CUMCM-2001-A-003,1.0,text_based,A,A,------------------------------------;Times-Roman;KaiTi,0,0,,,,,True,1,2001年数学建模国赛真题+优秀论文/2001年国赛优秀论文/2001A：利用切片的二维空间相关操作实现血管的三维重建.pdf,primary,18A6A74D30B7CD29755E3D5554050A17B596A8774C7AB6BFAAAA0D01D2FD4E01,18A6A74D30B7CD29755E3D5554050A17B596A8774C7AB6BFAAAA0D01D2FD4E01,active,0,30,1,unknown,,,,,2026-08-18T00:06:15+08:00,209.90277777777777,595.0,2001
,,unknown,unknown,,,,2026-08-18T00:06:15+08:00,,0,0,,,0,,FORMAL,INELIGIBLE,,SUPPORTING_MATERIAL,,,,,catalog/papers.csv; catalog/paper_files.csv; catalog/scale/g8_paper_status.csv,unknown,,,,0,,,,,,No analyzable PAPER PDF selected; identity retained in full corpus inventory.,UNKNOWN,,,,,,,,CUMCM-2011-D-003,,NOT_ANALYZED,D,D,,,,,,,,True,1,2011年数学建模国赛真题+优秀论文/2011年优秀论文/2011D：天然肠衣搭配问题(1)/三级降二级降级12.lg4,primary,7382CC0E36E4F001DB6538022754F1D85B028E76411B958F076A86BF3DDF6EB2,7382CC0E36E4F001DB6538022754F1D85B028E76411B958F076A86BF3DDF6EB2,active,,,0,unknown,,,,,2026-08-18T00:06:15+08:00,,,2011
,,unknown,unknown,,,,2026-08-18T00:06:15+08:00,,0,0,,,0,,FORMAL,INELIGIBLE,,PROBLEM_PACKAGE,,,,,catalog/papers.csv; catalog/paper_files.csv; catalog/scale/g8_paper_status.csv,unknown,,,,0,,,,,,No analyzable PAPER PDF selected; identity retained in full corpus inventory.,UNKNOWN,,,,,,,,CUMCM-2023-A-001,,NOT_ANALYZED,A,A,,,,,,,,True,1,2023年数学建模国赛真题+优秀论文/2023赛题/A题/A题.pdf,primary,3E2507025F0A776E3BA8E340E646D2105896482B055CDD6A22862DEDBF89311B,3E2507025F0A776E3BA8E340E646D2105896482B055CDD6A22862DEDBF89311B,active,,,0,unknown,,,,,2026-08-18T00:06:15+08:00,,,2023
1,1,unknown,unknown,18.221,18.221,18.221,2026-08-18T00:06:15+08:00,Calibri;Cambria;MT-Extra;SimHei;SimSun/Song;SymbolMT;Times New Roman,1,1,859,15,1,1,FORMAL,COMPLETE,Q2,PAPER,0,0,297.00361111111107,841.9,catalog/papers.csv; catalog/paper_files.csv; catalog/scale/g8_paper_status.csv,unknown,True,0,1,1,31.75,31.75,31.75,49,False,,PORTRAIT,51,,BOTTOM,1,51,,,CUMCM-2017-B-001,0.76,mixed,B,B,------------------------------------;XEKKFX+SimHei;LNUHNF+SimSun;ZLXSHE+Calibri;TYEPLS+TimesNewRomanPS-ItalicMT;AUWCNV+TimesNewRomanPSMT;TZCMBP+SymbolMT;MUFUVC+MT-Extra;DCWGQU+CambriaMath;TVOIEN+Calibri-Bold,242,1,31.659,29.627,32.804,,True,1,2017年数学建模国赛真题+优秀论文/2017年优秀论文/2017B：“拍照赚钱”的任务定价 (3).pdf,primary,868338C91C96EF687737C15C64C042945F2ED7BCB7D534F7FCF9F84E85426550,868338C91C96EF687737C15C64C042945F2ED7BCB7D534F7FCF9F84E85426550,active,7,3057,1,unknown,基于聚类分析的双目标优化定价模型 | 建立数学模型，就 APP 中的任务定价问题进行分析，给出最优的任务定价方案。,25.753,25.46,28.287,2026-08-18T00:06:15+08:00,210.00861111111107,595.3,2017
,,unknown,unknown,,,,2026-08-18T00:06:15+08:00,,0,0,,,0,,FORMAL,INELIGIBLE,UNKNOWN,SUPPORTING_MATERIAL,,,,,catalog/papers.csv; catalog/paper_files.csv; catalog/scale/g8_paper_status.csv,unknown,,,,0,,,,,,No analyzable PAPER PDF selected; identity retained in full corpus inventory.,UNKNOWN,,,,,,,,CUMCM-2013-C-001,,NOT_ANALYZED,C,C,,,,,,,,True,1,2013年数学建模国赛真题+优秀论文/2013C：古塔的变形/qvlv.asv,primary,D9C462EF2B412A69EB0B9400EE8D72AFB933B2BAED4F6D0688A5457290B2CA1F,D9C462EF2B412A69EB0B9400EE8D72AFB933B2BAED4F6D0688A5457290B2CA1F,active,,,0,unknown,,,,,2026-08-18T00:06:15+08:00,,,2013
0,0,unknown,unknown,,,,2026-08-18T00:06:15+08:00,KaiTi,1,0,0,0,1,0,FORMAL,Q3_MANUAL_REQUIRED,Q3,PAPER,0,0,297.0388888888889,842.0,catalog/papers.csv; catalog/paper_files.csv; catalog/scale/g8_paper_status.csv,unknown,True,0,0,1,,,,0,False,font_or_text_layer_not_reliable,PORTRAIT,25,,UNKNOWN,0,"1,2,3,4,5,6,7,8,9,10,11,12,13,14,15,16,17,18,19,20,21,22,23,24,25",,,CUMCM-2010-A-001,0.8,image_based,A,A,------------------------------------;KaiTi,0,0,,,,,True,1,2010年数学建模国赛真题+优秀论文/2010年优秀论文/2010A：储油罐的变位识别与罐容表标定.pdf,primary,82D81045ACEC41137B7306AD1AF0ACD0AFF2948811DDC58A8E8F31CAA0A15649,82D81045ACEC41137B7306AD1AF0ACD0AFF2948811DDC58A8E8F31CAA0A15649,active,0,75,1,unknown,,,,,2026-08-18T00:06:15+08:00,209.90277777777777,595.0,2010
0,0,unknown,unknown,70.73,70.73,70.73,2026-08-18T00:06:15+08:00,KaiTi;SimSun/Song,1,0,0,0,1,0,FORMAL,Q3_MANUAL_REQUIRED,Q3,PAPER,0,1,297.0388888888889,842.0,catalog/papers.csv; catalog/paper_files.csv; catalog/scale/g8_paper_status.csv,unknown,True,0,0,1,38.059,38.059,38.059,8,False,font_or_text_layer_not_reliable,PORTRAIT,9,,UNKNOWN,0,"1,2,3,4,5,6,7,8,9",,,CUMCM-2007-D-001,0.8,image_based,D,D,------------------------------------;ASJDZV+SimSun;SimSun;SimSun;KaiTi,0,0,-3.308,-3.308,-3.308,,True,1,2007年数学建模国赛真题+优秀论文/2007年优秀论文/2007D：《体能测试时间安排》 (2).pdf,primary,E8393E9EE254C5D460217EF068984FFB039E7EB41A868CE64E2C6E6C281CE24E,E8393E9EE254C5D460217EF068984FFB039E7EB41A868CE64E2C6E6C281CE24E,active,0,81,1,unknown,http://www.madio.net | 数学中国www.madio.net,80.998,80.998,80.998,2026-08-18T00:06:15+08:00,209.90277777777777,595.0,2007
0,0,unknown,unknown,,,,2026-08-18T00:06:15+08:00,KaiTi,1,0,0,0,1,0,FORMAL,Q3_MANUAL_REQUIRED,Q3,PAPER,0,0,275.8722222222222,782.0,catalog/papers.csv; catalog/paper_files.csv; catalog/scale/g8_paper_status.csv,unknown,False,0,0,1,,,,0,False,font_or_text_layer_not_reliable,PORTRAIT,4,,UNKNOWN,0,"1,2,3,4",,,CUMCM-1996-A-003,0.8,image_based,A,A,------------------------------------;KaiTi,0,0,,,,,True,1,1996年数学建模国赛真题+优秀论文/1996年国赛优秀论文/1996A：最优捕鱼模型.pdf,primary,158A530FEF7ED58BC95791D2CFF58F18D59698707D44775CE5C8FD87EA7EDC8B,158A530FEF7ED58BC95791D2CFF58F18D59698707D44775CE5C8FD87EA7EDC8B,active,0,16,1,unknown,,,,,2026-08-18T00:06:15+08:00,200.02499999999998,567.0,1996
0,0,unknown,unknown,,,,2026-08-18T00:06:15+08:00,KaiTi;Times New Roman,1,1,0,0,1,0,FORMAL,COMPLETE,Q2,PAPER,0,1,296.6861111111111,841.0,catalog/papers.csv; catalog/paper_files.csv; catalog/scale/g8_paper_status.csv,unknown,True,0,0,1,,,,0,False,,PORTRAIT,6,,UNKNOWN,0,,,,CUMCM-2001-A-004,1.0,text_based,A,A,------------------------------------;Times-Roman;KaiTi,0,0,,,,,True,1,2001年数学建模国赛真题+优秀论文/2001年国赛优秀论文/2001A：血管的三维重建.pdf,primary,837CAB0005C66E81BEA3920EB9DADCB3FBDB7283AE336CE37DE9DFF663E114E3,837CAB0005C66E81BEA3920EB9DADCB3FBDB7283AE336CE37DE9DFF663E114E3,active,0,30,1,unknown,,,,,2026-08-18T00:06:15+08:00,209.90277777777777,595.0,2001
,,unknown,unknown,,,,2026-08-18T00:06:15+08:00,,0,0,,,0,,FORMAL,COMPLETE,UNKNOWN,PAPER,,,,,catalog/papers.csv; catalog/paper_files.csv; catalog/scale/g8_paper_status.csv,unknown,,,,0,,,,,,No analyzable PAPER PDF selected; identity retained in full corpus inventory.,UNKNOWN,,,,,,,,CUMCM-2012-D-001,,NOT_ANALYZED,D,D,,,,,,,,True,1,2012年数学建模国赛真题+优秀论文/2012年优秀论文/2012D：机器人避障问题 (2).doc,primary,D93A9A6A9DE012927F8A5D4B36E1768CA3F6AFFB6952673F40FE2740D4032766,D93A9A6A9DE012927F8A5D4B36E1768CA3F6AFFB6952673F40FE2740D4032766,active,,,0,unknown,,,,,2026-08-18T00:06:15+08:00,,,2012
0,0,unknown,unknown,70.73,70.73,70.73,2026-08-18T00:06:15+08:00,KaiTi;SimSun/Song,1,0,0,0,1,0,FORMAL,Q3_MANUAL_REQUIRED,Q3,PAPER,0,0,297.0388888888889,842.0,catalog/papers.csv; catalog/paper_files.csv; catalog/scale/g8_paper_status.csv,unknown,True,0,0,1,38.059,38.059,38.059,33,False,font_or_text_layer_not_reliable,PORTRAIT,34,,UNKNOWN,0,"1,2,3,4,5,6,7,8,9,10,11,12,13,14,15,16,17,18,19,20,21,22,23,24,25,26,27,28,29,30,31,32,33,34",,,CUMCM-2008-A-001,0.8,image_based,A,A,------------------------------------;SimSun;KaiTi,0,0,-64.586,-64.586,-64.586,,True,1,2008年数学建模国赛真题+优秀论文/2008年优秀论文/2008A：《数码相机定位》.pdf,primary,63BB2ECB599BBDD888332E730798509519A7B48B82E20808BC0F664844A7E6DC,63BB2ECB599BBDD888332E730798509519A7B48B82E20808BC0F664844A7E6DC,active,0,170,1,unknown,,126.838,126.838,126.838,2026-08-18T00:06:15+08:00,209.90277777777777,595.0,2008
,,unknown,unknown,,,,2026-08-18T00:06:15+08:00,,0,0,,,0,,FORMAL,INELIGIBLE,,PROBLEM_PACKAGE,,,,,catalog/papers.csv; catalog/paper_files.csv; catalog/scale/g8_paper_status.csv,unknown,,,,0,,,,,,No analyzable PAPER PDF selected; identity retained in full corpus inventory.,UNKNOWN,,,,,,,,CUMCM-2019-D-001,,NOT_ANALYZED,D,D,,,,,,,,True,1,2019年数学建模国赛真题+优秀论文/2019年赛题/2019年国赛D题 .pdf,primary,6FBC20B8AFC21B09BDB5D156F6850932DB9CC980D1591564379F6BD2E6FA50A3,6FBC20B8AFC21B09BDB5D156F6850932DB9CC980D1591564379F6BD2E6FA50A3,active,,,0,unknown,,,,,2026-08-18T00:06:15+08:00,,,2019
1,1,unknown,unknown,21.632,21.632,21.632,2026-08-18T00:06:15+08:00,Arial;Calibri;KaiTi;MT-Extra;PMingLiU;SimHei;SimSun/Song;Tiger;Times New Roman,1,1,363,9,1,0,FORMAL,COMPLETE,Q2,PAPER,0,0,297.053,842.04,catalog/papers.csv; catalog/paper_files.csv; catalog/scale/g8_paper_status.csv,unknown,True,0,1,1,25.019,25.019,25.019,26,False,,PORTRAIT,27,,BOTTOM,1,,,,CUMCM-2008-A-002,1.0,text_based,A,A,------------------------------------;PLAZZO+SimSun;TimesNewRomanPSMT;ZLSXJU+SimSun;CAEKZO+STKaiti;SimSun;KaiTi;ANBTXS+SimHei;FFMXPI+SimHei;Arial-BoldMT;UZAERE+PMingLiU;ArialMT;AGWJXS+Tiger;XEIRHY+Calibri;TimesNewRomanPS-ItalicMT;TimesNewRomanPSMT;KIUMHY+AdobeSongStd-Light;FGFIPI+MT-Extra,133,1,-64.62,-64.62,-64.62,,True,1,2008年数学建模国赛真题+优秀论文/2008年优秀论文/2008A：数码相机定位 (2).pdf,primary,71D2F1578C19C361500DAEC8DF01DE19BA5BE94F862199D53FFA13228DB71637,71D2F1578C19C361500DAEC8DF01DE19BA5BE94F862199D53FFA13228DB71637,active,4,2988,1,unknown,上咨询等）与队外的任何人（包括指导教师）研究、讨论与赛题有关的问题。,25.019,25.019,25.019,2026-08-18T00:06:15+08:00,210.01566666666668,595.32,2008
0,0,unknown,unknown,,,,2026-08-18T00:06:15+08:00,KaiTi;Times New Roman,1,1,0,0,1,0,FORMAL,COMPLETE,Q2,PAPER,0,1,296.6861111111111,841.0,catalog/papers.csv; catalog/paper_files.csv; catalog/scale/g8_paper_status.csv,unknown,True,0,0,1,,,,0,False,,PORTRAIT,7,,UNKNOWN,0,,,,CUMCM-2001-A-005,1.0,text_based,A,A,------------------------------------;Times-Roman;KaiTi,0,0,,,,,True,1,2001年数学建模国赛真题+优秀论文/2001年国赛优秀论文/2001A：管道切片的三维重建.pdf,primary,8EB51A5D0FD04F9201EF7115341250090E6F5368B508F1184D0579C529DFCE2E,8EB51A5D0FD04F9201EF7115341250090E6F5368B508F1184D0579C529DFCE2E,active,0,35,1,unknown,,,,,2026-08-18T00:06:15+08:00,209.90277777777777,595.0,2001
,,unknown,unknown,,,,2026-08-18T00:06:15+08:00,,0,0,,,0,,FORMAL,INELIGIBLE,,SUPPORTING_MATERIAL,,,,,catalog/papers.csv; catalog/paper_files.csv; catalog/scale/g8_paper_status.csv,unknown,,,,0,,,,,,No analyzable PAPER PDF selected; identity retained in full corpus inventory.,UNKNOWN,,,,,,,,CUMCM-2011-D-004,,NOT_ANALYZED,D,D,,,,,,,,True,1,2011年数学建模国赛真题+优秀论文/2011年优秀论文/2011D：天然肠衣搭配问题(1)/规格2步骤24.lg4,primary,CE69E3EF82BFF7AD61B7BC8E5988DFC869C8E026EFE8491312E1AA99805F154E,CE69E3EF82BFF7AD61B7BC8E5988DFC869C8E026EFE8491312E1AA99805F154E,active,,,0,unknown,,,,,2026-08-18T00:06:15+08:00,,,2011
1,1,unknown,unknown,21.81,21.81,21.81,2026-08-18T00:06:15+08:00,Arial;KaiTi;SimHei;SimSun/Song;SymbolMT;Times New Roman,1,1,1397,22,1,0,FORMAL,COMPLETE,Q2,PAPER,0,0,297.0106666666666,841.92,catalog/papers.csv; catalog/paper_files.csv; catalog/scale/g8_paper_status.csv,unknown,True,0,1,1,31.758,31.758,31.758,42,False,,PORTRAIT,43,,BOTTOM,1,,,,CUMCM-2018-A-002,1.0,text_based,A,A,------------------------------------;BCDEEE+SimHei;BCDFEE+SimHei;TimesNewRomanPSMT;BCDGEE+SimSun;TimesNewRomanPS-ItalicMT;BCDHEE+SimSun;KaiTi;SymbolMT;ArialMT;TimesNewRomanPS-BoldMT;TimesNewRomanPS-BoldItalicMT,45,1,31.699,29.746,37.196,,True,1,2018年数学建模国赛真题+优秀论文/2018年优秀论文/2018A：高温作业专用服装设计.pdf,primary,EEF9B9FB1DCCF67C1DAB44779AD25A7F28C57401162B04473F31D60492337EC3,EEF9B9FB1DCCF67C1DAB44779AD25A7F28C57401162B04473F31D60492337EC3,active,5,4125,1,unknown,高温作业专用服装设计 | 本文主要研究高温作业专用服装设计，以Fourier定律和能量守恒定律为理,25.569,25.569,27.95,2026-08-18T00:06:15+08:00,210.01566666666668,595.32,2018
1,1,unknown,unknown,22.712,22.712,22.712,2026-08-18T00:06:15+08:00,Arial;Cambria;DengXian-Regular;Monospace;SimHei;SimSun/Song;Syntax;Times New Roman,1,1,507,16,1,0,FORMAL,COMPLETE,Q2,PAPER,0,0,297.0106666666666,841.92,catalog/papers.csv; catalog/paper_files.csv; catalog/scale/g8_paper_status.csv,unknown,True,0,1,1,31.75,31.75,31.75,28,False,,PORTRAIT,29,,BOTTOM,1,,,,CUMCM-2017-A-002,1.0,text_based,A,A,------------------------------------;SOLQWO+SimHei;NQIWEY+SimSun;CYMTGU+CambriaMath;RCDKIQ+SimSun;OQLNSW+SimHei;HQXXYK+CambriaMath;TimesNewRomanPSMT;ArialMT;CourierNewPSMT;JBUEAG+DengXian-Regular;Syntax,55,1,31.348,29.613,31.755,,True,1,2017年数学建模国赛真题+优秀论文/2017年优秀论文/2017A：CT系统参数标定及成像  (5).pdf,primary,60D2FAD35BC8C320AF9A1BACE782AA300B1F57F30105D6BB2311684001B7EC50,60D2FAD35BC8C320AF9A1BACE782AA300B1F57F30105D6BB2311684001B7EC50,active,4,1839,1,unknown,基于单目标优化模型和图像重建算法的 CT 系统研究 | 器单元距离和射线的 180 个方向。根据标定的系统参数，求出了与接收数据对应,25.421,25.421,25.569,2026-08-18T00:06:15+08:00,210.01566666666668,595.32,2017
,,unknown,unknown,,,,2026-08-18T00:06:15+08:00,,0,0,,,0,,FORMAL,INELIGIBLE,,SUPPORTING_MATERIAL,,,,,catalog/papers.csv; catalog/paper_files.csv; catalog/scale/g8_paper_status.csv,unknown,,,,0,,,,,,No analyzable PAPER PDF selected; identity retained in full corpus inventory.,UNKNOWN,,,,,,,,CUMCM-2012-D-002,,NOT_ANALYZED,D,D,,,,,,,,True,1,2012年数学建模国赛真题+优秀论文/2012年优秀论文/2012D：机器人避障问题 (1)/kxljmethod1.fig,primary,2143F70559273FB30EE6B50155A1E7E08C64AF8BA0A4C761B5D7F8EDA33CA93D,2143F70559273FB30EE6B50155A1E7E08C64AF8BA0A4C761B5D7F8EDA33CA93D,active,,,0,unknown,,,,,2026-08-18T00:06:15+08:00,,,2012
1,1,unknown,unknown,19.502,19.502,19.502,2026-08-18T00:06:15+08:00,Arial;KaiTi;MTExtra;SimHei;SimSun/Song;SymbolMT;Times New Roman;Wingdings-Regular,1,1,551,17,1,1,FORMAL,COMPLETE,Q2,PAPER,0,0,297.0388888888889,842.0,catalog/papers.csv; catalog/paper_files.csv; catalog/scale/g8_paper_status.csv,unknown,True,0,1,1,25.019,25.019,25.019,23,False,,PORTRAIT,24,,UNKNOWN,0,,,,CUMCM-2007-A-001,1.0,text_based,A,A,------------------------------------;HKECKJ+SimHei;HKECNJ+SimSun;TimesNewRomanPSMT;SimSun;KaiTi;HKEELA+SymbolMT;TimesNewRomanPS-ItalicMT;HKEIEL+MTExtra;TimesNewRomanPS-BoldMT;HKELLL+Wingdings-Regular;Arial-BoldMT;ArialMT;HKENCG+NSimSun,108,1,-3.308,-3.308,-3.308,,True,1,2007年数学建模国赛真题+优秀论文/2007年优秀论文/2007A：《中国人口增长预测模型》 (3).pdf,primary,88E3E71E000B6FF6DF5B4D0F47A7003C72698795524DBF97F78D4D7A97E7DB2E,88E3E71E000B6FF6DF5B4D0F47A7003C72698795524DBF97F78D4D7A97E7DB2E,active,3,1978,1,unknown,中国人口增长预测模型 | 1.摘要,26.578,25.04,28.152,2026-08-18T00:06:15+08:00,209.98038888888888,595.22,2007
0,0,unknown,unknown,,,,2026-08-18T00:06:15+08:00,KaiTi;Times New Roman,1,1,0,0,1,0,FORMAL,COMPLETE,Q2,PAPER,0,1,296.6861111111111,841.0,catalog/papers.csv; catalog/paper_files.csv; catalog/scale/g8_paper_status.csv,unknown,True,0,0,1,,,,0,False,,PORTRAIT,10,,UNKNOWN,0,,,,CUMCM-2003-A-002,1.0,text_based,A,A,------------------------------------;Times-Roman;KaiTi,0,0,,,,,True,1,2003年数学建模国赛真题+优秀论文/2003年优秀论文/2003A：SARS传播预测的数学模型.pdf,primary,09FAC486AFB2A0AF905E373CF070497044B24FC21413D803B5DF8AC174CF61FC,09FAC486AFB2A0AF905E373CF070497044B24FC21413D803B5DF8AC174CF61FC,active,0,50,1,unknown,,,,,2026-08-18T00:06:15+08:00,209.90277777777777,595.0,2003
,,unknown,unknown,,,,2026-08-18T00:06:15+08:00,,0,0,,,0,,FORMAL,INELIGIBLE,,SUPPORTING_MATERIAL,,,,,catalog/papers.csv; catalog/paper_files.csv; catalog/scale/g8_paper_status.csv,unknown,,,,0,,,,,,No analyzable PAPER PDF selected; identity retained in full corpus inventory.,UNKNOWN,,,,,,,,CUMCM-2011-D-005,,NOT_ANALYZED,D,D,,,,,,,,True,1,2011年数学建模国赛真题+优秀论文/2011年优秀论文/2011D：天然肠衣搭配问题(1)/规格3步骤210.lg4,primary,399E82DE60BC9E990161E57186D1406D4C1720FF58A9A49E73AE3AB1DCD0F230,399E82DE60BC9E990161E57186D1406D4C1720FF58A9A49E73AE3AB1DCD0F230,active,,,0,unknown,,,,,2026-08-18T00:06:15+08:00,,,2011
0,0,unknown,unknown,,,,2026-08-18T00:06:15+08:00,KaiTi,1,0,0,0,1,0,FORMAL,Q3_MANUAL_REQUIRED,Q3,PAPER,0,0,281.1638888888889,797.0,catalog/papers.csv; catalog/paper_files.csv; catalog/scale/g8_paper_status.csv,unknown,False,0,0,1,,,,0,False,font_or_text_layer_not_reliable,PORTRAIT,8,,UNKNOWN,0,"1,2,3,4,5,6,7,8",,,CUMCM-2004-A-002,0.8,image_based,A,A,------------------------------------;KaiTi,0,0,,,,,True,1,2004年数学建模国赛真题+优秀论文/2004优秀论文/2004A：基于利润最大化的奥运商业网点分布微观经济模型.pdf,primary,A9AFF4DFFDE81387E07556BB097E5A807D78414DF8FCDE889CBCEF7C5D70E83E,A9AFF4DFFDE81387E07556BB097E5A807D78414DF8FCDE889CBCEF7C5D70E83E,active,0,41,1,unknown,,,,,2026-08-18T00:06:15+08:00,199.67222222222222,566.0,2004
,,unknown,unknown,,,,2026-08-18T00:06:15+08:00,,0,0,,,0,,FORMAL,INELIGIBLE,,SUPPORTING_MATERIAL,,,,,catalog/papers.csv; catalog/paper_files.csv; catalog/scale/g8_paper_status.csv,unknown,,,,0,,,,,,No analyzable PAPER PDF selected; identity retained in full corpus inventory.,UNKNOWN,,,,,,,,CUMCM-2011-D-006,,NOT_ANALYZED,D,D,,,,,,,,True,1,2011年数学建模国赛真题+优秀论文/2011年优秀论文/2011D：天然肠衣搭配问题(1)/方案1规格1.lg4,primary,D256EA9CFF9356B1A472AA820883D1B9FA68827B29BC69AC79C2E01342491E65,D256EA9CFF9356B1A472AA820883D1B9FA68827B29BC69AC79C2E01342491E65,active,,,0,unknown,,,,,2026-08-18T00:06:15+08:00,,,2011
,,unknown,unknown,,,,2026-08-18T00:06:15+08:00,,0,0,,,0,,FORMAL,,,NOT_IN_G8_STATUS,,,,,catalog/papers.csv; catalog/paper_files.csv; catalog/scale/g8_paper_status.csv,unknown,,,,0,,,,,,No analyzable PAPER PDF selected; identity retained in full corpus inventory.,UNKNOWN,,,,,,,,CUMCM-2015-D-002,,NOT_ANALYZED,D,D,,,,,,,,True,1,2015年数学建模国赛真题+优秀论文/2015年赛题/2015年国赛D题.doc,primary,6654537F357520596A54FB116301F419B889C355D6672B771B97F12592EE0AA0,6654537F357520596A54FB116301F419B889C355D6672B771B97F12592EE0AA0,active,,,0,unknown,,,,,2026-08-18T00:06:15+08:00,,,2015
0,0,unknown,unknown,,,,2026-08-18T00:06:15+08:00,KaiTi;SimSun/Song;Times New Roman,1,1,0,0,1,0,FORMAL,COMPLETE,Q2,PAPER,0,0,279.75277777777774,793.0,catalog/papers.csv; catalog/paper_files.csv; catalog/scale/g8_paper_status.csv,unknown,False,0,0,1,,,,0,False,,PORTRAIT,2,,UNKNOWN,0,,,,CUMCM-1998-A-001,1.0,text_based,A,A,------------------------------------;STSong-Light;Times-Roman;KaiTi,0,0,,,,,True,1,1998年数学建模国赛真题+优秀论文/1998年国赛优秀论文/1998A：投资收益与风险的优化模型.pdf,primary,4A2874E66796AC3E5CEF35A48C2A4BB0E73094E824DE2335C0091F86EE51AC27,4A2874E66796AC3E5CEF35A48C2A4BB0E73094E824DE2335C0091F86EE51AC27,active,0,8,1,unknown,,,,,2026-08-18T00:06:15+08:00,210.9611111111111,598.0,1998
,,unknown,unknown,,,,2026-08-18T00:06:15+08:00,,0,0,,,0,,FORMAL,INELIGIBLE,,SUPPORTING_MATERIAL,,,,,catalog/papers.csv; catalog/paper_files.csv; catalog/scale/g8_paper_status.csv,unknown,,,,0,,,,,,No analyzable PAPER PDF selected; identity retained in full corpus inventory.,UNKNOWN,,,,,,,,CUMCM-2012-D-003,,NOT_ANALYZED,D,D,,,,,,,,True,1,2012年数学建模国赛真题+优秀论文/2012年优秀论文/2012D：机器人避障问题 (1)/dykxlj1.fig,primary,AC28C45674D3368868D2B51EA1AF11D75441B2F2718BFCEBBEB6311E22F9DDFB,AC28C45674D3368868D2B51EA1AF11D75441B2F2718BFCEBBEB6311E22F9DDFB,active,,,0,unknown,,,,,2026-08-18T00:06:15+08:00,,,2012
0,0,unknown,unknown,,,,2026-08-18T00:06:15+08:00,KaiTi;Times New Roman,1,1,0,0,1,0,FORMAL,COMPLETE,Q2,PAPER,0,1,296.6861111111111,841.0,catalog/papers.csv; catalog/paper_files.csv; catalog/scale/g8_paper_status.csv,unknown,True,0,0,1,,,,0,False,,PORTRAIT,5,,UNKNOWN,0,,,,CUMCM-2002-A-004,1.0,text_based,A,A,------------------------------------;Times-Roman;KaiTi,0,0,,,,,True,1,2002年数学建模国赛真题+优秀论文/2002年优秀论文/2002A：车灯线光源的优化设计(1).pdf,primary,08F6F1C51837E3D9C12D40DD967F15B2C2148E1C1312C08AF6701A52AF748CFD,08F6F1C51837E3D9C12D40DD967F15B2C2148E1C1312C08AF6701A52AF748CFD,active,0,25,1,unknown,,,,,2026-08-18T00:06:15+08:00,209.90277777777777,595.0,2002
1,1,unknown,unknown,18.274,18.274,18.274,2026-08-18T00:06:15+08:00,Monospace;Symbol;Times New Roman,1,1,736,0,1,1,FORMAL,COMPLETE,Q2,PAPER,0,0,297.1270833333333,842.25,catalog/papers.csv; catalog/paper_files.csv; catalog/scale/g8_paper_status.csv,unknown,True,0,1,1,31.794,31.794,31.794,18,False,,PORTRAIT,19,,BOTTOM,1,,,,CUMCM-2011-A-001,1.0,text_based,A,A,------------------------------------;Times;Times;ABCDEE+Courier;Times;Symbol,27,1,31.212,29.179,31.51,,True,1,2011年数学建模国赛真题+优秀论文/2011年优秀论文/2011A：城市表层土壤重金属污染分析（7）.pdf,primary,3D58DB4E99A3E3202142EB77E537132421D37B81F6636360331B0A7D19E17F0E,3D58DB4E99A3E3202142EB77E537132421D37B81F6636360331B0A7D19E17F0E,active,6,2430,1,unknown,,26.129,25.428,27.536,2026-08-18T00:06:15+08:00,210.07916666666665,595.5,2011
0,0,unknown,unknown,,,,2026-08-18T00:06:15+08:00,KaiTi,1,0,0,0,1,0,FORMAL,Q3_MANUAL_REQUIRED,Q3,PAPER,0,0,285.115,808.2,catalog/papers.csv; catalog/paper_files.csv; catalog/scale/g8_paper_status.csv,unknown,False,0,0,1,,,,0,False,font_or_text_layer_not_reliable,PORTRAIT,104,,UNKNOWN,0,"1,2,3,4,5,6,7,8,9,10,11,12,13,14,15,16,17,18,19,20,21,22,23,24,25,26,27,28,29,30,31,32,33,34,35,36,37,38,39,40,41,42,43,44,45,46,47,48,49,50,51,52,53,54,55,56,57,58,59,60,61,62,63,64,65,66,67,68,69,70,71,72,73,74,75,76,77,78,79,80,81,82,83,84,85,86,87,88,89,90,91,92,93,94,95,96,97,98,99,100,101,102,103,104",,,CUMCM-2020-B-002,0.8,image_based,B,B,------------------------------------;KaiTi,0,0,,,,,True,1,2020年数学建模国赛真题+优秀论文/2020年优秀论文/2020B：基于动态规划、统计分析、静态博弈的穿越沙漠游戏策咯设计.pdf,primary,26781A9C92E48A6FD495960C27AEB6E66B1C0A2A89DB7F07BD6C0362A68E6A9E,26781A9C92E48A6FD495960C27AEB6E66B1C0A2A89DB7F07BD6C0362A68E6A9E,active,0,312,1,unknown,,,,,2026-08-18T00:06:15+08:00,201.549,571.32,2020
0,0,unknown,unknown,,,,2026-08-18T00:06:15+08:00,KaiTi;Times New Roman,1,1,0,0,1,0,FORMAL,COMPLETE,Q2,PAPER,0,1,296.6861111111111,841.0,catalog/papers.csv; catalog/paper_files.csv; catalog/scale/g8_paper_status.csv,unknown,True,0,0,1,,,,0,False,,PORTRAIT,7,,UNKNOWN,0,,,,CUMCM-2001-B-003,1.0,text_based,B,B,------------------------------------;Times-Roman;KaiTi,0,0,,,,,True,1,2001年数学建模国赛真题+优秀论文/2001年国赛优秀论文/2001B：关于公交车调度的优化问题.pdf,primary,F907B8F8C14DC155E919A328CC6F9A2AB01842534B552DDBEF377B1C40B5031D,F907B8F8C14DC155E919A328CC6F9A2AB01842534B552DDBEF377B1C40B5031D,active,0,35,1,unknown,,,,,2026-08-18T00:06:15+08:00,209.90277777777777,595.0,2001
0,0,unknown,unknown,,,,2026-08-18T00:06:15+08:00,KaiTi,1,0,0,0,1,0,FORMAL,Q3_MANUAL_REQUIRED,Q3,PAPER,0,0,297.0388888888889,842.0,catalog/papers.csv; catalog/paper_files.csv; catalog/scale/g8_paper_status.csv,unknown,True,0,0,1,,,,0,False,font_or_text_layer_not_reliable,PORTRAIT,10,,UNKNOWN,0,"1,2,3,4,5,6,7,8,9,10",,,CUMCM-2010-D-001,0.8,image_based,D,D,------------------------------------;KaiTi,0,0,,,,,True,1,2010年数学建模国赛真题+优秀论文/2010年优秀论文/2010D：对学生宿舍设计方案的评价（1）.pdf,primary,ACEA7FB67881A12CBE502C6A0AD6F84ECB59BD6A7FDCBF0051B35C4AC67E5173,ACEA7FB67881A12CBE502C6A0AD6F84ECB59BD6A7FDCBF0051B35C4AC67E5173,active,0,30,1,unknown,,,,,2026-08-18T00:06:15+08:00,209.90277777777777,595.0,2010
1,1,unknown,unknown,18.221,18.221,18.221,2026-08-18T00:06:15+08:00,Arial;MicrosoftYaHei;SimHei;SimSun/Song;SymbolMT;Times New Roman,1,1,397,12,1,1,FORMAL,COMPLETE,Q2,PAPER,0,0,297.00361111111107,841.9,catalog/papers.csv; catalog/paper_files.csv; catalog/scale/g8_paper_status.csv,unknown,True,0,1,1,25.019,25.019,25.019,20,False,,PORTRAIT,21,,BOTTOM,1,,,,CUMCM-2011-A-002,1.0,text_based,A,A,------------------------------------;LNUHNF+SimSun;AUWCNV+TimesNewRomanPSMT;ESHXQI+TimesNewRomanPS-BoldMT;XEKKFX+SimHei;TZCMBP+SymbolMT;TYEPLS+TimesNewRomanPS-ItalicMT;VMBCQV+ArialMT;YMVEVT+MicrosoftYaHei,63,1,24.123,22.853,25.012,,True,1,2011年数学建模国赛真题+优秀论文/2011年优秀论文/2011A：城市表层土壤重金属污染分析（8）.pdf,primary,AAD869BC1AB3C69E03518C673BA1163A29DCB24D15F8C57943783A004BAD317D,AAD869BC1AB3C69E03518C673BA1163A29DCB24D15F8C57943783A004BAD317D,active,5,2338,1,unknown,,25.331,25.079,27.319,2026-08-18T00:06:15+08:00,210.00861111111107,595.3,2011
,,unknown,unknown,,,,2026-08-18T00:06:15+08:00,,0,0,,,0,,FORMAL,INELIGIBLE,,PROBLEM_PACKAGE,,,,,catalog/papers.csv; catalog/paper_files.csv; catalog/scale/g8_paper_status.csv,unknown,,,,0,,,,,,No analyzable PAPER PDF selected; identity retained in full corpus inventory.,UNKNOWN,,,,,,,,CUMCM-2007-A-002,,NOT_ANALYZED,A,A,,,,,,,,True,1,2007年数学建模国赛真题+优秀论文/2007年赛题/2007年国赛A题App1.doc,primary,3CE27BD6474498B0F5A5302FAE6238C959384A40C16AF61BB4A3DA07BE10ACCB,3CE27BD6474498B0F5A5302FAE6238C959384A40C16AF61BB4A3DA07BE10ACCB,active,,,0,unknown,,,,,2026-08-18T00:06:15+08:00,,,2007
,,unknown,unknown,,,,2026-08-18T00:06:15+08:00,,0,0,,,0,,FORMAL,CLOSED_INELIGIBLE,UNKNOWN,PROBLEM_PACKAGE,,,,,catalog/papers.csv; catalog/paper_files.csv; catalog/scale/g8_paper_status.csv,unknown,,,,0,,,,,,No analyzable PAPER PDF selected; identity retained in full corpus inventory.,UNKNOWN,,,,,,,,CUMCM-1993-A-001,,NOT_ANALYZED,A,A,,,,,,,,False,1,1993年数学建模国赛真题+优秀论文/1993年国赛优秀论文/1993年A题优秀论文① 非线性交调的频率设计.pdf,primary,79DA628641A6671BBD0524250E9FE139347FBA1A4324416F07A8F9F91C753707,79DA628641A6671BBD0524250E9FE139347FBA1A4324416F07A8F9F91C753707,active,,,0,unknown,,,,,2026-08-18T00:06:15+08:00,,,1993
,,unknown,unknown,,,,2026-08-18T00:06:15+08:00,,0,0,,,0,,FORMAL,COMPLETE,UNKNOWN,PAPER,,,,,catalog/papers.csv; catalog/paper_files.csv; catalog/scale/g8_paper_status.csv,unknown,,,,0,,,,,,No analyzable PAPER PDF selected; identity retained in full corpus inventory.,UNKNOWN,,,,,,,,CUMCM-2011-D-007,,NOT_ANALYZED,D,D,,,,,,,,True,1,2011年数学建模国赛真题+优秀论文/2011年优秀论文/2011D：天然肠衣搭配问题 (4).doc,primary,97C1EA0783BF190F8B166E049F84352DD12A702E5F0B0B1E9720DEB4ED5DB5A5,97C1EA0783BF190F8B166E049F84352DD12A702E5F0B0B1E9720DEB4ED5DB5A5,active,,,0,unknown,,,,,2026-08-18T00:06:15+08:00,,,2011
1,1,unknown,unknown,18.212,18.212,18.212,2026-08-18T00:06:15+08:00,KaiTi;MT;SimSun/Song;Symbol;Times New Roman,1,1,991,9,1,1,FORMAL,COMPLETE,Q2,PAPER,0,0,297.0106666666666,841.92,catalog/papers.csv; catalog/paper_files.csv; catalog/scale/g8_paper_status.csv,unknown,True,0,1,1,25.408,25.408,25.408,18,False,,PORTRAIT,19,,BOTTOM,1,,,,CUMCM-2007-A-003,0.88,text_based,A,A,------------------------------------;Times;SimSun;KaiTi;Times;Symbol;Times;ABCDEE+MT;Times,77,1,-3.31,-3.31,-3.31,,True,1,2007年数学建模国赛真题+优秀论文/2007年优秀论文/2007A：《中国人口增长预测模型的建立与分析》.pdf,primary,27AE164C866FB604263728077B526476AFF89C1C83CA5DDE9E5A574FBA704F91,27AE164C866FB604263728077B526476AFF89C1C83CA5DDE9E5A574FBA704F91,active,4,3232,1,unknown,中国人口增长预测模型的建立与分析 | 人口城镇化的新特点，我们基于 LESLIE 矩阵，着重考虑城镇与乡村间的人口迁移及女,25.476,25.407,27.735,2026-08-18T00:06:15+08:00,210.01566666666668,595.32,2007
,,unknown,unknown,,,,2026-08-18T00:06:15+08:00,,0,0,,,0,,FORMAL,INELIGIBLE,,SUPPORTING_MATERIAL,,,,,catalog/papers.csv; catalog/paper_files.csv; catalog/scale/g8_paper_status.csv,unknown,,,,0,,,,,,No analyzable PAPER PDF selected; identity retained in full corpus inventory.,UNKNOWN,,,,,,,,CUMCM-2011-D-008,,NOT_ANALYZED,D,D,,,,,,,,True,1,2011年数学建模国赛真题+优秀论文/2011年优秀论文/2011D：天然肠衣搭配问题(1)/三级降二级降级20.lg4,primary,F45D4F1A6B8E79B58029E074C69500378496E347F620A8FCB1A3D52D947D272E,F45D4F1A6B8E79B58029E074C69500378496E347F620A8FCB1A3D52D947D272E,active,,,0,unknown,,,,,2026-08-18T00:06:15+08:00,,,2011
0,0,unknown,unknown,16.298,16.21,31.431,2026-08-18T00:06:15+08:00,KaiTi;SimSun/Song;Syntax;Times New Roman;cajcd-fntaa;cajcd-fntbd,1,1,447,0,1,1,FORMAL,COMPLETE,Q2,PAPER,0,1,248.70833333333334,705.0,catalog/papers.csv; catalog/paper_files.csv; catalog/scale/g8_paper_status.csv,unknown,False,0,0,1,12.347,12.347,12.629,3,False,,PORTRAIT,4,,BOTTOM,1,,,,CUMCM-2000-B-002,1.0,text_based,B,B,------------------------------------;STSong-Light;Times-Roman;cajcd-fntaa;Times-Bold;Times-Italic;cajcd-fntbd;Times-Italic;KaiTi;Syntax;Syntax;Syntax;Syntax;Syntax;Syntax;Syntax;Syntax;Syntax;Syntax;Syntax;Syntax;Syntax;Syntax;Syntax;Syntax;Syntax;Syntax;Syntax;Syntax;Syntax;Syntax;Syntax;Syntax;Syntax;Syntax;Syntax;Syntax;Syntax;Syntax;Syntax;Syntax;Syntax;Syntax;Syntax;Syntax;Syntax;Syntax;Syntax;Syntax;Syntax;Syntax;Syntax;Syntax;Syntax;Syntax;Syntax;Syntax;Syntax;Syntax;Syntax;Syntax;Syntax;Syntax;Syntax;Syntax;Syntax;Syntax;Syntax;Syntax;Syntax;Syntax;Syntax;Syntax;Syntax;Syntax;Syntax;Syntax;Syntax;Syntax;Syntax;Syntax;Syntax;Syntax;Syntax;Syntax;Syntax;Syntax;Syntax;Syntax;Syntax;Syntax;Syntax;Syntax;Syntax;Syntax;Syntax;Syntax;Syntax;Syntax;Syntax;Syntax;Syntax;Syntax;Syntax;Syntax;Syntax;Syntax;Syntax;Syntax;Syntax;Syntax;Syntax;Syntax;Syntax;Syntax;Syntax;Syntax;Syntax;Syntax;Syntax;Syntax;Syntax;Syntax;Syntax;Syntax;Syntax;Syntax;Syntax;Syntax;Syntax;Syntax;Syntax;Syntax;Syntax;Syntax;Syntax;Syntax;Syntax;Syntax;Syntax;Syntax;Syntax;Syntax;Syntax;Syntax;Syntax;Syntax;Syntax;Syntax;Syntax;Syntax;Syntax;Syntax;Syntax;Syntax;Syntax;Syntax;Syntax;Syntax;Syntax;Syntax;Syntax;Syntax;Syntax;Syntax;Syntax;Syntax;Syntax;Syntax;Syntax;Syntax;Syntax;Syntax;Syntax;Syntax;Syntax;Syntax;Syntax;Syntax;Syntax;Syntax;Syntax;Syntax;Syntax;Syntax;Syntax;Syntax;Syntax;Syntax;Syntax;Syntax;Syntax;Syntax;Syntax;Syntax;Syntax;Syntax;Syntax;Syntax;Syntax;Syntax;Syntax;Syntax;Syntax;Syntax;Syntax;Syntax;Syntax;Syntax;Syntax;Syntax;Syntax;Syntax;Syntax;Syntax;Syntax;Syntax;Syntax;Syntax;Syntax;Syntax;Syntax;Syntax;Syntax;Syntax;Syntax;Syntax;Syntax;Syntax;Syntax;Syntax;Syntax;Syntax;Syntax;Syntax;Syntax;Syntax;Syntax;Syntax;Syntax;Syntax;Syntax;Syntax;Syntax;Syntax;Syntax;Syntax;Syntax;Syntax;Syntax;Syntax;Syntax;Syntax;Syntax;Syntax;Syntax;Syntax;Syntax;Syntax;Syntax;Syntax;Syntax;Syntax;Syntax;Syntax;Syntax;Syntax;Syntax;Syntax;Syntax;Syntax;Syntax;Syntax;Syntax;Syntax;Syntax;Syntax;Syntax;Syntax;Syntax;Syntax;Syntax;Syntax;Syntax;Syntax;Syntax;Syntax;Syntax;Syntax;Syntax;Syntax;Syntax;Syntax;Syntax;Syntax;Syntax;Syntax;Syntax;Syntax;Syntax;Syntax;Syntax;Syntax;Syntax;Syntax;Syntax;Syntax;Syntax;Syntax;Syntax;Syntax;Syntax;Syntax;Syntax;Syntax;Syntax;Syntax;Syntax;Syntax;Syntax;Syntax;Syntax;Syntax;Syntax;Syntax;Syntax;Syntax;Syntax;Syntax;Syntax;Syntax;Syntax;Syntax;Syntax;Syntax;Syntax;Syntax;Syntax;Syntax;Syntax;Syntax;Syntax;Syntax;Syntax;Syntax;Syntax;Syntax;Syntax;Syntax;Syntax;Syntax;Syntax;Syntax;Syntax;Syntax;Syntax;Syntax;Syntax;Syntax;Syntax;Syntax;Syntax;Syntax;Syntax;Syntax;Syntax;Syntax;Syntax;Syntax;Syntax;Syntax;Syntax;Syntax;Syntax;Syntax;Syntax;Syntax;Syntax;Syntax;Syntax;Syntax;Syntax;Syntax;Syntax;Syntax;Syntax;Syntax;Syntax;Syntax;Syntax;Syntax;Syntax;Syntax;Syntax;Syntax;Syntax;Syntax;Syntax;Syntax;Syntax;Syntax;Syntax;Syntax;Syntax;Syntax;Syntax;Syntax;Syntax;Syntax;Syntax;Syntax;Syntax;Syntax;Syntax;Syntax;Syntax;Syntax;Syntax;Syntax;Syntax;Syntax;Syntax;Syntax;Syntax;Syntax;Syntax;Syntax;Syntax;Syntax;Syntax;Syntax;Syntax;Syntax;Syntax;Syntax;Syntax;Syntax;Syntax;Syntax;Syntax;Syntax;Syntax;Syntax;Syntax;Syntax;Syntax;Syntax;Syntax;Syntax;Syntax;Syntax;Syntax;Syntax;Syntax;Syntax;Syntax;Syntax;Syntax;Syntax;Syntax;Syntax;Syntax;Syntax;Syntax;Syntax;Syntax;Syntax;Syntax;Syntax;Syntax;Syntax;Syntax;Syntax;Syntax;Syntax;Syntax;Syntax;Syntax;Syntax;Syntax;Syntax;Syntax;Syntax;Syntax;Syntax;Syntax;Syntax;Syntax;Syntax;Syntax;Syntax;Syntax;Syntax;Syntax;Syntax;Syntax;Syntax;Syntax;Syntax;Syntax;Syntax;Syntax;Syntax;Syntax;Syntax;Syntax;Syntax;Syntax;Syntax;Syntax;Syntax;Syntax;Syntax;Syntax;Syntax;Syntax;Syntax;Syntax;Syntax;Syntax;Syntax;Syntax;Syntax;Syntax;Syntax;Syntax;Syntax;Syntax;Syntax;Syntax;Syntax;Syntax;Syntax;Syntax;Syntax;Syntax;Syntax;Syntax;Syntax;Syntax;Syntax;Syntax;Syntax;Syntax;Syntax;Syntax;Syntax;Syntax;Syntax;Syntax;Syntax;Syntax;Syntax;Syntax;Syntax;Syntax;Syntax;Syntax;Syntax;Syntax;Syntax;Syntax;Syntax;Syntax;Syntax;Syntax;Syntax;Syntax;Syntax;Syntax;Syntax;Syntax;Syntax;Syntax;Syntax;Syntax;Syntax;Syntax;Syntax;Syntax;Syntax;Syntax;Syntax;Syntax;Syntax;Syntax;Syntax;Syntax;Syntax;Syntax;Syntax;Syntax;Syntax;Syntax;Syntax;Syntax;Syntax;Syntax;Syntax;Syntax;Syntax;Syntax;Syntax;Syntax;Syntax;Syntax;Syntax;Syntax;Syntax;Syntax;Syntax;Syntax;Syntax;Syntax;Syntax;Syntax;Syntax;Syntax;Syntax;Syntax;Syntax;Syntax;Syntax;Syntax;Syntax;Syntax;Syntax;Syntax;Syntax;Syntax;Syntax;Syntax;Syntax;Syntax;Syntax;Syntax;Syntax;Syntax;Syntax;Syntax;Syntax;Syntax;Syntax;Syntax;Syntax;Syntax;Syntax;Syntax;Syntax;Syntax;Syntax;Syntax;Syntax;Syntax;Syntax;Syntax;Syntax;Syntax;Syntax;Syntax;Syntax;Syntax;Syntax;Syntax;Syntax;Syntax;Syntax;Syntax;Syntax;Syntax;Syntax;Syntax;Syntax;Syntax;Syntax;Syntax;Syntax;Syntax;Syntax;Syntax;Syntax;Syntax;Syntax;Syntax;Syntax;Syntax;Syntax;Syntax;Syntax;Syntax;Syntax;Syntax;Syntax;Syntax;Syntax;Syntax;Syntax;Syntax;Syntax;Syntax;Syntax;Syntax;Syntax;Syntax;Syntax;Syntax;Syntax;Syntax;Syntax;Syntax;Syntax;Syntax;Syntax;Syntax;Syntax;Syntax;Syntax;Syntax;Syntax;Syntax;Syntax;Syntax;Syntax;Syntax;Syntax;Syntax;Syntax;Syntax;Syntax;Syntax;Syntax;Syntax;Syntax;Syntax;Syntax;Syntax;Syntax;Syntax;Syntax;Syntax;Syntax;Syntax;Syntax;Syntax;Syntax;Syntax;Syntax;Syntax;Syntax;Syntax;Syntax;Syntax;Syntax;Syntax;Syntax;Syntax;Syntax;Syntax;Syntax;Syntax;Syntax;Syntax;Syntax;Syntax;Syntax;Syntax;Syntax;Syntax,5,0,10.195,10.142,10.231,,True,1,2000年数学建模国赛真题+优秀论文/2000年国赛优秀论文/2000B：管道订购和运输.pdf,primary,576816C48E5D4E6B48C805842BA104AEFE6600A11D4EE442BEB1996EABE3DD8A,576816C48E5D4E6B48C805842BA104AEFE6600A11D4EE442BEB1996EABE3DD8A,active,0,1095,1,unknown,M A TH EM A T ICSINPRA CT ICE ANDTH EO R Y,14.146,14.146,14.146,2026-08-18T00:06:15+08:00,167.56944444444446,475.0,2000
0,0,unknown,unknown,70.73,70.73,70.73,2026-08-18T00:06:15+08:00,Arial;KaiTi;SimHei;SimSun/Song;Times New Roman,1,1,0,0,1,0,FORMAL,COMPLETE,Q2,PAPER,0,1,297.0388888888889,842.0,catalog/papers.csv; catalog/paper_files.csv; catalog/scale/g8_paper_status.csv,unknown,True,0,0,1,13.208,13.208,13.208,1,False,,PORTRAIT,2,,UNKNOWN,0,,,,CUMCM-1993-B-001,1.0,text_based,B,B,------------------------------------;AXYJAH+SimHei;SimHei;AXYJAI+SimSun;AXYJAJ+SimSun;SimSun;TimesNewRoman;KaiTi;ArialUnicodeMS,0,0,12.206,12.206,12.206,,True,1,1993年数学建模国赛真题+优秀论文/1993年国赛优秀论文/1993年B题优秀论文② 足球排名次问题.pdf,primary,9754E4494E59EC79D460387BED3D9B8D8E2B915DCF9E192E7E1DD363F0086EDA,9754E4494E59EC79D460387BED3D9B8D8E2B915DCF9E192E7E1DD363F0086EDA,active,0,66,1,unknown,数学中国www.madio.net | B 题 足球队排名次,25.598,25.598,25.598,2026-08-18T00:06:15+08:00,209.90277777777777,595.0,1993
,,unknown,unknown,,,,2026-08-18T00:06:15+08:00,,0,0,,,0,,FORMAL,INELIGIBLE,,PROBLEM_PACKAGE,,,,,catalog/papers.csv; catalog/paper_files.csv; catalog/scale/g8_paper_status.csv,unknown,,,,0,,,,,,No analyzable PAPER PDF selected; identity retained in full corpus inventory.,UNKNOWN,,,,,,,,CUMCM-2016-D-001,,NOT_ANALYZED,D,D,,,,,,,,True,1,2016年数学建模国赛真题+优秀论文/2016年赛题/2016年国赛D题.doc,primary,0D4D49FEAB447695A731C9AB855510037CB26468C437E95E5D3D2D12884259AD,0D4D49FEAB447695A731C9AB855510037CB26468C437E95E5D3D2D12884259AD,active,,,0,unknown,,,,,2026-08-18T00:06:15+08:00,,,2016
,,unknown,unknown,,,,2026-08-18T00:06:15+08:00,,0,0,,,0,,FORMAL,INELIGIBLE,,SUPPORTING_MATERIAL,,,,,catalog/papers.csv; catalog/paper_files.csv; catalog/scale/g8_paper_status.csv,unknown,,,,0,,,,,,No analyzable PAPER PDF selected; identity retained in full corpus inventory.,UNKNOWN,,,,,,,,CUMCM-2012-B-002,,NOT_ANALYZED,B,B,,,,,,,,True,1,2012年数学建模国赛真题+优秀论文/2012年优秀论文/2012B：太阳能小屋的设计 (2)/LINGO1.lg4,primary,64076CB4956D1854AF18D28C6ACAE48991EBB043EB0456513702727F31247F5D,64076CB4956D1854AF18D28C6ACAE48991EBB043EB0456513702727F31247F5D,active,,,0,unknown,,,,,2026-08-18T00:06:15+08:00,,,2012
1,1,unknown,unknown,22.233,22.233,22.233,2026-08-18T00:06:15+08:00,Arial;Calibri;Symbol;Times New Roman,1,1,919,21,1,0,FORMAL,COMPLETE,Q2,PAPER,0,0,297.0106666666666,841.92,catalog/papers.csv; catalog/paper_files.csv; catalog/scale/g8_paper_status.csv,unknown,True,0,1,1,31.758,31.758,31.758,35,False,,PORTRAIT,36,,BOTTOM,1,,,,CUMCM-2014-A-A1000,1.0,text_based,A,A,------------------------------------;ABCDEE+Calibri;Times;Times;Times;Times;Symbol;Arial,52,1,31.637,29.775,34.301,,True,1,2014年数学建模国赛真题+优秀论文/2014优秀论文/2014A：嫦娥三号软着陆轨道设计与控制策略 (4)/A10009072_吉张鹤轩_杨升_陈同广.pdf,primary,E9C483B88799AADF2D14397237C75F54CE702F950E40CD849B169AEFEEEF76AB,E9C483B88799AADF2D14397237C75F54CE702F950E40CD849B169AEFEEEF76AB,active,2,2454,1,unknown,,25.781,25.739,27.735,2026-08-18T00:06:15+08:00,210.01566666666668,595.32,2014
0,0,unknown,unknown,,,,2026-08-18T00:06:15+08:00,KaiTi;Times New Roman,1,0,0,0,1,1,FORMAL,Q3_MANUAL_REQUIRED,Q3,PAPER,0,0,278.34166666666664,789.0,catalog/papers.csv; catalog/paper_files.csv; catalog/scale/g8_paper_status.csv,unknown,False,0,0,1,,,,0,False,font_or_text_layer_not_reliable,PORTRAIT,3,,UNKNOWN,0,"1,2,3",,,CUMCM-1997-B-001,0.8,image_based,B,B,------------------------------------;Times-Italic;KaiTi,0,0,,,,,True,1,1997年数学建模国赛真题+优秀论文/1997年国赛优秀论文/1997B：截断切割中的最优排列问题.pdf,primary,2793EE6AB8C7BCB22E969586CDFA8FA3F859F1B96775092C90372077188DA7F3,2793EE6AB8C7BCB22E969586CDFA8FA3F859F1B96775092C90372077188DA7F3,active,0,15,1,unknown,,,,,2026-08-18T00:06:15+08:00,206.0222222222222,584.0,1997
0,0,unknown,unknown,18.521,18.521,18.521,2026-08-18T00:06:15+08:00,Arial;KaiTi;MTExtra;SimSun/Song;Symbol;Times New Roman,1,1,447,0,1,1,FORMAL,COMPLETE,Q2,PAPER,0,0,297.0388888888889,842.0,catalog/papers.csv; catalog/paper_files.csv; catalog/scale/g8_paper_status.csv,unknown,True,0,0,1,25.135,25.135,25.135,14,False,,PORTRAIT,15,,BOTTOM,1,,,,CUMCM-2007-A-004,1.0,text_based,A,A,------------------------------------;TimesNewRoman;Arial;SimSun;KaiTi;Symbol;NGGPAE+MTExtra,79,0,-3.312,-3.312,-3.312,,True,1,2007年数学建模国赛真题+优秀论文/2007年优秀论文/2007A：《基于差分方程的人口预测模型》.pdf,primary,89894D242EEDC9F7FA8E895E15354C92A3EA0D396E7846DE3BBCDC9EA22FA414,89894D242EEDC9F7FA8E895E15354C92A3EA0D396E7846DE3BBCDC9EA22FA414,active,0,2266,1,unknown,,27.164,26.436,27.428,2026-08-18T00:06:15+08:00,210.25555555555556,596.0,2007
1,0,unknown,unknown,18.295,18.295,18.295,2026-08-18T00:06:15+08:00,Arial;Calibri;Cambria;KaiTi;SimHei;SimSun/Song;Times New Roman,1,1,63,8,1,1,FORMAL,COMPLETE,Q2,PAPER,0,0,297.0388888888889,842.0,catalog/papers.csv; catalog/paper_files.csv; catalog/scale/g8_paper_status.csv,unknown,True,0,1,1,25.019,25.019,25.019,15,False,,PORTRAIT,16,,BOTTOM,1,,,,CUMCM-2008-B-002,0.88,text_based,B,B,------------------------------------;MEMFCO+SimHei;MEMFGN+SimSun;MEMEPO+TimesNewRomanPSMT;SimSun;KaiTi;MEMEGB+TimesNewRomanPSMT;ArialMT;MEMHFF+Cambria;MEMHJE+Calibri;MEMKDF+Calibri,20,1,-64.609,-64.609,-64.609,,True,1,2008年数学建模国赛真题+优秀论文/2008年优秀论文/2008B：《高等教育学费标准探讨的最优化模型》.PDF,primary,4930440A3A4E47D7B0E7BF0F65EE6B6BE8288F9B00A113E1A04E2E0709C60725,4930440A3A4E47D7B0E7BF0F65EE6B6BE8288F9B00A113E1A04E2E0709C60725,active,12,826,1,unknown,高等教育学费标准探讨的最优化模型 | 规划的定量分析方法。在收集分析处理大量数据的基础上，建立了基础的简化模型和综,25.04,25.04,27.347,2026-08-18T00:06:15+08:00,209.98038888888888,595.22,2008
,,unknown,unknown,,,,2026-08-18T00:06:15+08:00,,0,0,,,0,,FORMAL,INELIGIBLE,,SUPPORTING_MATERIAL,,,,,catalog/papers.csv; catalog/paper_files.csv; catalog/scale/g8_paper_status.csv,unknown,,,,0,,,,,,No analyzable PAPER PDF selected; identity retained in full corpus inventory.,UNKNOWN,,,,,,,,CUMCM-2011-D-009,,NOT_ANALYZED,D,D,,,,,,,,True,1,2011年数学建模国赛真题+优秀论文/2011年优秀论文/2011D：天然肠衣搭配问题(1)/方案2规格3步骤2.lg4,primary,13B355C58F9220BD5B743B576237B8B2F711EDADEB5A633C3B5B68D18D766654,13B355C58F9220BD5B743B576237B8B2F711EDADEB5A633C3B5B68D18D766654,active,,,0,unknown,,,,,2026-08-18T00:06:15+08:00,,,2011
0,0,unknown,unknown,70.73,70.73,70.73,2026-08-18T00:06:15+08:00,KaiTi;SimSun/Song,1,0,0,0,1,0,FORMAL,Q3_MANUAL_REQUIRED,Q3,PAPER,0,0,297.0388888888889,842.0,catalog/papers.csv; catalog/paper_files.csv; catalog/scale/g8_paper_status.csv,unknown,True,0,0,1,38.059,38.059,38.059,16,False,font_or_text_layer_not_reliable,PORTRAIT,17,,UNKNOWN,0,"1,2,3,4,5,6,7,8,9,10,11,12,13,14,15,16,17",,,CUMCM-2009-C-001,0.8,image_based,C,C,------------------------------------;SimSun;KaiTi,0,0,-64.586,-64.586,-64.586,,True,1,2009年数学建模国赛真题+优秀论文/2009年优秀论文/2009C：卫星和飞船的跟踪测控 (2).pdf,primary,DC2E5948119EBD38E43CBCAA23E9169D4C218EA34129F5A5A459875B71275C5F,DC2E5948119EBD38E43CBCAA23E9169D4C218EA34129F5A5A459875B71275C5F,active,0,85,1,unknown,,126.838,126.838,126.838,2026-08-18T00:06:15+08:00,209.90277777777777,595.0,2009
0,0,unknown,unknown,70.73,70.73,70.73,2026-08-18T00:06:15+08:00,KaiTi;SimSun/Song,1,0,0,0,1,0,FORMAL,Q3_MANUAL_REQUIRED,Q3,PAPER,0,1,297.0388888888889,842.0,catalog/papers.csv; catalog/paper_files.csv; catalog/scale/g8_paper_status.csv,unknown,True,0,0,1,38.059,38.059,38.059,7,False,font_or_text_layer_not_reliable,PORTRAIT,8,,UNKNOWN,0,"1,2,3,4,5,6,7,8",,,CUMCM-2007-A-005,0.8,image_based,A,A,------------------------------------;AAQWJU+SimSun;SimSun;SimSun;KaiTi,0,0,-3.308,-3.308,-3.308,,True,1,2007年数学建模国赛真题+优秀论文/2007年优秀论文/2007A：《人口增长预测模型》.pdf,primary,2D6E63FAD46F69FD00DD01E91EBA4ABC3B3203FC8154EA592C5146D16228D294,2D6E63FAD46F69FD00DD01E91EBA4ABC3B3203FC8154EA592C5146D16228D294,active,0,72,1,unknown,http://www.madio.net | 数学中国www.madio.net,80.998,80.998,80.998,2026-08-18T00:06:15+08:00,209.90277777777777,595.0,2007
,,unknown,unknown,,,,2026-08-18T00:06:15+08:00,,0,0,,,0,,FORMAL,INELIGIBLE,,PROBLEM_PACKAGE,,,,,catalog/papers.csv; catalog/paper_files.csv; catalog/scale/g8_paper_status.csv,unknown,,,,0,,,,,,No analyzable PAPER PDF selected; identity retained in full corpus inventory.,UNKNOWN,,,,,,,,CUMCM-2006-D-001,,NOT_ANALYZED,D,D,,,,,,,,True,1,2006年数学建模国赛真题+优秀论文/2006年赛题/2006年国赛D题.doc,primary,014C704B4F7D1E9307C92673EBFE8322B0E3C3F58E756AA84387DA62994309BC,014C704B4F7D1E9307C92673EBFE8322B0E3C3F58E756AA84387DA62994309BC,active,,,0,unknown,,,,,2026-08-18T00:06:15+08:00,,,2006
,,unknown,unknown,,,,2026-08-18T00:06:15+08:00,,0,0,,,0,,FORMAL,INELIGIBLE,,SUPPORTING_MATERIAL,,,,,catalog/papers.csv; catalog/paper_files.csv; catalog/scale/g8_paper_status.csv,unknown,,,,0,,,,,,No analyzable PAPER PDF selected; identity retained in full corpus inventory.,UNKNOWN,,,,,,,,CUMCM-2011-D-010,,NOT_ANALYZED,D,D,,,,,,,,True,1,2011年数学建模国赛真题+优秀论文/2011年优秀论文/2011D：天然肠衣搭配问题(1)/降级12.lg4,primary,2EFE7EC8B4514BCAE45D22E5D1F306D44F3F494595A6EEEB0C552AFEBA397668,2EFE7EC8B4514BCAE45D22E5D1F306D44F3F494595A6EEEB0C552AFEBA397668,active,,,0,unknown,,,,,2026-08-18T00:06:15+08:00,,,2011
,,unknown,unknown,,,,2026-08-18T00:06:15+08:00,,0,0,,,0,,FORMAL,INELIGIBLE,,SUPPORTING_MATERIAL,,,,,catalog/papers.csv; catalog/paper_files.csv; catalog/scale/g8_paper_status.csv,unknown,,,,0,,,,,,No analyzable PAPER PDF selected; identity retained in full corpus inventory.,UNKNOWN,,,,,,,,CUMCM-2012-D-004,,NOT_ANALYZED,D,D,,,,,,,,True,1,2012年数学建模国赛真题+优秀论文/2012年优秀论文/2012D：机器人避障问题 (1)/OB.fig,primary,C750BF2C75DF554983DBA64DFE272F716BCE957A961165E15A658478B9F8B5EE,C750BF2C75DF554983DBA64DFE272F716BCE957A961165E15A658478B9F8B5EE,active,,,0,unknown,,,,,2026-08-18T00:06:15+08:00,,,2012
0,0,unknown,unknown,,,,2026-08-18T00:06:15+08:00,KaiTi;Times New Roman,1,0,0,0,1,1,FORMAL,Q3_MANUAL_REQUIRED,Q3,PAPER,0,0,279.75277777777774,793.0,catalog/papers.csv; catalog/paper_files.csv; catalog/scale/g8_paper_status.csv,unknown,False,0,0,1,,,,0,False,font_or_text_layer_not_reliable,PORTRAIT,8,,UNKNOWN,0,"1,2,3,4,5,6,7,8",,,CUMCM-1998-A-002,0.8,image_based,A,A,------------------------------------;Times-Italic;KaiTi,0,0,,,,,True,1,1998年数学建模国赛真题+优秀论文/1998年国赛优秀论文/1998A：资本市场的最佳投资组合.pdf,primary,6C5D2FE4B42FEEE9FA3A8479355304469E5A450A9E296B335A253C265AA9A368,6C5D2FE4B42FEEE9FA3A8479355304469E5A450A9E296B335A253C265AA9A368,active,0,40,1,unknown,,,,,2026-08-18T00:06:15+08:00,210.9611111111111,598.0,1998
1,1,unknown,unknown,18.274,18.274,18.274,2026-08-18T00:06:15+08:00,Calibri;Helvetica;Symbol;Times New Roman;Wingdings,1,1,1792,17,1,1,FORMAL,COMPLETE,Q2,PAPER,0,0,297.1270833333333,842.25,catalog/papers.csv; catalog/paper_files.csv; catalog/scale/g8_paper_status.csv,unknown,True,0,1,1,25.171,25.171,25.171,28,False,,PORTRAIT,29,,BOTTOM,1,,,,CUMCM-2014-A-A2302,1.0,text_based,A,A,------------------------------------;Times;ABCDEE+Wingdings;Symbol;Times;ABCDEE+Calibri;Helvetica;Times,32,1,23.248,21.195,24.515,,True,1,2014年数学建模国赛真题+优秀论文/2014优秀论文/2014A：嫦娥三号软着陆轨道设计与控制策略/A23022014_杜磊_江启文_汪鑫 .pdf,primary,A5CE222DB27F1A47800723DB92BC76A8CCF2CA053A6F62CD7B5CEFBE8018A237,A5CE222DB27F1A47800723DB92BC76A8CCF2CA053A6F62CD7B5CEFBE8018A237,active,2,4943,1,unknown,"嫦娥三号软着陆轨道设计与控制策略 | (55.30W;16.56W,15km),(55.30N;40.50N,15km)，通过高斯-克吕格坐标将地面坐标转",25.164,25.11,25.448,2026-08-18T00:06:15+08:00,210.07916666666665,595.5,2014
,,unknown,unknown,,,,2026-08-18T00:06:15+08:00,,0,0,,,0,,FORMAL,CLOSED_INELIGIBLE,UNKNOWN,SUPPORTING_MATERIAL,,,,,catalog/papers.csv; catalog/paper_files.csv; catalog/scale/g8_paper_status.csv,unknown,,,,0,,,,,,No analyzable PAPER PDF selected; identity retained in full corpus inventory.,UNKNOWN,,,,,,,,CUMCM-2012-C-001,,NOT_ANALYZED,C,C,,,,,,,,False,1,2012年数学建模国赛真题+优秀论文/2012年优秀论文/2012C：脑卒中发病环境因素分析及干预 (1)/逐步回归分析/all.jpg,primary,E8494A347664490B96C25EE69D119AF92049E25EFF19890F2375CEE98FD47F0A,E8494A347664490B96C25EE69D119AF92049E25EFF19890F2375CEE98FD47F0A,active,,,0,unknown,,,,,2026-08-18T00:06:15+08:00,,,2012
1,1,unknown,unknown,22.233,22.233,22.233,2026-08-18T00:06:15+08:00,Arial;Calibri;Helvetica;MT;Symbol;Times New Roman,1,1,362,17,1,0,FORMAL,COMPLETE,Q2,PAPER,0,0,297.0106666666666,841.92,catalog/papers.csv; catalog/paper_files.csv; catalog/scale/g8_paper_status.csv,unknown,True,0,1,1,31.758,31.758,31.758,29,False,,PORTRAIT,30,,BOTTOM,1,,,,CUMCM-2012-B-B149,1.0,text_based,B,B,------------------------------------;ABCDEE+Calibri;Times;Times;Symbol;Helvetica;Times;Times;ABCDEE+MT;Arial,90,1,31.615,29.616,35.868,,True,1,2012年数学建模国赛真题+优秀论文/2012年优秀论文/2012B：太阳能小屋的设计 (4)/B149答卷.pdf,primary,90C31398DACDA50949D10FA75F60E736B124E3947F908667F32FDD5C81F24CE8,90C31398DACDA50949D10FA75F60E736B124E3947F908667F32FDD5C81F24CE8,active,24,2823,1,unknown,太阳能小屋优化设计 | 得到该小屋各墙面的太阳能辐射值；其次根据各逆变器的功率、电压、电流约束，,25.781,25.4,27.735,2026-08-18T00:06:15+08:00,210.01566666666668,595.32,2012
0,0,unknown,unknown,,,,2026-08-18T00:06:15+08:00,Times New Roman,1,1,0,0,1,0,FORMAL,COMPLETE,Q2,PAPER,0,1,259.9266666666666,736.8,catalog/papers.csv; catalog/paper_files.csv; catalog/scale/g8_paper_status.csv,unknown,False,0,0,1,,,,0,False,,PORTRAIT,5,,UNKNOWN,0,,,,CUMCM-2005-B-003,1.0,text_based,B,B,------------------------------------;Times-Roman,0,0,,,,,True,1,2005年数学建模国赛真题+优秀论文/2005年国赛优秀论文/2005B：DVD在线租赁.pdf,primary,E13295621F58DE3994CFCA45FCCFEEE50243157C32E7A14B88E91E86318F9BAF,E13295621F58DE3994CFCA45FCCFEEE50243157C32E7A14B88E91E86318F9BAF,active,0,20,1,unknown,,,,,2026-08-18T00:06:15+08:00,200.4906666666667,568.32,2005
0,0,unknown,unknown,,,,2026-08-18T00:06:15+08:00,KaiTi;Times New Roman,1,0,0,0,1,1,FORMAL,Q3_MANUAL_REQUIRED,Q3,PAPER,0,0,279.75277777777774,793.0,catalog/papers.csv; catalog/paper_files.csv; catalog/scale/g8_paper_status.csv,unknown,False,0,0,1,,,,0,False,font_or_text_layer_not_reliable,PORTRAIT,6,,UNKNOWN,0,"1,2,3,4,5,6",,,CUMCM-1998-A-003,0.8,image_based,A,A,------------------------------------;Times-Italic;KaiTi,0,0,,,,,True,1,1998年数学建模国赛真题+优秀论文/1998年国赛优秀论文/1998A：风险投资分析.pdf,primary,19DA6A21AD3A826D90A072E50FA5FB10605FF97F821011E073598D9FE9C4AA3A,19DA6A21AD3A826D90A072E50FA5FB10605FF97F821011E073598D9FE9C4AA3A,active,0,30,1,unknown,,,,,2026-08-18T00:06:15+08:00,210.9611111111111,598.0,1998
,,unknown,unknown,,,,2026-08-18T00:06:15+08:00,,0,0,,,0,,FORMAL,INELIGIBLE,,SUPPORTING_MATERIAL,,,,,catalog/papers.csv; catalog/paper_files.csv; catalog/scale/g8_paper_status.csv,unknown,,,,0,,,,,,No analyzable PAPER PDF selected; identity retained in full corpus inventory.,UNKNOWN,,,,,,,,CUMCM-2011-D-011,,NOT_ANALYZED,D,D,,,,,,,,True,1,2011年数学建模国赛真题+优秀论文/2011年优秀论文/2011D：天然肠衣搭配问题(1)/规格3步骤2.lg4,primary,5C0706D7E4FD77288902B9A460EFD22DCAE32D8E51001D628638A5C5194CF628,5C0706D7E4FD77288902B9A460EFD22DCAE32D8E51001D628638A5C5194CF628,active,,,0,unknown,,,,,2026-08-18T00:06:15+08:00,,,2011
,,unknown,unknown,,,,2026-08-18T00:06:15+08:00,,0,0,,,0,,FORMAL,INELIGIBLE,,SUPPORTING_MATERIAL,,,,,catalog/papers.csv; catalog/paper_files.csv; catalog/scale/g8_paper_status.csv,unknown,,,,0,,,,,,No analyzable PAPER PDF selected; identity retained in full corpus inventory.,UNKNOWN,,,,,,,,CUMCM-2012-D-005,,NOT_ANALYZED,D,D,,,,,,,,True,1,2012年数学建模国赛真题+优秀论文/2012年优秀论文/2012D：机器人避障问题 (1)/kxljmethod2.fig,primary,6AB92246BEE2F3D330BA77FEA745134177CD9F61BE15B8DF0DB881136804C13B,6AB92246BEE2F3D330BA77FEA745134177CD9F61BE15B8DF0DB881136804C13B,active,,,0,unknown,,,,,2026-08-18T00:06:15+08:00,,,2012
,,unknown,unknown,,,,2026-08-18T00:06:15+08:00,,,,,,0,,FORMAL,COMPLETE,Q2,PAPER,,,,,catalog/papers.csv; catalog/paper_files.csv; catalog/scale/g8_paper_status.csv,unknown,,,,0,,,,,,Source rendered and identified as a competition problem statement package; retained in full inventory but excluded from Paper format consensus.,UNKNOWN,,,,,,,,CUMCM-2024-A-001,,NOT_ANALYZED,A,A,,,,,,,PROBLEM_PACKAGE,True,1,2024年数学建模国赛真题+优秀论文/2024真题/A题/A题.pdf,primary,7ECE8C6D2B876781E5219091C38980E1321FFD1D56604CBE36CD867EDB7A1933,7ECE8C6D2B876781E5219091C38980E1321FFD1D56604CBE36CD867EDB7A1933,active,,,0,unknown,,,,,2026-08-18T00:06:15+08:00,,,2024
,,unknown,unknown,,,,2026-08-18T00:06:15+08:00,,0,0,,,0,,FORMAL,INELIGIBLE,,SUPPORTING_MATERIAL,,,,,catalog/papers.csv; catalog/paper_files.csv; catalog/scale/g8_paper_status.csv,unknown,,,,0,,,,,,No analyzable PAPER PDF selected; identity retained in full corpus inventory.,UNKNOWN,,,,,,,,CUMCM-2011-D-012,,NOT_ANALYZED,D,D,,,,,,,,True,1,2011年数学建模国赛真题+优秀论文/2011年优秀论文/2011D：天然肠衣搭配问题(1)/三级降二级降级22.lg4,primary,A314939E80B62D35C5721DE90E71FED13361086229C8FA64FA34AFAA1E61A025,A314939E80B62D35C5721DE90E71FED13361086229C8FA64FA34AFAA1E61A025,active,,,0,unknown,,,,,2026-08-18T00:06:15+08:00,,,2011
0,0,unknown,unknown,,,,2026-08-18T00:06:15+08:00,KaiTi;Times New Roman,1,1,0,0,1,0,FORMAL,COMPLETE,Q2,PAPER,0,1,296.6861111111111,841.0,catalog/papers.csv; catalog/paper_files.csv; catalog/scale/g8_paper_status.csv,unknown,True,0,0,1,,,,0,False,,PORTRAIT,14,,UNKNOWN,0,,,,CUMCM-2004-B-001,1.0,text_based,B,B,------------------------------------;Times-Roman;KaiTi,0,0,,,,,True,1,2004年数学建模国赛真题+优秀论文/2004优秀论文/2004B：电力市场输电阻塞管理模型(特等奖).pdf,primary,EF2F3C0652EE1718FA7D6ABE0F05FF2A0EC96721AA49459394137C05475BB1E8,EF2F3C0652EE1718FA7D6ABE0F05FF2A0EC96721AA49459394137C05475BB1E8,active,0,70,1,unknown,,,,,2026-08-18T00:06:15+08:00,209.90277777777777,595.0,2004
,,unknown,unknown,,,,2026-08-18T00:06:15+08:00,,0,0,,,0,,FORMAL,INELIGIBLE,,PROBLEM_PACKAGE,,,,,catalog/papers.csv; catalog/paper_files.csv; catalog/scale/g8_paper_status.csv,unknown,,,,0,,,,,,No analyzable PAPER PDF selected; identity retained in full corpus inventory.,UNKNOWN,,,,,,,,CUMCM-2002-D-001,,NOT_ANALYZED,D,D,,,,,,,,True,1,2002年数学建模国赛真题+优秀论文/2002年赛题/2002年国赛C、D题.doc,primary,57A4ACFA2B4570816DF332F0E134F64A754353D68DEBCAC34A982B4C6D4D9FB8,57A4ACFA2B4570816DF332F0E134F64A754353D68DEBCAC34A982B4C6D4D9FB8,active,,,0,unknown,,,,,2026-08-18T00:06:15+08:00,,,2002
0,0,unknown,unknown,,,,2026-08-18T00:06:15+08:00,KaiTi;SimSun/Song,1,0,0,0,1,0,FORMAL,Q3_MANUAL_REQUIRED,Q3,PAPER,0,1,412.3972222222222,1169.0,catalog/papers.csv; catalog/paper_files.csv; catalog/scale/g8_paper_status.csv,unknown,False,0,0,1,,,,0,False,font_or_text_layer_not_reliable,PORTRAIT,35,,UNKNOWN,0,"1,2,3,4,5,6,7,8,9,10,11,12,13,14,15,16,17,18,19,20,21,22,23,24,25,26,27,28,29,30,31,32,33,34,35",,,CUMCM-2019-B-001,0.8,image_based,B,B,------------------------------------;AdobeSongStd-Light;KaiTi,0,0,,,,,True,1,2019年数学建模国赛真题+优秀论文/2019年优秀论文/2019B：同心鼓最佳协作策略的研究.pdf,primary,546270B8EE62C744D1870D85717F9E0BCC13A5D5B38B282A918570A0D1669B19,546270B8EE62C744D1870D85717F9E0BCC13A5D5B38B282A918570A0D1669B19,active,0,175,1,unknown,,,,,2026-08-18T00:06:15+08:00,291.3944444444444,826.0,2019
0,0,unknown,unknown,,,,2026-08-18T00:06:15+08:00,KaiTi;Times New Roman,1,0,0,0,1,1,FORMAL,Q3_MANUAL_REQUIRED,Q3,PAPER,0,0,275.8722222222222,782.0,catalog/papers.csv; catalog/paper_files.csv; catalog/scale/g8_paper_status.csv,unknown,False,0,0,1,,,,0,False,font_or_text_layer_not_reliable,PORTRAIT,4,,UNKNOWN,0,"1,2,3,4",,,CUMCM-1996-A-004,0.8,image_based,A,A,------------------------------------;Times-Italic;KaiTi,0,0,,,,,True,1,1996年数学建模国赛真题+优秀论文/1996年国赛优秀论文/1996A：最优捕鱼策略.pdf,primary,F8951880E2DB4B2D1BFAC0CFF6C502795695EAAA2389FEBC870D5D0401662064,F8951880E2DB4B2D1BFAC0CFF6C502795695EAAA2389FEBC870D5D0401662064,active,0,20,1,unknown,,,,,2026-08-18T00:06:15+08:00,200.02499999999998,567.0,1996
0,0,unknown,unknown,70.73,70.73,70.73,2026-08-18T00:06:15+08:00,KaiTi;SimSun/Song,1,0,0,0,1,0,FORMAL,Q3_MANUAL_REQUIRED,Q3,PAPER,0,0,297.0388888888889,842.0,catalog/papers.csv; catalog/paper_files.csv; catalog/scale/g8_paper_status.csv,unknown,True,0,0,1,38.059,38.059,38.059,14,False,font_or_text_layer_not_reliable,PORTRAIT,15,,UNKNOWN,0,"1,2,3,4,5,6,7,8,9,10,11,12,13,14,15",,,CUMCM-2009-C-002,0.8,image_based,C,C,------------------------------------;SimSun;KaiTi,0,0,-64.586,-64.586,-64.586,,True,1,2009年数学建模国赛真题+优秀论文/2009年优秀论文/2009C：飞船的跟踪测控模型.pdf,primary,5A7232CA71D9A116DB318D5885593D9C3CA5C39F2072186D1FCCEB30F2D3389F,5A7232CA71D9A116DB318D5885593D9C3CA5C39F2072186D1FCCEB30F2D3389F,active,0,75,1,unknown,,126.838,126.838,126.838,2026-08-18T00:06:15+08:00,209.90277777777777,595.0,2009
0,0,unknown,unknown,,,,2026-08-18T00:06:15+08:00,KaiTi;Times New Roman,1,1,0,0,1,0,FORMAL,COMPLETE,Q2,PAPER,0,1,296.6861111111111,841.0,catalog/papers.csv; catalog/paper_files.csv; catalog/scale/g8_paper_status.csv,unknown,True,0,0,1,,,,0,False,,PORTRAIT,9,,UNKNOWN,0,,,,CUMCM-2003-A-003,1.0,text_based,A,A,------------------------------------;Times-Roman;KaiTi,0,0,,,,,True,1,2003年数学建模国赛真题+优秀论文/2003年优秀论文/2003A：非典数学模型的建立与分析.pdf,primary,449B791365B07B013DD19F36985266781C7A24942C0E1CF71757C74C8CEF04B3,449B791365B07B013DD19F36985266781C7A24942C0E1CF71757C74C8CEF04B3,active,0,45,1,unknown,,,,,2026-08-18T00:06:15+08:00,209.90277777777777,595.0,2003
0,0,unknown,unknown,70.73,70.73,70.73,2026-08-18T00:06:15+08:00,KaiTi;SimSun/Song,1,0,0,0,1,0,FORMAL,Q3_MANUAL_REQUIRED,Q3,PAPER,0,1,297.0388888888889,842.0,catalog/papers.csv; catalog/paper_files.csv; catalog/scale/g8_paper_status.csv,unknown,True,0,0,1,38.059,38.059,38.059,5,False,font_or_text_layer_not_reliable,PORTRAIT,6,,UNKNOWN,0,"1,2,3,4,5,6",,,CUMCM-2007-D-002,0.8,image_based,D,D,------------------------------------;AOMEPS+SimSun;SimSun;SimSun;KaiTi,0,0,-3.308,-3.308,-3.308,,True,1,2007年数学建模国赛真题+优秀论文/2007年优秀论文/2007D：《体能测试时间安排》.pdf,primary,E08A3E006E165657E5AFF8CD116D59042C76A000F0E0533AF7D6B6362C8D2B38,E08A3E006E165657E5AFF8CD116D59042C76A000F0E0533AF7D6B6362C8D2B38,active,0,54,1,unknown,http://www.madio.net | 数学中国www.madio.net,80.998,80.998,80.998,2026-08-18T00:06:15+08:00,209.90277777777777,595.0,2007
0,0,unknown,unknown,,,,2026-08-18T00:06:15+08:00,KaiTi;Times New Roman,1,1,0,0,1,0,FORMAL,COMPLETE,Q2,PAPER,0,1,296.6861111111111,841.0,catalog/papers.csv; catalog/paper_files.csv; catalog/scale/g8_paper_status.csv,unknown,True,0,0,1,,,,0,False,,PORTRAIT,10,,UNKNOWN,0,,,,CUMCM-2002-B-002,1.0,text_based,B,B,------------------------------------;Times-Roman;KaiTi,0,0,,,,,True,1,2002年数学建模国赛真题+优秀论文/2002年优秀论文/2002B：“彩票中的数学”问题的优化模型与评述.pdf,primary,1A469B56C54C92E4FC4A4E61A8AD08E19AB7905FFBC6E1B5D2E9A61848817E37,1A469B56C54C92E4FC4A4E61A8AD08E19AB7905FFBC6E1B5D2E9A61848817E37,active,0,50,1,unknown,,,,,2026-08-18T00:06:15+08:00,209.90277777777777,595.0,2002
1,1,unknown,unknown,18.295,18.295,18.295,2026-08-18T00:06:15+08:00,Arial;Cambria;KaiTi;SimHei;SimSun/Song;SymbolMT;Times New Roman,1,1,169,6,1,1,FORMAL,COMPLETE,Q2,PAPER,0,0,297.0388888888889,842.0,catalog/papers.csv; catalog/paper_files.csv; catalog/scale/g8_paper_status.csv,unknown,True,0,1,1,25.019,25.019,25.019,23,False,,PORTRAIT,24,,BOTTOM,1,,,,CUMCM-2008-B-003,1.0,text_based,B,B,------------------------------------;AILMME+SimSun;AILNFG+STKaiti;TimesNewRomanPS-BoldMT;TimesNewRomanPSMT;SimSun;KaiTi;AILNME+SimHei;TimesNewRomanPS-ItalicMT;AIMAJG+SymbolMT;AIMENB+Cambria;ArialMT;Arial-BoldMT,63,1,-64.609,-64.609,-64.609,,True,1,2008年数学建模国赛真题+优秀论文/2008年优秀论文/2008B：《高等教育学费标准探讨》 (4).pdf,primary,E43FAB23BC6AAC56C295E35DB086D97EC060B4570109AF7432221CAC9D614E8C,E43FAB23BC6AAC56C295E35DB086D97EC060B4570109AF7432221CAC9D614E8C,active,12,1883,1,unknown,,25.965,25.04,27.347,2026-08-18T00:06:15+08:00,209.98038888888888,595.22,2008
0,0,unknown,unknown,16.581,16.439,17.992,2026-08-18T00:06:15+08:00,KaiTi;SimSun/Song;Syntax;Times New Roman;cajcd-fntaa;cajcd-fntbd;cajcd-fntlt,1,1,558,0,1,1,FORMAL,COMPLETE,Q2,PAPER,0,1,248.70833333333334,705.0,catalog/papers.csv; catalog/paper_files.csv; catalog/scale/g8_paper_status.csv,unknown,False,0,0,1,12.594,12.347,12.806,5,False,,PORTRAIT,6,,BOTTOM,1,,,,CUMCM-2000-B-003,1.0,text_based,B,B,------------------------------------;STSong-Light;Times-Roman;cajcd-fntaa;Times-Bold;KaiTi;Times-Italic;cajcd-fntbd;cajcd-fntlt;Syntax;Syntax;Syntax;Syntax;Syntax;Syntax;Syntax;Syntax;Syntax;Syntax;Syntax;Syntax;Syntax;Syntax;Syntax;Syntax;Syntax;Syntax;Syntax;Syntax;Syntax;Syntax;Syntax;Syntax;Syntax;Syntax;Syntax;Syntax;Syntax;Syntax;Syntax;Syntax;Syntax;Syntax;Syntax;Syntax;Syntax;Syntax;Syntax;Syntax;Syntax;Syntax;Syntax;Syntax;Syntax;Syntax;Syntax;Syntax;Syntax;Syntax;Syntax;Syntax;Syntax;Syntax;Syntax;Syntax;Syntax;Syntax;Syntax;Syntax;Syntax;Syntax;Syntax;Syntax;Syntax;Syntax;Syntax;Syntax;Syntax;Syntax;Syntax;Syntax;Syntax;Syntax;Syntax;Syntax;Syntax;Syntax;Syntax;Syntax;Syntax;Syntax;Syntax;Syntax;Syntax;Syntax;Syntax;Syntax;Syntax;Syntax;Syntax;Syntax;Syntax;Syntax;Syntax;Syntax;Syntax;Syntax;Syntax;Syntax;Syntax;Syntax;Syntax;Syntax;Syntax;Syntax;Syntax;Syntax;Syntax;Syntax;Syntax;Syntax;Syntax;Syntax;Syntax;Syntax;Syntax;Syntax;Syntax;Syntax;Syntax;Syntax;Syntax;Syntax;Syntax;Syntax;Syntax;Syntax;Syntax;Syntax;Syntax;Syntax;Syntax;Syntax;Syntax;Syntax;Syntax;Syntax;Syntax;Syntax;Syntax;Syntax;Syntax;Syntax;Syntax;Syntax;Syntax;Syntax;Syntax;Syntax;Syntax;Syntax;Syntax;Syntax;Syntax;Syntax;Syntax;Syntax;Syntax;Syntax;Syntax;Syntax;Syntax;Syntax;Syntax;Syntax;Syntax;Syntax;Syntax;Syntax;Syntax;Syntax;Syntax;Syntax;Syntax;Syntax;Syntax;Syntax;Syntax;Syntax;Syntax;Syntax;Syntax;Syntax;Syntax;Syntax;Syntax;Syntax;Syntax;Syntax;Syntax;Syntax;Syntax;Syntax;Syntax;Syntax;Syntax;Syntax;Syntax;Syntax;Syntax;Syntax;Syntax;Syntax;Syntax;Syntax;Syntax;Syntax;Syntax;Syntax;Syntax;Syntax;Syntax;Syntax;Syntax;Syntax;Syntax;Syntax;Syntax;Syntax;Syntax;Syntax;Syntax;Syntax;Syntax;Syntax;Syntax;Syntax;Syntax;Syntax;Syntax;Syntax;Syntax;Syntax;Syntax;Syntax;Syntax;Syntax;Syntax;Syntax;Syntax;Syntax;Syntax;Syntax;Syntax;Syntax;Syntax;Syntax;Syntax;Syntax;Syntax;Syntax;Syntax;Syntax;Syntax;Syntax;Syntax;Syntax;Syntax;Syntax;Syntax;Syntax;Syntax;Syntax;Syntax;Syntax;Syntax;Syntax;Syntax;Syntax;Syntax;Syntax;Syntax;Syntax;Syntax;Syntax;Syntax;Syntax;Syntax;Syntax;Syntax;Syntax;Syntax;Syntax;Syntax;Syntax;Syntax;Syntax;Syntax;Syntax;Syntax;Syntax;Syntax;Syntax;Syntax;Syntax;Syntax;Syntax;Syntax;Syntax;Syntax;Syntax;Syntax;Syntax;Syntax;Syntax;Syntax;Syntax;Syntax;Syntax;Syntax;Syntax;Syntax;Syntax;Syntax;Syntax;Syntax;Syntax;Syntax;Syntax;Syntax;Syntax;Syntax;Syntax;Syntax;Syntax;Syntax;Syntax;Syntax;Syntax;Syntax;Syntax;Syntax;Syntax;Syntax;Syntax;Syntax;Syntax;Syntax;Syntax;Syntax;Syntax;Syntax;Syntax;Syntax;Syntax;Syntax;Syntax;Syntax;Syntax;Syntax;Syntax;Syntax;Syntax;Syntax;Syntax;Syntax;Syntax;Syntax;Syntax;Syntax;Syntax;Syntax;Syntax;Syntax;Syntax;Syntax;Syntax;Syntax;Syntax;Syntax;Syntax;Syntax;Syntax;Syntax;Syntax;Syntax;Syntax;Syntax;Syntax;Syntax;Syntax;Syntax;Syntax;Syntax;Syntax;Syntax;Syntax;Syntax;Syntax;Syntax;Syntax;Syntax;Syntax;Syntax;Syntax;Syntax;Syntax;Syntax;Syntax;Syntax;Syntax;Syntax;Syntax;Syntax;Syntax;Syntax;Syntax;Syntax;Syntax;Syntax;Syntax;Syntax;Syntax;Syntax;Syntax;Syntax;Syntax;Syntax;Syntax;Syntax;Syntax;Syntax;Syntax;Syntax;Syntax;Syntax;Syntax;Syntax;Syntax;Syntax;Syntax;Syntax;Syntax;Syntax;Syntax;Syntax;Syntax;Syntax;Syntax;Syntax;Syntax;Syntax;Syntax;Syntax;Syntax;Syntax;Syntax;Syntax;Syntax;Syntax;Syntax;Syntax;Syntax;Syntax;Syntax;Syntax;Syntax;Syntax;Syntax;Syntax;Syntax;Syntax;Syntax;Syntax;Syntax;Syntax;Syntax;Syntax;Syntax;Syntax;Syntax;Syntax;Syntax;Syntax;Syntax;Syntax;Syntax;Syntax;Syntax;Syntax;Syntax;Syntax;Syntax;Syntax;Syntax;Syntax;Syntax;Syntax;Syntax;Syntax;Syntax;Syntax;Syntax;Syntax;Syntax;Syntax;Syntax;Syntax;Syntax;Syntax;Syntax;Syntax;Syntax;Syntax;Syntax;Syntax;Syntax;Syntax;Syntax;Syntax;Syntax;Syntax;Syntax;Syntax;Syntax;Syntax;Syntax;Syntax;Syntax;Syntax;Syntax;Syntax;Syntax;Syntax;Syntax;Syntax;Syntax;Syntax;Syntax;Syntax;Syntax;Syntax;Syntax;Syntax;Syntax;Syntax;Syntax;Syntax;Syntax;Syntax;Syntax;Syntax;Syntax;Syntax;Syntax;Syntax;Syntax;Syntax;Syntax;Syntax;Syntax;Syntax;Syntax;Syntax;Syntax;Syntax;Syntax;Syntax;Syntax;Syntax;Syntax;Syntax;Syntax;Syntax;Syntax;Syntax;Syntax;Syntax;Syntax;Syntax;Syntax;Syntax;Syntax;Syntax;Syntax;Syntax;Syntax;Syntax;Syntax;Syntax;Syntax;Syntax;Syntax;Syntax;Syntax;Syntax;Syntax;Syntax;Syntax;Syntax;Syntax;Syntax;Syntax;Syntax;Syntax;Syntax;Syntax;Syntax;Syntax;Syntax;Syntax;Syntax;Syntax;Syntax;Syntax;Syntax;Syntax;Syntax;Syntax;Syntax;Syntax;Syntax;Syntax;Syntax;Syntax;Syntax;Syntax;Syntax;Syntax;Syntax;Syntax;Syntax;Syntax;Syntax;Syntax;Syntax;Syntax;Syntax;Syntax;Syntax;Syntax;Syntax;Syntax;Syntax;Syntax;Syntax;Syntax;Syntax;Syntax;Syntax;Syntax;Syntax;Syntax;Syntax;Syntax;Syntax;Syntax;Syntax;Syntax;Syntax;Syntax;Syntax;Syntax;Syntax;Syntax;Syntax;Syntax;Syntax;Syntax;Syntax;Syntax;Syntax;Syntax;Syntax;Syntax;Syntax;Syntax;Syntax;Syntax;Syntax;Syntax;Syntax;Syntax;Syntax;Syntax;Syntax;Syntax;Syntax;Syntax;Syntax;Syntax;Syntax;Syntax;Syntax;Syntax;Syntax;Syntax;Syntax;Syntax;Syntax;Syntax;Syntax;Syntax;Syntax;Syntax;Syntax;Syntax;Syntax;Syntax;Syntax;Syntax;Syntax;Syntax;Syntax;Syntax;Syntax;Syntax;Syntax;Syntax;Syntax;Syntax;Syntax;Syntax;Syntax;Syntax;Syntax;Syntax;Syntax;Syntax;Syntax;Syntax;Syntax;Syntax;Syntax;Syntax;Syntax;Syntax;Syntax;Syntax;Syntax;Syntax;Syntax;Syntax;Syntax;Syntax;Syntax;Syntax;Syntax;Syntax;Syntax;Syntax;Syntax;Syntax;Syntax;Syntax;Syntax;Syntax;Syntax;Syntax;Syntax;Syntax;Syntax;Syntax;Syntax;Syntax;Syntax;Syntax;Syntax;Syntax;Syntax;Syntax;Syntax;Syntax;Syntax;Syntax;Syntax;Syntax;Syntax;Syntax;Syntax;Syntax;Syntax;Syntax;Syntax;Syntax;Syntax;Syntax;Syntax;Syntax;Syntax;Syntax;Syntax;Syntax;Syntax;Syntax;Syntax;Syntax;Syntax;Syntax;Syntax;Syntax;Syntax;Syntax;Syntax;Syntax;Syntax;Syntax;Syntax;Syntax;Syntax;Syntax;Syntax;Syntax;Syntax;Syntax;Syntax;Syntax;Syntax;Syntax;Syntax;Syntax;Syntax;Syntax;Syntax;Syntax;Syntax;Syntax;Syntax;Syntax;Syntax;Syntax;Syntax;Syntax;Syntax;Syntax;Syntax;Syntax;Syntax;Syntax;Syntax;Syntax;Syntax;Syntax;Syntax;Syntax;Syntax;Syntax;Syntax;Syntax;Syntax;Syntax;Syntax;Syntax;Syntax;Syntax;Syntax;Syntax;Syntax;Syntax;Syntax;Syntax;Syntax;Syntax;Syntax;Syntax;Syntax;Syntax;Syntax;Syntax;Syntax;Syntax;Syntax;Syntax;Syntax;Syntax;Syntax;Syntax;Syntax;Syntax;Syntax;Syntax;Syntax;Syntax;Syntax;Syntax;Syntax;Syntax;Syntax;Syntax;Syntax;Syntax;Syntax;Syntax;Syntax;Syntax;Syntax;Syntax;Syntax;Syntax;Syntax;Syntax;Syntax;Syntax;Syntax;Syntax;Syntax;Syntax;Syntax;Syntax;Syntax;Syntax;Syntax;Syntax;Syntax;Syntax;Syntax;Syntax;Syntax;Syntax;Syntax;Syntax;Syntax;Syntax;Syntax;Syntax;Syntax;Syntax;Syntax;Syntax;Syntax;Syntax;Syntax;Syntax;Syntax;Syntax;Syntax;Syntax;Syntax;Syntax;Syntax;Syntax;Syntax;Syntax;Syntax;Syntax;Syntax;Syntax;Syntax;Syntax;Syntax;Syntax;Syntax;Syntax;Syntax;Syntax;Syntax;Syntax;Syntax;Syntax;Syntax;Syntax;Syntax;Syntax;Syntax;Syntax;Syntax;Syntax;Syntax;Syntax;Syntax;Syntax;Syntax;Syntax;Syntax;Syntax;Syntax;Syntax;Syntax;Syntax;Syntax;Syntax;Syntax;Syntax;Syntax;Syntax;Syntax;Syntax;Syntax;Syntax;Syntax;Syntax;Syntax;Syntax;Syntax;Syntax;Syntax;Syntax;Syntax;Syntax;Syntax;Syntax;Syntax;Syntax;Syntax;Syntax;Syntax;Syntax;Syntax;Syntax;Syntax;Syntax;Syntax;Syntax;Syntax;Syntax;Syntax;Syntax;Syntax;Syntax;Syntax;Syntax;Syntax;Syntax;Syntax;Syntax;Syntax;Syntax;Syntax;Syntax;Syntax;Syntax;Syntax;Syntax;Syntax;Syntax;Syntax;Syntax;Syntax;Syntax;Syntax;Syntax;Syntax;Syntax;Syntax;Syntax;Syntax;Syntax;Syntax;Syntax;Syntax;Syntax;Syntax;Syntax;Syntax;Syntax;Syntax;Syntax;Syntax;Syntax;Syntax;Syntax;Syntax;Syntax;Syntax;Syntax;Syntax;Syntax;Syntax;Syntax;Syntax;Syntax;Syntax;Syntax;Syntax;Syntax;Syntax;Syntax;Syntax;Syntax;Syntax;Syntax;Syntax;Syntax;Syntax;Syntax;Syntax;Syntax;Syntax;Syntax;Syntax;Syntax;Syntax;Syntax,24,0,10.125,10.125,10.16,,True,1,2000年数学建模国赛真题+优秀论文/2000年国赛优秀论文/2000B：一类运输问题的建模.pdf,primary,AF422606A8FB74F50D39DECF7C7E6525E86C93BAE396787BAFDAAD0137986B8B,AF422606A8FB74F50D39DECF7C7E6525E86C93BAE396787BAFDAAD0137986B8B,active,0,1434,1,unknown,M A TH EM A T ICSINPRA CT ICE ANDTH EO R Y | The O rder and Tran sporta tion of P ipel ines,14.146,14.146,14.146,2026-08-18T00:06:15+08:00,167.56944444444446,475.0,2000
0,0,unknown,unknown,,,,2026-08-18T00:06:15+08:00,KaiTi,1,0,0,0,1,0,FORMAL,Q3_MANUAL_REQUIRED,Q3,PAPER,0,0,281.1638888888889,797.0,catalog/papers.csv; catalog/paper_files.csv; catalog/scale/g8_paper_status.csv,unknown,False,0,0,1,,,,0,False,font_or_text_layer_not_reliable,PORTRAIT,8,,UNKNOWN,0,"1,2,3,4,5,6,7,8",,,CUMCM-2004-B-002,0.8,image_based,B,B,------------------------------------;KaiTi,0,0,,,,,True,1,2004年数学建模国赛真题+优秀论文/2004优秀论文/2004B：电力市场的输电阻塞优化管理.pdf,primary,7AE127E4764789ECB6255E742A98DD06E26B6E4BD7248466FDD02A6A52159C53,7AE127E4764789ECB6255E742A98DD06E26B6E4BD7248466FDD02A6A52159C53,active,0,42,1,unknown,,,,,2026-08-18T00:06:15+08:00,199.67222222222222,566.0,2004
1,1,unknown,unknown,18.295,18.295,18.295,2026-08-18T00:06:15+08:00,Arial;KaiTi;SimHei;SimSun/Song;SymbolMT;Tahoma;Times New Roman,1,1,853,11,1,1,FORMAL,COMPLETE,Q2,PAPER,0,0,297.0388888888889,842.0,catalog/papers.csv; catalog/paper_files.csv; catalog/scale/g8_paper_status.csv,unknown,True,0,1,1,31.708,31.707,31.708,40,False,,PORTRAIT,41,,BOTTOM,1,,,,CUMCM-2008-B-004,1.0,text_based,B,B,------------------------------------;GKAHBA+SimSun;GKAHIN+STKaiti;TimesNewRomanPS-BoldMT;TimesNewRomanPSMT;SimSun;KaiTi;GKAIBB+SimHei;Arial-BoldMT;TimesNewRomanPS-ItalicMT;GKAMMH+SymbolMT;Tahoma,58,1,-64.609,-64.609,-64.609,,True,1,2008年数学建模国赛真题+优秀论文/2008年优秀论文/2008B：《高等教育学费标准的探讨》.pdf,primary,E6F3372C6239AC933B750CB4A0B04F8F0ABAF1F922DC0A02E712FE431A2994A8,E6F3372C6239AC933B750CB4A0B04F8F0ABAF1F922DC0A02E712FE431A2994A8,active,10,3722,1,unknown,件、网上咨询等）与队外的任何人（包括指导教师）研究、讨论与赛题有关的问,25.421,25.417,28.817,2026-08-18T00:06:15+08:00,209.98038888888888,595.22,2008
,,unknown,unknown,,,,2026-08-18T00:06:15+08:00,,0,0,,,0,,FORMAL,INELIGIBLE,,PROBLEM_PACKAGE,,,,,catalog/papers.csv; catalog/paper_files.csv; catalog/scale/g8_paper_status.csv,unknown,,,,0,,,,,,No analyzable PAPER PDF selected; identity retained in full corpus inventory.,UNKNOWN,,,,,,,,CUMCM-2020-D-002,,NOT_ANALYZED,D,D,,,,,,,,True,1,2020年数学建模国赛真题+优秀论文/2020年赛题/2020年国赛D题.docx,primary,45463E4F8EC6B5E66172F7D09205E5E82F930E288DA22AB56DFA54B9260C2F93,45463E4F8EC6B5E66172F7D09205E5E82F930E288DA22AB56DFA54B9260C2F93,active,,,0,unknown,,,,,2026-08-18T00:06:15+08:00,,,2020
,,unknown,unknown,,,,2026-08-18T00:06:15+08:00,,0,0,,,0,,FORMAL,COMPLETE,UNKNOWN,PAPER,,,,,catalog/papers.csv; catalog/paper_files.csv; catalog/scale/g8_paper_status.csv,unknown,,,,0,,,,,,No analyzable PAPER PDF selected; identity retained in full corpus inventory.,UNKNOWN,,,,,,,,CUMCM-2011-D-013,,NOT_ANALYZED,D,D,,,,,,,,True,1,2011年数学建模国赛真题+优秀论文/2011年优秀论文/2011D：天然肠衣搭配问题 (2).doc,primary,2D19468524DDDBEF409012F393460A92B0A9F24CFC01906F63720C13731BE66A,2D19468524DDDBEF409012F393460A92B0A9F24CFC01906F63720C13731BE66A,active,,,0,unknown,,,,,2026-08-18T00:06:15+08:00,,,2011
,,unknown,unknown,,,,2026-08-18T00:06:15+08:00,,0,0,,,0,,FORMAL,INELIGIBLE,,SUPPORTING_MATERIAL,,,,,catalog/papers.csv; catalog/paper_files.csv; catalog/scale/g8_paper_status.csv,unknown,,,,0,,,,,,No analyzable PAPER PDF selected; identity retained in full corpus inventory.,UNKNOWN,,,,,,,,CUMCM-2011-D-014,,NOT_ANALYZED,D,D,,,,,,,,True,1,2011年数学建模国赛真题+优秀论文/2011年优秀论文/2011D：天然肠衣搭配问题(1)/方案1规格2.lg4,primary,B04B0B102553BBE4400545DD99A922603CEF92214717D9313787FA4D95094931,B04B0B102553BBE4400545DD99A922603CEF92214717D9313787FA4D95094931,active,,,0,unknown,,,,,2026-08-18T00:06:15+08:00,,,2011
0,0,unknown,unknown,,,,2026-08-18T00:06:15+08:00,Times New Roman,1,1,0,0,1,0,FORMAL,COMPLETE,Q2,PAPER,0,1,259.9266666666666,736.8,catalog/papers.csv; catalog/paper_files.csv; catalog/scale/g8_paper_status.csv,unknown,False,0,0,1,,,,0,False,,PORTRAIT,7,,UNKNOWN,0,,,,CUMCM-2005-B-004,0.86,text_based,B,B,------------------------------------;Times-Roman,0,0,,,,,True,1,2005年数学建模国赛真题+优秀论文/2005年国赛优秀论文/2005B：DVD在线租赁问题.pdf,primary,23D1D011AAA360A297302090DF300AEF2165AD4EE9739F759D1B8CB63146E0C2,23D1D011AAA360A297302090DF300AEF2165AD4EE9739F759D1B8CB63146E0C2,active,0,28,1,unknown,,,,,2026-08-18T00:06:15+08:00,200.4906666666667,568.32,2005
0,0,unknown,unknown,,,,2026-08-18T00:06:15+08:00,KaiTi,1,0,0,0,1,0,FORMAL,Q3_MANUAL_REQUIRED,Q3,PAPER,0,0,278.34166666666664,789.0,catalog/papers.csv; catalog/paper_files.csv; catalog/scale/g8_paper_status.csv,unknown,False,0,0,1,,,,0,False,font_or_text_layer_not_reliable,PORTRAIT,5,,UNKNOWN,0,"1,2,3,4,5",,,CUMCM-1997-A-002,0.8,image_based,A,A,------------------------------------;KaiTi,0,0,,,,,True,1,1997年数学建模国赛真题+优秀论文/1997年国赛优秀论文/1997A：零件参数的优化设计.pdf,primary,A1A6EC9F87ED4C00F03E091CD6B6069DBBE09F7B039ECB2A7223EE0D3F981265,A1A6EC9F87ED4C00F03E091CD6B6069DBBE09F7B039ECB2A7223EE0D3F981265,active,0,20,1,unknown,,,,,2026-08-18T00:06:15+08:00,206.0222222222222,584.0,1997
0,0,unknown,unknown,70.73,70.73,70.73,2026-08-18T00:06:15+08:00,KaiTi;SimSun/Song,1,0,0,0,1,0,FORMAL,Q3_MANUAL_REQUIRED,Q3,PAPER,0,0,297.0388888888889,842.0,catalog/papers.csv; catalog/paper_files.csv; catalog/scale/g8_paper_status.csv,unknown,True,0,0,1,38.059,38.059,38.059,6,False,font_or_text_layer_not_reliable,PORTRAIT,7,,UNKNOWN,0,"1,2,3,4,5,6,7",,,CUMCM-2007-C-002,0.8,image_based,C,C,------------------------------------;SimSun;SimSun;KaiTi,0,0,-3.308,-3.308,-3.308,,True,1,2007年数学建模国赛真题+优秀论文/2007年优秀论文/2007C：《手机套餐资费问题的评价与优化设计模型》.pdf,primary,9E7C750F98C9CC2B2E6B98AAE3B5C60B637B3968B34AEF98D12D6FA74ADED657,9E7C750F98C9CC2B2E6B98AAE3B5C60B637B3968B34AEF98D12D6FA74ADED657,active,0,56,1,unknown,http://www.madio.net,80.998,80.998,80.998,2026-08-18T00:06:15+08:00,209.90277777777777,595.0,2007
0,0,unknown,unknown,16.334,16.184,17.171,2026-08-18T00:06:15+08:00,KaiTi;SimSun/Song;Syntax;Times New Roman;cajcd-fntaa;cajcd-fntbd;cajcd-fntlt,1,1,688,0,1,1,FORMAL,COMPLETE,Q2,PAPER,0,1,248.70833333333334,705.0,catalog/papers.csv; catalog/paper_files.csv; catalog/scale/g8_paper_status.csv,unknown,False,0,0,1,12.841,12.841,12.894,6,False,,PORTRAIT,7,,TOP,1,,,,CUMCM-1999-B-001,1.0,text_based,B,B,------------------------------------;STSong-Light;Times-Roman;cajcd-fntaa;Times-Italic;Times-Bold;cajcd-fntbd;KaiTi;cajcd-fntlt;Syntax;Syntax;Syntax;Syntax;Syntax;Syntax;Syntax;Syntax;Syntax;Syntax;Syntax;Syntax;Syntax;Syntax;Syntax;Syntax;Syntax;Syntax;Syntax;Syntax;Syntax;Syntax;Syntax;Syntax;Syntax;Syntax;Syntax;Syntax;Syntax;Syntax;Syntax;Syntax;Syntax;Syntax;Syntax;Syntax;Syntax;Syntax;Syntax;Syntax;Syntax;Syntax;Syntax;Syntax;Syntax;Syntax;Syntax;Syntax;Syntax;Syntax;Syntax;Syntax;Syntax;Syntax;Syntax;Syntax;Syntax;Syntax;Syntax;Syntax;Syntax;Syntax;Syntax;Syntax;Syntax;Syntax;Syntax;Syntax;Syntax;Syntax;Syntax;Syntax;Syntax;Syntax;Syntax;Syntax;Syntax;Syntax;Syntax;Syntax;Syntax;Syntax;Syntax;Syntax;Syntax;Syntax;Syntax;Syntax;Syntax;Syntax;Syntax;Syntax;Syntax;Syntax;Syntax;Syntax;Syntax;Syntax;Syntax;Syntax;Syntax;Syntax;Syntax;Syntax;Syntax;Syntax;Syntax;Syntax;Syntax;Syntax;Syntax;Syntax;Syntax;Syntax;Syntax;Syntax;Syntax;Syntax;Syntax;Syntax;Syntax;Syntax;Syntax;Syntax;Syntax;Syntax;Syntax;Syntax;Syntax;Syntax;Syntax;Syntax;Syntax;Syntax;Syntax;Syntax;Syntax;Syntax;Syntax;Syntax;Syntax;Syntax;Syntax;Syntax;Syntax;Syntax;Syntax;Syntax;Syntax;Syntax;Syntax;Syntax;Syntax;Syntax;Syntax;Syntax;Syntax;Syntax;Syntax;Syntax;Syntax;Syntax;Syntax;Syntax;Syntax;Syntax;Syntax;Syntax;Syntax;Syntax;Syntax;Syntax;Syntax;Syntax;Syntax;Syntax;Syntax;Syntax;Syntax;Syntax;Syntax;Syntax;Syntax;Syntax;Syntax;Syntax;Syntax;Syntax;Syntax;Syntax;Syntax;Syntax;Syntax;Syntax;Syntax;Syntax;Syntax;Syntax;Syntax;Syntax;Syntax;Syntax;Syntax;Syntax;Syntax;Syntax;Syntax;Syntax;Syntax;Syntax;Syntax;Syntax;Syntax;Syntax;Syntax;Syntax;Syntax;Syntax;Syntax;Syntax;Syntax;Syntax;Syntax;Syntax;Syntax;Syntax;Syntax;Syntax;Syntax;Syntax;Syntax;Syntax;Syntax;Syntax;Syntax;Syntax;Syntax;Syntax;Syntax;Syntax;Syntax;Syntax;Syntax;Syntax;Syntax;Syntax;Syntax;Syntax;Syntax;Syntax;Syntax;Syntax;Syntax;Syntax;Syntax;Syntax;Syntax;Syntax;Syntax;Syntax;Syntax;Syntax;Syntax;Syntax;Syntax;Syntax;Syntax;Syntax;Syntax;Syntax;Syntax;Syntax;Syntax;Syntax;Syntax;Syntax;Syntax;Syntax;Syntax;Syntax;Syntax;Syntax;Syntax;Syntax;Syntax;Syntax;Syntax;Syntax;Syntax;Syntax;Syntax;Syntax;Syntax;Syntax;Syntax;Syntax;Syntax;Syntax;Syntax;Syntax;Syntax;Syntax;Syntax;Syntax;Syntax;Syntax;Syntax;Syntax;Syntax;Syntax;Syntax;Syntax;Syntax;Syntax;Syntax;Syntax;Syntax;Syntax;Syntax;Syntax;Syntax;Syntax;Syntax;Syntax;Syntax;Syntax;Syntax;Syntax;Syntax;Syntax;Syntax;Syntax;Syntax;Syntax;Syntax;Syntax;Syntax;Syntax;Syntax;Syntax;Syntax;Syntax;Syntax;Syntax;Syntax;Syntax;Syntax;Syntax;Syntax;Syntax;Syntax;Syntax;Syntax;Syntax;Syntax;Syntax;Syntax;Syntax;Syntax;Syntax;Syntax;Syntax;Syntax;Syntax;Syntax;Syntax;Syntax;Syntax;Syntax;Syntax;Syntax;Syntax;Syntax;Syntax;Syntax;Syntax;Syntax;Syntax;Syntax;Syntax;Syntax;Syntax;Syntax;Syntax;Syntax;Syntax;Syntax;Syntax;Syntax;Syntax;Syntax;Syntax;Syntax;Syntax;Syntax;Syntax;Syntax;Syntax;Syntax;Syntax;Syntax;Syntax;Syntax;Syntax;Syntax;Syntax;Syntax;Syntax;Syntax;Syntax;Syntax;Syntax;Syntax;Syntax;Syntax;Syntax;Syntax;Syntax;Syntax;Syntax;Syntax;Syntax;Syntax;Syntax;Syntax;Syntax;Syntax;Syntax;Syntax;Syntax;Syntax;Syntax;Syntax;Syntax;Syntax;Syntax;Syntax;Syntax;Syntax;Syntax;Syntax;Syntax;Syntax;Syntax;Syntax;Syntax;Syntax;Syntax;Syntax;Syntax;Syntax;Syntax;Syntax;Syntax;Syntax;Syntax;Syntax;Syntax;Syntax;Syntax;Syntax;Syntax;Syntax;Syntax;Syntax;Syntax;Syntax;Syntax;Syntax;Syntax;Syntax;Syntax;Syntax;Syntax;Syntax;Syntax;Syntax;Syntax;Syntax;Syntax;Syntax;Syntax;Syntax;Syntax;Syntax;Syntax;Syntax;Syntax;Syntax;Syntax;Syntax;Syntax;Syntax;Syntax;Syntax;Syntax;Syntax;Syntax;Syntax;Syntax;Syntax;Syntax;Syntax;Syntax;Syntax;Syntax;Syntax;Syntax;Syntax;Syntax;Syntax;Syntax;Syntax;Syntax;Syntax;Syntax;Syntax;Syntax;Syntax;Syntax;Syntax;Syntax;Syntax;Syntax;Syntax;Syntax;Syntax;Syntax;Syntax;Syntax;Syntax;Syntax;Syntax;Syntax;Syntax;Syntax;Syntax;Syntax;Syntax;Syntax;Syntax;Syntax;Syntax;Syntax;Syntax;Syntax;Syntax;Syntax;Syntax;Syntax;Syntax;Syntax;Syntax;Syntax;Syntax;Syntax;Syntax;Syntax;Syntax;Syntax;Syntax;Syntax;Syntax;Syntax;Syntax;Syntax;Syntax;Syntax;Syntax;Syntax;Syntax;Syntax;Syntax;Syntax;Syntax;Syntax;Syntax;Syntax;Syntax;Syntax;Syntax;Syntax;Syntax;Syntax;Syntax;Syntax;Syntax;Syntax;Syntax;Syntax;Syntax;Syntax;Syntax;Syntax;Syntax;Syntax;Syntax;Syntax;Syntax;Syntax;Syntax;Syntax;Syntax;Syntax;Syntax;Syntax;Syntax;Syntax;Syntax;Syntax;Syntax;Syntax;Syntax;Syntax;Syntax;Syntax;Syntax;Syntax;Syntax;Syntax;Syntax;Syntax;Syntax;Syntax;Syntax;Syntax;Syntax;Syntax;Syntax;Syntax;Syntax;Syntax;Syntax;Syntax;Syntax;Syntax;Syntax;Syntax;Syntax;Syntax;Syntax;Syntax;Syntax;Syntax;Syntax;Syntax;Syntax;Syntax;Syntax;Syntax;Syntax;Syntax;Syntax;Syntax;Syntax;Syntax;Syntax;Syntax;Syntax;Syntax;Syntax;Syntax;Syntax;Syntax;Syntax;Syntax;Syntax;Syntax;Syntax;Syntax;Syntax;Syntax;Syntax;Syntax;Syntax;Syntax;Syntax;Syntax;Syntax;Syntax;Syntax;Syntax;Syntax;Syntax;Syntax;Syntax;Syntax;Syntax;Syntax;Syntax;Syntax;Syntax;Syntax;Syntax;Syntax;Syntax;Syntax;Syntax;Syntax;Syntax;Syntax;Syntax;Syntax;Syntax;Syntax;Syntax;Syntax;Syntax;Syntax;Syntax;Syntax;Syntax;Syntax;Syntax;Syntax;Syntax;Syntax;Syntax;Syntax;Syntax;Syntax;Syntax;Syntax;Syntax;Syntax;Syntax;Syntax;Syntax;Syntax;Syntax;Syntax;Syntax;Syntax;Syntax;Syntax;Syntax;Syntax;Syntax;Syntax;Syntax;Syntax;Syntax;Syntax;Syntax;Syntax;Syntax;Syntax;Syntax;Syntax;Syntax;Syntax;Syntax;Syntax;Syntax;Syntax;Syntax;Syntax;Syntax;Syntax;Syntax;Syntax;Syntax;Syntax;Syntax;Syntax;Syntax;Syntax;Syntax;Syntax;Syntax;Syntax;Syntax;Syntax;Syntax;Syntax;Syntax;Syntax;Syntax;Syntax;Syntax;Syntax;Syntax;Syntax;Syntax;Syntax;Syntax;Syntax;Syntax;Syntax;Syntax;Syntax;Syntax;Syntax;Syntax;Syntax;Syntax;Syntax;Syntax;Syntax;Syntax;Syntax;Syntax;Syntax;Syntax;Syntax;Syntax;Syntax;Syntax;Syntax;Syntax;Syntax;Syntax;Syntax;Syntax;Syntax;Syntax;Syntax;Syntax;Syntax;Syntax;Syntax;Syntax;Syntax;Syntax;Syntax;Syntax;Syntax;Syntax;Syntax;Syntax;Syntax;Syntax;Syntax;Syntax;Syntax;Syntax;Syntax;Syntax;Syntax;Syntax;Syntax;Syntax;Syntax;Syntax;Syntax;Syntax;Syntax;Syntax;Syntax;Syntax;Syntax;Syntax;Syntax;Syntax;Syntax;Syntax;Syntax;Syntax;Syntax;Syntax;Syntax;Syntax;Syntax;Syntax;Syntax;Syntax;Syntax;Syntax;Syntax;Syntax;Syntax;Syntax;Syntax;Syntax;Syntax;Syntax;Syntax;Syntax;Syntax;Syntax;Syntax;Syntax;Syntax;Syntax;Syntax;Syntax;Syntax;Syntax;Syntax;Syntax;Syntax;Syntax;Syntax;Syntax;Syntax;Syntax;Syntax;Syntax;Syntax;Syntax;Syntax;Syntax;Syntax;Syntax;Syntax;Syntax;Syntax;Syntax;Syntax;Syntax;Syntax;Syntax;Syntax;Syntax;Syntax;Syntax;Syntax;Syntax;Syntax;Syntax;Syntax;Syntax;Syntax;Syntax;Syntax;Syntax;Syntax;Syntax;Syntax;Syntax;Syntax;Syntax;Syntax;Syntax;Syntax;Syntax;Syntax;Syntax;Syntax;Syntax;Syntax;Syntax;Syntax;Syntax;Syntax;Syntax;Syntax;Syntax;Syntax;Syntax;Syntax;Syntax;Syntax;Syntax;Syntax;Syntax;Syntax;Syntax;Syntax;Syntax;Syntax;Syntax;Syntax;Syntax;Syntax;Syntax;Syntax;Syntax;Syntax;Syntax;Syntax;Syntax;Syntax;Syntax;Syntax;Syntax;Syntax;Syntax;Syntax;Syntax;Syntax;Syntax;Syntax;Syntax;Syntax;Syntax;Syntax;Syntax;Syntax;Syntax;Syntax;Syntax;Syntax;Syntax;Syntax;Syntax;Syntax;Syntax;Syntax;Syntax;Syntax;Syntax;Syntax;Syntax;Syntax;Syntax;Syntax;Syntax;Syntax;Syntax;Syntax;Syntax;Syntax;Syntax;Syntax;Syntax;Syntax;Syntax;Syntax;Syntax;Syntax;Syntax;Syntax;Syntax;Syntax;Syntax;Syntax;Syntax;Syntax;Syntax;Syntax;Syntax;Syntax;Syntax;Syntax;Syntax;Syntax;Syntax;Syntax;Syntax;Syntax;Syntax;Syntax;Syntax;Syntax;Syntax;Syntax;Syntax;Syntax;Syntax;Syntax;Syntax;Syntax;Syntax;Syntax;Syntax;Syntax;Syntax;Syntax;Syntax;Syntax;Syntax;Syntax;Syntax;Syntax;Syntax;Syntax;Syntax;Syntax;Syntax;Syntax;Syntax;Syntax;Syntax;Syntax;Syntax;Syntax;Syntax;Syntax;Syntax;Syntax;Syntax;Syntax;Syntax;Syntax;Syntax;Syntax;Syntax;Syntax;Syntax;Syntax;Syntax;Syntax;Syntax;Syntax;Syntax;Syntax;Syntax;Syntax;Syntax;Syntax;Syntax;Syntax;Syntax;Syntax;Syntax;Syntax;Syntax;Syntax;Syntax;Syntax;Syntax;Syntax;Syntax;Syntax;Syntax;Syntax;Syntax;Syntax;Syntax;Syntax;Syntax;Syntax;Syntax;Syntax;Syntax;Syntax;Syntax;Syntax;Syntax;Syntax;Syntax;Syntax;Syntax;Syntax;Syntax;Syntax;Syntax;Syntax;Syntax;Syntax;Syntax;Syntax;Syntax;Syntax;Syntax;Syntax;Syntax;Syntax;Syntax;Syntax;Syntax;Syntax;Syntax;Syntax;Syntax;Syntax;Syntax;Syntax;Syntax;Syntax;Syntax;Syntax;Syntax;Syntax;Syntax;Syntax;Syntax;Syntax;Syntax;Syntax;Syntax;Syntax;Syntax;Syntax;Syntax;Syntax;Syntax;Syntax;Syntax;Syntax;Syntax;Syntax;Syntax;Syntax;Syntax;Syntax;Syntax;Syntax;Syntax;Syntax;Syntax;Syntax;Syntax;Syntax;Syntax;Syntax;Syntax;Syntax;Syntax;Syntax;Syntax;Syntax;Syntax;Syntax;Syntax;Syntax;Syntax;Syntax;Syntax;Syntax;Syntax;Syntax;Syntax;Syntax;Syntax;Syntax;Syntax;Syntax;Syntax;Syntax;Syntax;Syntax;Syntax;Syntax;Syntax;Syntax;Syntax;Syntax;Syntax;Syntax;Syntax;Syntax;Syntax;Syntax;Syntax;Syntax;Syntax;Syntax;Syntax;Syntax;Syntax;Syntax;Syntax;Syntax;Syntax;Syntax;Syntax;Syntax;Syntax;Syntax;Syntax;Syntax;Syntax;Syntax;Syntax;Syntax;Syntax;Syntax;Syntax;Syntax;Syntax;Syntax;Syntax;Syntax;Syntax;Syntax;Syntax;Syntax;Syntax;Syntax;Syntax;Syntax;Syntax;Syntax;Syntax;Syntax;Syntax;Syntax;Syntax;Syntax;Syntax;Syntax;Syntax;Syntax;Syntax;Syntax;Syntax;Syntax;Syntax;Syntax;Syntax;Syntax;Syntax;Syntax;Syntax;Syntax;Syntax;Syntax;Syntax;Syntax;Syntax;Syntax;Syntax;Syntax;Syntax;Syntax;Syntax;Syntax;Syntax;Syntax;Syntax;Syntax;Syntax;Syntax;Syntax;Syntax;Syntax;Syntax;Syntax;Syntax;Syntax;Syntax;Syntax;Syntax;Syntax;Syntax;Syntax;Syntax;Syntax;Syntax;Syntax;Syntax;Syntax;Syntax;Syntax;Syntax;Syntax;Syntax;Syntax;Syntax;Syntax;Syntax;Syntax;Syntax;Syntax;Syntax;Syntax;Syntax;Syntax;Syntax;Syntax;Syntax;Syntax;Syntax;Syntax;Syntax;Syntax;Syntax;Syntax;Syntax;Syntax;Syntax;Syntax;Syntax;Syntax;Syntax;Syntax;Syntax;Syntax;Syntax;Syntax;Syntax;Syntax;Syntax;Syntax;Syntax;Syntax;Syntax;Syntax;Syntax;Syntax;Syntax;Syntax;Syntax;Syntax;Syntax;Syntax;Syntax;Syntax;Syntax;Syntax;Syntax;Syntax;Syntax;Syntax;Syntax;Syntax;Syntax;Syntax;Syntax;Syntax;Syntax;Syntax;Syntax;Syntax;Syntax;Syntax;Syntax;Syntax;Syntax;Syntax;Syntax;Syntax;Syntax;Syntax;Syntax;Syntax;Syntax;Syntax;Syntax;Syntax;Syntax;Syntax;Syntax;Syntax;Syntax;Syntax;Syntax;Syntax;Syntax;Syntax;Syntax;Syntax;Syntax;Syntax;Syntax;Syntax;Syntax;Syntax;Syntax;Syntax;Syntax;Syntax;Syntax;Syntax;Syntax;Syntax;Syntax;Syntax;Syntax;Syntax;Syntax;Syntax;Syntax;Syntax;Syntax;Syntax;Syntax;Syntax;Syntax;Syntax;Syntax;Syntax;Syntax;Syntax;Syntax;Syntax;Syntax;Syntax;Syntax;Syntax;Syntax;Syntax;Syntax;Syntax;Syntax;Syntax;Syntax;Syntax;Syntax;Syntax;Syntax;Syntax;Syntax;Syntax;Syntax;Syntax;Syntax;Syntax;Syntax;Syntax;Syntax;Syntax;Syntax;Syntax;Syntax;Syntax;Syntax;Syntax;Syntax;Syntax;Syntax;Syntax;Syntax;Syntax;Syntax;Syntax;Syntax;Syntax;Syntax;Syntax;Syntax;Syntax;Syntax;Syntax;Syntax;Syntax;Syntax;Syntax;Syntax;Syntax;Syntax;Syntax;Syntax;Syntax;Syntax;Syntax;Syntax;Syntax;Syntax;Syntax;Syntax;Syntax;Syntax;Syntax;Syntax;Syntax;Syntax;Syntax;Syntax;Syntax;Syntax;Syntax;Syntax;Syntax;Syntax;Syntax;Syntax;Syntax;Syntax;Syntax;Syntax;Syntax;Syntax;Syntax;Syntax;Syntax;Syntax;Syntax;Syntax;Syntax;Syntax;Syntax;Syntax;Syntax;Syntax;Syntax;Syntax;Syntax;Syntax;Syntax;Syntax;Syntax;Syntax;Syntax;Syntax;Syntax;Syntax;Syntax;Syntax;Syntax;Syntax;Syntax;Syntax;Syntax;Syntax;Syntax;Syntax;Syntax;Syntax;Syntax;Syntax;Syntax;Syntax;Syntax;Syntax;Syntax;Syntax;Syntax;Syntax;Syntax;Syntax;Syntax;Syntax;Syntax;Syntax;Syntax;Syntax;Syntax;Syntax;Syntax;Syntax;Syntax;Syntax;Syntax;Syntax;Syntax;Syntax;Syntax;Syntax;Syntax;Syntax;Syntax;Syntax;Syntax;Syntax;Syntax;Syntax;Syntax;Syntax;Syntax;Syntax;Syntax;Syntax;Syntax;Syntax;Syntax;Syntax;Syntax;Syntax;Syntax;Syntax;Syntax;Syntax;Syntax;Syntax;Syntax;Syntax;Syntax;Syntax;Syntax;Syntax;Syntax;Syntax;Syntax;Syntax;Syntax;Syntax;Syntax;Syntax;Syntax;Syntax;Syntax;Syntax;Syntax;Syntax;Syntax;Syntax;Syntax;Syntax;Syntax;Syntax;Syntax;Syntax;Syntax;Syntax;Syntax;Syntax;Syntax;Syntax;Syntax;Syntax;Syntax;Syntax;Syntax;Syntax;Syntax;Syntax;Syntax;Syntax;Syntax;Syntax;Syntax;Syntax;Syntax;Syntax;Syntax;Syntax;Syntax;Syntax;Syntax;Syntax;Syntax;Syntax;Syntax;Syntax;Syntax;Syntax;Syntax;Syntax;Syntax;Syntax;Syntax;Syntax;Syntax;Syntax;Syntax;Syntax;Syntax;Syntax;Syntax;Syntax;Syntax;Syntax;Syntax;Syntax;Syntax;Syntax;Syntax;Syntax;Syntax;Syntax,0,0,10.213,10.195,10.231,,True,1,1999年数学建模国赛真题+优秀论文/1999年国赛优秀论文/1999B：钻井布局问题评述.pdf,primary,DABADD2C7CCE310B927FBACF000A8B6B9BF370773DB7C2AF11000C960DA6930B,DABADD2C7CCE310B927FBACF000A8B6B9BF370773DB7C2AF11000C960DA6930B,active,0,1976,1,unknown,"M A TH EM A T ICSINPRA CT ICE ANDTH EO R Y | m erica l exam p les, the ob ta ined so lu tion to p rob lem(1)is 4 and the ava ilab le o ld d rilling s a reP₂,",14.146,14.146,14.146,2026-08-18T00:06:15+08:00,167.56944444444446,475.0,1999
,,unknown,unknown,,,,2026-08-18T00:06:15+08:00,,0,0,,,0,,FORMAL,INELIGIBLE,,SUPPORTING_MATERIAL,,,,,catalog/papers.csv; catalog/paper_files.csv; catalog/scale/g8_paper_status.csv,unknown,,,,0,,,,,,No analyzable PAPER PDF selected; identity retained in full corpus inventory.,UNKNOWN,,,,,,,,CUMCM-2014-C-001,,NOT_ANALYZED,C,C,,,,,,,,True,1,2014年数学建模国赛真题+优秀论文/2014优秀论文/2014C：生猪养殖场经营管理的研究 (2)/模型二（1）.nb,primary,26A700E473BBB874B0B725767894B1E44F573172F80E69ED901EFE3C65E28DF3,26A700E473BBB874B0B725767894B1E44F573172F80E69ED901EFE3C65E28DF3,active,,,0,unknown,,,,,2026-08-18T00:06:15+08:00,,,2014
,,unknown,unknown,,,,2026-08-18T00:06:15+08:00,,0,0,,,0,,FORMAL,INELIGIBLE,,PROBLEM_PACKAGE,,,,,catalog/papers.csv; catalog/paper_files.csv; catalog/scale/g8_paper_status.csv,unknown,,,,0,,,,,,No analyzable PAPER PDF selected; identity retained in full corpus inventory.,UNKNOWN,,,,,,,,CUMCM-2020-E-001,,NOT_ANALYZED,E,E,,,,,,,,True,1,2020年数学建模国赛真题+优秀论文/2020年赛题/2020年国赛E题.docx,primary,4C897568AF2A20F62D5431F787F9DB560EFFBC8AA2A1D3D43DC14A29D954DFEB,4C897568AF2A20F62D5431F787F9DB560EFFBC8AA2A1D3D43DC14A29D954DFEB,active,,,0,unknown,,,,,2026-08-18T00:06:15+08:00,,,2020
1,1,unknown,unknown,18.254,18.254,18.254,2026-08-18T00:06:15+08:00,KaiTi;SimSun/Song;Symbol;Times New Roman,1,1,828,9,1,1,FORMAL,COMPLETE,Q2,PAPER,0,0,297.0106666666666,841.92,catalog/papers.csv; catalog/paper_files.csv; catalog/scale/g8_paper_status.csv,unknown,True,0,1,1,31.758,31.758,31.758,58,False,,PORTRAIT,59,,BOTTOM,1,,,,CUMCM-2007-B-002,1.0,text_based,B,B,------------------------------------;Times;Times;SimSun;KaiTi;Times;Symbol;Times;Times;Times,23,1,-3.31,-3.31,-3.31,,True,1,2007年数学建模国赛真题+优秀论文/2007年优秀论文/2007B：《乘公交，看奥运》.pdf,primary,FAAFFB689075638CB91A13DC006110A81E7010847674F752CF7869C3BA64DD25,FAAFFB689075638CB91A13DC006110A81E7010847674F752CF7869C3BA64DD25,active,6,7065,1,unknown,,25.866,25.866,27.735,2026-08-18T00:06:15+08:00,210.01566666666668,595.32,2007
0,0,unknown,unknown,,,,2026-08-18T00:06:15+08:00,KaiTi;SimSun/Song;Times New Roman,1,1,0,0,1,0,FORMAL,COMPLETE,Q2,PAPER,0,0,279.4,792.0,catalog/papers.csv; catalog/paper_files.csv; catalog/scale/g8_paper_status.csv,unknown,False,0,0,1,,,,0,False,,PORTRAIT,2,,UNKNOWN,0,,,,CUMCM-1992-B-001,1.0,text_based,B,B,------------------------------------;STSong-Light;Times-Roman;KaiTi,0,0,,,,,True,1,1992年数学建模国赛优秀论文/1992年B题优秀论文③ 关于蛋白质氨基酸的组合问题的评注.pdf,primary,9EB60530CF596149C54862AABBBB732ABD9D095267273BEF5682EB79AEE2D99A,9EB60530CF596149C54862AABBBB732ABD9D095267273BEF5682EB79AEE2D99A,active,0,8,1,unknown,,,,,2026-08-18T00:06:15+08:00,207.4333333333333,588.0,1992
,,unknown,unknown,,,,2026-08-18T00:06:15+08:00,,0,0,,,0,,FORMAL,INELIGIBLE,,PROBLEM_PACKAGE,,,,,catalog/papers.csv; catalog/paper_files.csv; catalog/scale/g8_paper_status.csv,unknown,,,,0,,,,,,No analyzable PAPER PDF selected; identity retained in full corpus inventory.,UNKNOWN,,,,,,,,CUMCM-2018-D-001,,NOT_ANALYZED,D,D,,,,,,,,True,1,2018年数学建模国赛真题+优秀论文/2018年赛题/2018年国赛D题.docx,primary,229021B097C9F767FD7E9E57A5BE961027977D91C6CE2F6F9818ED7FC888F14F,229021B097C9F767FD7E9E57A5BE961027977D91C6CE2F6F9818ED7FC888F14F,active,,,0,unknown,,,,,2026-08-18T00:06:15+08:00,,,2018
0,0,unknown,unknown,,,,2026-08-18T00:06:15+08:00,KaiTi,1,0,0,0,1,0,FORMAL,Q3_MANUAL_REQUIRED,Q3,PAPER,0,0,278.34166666666664,789.0,catalog/papers.csv; catalog/paper_files.csv; catalog/scale/g8_paper_status.csv,unknown,False,0,0,1,,,,0,False,font_or_text_layer_not_reliable,PORTRAIT,6,,UNKNOWN,0,"1,2,3,4,5,6",,,CUMCM-1997-B-002,0.8,image_based,B,B,------------------------------------;KaiTi,0,0,,,,,True,1,1997年数学建模国赛真题+优秀论文/1997年国赛优秀论文/1997B：最小费用切割策略.pdf,primary,985A50D88845F35657775DBB7EAF5C68228D9A897EB136E8C73E010DAFE67062,985A50D88845F35657775DBB7EAF5C68228D9A897EB136E8C73E010DAFE67062,active,0,24,1,unknown,,,,,2026-08-18T00:06:15+08:00,206.0222222222222,584.0,1997
0,0,unknown,unknown,19.614,19.588,19.641,2026-08-18T00:06:15+08:00,KaiTi;SimSun/Song;Syntax;Times New Roman;cajcd-fntaa,1,1,223,0,1,1,FORMAL,COMPLETE,Q2,PAPER,0,1,259.9972222222222,737.0,catalog/papers.csv; catalog/paper_files.csv; catalog/scale/g8_paper_status.csv,unknown,False,0,0,1,14.146,14.014,14.146,6,False,,PORTRAIT,7,,BOTTOM,1,,,,CUMCM-2001-A-006,1.0,text_based,A,A,------------------------------------;STSong-Light;Times-Roman;cajcd-fntaa;Times-Italic;KaiTi;Times-Bold;Syntax;Syntax;Syntax;Syntax;Syntax;Syntax;Syntax;Syntax;Syntax;Syntax;Syntax;Syntax;Syntax;Syntax;Syntax;Syntax;Syntax;Syntax;Syntax;Syntax;Syntax;Syntax;Syntax;Syntax;Syntax;Syntax;Syntax;Syntax;Syntax;Syntax;Syntax;Syntax;Syntax;Syntax;Syntax;Syntax;Syntax;Syntax;Syntax;Syntax;Syntax;Syntax;Syntax;Syntax;Syntax;Syntax;Syntax;Syntax;Syntax;Syntax;Syntax;Syntax;Syntax;Syntax;Syntax;Syntax;Syntax;Syntax;Syntax;Syntax;Syntax;Syntax;Syntax;Syntax;Syntax;Syntax;Syntax;Syntax;Syntax;Syntax;Syntax;Syntax;Syntax;Syntax;Syntax;Syntax;Syntax;Syntax;Syntax;Syntax;Syntax;Syntax;Syntax;Syntax;Syntax;Syntax;Syntax;Syntax;Syntax;Syntax;Syntax;Syntax;Syntax;Syntax;Syntax;Syntax;Syntax;Syntax;Syntax;Syntax;Syntax;Syntax;Syntax;Syntax;Syntax;Syntax;Syntax;Syntax;Syntax;Syntax;Syntax;Syntax;Syntax;Syntax;Syntax;Syntax;Syntax;Syntax;Syntax;Syntax;Syntax;Syntax;Syntax;Syntax;Syntax;Syntax;Syntax;Syntax;Syntax;Syntax;Syntax;Syntax;Syntax;Syntax;Syntax;Syntax;Syntax;Syntax;Syntax;Syntax;Syntax;Syntax;Syntax;Syntax;Syntax;Syntax;Syntax;Syntax;Syntax;Syntax;Syntax;Syntax;Syntax;Syntax;Syntax;Syntax;Syntax;Syntax;Syntax;Syntax;Syntax;Syntax;Syntax;Syntax;Syntax;Syntax;Syntax;Syntax;Syntax;Syntax;Syntax;Syntax;Syntax;Syntax;Syntax;Syntax;Syntax;Syntax;Syntax;Syntax;Syntax;Syntax;Syntax;Syntax;Syntax;Syntax;Syntax;Syntax;Syntax;Syntax;Syntax;Syntax;Syntax;Syntax;Syntax;Syntax;Syntax;Syntax;Syntax;Syntax;Syntax;Syntax;Syntax;Syntax;Syntax;Syntax;Syntax;Syntax;Syntax;Syntax;Syntax;Syntax;Syntax;Syntax;Syntax;Syntax,5,0,13.953,13.857,13.984,,True,1,2001年数学建模国赛真题+优秀论文/2001年国赛优秀论文/2001A：管道切片的三维重建 (2).pdf,primary,B63712168694F7462D2A58BBB4501C3C3B2A2261084CDF33D78D4866CB19D2F2,B63712168694F7462D2A58BBB4501C3C3B2A2261084CDF33D78D4866CB19D2F2,active,0,1069,1,unknown,J OU RNAL O F EN GIN EERIN G MA THEMA TICS,16.792,16.792,16.792,2026-08-18T00:06:15+08:00,176.0361111111111,499.0,2001
,,unknown,unknown,,,,2026-08-18T00:06:15+08:00,,0,0,,,0,,FORMAL,CLOSED_INELIGIBLE,UNKNOWN,SUPPORTING_MATERIAL,,,,,catalog/papers.csv; catalog/paper_files.csv; catalog/scale/g8_paper_status.csv,unknown,,,,0,,,,,,No analyzable PAPER PDF selected; identity retained in full corpus inventory.,UNKNOWN,,,,,,,,CUMCM-2014-B-001,,NOT_ANALYZED,B,B,,,,,,,,False,1,2014年数学建模国赛真题+优秀论文/2014优秀论文/2014B：创意平板折叠桌 (3)/w1-1-1.jpg,primary,D9FFC1EFFC70BFACDBB9B741215EEC0032F75B47858AA84CF8D801CC64204781,D9FFC1EFFC70BFACDBB9B741215EEC0032F75B47858AA84CF8D801CC64204781,active,,,0,unknown,,,,,2026-08-18T00:06:15+08:00,,,2014
0,0,unknown,unknown,,,,2026-08-18T00:06:15+08:00,KaiTi,1,0,0,0,1,0,FORMAL,Q3_MANUAL_REQUIRED,Q3,PAPER,0,0,274.81388888888887,779.0,catalog/papers.csv; catalog/paper_files.csv; catalog/scale/g8_paper_status.csv,unknown,False,0,0,1,,,,0,False,font_or_text_layer_not_reliable,PORTRAIT,8,,UNKNOWN,0,"1,2,3,4,5,6,7,8",,,CUMCM-2003-B-002,0.8,image_based,B,B,------------------------------------;KaiTi,0,0,,,,,True,1,2003年数学建模国赛真题+优秀论文/2003年优秀论文/2003B：露天矿生产车辆安排计划优化设计 (2).pdf,primary,8DFA082AAF3A10212028F98609CEBE33923CA4110640B7F1F8EB62B41C682C14,8DFA082AAF3A10212028F98609CEBE33923CA4110640B7F1F8EB62B41C682C14,active,0,40,1,unknown,,,,,2026-08-18T00:06:15+08:00,208.13888888888889,590.0,2003
0,0,unknown,unknown,16.334,16.228,16.73,2026-08-18T00:06:15+08:00,KaiTi;SimSun/Song;Syntax;Times New Roman;cajcd-fntaa;cajcd-fntbd;cajcd-fntlt,1,1,740,0,1,1,FORMAL,COMPLETE,Q2,PAPER,0,1,248.70833333333334,705.0,catalog/papers.csv; catalog/paper_files.csv; catalog/scale/g8_paper_status.csv,unknown,False,0,0,1,12.841,12.603,12.894,6,False,,PORTRAIT,7,,BOTTOM,1,,,,CUMCM-1999-B-002,1.0,text_based,B,B,------------------------------------;STSong-Light;Times-Roman;cajcd-fntaa;Times-Italic;Times-Bold;cajcd-fntbd;cajcd-fntlt;KaiTi;Syntax;Syntax;Syntax;Syntax;Syntax;Syntax;Syntax;Syntax;Syntax;Syntax;Syntax;Syntax;Syntax;Syntax;Syntax;Syntax;Syntax;Syntax;Syntax;Syntax;Syntax;Syntax;Syntax;Syntax;Syntax;Syntax;Syntax;Syntax;Syntax;Syntax;Syntax;Syntax;Syntax;Syntax;Syntax;Syntax;Syntax;Syntax;Syntax;Syntax;Syntax;Syntax;Syntax;Syntax;Syntax;Syntax;Syntax;Syntax;Syntax;Syntax;Syntax;Syntax;Syntax;Syntax;Syntax;Syntax;Syntax;Syntax;Syntax;Syntax;Syntax;Syntax;Syntax;Syntax;Syntax;Syntax;Syntax;Syntax;Syntax;Syntax;Syntax;Syntax;Syntax;Syntax;Syntax;Syntax;Syntax;Syntax;Syntax;Syntax;Syntax;Syntax;Syntax;Syntax;Syntax;Syntax;Syntax;Syntax;Syntax;Syntax;Syntax;Syntax;Syntax;Syntax;Syntax;Syntax;Syntax;Syntax;Syntax;Syntax;Syntax;Syntax;Syntax;Syntax;Syntax;Syntax;Syntax;Syntax;Syntax;Syntax;Syntax;Syntax;Syntax;Syntax;Syntax;Syntax;Syntax;Syntax;Syntax;Syntax;Syntax;Syntax;Syntax;Syntax;Syntax;Syntax;Syntax;Syntax;Syntax;Syntax;Syntax;Syntax;Syntax;Syntax;Syntax;Syntax;Syntax;Syntax;Syntax;Syntax;Syntax;Syntax;Syntax;Syntax;Syntax;Syntax;Syntax;Syntax;Syntax;Syntax;Syntax;Syntax;Syntax;Syntax;Syntax;Syntax;Syntax;Syntax;Syntax;Syntax;Syntax;Syntax;Syntax;Syntax;Syntax;Syntax;Syntax;Syntax;Syntax;Syntax;Syntax;Syntax;Syntax;Syntax;Syntax;Syntax;Syntax;Syntax;Syntax;Syntax;Syntax;Syntax;Syntax;Syntax;Syntax;Syntax;Syntax;Syntax;Syntax;Syntax;Syntax;Syntax;Syntax;Syntax;Syntax;Syntax;Syntax;Syntax;Syntax;Syntax;Syntax;Syntax;Syntax;Syntax;Syntax;Syntax;Syntax;Syntax;Syntax;Syntax;Syntax;Syntax;Syntax;Syntax;Syntax;Syntax;Syntax;Syntax;Syntax;Syntax;Syntax;Syntax;Syntax;Syntax;Syntax;Syntax;Syntax;Syntax;Syntax;Syntax;Syntax;Syntax;Syntax;Syntax;Syntax;Syntax;Syntax;Syntax;Syntax;Syntax;Syntax;Syntax;Syntax;Syntax;Syntax;Syntax;Syntax;Syntax;Syntax;Syntax;Syntax;Syntax;Syntax;Syntax;Syntax;Syntax;Syntax;Syntax;Syntax;Syntax;Syntax;Syntax;Syntax;Syntax;Syntax;Syntax;Syntax;Syntax;Syntax;Syntax;Syntax;Syntax;Syntax;Syntax;Syntax;Syntax;Syntax;Syntax;Syntax;Syntax;Syntax;Syntax;Syntax;Syntax;Syntax;Syntax;Syntax;Syntax;Syntax;Syntax;Syntax;Syntax;Syntax;Syntax;Syntax;Syntax;Syntax;Syntax;Syntax;Syntax;Syntax;Syntax;Syntax;Syntax;Syntax;Syntax;Syntax;Syntax;Syntax;Syntax;Syntax;Syntax;Syntax;Syntax;Syntax;Syntax;Syntax;Syntax;Syntax;Syntax;Syntax;Syntax;Syntax;Syntax;Syntax;Syntax;Syntax;Syntax;Syntax;Syntax;Syntax;Syntax;Syntax;Syntax;Syntax;Syntax;Syntax;Syntax;Syntax;Syntax;Syntax;Syntax;Syntax;Syntax;Syntax;Syntax;Syntax;Syntax;Syntax;Syntax;Syntax;Syntax;Syntax;Syntax;Syntax;Syntax;Syntax;Syntax;Syntax;Syntax;Syntax;Syntax;Syntax;Syntax;Syntax;Syntax;Syntax;Syntax;Syntax;Syntax;Syntax;Syntax;Syntax;Syntax;Syntax;Syntax;Syntax;Syntax;Syntax;Syntax;Syntax;Syntax;Syntax;Syntax;Syntax;Syntax;Syntax;Syntax;Syntax;Syntax;Syntax;Syntax;Syntax;Syntax;Syntax;Syntax;Syntax;Syntax;Syntax;Syntax;Syntax;Syntax;Syntax;Syntax;Syntax;Syntax;Syntax;Syntax;Syntax;Syntax;Syntax;Syntax;Syntax;Syntax;Syntax;Syntax;Syntax;Syntax;Syntax;Syntax;Syntax;Syntax;Syntax;Syntax;Syntax;Syntax;Syntax;Syntax;Syntax;Syntax;Syntax;Syntax;Syntax;Syntax;Syntax;Syntax;Syntax;Syntax;Syntax;Syntax;Syntax;Syntax;Syntax;Syntax;Syntax;Syntax;Syntax;Syntax;Syntax;Syntax;Syntax;Syntax;Syntax;Syntax;Syntax;Syntax;Syntax;Syntax;Syntax;Syntax;Syntax;Syntax;Syntax;Syntax;Syntax;Syntax;Syntax;Syntax;Syntax;Syntax;Syntax;Syntax;Syntax;Syntax;Syntax;Syntax;Syntax;Syntax;Syntax;Syntax;Syntax;Syntax;Syntax;Syntax;Syntax;Syntax;Syntax;Syntax;Syntax;Syntax;Syntax;Syntax;Syntax;Syntax;Syntax;Syntax;Syntax;Syntax;Syntax;Syntax;Syntax;Syntax;Syntax;Syntax;Syntax;Syntax;Syntax;Syntax;Syntax;Syntax;Syntax;Syntax;Syntax;Syntax;Syntax;Syntax;Syntax;Syntax;Syntax;Syntax;Syntax;Syntax;Syntax;Syntax;Syntax;Syntax;Syntax;Syntax;Syntax;Syntax;Syntax;Syntax;Syntax;Syntax;Syntax;Syntax;Syntax;Syntax;Syntax;Syntax;Syntax;Syntax;Syntax;Syntax;Syntax;Syntax;Syntax;Syntax;Syntax;Syntax;Syntax;Syntax;Syntax;Syntax;Syntax;Syntax;Syntax;Syntax;Syntax;Syntax;Syntax;Syntax;Syntax;Syntax;Syntax;Syntax;Syntax;Syntax;Syntax;Syntax;Syntax;Syntax;Syntax;Syntax;Syntax;Syntax;Syntax;Syntax;Syntax;Syntax;Syntax;Syntax;Syntax;Syntax;Syntax;Syntax;Syntax;Syntax;Syntax;Syntax;Syntax;Syntax;Syntax;Syntax;Syntax;Syntax;Syntax;Syntax;Syntax;Syntax;Syntax;Syntax;Syntax;Syntax;Syntax;Syntax;Syntax;Syntax;Syntax;Syntax;Syntax;Syntax;Syntax;Syntax;Syntax;Syntax;Syntax;Syntax;Syntax;Syntax;Syntax;Syntax;Syntax;Syntax;Syntax;Syntax;Syntax;Syntax;Syntax;Syntax;Syntax;Syntax;Syntax;Syntax;Syntax;Syntax;Syntax;Syntax;Syntax;Syntax;Syntax;Syntax;Syntax;Syntax;Syntax;Syntax;Syntax;Syntax;Syntax;Syntax;Syntax;Syntax;Syntax;Syntax;Syntax;Syntax;Syntax;Syntax;Syntax;Syntax;Syntax;Syntax;Syntax;Syntax;Syntax;Syntax;Syntax;Syntax;Syntax;Syntax;Syntax;Syntax;Syntax;Syntax;Syntax;Syntax;Syntax;Syntax;Syntax;Syntax;Syntax;Syntax;Syntax;Syntax;Syntax;Syntax;Syntax;Syntax;Syntax;Syntax;Syntax;Syntax;Syntax;Syntax;Syntax;Syntax;Syntax;Syntax;Syntax;Syntax;Syntax;Syntax;Syntax;Syntax;Syntax;Syntax;Syntax;Syntax;Syntax;Syntax;Syntax;Syntax;Syntax;Syntax;Syntax;Syntax;Syntax;Syntax;Syntax;Syntax;Syntax;Syntax;Syntax;Syntax;Syntax;Syntax;Syntax;Syntax;Syntax;Syntax;Syntax;Syntax;Syntax;Syntax;Syntax;Syntax;Syntax;Syntax;Syntax;Syntax;Syntax;Syntax;Syntax;Syntax;Syntax;Syntax;Syntax;Syntax;Syntax;Syntax;Syntax;Syntax;Syntax;Syntax;Syntax;Syntax;Syntax;Syntax;Syntax;Syntax;Syntax;Syntax;Syntax;Syntax;Syntax;Syntax;Syntax;Syntax;Syntax;Syntax;Syntax;Syntax;Syntax;Syntax;Syntax;Syntax;Syntax;Syntax;Syntax;Syntax;Syntax;Syntax;Syntax;Syntax;Syntax;Syntax;Syntax;Syntax;Syntax;Syntax;Syntax;Syntax;Syntax;Syntax;Syntax;Syntax;Syntax;Syntax;Syntax;Syntax;Syntax;Syntax;Syntax;Syntax;Syntax;Syntax;Syntax;Syntax;Syntax;Syntax;Syntax;Syntax;Syntax;Syntax;Syntax;Syntax;Syntax;Syntax;Syntax;Syntax;Syntax;Syntax;Syntax;Syntax;Syntax;Syntax;Syntax;Syntax;Syntax;Syntax;Syntax;Syntax;Syntax;Syntax;Syntax;Syntax;Syntax;Syntax;Syntax;Syntax;Syntax;Syntax;Syntax;Syntax;Syntax;Syntax;Syntax;Syntax;Syntax;Syntax;Syntax;Syntax;Syntax;Syntax;Syntax;Syntax;Syntax;Syntax;Syntax;Syntax;Syntax;Syntax;Syntax;Syntax;Syntax;Syntax;Syntax;Syntax;Syntax;Syntax;Syntax;Syntax;Syntax;Syntax;Syntax;Syntax;Syntax;Syntax;Syntax;Syntax;Syntax;Syntax;Syntax;Syntax;Syntax;Syntax;Syntax;Syntax;Syntax;Syntax;Syntax;Syntax;Syntax;Syntax;Syntax;Syntax;Syntax;Syntax;Syntax;Syntax;Syntax;Syntax;Syntax;Syntax;Syntax;Syntax;Syntax;Syntax;Syntax;Syntax;Syntax;Syntax;Syntax;Syntax;Syntax;Syntax;Syntax;Syntax;Syntax;Syntax;Syntax;Syntax;Syntax;Syntax;Syntax;Syntax;Syntax;Syntax;Syntax;Syntax;Syntax;Syntax;Syntax;Syntax;Syntax;Syntax;Syntax;Syntax;Syntax;Syntax;Syntax;Syntax;Syntax;Syntax;Syntax;Syntax;Syntax;Syntax;Syntax;Syntax;Syntax;Syntax;Syntax;Syntax;Syntax;Syntax;Syntax;Syntax;Syntax;Syntax;Syntax;Syntax;Syntax;Syntax;Syntax;Syntax;Syntax;Syntax;Syntax;Syntax;Syntax;Syntax;Syntax;Syntax;Syntax;Syntax;Syntax;Syntax;Syntax;Syntax;Syntax;Syntax;Syntax;Syntax;Syntax;Syntax;Syntax;Syntax;Syntax;Syntax;Syntax;Syntax;Syntax;Syntax;Syntax;Syntax;Syntax;Syntax;Syntax;Syntax;Syntax;Syntax;Syntax;Syntax;Syntax;Syntax;Syntax;Syntax;Syntax;Syntax;Syntax;Syntax;Syntax;Syntax;Syntax;Syntax;Syntax;Syntax;Syntax;Syntax;Syntax;Syntax;Syntax;Syntax;Syntax;Syntax;Syntax;Syntax;Syntax;Syntax;Syntax;Syntax;Syntax;Syntax;Syntax;Syntax;Syntax;Syntax;Syntax;Syntax;Syntax;Syntax;Syntax;Syntax;Syntax;Syntax;Syntax;Syntax;Syntax;Syntax;Syntax;Syntax;Syntax;Syntax;Syntax;Syntax;Syntax;Syntax;Syntax;Syntax;Syntax;Syntax;Syntax;Syntax;Syntax;Syntax;Syntax;Syntax;Syntax;Syntax;Syntax;Syntax;Syntax;Syntax;Syntax;Syntax;Syntax;Syntax;Syntax;Syntax;Syntax;Syntax;Syntax;Syntax;Syntax;Syntax;Syntax;Syntax;Syntax;Syntax;Syntax;Syntax;Syntax;Syntax;Syntax;Syntax;Syntax;Syntax;Syntax;Syntax;Syntax;Syntax;Syntax;Syntax;Syntax;Syntax;Syntax;Syntax;Syntax;Syntax;Syntax;Syntax;Syntax;Syntax;Syntax;Syntax;Syntax;Syntax;Syntax;Syntax;Syntax;Syntax;Syntax;Syntax;Syntax;Syntax;Syntax;Syntax;Syntax;Syntax;Syntax;Syntax;Syntax;Syntax;Syntax;Syntax;Syntax;Syntax;Syntax;Syntax;Syntax;Syntax;Syntax;Syntax;Syntax;Syntax;Syntax;Syntax;Syntax;Syntax;Syntax;Syntax;Syntax;Syntax;Syntax;Syntax;Syntax;Syntax;Syntax;Syntax;Syntax;Syntax;Syntax;Syntax;Syntax;Syntax;Syntax;Syntax;Syntax;Syntax;Syntax;Syntax;Syntax;Syntax;Syntax;Syntax;Syntax;Syntax;Syntax;Syntax;Syntax;Syntax;Syntax;Syntax;Syntax;Syntax;Syntax;Syntax;Syntax;Syntax;Syntax;Syntax;Syntax;Syntax;Syntax;Syntax;Syntax;Syntax;Syntax;Syntax;Syntax;Syntax;Syntax;Syntax;Syntax;Syntax;Syntax;Syntax;Syntax;Syntax;Syntax;Syntax;Syntax;Syntax;Syntax;Syntax;Syntax;Syntax;Syntax;Syntax;Syntax;Syntax;Syntax;Syntax;Syntax;Syntax;Syntax;Syntax;Syntax;Syntax;Syntax;Syntax;Syntax;Syntax;Syntax;Syntax;Syntax;Syntax;Syntax;Syntax;Syntax;Syntax;Syntax;Syntax;Syntax;Syntax;Syntax;Syntax;Syntax;Syntax;Syntax;Syntax;Syntax;Syntax;Syntax;Syntax;Syntax;Syntax;Syntax;Syntax;Syntax;Syntax;Syntax;Syntax;Syntax;Syntax;Syntax;Syntax;Syntax;Syntax;Syntax;Syntax;Syntax;Syntax;Syntax;Syntax;Syntax;Syntax;Syntax;Syntax;Syntax;Syntax;Syntax;Syntax;Syntax;Syntax;Syntax;Syntax;Syntax;Syntax;Syntax;Syntax;Syntax;Syntax;Syntax;Syntax;Syntax;Syntax;Syntax;Syntax;Syntax;Syntax;Syntax;Syntax;Syntax;Syntax;Syntax;Syntax;Syntax;Syntax;Syntax;Syntax;Syntax;Syntax;Syntax;Syntax;Syntax;Syntax;Syntax;Syntax;Syntax;Syntax;Syntax;Syntax;Syntax;Syntax;Syntax;Syntax;Syntax;Syntax;Syntax;Syntax;Syntax;Syntax;Syntax;Syntax;Syntax;Syntax;Syntax;Syntax;Syntax;Syntax;Syntax;Syntax;Syntax;Syntax;Syntax;Syntax;Syntax;Syntax;Syntax;Syntax;Syntax;Syntax;Syntax;Syntax;Syntax;Syntax;Syntax;Syntax;Syntax;Syntax;Syntax;Syntax;Syntax;Syntax;Syntax;Syntax;Syntax;Syntax;Syntax;Syntax;Syntax;Syntax;Syntax;Syntax;Syntax;Syntax;Syntax;Syntax;Syntax;Syntax;Syntax;Syntax;Syntax;Syntax;Syntax;Syntax;Syntax;Syntax;Syntax;Syntax;Syntax;Syntax;Syntax;Syntax;Syntax;Syntax;Syntax;Syntax;Syntax;Syntax;Syntax;Syntax;Syntax;Syntax;Syntax;Syntax;Syntax;Syntax;Syntax;Syntax;Syntax;Syntax;Syntax;Syntax;Syntax;Syntax;Syntax;Syntax;Syntax;Syntax;Syntax;Syntax;Syntax;Syntax;Syntax;Syntax;Syntax;Syntax;Syntax;Syntax;Syntax;Syntax;Syntax;Syntax;Syntax;Syntax;Syntax;Syntax;Syntax;Syntax;Syntax;Syntax;Syntax;Syntax;Syntax;Syntax;Syntax;Syntax;Syntax;Syntax;Syntax;Syntax;Syntax;Syntax;Syntax;Syntax;Syntax;Syntax;Syntax;Syntax;Syntax;Syntax;Syntax;Syntax;Syntax;Syntax;Syntax;Syntax;Syntax;Syntax;Syntax;Syntax;Syntax;Syntax;Syntax;Syntax;Syntax;Syntax;Syntax;Syntax;Syntax;Syntax;Syntax;Syntax;Syntax;Syntax;Syntax;Syntax;Syntax;Syntax;Syntax;Syntax;Syntax;Syntax;Syntax;Syntax;Syntax;Syntax;Syntax;Syntax;Syntax;Syntax;Syntax;Syntax;Syntax;Syntax;Syntax;Syntax;Syntax;Syntax;Syntax;Syntax;Syntax;Syntax;Syntax;Syntax;Syntax;Syntax;Syntax;Syntax;Syntax;Syntax;Syntax;Syntax;Syntax;Syntax;Syntax;Syntax;Syntax;Syntax;Syntax;Syntax;Syntax;Syntax;Syntax;Syntax;Syntax;Syntax;Syntax;Syntax;Syntax;Syntax;Syntax;Syntax;Syntax;Syntax;Syntax;Syntax;Syntax;Syntax;Syntax;Syntax;Syntax;Syntax;Syntax;Syntax;Syntax;Syntax;Syntax;Syntax;Syntax;Syntax;Syntax;Syntax;Syntax;Syntax;Syntax;Syntax;Syntax;Syntax;Syntax;Syntax;Syntax;Syntax;Syntax;Syntax;Syntax;Syntax;Syntax;Syntax;Syntax;Syntax;Syntax;Syntax;Syntax;Syntax;Syntax;Syntax;Syntax;Syntax;Syntax;Syntax;Syntax;Syntax;Syntax;Syntax;Syntax;Syntax;Syntax;Syntax;Syntax;Syntax;Syntax;Syntax;Syntax;Syntax;Syntax;Syntax;Syntax;Syntax;Syntax;Syntax;Syntax;Syntax;Syntax;Syntax;Syntax;Syntax;Syntax;Syntax;Syntax;Syntax;Syntax;Syntax;Syntax;Syntax;Syntax;Syntax;Syntax;Syntax;Syntax;Syntax;Syntax;Syntax;Syntax;Syntax;Syntax;Syntax;Syntax;Syntax;Syntax;Syntax;Syntax;Syntax;Syntax;Syntax;Syntax;Syntax;Syntax;Syntax;Syntax;Syntax;Syntax;Syntax;Syntax;Syntax;Syntax;Syntax;Syntax;Syntax;Syntax;Syntax;Syntax;Syntax;Syntax;Syntax;Syntax;Syntax;Syntax;Syntax;Syntax;Syntax;Syntax;Syntax;Syntax;Syntax;Syntax;Syntax;Syntax;Syntax;Syntax;Syntax;Syntax;Syntax;Syntax;Syntax;Syntax;Syntax;Syntax;Syntax;Syntax;Syntax;Syntax;Syntax;Syntax;Syntax;Syntax;Syntax;Syntax;Syntax;Syntax;Syntax;Syntax;Syntax;Syntax;Syntax;Syntax;Syntax;Syntax;Syntax;Syntax;Syntax;Syntax;Syntax;Syntax;Syntax;Syntax;Syntax;Syntax;Syntax;Syntax;Syntax;Syntax;Syntax;Syntax;Syntax;Syntax;Syntax;Syntax;Syntax;Syntax;Syntax;Syntax;Syntax;Syntax;Syntax;Syntax;Syntax;Syntax;Syntax;Syntax;Syntax;Syntax;Syntax;Syntax;Syntax;Syntax;Syntax;Syntax;Syntax;Syntax;Syntax;Syntax;Syntax;Syntax;Syntax;Syntax;Syntax;Syntax;Syntax;Syntax;Syntax;Syntax;Syntax;Syntax;Syntax;Syntax;Syntax;Syntax;Syntax;Syntax;Syntax;Syntax;Syntax;Syntax;Syntax;Syntax;Syntax;Syntax;Syntax;Syntax;Syntax;Syntax;Syntax;Syntax;Syntax;Syntax;Syntax;Syntax;Syntax;Syntax;Syntax;Syntax;Syntax;Syntax;Syntax;Syntax;Syntax;Syntax;Syntax;Syntax;Syntax;Syntax;Syntax;Syntax;Syntax;Syntax;Syntax;Syntax;Syntax;Syntax;Syntax;Syntax;Syntax;Syntax;Syntax;Syntax;Syntax;Syntax;Syntax;Syntax;Syntax;Syntax;Syntax;Syntax;Syntax;Syntax;Syntax;Syntax;Syntax;Syntax;Syntax;Syntax;Syntax;Syntax;Syntax;Syntax;Syntax;Syntax;Syntax;Syntax;Syntax;Syntax;Syntax;Syntax;Syntax;Syntax;Syntax;Syntax;Syntax;Syntax;Syntax;Syntax;Syntax;Syntax;Syntax;Syntax;Syntax;Syntax;Syntax;Syntax;Syntax;Syntax;Syntax;Syntax;Syntax;Syntax;Syntax;Syntax;Syntax;Syntax;Syntax;Syntax;Syntax;Syntax;Syntax;Syntax;Syntax;Syntax;Syntax;Syntax;Syntax;Syntax;Syntax;Syntax;Syntax;Syntax;Syntax;Syntax;Syntax;Syntax;Syntax;Syntax;Syntax;Syntax;Syntax;Syntax;Syntax;Syntax;Syntax;Syntax;Syntax;Syntax;Syntax;Syntax;Syntax;Syntax;Syntax;Syntax;Syntax;Syntax;Syntax;Syntax;Syntax;Syntax;Syntax;Syntax;Syntax;Syntax;Syntax;Syntax;Syntax;Syntax;Syntax;Syntax;Syntax;Syntax;Syntax;Syntax;Syntax;Syntax;Syntax;Syntax;Syntax;Syntax;Syntax;Syntax;Syntax;Syntax;Syntax;Syntax;Syntax;Syntax;Syntax;Syntax;Syntax;Syntax;Syntax;Syntax;Syntax;Syntax;Syntax;Syntax;Syntax;Syntax;Syntax;Syntax;Syntax;Syntax;Syntax;Syntax;Syntax;Syntax;Syntax;Syntax;Syntax;Syntax;Syntax;Syntax;Syntax;Syntax;Syntax;Syntax;Syntax;Syntax;Syntax;Syntax;Syntax;Syntax;Syntax;Syntax;Syntax;Syntax;Syntax;Syntax;Syntax;Syntax;Syntax;Syntax;Syntax;Syntax;Syntax;Syntax;Syntax;Syntax;Syntax;Syntax;Syntax;Syntax;Syntax;Syntax;Syntax;Syntax;Syntax;Syntax;Syntax;Syntax;Syntax;Syntax;Syntax;Syntax;Syntax;Syntax;Syntax;Syntax;Syntax;Syntax;Syntax;Syntax;Syntax;Syntax;Syntax;Syntax;Syntax;Syntax;Syntax;Syntax;Syntax;Syntax;Syntax;Syntax;Syntax;Syntax;Syntax;Syntax;Syntax;Syntax;Syntax;Syntax;Syntax;Syntax;Syntax;Syntax;Syntax;Syntax;Syntax;Syntax;Syntax;Syntax;Syntax;Syntax;Syntax;Syntax;Syntax;Syntax;Syntax,7,0,10.213,10.195,10.283,,True,1,1999年数学建模国赛真题+优秀论文/1999年国赛优秀论文/1999B：钻井布局的设计.pdf,primary,987DC0B7CD2DB40ADE3BF70B834F0ECE90B77BDECF647E625C464AD2E3A18DE9,987DC0B7CD2DB40ADE3BF70B834F0ECE90B77BDECF647E625C464AD2E3A18DE9,active,0,1897,1,unknown,M A TH EM A T ICSINPRA CT ICE ANDTH EO R Y,14.146,14.146,14.146,2026-08-18T00:06:15+08:00,167.56944444444446,475.0,1999
,,unknown,unknown,,,,2026-08-18T00:06:15+08:00,,0,0,,,0,,FORMAL,INELIGIBLE,,PROBLEM_PACKAGE,,,,,catalog/papers.csv; catalog/paper_files.csv; catalog/scale/g8_paper_status.csv,unknown,,,,0,,,,,,No analyzable PAPER PDF selected; identity retained in full corpus inventory.,UNKNOWN,,,,,,,,CUMCM-2010-A-002,,NOT_ANALYZED,A,A,,,,,,,,True,1,2010年数学建模国赛真题+优秀论文/2010年赛题/2010年国赛A题.doc,primary,2AE05CD8623C00440C874391A2EAFA50D07E6CFE755818B63E8D49D14299D6C2,2AE05CD8623C00440C874391A2EAFA50D07E6CFE755818B63E8D49D14299D6C2,active,,,0,unknown,,,,,2026-08-18T00:06:15+08:00,,,2010
1,1,unknown,unknown,18.239,18.239,18.239,2026-08-18T00:06:15+08:00,KaiTi;MT-Extra-Identity-H;SimHei;SimSun/Song;SymbolMT-Identity-H;Times New Roman,1,1,884,15,1,1,FORMAL,COMPLETE,Q2,PAPER,0,0,297.00361111111107,841.9,catalog/papers.csv; catalog/paper_files.csv; catalog/scale/g8_paper_status.csv,unknown,True,0,1,1,26.797,-10.383,31.75,20,False,,PORTRAIT,21,,UNKNOWN,0,,,,CUMCM-2010-A-003,1.0,text_based,A,A,------------------------------------;CYKZZU+SimSun-Identity-H;OEPIJG+SimHei-Identity-H;LMVSHK+SimHei-Identity-H;QSRMMM+TimesNewRomanPSMT-Identity-H;GJPDZN+SymbolMT-Identity-H;KEWJZU+SymbolMT-Identity-H;KUHVVL+MT-Extra-Identity-H;KaiTi;HGARQU+TimesNewRomanPS-ItalicMT-Identity-H,103,1,31.701,29.669,31.828,,True,1,2010年数学建模国赛真题+优秀论文/2010年优秀论文/2010A：倾斜卧式储油罐油量标定的实用方法.pdf,primary,88C6C782ABD276280B59807B2108D4BECD2C6B25D1F3E861F44B8047635C81C1,88C6C782ABD276280B59807B2108D4BECD2C6B25D1F3E861F44B8047635C81C1,active,3,2685,1,unknown,倾斜卧式储油罐油量标定的实用方法 | α= 4.1 时罐内油量和油位高度关系的理论模型，利用用龙贝格积分公式求解不,27.459,25.527,27.718,2026-08-18T00:06:15+08:00,210.00861111111107,595.3,2010
,,unknown,unknown,,,,2026-08-18T00:06:15+08:00,,0,0,,,0,,FORMAL,INELIGIBLE,,PROBLEM_PACKAGE,,,,,catalog/papers.csv; catalog/paper_files.csv; catalog/scale/g8_paper_status.csv,unknown,,,,0,,,,,,No analyzable PAPER PDF selected; identity retained in full corpus inventory.,UNKNOWN,,,,,,,,CUMCM-2020-B-003,,NOT_ANALYZED,B,B,,,,,,,,True,1,2020年数学建模国赛真题+优秀论文/2020年赛题/2020年国赛B题.docx,primary,4972A0FEA4A1B9FB10F0EE1545116A03635AAE1343B72C7BBE8AFC297A2D9165,4972A0FEA4A1B9FB10F0EE1545116A03635AAE1343B72C7BBE8AFC297A2D9165,active,,,0,unknown,,,,,2026-08-18T00:06:15+08:00,,,2020
0,0,unknown,unknown,,,,2026-08-18T00:06:15+08:00,KaiTi,1,0,0,0,1,0,FORMAL,Q3_MANUAL_REQUIRED,Q3,PAPER,0,0,277.6361111111111,787.0,catalog/papers.csv; catalog/paper_files.csv; catalog/scale/g8_paper_status.csv,unknown,False,0,0,1,,,,0,False,font_or_text_layer_not_reliable,PORTRAIT,6,,UNKNOWN,0,"1,2,3,4,5,6",,,CUMCM-1995-A-003,0.8,image_based,A,A,------------------------------------;KaiTi,0,0,,,,,True,1,1995年数学建模国赛真题+优秀论文/1995年国赛优秀论文/1995A：飞行管理问题的线性规划模型.pdf,primary,1B82997F823C10AC5016322F5CC64620372F2E6A819CD796BDDC24CD2E59FE27,1B82997F823C10AC5016322F5CC64620372F2E6A819CD796BDDC24CD2E59FE27,active,0,24,1,unknown,,,,,2026-08-18T00:06:15+08:00,203.90555555555554,578.0,1995
,,unknown,unknown,,,,2026-08-18T00:06:15+08:00,,0,0,,,0,,FORMAL,COMPLETE,UNKNOWN,PAPER,,,,,catalog/papers.csv; catalog/paper_files.csv; catalog/scale/g8_paper_status.csv,unknown,,,,0,,,,,,No analyzable PAPER PDF selected; identity retained in full corpus inventory.,UNKNOWN,,,,,,,,CUMCM-2013-D-001,,NOT_ANALYZED,D,D,,,,,,,,True,1,2013年数学建模国赛真题+优秀论文/2013D：城市公共自行车服务系统运行状况和效率分析/论文.doc,primary,955CC7179247EDA8AD6EBB74CFD1233D514D9F80A809B0C2EB244BEACABAFDEA,955CC7179247EDA8AD6EBB74CFD1233D514D9F80A809B0C2EB244BEACABAFDEA,active,,,0,unknown,,,,,2026-08-18T00:06:15+08:00,,,2013
1,1,unknown,unknown,22.233,22.233,22.233,2026-08-18T00:06:15+08:00,Arial;Calibri;Symbol;Thorndale;Times New Roman,1,1,625,13,1,0,FORMAL,COMPLETE,Q2,PAPER,0,0,297.0106666666666,841.92,catalog/papers.csv; catalog/paper_files.csv; catalog/scale/g8_paper_status.csv,unknown,True,0,1,1,25.027,25.027,25.027,25,False,,PORTRAIT,26,,BOTTOM,1,,,,CUMCM-2016-B-002,1.0,text_based,B,B,------------------------------------;ABCDEE+Calibri;Times;ABCDEE+Thorndale;Times;Symbol;Arial,91,1,22.961,22.867,24.968,,True,1,2016年数学建模国赛真题+优秀论文/2016年优秀论文/2016B：小区开放道路通行影响 (5).pdf,primary,F04CE73B087241F00E6C5E8902BEC95AFA48201F9384C58125E2F4600EDAA41B,F04CE73B087241F00E6C5E8902BEC95AFA48201F9384C58125E2F4600EDAA41B,active,8,2342,1,unknown,小区开放对道路通行的影响 | 建立评价指标体系，用以分析小区开放对周边道路通行的影响。其中，周边路网情形主,25.019,25.019,26.278,2026-08-18T00:06:15+08:00,210.01566666666668,595.32,2016
,,unknown,unknown,,,,2026-08-18T00:06:15+08:00,,0,0,,,0,,FORMAL,COMPLETE,UNKNOWN,PAPER,,,,,catalog/papers.csv; catalog/paper_files.csv; catalog/scale/g8_paper_status.csv,unknown,,,,0,,,,,,No analyzable PAPER PDF selected; identity retained in full corpus inventory.,UNKNOWN,,,,,,,,CUMCM-2011-A-003,,NOT_ANALYZED,A,A,,,,,,,,True,1,2011年数学建模国赛真题+优秀论文/2011年优秀论文/2011A：城市表层土壤重金属污染分析（6）.doc,primary,FDA40E0C371BD0C91806B4CB581162EC0F1C3B51A7CAEF492EDD71D6E602E038,FDA40E0C371BD0C91806B4CB581162EC0F1C3B51A7CAEF492EDD71D6E602E038,active,,,0,unknown,,,,,2026-08-18T00:06:15+08:00,,,2011
,,unknown,unknown,,,,2026-08-18T00:06:15+08:00,,0,0,,,0,,FORMAL,INELIGIBLE,,PROBLEM_PACKAGE,,,,,catalog/papers.csv; catalog/paper_files.csv; catalog/scale/g8_paper_status.csv,unknown,,,,0,,,,,,No analyzable PAPER PDF selected; identity retained in full corpus inventory.,UNKNOWN,,,,,,,,CUMCM-2023-B-001,,NOT_ANALYZED,B,B,,,,,,,,True,1,2023年数学建模国赛真题+优秀论文/2023赛题/B题/B题.pdf,primary,E709E066139EA0A4BB64AA7E56EA097725A1F2B4E5161FC8C7E50C48BE079396,E709E066139EA0A4BB64AA7E56EA097725A1F2B4E5161FC8C7E50C48BE079396,active,,,0,unknown,,,,,2026-08-18T00:06:15+08:00,,,2023
,,unknown,unknown,,,,2026-08-18T00:06:15+08:00,,0,0,,,0,,FORMAL,INELIGIBLE,,PROBLEM_PACKAGE,,,,,catalog/papers.csv; catalog/paper_files.csv; catalog/scale/g8_paper_status.csv,unknown,,,,0,,,,,,No analyzable PAPER PDF selected; identity retained in full corpus inventory.,UNKNOWN,,,,,,,,CUMCM-2007-D-003,,NOT_ANALYZED,D,D,,,,,,,,True,1,2007年数学建模国赛真题+优秀论文/2007年赛题/2007年国赛D题.doc,primary,D9C3C8C27568A55C5778C484ACF3FE7DDBD2314A89269FFE5E3F7D69B1D86C24,D9C3C8C27568A55C5778C484ACF3FE7DDBD2314A89269FFE5E3F7D69B1D86C24,active,,,0,unknown,,,,,2026-08-18T00:06:15+08:00,,,2007
1,1,unknown,unknown,18.175,18.175,18.175,2026-08-18T00:06:15+08:00,Arial;KaiTi;SimHei;SimSun/Song;SymbolMT-Identity-H;Times New Roman,1,1,919,18,1,1,FORMAL,COMPLETE,Q2,PAPER,0,1,297.0388888888889,842.0,catalog/papers.csv; catalog/paper_files.csv; catalog/scale/g8_paper_status.csv,unknown,True,0,1,1,25.019,25.019,25.019,38,False,,PORTRAIT,39,,BOTTOM,1,,,,CUMCM-2008-A-003,1.0,text_based,A,A,------------------------------------;XAMAZO+TimesNewRomanPS-BoldMT-Identity-H;ZKGBSN+SimSun-Identity-H;NUSKAC+TimesNewRomanPSMT-Identity-H;SimSun;KaiTi;VHJHKT+TimesNewRomanPSMT-Identity-H;BDPAXK+SimHei-Identity-H;DBGYYL+SimSun-Identity-H;QCCFSO+ArialMT-Identity-H;QPEFBC+TimesNewRomanPS-BoldMT-Identity-H;QAPBDT+SymbolMT-Identity-H;VKTRLF+TimesNewRomanPS-ItalicMT-Identity-H;UXGHLD+SymbolMT-Identity-H;RCIVWP+Arial-BoldMT-Identity-H,38,1,-64.6,-64.6,-64.6,,True,1,2008年数学建模国赛真题+优秀论文/2008年优秀论文/2008A：《数码相机定位算法研究》.pdf,primary,BCA8769C5E3ED6FEAD02FE86B91BE0669D3EF5742739243DBEC821DA40250B61,BCA8769C5E3ED6FEAD02FE86B91BE0669D3EF5742739243DBEC821DA40250B61,active,3,2902,1,unknown,2008 | 上咨询等）与队外的任何人（包括指导教师）研究、讨论与赛题有关的问题。,25.075,25.075,27.065,2026-08-18T00:06:15+08:00,210.02625,595.35,2008
,,unknown,unknown,,,,2026-08-18T00:06:15+08:00,,0,0,,,0,,FORMAL,INELIGIBLE,,SUPPORTING_MATERIAL,,,,,catalog/papers.csv; catalog/paper_files.csv; catalog/scale/g8_paper_status.csv,unknown,,,,0,,,,,,No analyzable PAPER PDF selected; identity retained in full corpus inventory.,UNKNOWN,,,,,,,,CUMCM-2014-C-002,,NOT_ANALYZED,C,C,,,,,,,,True,1,2014年数学建模国赛真题+优秀论文/2014优秀论文/2014C：生猪养殖场经营管理的研究 (2)/模型二（2）.nb,primary,FBA66DADA8111372F061AD6724975441D6A3D40D1223F6B3908C049E633A4444,FBA66DADA8111372F061AD6724975441D6A3D40D1223F6B3908C049E633A4444,active,,,0,unknown,,,,,2026-08-18T00:06:15+08:00,,,2014
1,1,unknown,unknown,18.295,18.295,18.295,2026-08-18T00:06:15+08:00,Arial;KaiTi;MT-Extra;SimHei;SimSun/Song;SymbolMT;Times New Roman,1,1,371,4,1,1,FORMAL,COMPLETE,Q2,PAPER,0,0,297.0388888888889,842.0,catalog/papers.csv; catalog/paper_files.csv; catalog/scale/g8_paper_status.csv,unknown,True,0,1,1,25.019,25.019,25.019,16,False,,PORTRAIT,17,,BOTTOM,1,,,,CUMCM-2006-A-001,1.0,text_based,A,A,------------------------------------;TimesNewRomanPSMT;FIKJEK+SimHei;FIKJMD+SimSun;KaiTi;ArialMT;FIMEBA+SymbolMT;FIMEEN+MT-Extra;TimesNewRomanPS-ItalicMT;TimesNewRomanPS-BoldMT,43,1,22.935,20.738,24.87,,True,1,2006年数学建模国赛真题+优秀论文/2006年优秀论文/2006A：出版社的资源配置方案.pdf,primary,CC9E85F867A88EDEF5247AFFEA2B1BB850CC1ED0EBA5099851521799BCA94C22,CC9E85F867A88EDEF5247AFFEA2B1BB850CC1ED0EBA5099851521799BCA94C22,active,8,2067,1,unknown,出版社的资源配置方案 | 在剔除了异常数据后使用灰色预测来预测 06 年的各课程单个书号的平均销售量，再应,25.123,25.038,26.466,2026-08-18T00:06:15+08:00,209.98038888888888,595.22,2006
0,0,unknown,unknown,,,,2026-08-18T00:06:15+08:00,KaiTi,1,0,0,0,1,0,FORMAL,Q3_MANUAL_REQUIRED,Q3,PAPER,0,0,281.1638888888889,797.0,catalog/papers.csv; catalog/paper_files.csv; catalog/scale/g8_paper_status.csv,unknown,False,0,0,1,,,,0,False,font_or_text_layer_not_reliable,PORTRAIT,14,,UNKNOWN,0,"1,2,3,4,5,6,7,8,9,10,11,12,13,14",,,CUMCM-2004-B-003,0.8,image_based,B,B,------------------------------------;KaiTi,0,0,,,,,True,1,2004年数学建模国赛真题+优秀论文/2004优秀论文/2004B：电力市场输电阻塞管理模型-武汉大学.pdf,primary,BECE9B82D971E3DA984BD797E837BDCEB3A4502673B2A5E53445D94602429C6E,BECE9B82D971E3DA984BD797E837BDCEB3A4502673B2A5E53445D94602429C6E,active,0,70,1,unknown,,,,,2026-08-18T00:06:15+08:00,199.67222222222222,566.0,2004
,,unknown,unknown,,,,2026-08-18T00:06:15+08:00,,0,0,,,0,,FORMAL,INELIGIBLE,,SUPPORTING_MATERIAL,,,,,catalog/papers.csv; catalog/paper_files.csv; catalog/scale/g8_paper_status.csv,unknown,,,,0,,,,,,No analyzable PAPER PDF selected; identity retained in full corpus inventory.,UNKNOWN,,,,,,,,CUMCM-2011-D-015,,NOT_ANALYZED,D,D,,,,,,,,True,1,2011年数学建模国赛真题+优秀论文/2011年优秀论文/2011D：天然肠衣搭配问题(1)/规格3步骤27.lg4,primary,A62E7D9C408F934EC8E1ECA718049A60073502579A3E0169703DD7FC15B99A97,A62E7D9C408F934EC8E1ECA718049A60073502579A3E0169703DD7FC15B99A97,active,,,0,unknown,,,,,2026-08-18T00:06:15+08:00,,,2011
,,unknown,unknown,,,,2026-08-18T00:06:15+08:00,,0,0,,,0,,FORMAL,INELIGIBLE,,PROBLEM_PACKAGE,,,,,catalog/papers.csv; catalog/paper_files.csv; catalog/scale/g8_paper_status.csv,unknown,,,,0,,,,,,No analyzable PAPER PDF selected; identity retained in full corpus inventory.,UNKNOWN,,,,,,,,CUMCM-2023-E-001,,NOT_ANALYZED,E,E,,,,,,,,True,1,2023年数学建模国赛真题+优秀论文/2023赛题/E题/E题.pdf,primary,A066DF6F2816C4C2124BED2E09CE41E0E42B5D1D5296790D2137B791B55D5B30,A066DF6F2816C4C2124BED2E09CE41E0E42B5D1D5296790D2137B791B55D5B30,active,,,0,unknown,,,,,2026-08-18T00:06:15+08:00,,,2023
0,0,unknown,unknown,,,,2026-08-18T00:06:15+08:00,KaiTi;Times New Roman,1,1,0,0,1,0,FORMAL,COMPLETE,Q2,PAPER,0,1,296.6861111111111,841.0,catalog/papers.csv; catalog/paper_files.csv; catalog/scale/g8_paper_status.csv,unknown,True,0,0,1,,,,0,False,,PORTRAIT,8,,UNKNOWN,0,,,,CUMCM-2003-D-002,1.0,text_based,D,D,------------------------------------;Times-Roman;KaiTi,0,0,,,,,True,1,2003年数学建模国赛真题+优秀论文/2003年优秀论文/2003D：“抢渡长江”问题的数学建模和求解.pdf,primary,E5BD4B776E1AABB5E2EFABADF931D41C3156A2405DCDEB8DFAF4BEB705865D6C,E5BD4B776E1AABB5E2EFABADF931D41C3156A2405DCDEB8DFAF4BEB705865D6C,active,0,40,1,unknown,,,,,2026-08-18T00:06:15+08:00,209.90277777777777,595.0,2003
1,0,unknown,unknown,21.914,21.914,21.914,2026-08-18T00:06:15+08:00,Arial;Calibri;Cambria;KaiTi;MT-Extra;SimHei;SimSun/Song;SymbolMT;Times New Roman,1,1,60,0,1,0,FORMAL,COMPLETE,Q2,PAPER,0,0,297.0388888888889,842.0,catalog/papers.csv; catalog/paper_files.csv; catalog/scale/g8_paper_status.csv,unknown,True,0,1,1,31.75,31.75,31.75,16,False,,PORTRAIT,17,,BOTTOM,1,,,,CUMCM-2009-B-001,1.0,text_based,B,B,------------------------------------;AGOHMO+Calibri;AGOIAO+SimHei;AGOIBP+SimSun;AGOHPO+Calibri;SimSun;KaiTi;ArialMT;AHAMGD+Cambria;AHANDP+SymbolMT;TimesNewRomanPS-ItalicMT;AHBAJA+MT-Extra;TimesNewRomanPSMT;AHBOBN+Calibri-Bold,24,1,-64.609,-64.609,-64.609,,True,1,2009年数学建模国赛真题+优秀论文/2009年优秀论文/2009B：制动器试验台的控制方法分析.pdf,primary,A3C68EA3D8F9F8D503C2EF5E257FE96BE380C5DBDE35994AEFF8EDF0D6A5D218,A3C68EA3D8F9F8D503C2EF5E257FE96BE380C5DBDE35994AEFF8EDF0D6A5D218,active,0,1666,1,unknown,制动器试验台的控制方法分析 | 本文根据角动量守恒，能量守恒，角动量定律等原则，针对车辆制动器涉及,27.728,25.844,28.257,2026-08-18T00:06:15+08:00,209.98038888888888,595.22,2009
0,0,unknown,unknown,,,,2026-08-18T00:06:15+08:00,KaiTi,1,0,0,0,1,0,FORMAL,Q3_MANUAL_REQUIRED,Q3,PAPER,0,0,274.81388888888887,779.0,catalog/papers.csv; catalog/paper_files.csv; catalog/scale/g8_paper_status.csv,unknown,False,0,0,1,,,,0,False,font_or_text_layer_not_reliable,PORTRAIT,10,,UNKNOWN,0,"1,2,3,4,5,6,7,8,9,10",,,CUMCM-2003-A-004,0.8,image_based,A,A,------------------------------------;KaiTi,0,0,,,,,True,1,2003年数学建模国赛真题+优秀论文/2003年优秀论文/2003A：SARS传播预测的数学模型 (2).pdf,primary,80C5D75887F0F1CDA338DEB01CA98B1DCD7D2BFE8E8FC6847F0627B6D645B071,80C5D75887F0F1CDA338DEB01CA98B1DCD7D2BFE8E8FC6847F0627B6D645B071,active,0,50,1,unknown,,,,,2026-08-18T00:06:15+08:00,208.13888888888889,590.0,2003
0,0,unknown,unknown,16.175,16.157,21.908,2026-08-18T00:06:15+08:00,KaiTi;SimSun/Song;Syntax;Times New Roman;cajcd-fntaa,1,1,0,0,1,1,FORMAL,COMPLETE,Q2,PAPER,0,1,248.70833333333334,705.0,catalog/papers.csv; catalog/paper_files.csv; catalog/scale/g8_paper_status.csv,unknown,False,0,0,1,12.347,12.127,12.488,4,False,,PORTRAIT,5,,TOP,1,,,,CUMCM-2000-A-001,1.0,text_based,A,A,------------------------------------;STSong-Light;Times-Roman;cajcd-fntaa;Times-Bold;KaiTi;Syntax;Syntax;Syntax;Syntax;Syntax;Syntax;Syntax;Syntax;Syntax;Syntax;Syntax;Syntax;Syntax;Syntax;Syntax;Syntax;Syntax;Syntax;Syntax;Syntax;Syntax;Syntax;Syntax;Syntax;Syntax;Syntax;Syntax;Syntax;Syntax;Syntax;Syntax;Syntax;Syntax;Syntax;Syntax;Syntax;Syntax;Syntax;Syntax;Syntax;Syntax;Syntax;Syntax;Syntax;Syntax;Syntax;Syntax;Syntax;Syntax;Syntax;Syntax;Syntax;Syntax;Syntax;Syntax;Syntax;Syntax;Syntax;Syntax;Syntax;Syntax;Syntax;Syntax;Syntax;Syntax;Syntax;Syntax;Syntax;Syntax;Syntax;Syntax;Syntax;Syntax;Syntax;Syntax;Syntax;Syntax;Syntax;Syntax;Syntax;Syntax;Syntax;Syntax;Syntax;Syntax;Syntax;Syntax;Syntax;Syntax;Syntax;Syntax;Syntax;Syntax;Syntax;Syntax;Syntax;Syntax;Syntax;Syntax;Syntax;Syntax;Syntax;Syntax;Syntax;Syntax;Syntax;Syntax;Syntax;Syntax;Syntax;Syntax;Syntax;Syntax;Syntax;Syntax;Syntax;Syntax;Syntax;Syntax;Syntax;Syntax;Syntax;Syntax;Syntax;Syntax;Syntax;Syntax;Syntax;Syntax;Syntax;Syntax;Syntax;Syntax;Syntax;Syntax;Syntax;Syntax;Syntax;Syntax;Syntax;Syntax;Syntax;Syntax;Syntax;Syntax;Syntax;Syntax;Syntax;Syntax;Syntax;Syntax;Syntax;Syntax;Syntax;Syntax;Syntax;Syntax;Syntax;Syntax;Syntax;Syntax;Syntax;Syntax;Syntax;Syntax;Syntax;Syntax;Syntax;Syntax;Syntax;Syntax;Syntax;Syntax;Syntax;Syntax;Syntax;Syntax;Syntax;Syntax;Syntax;Syntax;Syntax;Syntax;Syntax;Syntax;Syntax;Syntax;Syntax;Syntax;Syntax;Syntax;Syntax;Syntax;Syntax;Syntax;Syntax;Syntax;Syntax;Syntax;Syntax;Syntax;Syntax;Syntax;Syntax;Syntax;Syntax;Syntax;Syntax;Syntax;Syntax;Syntax;Syntax;Syntax;Syntax;Syntax;Syntax;Syntax;Syntax;Syntax;Syntax;Syntax;Syntax;Syntax;Syntax;Syntax;Syntax;Syntax;Syntax;Syntax;Syntax;Syntax;Syntax;Syntax;Syntax;Syntax;Syntax;Syntax;Syntax;Syntax;Syntax;Syntax;Syntax;Syntax;Syntax;Syntax;Syntax;Syntax;Syntax;Syntax;Syntax;Syntax;Syntax;Syntax;Syntax;Syntax;Syntax;Syntax;Syntax;Syntax;Syntax;Syntax;Syntax;Syntax;Syntax;Syntax;Syntax;Syntax;Syntax;Syntax;Syntax;Syntax;Syntax;Syntax;Syntax;Syntax;Syntax;Syntax;Syntax;Syntax;Syntax;Syntax;Syntax;Syntax;Syntax;Syntax;Syntax;Syntax;Syntax;Syntax;Syntax;Syntax;Syntax;Syntax;Syntax;Syntax;Syntax;Syntax;Syntax;Syntax;Syntax;Syntax;Syntax;Syntax;Syntax;Syntax;Syntax;Syntax;Syntax;Syntax;Syntax;Syntax;Syntax;Syntax;Syntax;Syntax;Syntax;Syntax;Syntax;Syntax;Syntax;Syntax;Syntax;Syntax;Syntax;Syntax;Syntax;Syntax;Syntax;Syntax;Syntax;Syntax;Syntax;Syntax;Syntax;Syntax;Syntax;Syntax;Syntax;Syntax;Syntax;Syntax;Syntax;Syntax;Syntax;Syntax;Syntax;Syntax;Syntax;Syntax;Syntax;Syntax;Syntax;Syntax;Syntax;Syntax;Syntax;Syntax;Syntax;Syntax;Syntax;Syntax;Syntax;Syntax;Syntax;Syntax;Syntax;Syntax;Syntax;Syntax;Syntax;Syntax;Syntax;Syntax;Syntax;Syntax;Syntax;Syntax;Syntax;Syntax;Syntax;Syntax;Syntax;Syntax;Syntax;Syntax;Syntax;Syntax;Syntax;Syntax;Syntax;Syntax;Syntax;Syntax;Syntax;Syntax;Syntax;Syntax;Syntax;Syntax;Syntax;Syntax;Syntax;Syntax;Syntax;Syntax;Syntax;Syntax;Syntax;Syntax;Syntax;Syntax;Syntax;Syntax;Syntax;Syntax;Syntax;Syntax;Syntax;Syntax;Syntax;Syntax;Syntax;Syntax;Syntax;Syntax;Syntax;Syntax;Syntax;Syntax;Syntax;Syntax;Syntax,24,0,10.089,9.613,10.16,,True,1,2000年数学建模国赛真题+优秀论文/2000年国赛优秀论文/2000A：DNA序列中的结构与简化模型.pdf,primary,2E34A9B0F2BBFFE14B0DAE78906E463A70E1E14041EDE10610D743EA3F0A3D70,2E34A9B0F2BBFFE14B0DAE78906E463A70E1E14041EDE10610D743EA3F0A3D70,active,0,450,1,unknown,M A TH EM A T ICSINPRA CT ICE ANDTH EO R Y,14.146,14.146,14.146,2026-08-18T00:06:15+08:00,167.56944444444446,475.0,2000
0,0,unknown,unknown,,,,2026-08-18T00:06:15+08:00,KaiTi;Times New Roman,1,1,0,0,1,0,FORMAL,COMPLETE,Q2,PAPER,0,1,296.6861111111111,841.0,catalog/papers.csv; catalog/paper_files.csv; catalog/scale/g8_paper_status.csv,unknown,True,0,0,1,,,,0,False,,PORTRAIT,7,,UNKNOWN,0,,,,CUMCM-2002-B-003,1.0,text_based,B,B,------------------------------------;Times-Roman;KaiTi,0,0,,,,,True,1,2002年数学建模国赛真题+优秀论文/2002年优秀论文/2002B：彩票方案的优选模型.pdf,primary,2A0E809E04613E25B703B280D67CF89F6E6CE573B330A2220C20F926588D2F74,2A0E809E04613E25B703B280D67CF89F6E6CE573B330A2220C20F926588D2F74,active,0,35,1,unknown,,,,,2026-08-18T00:06:15+08:00,209.90277777777777,595.0,2002
0,0,unknown,unknown,,,,2026-08-18T00:06:15+08:00,KaiTi;Times New Roman,1,0,0,0,1,1,FORMAL,Q3_MANUAL_REQUIRED,Q3,PAPER,0,0,279.75277777777774,793.0,catalog/papers.csv; catalog/paper_files.csv; catalog/scale/g8_paper_status.csv,unknown,False,0,0,1,,,,0,False,font_or_text_layer_not_reliable,PORTRAIT,6,,UNKNOWN,0,"1,2,3,4,5,6",,,CUMCM-1998-A-004,0.8,image_based,A,A,------------------------------------;Times-Italic;KaiTi,0,0,,,,,True,1,1998年数学建模国赛真题+优秀论文/1998年国赛优秀论文/1998A：资产投资收益与风险模型.pdf,primary,A2BA24A7F0415E57FBEC4C627742E09DD4A40BE2944B9A50ECE16405F2176FB3,A2BA24A7F0415E57FBEC4C627742E09DD4A40BE2944B9A50ECE16405F2176FB3,active,0,30,1,unknown,,,,,2026-08-18T00:06:15+08:00,210.9611111111111,598.0,1998
0,0,unknown,unknown,,,,2026-08-18T00:06:15+08:00,KaiTi;Times New Roman,1,1,0,0,1,0,FORMAL,COMPLETE,Q2,PAPER,0,1,296.6861111111111,841.0,catalog/papers.csv; catalog/paper_files.csv; catalog/scale/g8_paper_status.csv,unknown,True,0,0,1,,,,0,False,,PORTRAIT,9,,UNKNOWN,0,,,,CUMCM-2002-A-005,1.0,text_based,A,A,------------------------------------;Times-Roman;KaiTi,0,0,,,,,True,1,2002年数学建模国赛真题+优秀论文/2002年优秀论文/2002A：车灯线光源的优化设计问题.pdf,primary,520A0E302BA4417CF6C4762B147DD359C6BD74700EA1CFE31A9163E5AAEDF58C,520A0E302BA4417CF6C4762B147DD359C6BD74700EA1CFE31A9163E5AAEDF58C,active,0,45,1,unknown,,,,,2026-08-18T00:06:15+08:00,209.90277777777777,595.0,2002
0,0,unknown,unknown,,,,2026-08-18T00:06:15+08:00,KaiTi,1,0,0,0,1,0,FORMAL,Q3_MANUAL_REQUIRED,Q3,PAPER,0,0,285.115,808.2,catalog/papers.csv; catalog/paper_files.csv; catalog/scale/g8_paper_status.csv,unknown,False,0,0,1,,,,0,False,font_or_text_layer_not_reliable,PORTRAIT,89,,UNKNOWN,0,"1,2,3,4,5,6,7,8,9,10,11,12,13,14,15,16,17,18,19,20,21,22,23,24,25,26,27,28,29,30,31,32,33,34,35,36,37,38,39,40,41,42,43,44,45,46,47,48,49,50,51,52,53,54,55,56,57,58,59,60,61,62,63,64,65,66,67,68,69,70,71,72,73,74,75,76,77,78,79,80,81,82,83,84,85,86,87,88,89",,,CUMCM-2020-A-002,0.8,image_based,A,A,------------------------------------;KaiTi,0,0,,,,,True,1,2020年数学建模国赛真题+优秀论文/2020年优秀论文/2020A：基于维热传导方程的炉温曲线机理模型研究.pdf,primary,AEF1A183FFC67E15112E6CB048F9327B3D0826D8A64648A3EB27171403B43452,AEF1A183FFC67E15112E6CB048F9327B3D0826D8A64648A3EB27171403B43452,active,0,267,1,unknown,,,,,2026-08-18T00:06:15+08:00,201.549,571.32,2020
0,0,unknown,unknown,,,,2026-08-18T00:06:15+08:00,Times New Roman,1,1,0,0,1,0,FORMAL,COMPLETE,Q2,PAPER,0,1,259.9266666666666,736.8,catalog/papers.csv; catalog/paper_files.csv; catalog/scale/g8_paper_status.csv,unknown,False,0,0,1,,,,0,False,,PORTRAIT,11,,UNKNOWN,0,,,,CUMCM-2005-A-001,1.0,text_based,A,A,------------------------------------;Times-Roman,0,0,,,,,True,1,2005年数学建模国赛真题+优秀论文/2005年国赛优秀论文/2005A：长江水质综合评价与预测的数学模型.pdf,primary,4733466C8FCF3B9C3D3AD25EF33E3F4ABBC5F1CFD1DB0AE73337E1712B94F79F,4733466C8FCF3B9C3D3AD25EF33E3F4ABBC5F1CFD1DB0AE73337E1712B94F79F,active,0,44,1,unknown,,,,,2026-08-18T00:06:15+08:00,200.4906666666667,568.32,2005
,,unknown,unknown,,,,2026-08-18T00:06:15+08:00,,0,0,,,0,,FORMAL,INELIGIBLE,,SUPPORTING_MATERIAL,,,,,catalog/papers.csv; catalog/paper_files.csv; catalog/scale/g8_paper_status.csv,unknown,,,,0,,,,,,No analyzable PAPER PDF selected; identity retained in full corpus inventory.,UNKNOWN,,,,,,,,CUMCM-2012-D-006,,NOT_ANALYZED,D,D,,,,,,,,True,1,2012年数学建模国赛真题+优秀论文/2012年优秀论文/2012D：机器人避障问题 (1)/LINGO1.lg4,primary,C8DF5B2F73C5478448BDF6851A8680B8BA9FE8B6305644A825F883087CC414EE,C8DF5B2F73C5478448BDF6851A8680B8BA9FE8B6305644A825F883087CC414EE,active,,,0,unknown,,,,,2026-08-18T00:06:15+08:00,,,2012
,,unknown,unknown,,,,2026-08-18T00:06:15+08:00,,0,0,,,0,,FORMAL,COMPLETE,UNKNOWN,PAPER,,,,,catalog/papers.csv; catalog/paper_files.csv; catalog/scale/g8_paper_status.csv,unknown,,,,0,,,,,,No analyzable PAPER PDF selected; identity retained in full corpus inventory.,UNKNOWN,,,,,,,,CUMCM-2012-D-D044,,NOT_ANALYZED,D,D,,,,,,,,True,1,2012年数学建模国赛真题+优秀论文/2012年优秀论文/2012D：机器人避障问题 (1)/D044.doc,primary,999DE664600FDA9D9811FE4C50324C0C1E4BEC5A0E8BA17BC8D3B66B0D5EAB4C,999DE664600FDA9D9811FE4C50324C0C1E4BEC5A0E8BA17BC8D3B66B0D5EAB4C,active,,,0,unknown,,,,,2026-08-18T00:06:15+08:00,,,2012
0,0,unknown,unknown,,,,2026-08-18T00:06:15+08:00,KaiTi,1,0,0,0,1,0,FORMAL,Q3_MANUAL_REQUIRED,Q3,PAPER,0,0,275.8722222222222,782.0,catalog/papers.csv; catalog/paper_files.csv; catalog/scale/g8_paper_status.csv,unknown,False,0,0,1,,,,0,False,font_or_text_layer_not_reliable,PORTRAIT,10,,UNKNOWN,0,"1,2,3,4,5,6,7,8,9,10",,,CUMCM-2002-A-006,0.8,image_based,A,A,------------------------------------;KaiTi,0,0,,,,,True,1,2002年数学建模国赛真题+优秀论文/2002年优秀论文/2002A：车灯线光源的优化设计方案 (2).pdf,primary,FA785AA6CF32805C7B7B309F9930D94EB203667EC25951D864B9CD46FDDCA5DA,FA785AA6CF32805C7B7B309F9930D94EB203667EC25951D864B9CD46FDDCA5DA,active,0,52,1,unknown,,,,,2026-08-18T00:06:15+08:00,208.13888888888889,590.0,2002
0,0,unknown,unknown,18.45,16.157,19.544,2026-08-18T00:06:15+08:00,KaiTi;SimSun/Song;Syntax;Times New Roman;cajcd-fntaa;cajcd-fntbd;cajcd-fntlt,1,1,220,0,1,1,FORMAL,COMPLETE,Q2,PAPER,0,1,248.70833333333334,705.0,catalog/papers.csv; catalog/paper_files.csv; catalog/scale/g8_paper_status.csv,unknown,False,0,0,1,12.594,12.347,12.912,5,False,,PORTRAIT,6,,TOP,1,,,,CUMCM-1999-B-003,1.0,text_based,B,B,------------------------------------;STSong-Light;Times-Roman;cajcd-fntaa;Times-Italic;Times-Bold;cajcd-fntlt;KaiTi;cajcd-fntbd;Syntax;Syntax;Syntax;Syntax;Syntax;Syntax;Syntax;Syntax;Syntax;Syntax;Syntax;Syntax;Syntax;Syntax;Syntax;Syntax;Syntax;Syntax;Syntax;Syntax;Syntax;Syntax;Syntax;Syntax;Syntax;Syntax;Syntax;Syntax;Syntax;Syntax;Syntax;Syntax;Syntax;Syntax;Syntax;Syntax;Syntax;Syntax;Syntax;Syntax;Syntax;Syntax;Syntax;Syntax;Syntax;Syntax;Syntax;Syntax;Syntax;Syntax;Syntax;Syntax;Syntax;Syntax;Syntax;Syntax;Syntax;Syntax;Syntax;Syntax;Syntax;Syntax;Syntax;Syntax;Syntax;Syntax;Syntax;Syntax;Syntax;Syntax;Syntax;Syntax;Syntax;Syntax;Syntax;Syntax;Syntax;Syntax;Syntax;Syntax;Syntax;Syntax;Syntax;Syntax;Syntax;Syntax;Syntax;Syntax;Syntax;Syntax;Syntax;Syntax;Syntax;Syntax;Syntax;Syntax;Syntax;Syntax;Syntax;Syntax;Syntax;Syntax;Syntax;Syntax;Syntax;Syntax;Syntax;Syntax;Syntax;Syntax;Syntax;Syntax;Syntax;Syntax;Syntax;Syntax;Syntax;Syntax;Syntax;Syntax;Syntax;Syntax;Syntax;Syntax;Syntax;Syntax;Syntax;Syntax;Syntax;Syntax;Syntax;Syntax;Syntax;Syntax;Syntax;Syntax;Syntax;Syntax;Syntax;Syntax;Syntax;Syntax;Syntax;Syntax;Syntax;Syntax;Syntax;Syntax;Syntax;Syntax;Syntax;Syntax;Syntax;Syntax;Syntax;Syntax;Syntax;Syntax;Syntax;Syntax;Syntax;Syntax;Syntax;Syntax;Syntax;Syntax;Syntax;Syntax;Syntax;Syntax;Syntax;Syntax;Syntax;Syntax;Syntax;Syntax;Syntax;Syntax;Syntax;Syntax;Syntax;Syntax;Syntax;Syntax;Syntax;Syntax;Syntax;Syntax;Syntax;Syntax;Syntax;Syntax;Syntax;Syntax;Syntax;Syntax;Syntax;Syntax;Syntax;Syntax;Syntax;Syntax;Syntax;Syntax;Syntax;Syntax;Syntax;Syntax;Syntax;Syntax;Syntax;Syntax;Syntax;Syntax;Syntax;Syntax;Syntax;Syntax;Syntax;Syntax;Syntax;Syntax;Syntax;Syntax;Syntax;Syntax;Syntax;Syntax;Syntax;Syntax;Syntax;Syntax;Syntax;Syntax;Syntax;Syntax;Syntax;Syntax;Syntax;Syntax;Syntax;Syntax;Syntax;Syntax;Syntax;Syntax;Syntax;Syntax;Syntax;Syntax;Syntax;Syntax;Syntax;Syntax;Syntax;Syntax;Syntax;Syntax;Syntax;Syntax;Syntax;Syntax;Syntax;Syntax;Syntax;Syntax;Syntax;Syntax;Syntax;Syntax;Syntax;Syntax;Syntax;Syntax;Syntax;Syntax;Syntax;Syntax;Syntax;Syntax;Syntax;Syntax;Syntax;Syntax;Syntax;Syntax;Syntax;Syntax;Syntax;Syntax;Syntax;Syntax;Syntax;Syntax;Syntax;Syntax;Syntax;Syntax;Syntax;Syntax;Syntax;Syntax;Syntax;Syntax;Syntax;Syntax;Syntax;Syntax;Syntax;Syntax;Syntax;Syntax;Syntax;Syntax;Syntax;Syntax;Syntax;Syntax;Syntax;Syntax;Syntax;Syntax;Syntax;Syntax;Syntax;Syntax;Syntax;Syntax;Syntax;Syntax;Syntax;Syntax;Syntax;Syntax;Syntax;Syntax;Syntax;Syntax;Syntax;Syntax;Syntax;Syntax;Syntax;Syntax;Syntax;Syntax;Syntax;Syntax;Syntax;Syntax;Syntax;Syntax;Syntax;Syntax;Syntax;Syntax;Syntax;Syntax;Syntax;Syntax;Syntax;Syntax;Syntax;Syntax;Syntax;Syntax;Syntax;Syntax;Syntax;Syntax;Syntax;Syntax;Syntax;Syntax;Syntax;Syntax;Syntax;Syntax;Syntax;Syntax;Syntax;Syntax;Syntax;Syntax;Syntax;Syntax;Syntax;Syntax;Syntax;Syntax;Syntax;Syntax;Syntax;Syntax;Syntax;Syntax;Syntax;Syntax;Syntax;Syntax;Syntax;Syntax;Syntax;Syntax;Syntax;Syntax;Syntax;Syntax;Syntax;Syntax;Syntax;Syntax;Syntax;Syntax;Syntax;Syntax;Syntax;Syntax;Syntax;Syntax;Syntax;Syntax;Syntax;Syntax;Syntax;Syntax;Syntax;Syntax;Syntax;Syntax;Syntax;Syntax;Syntax;Syntax;Syntax;Syntax;Syntax;Syntax;Syntax;Syntax;Syntax;Syntax;Syntax;Syntax;Syntax;Syntax;Syntax;Syntax;Syntax;Syntax;Syntax;Syntax;Syntax;Syntax;Syntax;Syntax;Syntax;Syntax;Syntax;Syntax;Syntax;Syntax;Syntax;Syntax;Syntax;Syntax;Syntax;Syntax;Syntax;Syntax;Syntax;Syntax;Syntax;Syntax;Syntax;Syntax;Syntax;Syntax;Syntax;Syntax;Syntax;Syntax;Syntax;Syntax;Syntax;Syntax;Syntax;Syntax;Syntax;Syntax;Syntax;Syntax;Syntax;Syntax;Syntax;Syntax;Syntax;Syntax;Syntax;Syntax;Syntax;Syntax;Syntax;Syntax;Syntax;Syntax;Syntax;Syntax;Syntax;Syntax;Syntax;Syntax;Syntax;Syntax;Syntax;Syntax;Syntax;Syntax;Syntax;Syntax;Syntax;Syntax;Syntax;Syntax;Syntax;Syntax;Syntax;Syntax;Syntax;Syntax;Syntax;Syntax;Syntax;Syntax;Syntax;Syntax;Syntax;Syntax;Syntax;Syntax;Syntax;Syntax;Syntax;Syntax;Syntax;Syntax;Syntax;Syntax;Syntax;Syntax;Syntax;Syntax;Syntax;Syntax;Syntax;Syntax;Syntax;Syntax;Syntax;Syntax;Syntax;Syntax;Syntax;Syntax;Syntax;Syntax;Syntax;Syntax;Syntax;Syntax;Syntax;Syntax;Syntax;Syntax;Syntax;Syntax;Syntax;Syntax;Syntax;Syntax;Syntax;Syntax;Syntax;Syntax;Syntax;Syntax;Syntax;Syntax;Syntax;Syntax;Syntax;Syntax;Syntax;Syntax;Syntax;Syntax;Syntax;Syntax;Syntax;Syntax;Syntax;Syntax;Syntax;Syntax;Syntax;Syntax;Syntax;Syntax;Syntax;Syntax;Syntax;Syntax;Syntax;Syntax;Syntax;Syntax;Syntax;Syntax;Syntax;Syntax;Syntax;Syntax;Syntax;Syntax;Syntax;Syntax;Syntax;Syntax;Syntax;Syntax;Syntax;Syntax;Syntax;Syntax;Syntax;Syntax;Syntax;Syntax;Syntax;Syntax;Syntax;Syntax;Syntax;Syntax;Syntax;Syntax;Syntax;Syntax;Syntax;Syntax;Syntax;Syntax;Syntax;Syntax;Syntax;Syntax;Syntax;Syntax;Syntax;Syntax;Syntax;Syntax;Syntax;Syntax;Syntax;Syntax;Syntax;Syntax;Syntax;Syntax;Syntax;Syntax;Syntax;Syntax;Syntax;Syntax;Syntax;Syntax;Syntax;Syntax;Syntax;Syntax;Syntax;Syntax;Syntax;Syntax;Syntax;Syntax;Syntax;Syntax;Syntax;Syntax;Syntax;Syntax;Syntax;Syntax;Syntax;Syntax;Syntax;Syntax;Syntax;Syntax;Syntax;Syntax;Syntax;Syntax;Syntax;Syntax;Syntax;Syntax;Syntax;Syntax;Syntax;Syntax;Syntax;Syntax;Syntax;Syntax;Syntax;Syntax;Syntax;Syntax;Syntax;Syntax;Syntax;Syntax;Syntax;Syntax;Syntax;Syntax;Syntax;Syntax;Syntax;Syntax;Syntax;Syntax;Syntax;Syntax;Syntax;Syntax;Syntax;Syntax;Syntax;Syntax;Syntax;Syntax;Syntax;Syntax;Syntax;Syntax;Syntax;Syntax;Syntax;Syntax;Syntax;Syntax;Syntax;Syntax;Syntax;Syntax;Syntax;Syntax;Syntax;Syntax;Syntax;Syntax;Syntax;Syntax;Syntax;Syntax;Syntax;Syntax;Syntax;Syntax;Syntax;Syntax;Syntax;Syntax;Syntax;Syntax;Syntax;Syntax;Syntax;Syntax;Syntax;Syntax;Syntax;Syntax;Syntax;Syntax;Syntax;Syntax;Syntax;Syntax;Syntax;Syntax;Syntax;Syntax;Syntax;Syntax;Syntax;Syntax;Syntax;Syntax;Syntax;Syntax;Syntax;Syntax;Syntax;Syntax;Syntax;Syntax;Syntax;Syntax;Syntax;Syntax;Syntax;Syntax;Syntax;Syntax;Syntax;Syntax;Syntax;Syntax;Syntax;Syntax;Syntax;Syntax;Syntax;Syntax;Syntax;Syntax;Syntax;Syntax;Syntax;Syntax;Syntax;Syntax;Syntax;Syntax;Syntax;Syntax;Syntax;Syntax;Syntax;Syntax;Syntax;Syntax;Syntax;Syntax;Syntax;Syntax;Syntax;Syntax;Syntax;Syntax;Syntax;Syntax;Syntax;Syntax;Syntax;Syntax;Syntax;Syntax;Syntax;Syntax;Syntax;Syntax;Syntax;Syntax;Syntax;Syntax;Syntax;Syntax;Syntax;Syntax;Syntax;Syntax;Syntax;Syntax;Syntax;Syntax;Syntax;Syntax;Syntax;Syntax;Syntax;Syntax;Syntax;Syntax;Syntax;Syntax;Syntax;Syntax;Syntax;Syntax;Syntax;Syntax;Syntax;Syntax;Syntax;Syntax;Syntax;Syntax;Syntax;Syntax;Syntax;Syntax;Syntax;Syntax;Syntax;Syntax;Syntax;Syntax;Syntax;Syntax;Syntax;Syntax;Syntax;Syntax;Syntax;Syntax;Syntax;Syntax;Syntax;Syntax;Syntax;Syntax;Syntax;Syntax;Syntax;Syntax;Syntax;Syntax;Syntax;Syntax;Syntax;Syntax;Syntax;Syntax;Syntax;Syntax;Syntax;Syntax;Syntax;Syntax;Syntax;Syntax;Syntax;Syntax;Syntax;Syntax;Syntax;Syntax;Syntax;Syntax;Syntax;Syntax;Syntax;Syntax;Syntax;Syntax;Syntax;Syntax;Syntax;Syntax;Syntax;Syntax;Syntax;Syntax;Syntax;Syntax;Syntax;Syntax;Syntax;Syntax;Syntax;Syntax;Syntax;Syntax;Syntax;Syntax;Syntax;Syntax;Syntax;Syntax;Syntax;Syntax;Syntax;Syntax;Syntax;Syntax;Syntax;Syntax;Syntax;Syntax;Syntax;Syntax;Syntax;Syntax;Syntax;Syntax;Syntax;Syntax;Syntax;Syntax;Syntax;Syntax;Syntax;Syntax;Syntax;Syntax;Syntax;Syntax;Syntax;Syntax;Syntax;Syntax;Syntax;Syntax;Syntax;Syntax;Syntax;Syntax;Syntax;Syntax;Syntax;Syntax;Syntax;Syntax;Syntax;Syntax;Syntax;Syntax;Syntax;Syntax;Syntax;Syntax;Syntax;Syntax;Syntax;Syntax;Syntax;Syntax;Syntax;Syntax;Syntax;Syntax;Syntax;Syntax;Syntax;Syntax;Syntax;Syntax;Syntax;Syntax;Syntax;Syntax;Syntax;Syntax;Syntax;Syntax;Syntax;Syntax;Syntax;Syntax;Syntax;Syntax;Syntax;Syntax;Syntax;Syntax;Syntax;Syntax;Syntax;Syntax;Syntax;Syntax;Syntax;Syntax;Syntax;Syntax;Syntax;Syntax;Syntax;Syntax;Syntax;Syntax;Syntax;Syntax;Syntax;Syntax;Syntax;Syntax;Syntax;Syntax;Syntax;Syntax;Syntax;Syntax;Syntax;Syntax;Syntax;Syntax;Syntax;Syntax;Syntax;Syntax;Syntax;Syntax;Syntax;Syntax;Syntax;Syntax;Syntax;Syntax;Syntax;Syntax;Syntax;Syntax;Syntax;Syntax;Syntax;Syntax;Syntax;Syntax;Syntax;Syntax;Syntax;Syntax;Syntax;Syntax;Syntax;Syntax;Syntax;Syntax;Syntax;Syntax;Syntax;Syntax;Syntax;Syntax;Syntax;Syntax;Syntax;Syntax;Syntax;Syntax;Syntax;Syntax;Syntax;Syntax;Syntax;Syntax;Syntax;Syntax;Syntax;Syntax;Syntax;Syntax;Syntax;Syntax;Syntax;Syntax;Syntax;Syntax;Syntax;Syntax;Syntax;Syntax;Syntax;Syntax;Syntax;Syntax;Syntax;Syntax;Syntax;Syntax;Syntax;Syntax;Syntax;Syntax;Syntax;Syntax;Syntax;Syntax;Syntax;Syntax;Syntax;Syntax;Syntax;Syntax;Syntax;Syntax;Syntax;Syntax;Syntax;Syntax;Syntax;Syntax;Syntax;Syntax;Syntax;Syntax;Syntax;Syntax;Syntax;Syntax;Syntax;Syntax;Syntax;Syntax;Syntax;Syntax;Syntax;Syntax;Syntax;Syntax;Syntax;Syntax;Syntax;Syntax;Syntax;Syntax;Syntax;Syntax;Syntax;Syntax;Syntax;Syntax;Syntax;Syntax;Syntax;Syntax;Syntax;Syntax;Syntax;Syntax;Syntax;Syntax;Syntax;Syntax;Syntax;Syntax;Syntax;Syntax;Syntax;Syntax;Syntax;Syntax;Syntax;Syntax;Syntax;Syntax;Syntax;Syntax;Syntax;Syntax;Syntax;Syntax;Syntax;Syntax;Syntax;Syntax;Syntax;Syntax;Syntax;Syntax;Syntax;Syntax;Syntax;Syntax;Syntax;Syntax;Syntax;Syntax;Syntax;Syntax;Syntax;Syntax;Syntax;Syntax;Syntax;Syntax;Syntax;Syntax;Syntax;Syntax;Syntax;Syntax;Syntax;Syntax;Syntax;Syntax;Syntax;Syntax;Syntax;Syntax;Syntax;Syntax;Syntax;Syntax;Syntax;Syntax;Syntax;Syntax;Syntax;Syntax;Syntax;Syntax;Syntax;Syntax;Syntax;Syntax;Syntax;Syntax;Syntax;Syntax;Syntax;Syntax;Syntax;Syntax;Syntax;Syntax;Syntax;Syntax;Syntax;Syntax;Syntax;Syntax;Syntax;Syntax;Syntax;Syntax;Syntax;Syntax;Syntax;Syntax;Syntax;Syntax;Syntax;Syntax;Syntax;Syntax;Syntax;Syntax;Syntax;Syntax;Syntax;Syntax;Syntax;Syntax;Syntax;Syntax;Syntax;Syntax;Syntax;Syntax;Syntax;Syntax;Syntax;Syntax;Syntax;Syntax;Syntax;Syntax;Syntax;Syntax;Syntax;Syntax;Syntax;Syntax;Syntax;Syntax;Syntax;Syntax;Syntax;Syntax;Syntax;Syntax;Syntax;Syntax;Syntax;Syntax;Syntax;Syntax;Syntax;Syntax;Syntax;Syntax;Syntax;Syntax;Syntax;Syntax;Syntax;Syntax;Syntax;Syntax;Syntax;Syntax;Syntax;Syntax;Syntax;Syntax;Syntax;Syntax;Syntax;Syntax;Syntax;Syntax;Syntax;Syntax;Syntax;Syntax;Syntax;Syntax;Syntax;Syntax;Syntax;Syntax;Syntax;Syntax;Syntax;Syntax;Syntax;Syntax;Syntax;Syntax;Syntax;Syntax;Syntax;Syntax;Syntax;Syntax;Syntax;Syntax;Syntax;Syntax;Syntax;Syntax;Syntax;Syntax;Syntax;Syntax;Syntax;Syntax;Syntax;Syntax;Syntax;Syntax;Syntax;Syntax;Syntax;Syntax;Syntax;Syntax;Syntax;Syntax;Syntax;Syntax;Syntax;Syntax;Syntax;Syntax;Syntax;Syntax;Syntax;Syntax;Syntax;Syntax;Syntax;Syntax;Syntax;Syntax;Syntax;Syntax;Syntax;Syntax;Syntax;Syntax;Syntax;Syntax;Syntax;Syntax;Syntax;Syntax;Syntax;Syntax;Syntax;Syntax;Syntax;Syntax;Syntax;Syntax;Syntax;Syntax;Syntax;Syntax;Syntax;Syntax;Syntax;Syntax;Syntax;Syntax;Syntax;Syntax;Syntax;Syntax;Syntax;Syntax;Syntax;Syntax;Syntax;Syntax,12,0,10.195,9.661,10.266,,True,1,1999年数学建模国赛真题+优秀论文/1999年国赛优秀论文/1999B：钻井布局.pdf,primary,E837A050E1F8C8FBACEF5C9614A37002858951C7AD98B2E2F051456B010AC568,E837A050E1F8C8FBACEF5C9614A37002858951C7AD98B2E2F051456B010AC568,active,0,999,1,unknown,M A TH EM A T ICSINPRA CT ICE ANDTH EO R Y | L oca tion Arrangem en t M odel of D r ill ing W ell,14.146,14.146,14.146,2026-08-18T00:06:15+08:00,167.56944444444446,475.0,1999
1,1,unknown,unknown,18.295,18.295,18.295,2026-08-18T00:06:15+08:00,Arial;KaiTi;SimHei;SimSun/Song;SymbolMT;Times New Roman,1,1,622,9,1,1,FORMAL,COMPLETE,Q2,PAPER,0,0,297.0388888888889,842.0,catalog/papers.csv; catalog/paper_files.csv; catalog/scale/g8_paper_status.csv,unknown,True,0,1,1,31.75,31.75,31.75,24,False,,PORTRAIT,25,,BOTTOM,1,,,,CUMCM-2006-A-002,1.0,text_based,A,A,------------------------------------;TimesNewRomanPSMT;GPOMIL+SimHei;GPOMOG+SimSun;KaiTi;ArialMT;TimesNewRomanPS-ItalicMT;GPPEHI+SymbolMT;HAACIO+KaiTi_GB2312;TimesNewRomanPS-BoldMT;HAAOCP+NSimSun;Arial-BoldMT,84,1,30.064,29.596,31.609,,True,1,2006年数学建模国赛真题+优秀论文/2006年优秀论文/2006A：层次分析思想在出版社资源配置中的应用.pdf,primary,90A884D6E6B981A09FCE4A9CCC60D66C5E80581203E285889E74945EDABBF0AB,90A884D6E6B981A09FCE4A9CCC60D66C5E80581203E285889E74945EDABBF0AB,active,19,2731,1,unknown,层次分析思想在出版社资源配置中的应用 | 最大化的书号分配方案。总社在书号总数量一定的情况下，根据分社提交的信息，,26.818,26.814,27.747,2026-08-18T00:06:15+08:00,209.98038888888888,595.22,2006
,,unknown,unknown,,,,2026-08-18T00:06:15+08:00,,0,0,,,0,,FORMAL,INELIGIBLE,,PROBLEM_PACKAGE,,,,,catalog/papers.csv; catalog/paper_files.csv; catalog/scale/g8_paper_status.csv,unknown,,,,0,,,,,,No analyzable PAPER PDF selected; identity retained in full corpus inventory.,UNKNOWN,,,,,,,,CUMCM-2009-B-002,,NOT_ANALYZED,B,B,,,,,,,,True,1,2009年数学建模国赛真题+优秀论文/2009年赛题/2009年国赛B题.doc,primary,8791825215DA4641CBFE6624A2007F42F87A82A5FF35230ECB62614172EB8BF3,8791825215DA4641CBFE6624A2007F42F87A82A5FF35230ECB62614172EB8BF3,active,,,0,unknown,,,,,2026-08-18T00:06:15+08:00,,,2009
1,1,unknown,unknown,23.685,23.685,23.685,2026-08-18T00:06:15+08:00,Andalus;Arial;Batang;Helvetica;Symbol;Wingdings,1,1,270,24,1,0,FORMAL,COMPLETE,Q2,PAPER,0,0,297.0106666666666,841.92,catalog/papers.csv; catalog/paper_files.csv; catalog/scale/g8_paper_status.csv,unknown,True,0,1,1,31.757,31.757,31.757,23,False,,PORTRAIT,24,,BOTTOM,1,,,,CUMCM-2011-A-004,1.0,text_based,A,A,------------------------------------;ABCDEE+Andalus;Symbol;ABCDEE+Batang;Helvetica;ABCDEE+Wingdings;Arial,23,0,30.092,29.626,31.744,,True,1,2011年数学建模国赛真题+优秀论文/2011年优秀论文/2011A：城市表层土壤重金属污染分析（1）.pdf,primary,72719EF517A3254F0BD852882843C1310882D092883DA60C3B5F88542953E157,72719EF517A3254F0BD852882843C1310882D092883DA60C3B5F88542953E157,active,7,1306,1,unknown,城市表层土壤重金属污染分析 | 用 matlab 编程得到八种重金属浓度值在空间上的分布，并绘制成等值线图，得,25.76,25.421,33.846,2026-08-18T00:06:15+08:00,210.01566666666668,595.32,2011
0,0,unknown,unknown,,,,2026-08-18T00:06:15+08:00,Times New Roman,1,1,0,0,1,0,FORMAL,COMPLETE,Q2,PAPER,0,1,259.9266666666666,736.8,catalog/papers.csv; catalog/paper_files.csv; catalog/scale/g8_paper_status.csv,unknown,False,0,0,1,,,,0,False,,PORTRAIT,9,,UNKNOWN,0,,,,CUMCM-2005-B-005,1.0,text_based,B,B,------------------------------------;Times-Roman,0,0,,,,,True,1,2005年数学建模国赛真题+优秀论文/2005年国赛优秀论文/2005B：DVD租赁优化方案.pdf,primary,A2EB60BEE5DD0395D2DB678F7A138BFA698DA1A2AC02616005765B2ED7AF0B33,A2EB60BEE5DD0395D2DB678F7A138BFA698DA1A2AC02616005765B2ED7AF0B33,active,0,36,1,unknown,,,,,2026-08-18T00:06:15+08:00,200.4906666666667,568.32,2005
,,unknown,unknown,,,,2026-08-18T00:06:15+08:00,,0,0,,,0,,FORMAL,INELIGIBLE,,PROBLEM_PACKAGE,,,,,catalog/papers.csv; catalog/paper_files.csv; catalog/scale/g8_paper_status.csv,unknown,,,,0,,,,,,No analyzable PAPER PDF selected; identity retained in full corpus inventory.,UNKNOWN,,,,,,,,CUMCM-2005-D-001,,NOT_ANALYZED,D,D,,,,,,,,True,1,2005年数学建模国赛真题+优秀论文/2005年赛题/2005年国赛D题.doc,primary,C54BBDE1D36C77F0067BD4CC4F7589BF29552F7B08A55D0DFDA23B67EA04790D,C54BBDE1D36C77F0067BD4CC4F7589BF29552F7B08A55D0DFDA23B67EA04790D,active,,,0,unknown,,,,,2026-08-18T00:06:15+08:00,,,2005
0,0,unknown,unknown,17.992,17.357,25.259,2026-08-18T00:06:15+08:00,KaiTi;SimSun/Song;Syntax;Times New Roman;cajcd-fntaa;cajcd-fntbd;cajcd-fntlt,1,1,451,0,1,1,FORMAL,COMPLETE,Q2,PAPER,0,1,248.70833333333334,705.0,catalog/papers.csv; catalog/paper_files.csv; catalog/scale/g8_paper_status.csv,unknown,False,0,0,1,12.912,12.629,12.912,3,False,,PORTRAIT,4,,TOP,1,,,,CUMCM-2000-B-004,1.0,text_based,B,B,------------------------------------;STSong-Light;Times-Roman;cajcd-fntaa;Times-Bold;Times-Italic;cajcd-fntbd;cajcd-fntlt;KaiTi;Syntax;Syntax;Syntax;Syntax;Syntax;Syntax;Syntax;Syntax;Syntax;Syntax;Syntax;Syntax;Syntax;Syntax;Syntax;Syntax;Syntax;Syntax;Syntax;Syntax;Syntax;Syntax;Syntax;Syntax;Syntax;Syntax;Syntax;Syntax;Syntax;Syntax;Syntax;Syntax;Syntax;Syntax;Syntax;Syntax;Syntax;Syntax;Syntax;Syntax;Syntax;Syntax;Syntax;Syntax;Syntax;Syntax;Syntax;Syntax;Syntax;Syntax;Syntax;Syntax;Syntax;Syntax;Syntax;Syntax;Syntax;Syntax;Syntax;Syntax;Syntax;Syntax;Syntax;Syntax;Syntax;Syntax;Syntax;Syntax;Syntax;Syntax;Syntax;Syntax;Syntax;Syntax;Syntax;Syntax;Syntax;Syntax;Syntax;Syntax;Syntax;Syntax;Syntax;Syntax;Syntax;Syntax;Syntax;Syntax;Syntax;Syntax;Syntax;Syntax;Syntax;Syntax;Syntax;Syntax;Syntax;Syntax;Syntax;Syntax;Syntax;Syntax;Syntax;Syntax;Syntax;Syntax;Syntax;Syntax;Syntax;Syntax;Syntax;Syntax;Syntax;Syntax;Syntax;Syntax;Syntax;Syntax;Syntax;Syntax;Syntax;Syntax;Syntax;Syntax;Syntax;Syntax;Syntax;Syntax;Syntax;Syntax;Syntax;Syntax;Syntax;Syntax;Syntax;Syntax;Syntax;Syntax;Syntax;Syntax;Syntax;Syntax;Syntax;Syntax;Syntax;Syntax;Syntax;Syntax;Syntax;Syntax;Syntax;Syntax;Syntax;Syntax;Syntax;Syntax;Syntax;Syntax;Syntax;Syntax;Syntax;Syntax;Syntax;Syntax;Syntax;Syntax;Syntax;Syntax;Syntax;Syntax;Syntax;Syntax;Syntax;Syntax;Syntax;Syntax;Syntax;Syntax;Syntax;Syntax;Syntax;Syntax;Syntax;Syntax;Syntax;Syntax;Syntax;Syntax;Syntax;Syntax;Syntax;Syntax;Syntax;Syntax;Syntax;Syntax;Syntax;Syntax;Syntax;Syntax;Syntax;Syntax;Syntax;Syntax;Syntax;Syntax;Syntax;Syntax;Syntax;Syntax;Syntax;Syntax;Syntax;Syntax;Syntax;Syntax;Syntax;Syntax;Syntax;Syntax;Syntax;Syntax;Syntax;Syntax;Syntax;Syntax;Syntax;Syntax;Syntax;Syntax;Syntax;Syntax;Syntax;Syntax;Syntax;Syntax;Syntax;Syntax;Syntax;Syntax;Syntax;Syntax;Syntax;Syntax;Syntax;Syntax;Syntax;Syntax;Syntax;Syntax;Syntax;Syntax;Syntax;Syntax;Syntax;Syntax;Syntax;Syntax;Syntax;Syntax;Syntax;Syntax;Syntax;Syntax;Syntax;Syntax;Syntax;Syntax;Syntax;Syntax;Syntax;Syntax;Syntax;Syntax;Syntax;Syntax;Syntax;Syntax;Syntax;Syntax;Syntax;Syntax;Syntax;Syntax;Syntax;Syntax;Syntax;Syntax;Syntax;Syntax;Syntax;Syntax;Syntax;Syntax;Syntax;Syntax;Syntax;Syntax;Syntax;Syntax;Syntax;Syntax;Syntax;Syntax;Syntax;Syntax;Syntax;Syntax;Syntax;Syntax;Syntax;Syntax;Syntax;Syntax;Syntax;Syntax;Syntax;Syntax;Syntax;Syntax;Syntax;Syntax;Syntax;Syntax;Syntax;Syntax;Syntax;Syntax;Syntax;Syntax;Syntax;Syntax;Syntax;Syntax;Syntax;Syntax;Syntax;Syntax;Syntax;Syntax;Syntax;Syntax;Syntax;Syntax;Syntax;Syntax;Syntax;Syntax;Syntax;Syntax;Syntax;Syntax;Syntax;Syntax;Syntax;Syntax;Syntax;Syntax;Syntax;Syntax;Syntax;Syntax;Syntax;Syntax;Syntax;Syntax;Syntax;Syntax;Syntax;Syntax;Syntax;Syntax;Syntax;Syntax;Syntax;Syntax;Syntax;Syntax;Syntax;Syntax;Syntax;Syntax;Syntax;Syntax;Syntax;Syntax;Syntax;Syntax;Syntax;Syntax;Syntax;Syntax;Syntax;Syntax;Syntax;Syntax;Syntax;Syntax;Syntax;Syntax;Syntax;Syntax;Syntax;Syntax;Syntax;Syntax;Syntax;Syntax;Syntax;Syntax;Syntax;Syntax;Syntax;Syntax;Syntax;Syntax;Syntax;Syntax;Syntax;Syntax;Syntax;Syntax;Syntax;Syntax;Syntax;Syntax;Syntax;Syntax;Syntax;Syntax;Syntax;Syntax;Syntax;Syntax;Syntax;Syntax;Syntax;Syntax;Syntax;Syntax;Syntax;Syntax;Syntax;Syntax;Syntax;Syntax;Syntax;Syntax;Syntax;Syntax;Syntax;Syntax;Syntax;Syntax;Syntax;Syntax;Syntax;Syntax;Syntax;Syntax;Syntax;Syntax;Syntax;Syntax;Syntax;Syntax;Syntax;Syntax;Syntax;Syntax;Syntax;Syntax;Syntax;Syntax;Syntax;Syntax;Syntax;Syntax;Syntax;Syntax;Syntax;Syntax;Syntax;Syntax;Syntax;Syntax;Syntax;Syntax;Syntax;Syntax;Syntax;Syntax;Syntax;Syntax;Syntax;Syntax;Syntax;Syntax;Syntax;Syntax;Syntax;Syntax;Syntax;Syntax;Syntax;Syntax;Syntax;Syntax;Syntax;Syntax;Syntax;Syntax;Syntax;Syntax;Syntax;Syntax;Syntax;Syntax;Syntax;Syntax;Syntax;Syntax;Syntax;Syntax;Syntax;Syntax;Syntax;Syntax;Syntax;Syntax;Syntax;Syntax;Syntax;Syntax;Syntax;Syntax;Syntax;Syntax;Syntax;Syntax;Syntax;Syntax;Syntax;Syntax;Syntax;Syntax;Syntax;Syntax;Syntax;Syntax;Syntax;Syntax;Syntax;Syntax;Syntax;Syntax;Syntax;Syntax;Syntax;Syntax;Syntax;Syntax;Syntax;Syntax;Syntax;Syntax;Syntax;Syntax;Syntax;Syntax;Syntax;Syntax;Syntax;Syntax;Syntax;Syntax;Syntax;Syntax;Syntax;Syntax;Syntax;Syntax;Syntax;Syntax;Syntax;Syntax;Syntax;Syntax;Syntax;Syntax;Syntax;Syntax;Syntax;Syntax;Syntax;Syntax;Syntax;Syntax;Syntax;Syntax;Syntax;Syntax;Syntax;Syntax;Syntax;Syntax;Syntax;Syntax;Syntax;Syntax;Syntax;Syntax;Syntax;Syntax;Syntax;Syntax;Syntax;Syntax;Syntax;Syntax;Syntax;Syntax;Syntax;Syntax;Syntax;Syntax;Syntax;Syntax;Syntax;Syntax;Syntax;Syntax;Syntax;Syntax;Syntax;Syntax;Syntax;Syntax;Syntax;Syntax;Syntax;Syntax;Syntax;Syntax;Syntax;Syntax;Syntax;Syntax;Syntax;Syntax;Syntax;Syntax;Syntax;Syntax;Syntax;Syntax;Syntax;Syntax;Syntax;Syntax;Syntax;Syntax;Syntax;Syntax;Syntax;Syntax;Syntax;Syntax;Syntax;Syntax;Syntax;Syntax;Syntax;Syntax;Syntax;Syntax;Syntax;Syntax;Syntax;Syntax;Syntax;Syntax;Syntax;Syntax;Syntax;Syntax;Syntax;Syntax;Syntax;Syntax;Syntax;Syntax;Syntax;Syntax;Syntax;Syntax;Syntax;Syntax;Syntax;Syntax;Syntax;Syntax;Syntax;Syntax;Syntax;Syntax;Syntax;Syntax;Syntax;Syntax;Syntax;Syntax;Syntax;Syntax;Syntax;Syntax;Syntax;Syntax;Syntax;Syntax;Syntax;Syntax;Syntax;Syntax;Syntax;Syntax;Syntax;Syntax;Syntax;Syntax;Syntax;Syntax;Syntax;Syntax;Syntax;Syntax;Syntax;Syntax;Syntax;Syntax;Syntax;Syntax;Syntax;Syntax;Syntax;Syntax;Syntax;Syntax;Syntax;Syntax;Syntax;Syntax;Syntax;Syntax;Syntax;Syntax;Syntax;Syntax;Syntax;Syntax;Syntax;Syntax;Syntax;Syntax;Syntax;Syntax;Syntax;Syntax;Syntax;Syntax;Syntax;Syntax;Syntax;Syntax;Syntax;Syntax;Syntax;Syntax;Syntax;Syntax;Syntax;Syntax;Syntax;Syntax;Syntax;Syntax;Syntax;Syntax;Syntax;Syntax;Syntax;Syntax;Syntax;Syntax;Syntax;Syntax;Syntax;Syntax;Syntax;Syntax;Syntax;Syntax;Syntax;Syntax;Syntax;Syntax;Syntax;Syntax;Syntax;Syntax;Syntax;Syntax;Syntax;Syntax;Syntax;Syntax;Syntax;Syntax;Syntax;Syntax;Syntax;Syntax;Syntax;Syntax;Syntax;Syntax;Syntax;Syntax;Syntax;Syntax;Syntax;Syntax;Syntax;Syntax;Syntax;Syntax;Syntax;Syntax;Syntax;Syntax;Syntax;Syntax;Syntax;Syntax;Syntax;Syntax;Syntax;Syntax;Syntax;Syntax;Syntax;Syntax;Syntax;Syntax;Syntax;Syntax;Syntax;Syntax;Syntax;Syntax;Syntax;Syntax;Syntax;Syntax;Syntax;Syntax;Syntax;Syntax;Syntax;Syntax;Syntax;Syntax;Syntax;Syntax;Syntax;Syntax;Syntax;Syntax;Syntax;Syntax;Syntax;Syntax;Syntax;Syntax;Syntax;Syntax;Syntax;Syntax;Syntax;Syntax;Syntax;Syntax;Syntax;Syntax;Syntax;Syntax;Syntax;Syntax;Syntax;Syntax;Syntax;Syntax;Syntax;Syntax;Syntax;Syntax;Syntax;Syntax;Syntax;Syntax;Syntax;Syntax;Syntax;Syntax;Syntax;Syntax;Syntax;Syntax;Syntax;Syntax;Syntax;Syntax;Syntax;Syntax;Syntax;Syntax;Syntax;Syntax;Syntax;Syntax;Syntax;Syntax;Syntax;Syntax;Syntax;Syntax;Syntax;Syntax;Syntax;Syntax;Syntax;Syntax;Syntax;Syntax;Syntax;Syntax;Syntax;Syntax;Syntax;Syntax;Syntax;Syntax;Syntax;Syntax;Syntax;Syntax;Syntax;Syntax;Syntax;Syntax;Syntax;Syntax;Syntax;Syntax;Syntax;Syntax;Syntax;Syntax;Syntax;Syntax;Syntax;Syntax;Syntax,7,0,10.16,10.142,10.301,,True,1,2000年数学建模国赛真题+优秀论文/2000年国赛优秀论文/2000B：钢管订购和运输策略.pdf,primary,35E3A4582B1DFB5499A6AACA6153DADB175C9A5C6EE8299EDC2731D90CBF5975,35E3A4582B1DFB5499A6AACA6153DADB175C9A5C6EE8299EDC2731D90CBF5975,active,0,1153,1,unknown,M A TH EM A T ICSINPRA CT ICE ANDTH EO R Y | m ethod of im p roved a lgo rithmto get an in itia l so lu tion;Second ly w e u se the m ethod of itera tion,14.146,14.146,14.146,2026-08-18T00:06:15+08:00,167.56944444444446,475.0,2000
0,1,unknown,unknown,18.203,18.203,18.203,2026-08-18T00:06:15+08:00,KaiTi;MingLiU-Identity-H;SimHei;SimSun/Song;SymbolMT;Times New Roman,1,1,556,0,1,1,FORMAL,COMPLETE,Q2,PAPER,0,0,296.926,841.68,catalog/papers.csv; catalog/paper_files.csv; catalog/scale/g8_paper_status.csv,unknown,True,0,1,1,31.75,31.75,31.75,19,False,,PORTRAIT,20,,BOTTOM,1,,,,CUMCM-2009-A-001,0.88,text_based,A,A,------------------------------------;FMDXBJ+TimesNewRomanPS-BoldMT-Identity-H;VXOBRB+SimSun-Identity-H;QUFKLL+TimesNewRomanPSMT-Identity-H;SimSun;KaiTi;SJPNFM+SimHei-Identity-H;XSGDIO+TimesNewRomanPS-ItalicMT-Identity-H;SymbolMT;RMJSZE+MingLiU-Identity-H,12,1,-64.607,-64.607,-64.607,,True,1,2009年数学建模国赛真题+优秀论文/2009年优秀论文/2009A：制动器试验台的控制方法分析.pdf,primary,310B218EA9B95B2B8F1596866705FB6415222D00E941765151A7F72372AC0B38,310B218EA9B95B2B8F1596866705FB6415222D00E941765151A7F72372AC0B38,active,0,1896,1,unknown,承 诺 书 | 上咨询等）与队外的任何人（包括指导教师）研究、讨论与赛题有关的问题。,25.4,25.315,27.771,2026-08-18T00:06:15+08:00,209.97333333333333,595.2,2009
1,1,unknown,unknown,20.712,20.712,20.712,2026-08-18T00:06:15+08:00,Cambria;DengXian-Regular;MS-Gothic;SimHei;SimSun/Song;Times New Roman,1,1,371,24,1,1,FORMAL,COMPLETE,Q2,PAPER,0,0,297.0388888888889,842.0,catalog/papers.csv; catalog/paper_files.csv; catalog/scale/g8_paper_status.csv,unknown,True,0,1,1,25.019,25.019,25.019,23,False,,PORTRAIT,24,,BOTTOM,1,,,,CUMCM-2017-A-003,1.0,text_based,A,A,------------------------------------;XEKKFX+SimHei;LNUHNF+SimSun;DCWGQU+CambriaMath;ESHXQI+TimesNewRomanPS-BoldMT;AUWCNV+TimesNewRomanPSMT;VPMCZV+Cambria;XREYYN+Cambria-Bold;DLGYVJ+MS-Gothic;WRGGGP+DengXian-Regular,100,1,24.141,22.871,24.973,,True,1,2017年数学建模国赛真题+优秀论文/2017年优秀论文/2017A：CT系统参数标定及成像  (2).pdf,primary,AA78BEE1EA197CAEF35E3DD5C7185E2AF874F2345C3293AA4571B9B48B738322,AA78BEE1EA197CAEF35E3DD5C7185E2AF874F2345C3293AA4571B9B48B738322,active,6,1861,1,unknown,CT 系统参数标定及反投影重建成像 | 建立离散模型并对其简化从而对 CT 仪器参数进行了标定；建立平行束滤波反投影重建,25.037,25.033,25.037,2026-08-18T00:06:15+08:00,210.02625,595.35,2017
1,1,unknown,unknown,18.295,18.295,18.295,2026-08-18T00:06:15+08:00,Arial;KaiTi;MT-Extra;SimSun/Song;SymbolMT;Times New Roman,1,1,166,0,1,1,FORMAL,COMPLETE,Q2,PAPER,0,0,297.0388888888889,842.0,catalog/papers.csv; catalog/paper_files.csv; catalog/scale/g8_paper_status.csv,unknown,True,0,1,1,25.019,25.019,25.019,15,False,,PORTRAIT,16,,BOTTOM,1,,,,CUMCM-2006-A-003,1.0,text_based,A,A,------------------------------------;TimesNewRomanPSMT;GKLIDD+SimSun;TimesNewRomanPS-BoldMT;GKLJBN+SymbolMT;KaiTi;TimesNewRomanPS-ItalicMT;GKLMPF+MT-Extra;ArialMT;GKLPIN+NSimSun,36,1,24.035,22.858,24.963,,True,1,2006年数学建模国赛真题+优秀论文/2006年优秀论文/2006A：出版社资源的优化配置.pdf,primary,00D9921397BC0F4719B302446A92E20DB8734A7359F56E8CF411C6494841F423,00D9921397BC0F4719B302446A92E20DB8734A7359F56E8CF411C6494841F423,active,2,1484,1,unknown,出版社资源的优化配置 | 本文研究了出版社资源配置这一决策优化问题。,25.04,25.04,26.194,2026-08-18T00:06:15+08:00,209.98038888888888,595.22,2006
0,0,unknown,unknown,,,,2026-08-18T00:06:15+08:00,KaiTi,1,0,0,0,1,0,FORMAL,Q3_MANUAL_REQUIRED,Q3,PAPER,0,0,277.6361111111111,787.0,catalog/papers.csv; catalog/paper_files.csv; catalog/scale/g8_paper_status.csv,unknown,False,0,0,1,,,,0,False,font_or_text_layer_not_reliable,PORTRAIT,3,,UNKNOWN,0,"1,2,3",,,CUMCM-1995-B-004,0.8,image_based,B,B,------------------------------------;KaiTi,0,0,,,,,True,1,1995年数学建模国赛真题+优秀论文/1995年国赛优秀论文/1995B：天车冶炼炉作业调度的活动网络模型.pdf,primary,2D121E84DE317B356CF918B5F3B5B33ABF3B89A7C648A2F340795E6DF1AD00DC,2D121E84DE317B356CF918B5F3B5B33ABF3B89A7C648A2F340795E6DF1AD00DC,active,0,12,1,unknown,,,,,2026-08-18T00:06:15+08:00,203.90555555555554,578.0,1995
,,unknown,unknown,,,,2026-08-18T00:06:15+08:00,,0,0,,,0,,FORMAL,INELIGIBLE,,SUPPORTING_MATERIAL,,,,,catalog/papers.csv; catalog/paper_files.csv; catalog/scale/g8_paper_status.csv,unknown,,,,0,,,,,,No analyzable PAPER PDF selected; identity retained in full corpus inventory.,UNKNOWN,,,,,,,,CUMCM-2014-A-001,,NOT_ANALYZED,A,A,,,,,,,,False,1,2014年数学建模国赛真题+优秀论文/2014优秀论文/2014A：嫦娥三号软着陆轨道设计与控制策略 (4)/100m处聚落分析.png,primary,EBD7DF565A628CBAF9E91E14588F1F554558F2D05A460D0DE7626000C1CE83B6,EBD7DF565A628CBAF9E91E14588F1F554558F2D05A460D0DE7626000C1CE83B6,active,,,0,unknown,,,,,2026-08-18T00:06:15+08:00,,,2014
0,0,unknown,unknown,16.263,16.263,22.401,2026-08-18T00:06:15+08:00,KaiTi;SimSun/Song;Syntax;Times New Roman;cajcd-fntaa;cajcd-fntbd;cajcd-fntlt,1,1,137,0,1,1,FORMAL,COMPLETE,Q2,PAPER,0,1,248.70833333333334,705.0,catalog/papers.csv; catalog/paper_files.csv; catalog/scale/g8_paper_status.csv,unknown,False,0,0,1,12.912,12.912,12.912,5,False,,PORTRAIT,6,,TOP,1,,,,CUMCM-1999-A-002,1.0,text_based,A,A,------------------------------------;STSong-Light;Times-Roman;cajcd-fntaa;Times-Bold;KaiTi;Times-Italic;cajcd-fntbd;cajcd-fntlt;Syntax;Syntax;Syntax;Syntax;Syntax;Syntax;Syntax;Syntax;Syntax;Syntax;Syntax;Syntax;Syntax;Syntax;Syntax;Syntax;Syntax;Syntax;Syntax;Syntax;Syntax;Syntax;Syntax;Syntax;Syntax;Syntax;Syntax;Syntax;Syntax;Syntax;Syntax;Syntax;Syntax;Syntax;Syntax;Syntax;Syntax;Syntax;Syntax;Syntax;Syntax;Syntax;Syntax;Syntax;Syntax;Syntax;Syntax;Syntax;Syntax;Syntax;Syntax;Syntax;Syntax;Syntax;Syntax;Syntax;Syntax;Syntax;Syntax;Syntax;Syntax;Syntax;Syntax;Syntax;Syntax;Syntax;Syntax;Syntax;Syntax;Syntax;Syntax;Syntax;Syntax;Syntax;Syntax;Syntax;Syntax;Syntax;Syntax;Syntax;Syntax;Syntax;Syntax;Syntax;Syntax;Syntax;Syntax;Syntax;Syntax;Syntax;Syntax;Syntax;Syntax;Syntax;Syntax;Syntax;Syntax;Syntax;Syntax;Syntax;Syntax;Syntax;Syntax;Syntax;Syntax;Syntax;Syntax;Syntax;Syntax;Syntax;Syntax;Syntax;Syntax;Syntax;Syntax;Syntax;Syntax;Syntax;Syntax;Syntax;Syntax;Syntax;Syntax;Syntax;Syntax;Syntax;Syntax;Syntax;Syntax;Syntax;Syntax;Syntax;Syntax;Syntax;Syntax;Syntax;Syntax;Syntax;Syntax;Syntax;Syntax;Syntax;Syntax;Syntax;Syntax;Syntax;Syntax;Syntax;Syntax;Syntax;Syntax;Syntax;Syntax;Syntax;Syntax;Syntax;Syntax;Syntax;Syntax;Syntax;Syntax;Syntax;Syntax;Syntax;Syntax;Syntax;Syntax;Syntax;Syntax;Syntax;Syntax;Syntax;Syntax;Syntax;Syntax;Syntax;Syntax;Syntax;Syntax;Syntax;Syntax;Syntax;Syntax;Syntax;Syntax;Syntax;Syntax;Syntax;Syntax;Syntax;Syntax;Syntax;Syntax;Syntax;Syntax;Syntax;Syntax;Syntax;Syntax;Syntax;Syntax;Syntax;Syntax;Syntax;Syntax;Syntax;Syntax;Syntax;Syntax;Syntax;Syntax;Syntax;Syntax;Syntax;Syntax;Syntax;Syntax;Syntax;Syntax;Syntax;Syntax;Syntax;Syntax;Syntax;Syntax;Syntax;Syntax;Syntax;Syntax;Syntax;Syntax;Syntax;Syntax;Syntax;Syntax;Syntax;Syntax;Syntax;Syntax;Syntax;Syntax;Syntax;Syntax;Syntax;Syntax;Syntax;Syntax;Syntax;Syntax;Syntax;Syntax;Syntax;Syntax;Syntax;Syntax;Syntax;Syntax;Syntax;Syntax;Syntax;Syntax;Syntax;Syntax;Syntax;Syntax;Syntax;Syntax;Syntax;Syntax;Syntax;Syntax;Syntax;Syntax;Syntax;Syntax;Syntax;Syntax;Syntax;Syntax;Syntax;Syntax;Syntax;Syntax;Syntax;Syntax;Syntax;Syntax;Syntax;Syntax;Syntax;Syntax;Syntax;Syntax;Syntax;Syntax;Syntax;Syntax;Syntax;Syntax;Syntax;Syntax;Syntax;Syntax;Syntax;Syntax;Syntax;Syntax;Syntax;Syntax;Syntax;Syntax;Syntax;Syntax;Syntax;Syntax;Syntax;Syntax;Syntax;Syntax;Syntax;Syntax;Syntax;Syntax;Syntax;Syntax;Syntax;Syntax;Syntax;Syntax;Syntax;Syntax;Syntax;Syntax;Syntax;Syntax;Syntax;Syntax;Syntax;Syntax;Syntax;Syntax;Syntax;Syntax;Syntax;Syntax;Syntax;Syntax;Syntax;Syntax;Syntax;Syntax;Syntax;Syntax;Syntax;Syntax;Syntax;Syntax;Syntax;Syntax;Syntax;Syntax;Syntax;Syntax;Syntax;Syntax;Syntax;Syntax;Syntax;Syntax;Syntax;Syntax;Syntax;Syntax;Syntax;Syntax;Syntax;Syntax;Syntax;Syntax;Syntax;Syntax;Syntax;Syntax;Syntax;Syntax;Syntax;Syntax;Syntax;Syntax;Syntax;Syntax;Syntax;Syntax;Syntax;Syntax;Syntax;Syntax;Syntax;Syntax;Syntax;Syntax;Syntax;Syntax;Syntax;Syntax;Syntax;Syntax;Syntax;Syntax;Syntax;Syntax;Syntax;Syntax;Syntax;Syntax;Syntax;Syntax;Syntax;Syntax;Syntax;Syntax;Syntax;Syntax;Syntax;Syntax;Syntax;Syntax;Syntax;Syntax;Syntax;Syntax;Syntax;Syntax;Syntax;Syntax;Syntax;Syntax;Syntax;Syntax;Syntax;Syntax;Syntax;Syntax;Syntax;Syntax;Syntax;Syntax;Syntax;Syntax;Syntax;Syntax;Syntax;Syntax;Syntax;Syntax;Syntax;Syntax;Syntax;Syntax;Syntax;Syntax;Syntax;Syntax;Syntax;Syntax;Syntax;Syntax;Syntax;Syntax;Syntax;Syntax;Syntax;Syntax;Syntax;Syntax;Syntax;Syntax;Syntax;Syntax;Syntax;Syntax;Syntax;Syntax;Syntax;Syntax;Syntax;Syntax;Syntax;Syntax;Syntax;Syntax;Syntax;Syntax;Syntax;Syntax;Syntax;Syntax;Syntax;Syntax;Syntax;Syntax;Syntax;Syntax;Syntax;Syntax;Syntax;Syntax;Syntax;Syntax;Syntax;Syntax;Syntax;Syntax;Syntax;Syntax;Syntax;Syntax;Syntax;Syntax;Syntax;Syntax;Syntax;Syntax;Syntax;Syntax;Syntax;Syntax;Syntax;Syntax;Syntax;Syntax;Syntax;Syntax;Syntax;Syntax;Syntax;Syntax;Syntax;Syntax;Syntax;Syntax;Syntax;Syntax;Syntax;Syntax;Syntax;Syntax;Syntax;Syntax;Syntax;Syntax;Syntax;Syntax;Syntax;Syntax;Syntax;Syntax;Syntax;Syntax;Syntax;Syntax;Syntax;Syntax;Syntax;Syntax;Syntax;Syntax;Syntax;Syntax;Syntax;Syntax;Syntax;Syntax;Syntax;Syntax;Syntax;Syntax;Syntax;Syntax;Syntax;Syntax;Syntax;Syntax;Syntax;Syntax;Syntax;Syntax;Syntax;Syntax;Syntax;Syntax;Syntax;Syntax;Syntax;Syntax;Syntax;Syntax;Syntax;Syntax;Syntax;Syntax;Syntax;Syntax;Syntax;Syntax;Syntax;Syntax;Syntax;Syntax;Syntax;Syntax;Syntax;Syntax;Syntax;Syntax;Syntax;Syntax;Syntax;Syntax;Syntax;Syntax;Syntax;Syntax;Syntax;Syntax;Syntax;Syntax;Syntax;Syntax;Syntax;Syntax;Syntax;Syntax;Syntax;Syntax;Syntax;Syntax;Syntax;Syntax;Syntax;Syntax;Syntax;Syntax;Syntax;Syntax;Syntax;Syntax;Syntax;Syntax;Syntax;Syntax;Syntax;Syntax;Syntax;Syntax;Syntax;Syntax;Syntax;Syntax;Syntax;Syntax;Syntax;Syntax;Syntax;Syntax;Syntax;Syntax;Syntax;Syntax;Syntax;Syntax;Syntax;Syntax;Syntax;Syntax;Syntax;Syntax;Syntax;Syntax;Syntax;Syntax;Syntax;Syntax;Syntax;Syntax;Syntax;Syntax;Syntax;Syntax;Syntax;Syntax;Syntax;Syntax;Syntax;Syntax;Syntax;Syntax;Syntax;Syntax;Syntax;Syntax;Syntax;Syntax;Syntax;Syntax;Syntax;Syntax;Syntax;Syntax;Syntax;Syntax;Syntax;Syntax;Syntax;Syntax;Syntax;Syntax;Syntax;Syntax;Syntax;Syntax;Syntax;Syntax;Syntax;Syntax;Syntax;Syntax;Syntax;Syntax;Syntax;Syntax;Syntax;Syntax;Syntax;Syntax;Syntax;Syntax;Syntax;Syntax;Syntax;Syntax;Syntax;Syntax;Syntax;Syntax;Syntax;Syntax;Syntax;Syntax;Syntax;Syntax;Syntax;Syntax;Syntax;Syntax;Syntax;Syntax;Syntax;Syntax;Syntax;Syntax;Syntax;Syntax;Syntax;Syntax;Syntax;Syntax;Syntax;Syntax;Syntax;Syntax;Syntax;Syntax;Syntax;Syntax;Syntax;Syntax;Syntax;Syntax;Syntax;Syntax;Syntax;Syntax;Syntax;Syntax;Syntax;Syntax;Syntax;Syntax;Syntax;Syntax;Syntax;Syntax;Syntax;Syntax;Syntax;Syntax;Syntax;Syntax;Syntax;Syntax;Syntax;Syntax;Syntax;Syntax;Syntax;Syntax;Syntax;Syntax;Syntax;Syntax;Syntax;Syntax;Syntax;Syntax;Syntax;Syntax;Syntax;Syntax;Syntax;Syntax;Syntax;Syntax;Syntax;Syntax;Syntax;Syntax;Syntax;Syntax;Syntax;Syntax;Syntax;Syntax;Syntax;Syntax;Syntax;Syntax;Syntax;Syntax;Syntax;Syntax;Syntax;Syntax;Syntax;Syntax;Syntax;Syntax;Syntax;Syntax;Syntax;Syntax;Syntax;Syntax;Syntax;Syntax;Syntax;Syntax;Syntax;Syntax;Syntax;Syntax;Syntax;Syntax;Syntax;Syntax;Syntax;Syntax;Syntax;Syntax;Syntax;Syntax;Syntax;Syntax;Syntax;Syntax;Syntax;Syntax;Syntax;Syntax;Syntax;Syntax;Syntax;Syntax;Syntax;Syntax;Syntax;Syntax;Syntax;Syntax;Syntax;Syntax;Syntax;Syntax;Syntax;Syntax;Syntax;Syntax;Syntax;Syntax;Syntax;Syntax;Syntax;Syntax;Syntax;Syntax;Syntax;Syntax;Syntax;Syntax;Syntax;Syntax;Syntax;Syntax;Syntax;Syntax;Syntax;Syntax;Syntax;Syntax;Syntax;Syntax;Syntax;Syntax;Syntax;Syntax;Syntax;Syntax;Syntax;Syntax;Syntax;Syntax;Syntax;Syntax;Syntax;Syntax;Syntax;Syntax;Syntax;Syntax;Syntax;Syntax;Syntax;Syntax;Syntax;Syntax;Syntax;Syntax;Syntax;Syntax;Syntax;Syntax;Syntax;Syntax;Syntax;Syntax;Syntax;Syntax;Syntax;Syntax;Syntax;Syntax;Syntax;Syntax;Syntax;Syntax;Syntax;Syntax;Syntax;Syntax;Syntax;Syntax;Syntax;Syntax;Syntax;Syntax;Syntax;Syntax;Syntax;Syntax;Syntax;Syntax;Syntax;Syntax;Syntax;Syntax;Syntax;Syntax;Syntax;Syntax;Syntax;Syntax;Syntax;Syntax;Syntax;Syntax;Syntax;Syntax;Syntax;Syntax;Syntax;Syntax;Syntax;Syntax;Syntax;Syntax;Syntax;Syntax;Syntax;Syntax;Syntax;Syntax;Syntax;Syntax;Syntax;Syntax;Syntax;Syntax;Syntax;Syntax;Syntax;Syntax;Syntax;Syntax;Syntax;Syntax;Syntax;Syntax;Syntax;Syntax;Syntax;Syntax;Syntax;Syntax;Syntax;Syntax;Syntax;Syntax;Syntax;Syntax;Syntax;Syntax;Syntax;Syntax;Syntax;Syntax;Syntax;Syntax;Syntax;Syntax;Syntax;Syntax;Syntax;Syntax;Syntax;Syntax;Syntax;Syntax;Syntax;Syntax;Syntax;Syntax;Syntax;Syntax;Syntax;Syntax;Syntax;Syntax;Syntax;Syntax;Syntax;Syntax;Syntax;Syntax;Syntax;Syntax;Syntax;Syntax;Syntax;Syntax;Syntax;Syntax;Syntax;Syntax;Syntax;Syntax;Syntax;Syntax;Syntax;Syntax;Syntax;Syntax;Syntax;Syntax;Syntax;Syntax;Syntax;Syntax;Syntax;Syntax;Syntax;Syntax;Syntax;Syntax;Syntax;Syntax;Syntax;Syntax;Syntax;Syntax;Syntax;Syntax;Syntax;Syntax;Syntax;Syntax;Syntax;Syntax;Syntax;Syntax;Syntax;Syntax;Syntax;Syntax;Syntax;Syntax;Syntax;Syntax;Syntax;Syntax;Syntax;Syntax;Syntax;Syntax;Syntax;Syntax;Syntax;Syntax;Syntax;Syntax;Syntax;Syntax;Syntax;Syntax;Syntax;Syntax;Syntax;Syntax;Syntax;Syntax;Syntax;Syntax;Syntax;Syntax;Syntax;Syntax;Syntax;Syntax;Syntax;Syntax;Syntax;Syntax;Syntax;Syntax;Syntax;Syntax;Syntax;Syntax;Syntax;Syntax;Syntax;Syntax;Syntax;Syntax;Syntax;Syntax;Syntax;Syntax;Syntax;Syntax;Syntax;Syntax;Syntax;Syntax;Syntax;Syntax;Syntax;Syntax;Syntax;Syntax;Syntax;Syntax,5,0,10.195,10.195,10.23,,True,1,1999年数学建模国赛真题+优秀论文/1999年国赛优秀论文/1999A：车床管理优化模型.pdf,primary,A22C580A257A249994051B719AE2391F6950A1752E14E3F7CFB2A6CD101EF2D1,A22C580A257A249994051B719AE2391F6950A1752E14E3F7CFB2A6CD101EF2D1,active,0,733,1,unknown,M A TH EM A T ICSINPRA CT ICE ANDTH EO R Y | The M anagem en t of Automa tic La the,14.146,14.146,14.146,2026-08-18T00:06:15+08:00,167.56944444444446,475.0,1999
,,unknown,unknown,,,,2026-08-18T00:06:15+08:00,,0,0,,,0,,FORMAL,INELIGIBLE,,SUPPORTING_MATERIAL,,,,,catalog/papers.csv; catalog/paper_files.csv; catalog/scale/g8_paper_status.csv,unknown,,,,0,,,,,,No analyzable PAPER PDF selected; identity retained in full corpus inventory.,UNKNOWN,,,,,,,,CUMCM-2012-D-007,,NOT_ANALYZED,D,D,,,,,,,,True,1,2012年数学建模国赛真题+优秀论文/2012年优秀论文/2012D：机器人避障问题 (1)/zdlj.fig,primary,462773F9521BD5E968AFC433AA689F1473D9D9125A2CDDAA4299F03F2ABCA08D,462773F9521BD5E968AFC433AA689F1473D9D9125A2CDDAA4299F03F2ABCA08D,active,,,0,unknown,,,,,2026-08-18T00:06:15+08:00,,,2012
0,0,unknown,unknown,27.764,22.013,33.514,2026-08-18T00:06:15+08:00,KaiTi;SimSun/Song;Syntax;Times New Roman;cajcd-fntaa;cajcd-fntbd;cajcd-fntlt,1,1,82,0,1,1,FORMAL,COMPLETE,Q2,PAPER,0,1,248.70833333333334,705.0,catalog/papers.csv; catalog/paper_files.csv; catalog/scale/g8_paper_status.csv,unknown,False,0,0,1,12.912,12.912,12.912,2,False,,PORTRAIT,3,,TOP,1,,,,CUMCM-2000-C-002,1.0,text_based,C,C,------------------------------------;STSong-Light;Times-Roman;cajcd-fntaa;Times-Bold;cajcd-fntbd;Times-Italic;cajcd-fntlt;Times-Italic;KaiTi;Syntax;Syntax;Syntax;Syntax;Syntax;Syntax;Syntax;Syntax;Syntax;Syntax;Syntax;Syntax;Syntax;Syntax;Syntax;Syntax;Syntax;Syntax;Syntax;Syntax;Syntax;Syntax;Syntax;Syntax;Syntax;Syntax;Syntax;Syntax;Syntax;Syntax;Syntax;Syntax;Syntax;Syntax;Syntax;Syntax;Syntax;Syntax;Syntax;Syntax;Syntax;Syntax;Syntax;Syntax;Syntax;Syntax;Syntax;Syntax;Syntax;Syntax;Syntax;Syntax;Syntax;Syntax;Syntax;Syntax;Syntax;Syntax;Syntax;Syntax;Syntax;Syntax;Syntax;Syntax;Syntax;Syntax;Syntax;Syntax;Syntax;Syntax;Syntax;Syntax;Syntax;Syntax;Syntax;Syntax;Syntax;Syntax;Syntax;Syntax;Syntax;Syntax;Syntax;Syntax;Syntax;Syntax;Syntax;Syntax;Syntax;Syntax;Syntax;Syntax;Syntax;Syntax;Syntax;Syntax;Syntax;Syntax;Syntax;Syntax;Syntax;Syntax;Syntax;Syntax;Syntax;Syntax;Syntax;Syntax;Syntax;Syntax;Syntax;Syntax;Syntax;Syntax;Syntax;Syntax;Syntax;Syntax;Syntax;Syntax;Syntax;Syntax;Syntax;Syntax;Syntax;Syntax;Syntax;Syntax;Syntax;Syntax;Syntax;Syntax;Syntax;Syntax;Syntax;Syntax;Syntax;Syntax;Syntax;Syntax;Syntax;Syntax;Syntax;Syntax;Syntax;Syntax;Syntax;Syntax;Syntax;Syntax;Syntax;Syntax;Syntax;Syntax;Syntax;Syntax;Syntax;Syntax;Syntax;Syntax;Syntax;Syntax;Syntax;Syntax;Syntax;Syntax;Syntax;Syntax;Syntax;Syntax;Syntax;Syntax;Syntax;Syntax;Syntax;Syntax;Syntax;Syntax;Syntax;Syntax;Syntax;Syntax;Syntax;Syntax;Syntax;Syntax;Syntax;Syntax;Syntax;Syntax;Syntax;Syntax;Syntax;Syntax;Syntax;Syntax;Syntax;Syntax;Syntax;Syntax;Syntax;Syntax;Syntax;Syntax;Syntax;Syntax;Syntax;Syntax;Syntax;Syntax;Syntax;Syntax;Syntax;Syntax;Syntax;Syntax;Syntax;Syntax;Syntax;Syntax;Syntax;Syntax;Syntax;Syntax;Syntax;Syntax;Syntax;Syntax;Syntax;Syntax;Syntax;Syntax;Syntax;Syntax;Syntax;Syntax;Syntax;Syntax;Syntax;Syntax;Syntax;Syntax;Syntax;Syntax;Syntax;Syntax;Syntax;Syntax;Syntax;Syntax;Syntax;Syntax;Syntax;Syntax;Syntax;Syntax;Syntax;Syntax;Syntax;Syntax;Syntax;Syntax;Syntax;Syntax;Syntax;Syntax;Syntax;Syntax;Syntax;Syntax;Syntax;Syntax;Syntax;Syntax;Syntax;Syntax;Syntax;Syntax;Syntax;Syntax;Syntax;Syntax;Syntax;Syntax;Syntax;Syntax;Syntax;Syntax;Syntax;Syntax;Syntax;Syntax;Syntax;Syntax;Syntax;Syntax;Syntax;Syntax;Syntax;Syntax;Syntax;Syntax;Syntax;Syntax;Syntax;Syntax;Syntax;Syntax;Syntax;Syntax;Syntax;Syntax;Syntax;Syntax;Syntax;Syntax;Syntax;Syntax;Syntax;Syntax;Syntax;Syntax;Syntax;Syntax;Syntax;Syntax;Syntax;Syntax;Syntax;Syntax;Syntax;Syntax;Syntax;Syntax;Syntax;Syntax;Syntax;Syntax;Syntax;Syntax;Syntax;Syntax;Syntax;Syntax;Syntax;Syntax;Syntax;Syntax;Syntax;Syntax;Syntax;Syntax;Syntax;Syntax;Syntax;Syntax;Syntax;Syntax;Syntax;Syntax;Syntax;Syntax;Syntax;Syntax;Syntax;Syntax;Syntax;Syntax;Syntax;Syntax;Syntax;Syntax;Syntax;Syntax;Syntax;Syntax;Syntax;Syntax;Syntax;Syntax;Syntax;Syntax;Syntax;Syntax;Syntax;Syntax;Syntax;Syntax;Syntax;Syntax;Syntax;Syntax;Syntax;Syntax;Syntax;Syntax;Syntax;Syntax;Syntax;Syntax;Syntax;Syntax;Syntax;Syntax;Syntax;Syntax;Syntax;Syntax;Syntax;Syntax;Syntax;Syntax;Syntax;Syntax;Syntax;Syntax;Syntax;Syntax;Syntax;Syntax;Syntax;Syntax;Syntax;Syntax;Syntax;Syntax;Syntax;Syntax;Syntax;Syntax;Syntax;Syntax;Syntax;Syntax;Syntax;Syntax;Syntax;Syntax;Syntax;Syntax;Syntax;Syntax;Syntax;Syntax;Syntax;Syntax;Syntax;Syntax;Syntax;Syntax;Syntax;Syntax;Syntax;Syntax;Syntax;Syntax;Syntax;Syntax;Syntax;Syntax;Syntax;Syntax;Syntax;Syntax;Syntax;Syntax;Syntax;Syntax;Syntax;Syntax;Syntax;Syntax;Syntax;Syntax;Syntax;Syntax;Syntax;Syntax;Syntax;Syntax;Syntax;Syntax;Syntax;Syntax;Syntax;Syntax;Syntax;Syntax;Syntax;Syntax;Syntax;Syntax;Syntax;Syntax;Syntax;Syntax;Syntax;Syntax;Syntax;Syntax;Syntax;Syntax;Syntax;Syntax;Syntax;Syntax;Syntax;Syntax;Syntax;Syntax;Syntax;Syntax;Syntax;Syntax;Syntax;Syntax;Syntax;Syntax;Syntax;Syntax;Syntax;Syntax;Syntax;Syntax;Syntax;Syntax;Syntax;Syntax;Syntax;Syntax;Syntax;Syntax;Syntax;Syntax;Syntax;Syntax;Syntax;Syntax;Syntax;Syntax;Syntax;Syntax;Syntax;Syntax;Syntax;Syntax;Syntax;Syntax;Syntax;Syntax;Syntax;Syntax;Syntax;Syntax;Syntax;Syntax;Syntax;Syntax;Syntax;Syntax;Syntax;Syntax;Syntax;Syntax;Syntax;Syntax;Syntax;Syntax;Syntax;Syntax;Syntax;Syntax;Syntax;Syntax;Syntax;Syntax;Syntax;Syntax;Syntax;Syntax;Syntax;Syntax;Syntax;Syntax;Syntax;Syntax;Syntax;Syntax;Syntax;Syntax;Syntax;Syntax;Syntax;Syntax;Syntax;Syntax;Syntax;Syntax;Syntax;Syntax;Syntax;Syntax;Syntax;Syntax;Syntax;Syntax;Syntax;Syntax;Syntax;Syntax;Syntax;Syntax;Syntax;Syntax;Syntax;Syntax;Syntax;Syntax;Syntax;Syntax;Syntax;Syntax;Syntax;Syntax;Syntax;Syntax;Syntax;Syntax;Syntax;Syntax;Syntax;Syntax;Syntax;Syntax;Syntax;Syntax;Syntax;Syntax;Syntax;Syntax;Syntax;Syntax;Syntax;Syntax;Syntax;Syntax;Syntax;Syntax;Syntax;Syntax;Syntax;Syntax;Syntax;Syntax;Syntax;Syntax;Syntax;Syntax;Syntax;Syntax;Syntax;Syntax;Syntax;Syntax;Syntax;Syntax;Syntax;Syntax;Syntax;Syntax;Syntax;Syntax;Syntax;Syntax;Syntax;Syntax;Syntax;Syntax;Syntax;Syntax;Syntax;Syntax;Syntax;Syntax;Syntax;Syntax;Syntax;Syntax;Syntax;Syntax;Syntax;Syntax;Syntax;Syntax;Syntax;Syntax;Syntax;Syntax;Syntax;Syntax;Syntax;Syntax;Syntax;Syntax;Syntax;Syntax;Syntax;Syntax;Syntax;Syntax;Syntax;Syntax;Syntax;Syntax;Syntax;Syntax;Syntax;Syntax;Syntax;Syntax;Syntax;Syntax;Syntax;Syntax;Syntax;Syntax;Syntax;Syntax;Syntax;Syntax;Syntax;Syntax;Syntax;Syntax;Syntax;Syntax;Syntax;Syntax;Syntax;Syntax;Syntax;Syntax;Syntax;Syntax;Syntax;Syntax;Syntax;Syntax;Syntax;Syntax;Syntax;Syntax;Syntax;Syntax;Syntax;Syntax;Syntax,0,0,9.74,9.512,9.968,,True,1,2000年数学建模国赛真题+优秀论文/2000年国赛优秀论文/2000C：航程计算的数学模型.pdf,primary,14693C3541FED988CB9DD335005DB7C7A551F93416BCD0ADF632945F69A25539,14693C3541FED988CB9DD335005DB7C7A551F93416BCD0ADF632945F69A25539,active,0,296,1,unknown,"M A TH EM A T ICSINPRA CT ICE ANDTH EO R Y | tha t of ellip so id.Fo r the 4 p a irs of sp ecia l po in ts,their la titudes o r long itudes a re too clo se to",14.146,14.146,14.146,2026-08-18T00:06:15+08:00,167.56944444444446,475.0,2000
,,unknown,unknown,,,,2026-08-18T00:06:15+08:00,,0,0,,,0,,FORMAL,INELIGIBLE,,PROBLEM_PACKAGE,,,,,catalog/papers.csv; catalog/paper_files.csv; catalog/scale/g8_paper_status.csv,unknown,,,,0,,,,,,No analyzable PAPER PDF selected; identity retained in full corpus inventory.,UNKNOWN,,,,,,,,CUMCM-2004-D-001,,NOT_ANALYZED,D,D,,,,,,,,True,1,2004年数学建模国赛真题+优秀论文/2004年赛题/2004年国赛D题.doc,primary,9CA4F92C345C460DED376EAC4B3C7D85011FE5B9D4A263E212222254B6D2648A,9CA4F92C345C460DED376EAC4B3C7D85011FE5B9D4A263E212222254B6D2648A,active,,,0,unknown,,,,,2026-08-18T00:06:15+08:00,,,2004
1,0,unknown,unknown,22.251,22.251,22.251,2026-08-18T00:06:15+08:00,Calibri;Cambria;KaiTi;SimSun/Song;Times New Roman,1,1,231,2,1,0,FORMAL,COMPLETE,Q2,PAPER,0,0,297.1270833333333,842.25,catalog/papers.csv; catalog/paper_files.csv; catalog/scale/g8_paper_status.csv,unknown,True,0,1,1,25.171,25.171,25.171,18,False,,PORTRAIT,19,,BOTTOM,1,,,,CUMCM-2007-B-003,1.0,text_based,B,B,------------------------------------;ABCDEE+Calibri;SimSun;KaiTi;ABCDEE+Calibri;ABCDEE+Cambria;ABCDEE+Cambria;Times,15,1,-3.311,-3.311,-3.311,,True,1,2007年数学建模国赛真题+优秀论文/2007年优秀论文/2007B：《公交路线的最优化选择》.pdf,primary,13BA8B530BBE6E25821298EEF9117807A86F9606319C463D4F9BEE4A94D4E3D2,13BA8B530BBE6E25821298EEF9117807A86F9606319C463D4F9BEE4A94D4E3D2,active,0,2049,1,unknown,公交路线的最优化选择 | 接矩阵为一个大规模的稀疏矩阵，本文将整个公交网络抽象为“结点―弧段―有向线”,27.148,25.23,28.217,2026-08-18T00:06:15+08:00,210.07916666666665,595.5,2007
0,0,unknown,unknown,,,,2026-08-18T00:06:15+08:00,KaiTi;SimSun/Song,1,0,0,0,1,0,FORMAL,Q3_MANUAL_REQUIRED,Q3,PAPER,0,1,412.3972222222222,1169.0,catalog/papers.csv; catalog/paper_files.csv; catalog/scale/g8_paper_status.csv,unknown,False,0,0,1,,,,0,False,font_or_text_layer_not_reliable,PORTRAIT,39,,UNKNOWN,0,"1,2,3,4,5,6,7,8,9,10,11,12,13,14,15,16,17,18,19,20,21,22,23,24,25,26,27,28,29,30,31,32,33,34,35,36,37,38,39",,,CUMCM-2019-C-001,0.8,image_based,C,C,------------------------------------;AdobeSongStd-Light;KaiTi,0,0,,,,,True,1,2019年数学建模国赛真题+优秀论文/2019年优秀论文/2019C：机场的出租车问题.pdf,primary,630C0988F179CEAD02A118B48FAB5223A2C78B87E15DA3C8B0533FFFDC664C09,630C0988F179CEAD02A118B48FAB5223A2C78B87E15DA3C8B0533FFFDC664C09,active,0,195,1,unknown,,,,,2026-08-18T00:06:15+08:00,291.3944444444444,826.0,2019
,,unknown,unknown,,,,2026-08-18T00:06:15+08:00,,0,0,,,0,,FORMAL,,,NOT_IN_G8_STATUS,,,,,catalog/papers.csv; catalog/paper_files.csv; catalog/scale/g8_paper_status.csv,unknown,,,,0,,,,,,No analyzable PAPER PDF selected; identity retained in full corpus inventory.,UNKNOWN,,,,,,,,CUMCM-2015-C-002,,NOT_ANALYZED,C,C,,,,,,,,True,1,2015年数学建模国赛真题+优秀论文/2015年优秀论文/2015C：月上柳梢头，人约黄昏后 (4).pdf,primary,A26039C0098CE1FB1B2C4ABE97617293B85C9A8E1B5B600DF697801B1E5C6504,A26039C0098CE1FB1B2C4ABE97617293B85C9A8E1B5B600DF697801B1E5C6504,active,,,0,unknown,,,,,2026-08-18T00:06:15+08:00,,,2015
0,0,unknown,unknown,,,,2026-08-18T00:06:15+08:00,KaiTi;SimSun/Song;Times New Roman,1,1,0,0,1,0,FORMAL,COMPLETE,Q2,PAPER,0,0,279.4,792.0,catalog/papers.csv; catalog/paper_files.csv; catalog/scale/g8_paper_status.csv,unknown,False,0,0,1,,,,0,False,,PORTRAIT,9,,UNKNOWN,0,,,,CUMCM-1992-B-002,1.0,text_based,B,B,------------------------------------;STSong-Light;Times-Roman;KaiTi,0,0,,,,,True,1,1992年数学建模国赛优秀论文/1992年B题优秀论文② 蛋白质氨基酸的组合问题.pdf,primary,13312C02679947C9D2BD21B401E39EF740B095171B68E3302F7A7505B9BCBB99,13312C02679947C9D2BD21B401E39EF740B095171B68E3302F7A7505B9BCBB99,active,0,36,1,unknown,,,,,2026-08-18T00:06:15+08:00,207.4333333333333,588.0,1992
0,0,unknown,unknown,,,,2026-08-18T00:06:15+08:00,KaiTi;Times New Roman,1,1,0,0,1,0,FORMAL,COMPLETE,Q2,PAPER,0,1,296.6861111111111,841.0,catalog/papers.csv; catalog/paper_files.csv; catalog/scale/g8_paper_status.csv,unknown,True,0,0,1,,,,0,False,,PORTRAIT,6,,UNKNOWN,0,,,,CUMCM-2002-B-004,1.0,text_based,B,B,------------------------------------;Times-Roman;KaiTi,0,0,,,,,True,1,2002年数学建模国赛真题+优秀论文/2002年优秀论文/2002B：彩票运行方案的合理性研究1.pdf,primary,4BC54A962A329FA9768093ECEF5FA95A91BFD78FDD464FFB92C61456B5BEDFDB,4BC54A962A329FA9768093ECEF5FA95A91BFD78FDD464FFB92C61456B5BEDFDB,active,0,30,1,unknown,,,,,2026-08-18T00:06:15+08:00,209.90277777777777,595.0,2002
,,unknown,unknown,,,,2026-08-18T00:06:15+08:00,,0,0,,,0,,FORMAL,INELIGIBLE,,PROBLEM_PACKAGE,,,,,catalog/papers.csv; catalog/paper_files.csv; catalog/scale/g8_paper_status.csv,unknown,,,,0,,,,,,No analyzable PAPER PDF selected; identity retained in full corpus inventory.,UNKNOWN,,,,,,,,CUMCM-2018-C-001,,NOT_ANALYZED,C,C,,,,,,,,True,1,2018年数学建模国赛真题+优秀论文/2018年赛题/2018年国赛C题.docx,primary,B229D9D9BF973BE900E36A21707784D9E92A075E149B47D5C7412F93946AF95B,B229D9D9BF973BE900E36A21707784D9E92A075E149B47D5C7412F93946AF95B,active,,,0,unknown,,,,,2026-08-18T00:06:15+08:00,,,2018
0,0,unknown,unknown,28.655,25.646,34.268,2026-08-18T00:06:15+08:00,CMBX12;CMEX10;CMMI12;CMMI6;CMMI8;CMR12;CMR6;CMR8;CMSY10;CMSY6;CMSY8;CMTT12;SFRM1200;SimHei;SimSun/Song,1,1,910,25,1,1,FORMAL,COMPLETE,Q2,PAPER,0,0,279.4,792.0,catalog/papers.csv; catalog/paper_files.csv; catalog/scale/g8_paper_status.csv,unknown,False,0,0,1,25.0,25.0,25.0,46,False,,PORTRAIT,47,,BOTTOM,1,"1,2,3,10,11,20,21,25,26",,,CUMCM-2017-A-004,0.7,mixed,A,A,------------------------------------;RDRKMF+SimSun;TLMACX+SimSun;NZVGXD+SimSun;VNHBWL+SimHei;EYQXJZ+SimHei;HVXLLC+SimHei;RJJRSH+SimHei;KTXJKO+SimHei;AQSINS+SimHei;SZZCZX+SimHei;EULARM+SimSun;VJAIJL+SimSun;OWMCKE+SimSun;GNGJYK+SimSun;KFFPDT+SimSun;XSHMCR+SimSun;VJVJRQ+SimSun;ESBNJJ+SimSun;OXFYIB+SimSun;IAXAKL+SimSun;NVNALK+SimSun;MBJVVX+SimHei;PLOXIU+CMR12;SPNQHZ+SimHei;PFGAON+SimHei;ZFXPJS+SimHei;ZCQPJL+SimHei;KBEVGO+SimHei;VXIZVF+SimHei;SZDCCZ+SimSun;DUEQFH+SimSun;VDZBHE+SimSun;JSFHJU+SimSun;NFOQWX+SimSun;VCSSSD+SimSun;MJQPTZ+SimSun;LFBKEF+SimSun;GXLXCZ+SimSun;CSKNXZ+SimSun;UDEWRW+SimSun;WFQSBR+SimSun;GOEFTW+SimSun;YUQZWX+SimSun;WQZSJY+SimSun;GDRYRO+SimSun;RCPHAP+SimSun;STSBQO+SimSun;WYIFSN+SimSun;IMGYHU+SimSun;JJIYXX+SimSun;ARGFAD+SimSun;MIKXDD+SimSun;HKIHYY+SimSun;TBKCPT+SimSun;QLEKUH+SimSun;KHKCVI+SimSun;IVJRYB+SimSun;POMALJ+SimSun;MTCFVM+SimSun;IQIYVG+SimSun;BOKNDJ+SimSun;GSYMGX+SimSun;XDZVQB+SimSun;FHTDNH+SimSun;LCFXWZ+SimSun;BXEJWH+SimSun;JNMBJS+SimSun;RLIJDP+SimSun;CNXDLY+SimSun;VIYHMR+SimSun;WZWVDD+SimSun;BIBRFW+SimSun;YZPOWJ+SimSun;LPSOJA+SimSun;TELFKB+SimSun;AFBEEC+SimSun;FQIZRJ+SimSun;HIQUMI+SimSun;UAKOUW+SimSun;JPEQMK+SimSun;FUFHYK+SimSun;VLDXLX+SimHei;TVYLUN+CMBX12;CMFCDJ+SimHei;TGWWUJ+SimHei;UFHWQR+SimHei;LAHWCG+SimSun;HLBAJX+SimSun;ZVDFHA+SimSun;JXVDMS+SimHei;EFONVS+SimHei;KTHKAH+SimHei;CHGROE+CMSY8;EJYNFP+SimHei;BGGDQV+SimHei;UGSDOH+SimHei;CVFFYW+SimHei;WIKTFN+SimHei;ETJVSF+SimHei;TYZKYP+SimHei;RBRTNI+SimHei;XWQOIB+SimHei;PGVOPW+SimHei;SEBGTB+SimHei;RMKZFN+SimHei;ZPDPIO+SimHei;BIVTVC+SimHei;RDZVPK+SimHei;KEXXBX+SimHei;MAWZGZ+SimHei;JQCIMM+SimHei;IGAIIK+SimHei;PLJWMM+CMR8;RJAXJU+CMMI12;BIIQCY+CMMI8;WRDZJQ+SimSun;IXERTA+SimHei;DINNBO+SimHei;ANZKJL+CMEX10;HYGGTQ+SimHei;UCGASP+CMR6;BUASHG+CMSY10;JKSUUE+CMSY6;HWOCWD+SimHei;FVWHLO+SimHei;DCGCGZ+SimHei;ZVDDWL+SimSun;TYXYSA+SimHei;OHYZPM+SimHei;GRZOAL+SimHei;YDZVNT+SimHei;EPYVRC+SimSun;OQSVOU+SimSun;ZDVDXG+SimHei;XWZSWS+SimHei;QUNWFO+SimSun;XCLNJK+SFRM1200;MHIOWC+SimSun;AYYKSG+CMMI6;QNTOHG+SimHei;CFTHYD+CMTT12;BMEQWB+FangSong;BRGISH+FangSong;NSZGWV+FangSong;XEVVHX+FangSong;IGWRTN+FangSong;IPXWXL+FangSong;SXRUBW+FangSong;JVAFMZ+FangSong;VGJJRI+FangSong;VKSKTJ+FangSong;JEGNSP+FangSong;QOOWGQ+FangSong;SLMNHA+FangSong;BJGGRL+FangSong;MRCCFJ+FangSong;VQQYJQ+FangSong;WDHOHE+FangSong;AVKKFZ+FangSong;NMONZK+FangSong;LAWHEV+FangSong;GJDGMZ+FangSong;OFUENF+FangSong;KPXSOV+FangSong;RXOUDF+FangSong;AERWRY+FangSong;CCVSJA+FangSong;LFTVUE+FangSong;VVZPSX+FangSong;WVWJKD+FangSong;UZYCNL+FangSong;QEMSHE+FangSong;WWILXZ+FangSong;QTHILR+FangSong;QGOCFM+FangSong;UPSCXX+FangSong;YDBOKP+FangSong;UEMNDC+FangSong;QWZAWY+FangSong;KXNILA+FangSong;YFNNSW+FangSong;UKJXEJ+FangSong;PVWWCU+FangSong;UEBNSM+FangSong;OTIGTH+FangSong;JHTZXH+FangSong;YZVXWD+FangSong;HTPSCU+FangSong;ZXDCPF+FangSong;NXEDBI+FangSong;FZTELC+FangSong;BXJDAR+FangSong;JFPHTB+FangSong;PUKMOF+FangSong;CZSGIP+FangSong;APAGCL+FangSong,20,0,22.629,-0.037,25.0,,True,1,2017年数学建模国赛真题+优秀论文/2017年优秀论文/2017A：CT系统参数标定及成像  (1).pdf,primary,6A72506FA1F46C21B5F9A35B5B40D85C2B3B8742B16C7724624DF65049538CBF,6A72506FA1F46C21B5F9A35B5B40D85C2B3B8742B16C7724624DF65049538CBF,active,0,4145,1,unknown,畃畔ûß标š与þÏÍú | ，åd:切e¹úËv优化†标š!‹，v且ù根n*åË(ÛLþÏÍú，根nþb,25.422,24.984,86.964,2026-08-18T00:06:15+08:00,215.89999999999998,612.0,2017
0,0,unknown,unknown,,,,2026-08-18T00:06:15+08:00,KaiTi;SimSun/Song,1,0,0,0,1,0,FORMAL,Q3_MANUAL_REQUIRED,Q3,PAPER,0,1,412.3972222222222,1169.0,catalog/papers.csv; catalog/paper_files.csv; catalog/scale/g8_paper_status.csv,unknown,False,0,0,1,,,,0,False,font_or_text_layer_not_reliable,PORTRAIT,37,,UNKNOWN,0,"1,2,3,4,5,6,7,8,9,10,11,12,13,14,15,16,17,18,19,20,21,22,23,24,25,26,27,28,29,30,31,32,33,34,35,36,37",,,CUMCM-2019-E-001,0.8,image_based,E,E,------------------------------------;AdobeSongStd-Light;KaiTi,0,0,,,,,True,1,2019年数学建模国赛真题+优秀论文/2019年优秀论文/2019E：薄利多销销售策略的模型研究分析.pdf,primary,D8030B8C0D26B54DF5B6B285501ECB81CA9518817B85F28ED21C8E0B79E912BB,D8030B8C0D26B54DF5B6B285501ECB81CA9518817B85F28ED21C8E0B79E912BB,active,0,185,1,unknown,,,,,2026-08-18T00:06:15+08:00,291.7472222222222,827.0,2019
0,0,unknown,unknown,,,,2026-08-18T00:06:15+08:00,KaiTi;Times New Roman,1,1,0,0,1,0,FORMAL,COMPLETE,Q2,PAPER,0,1,296.6861111111111,841.0,catalog/papers.csv; catalog/paper_files.csv; catalog/scale/g8_paper_status.csv,unknown,True,0,0,1,,,,0,False,,PORTRAIT,10,,UNKNOWN,0,,,,CUMCM-2003-A-005,1.0,text_based,A,A,------------------------------------;Times-Roman;KaiTi,0,0,,,,,True,1,2003年数学建模国赛真题+优秀论文/2003年优秀论文/2003A：SARS传播的研究.pdf,primary,E858C1C86EC51C6F169A2588AB16880A025B5006775DA2ECFC337D76207FD6BA,E858C1C86EC51C6F169A2588AB16880A025B5006775DA2ECFC337D76207FD6BA,active,0,50,1,unknown,,,,,2026-08-18T00:06:15+08:00,209.90277777777777,595.0,2003
1,1,unknown,unknown,18.358,18.358,18.358,2026-08-18T00:06:15+08:00,Arial;Calibri;KaiTi;SimHei;SimSun/Song;SymbolMT;Times New Roman,1,1,338,8,1,1,FORMAL,COMPLETE,Q2,PAPER,0,0,297.0388888888889,842.0,catalog/papers.csv; catalog/paper_files.csv; catalog/scale/g8_paper_status.csv,unknown,True,0,1,1,31.708,31.708,31.708,42,False,,PORTRAIT,43,,BOTTOM,1,,,,CUMCM-2008-B-005,1.0,text_based,B,B,------------------------------------;KBOLBP+SimSun;KBOLON+STKaiti;TimesNewRomanPS-BoldMT;TimesNewRomanPSMT;SimSun;KaiTi;KBOOAB+Calibri-Bold;KBOOLO+Calibri;KBOOMO+Calibri;KBOPJL+SimHei;KBOPKL+Calibri-Bold;KBPMLA+SymbolMT;ArialMT;TimesNewRomanPS-ItalicMT;Arial-BoldMT,78,1,-64.609,-64.609,-64.609,,True,1,2008年数学建模国赛真题+优秀论文/2008年优秀论文/2008B：《高等教育学费标准探讨》.pdf,primary,25A533F44A49BD4206447798EBCCD788965D2F78FBDD187A1BDED668E83BD91E,25A533F44A49BD4206447798EBCCD788965D2F78FBDD187A1BDED668E83BD91E,active,9,4352,1,unknown,,25.421,25.421,27.707,2026-08-18T00:06:15+08:00,209.98038888888888,595.22,2008
1,0,unknown,unknown,18.295,18.295,18.295,2026-08-18T00:06:15+08:00,Arial;Calibri;KaiTi;Monospace;SimHei;SimSun/Song;SymbolMT;Times New Roman,1,1,108,0,1,1,FORMAL,COMPLETE,Q2,PAPER,0,0,297.0388888888889,842.0,catalog/papers.csv; catalog/paper_files.csv; catalog/scale/g8_paper_status.csv,unknown,True,0,1,1,25.019,25.019,25.019,12,False,,PORTRAIT,13,,BOTTOM,1,,,,CUMCM-2008-B-006,1.0,text_based,B,B,------------------------------------;ALIEHI+SimHei;ALIEJL+SimSun;TimesNewRomanPSMT;ArialMT;SimSun;KaiTi;TimesNewRomanPS-BoldMT;ALIGDE+SymbolMT;TimesNewRomanPS-ItalicMT;ALIOJE+Calibri;ALJAMH+Calibri;ALJDBK+Courier,38,1,-64.609,-64.609,-64.609,,True,1,2008年数学建模国赛真题+优秀论文/2008年优秀论文/2008B：《我国高等教育收费问题的探究》.pdf,primary,14C2ACB426CFB34D527001FAD92FEC00F5954206548C767345C4AED90DC44C37,14C2ACB426CFB34D527001FAD92FEC00F5954206548C767345C4AED90DC44C37,active,11,891,1,unknown,我国高等教育收费问题的探究 | 本文针对理工科专业，文科专业，医学类专业，艺术类专业等 4 类专业的相关数据,25.209,25.04,27.347,2026-08-18T00:06:15+08:00,209.98038888888888,595.22,2008
,,unknown,unknown,,,,2026-08-18T00:06:15+08:00,,0,0,,,0,,FORMAL,INELIGIBLE,,PROBLEM_PACKAGE,,,,,catalog/papers.csv; catalog/paper_files.csv; catalog/scale/g8_paper_status.csv,unknown,,,,0,,,,,,No analyzable PAPER PDF selected; identity retained in full corpus inventory.,UNKNOWN,,,,,,,,CUMCM-2017-B-002,,NOT_ANALYZED,B,B,,,,,,,,True,1,2017年数学建模国赛真题+优秀论文/2017年赛题/2017年国赛B题.docx,primary,7964C7E2758941BCE10705E610F0E5BC36C288F5A53664CC3EE8612AD769DCC0,7964C7E2758941BCE10705E610F0E5BC36C288F5A53664CC3EE8612AD769DCC0,active,,,0,unknown,,,,,2026-08-18T00:06:15+08:00,,,2017
0,0,unknown,unknown,70.73,70.73,70.73,2026-08-18T00:06:15+08:00,KaiTi;SimSun/Song,1,0,0,0,1,0,FORMAL,Q3_MANUAL_REQUIRED,Q3,PAPER,0,1,297.0388888888889,842.0,catalog/papers.csv; catalog/paper_files.csv; catalog/scale/g8_paper_status.csv,unknown,True,0,0,1,38.059,38.059,38.059,10,False,font_or_text_layer_not_reliable,PORTRAIT,11,,UNKNOWN,0,"1,2,3,4,5,6,7,8,9,10,11",,,CUMCM-2007-C-003,0.8,image_based,C,C,------------------------------------;BFUFLH+SimSun;SimSun;SimSun;KaiTi,0,0,-3.308,-3.308,-3.308,,True,1,2007年数学建模国赛真题+优秀论文/2007年优秀论文/2007C：《手机“套餐”优惠几何》.pdf,primary,51EDA109051E851263C8B822DAD787C52304894582EBC131240EC9F61A804F6F,51EDA109051E851263C8B822DAD787C52304894582EBC131240EC9F61A804F6F,active,0,99,1,unknown,http://www.madio.net | 数学中国www.madio.net,80.998,80.998,80.998,2026-08-18T00:06:15+08:00,209.90277777777777,595.0,2007
,,unknown,unknown,,,,2026-08-18T00:06:15+08:00,,0,0,,,0,,FORMAL,INELIGIBLE,,SUPPORTING_MATERIAL,,,,,catalog/papers.csv; catalog/paper_files.csv; catalog/scale/g8_paper_status.csv,unknown,,,,0,,,,,,No analyzable PAPER PDF selected; identity retained in full corpus inventory.,UNKNOWN,,,,,,,,CUMCM-2011-D-016,,NOT_ANALYZED,D,D,,,,,,,,True,1,2011年数学建模国赛真题+优秀论文/2011年优秀论文/2011D：天然肠衣搭配问题(1)/方案2规格2步骤4.lg4,primary,7316812CE8D0FD339C3C2B37C453368B5DD7D05E1287AF421D7066FF13ABB1E2,7316812CE8D0FD339C3C2B37C453368B5DD7D05E1287AF421D7066FF13ABB1E2,active,,,0,unknown,,,,,2026-08-18T00:06:15+08:00,,,2011
1,1,unknown,unknown,22.225,22.225,22.225,2026-08-18T00:06:15+08:00,Calibri;Monospace;Symbol;Times New Roman,1,1,804,5,1,0,FORMAL,COMPLETE,Q2,PAPER,0,0,297.0106666666666,841.92,catalog/papers.csv; catalog/paper_files.csv; catalog/scale/g8_paper_status.csv,unknown,True,0,1,1,31.758,31.758,31.758,21,False,,PORTRAIT,22,,BOTTOM,1,,,,CUMCM-2016-C-001,1.0,text_based,C,C,------------------------------------;ABCDEE+Calibri;Times;Symbol;Times;Times;ABCDEE+Courier,120,1,31.725,29.81,42.044,,True,1,2016年数学建模国赛真题+优秀论文/2016年优秀论文/2016C：电池剩余放电时间预测 (2).pdf,primary,E1703EA2108D2998D3FAA92C19245504BEB7DD5E3B8C84D51935706302035F57,E1703EA2108D2998D3FAA92C19245504BEB7DD5E3B8C84D51935706302035F57,active,15,2137,1,unknown,电池剩余放电时间预测 | 数函数模型，然后利用MATLAB计算出各放电曲线的平均相对误差（MRE），,26.804,25.534,27.738,2026-08-18T00:06:15+08:00,210.01566666666668,595.32,2016
1,1,unknown,unknown,24.426,24.426,24.426,2026-08-18T00:06:15+08:00,Calibri;Cambria;SimHei;SimSun/Song;Times New Roman,1,1,1095,12,1,0,FORMAL,COMPLETE,Q2,PAPER,0,0,297.0318333333333,841.98,catalog/papers.csv; catalog/paper_files.csv; catalog/scale/g8_paper_status.csv,unknown,True,0,1,1,25.015,25.004,25.018,35,False,,PORTRAIT,36,,BOTTOM,1,,,,CUMCM-2016-A-002,1.0,text_based,A,A,------------------------------------;ETLMWV+SimHei;MNKIEF+SimSun;TimesNewRomanPSMT;VDAKAN+SimHei;TimesNewRomanPS-BoldMT;XWVRCJ+SimSun;HYYZMP+CambriaMath;ZMXDEF+CambriaMath;TimesNewRomanPS-BoldItalicMT;TimesNewRomanPS-ItalicMT;PSXQUZ+Calibri,69,1,25.036,24.963,26.116,,True,1,2016年数学建模国赛真题+优秀论文/2016年优秀论文/2016A：基于极值系泊系统设计 (1).pdf,primary,63177FF9A2A01AEDF149DFD2315FF9CD74EAD4FCE55F2E8D0B5D3958BD75403D,63177FF9A2A01AEDF149DFD2315FF9CD74EAD4FCE55F2E8D0B5D3958BD75403D,active,4,2210,1,unknown,基于极值优化的系泊系统设计 | 平衡和力矩平衡，分别对浮标、钢管、钢桶和重物球进行静力学分析，得到一系列静力平衡方程和,25.019,24.744,25.04,2026-08-18T00:06:15+08:00,210.0368333333333,595.38,2016
,,unknown,unknown,,,,2026-08-18T00:06:15+08:00,,0,0,,,0,,FORMAL,INELIGIBLE,,SUPPORTING_MATERIAL,,,,,catalog/papers.csv; catalog/paper_files.csv; catalog/scale/g8_paper_status.csv,unknown,,,,0,,,,,,No analyzable PAPER PDF selected; identity retained in full corpus inventory.,UNKNOWN,,,,,,,,CUMCM-2011-D-017,,NOT_ANALYZED,D,D,,,,,,,,True,1,2011年数学建模国赛真题+优秀论文/2011年优秀论文/2011D：天然肠衣搭配问题(1)/规格3步骤5.lg4,primary,4EE9D1BCFBEA28B789B725691F979440F15DF2D1EF80667EEAC84FA5510B17EC,4EE9D1BCFBEA28B789B725691F979440F15DF2D1EF80667EEAC84FA5510B17EC,active,,,0,unknown,,,,,2026-08-18T00:06:15+08:00,,,2011
0,0,unknown,unknown,19.473,17.974,19.597,2026-08-18T00:06:15+08:00,KaiTi;SimSun/Song;Syntax;Times New Roman;cajcd-fntaa;cajcd-fntae,1,1,785,0,1,1,FORMAL,COMPLETE,Q2,PAPER,0,1,259.9972222222222,737.0,catalog/papers.csv; catalog/paper_files.csv; catalog/scale/g8_paper_status.csv,unknown,False,0,0,1,14.146,14.076,14.146,7,False,,PORTRAIT,8,,BOTTOM,1,,,,CUMCM-2001-B-004,1.0,text_based,B,B,------------------------------------;STSong-Light;Times-Roman;cajcd-fntaa;Times-Italic;Times-Italic;KaiTi;cajcd-fntae;Times-Bold;Syntax;Syntax;Syntax;Syntax;Syntax;Syntax;Syntax;Syntax;Syntax;Syntax;Syntax;Syntax;Syntax;Syntax;Syntax;Syntax;Syntax;Syntax;Syntax;Syntax;Syntax;Syntax;Syntax;Syntax;Syntax;Syntax;Syntax;Syntax;Syntax;Syntax;Syntax;Syntax;Syntax;Syntax;Syntax;Syntax;Syntax;Syntax;Syntax;Syntax;Syntax;Syntax;Syntax;Syntax;Syntax;Syntax;Syntax;Syntax;Syntax;Syntax;Syntax;Syntax;Syntax;Syntax;Syntax;Syntax;Syntax;Syntax;Syntax;Syntax;Syntax;Syntax;Syntax;Syntax;Syntax;Syntax;Syntax;Syntax;Syntax;Syntax;Syntax;Syntax;Syntax;Syntax;Syntax;Syntax;Syntax;Syntax;Syntax;Syntax;Syntax;Syntax;Syntax;Syntax;Syntax;Syntax;Syntax;Syntax;Syntax;Syntax;Syntax;Syntax;Syntax;Syntax;Syntax;Syntax;Syntax;Syntax;Syntax;Syntax;Syntax;Syntax;Syntax;Syntax;Syntax;Syntax;Syntax;Syntax;Syntax;Syntax;Syntax;Syntax;Syntax;Syntax;Syntax;Syntax;Syntax;Syntax;Syntax;Syntax;Syntax;Syntax;Syntax;Syntax;Syntax;Syntax;Syntax;Syntax;Syntax;Syntax;Syntax;Syntax;Syntax;Syntax;Syntax;Syntax;Syntax;Syntax;Syntax;Syntax;Syntax;Syntax;Syntax;Syntax;Syntax;Syntax;Syntax;Syntax;Syntax;Syntax;Syntax;Syntax;Syntax;Syntax;Syntax;Syntax;Syntax;Syntax;Syntax;Syntax;Syntax;Syntax;Syntax;Syntax;Syntax;Syntax;Syntax;Syntax;Syntax;Syntax;Syntax;Syntax;Syntax;Syntax;Syntax;Syntax;Syntax;Syntax;Syntax;Syntax;Syntax;Syntax;Syntax;Syntax;Syntax;Syntax;Syntax;Syntax;Syntax;Syntax;Syntax;Syntax;Syntax;Syntax;Syntax;Syntax;Syntax;Syntax;Syntax;Syntax;Syntax;Syntax;Syntax;Syntax;Syntax;Syntax;Syntax;Syntax;Syntax;Syntax;Syntax;Syntax;Syntax;Syntax;Syntax;Syntax;Syntax;Syntax;Syntax;Syntax;Syntax;Syntax;Syntax;Syntax;Syntax;Syntax;Syntax;Syntax;Syntax;Syntax;Syntax;Syntax;Syntax;Syntax;Syntax;Syntax;Syntax;Syntax;Syntax;Syntax;Syntax;Syntax;Syntax;Syntax;Syntax;Syntax;Syntax;Syntax;Syntax;Syntax;Syntax;Syntax;Syntax;Syntax;Syntax;Syntax;Syntax;Syntax;Syntax;Syntax;Syntax;Syntax;Syntax;Syntax;Syntax;Syntax;Syntax;Syntax;Syntax;Syntax;Syntax;Syntax;Syntax;Syntax;Syntax;Syntax;Syntax;Syntax;Syntax;Syntax;Syntax;Syntax;Syntax;Syntax;Syntax;Syntax;Syntax;Syntax;Syntax;Syntax;Syntax;Syntax;Syntax;Syntax;Syntax;Syntax;Syntax;Syntax;Syntax;Syntax;Syntax;Syntax;Syntax;Syntax;Syntax;Syntax;Syntax;Syntax;Syntax;Syntax;Syntax;Syntax;Syntax;Syntax;Syntax;Syntax;Syntax;Syntax;Syntax;Syntax;Syntax;Syntax;Syntax;Syntax;Syntax;Syntax;Syntax;Syntax;Syntax;Syntax;Syntax;Syntax;Syntax;Syntax;Syntax;Syntax;Syntax;Syntax;Syntax;Syntax;Syntax;Syntax;Syntax;Syntax;Syntax;Syntax;Syntax;Syntax;Syntax;Syntax;Syntax;Syntax;Syntax;Syntax;Syntax;Syntax;Syntax;Syntax;Syntax;Syntax;Syntax;Syntax;Syntax;Syntax;Syntax;Syntax;Syntax;Syntax;Syntax;Syntax;Syntax;Syntax;Syntax;Syntax;Syntax;Syntax;Syntax;Syntax;Syntax;Syntax;Syntax;Syntax;Syntax;Syntax;Syntax;Syntax;Syntax;Syntax;Syntax;Syntax;Syntax;Syntax;Syntax;Syntax;Syntax;Syntax;Syntax;Syntax;Syntax;Syntax;Syntax;Syntax;Syntax;Syntax;Syntax;Syntax;Syntax;Syntax;Syntax;Syntax;Syntax;Syntax;Syntax;Syntax;Syntax;Syntax;Syntax;Syntax;Syntax;Syntax;Syntax;Syntax;Syntax;Syntax;Syntax;Syntax;Syntax;Syntax;Syntax;Syntax;Syntax;Syntax;Syntax;Syntax;Syntax;Syntax;Syntax;Syntax;Syntax;Syntax;Syntax;Syntax;Syntax;Syntax;Syntax;Syntax;Syntax;Syntax;Syntax;Syntax;Syntax;Syntax;Syntax;Syntax;Syntax;Syntax;Syntax;Syntax;Syntax;Syntax;Syntax;Syntax;Syntax;Syntax;Syntax;Syntax;Syntax;Syntax;Syntax;Syntax;Syntax;Syntax;Syntax;Syntax;Syntax;Syntax;Syntax;Syntax;Syntax;Syntax;Syntax;Syntax;Syntax;Syntax;Syntax;Syntax;Syntax;Syntax;Syntax;Syntax;Syntax;Syntax;Syntax;Syntax;Syntax;Syntax;Syntax;Syntax;Syntax;Syntax;Syntax;Syntax;Syntax;Syntax;Syntax;Syntax;Syntax;Syntax;Syntax;Syntax;Syntax;Syntax;Syntax;Syntax;Syntax;Syntax;Syntax;Syntax;Syntax;Syntax;Syntax;Syntax;Syntax;Syntax;Syntax;Syntax;Syntax;Syntax;Syntax;Syntax;Syntax;Syntax;Syntax;Syntax;Syntax;Syntax;Syntax;Syntax;Syntax;Syntax;Syntax;Syntax;Syntax;Syntax;Syntax;Syntax;Syntax;Syntax;Syntax;Syntax;Syntax;Syntax;Syntax;Syntax;Syntax;Syntax;Syntax;Syntax;Syntax;Syntax;Syntax;Syntax;Syntax;Syntax;Syntax;Syntax;Syntax;Syntax;Syntax;Syntax;Syntax;Syntax;Syntax;Syntax;Syntax;Syntax;Syntax;Syntax;Syntax;Syntax;Syntax;Syntax;Syntax;Syntax;Syntax;Syntax;Syntax;Syntax;Syntax;Syntax;Syntax;Syntax;Syntax;Syntax;Syntax;Syntax;Syntax;Syntax;Syntax;Syntax;Syntax;Syntax;Syntax;Syntax;Syntax;Syntax;Syntax;Syntax;Syntax;Syntax;Syntax;Syntax;Syntax;Syntax;Syntax;Syntax;Syntax;Syntax;Syntax;Syntax;Syntax;Syntax;Syntax;Syntax;Syntax;Syntax;Syntax;Syntax;Syntax;Syntax;Syntax;Syntax;Syntax;Syntax;Syntax;Syntax;Syntax;Syntax;Syntax;Syntax;Syntax;Syntax;Syntax;Syntax;Syntax;Syntax;Syntax;Syntax;Syntax;Syntax;Syntax;Syntax;Syntax;Syntax;Syntax;Syntax;Syntax;Syntax;Syntax;Syntax;Syntax;Syntax;Syntax;Syntax;Syntax;Syntax;Syntax;Syntax;Syntax;Syntax;Syntax;Syntax;Syntax;Syntax;Syntax;Syntax;Syntax;Syntax;Syntax;Syntax;Syntax;Syntax;Syntax;Syntax;Syntax;Syntax;Syntax;Syntax;Syntax;Syntax;Syntax;Syntax;Syntax;Syntax;Syntax;Syntax;Syntax;Syntax;Syntax;Syntax;Syntax;Syntax;Syntax;Syntax;Syntax;Syntax;Syntax;Syntax;Syntax;Syntax;Syntax;Syntax;Syntax;Syntax;Syntax;Syntax;Syntax;Syntax;Syntax;Syntax;Syntax;Syntax;Syntax;Syntax;Syntax;Syntax;Syntax;Syntax;Syntax;Syntax;Syntax;Syntax;Syntax;Syntax;Syntax;Syntax;Syntax;Syntax;Syntax;Syntax;Syntax;Syntax;Syntax;Syntax;Syntax;Syntax;Syntax;Syntax;Syntax;Syntax;Syntax;Syntax;Syntax;Syntax;Syntax;Syntax;Syntax;Syntax;Syntax;Syntax;Syntax;Syntax;Syntax;Syntax;Syntax;Syntax;Syntax;Syntax;Syntax;Syntax;Syntax;Syntax;Syntax;Syntax;Syntax;Syntax;Syntax;Syntax;Syntax;Syntax;Syntax;Syntax;Syntax;Syntax;Syntax;Syntax;Syntax;Syntax;Syntax;Syntax;Syntax;Syntax;Syntax;Syntax;Syntax;Syntax;Syntax;Syntax;Syntax;Syntax;Syntax;Syntax;Syntax;Syntax;Syntax;Syntax;Syntax;Syntax;Syntax;Syntax;Syntax;Syntax;Syntax;Syntax;Syntax;Syntax;Syntax;Syntax;Syntax;Syntax;Syntax;Syntax;Syntax;Syntax;Syntax;Syntax;Syntax;Syntax;Syntax;Syntax;Syntax;Syntax;Syntax;Syntax;Syntax;Syntax;Syntax;Syntax;Syntax;Syntax;Syntax;Syntax;Syntax;Syntax;Syntax;Syntax;Syntax;Syntax;Syntax;Syntax;Syntax;Syntax;Syntax;Syntax;Syntax;Syntax;Syntax;Syntax;Syntax;Syntax;Syntax;Syntax;Syntax;Syntax;Syntax;Syntax;Syntax;Syntax;Syntax;Syntax;Syntax;Syntax;Syntax;Syntax;Syntax;Syntax;Syntax;Syntax;Syntax;Syntax;Syntax;Syntax;Syntax;Syntax;Syntax;Syntax;Syntax;Syntax;Syntax;Syntax;Syntax;Syntax;Syntax;Syntax;Syntax;Syntax;Syntax;Syntax;Syntax;Syntax;Syntax;Syntax;Syntax;Syntax;Syntax;Syntax;Syntax;Syntax;Syntax;Syntax;Syntax;Syntax;Syntax;Syntax;Syntax;Syntax;Syntax;Syntax;Syntax;Syntax;Syntax;Syntax;Syntax;Syntax;Syntax;Syntax;Syntax;Syntax;Syntax;Syntax;Syntax;Syntax;Syntax;Syntax;Syntax;Syntax;Syntax;Syntax;Syntax;Syntax;Syntax;Syntax;Syntax;Syntax;Syntax;Syntax;Syntax;Syntax;Syntax;Syntax;Syntax;Syntax;Syntax;Syntax;Syntax;Syntax;Syntax;Syntax;Syntax;Syntax;Syntax;Syntax;Syntax;Syntax;Syntax;Syntax;Syntax;Syntax;Syntax;Syntax;Syntax;Syntax,3,0,13.967,13.898,13.99,,True,1,2001年数学建模国赛真题+优秀论文/2001年国赛优秀论文/2001B：公交车调度的规划数学模型.pdf,primary,0571A6E99D80D7A738CDD1E6542750D71F2FAAA2C81DF0B8D4B7050CF5916077,0571A6E99D80D7A738CDD1E6542750D71F2FAAA2C81DF0B8D4B7050CF5916077,active,0,2176,1,unknown,J OU RNAL O F EN GIN EERIN G MA THEMA TICS,16.792,16.792,16.792,2026-08-18T00:06:15+08:00,176.0361111111111,499.0,2001
1,1,unknown,unknown,22.233,22.233,22.233,2026-08-18T00:06:15+08:00,Calibri;Helvetica;Symbol;Times New Roman,1,1,1351,7,1,0,FORMAL,COMPLETE,Q2,PAPER,0,0,297.0106666666666,841.92,catalog/papers.csv; catalog/paper_files.csv; catalog/scale/g8_paper_status.csv,unknown,True,0,1,1,25.027,25.027,25.027,47,False,,PORTRAIT,48,,BOTTOM,1,,,,CUMCM-2016-D-002,1.0,text_based,D,D,------------------------------------;ABCDEE+Calibri;Symbol;Times;Times;Helvetica,90,1,74.912,22.885,89.738,,True,1,2016年数学建模国赛真题+优秀论文/2016年优秀论文/2016D：风电场运行状况分析及维护计划优化 (2).pdf,primary,89AB698EB82BCE52B6844AF057D40433341C15F612A68796019A29EECB5235ED,89AB698EB82BCE52B6844AF057D40433341C15F612A68796019A29EECB5235ED,active,18,3526,1,unknown,风电场运行状况分析及优化模型 | 用启发式算法对维修人员进行安排，综合利用 MATLAB 软件求解，分析出分能资源及其,25.019,25.019,25.188,2026-08-18T00:06:15+08:00,210.01566666666668,595.32,2016
,,unknown,unknown,,,,2026-08-18T00:06:15+08:00,,0,0,,,0,,FORMAL,INELIGIBLE,,PROBLEM_PACKAGE,,,,,catalog/papers.csv; catalog/paper_files.csv; catalog/scale/g8_paper_status.csv,unknown,,,,0,,,,,,No analyzable PAPER PDF selected; identity retained in full corpus inventory.,UNKNOWN,,,,,,,,CUMCM-2017-C-001,,NOT_ANALYZED,C,C,,,,,,,,True,1,2017年数学建模国赛真题+优秀论文/2017年赛题/2017年国赛C题.docx,primary,8B707A643FBC6A1DE9E67658F79AE2B70D5909B3E7523FA411452A1DBA646A00,8B707A643FBC6A1DE9E67658F79AE2B70D5909B3E7523FA411452A1DBA646A00,active,,,0,unknown,,,,,2026-08-18T00:06:15+08:00,,,2017
,,unknown,unknown,,,,2026-08-18T00:06:15+08:00,,0,0,,,0,,FORMAL,INELIGIBLE,,SUPPORTING_MATERIAL,,,,,catalog/papers.csv; catalog/paper_files.csv; catalog/scale/g8_paper_status.csv,unknown,,,,0,,,,,,No analyzable PAPER PDF selected; identity retained in full corpus inventory.,UNKNOWN,,,,,,,,CUMCM-2011-D-018,,NOT_ANALYZED,D,D,,,,,,,,True,1,2011年数学建模国赛真题+优秀论文/2011年优秀论文/2011D：天然肠衣搭配问题(1)/方案2规格2步骤3.lg4,primary,3E4B6CB3FA7F07A4ECAAB00E3B6700B4F20BFE1EBA01EE34209B4708706C6579,3E4B6CB3FA7F07A4ECAAB00E3B6700B4F20BFE1EBA01EE34209B4708706C6579,active,,,0,unknown,,,,,2026-08-18T00:06:15+08:00,,,2011
1,0,unknown,unknown,18.221,18.221,18.221,2026-08-18T00:06:15+08:00,KaiTi;LiSu;SimHei;SimSun/Song;SymbolMT;Times New Roman,1,1,77,7,1,1,FORMAL,COMPLETE,Q2,PAPER,0,0,297.00361111111107,841.9,catalog/papers.csv; catalog/paper_files.csv; catalog/scale/g8_paper_status.csv,unknown,True,0,1,1,36.703,33.941,36.703,6,False,,PORTRAIT,8,,BOTTOM,1,8,,,CUMCM-2008-C-002,0.76,mixed,C,C,------------------------------------;XEKKFX+SimHei;CUDFXU+LiSu;LNUHNF+SimSun;AUWCNV+TimesNewRomanPSMT;KaiTi;TYEPLS+TimesNewRomanPS-ItalicMT;TZCMBP+SymbolMT,35,1,29.584,22.891,35.29,,True,1,2008年数学建模国赛真题+优秀论文/2008年优秀论文/2008C：《地面搜索最短耗时的计算》.pdf,primary,A278B28A8734A15F99B0FCE66D63B6AF432B6716A58F6F0D3067D066ABA7375B,A278B28A8734A15F99B0FCE66D63B6AF432B6716A58F6F0D3067D066ABA7375B,active,0,456,1,unknown,算。同时还采用了反证法，数据具有较好的可视性和可读性。模型的主要结 | 1.按照我们的方法得搜索完整个区域耗时最短为 49.46 小时。,30.934,30.074,34.632,2026-08-18T00:06:15+08:00,210.00861111111107,595.3,2008
0,0,unknown,unknown,,,,2026-08-18T00:06:15+08:00,KaiTi;SimSun/Song;Times New Roman,1,1,0,0,1,0,FORMAL,COMPLETE,Q2,PAPER,0,0,279.75277777777774,793.0,catalog/papers.csv; catalog/paper_files.csv; catalog/scale/g8_paper_status.csv,unknown,False,0,0,1,,,,0,False,,PORTRAIT,7,,UNKNOWN,0,,,,CUMCM-1998-B-001,1.0,text_based,B,B,------------------------------------;STSong-Light;Times-Roman;KaiTi,0,0,,,,,True,1,1998年数学建模国赛真题+优秀论文/1998年国赛优秀论文/1998B：灾情巡视路线的设计.pdf,primary,B4EC3677E59F66CF1C7673756505949CE68621D3DF90864635B908B73CF92AA5,B4EC3677E59F66CF1C7673756505949CE68621D3DF90864635B908B73CF92AA5,active,0,28,1,unknown,,,,,2026-08-18T00:06:15+08:00,210.9611111111111,598.0,1998
1,1,unknown,unknown,21.862,21.862,21.862,2026-08-18T00:06:15+08:00,KaiTi;SimHei;SimSun/Song;SymbolMT;Times New Roman,1,1,194,1,1,0,FORMAL,COMPLETE,Q2,PAPER,0,0,297.00361111111107,841.9,catalog/papers.csv; catalog/paper_files.csv; catalog/scale/g8_paper_status.csv,unknown,True,0,1,1,25.019,25.019,25.019,18,False,,PORTRAIT,20,,BOTTOM,1,,,,CUMCM-2010-C-001,0.88,text_based,C,C,------------------------------------;LNUHNF+SimSun;AUWCNV+TimesNewRomanPSMT;ESHXQI+TimesNewRomanPS-BoldMT;KaiTi;XEKKFX+SimHei;TYEPLS+TimesNewRomanPS-ItalicMT;TZCMBP+SymbolMT,10,1,25.012,23.202,26.282,,True,1,2010年数学建模国赛真题+优秀论文/2010年优秀论文/2010C：输油管的布置（2）.pdf,primary,FD7FBA7652C85FF2D40866F4F992039E8DA731EBF08E630DE9226D4D51972D3C,FD7FBA7652C85FF2D40866F4F992039E8DA731EBF08E630DE9226D4D51972D3C,active,0,631,1,unknown,,30.582,27.319,32.905,2026-08-18T00:06:15+08:00,210.00861111111107,595.3,2010
,,unknown,unknown,,,,2026-08-18T00:06:15+08:00,,0,0,,,0,,FORMAL,INELIGIBLE,,PROBLEM_PACKAGE,,,,,catalog/papers.csv; catalog/paper_files.csv; catalog/scale/g8_paper_status.csv,unknown,,,,0,,,,,,No analyzable PAPER PDF selected; identity retained in full corpus inventory.,UNKNOWN,,,,,,,,CUMCM-2014-D-001,,NOT_ANALYZED,D,D,,,,,,,,True,1,2014年数学建模国赛真题+优秀论文/2014年赛题/2014年国赛D题.doc,primary,D7F224589CF54E6F3E512935FEA5F764BB78D1624DDE54EB3C0C5E5A586C1A1A,D7F224589CF54E6F3E512935FEA5F764BB78D1624DDE54EB3C0C5E5A586C1A1A,active,,,0,unknown,,,,,2026-08-18T00:06:15+08:00,,,2014
0,0,unknown,unknown,,,,2026-08-18T00:06:15+08:00,KaiTi;Times New Roman,1,1,0,0,1,0,FORMAL,COMPLETE,Q2,PAPER,0,1,296.6861111111111,841.0,catalog/papers.csv; catalog/paper_files.csv; catalog/scale/g8_paper_status.csv,unknown,True,0,0,1,,,,0,False,,PORTRAIT,7,,UNKNOWN,0,,,,CUMCM-2001-C-001,1.0,text_based,C,C,------------------------------------;Times-Roman;KaiTi,0,0,,,,,True,1,2001年数学建模国赛真题+优秀论文/2001年国赛优秀论文/2001C：基金存储方案.pdf,primary,801FA9B4555CFFC18C5E39E9CF91B957A10A7B87DD067E488CA08FD1530E5FD1,801FA9B4555CFFC18C5E39E9CF91B957A10A7B87DD067E488CA08FD1530E5FD1,active,0,35,1,unknown,,,,,2026-08-18T00:06:15+08:00,209.90277777777777,595.0,2001
0,0,unknown,unknown,,,,2026-08-18T00:06:15+08:00,KaiTi;SimSun/Song;Times New Roman,1,1,0,0,1,0,FORMAL,COMPLETE,Q2,PAPER,0,0,279.75277777777774,793.0,catalog/papers.csv; catalog/paper_files.csv; catalog/scale/g8_paper_status.csv,unknown,False,0,0,1,,,,0,False,,PORTRAIT,5,,UNKNOWN,0,,,,CUMCM-1998-A-005,1.0,text_based,A,A,------------------------------------;STSong-Light;Times-Roman;Times-Italic;KaiTi,0,0,,,,,True,1,1998年数学建模国赛真题+优秀论文/1998年国赛优秀论文/1998A：一类投资组合问题的建模与分析.pdf,primary,ED7FFCBFAD82E9A6746032B986638F063D7AD9C1B7B155C0A773707C602297BB,ED7FFCBFAD82E9A6746032B986638F063D7AD9C1B7B155C0A773707C602297BB,active,0,20,1,unknown,,,,,2026-08-18T00:06:15+08:00,210.9611111111111,598.0,1998
,,unknown,unknown,,,,2026-08-18T00:06:15+08:00,,0,0,,,0,,FORMAL,COMPLETE,UNKNOWN,PAPER,,,,,catalog/papers.csv; catalog/paper_files.csv; catalog/scale/g8_paper_status.csv,unknown,,,,0,,,,,,No analyzable PAPER PDF selected; identity retained in full corpus inventory.,UNKNOWN,,,,,,,,CUMCM-2014-D-002,,NOT_ANALYZED,D,D,,,,,,,,True,1,2014年数学建模国赛真题+优秀论文/2014优秀论文/2014D：储药槽的设计 (2)/储药柜的设计.doc,primary,0F96568C1507DC18820F68592A9A6DA83C3FE6842CF007A17567C219BEBA841E,0F96568C1507DC18820F68592A9A6DA83C3FE6842CF007A17567C219BEBA841E,active,,,0,unknown,,,,,2026-08-18T00:06:15+08:00,,,2014
,,unknown,unknown,,,,2026-08-18T00:06:15+08:00,,0,0,,,0,,FORMAL,INELIGIBLE,,PROBLEM_PACKAGE,,,,,catalog/papers.csv; catalog/paper_files.csv; catalog/scale/g8_paper_status.csv,unknown,,,,0,,,,,,No analyzable PAPER PDF selected; identity retained in full corpus inventory.,UNKNOWN,,,,,,,,CUMCM-2003-B-003,,NOT_ANALYZED,B,B,,,,,,,,True,1,2003年数学建模国赛真题+优秀论文/2003年赛题/2003年国赛B题 .doc,primary,4A54721DD368867FF528F97E478DB98719527DAA573030878821E1B3D5758411,4A54721DD368867FF528F97E478DB98719527DAA573030878821E1B3D5758411,active,,,0,unknown,,,,,2026-08-18T00:06:15+08:00,,,2003
0,0,unknown,unknown,16.452,16.452,16.452,2026-08-18T00:06:15+08:00,CMEX10;CMMI10;CMMI8;CMR10;CMR8;CMSY10;CMSY8;LINE10;NimbusMonL-Regu;NimbusRomNo9L-Medi;NimbusRomNo9L-Regu,1,1,955,0,1,1,FORMAL,COMPLETE,Q2,PAPER,0,0,297.0000833333333,841.89,catalog/papers.csv; catalog/paper_files.csv; catalog/scale/g8_paper_status.csv,unknown,True,0,0,1,25.0,25.0,25.0,25,False,,PORTRAIT,27,,BOTTOM,1,"1,2,5,10,13,15,16,17,22,27",,,CUMCM-2012-A-001,0.61,mixed,A,A,------------------------------------;UDFQIB+CMR10;F24;F31;ZLBNRV+NimbusRomNo9L-Regu;F34;F35;F96;F36;F97;F37;F98;F38;F99;F39;F40;F41;F42;F43;F44;F45;F46;F47;F48;F49;F50;F51;F52;F53;F54;F55;F56;F57;F58;F59;F60;F61;F62;F63;F64;F65;TULOTL+CMMI10;F100;F102;F103;F104;F105;F110;F111;F112;GGYXSJ+NimbusRomNo9L-Medi;F108;F109;F114;F115;F116;F117;F118;F119;F120;F121;F122;FBNZCJ+CMMI8;WLBROP+CMSY10;F124;F125;F126;F127;F128;F129;F130;F131;F132;F133;F134;F135;F136;F137;F138;F139;DCGEID+CMR8;CKLHPI+CMEX10;F140;F141;F142;F143;NLXUWS+CMSY8;JRDVQR+LINE10;F158;F159;F160;F161;F162;F163;F164;F165;F166;F171;F172;F173;F174;F175;F176;F177;F178;F179;F180;F181;F182;F183;F184;F185;F186;F187;F188;F189;F190;F191;F192;F193;F194;F195;F167;F168;F169;F200;F201;F202;F203;F204;F205;F206;F207;F208;F209;F210;F211;F212;F213;F214;F215;F216;F217;F218;F219;F197;F198;F220;F221;F222;F223;F224;F225;F226;F227;SNKMNM+NimbusMonL-Regu;F229;F230;F231;F232;F233;F234,32,0,23.971,22.495,25.026,,True,1,2012年数学建模国赛真题+优秀论文/2012年优秀论文/2012A：葡萄酒的评价 (3).pdf,primary,B3E23D0568C6B8A3529598A4F2B9E3ED5B9EB90E71E32232B337F707996F5519,B3E23D0568C6B8A3529598A4F2B9E3ED5B9EB90E71E32232B337F707996F5519,active,0,4353,1,unknown,➘✿❐✛➭❞ | ✂Ø➥❑➌➜➲❶⑤❫ı✄❖➞✛❷✬⑧↔➜❦Ø✝➞➭➞Œ✛➞❄✶✡,22.652,22.652,25.734,2026-08-18T00:06:15+08:00,210.0001444444444,595.276,2012
,,unknown,unknown,,,,2026-08-18T00:06:15+08:00,,0,0,,,0,,FORMAL,INELIGIBLE,,SUPPORTING_MATERIAL,,,,,catalog/papers.csv; catalog/paper_files.csv; catalog/scale/g8_paper_status.csv,unknown,,,,0,,,,,,No analyzable PAPER PDF selected; identity retained in full corpus inventory.,UNKNOWN,,,,,,,,CUMCM-2014-C-003,,NOT_ANALYZED,C,C,,,,,,,,True,1,2014年数学建模国赛真题+优秀论文/2014优秀论文/2014C：生猪养殖场经营管理的研究/muzhushuliang.lg4,primary,21A9972456DFE9DD8FFA077B010EDAE1A21C747D8A0D65CC1C7C2CADC921324A,21A9972456DFE9DD8FFA077B010EDAE1A21C747D8A0D65CC1C7C2CADC921324A,active,,,0,unknown,,,,,2026-08-18T00:06:15+08:00,,,2014
1,1,unknown,unknown,22.233,22.233,22.233,2026-08-18T00:06:15+08:00,Arial;Calibri;KaiTi;Symbol;Times New Roman,1,1,853,14,1,1,FORMAL,COMPLETE,Q2,PAPER,0,0,297.0106666666666,841.92,catalog/papers.csv; catalog/paper_files.csv; catalog/scale/g8_paper_status.csv,unknown,True,0,1,1,31.758,31.758,31.758,31,False,,PORTRAIT,32,,BOTTOM,1,,,,CUMCM-2010-A-004,1.0,text_based,A,A,------------------------------------;ABCDEE+Calibri;Times;Times;Symbol;KaiTi;Arial;ABCDEE+Arial;ABCDEE+Calibri,177,1,30.91,29.619,37.196,,True,1,2010年数学建模国赛真题+优秀论文/2010年优秀论文/2010A：储油罐的变位识别与罐容表标定 (3).pdf,primary,91816D1197A09392ECD177171037E1BF302F4E1D87E769DBCC750015D8ACA997,91816D1197A09392ECD177171037E1BF302F4E1D87E769DBCC750015D8ACA997,active,4,2783,1,unknown,储油罐的变位识别与罐容表标定 | 罐内油位高度与储油量的对应关系）进行实时计算，以得到罐内油位高度和储油,26.077,25.4,30.91,2026-08-18T00:06:15+08:00,210.01566666666668,595.32,2010
,,unknown,unknown,,,,2026-08-18T00:06:15+08:00,,0,0,,,0,,FORMAL,INELIGIBLE,,SUPPORTING_MATERIAL,,,,,catalog/papers.csv; catalog/paper_files.csv; catalog/scale/g8_paper_status.csv,unknown,,,,0,,,,,,No analyzable PAPER PDF selected; identity retained in full corpus inventory.,UNKNOWN,,,,,,,,CUMCM-2011-D-019,,NOT_ANALYZED,D,D,,,,,,,,True,1,2011年数学建模国赛真题+优秀论文/2011年优秀论文/2011D：天然肠衣搭配问题(1)/LINGO6.lg4,primary,53FB31BC2DB5BF75432F5016ADC7643F300494D8CA6969646585EF80E1BE240B,53FB31BC2DB5BF75432F5016ADC7643F300494D8CA6969646585EF80E1BE240B,active,,,0,unknown,,,,,2026-08-18T00:06:15+08:00,,,2011
1,1,unknown,unknown,18.295,18.295,18.295,2026-08-18T00:06:15+08:00,Arial;KaiTi;MT-Extra;SimHei;SimSun/Song;SymbolMT;Times New Roman,1,1,658,9,1,1,FORMAL,COMPLETE,Q2,PAPER,0,0,297.0388888888889,842.0,catalog/papers.csv; catalog/paper_files.csv; catalog/scale/g8_paper_status.csv,unknown,True,0,1,1,25.019,25.019,25.019,19,False,,PORTRAIT,20,,BOTTOM,1,,,,CUMCM-2007-A-006,1.0,text_based,A,A,------------------------------------;AECBON+SimHei;AECCAN+SimSun;AECDAK+SymbolMT;ArialMT;TimesNewRomanPSMT;TimesNewRomanPS-ItalicMT;SimSun;KaiTi;AECPEC+MT-Extra,33,1,-3.308,-3.308,-3.308,,True,1,2007年数学建模国赛真题+优秀论文/2007年优秀论文/2007A：《中国人口增长预测模型》 (4).pdf,primary,D9B1D3CF1B98C0A89A2BDF812BDEC4114960ACB8CEF7D2EC59B04357ACD0D63D,D9B1D3CF1B98C0A89A2BDF812BDEC4114960ACB8CEF7D2EC59B04357ACD0D63D,active,9,2760,1,unknown,中国人口增长预测模型 | 在建立模型前我们首先补充了题目并未给出的每年人口总数，处理了有异常的 2003,25.548,25.04,26.669,2026-08-18T00:06:15+08:00,209.98038888888888,595.22,2007
1,1,unknown,unknown,21.929,21.929,21.929,2026-08-18T00:06:15+08:00,Arial;Cambria;KaiTi;LatinModernMath-Regular;SimHei;SimSun/Song;Times New Roman,1,1,862,6,1,0,FORMAL,COMPLETE,Q2,PAPER,0,0,297.0106666666666,841.92,catalog/papers.csv; catalog/paper_files.csv; catalog/scale/g8_paper_status.csv,unknown,True,0,1,1,31.75,31.75,31.75,44,False,,PORTRAIT,45,,BOTTOM,1,,,,CUMCM-2018-A-003,1.0,text_based,A,A,------------------------------------;OESKSR+SimHei;BOWVNR+SimSun;TimesNewRomanPSMT;LAYIXX+SimHei;KYVYJZ+SimSun;KaiTi;BTCMNR+KaiTi;PYEXBP+LatinModernMath-Regular;TimesNewRomanPS-BoldMT;Arial-BoldMT;BWBHNR+CambriaMath;TimesNewRomanPS-ItalicMT;OANCNR+CambriaMath;ArialMT,48,1,31.683,29.734,31.724,,True,1,2018年数学建模国赛真题+优秀论文/2018年优秀论文/2018A：基于多原则比较和蒙特卡洛模拟的 RGV 动态调度模型.pdf,primary,FF5FEA82381FC3877F8FEA031CD47426B54759284A9EFE2FBC26873CEE585689,FF5FEA82381FC3877F8FEA031CD47426B54759284A9EFE2FBC26873CEE585689,active,9,3621,1,unknown,基于多原则比较和蒙特卡洛模拟的 RGV 动态调度模型 | 想，研究了由 8 台 CNC、1 辆 RGV 以及其他附属设备组成的智能加工系统的动,25.781,25.442,25.781,2026-08-18T00:06:15+08:00,210.01566666666668,595.32,2018
0,0,unknown,unknown,,,,2026-08-18T00:06:15+08:00,KaiTi,1,0,0,0,1,0,FORMAL,Q3_MANUAL_REQUIRED,Q3,PAPER,0,0,278.34166666666664,789.0,catalog/papers.csv; catalog/paper_files.csv; catalog/scale/g8_paper_status.csv,unknown,False,0,0,1,,,,0,False,font_or_text_layer_not_reliable,PORTRAIT,6,,UNKNOWN,0,"1,2,3,4,5,6",,,CUMCM-1997-B-003,0.8,image_based,B,B,------------------------------------;KaiTi,0,0,,,,,True,1,1997年数学建模国赛真题+优秀论文/1997年国赛优秀论文/1997B：截断切割的最优方案.pdf,primary,5CDCA98BAD18F0E2BE780A9FBF6B8E61D0B7566C2DE78949BD772CB89AA70413,5CDCA98BAD18F0E2BE780A9FBF6B8E61D0B7566C2DE78949BD772CB89AA70413,active,0,24,1,unknown,,,,,2026-08-18T00:06:15+08:00,206.0222222222222,584.0,1997
,,unknown,unknown,,,,2026-08-18T00:06:15+08:00,,0,0,,,0,,FORMAL,INELIGIBLE,,PROBLEM_PACKAGE,,,,,catalog/papers.csv; catalog/paper_files.csv; catalog/scale/g8_paper_status.csv,unknown,,,,0,,,,,,No analyzable PAPER PDF selected; identity retained in full corpus inventory.,UNKNOWN,,,,,,,,CUMCM-2021-B-001,,NOT_ANALYZED,B,B,,,,,,,,True,1,2021年数学建模国赛真题+优秀论文/2021年国赛赛题/2021年国赛B题.pdf,primary,54ECF5959EE6E6B93E777C13919012F241B618694E169017699CD4A12198988C,54ECF5959EE6E6B93E777C13919012F241B618694E169017699CD4A12198988C,active,,,0,unknown,,,,,2026-08-18T00:06:15+08:00,,,2021
,,unknown,unknown,,,,2026-08-18T00:06:15+08:00,,0,0,,,0,,FORMAL,,,NOT_IN_G8_STATUS,,,,,catalog/papers.csv; catalog/paper_files.csv; catalog/scale/g8_paper_status.csv,unknown,,,,0,,,,,,No analyzable PAPER PDF selected; identity retained in full corpus inventory.,UNKNOWN,,,,,,,,CUMCM-2015-D-003,,NOT_ANALYZED,D,D,,,,,,,,True,1,2015年数学建模国赛真题+优秀论文/2015年优秀论文/2015D：众筹筑屋规划方案设计 (3).pdf,primary,74203B2E3B6EBF7FBEFCA0AA82E360C4967474A6D1AF70E1CE569110ED4531E3,74203B2E3B6EBF7FBEFCA0AA82E360C4967474A6D1AF70E1CE569110ED4531E3,active,,,0,unknown,,,,,2026-08-18T00:06:15+08:00,,,2015
,,unknown,unknown,,,,2026-08-18T00:06:15+08:00,,0,0,,,0,,FORMAL,INELIGIBLE,,SUPPORTING_MATERIAL,,,,,catalog/papers.csv; catalog/paper_files.csv; catalog/scale/g8_paper_status.csv,unknown,,,,0,,,,,,No analyzable PAPER PDF selected; identity retained in full corpus inventory.,UNKNOWN,,,,,,,,CUMCM-2011-D-020,,NOT_ANALYZED,D,D,,,,,,,,True,1,2011年数学建模国赛真题+优秀论文/2011年优秀论文/2011D：天然肠衣搭配问题(1)/降级11.lg4,primary,71A803432BEA7D232215E219C508954B2515C9F34A7E968D42C022F50EB1016D,71A803432BEA7D232215E219C508954B2515C9F34A7E968D42C022F50EB1016D,active,,,0,unknown,,,,,2026-08-18T00:06:15+08:00,,,2011
1,1,unknown,unknown,18.295,18.295,18.295,2026-08-18T00:06:15+08:00,Arial;KaiTi;MS-Mincho;MS-PMincho;MT-Extra;SimHei;SimSun/Song;SymbolMT;Times New Roman,1,1,330,5,1,1,FORMAL,COMPLETE,Q2,PAPER,0,0,297.0388888888889,842.0,catalog/papers.csv; catalog/paper_files.csv; catalog/scale/g8_paper_status.csv,unknown,True,0,1,1,25.019,25.019,25.019,17,False,,PORTRAIT,18,,BOTTOM,1,,,,CUMCM-2007-B-004,1.0,text_based,B,B,------------------------------------;EJAIHD+SimHei;EJAIJD+SimSun;EJAIGD+TimesNewRomanPSMT;TimesNewRomanPS-BoldMT;SimSun;KaiTi;EJAIEC+TimesNewRomanPSMT;ArialMT;EJAKGC+SymbolMT;EJALGM+MS-Mincho;TimesNewRomanPS-ItalicMT;EJAPNC+MT-Extra;EJBJAL+MS-PMincho,18,1,-3.308,-3.308,-3.308,,True,1,2007年数学建模国赛真题+优秀论文/2007年优秀论文/2007B：《基于生成树算法的公交地铁线路选择模型》.pdf,primary,40B9EDF62E954CBFDCCD310C2B11DBF1F80EAA94A72001CA1D39310851865D83,40B9EDF62E954CBFDCCD310C2B11DBF1F80EAA94A72001CA1D39310851865D83,active,0,1462,1,unknown,基于生成树算法的公交地铁线路选择模型 | 为树的根结点，用树的高度的不断增长代表换乘次数的增长，从而发现起始站在不同换,25.209,25.04,27.427,2026-08-18T00:06:15+08:00,209.98038888888888,595.22,2007
1,1,unknown,unknown,22.233,22.233,22.233,2026-08-18T00:06:15+08:00,Calibri;Cambria;KaiTi;Mathematica2;Mathematica3;Monospace;SimSun/Song;Times New Roman,1,1,437,19,1,0,FORMAL,COMPLETE,Q2,PAPER,0,0,297.0106666666666,841.92,catalog/papers.csv; catalog/paper_files.csv; catalog/scale/g8_paper_status.csv,unknown,True,0,1,1,31.716,31.716,31.716,27,False,,PORTRAIT,28,,BOTTOM,1,,,,CUMCM-2008-B-007,1.0,text_based,B,B,------------------------------------;ABCDEE+Calibri;SimSun;KaiTi;ABCDEE+Cambria;ABCDEE+Cambria;ABCDEE+Courier;ABCDEE+Mathematica3;ABCDEE+Mathematica2;Times;ABCEEE+Calibri,171,1,-64.62,-64.62,-64.62,,True,1,2008年数学建模国赛真题+优秀论文/2008年优秀论文/2008B：《关于高等教育学费标准的评价及建议》.PDF,primary,D0252C6DF05D1E1BD6867F16CCBAC97D45A0930C2FCEA7C2B98160EF73E6C221,D0252C6DF05D1E1BD6867F16CCBAC97D45A0930C2FCEA7C2B98160EF73E6C221,active,1,2028,1,unknown,关于高等教育学费标准的评价及建议 | 入了三个变因：学校属性、专业类型、地域差异对学费的影响，对其合理性进行了,25.4,25.4,28.282,2026-08-18T00:06:15+08:00,210.01566666666668,595.32,2008
0,0,unknown,unknown,16.439,16.21,17.251,2026-08-18T00:06:15+08:00,KaiTi;SimSun/Song;Syntax;Times New Roman;cajcd-fntaa;cajcd-fntbd,1,1,293,0,1,1,FORMAL,COMPLETE,Q2,PAPER,0,1,248.70833333333334,705.0,catalog/papers.csv; catalog/paper_files.csv; catalog/scale/g8_paper_status.csv,unknown,False,0,0,1,12.912,12.876,12.912,7,False,,PORTRAIT,8,,BOTTOM,1,,,,CUMCM-2000-B-005,1.0,text_based,B,B,------------------------------------;STSong-Light;Times-Roman;cajcd-fntaa;Times-Bold;Times-Italic;KaiTi;cajcd-fntbd;Syntax;Syntax;Syntax;Syntax;Syntax;Syntax;Syntax;Syntax;Syntax;Syntax;Syntax;Syntax;Syntax;Syntax;Syntax;Syntax;Syntax;Syntax;Syntax;Syntax;Syntax;Syntax;Syntax;Syntax;Syntax;Syntax;Syntax;Syntax;Syntax;Syntax;Syntax;Syntax;Syntax;Syntax;Syntax;Syntax;Syntax;Syntax;Syntax;Syntax;Syntax;Syntax;Syntax;Syntax;Syntax;Syntax;Syntax;Syntax;Syntax;Syntax;Syntax;Syntax;Syntax;Syntax;Syntax;Syntax;Syntax;Syntax;Syntax;Syntax;Syntax;Syntax;Syntax;Syntax;Syntax;Syntax;Syntax;Syntax;Syntax;Syntax;Syntax;Syntax;Syntax;Syntax;Syntax;Syntax;Syntax;Syntax;Syntax;Syntax;Syntax;Syntax;Syntax;Syntax;Syntax;Syntax;Syntax;Syntax;Syntax;Syntax;Syntax;Syntax;Syntax;Syntax;Syntax;Syntax;Syntax;Syntax;Syntax;Syntax;Syntax;Syntax;Syntax;Syntax;Syntax;Syntax;Syntax;Syntax;Syntax;Syntax;Syntax;Syntax;Syntax;Syntax;Syntax;Syntax;Syntax;Syntax;Syntax;Syntax;Syntax;Syntax;Syntax;Syntax;Syntax;Syntax;Syntax;Syntax;Syntax;Syntax;Syntax;Syntax;Syntax;Syntax;Syntax;Syntax;Syntax;Syntax;Syntax;Syntax;Syntax;Syntax;Syntax;Syntax;Syntax;Syntax;Syntax;Syntax;Syntax;Syntax;Syntax;Syntax;Syntax;Syntax;Syntax;Syntax;Syntax;Syntax;Syntax;Syntax;Syntax;Syntax;Syntax;Syntax;Syntax;Syntax;Syntax;Syntax;Syntax;Syntax;Syntax;Syntax;Syntax;Syntax;Syntax;Syntax;Syntax;Syntax;Syntax;Syntax;Syntax;Syntax;Syntax;Syntax;Syntax;Syntax;Syntax;Syntax;Syntax;Syntax;Syntax;Syntax;Syntax;Syntax;Syntax;Syntax;Syntax;Syntax;Syntax;Syntax;Syntax;Syntax;Syntax;Syntax;Syntax;Syntax;Syntax;Syntax;Syntax;Syntax;Syntax;Syntax;Syntax;Syntax;Syntax;Syntax;Syntax;Syntax;Syntax;Syntax;Syntax;Syntax;Syntax;Syntax;Syntax;Syntax;Syntax;Syntax;Syntax;Syntax;Syntax;Syntax;Syntax;Syntax;Syntax;Syntax;Syntax;Syntax;Syntax;Syntax;Syntax;Syntax;Syntax;Syntax;Syntax;Syntax;Syntax;Syntax;Syntax;Syntax;Syntax;Syntax;Syntax;Syntax;Syntax;Syntax;Syntax;Syntax;Syntax;Syntax;Syntax;Syntax;Syntax;Syntax;Syntax;Syntax;Syntax;Syntax;Syntax;Syntax;Syntax;Syntax;Syntax;Syntax;Syntax;Syntax;Syntax;Syntax;Syntax;Syntax;Syntax;Syntax;Syntax;Syntax;Syntax;Syntax;Syntax;Syntax;Syntax;Syntax;Syntax;Syntax;Syntax;Syntax;Syntax;Syntax;Syntax;Syntax;Syntax;Syntax;Syntax;Syntax;Syntax;Syntax;Syntax;Syntax;Syntax;Syntax;Syntax;Syntax;Syntax;Syntax;Syntax;Syntax;Syntax;Syntax;Syntax;Syntax;Syntax;Syntax;Syntax;Syntax;Syntax;Syntax;Syntax;Syntax;Syntax;Syntax;Syntax;Syntax;Syntax;Syntax;Syntax;Syntax;Syntax;Syntax;Syntax;Syntax;Syntax;Syntax;Syntax;Syntax;Syntax;Syntax;Syntax;Syntax;Syntax;Syntax;Syntax;Syntax;Syntax;Syntax;Syntax;Syntax;Syntax;Syntax;Syntax;Syntax;Syntax;Syntax;Syntax;Syntax;Syntax;Syntax;Syntax;Syntax;Syntax;Syntax;Syntax;Syntax;Syntax;Syntax;Syntax;Syntax;Syntax;Syntax;Syntax;Syntax;Syntax;Syntax;Syntax;Syntax;Syntax;Syntax;Syntax;Syntax;Syntax;Syntax;Syntax;Syntax;Syntax;Syntax;Syntax;Syntax;Syntax;Syntax;Syntax;Syntax;Syntax;Syntax;Syntax;Syntax;Syntax;Syntax;Syntax;Syntax;Syntax;Syntax;Syntax;Syntax;Syntax;Syntax;Syntax;Syntax;Syntax;Syntax;Syntax;Syntax;Syntax;Syntax;Syntax;Syntax;Syntax;Syntax;Syntax;Syntax;Syntax;Syntax;Syntax;Syntax;Syntax;Syntax;Syntax;Syntax;Syntax;Syntax;Syntax;Syntax;Syntax;Syntax;Syntax;Syntax;Syntax;Syntax;Syntax;Syntax;Syntax;Syntax;Syntax;Syntax;Syntax;Syntax;Syntax;Syntax;Syntax;Syntax;Syntax;Syntax;Syntax;Syntax;Syntax;Syntax;Syntax;Syntax;Syntax;Syntax;Syntax;Syntax;Syntax;Syntax;Syntax;Syntax;Syntax;Syntax;Syntax;Syntax;Syntax;Syntax;Syntax;Syntax;Syntax;Syntax;Syntax;Syntax;Syntax;Syntax;Syntax;Syntax;Syntax;Syntax;Syntax;Syntax;Syntax;Syntax;Syntax;Syntax;Syntax;Syntax;Syntax;Syntax;Syntax;Syntax;Syntax;Syntax;Syntax;Syntax;Syntax;Syntax;Syntax;Syntax;Syntax;Syntax;Syntax;Syntax;Syntax;Syntax;Syntax;Syntax;Syntax;Syntax;Syntax;Syntax;Syntax;Syntax;Syntax;Syntax;Syntax;Syntax;Syntax;Syntax;Syntax;Syntax;Syntax;Syntax;Syntax;Syntax;Syntax;Syntax;Syntax;Syntax;Syntax;Syntax;Syntax;Syntax;Syntax;Syntax;Syntax;Syntax;Syntax;Syntax;Syntax;Syntax;Syntax;Syntax;Syntax;Syntax;Syntax;Syntax;Syntax;Syntax;Syntax;Syntax;Syntax;Syntax;Syntax;Syntax;Syntax;Syntax;Syntax;Syntax;Syntax;Syntax;Syntax;Syntax;Syntax;Syntax;Syntax;Syntax;Syntax;Syntax;Syntax;Syntax;Syntax;Syntax;Syntax;Syntax;Syntax;Syntax;Syntax;Syntax;Syntax;Syntax;Syntax;Syntax;Syntax;Syntax;Syntax;Syntax;Syntax;Syntax;Syntax;Syntax;Syntax;Syntax;Syntax;Syntax;Syntax;Syntax;Syntax;Syntax;Syntax;Syntax;Syntax;Syntax;Syntax;Syntax;Syntax;Syntax;Syntax;Syntax;Syntax;Syntax;Syntax;Syntax;Syntax;Syntax;Syntax;Syntax;Syntax;Syntax;Syntax;Syntax;Syntax;Syntax;Syntax;Syntax;Syntax;Syntax;Syntax;Syntax;Syntax;Syntax;Syntax;Syntax;Syntax;Syntax;Syntax;Syntax;Syntax;Syntax,38,0,10.372,10.178,10.513,,True,1,2000年数学建模国赛真题+优秀论文/2000年国赛优秀论文/2000B：钢管的订购和运输解答模型.pdf,primary,62EABCDF2FD130013F86DC1C638846661E127B7B7B3C3107C38F10DBB8BBA10A,62EABCDF2FD130013F86DC1C638846661E127B7B7B3C3107C38F10DBB8BBA10A,active,0,1304,1,unknown,M A TH EM A T ICSINPRA CT ICE ANDTH EO R Y,14.146,14.146,14.146,2026-08-18T00:06:15+08:00,167.56944444444446,475.0,2000
0,0,unknown,unknown,,,,2026-08-18T00:06:15+08:00,KaiTi,1,0,0,0,1,0,FORMAL,Q3_MANUAL_REQUIRED,Q3,PAPER,0,0,297.0388888888889,842.0,catalog/papers.csv; catalog/paper_files.csv; catalog/scale/g8_paper_status.csv,unknown,True,0,0,1,,,,0,False,font_or_text_layer_not_reliable,PORTRAIT,29,,UNKNOWN,0,"1,2,3,4,5,6,7,8,9,10,11,12,13,14,15,16,17,18,19,20,21,22,23,24,25,26,27,28,29",,,CUMCM-2010-B-001,0.8,image_based,B,B,------------------------------------;KaiTi,0,0,,,,,True,1,2010年数学建模国赛真题+优秀论文/2010年优秀论文/2010B：上海世博会影响力的定量评估.pdf,primary,EA8FA7E23CEEED8B511B42AAFAFBCFB776DD898B94D5F72A96847DF72C9F640F,EA8FA7E23CEEED8B511B42AAFAFBCFB776DD898B94D5F72A96847DF72C9F640F,active,0,87,1,unknown,,,,,2026-08-18T00:06:15+08:00,209.90277777777777,595.0,2010
0,0,unknown,unknown,32.242,30.115,48.808,2026-08-18T00:06:15+08:00,MT-Extra-Identity-H;MicrosoftYaHei-Identity-H;Monospace;SimHei;SimSun/Song;SymbolMT-Identity-H;Times New Roman,1,1,4,0,1,0,FORMAL,COMPLETE,Q2,PAPER,0,0,297.0388888888889,842.0,catalog/papers.csv; catalog/paper_files.csv; catalog/scale/g8_paper_status.csv,unknown,True,0,0,1,25.007,25.007,25.007,32,False,,PORTRAIT,34,,UNKNOWN,0,"1,2,4,5,22,25,26,27,28,29,30,31,32,33,34",,,CUMCM-2012-B-B077,1.0,text_based,B,B,------------------------------------;FJPBEA+TimesNewRomanPS-BoldMT-Identity-H;FJPBHA+SimSun-Identity-H;FJPBJA+TimesNewRomanPSMT-Identity-H;FJPBLB+SimHei-Identity-H;FJPBMB+TimesNewRomanPS-ItalicMT-Identity-H;FJPBNC+SymbolMT-Identity-H;FJPCFP+SymbolMT-Identity-H;FJPCLO+MT-Extra-Identity-H;FJPDMI+MicrosoftYaHei-Identity-H;FJPFBB+CourierNewPSMT-Identity-H,0,0,25.028,24.884,26.681,,True,1,2012年数学建模国赛真题+优秀论文/2012年优秀论文/2012B：太阳能小屋的设计 (1)/B077.pdf,primary,CEC3C5E0DA82C5228E8A4E967BCAF7D437596EA07E33FCCAB2239036F519F5AC,CEC3C5E0DA82C5228E8A4E967BCAF7D437596EA07E33FCCAB2239036F519F5AC,active,0,2139,1,unknown,,25.324,25.07,27.536,2026-08-18T00:06:15+08:00,209.98038888888888,595.22,2012
,,unknown,unknown,,,,2026-08-18T00:06:15+08:00,,0,0,,,0,,FORMAL,,,NOT_IN_G8_STATUS,,,,,catalog/papers.csv; catalog/paper_files.csv; catalog/scale/g8_paper_status.csv,unknown,,,,0,,,,,,No analyzable PAPER PDF selected; identity retained in full corpus inventory.,UNKNOWN,,,,,,,,CUMCM-2015-A-002,,NOT_ANALYZED,A,A,,,,,,,,True,1,2015年数学建模国赛真题+优秀论文/2015年赛题/2015年国赛A题.doc,primary,B43501D5123811C038839A75F392DE8CA8E153EAE39E9E6E8E015D2C05134DCA,B43501D5123811C038839A75F392DE8CA8E153EAE39E9E6E8E015D2C05134DCA,active,,,0,unknown,,,,,2026-08-18T00:06:15+08:00,,,2015
,,unknown,unknown,,,,2026-08-18T00:06:15+08:00,,0,0,,,0,,FORMAL,INELIGIBLE,,PROBLEM_PACKAGE,,,,,catalog/papers.csv; catalog/paper_files.csv; catalog/scale/g8_paper_status.csv,unknown,,,,0,,,,,,No analyzable PAPER PDF selected; identity retained in full corpus inventory.,UNKNOWN,,,,,,,,CUMCM-2013-B-001,,NOT_ANALYZED,B,B,,,,,,,,True,1,2013年数学建模国赛真题+优秀论文/2013B：碎纸片的拼接复原 (3)/B-20001040-向航，王帆，郭树璇.pdf,primary,09EECD252051A10F26903C8E5090933C8A8F04B43C2D21EB3173E1DF45C8B150,09EECD252051A10F26903C8E5090933C8A8F04B43C2D21EB3173E1DF45C8B150,active,,,0,unknown,,,,,2026-08-18T00:06:15+08:00,,,2013
0,0,unknown,unknown,19.614,19.438,19.72,2026-08-18T00:06:15+08:00,KaiTi;SimSun/Song;Syntax;Times New Roman;cajcd-fntaa,1,1,36,0,1,1,FORMAL,COMPLETE,Q2,PAPER,0,1,259.9972222222222,737.0,catalog/papers.csv; catalog/paper_files.csv; catalog/scale/g8_paper_status.csv,unknown,False,0,0,1,14.146,14.146,14.146,7,False,,PORTRAIT,8,,TOP,1,,,,CUMCM-2001-A-007,1.0,text_based,A,A,------------------------------------;STSong-Light;Times-Roman;cajcd-fntaa;Times-Italic;KaiTi;Times-Bold;Syntax;Syntax;Syntax;Syntax;Syntax;Syntax;Syntax;Syntax;Syntax;Syntax;Syntax;Syntax;Syntax;Syntax;Syntax;Syntax;Syntax;Syntax;Syntax;Syntax;Syntax;Syntax;Syntax;Syntax;Syntax;Syntax;Syntax;Syntax;Syntax;Syntax;Syntax;Syntax;Syntax;Syntax;Syntax;Syntax;Syntax;Syntax;Syntax;Syntax;Syntax;Syntax;Syntax;Syntax;Syntax;Syntax;Syntax;Syntax;Syntax;Syntax;Syntax;Syntax;Syntax;Syntax;Syntax;Syntax;Syntax;Syntax;Syntax;Syntax;Syntax;Syntax;Syntax;Syntax;Syntax;Syntax;Syntax;Syntax;Syntax;Syntax;Syntax;Syntax;Syntax;Syntax;Syntax;Syntax;Syntax;Syntax;Syntax;Syntax;Syntax;Syntax;Syntax;Syntax;Syntax;Syntax;Syntax;Syntax;Syntax;Syntax;Syntax;Syntax;Syntax;Syntax;Syntax;Syntax;Syntax;Syntax;Syntax;Syntax;Syntax;Syntax;Syntax;Syntax;Syntax;Syntax;Syntax;Syntax;Syntax;Syntax;Syntax;Syntax;Syntax;Syntax;Syntax;Syntax;Syntax;Syntax;Syntax;Syntax;Syntax;Syntax;Syntax;Syntax;Syntax;Syntax;Syntax;Syntax;Syntax;Syntax;Syntax;Syntax;Syntax;Syntax;Syntax;Syntax;Syntax;Syntax;Syntax;Syntax;Syntax;Syntax;Syntax;Syntax;Syntax;Syntax;Syntax;Syntax;Syntax;Syntax;Syntax;Syntax;Syntax;Syntax;Syntax;Syntax;Syntax;Syntax;Syntax;Syntax;Syntax;Syntax;Syntax;Syntax;Syntax;Syntax;Syntax;Syntax;Syntax;Syntax;Syntax;Syntax;Syntax;Syntax;Syntax;Syntax;Syntax;Syntax;Syntax;Syntax;Syntax;Syntax;Syntax;Syntax;Syntax;Syntax;Syntax;Syntax;Syntax;Syntax;Syntax;Syntax;Syntax;Syntax;Syntax;Syntax;Syntax;Syntax;Syntax;Syntax;Syntax;Syntax;Syntax;Syntax;Syntax;Syntax;Syntax;Syntax;Syntax;Syntax;Syntax;Syntax;Syntax;Syntax;Syntax;Syntax,18,0,13.966,13.885,13.98,,True,1,2001年数学建模国赛真题+优秀论文/2001年国赛优秀论文/2001A：血管管道的三维重建 (2).pdf,primary,36F46A8E11DE707CF269E8EC69AF8854674EB9D51188ECCA28C8E063C21FDB41,36F46A8E11DE707CF269E8EC69AF8854674EB9D51188ECCA28C8E063C21FDB41,active,0,782,1,unknown,J OU RNAL O F EN GIN EERIN G MA THEMA TICS,16.792,16.792,16.792,2026-08-18T00:06:15+08:00,176.0361111111111,499.0,2001
,,unknown,unknown,,,,2026-08-18T00:06:15+08:00,,0,0,,,0,,FORMAL,INELIGIBLE,,PROBLEM_PACKAGE,,,,,catalog/papers.csv; catalog/paper_files.csv; catalog/scale/g8_paper_status.csv,unknown,,,,0,,,,,,No analyzable PAPER PDF selected; identity retained in full corpus inventory.,UNKNOWN,,,,,,,,CUMCM-2008-B-008,,NOT_ANALYZED,B,B,,,,,,,,True,1,2008年数学建模国赛真题+优秀论文/2008年赛题/2008年国赛B题.doc,primary,F8F601AF34A8DE14E7D74273F73C3B180AF8281A45354812FFFC9780CBFDC1AE,F8F601AF34A8DE14E7D74273F73C3B180AF8281A45354812FFFC9780CBFDC1AE,active,,,0,unknown,,,,,2026-08-18T00:06:15+08:00,,,2008
,,unknown,unknown,,,,2026-08-18T00:06:15+08:00,,0,0,,,0,,FORMAL,INELIGIBLE,UNKNOWN,SUPPORTING_MATERIAL,,,,,catalog/papers.csv; catalog/paper_files.csv; catalog/scale/g8_paper_status.csv,unknown,,,,0,,,,,,No analyzable PAPER PDF selected; identity retained in full corpus inventory.,UNKNOWN,,,,,,,,CUMCM-2013-C-002,,NOT_ANALYZED,C,C,,,,,,,,True,1,2013年数学建模国赛真题+优秀论文/2013C：古塔的变形/qvlv1.asv,primary,E56D8E7166F95C36FE39C6297D4877A8C7FAC59DBC83EA0EA81BB887211CCA39,E56D8E7166F95C36FE39C6297D4877A8C7FAC59DBC83EA0EA81BB887211CCA39,active,,,0,unknown,,,,,2026-08-18T00:06:15+08:00,,,2013
0,0,unknown,unknown,,,,2026-08-18T00:06:15+08:00,KaiTi;Times New Roman,1,1,0,0,1,0,FORMAL,COMPLETE,Q2,PAPER,0,1,296.6861111111111,841.0,catalog/papers.csv; catalog/paper_files.csv; catalog/scale/g8_paper_status.csv,unknown,True,0,0,1,,,,0,False,,PORTRAIT,6,,UNKNOWN,0,,,,CUMCM-2003-A-006,1.0,text_based,A,A,------------------------------------;Times-Roman;KaiTi,0,0,,,,,True,1,2003年数学建模国赛真题+优秀论文/2003年优秀论文/2003A：SARS传播的数学原理及预测与控制.pdf,primary,9C75E95CB0D79C1011479EEF85FDF9071BED1D157761CF9CA3B31798FF41FB45,9C75E95CB0D79C1011479EEF85FDF9071BED1D157761CF9CA3B31798FF41FB45,active,0,30,1,unknown,,,,,2026-08-18T00:06:15+08:00,209.90277777777777,595.0,2003
0,0,unknown,unknown,20.602,19.905,20.823,2026-08-18T00:06:15+08:00,KaiTi;SimSun/Song;Syntax;Times New Roman;cajcd-fntaa;cajcd-fntbd;cajcd-fntlt,1,1,479,0,1,1,FORMAL,COMPLETE,Q2,PAPER,0,1,248.70833333333334,705.0,catalog/papers.csv; catalog/paper_files.csv; catalog/scale/g8_paper_status.csv,unknown,False,0,0,1,12.876,12.718,12.912,4,False,,PORTRAIT,5,,BOTTOM,1,,,,CUMCM-2000-D-001,1.0,text_based,D,D,------------------------------------;STSong-Light;Times-Roman;cajcd-fntaa;Times-Bold;Times-Italic;cajcd-fntlt;cajcd-fntbd;KaiTi;Syntax;Syntax;Syntax;Syntax;Syntax;Syntax;Syntax;Syntax;Syntax;Syntax;Syntax;Syntax;Syntax;Syntax;Syntax;Syntax;Syntax;Syntax;Syntax;Syntax;Syntax;Syntax;Syntax;Syntax;Syntax;Syntax;Syntax;Syntax;Syntax;Syntax;Syntax;Syntax;Syntax;Syntax;Syntax;Syntax;Syntax;Syntax;Syntax;Syntax;Syntax;Syntax;Syntax;Syntax;Syntax;Syntax;Syntax;Syntax;Syntax;Syntax;Syntax;Syntax;Syntax;Syntax;Syntax;Syntax;Syntax;Syntax;Syntax;Syntax;Syntax;Syntax;Syntax;Syntax;Syntax;Syntax;Syntax;Syntax;Syntax;Syntax;Syntax;Syntax;Syntax;Syntax;Syntax;Syntax;Syntax;Syntax;Syntax;Syntax;Syntax;Syntax;Syntax;Syntax;Syntax;Syntax;Syntax;Syntax;Syntax;Syntax;Syntax;Syntax;Syntax;Syntax;Syntax;Syntax;Syntax;Syntax;Syntax;Syntax;Syntax;Syntax;Syntax;Syntax;Syntax;Syntax;Syntax;Syntax;Syntax;Syntax;Syntax;Syntax;Syntax;Syntax;Syntax;Syntax;Syntax;Syntax;Syntax;Syntax;Syntax;Syntax;Syntax;Syntax;Syntax;Syntax;Syntax;Syntax;Syntax;Syntax;Syntax;Syntax;Syntax;Syntax;Syntax;Syntax;Syntax;Syntax;Syntax;Syntax;Syntax;Syntax;Syntax;Syntax;Syntax;Syntax;Syntax;Syntax;Syntax;Syntax;Syntax;Syntax;Syntax;Syntax;Syntax;Syntax;Syntax;Syntax;Syntax;Syntax;Syntax;Syntax;Syntax;Syntax;Syntax;Syntax;Syntax;Syntax;Syntax;Syntax;Syntax;Syntax;Syntax;Syntax;Syntax;Syntax;Syntax;Syntax;Syntax;Syntax;Syntax;Syntax;Syntax;Syntax;Syntax;Syntax;Syntax;Syntax;Syntax;Syntax;Syntax;Syntax;Syntax;Syntax;Syntax;Syntax;Syntax;Syntax;Syntax;Syntax;Syntax;Syntax;Syntax;Syntax;Syntax;Syntax;Syntax;Syntax;Syntax;Syntax;Syntax;Syntax;Syntax;Syntax;Syntax;Syntax;Syntax;Syntax;Syntax;Syntax;Syntax;Syntax;Syntax;Syntax;Syntax;Syntax;Syntax;Syntax;Syntax;Syntax;Syntax;Syntax;Syntax;Syntax;Syntax;Syntax;Syntax;Syntax;Syntax;Syntax;Syntax;Syntax;Syntax;Syntax;Syntax;Syntax;Syntax;Syntax;Syntax;Syntax;Syntax;Syntax;Syntax;Syntax;Syntax;Syntax;Syntax;Syntax;Syntax;Syntax;Syntax;Syntax;Syntax;Syntax;Syntax;Syntax;Syntax;Syntax;Syntax;Syntax;Syntax;Syntax;Syntax;Syntax;Syntax;Syntax;Syntax;Syntax;Syntax;Syntax;Syntax;Syntax;Syntax;Syntax;Syntax;Syntax;Syntax;Syntax;Syntax;Syntax;Syntax;Syntax;Syntax;Syntax;Syntax;Syntax;Syntax;Syntax;Syntax;Syntax;Syntax;Syntax;Syntax;Syntax;Syntax;Syntax;Syntax;Syntax;Syntax;Syntax;Syntax;Syntax;Syntax;Syntax;Syntax;Syntax;Syntax;Syntax;Syntax;Syntax;Syntax;Syntax;Syntax;Syntax;Syntax;Syntax;Syntax;Syntax;Syntax;Syntax;Syntax;Syntax;Syntax;Syntax;Syntax;Syntax;Syntax;Syntax;Syntax;Syntax;Syntax;Syntax;Syntax;Syntax;Syntax;Syntax;Syntax;Syntax;Syntax;Syntax;Syntax;Syntax;Syntax;Syntax;Syntax;Syntax;Syntax;Syntax;Syntax;Syntax;Syntax;Syntax;Syntax;Syntax;Syntax;Syntax;Syntax;Syntax;Syntax;Syntax;Syntax;Syntax;Syntax;Syntax;Syntax;Syntax;Syntax;Syntax;Syntax;Syntax;Syntax;Syntax;Syntax;Syntax;Syntax;Syntax;Syntax;Syntax;Syntax;Syntax;Syntax;Syntax;Syntax;Syntax;Syntax;Syntax;Syntax;Syntax;Syntax;Syntax;Syntax;Syntax;Syntax;Syntax;Syntax;Syntax;Syntax;Syntax;Syntax;Syntax;Syntax;Syntax;Syntax;Syntax;Syntax;Syntax;Syntax;Syntax;Syntax;Syntax;Syntax;Syntax;Syntax;Syntax;Syntax;Syntax;Syntax;Syntax;Syntax;Syntax;Syntax;Syntax;Syntax;Syntax;Syntax;Syntax;Syntax;Syntax;Syntax;Syntax;Syntax;Syntax;Syntax;Syntax;Syntax;Syntax;Syntax;Syntax;Syntax;Syntax;Syntax;Syntax;Syntax;Syntax;Syntax;Syntax;Syntax;Syntax;Syntax;Syntax;Syntax;Syntax;Syntax;Syntax;Syntax;Syntax;Syntax;Syntax;Syntax;Syntax;Syntax;Syntax;Syntax;Syntax;Syntax;Syntax;Syntax;Syntax;Syntax;Syntax;Syntax;Syntax;Syntax;Syntax;Syntax;Syntax;Syntax;Syntax;Syntax;Syntax;Syntax;Syntax;Syntax;Syntax;Syntax;Syntax;Syntax;Syntax;Syntax;Syntax;Syntax;Syntax;Syntax;Syntax;Syntax;Syntax;Syntax;Syntax;Syntax;Syntax;Syntax;Syntax;Syntax;Syntax;Syntax;Syntax;Syntax;Syntax;Syntax;Syntax;Syntax;Syntax;Syntax;Syntax;Syntax;Syntax;Syntax;Syntax;Syntax;Syntax;Syntax;Syntax;Syntax;Syntax;Syntax;Syntax;Syntax;Syntax;Syntax;Syntax;Syntax;Syntax;Syntax;Syntax;Syntax;Syntax;Syntax;Syntax;Syntax;Syntax;Syntax;Syntax;Syntax;Syntax;Syntax;Syntax;Syntax;Syntax;Syntax;Syntax;Syntax;Syntax;Syntax;Syntax;Syntax;Syntax;Syntax;Syntax;Syntax;Syntax;Syntax;Syntax;Syntax;Syntax;Syntax;Syntax;Syntax;Syntax;Syntax;Syntax;Syntax;Syntax;Syntax;Syntax;Syntax;Syntax;Syntax;Syntax;Syntax;Syntax;Syntax;Syntax;Syntax;Syntax;Syntax;Syntax;Syntax;Syntax;Syntax;Syntax;Syntax;Syntax;Syntax;Syntax;Syntax;Syntax;Syntax;Syntax;Syntax;Syntax;Syntax;Syntax;Syntax;Syntax;Syntax;Syntax;Syntax;Syntax;Syntax;Syntax;Syntax;Syntax;Syntax;Syntax;Syntax;Syntax;Syntax;Syntax;Syntax;Syntax;Syntax;Syntax;Syntax;Syntax;Syntax;Syntax;Syntax;Syntax;Syntax;Syntax;Syntax;Syntax;Syntax;Syntax;Syntax;Syntax;Syntax;Syntax;Syntax;Syntax;Syntax;Syntax;Syntax;Syntax;Syntax;Syntax;Syntax;Syntax;Syntax;Syntax;Syntax;Syntax;Syntax;Syntax;Syntax;Syntax;Syntax;Syntax;Syntax;Syntax;Syntax;Syntax;Syntax;Syntax;Syntax;Syntax;Syntax;Syntax;Syntax;Syntax;Syntax;Syntax;Syntax;Syntax;Syntax;Syntax;Syntax;Syntax;Syntax;Syntax;Syntax;Syntax;Syntax;Syntax;Syntax;Syntax;Syntax;Syntax;Syntax;Syntax;Syntax;Syntax;Syntax;Syntax;Syntax;Syntax;Syntax;Syntax;Syntax;Syntax;Syntax;Syntax;Syntax;Syntax;Syntax;Syntax;Syntax;Syntax;Syntax;Syntax;Syntax;Syntax;Syntax;Syntax;Syntax;Syntax;Syntax;Syntax;Syntax;Syntax;Syntax;Syntax;Syntax;Syntax;Syntax;Syntax;Syntax;Syntax;Syntax;Syntax;Syntax;Syntax;Syntax;Syntax;Syntax;Syntax;Syntax;Syntax;Syntax;Syntax;Syntax;Syntax;Syntax;Syntax;Syntax;Syntax;Syntax;Syntax;Syntax;Syntax;Syntax;Syntax;Syntax;Syntax;Syntax;Syntax;Syntax;Syntax;Syntax;Syntax;Syntax;Syntax;Syntax;Syntax;Syntax;Syntax;Syntax;Syntax;Syntax;Syntax;Syntax;Syntax;Syntax;Syntax;Syntax;Syntax;Syntax;Syntax;Syntax;Syntax;Syntax;Syntax;Syntax;Syntax;Syntax;Syntax;Syntax;Syntax;Syntax;Syntax;Syntax;Syntax;Syntax;Syntax;Syntax;Syntax;Syntax;Syntax;Syntax;Syntax;Syntax;Syntax;Syntax;Syntax;Syntax;Syntax;Syntax;Syntax;Syntax;Syntax;Syntax;Syntax;Syntax;Syntax;Syntax;Syntax;Syntax;Syntax;Syntax;Syntax;Syntax;Syntax;Syntax;Syntax;Syntax;Syntax;Syntax;Syntax;Syntax;Syntax;Syntax;Syntax;Syntax;Syntax;Syntax;Syntax;Syntax;Syntax;Syntax;Syntax;Syntax;Syntax;Syntax;Syntax;Syntax;Syntax;Syntax;Syntax;Syntax;Syntax;Syntax;Syntax;Syntax;Syntax;Syntax;Syntax;Syntax;Syntax;Syntax;Syntax;Syntax;Syntax;Syntax;Syntax;Syntax;Syntax;Syntax;Syntax;Syntax;Syntax;Syntax;Syntax;Syntax;Syntax;Syntax;Syntax;Syntax;Syntax;Syntax;Syntax;Syntax;Syntax;Syntax;Syntax;Syntax;Syntax;Syntax;Syntax;Syntax;Syntax;Syntax;Syntax;Syntax;Syntax;Syntax;Syntax;Syntax;Syntax;Syntax;Syntax;Syntax;Syntax;Syntax;Syntax;Syntax;Syntax;Syntax;Syntax;Syntax;Syntax;Syntax;Syntax;Syntax;Syntax;Syntax;Syntax;Syntax;Syntax;Syntax;Syntax;Syntax;Syntax;Syntax;Syntax;Syntax;Syntax;Syntax;Syntax;Syntax;Syntax;Syntax;Syntax;Syntax;Syntax;Syntax;Syntax;Syntax;Syntax;Syntax;Syntax;Syntax;Syntax;Syntax;Syntax;Syntax;Syntax;Syntax;Syntax;Syntax;Syntax;Syntax;Syntax;Syntax;Syntax;Syntax;Syntax;Syntax;Syntax;Syntax;Syntax;Syntax;Syntax;Syntax;Syntax;Syntax;Syntax;Syntax;Syntax;Syntax;Syntax;Syntax;Syntax;Syntax;Syntax;Syntax;Syntax;Syntax;Syntax;Syntax;Syntax;Syntax;Syntax;Syntax;Syntax;Syntax;Syntax;Syntax;Syntax;Syntax;Syntax;Syntax;Syntax;Syntax;Syntax;Syntax;Syntax;Syntax;Syntax;Syntax;Syntax;Syntax;Syntax;Syntax;Syntax;Syntax;Syntax;Syntax;Syntax;Syntax;Syntax;Syntax;Syntax;Syntax;Syntax;Syntax;Syntax;Syntax;Syntax;Syntax;Syntax;Syntax;Syntax;Syntax;Syntax;Syntax;Syntax;Syntax;Syntax;Syntax;Syntax;Syntax;Syntax;Syntax;Syntax;Syntax;Syntax;Syntax;Syntax;Syntax;Syntax;Syntax;Syntax;Syntax;Syntax;Syntax;Syntax;Syntax;Syntax;Syntax;Syntax;Syntax;Syntax;Syntax;Syntax;Syntax;Syntax;Syntax;Syntax;Syntax;Syntax;Syntax;Syntax;Syntax;Syntax;Syntax;Syntax;Syntax;Syntax;Syntax;Syntax;Syntax;Syntax;Syntax;Syntax;Syntax;Syntax;Syntax;Syntax;Syntax;Syntax;Syntax;Syntax;Syntax;Syntax;Syntax;Syntax;Syntax;Syntax;Syntax;Syntax;Syntax;Syntax;Syntax;Syntax;Syntax;Syntax;Syntax;Syntax;Syntax;Syntax;Syntax;Syntax;Syntax;Syntax;Syntax;Syntax;Syntax;Syntax;Syntax;Syntax;Syntax;Syntax;Syntax;Syntax;Syntax;Syntax;Syntax;Syntax;Syntax;Syntax;Syntax;Syntax;Syntax;Syntax;Syntax;Syntax;Syntax;Syntax;Syntax;Syntax;Syntax;Syntax;Syntax;Syntax;Syntax;Syntax;Syntax;Syntax;Syntax;Syntax;Syntax;Syntax;Syntax;Syntax;Syntax;Syntax;Syntax;Syntax;Syntax;Syntax;Syntax;Syntax;Syntax;Syntax;Syntax;Syntax;Syntax;Syntax;Syntax;Syntax;Syntax;Syntax;Syntax;Syntax;Syntax;Syntax;Syntax;Syntax;Syntax;Syntax;Syntax;Syntax;Syntax;Syntax;Syntax;Syntax;Syntax;Syntax;Syntax;Syntax;Syntax;Syntax;Syntax;Syntax;Syntax;Syntax;Syntax;Syntax;Syntax;Syntax;Syntax;Syntax;Syntax;Syntax;Syntax;Syntax;Syntax;Syntax;Syntax;Syntax;Syntax;Syntax;Syntax;Syntax;Syntax;Syntax;Syntax;Syntax;Syntax;Syntax;Syntax;Syntax;Syntax;Syntax;Syntax;Syntax;Syntax;Syntax;Syntax;Syntax;Syntax;Syntax;Syntax;Syntax;Syntax;Syntax;Syntax;Syntax;Syntax;Syntax;Syntax;Syntax;Syntax;Syntax;Syntax;Syntax;Syntax;Syntax;Syntax;Syntax;Syntax;Syntax;Syntax;Syntax;Syntax;Syntax;Syntax;Syntax;Syntax;Syntax;Syntax;Syntax;Syntax;Syntax;Syntax;Syntax;Syntax;Syntax;Syntax;Syntax;Syntax;Syntax;Syntax;Syntax;Syntax;Syntax;Syntax;Syntax;Syntax;Syntax;Syntax;Syntax;Syntax;Syntax;Syntax;Syntax;Syntax;Syntax;Syntax;Syntax;Syntax;Syntax;Syntax;Syntax;Syntax;Syntax;Syntax;Syntax;Syntax;Syntax,4,0,10.178,10.151,10.204,,True,1,2000年数学建模国赛真题+优秀论文/2000年国赛优秀论文/2000D：空洞探测.pdf,primary,3B7F493312C1DDF3A379EC9CB2B01C2B2AD3E10AA543FD8A2D4A3B34D0219C86,3B7F493312C1DDF3A379EC9CB2B01C2B2AD3E10AA543FD8A2D4A3B34D0219C86,active,0,1283,1,unknown,M A TH EM A T ICSINPRA CT ICE ANDTH EO R Y,14.146,14.146,14.146,2026-08-18T00:06:15+08:00,167.56944444444446,475.0,2000
0,0,unknown,unknown,,,,2026-08-18T00:06:15+08:00,KaiTi;SimSun/Song,1,0,0,0,1,0,FORMAL,Q3_MANUAL_REQUIRED,Q3,PAPER,0,1,412.3972222222222,1169.0,catalog/papers.csv; catalog/paper_files.csv; catalog/scale/g8_paper_status.csv,unknown,False,0,0,1,,,,0,False,font_or_text_layer_not_reliable,PORTRAIT,23,,UNKNOWN,0,"1,2,3,4,5,6,7,8,9,10,11,12,13,14,15,16,17,18,19,20,21,22,23",,,CUMCM-2019-E-002,0.8,image_based,E,E,------------------------------------;AdobeSongStd-Light;KaiTi,0,0,,,,,True,1,2019年数学建模国赛真题+优秀论文/2019年优秀论文/2019E：基于打折力度概念的“薄利多销”模型.pdf,primary,7713C814FE742D1BFA4EE1CE0A466B74A09964F05FBAEC40C11504B50625E43A,7713C814FE742D1BFA4EE1CE0A466B74A09964F05FBAEC40C11504B50625E43A,active,0,115,1,unknown,,,,,2026-08-18T00:06:15+08:00,291.3944444444444,826.0,2019
0,0,unknown,unknown,,,,2026-08-18T00:06:15+08:00,KaiTi,1,0,0,0,1,0,FORMAL,Q3_MANUAL_REQUIRED,Q3,PAPER,0,0,277.6361111111111,787.0,catalog/papers.csv; catalog/paper_files.csv; catalog/scale/g8_paper_status.csv,unknown,False,0,0,1,,,,0,False,font_or_text_layer_not_reliable,PORTRAIT,2,,UNKNOWN,0,"1,2",,,CUMCM-1995-A-004,0.8,image_based,A,A,------------------------------------;KaiTi,0,0,,,,,True,1,1995年数学建模国赛真题+优秀论文/1995年国赛优秀论文/1995A：飞行管理问题的逐步逼近搜索方法.pdf,primary,F90548C6E551AD3E7FB109104E3BC273179F074F853694472E6CB62920A8C65D,F90548C6E551AD3E7FB109104E3BC273179F074F853694472E6CB62920A8C65D,active,0,8,1,unknown,,,,,2026-08-18T00:06:15+08:00,203.90555555555554,578.0,1995
0,0,unknown,unknown,,,,2026-08-18T00:06:15+08:00,KaiTi,1,0,0,0,1,0,FORMAL,Q3_MANUAL_REQUIRED,Q3,PAPER,0,0,274.81388888888887,779.0,catalog/papers.csv; catalog/paper_files.csv; catalog/scale/g8_paper_status.csv,unknown,False,0,0,1,,,,0,False,font_or_text_layer_not_reliable,PORTRAIT,7,,UNKNOWN,0,"1,2,3,4,5,6,7",,,CUMCM-2003-B-004,0.8,image_based,B,B,------------------------------------;KaiTi,0,0,,,,,True,1,2003年数学建模国赛真题+优秀论文/2003年优秀论文/2003B：露天矿生产的车辆安排A.pdf,primary,A8EBEDCF3EA30F488DEBB3A5F2B4BB94FB3218C3A541B1FA375B5828B862C3F2,A8EBEDCF3EA30F488DEBB3A5F2B4BB94FB3218C3A541B1FA375B5828B862C3F2,active,0,35,1,unknown,,,,,2026-08-18T00:06:15+08:00,208.13888888888889,590.0,2003
0,0,unknown,unknown,,,,2026-08-18T00:06:15+08:00,KaiTi;SimSun/Song,1,0,0,0,1,0,FORMAL,Q3_MANUAL_REQUIRED,Q3,PAPER,0,1,412.3972222222222,1169.0,catalog/papers.csv; catalog/paper_files.csv; catalog/scale/g8_paper_status.csv,unknown,False,0,0,1,,,,0,False,font_or_text_layer_not_reliable,PORTRAIT,39,,UNKNOWN,0,"1,2,3,4,5,6,7,8,9,10,11,12,13,14,15,16,17,18,19,20,21,22,23,24,25,26,27,28,29,30,31,32,33,34,35,36,37,38,39",,,CUMCM-2019-C-002,0.8,image_based,C,C,------------------------------------;AdobeSongStd-Light;KaiTi,0,0,,,,,True,1,2019年数学建模国赛真题+优秀论文/2019年优秀论文/2019C：基于系统模拟的机场出租车决策与安排模型.pdf,primary,8BB01EB671898A5687EAC0058A5AE118F7459950957DEC859011961F93595456,8BB01EB671898A5687EAC0058A5AE118F7459950957DEC859011961F93595456,active,0,195,1,unknown,,,,,2026-08-18T00:06:15+08:00,291.3944444444444,826.0,2019
,,unknown,unknown,,,,2026-08-18T00:06:15+08:00,,,,,,0,,FORMAL,COMPLETE,Q2,PAPER,,,,,catalog/papers.csv; catalog/paper_files.csv; catalog/scale/g8_paper_status.csv,unknown,,,,0,,,,,,Source rendered and identified as a competition problem statement package; retained in full inventory but excluded from Paper format consensus.,UNKNOWN,,,,,,,,CUMCM-2024-D-001,,NOT_ANALYZED,D,D,,,,,,,PROBLEM_PACKAGE,True,1,2024年数学建模国赛真题+优秀论文/2024真题/D题/D题.pdf,primary,8F30BDB312715167CD4CEAF87604DFD12E688D802E32E310322057AEB9D66CB0,8F30BDB312715167CD4CEAF87604DFD12E688D802E32E310322057AEB9D66CB0,active,,,0,unknown,,,,,2026-08-18T00:06:15+08:00,,,2024
,,unknown,unknown,,,,2026-08-18T00:06:15+08:00,,0,0,,,0,,FORMAL,INELIGIBLE,,PROBLEM_PACKAGE,,,,,catalog/papers.csv; catalog/paper_files.csv; catalog/scale/g8_paper_status.csv,unknown,,,,0,,,,,,No analyzable PAPER PDF selected; identity retained in full corpus inventory.,UNKNOWN,,,,,,,,CUMCM-2012-B-003,,NOT_ANALYZED,B,B,,,,,,,,True,1,2012年数学建模国赛真题+优秀论文/2012年赛题/2012年国赛B题.doc,primary,0EB3915934D542B1023D44093E56905185C7DFFB612E102DB242BF2827726799,0EB3915934D542B1023D44093E56905185C7DFFB612E102DB242BF2827726799,active,,,0,unknown,,,,,2026-08-18T00:06:15+08:00,,,2012
,,unknown,unknown,,,,2026-08-18T00:06:15+08:00,,0,0,,,0,,FORMAL,INELIGIBLE,,PROBLEM_PACKAGE,,,,,catalog/papers.csv; catalog/paper_files.csv; catalog/scale/g8_paper_status.csv,unknown,,,,0,,,,,,No analyzable PAPER PDF selected; identity retained in full corpus inventory.,UNKNOWN,,,,,,,,CUMCM-2006-C-001,,NOT_ANALYZED,C,C,,,,,,,,True,1,2006年数学建模国赛真题+优秀论文/2006年赛题/2006年国赛C题.doc,primary,3AD3A74487B14A35C59AD64B725CF1906F0AF345C764B04540A69AD73185227C,3AD3A74487B14A35C59AD64B725CF1906F0AF345C764B04540A69AD73185227C,active,,,0,unknown,,,,,2026-08-18T00:06:15+08:00,,,2006
,,unknown,unknown,,,,2026-08-18T00:06:15+08:00,,0,0,,,0,,FORMAL,INELIGIBLE,,SUPPORTING_MATERIAL,,,,,catalog/papers.csv; catalog/paper_files.csv; catalog/scale/g8_paper_status.csv,unknown,,,,0,,,,,,No analyzable PAPER PDF selected; identity retained in full corpus inventory.,UNKNOWN,,,,,,,,CUMCM-2011-D-021,,NOT_ANALYZED,D,D,,,,,,,,True,1,2011年数学建模国赛真题+优秀论文/2011年优秀论文/2011D：天然肠衣搭配问题(1)/规格3步骤3.lg4,primary,A1B5CCB06B1409A92F0087F8CA48F584A030D1E55212C1162A189A7F601C6D15,A1B5CCB06B1409A92F0087F8CA48F584A030D1E55212C1162A189A7F601C6D15,active,,,0,unknown,,,,,2026-08-18T00:06:15+08:00,,,2011
,,unknown,unknown,,,,2026-08-18T00:06:15+08:00,,0,0,,,0,,FORMAL,INELIGIBLE,,SUPPORTING_MATERIAL,,,,,catalog/papers.csv; catalog/paper_files.csv; catalog/scale/g8_paper_status.csv,unknown,,,,0,,,,,,No analyzable PAPER PDF selected; identity retained in full corpus inventory.,UNKNOWN,,,,,,,,CUMCM-2014-C-004,,NOT_ANALYZED,C,C,,,,,,,,True,1,2014年数学建模国赛真题+优秀论文/2014优秀论文/2014C：生猪养殖场经营管理的研究/benjiaobisai.lg4,primary,31CC21F75466A5F5B5FC7DA3D9E255032CC93C254F9D008CEE3906709E4750AB,31CC21F75466A5F5B5FC7DA3D9E255032CC93C254F9D008CEE3906709E4750AB,active,,,0,unknown,,,,,2026-08-18T00:06:15+08:00,,,2014
0,0,unknown,unknown,,,,2026-08-18T00:06:15+08:00,KaiTi;Times New Roman,1,0,0,0,1,1,FORMAL,Q3_MANUAL_REQUIRED,Q3,PAPER,0,0,281.1638888888889,797.0,catalog/papers.csv; catalog/paper_files.csv; catalog/scale/g8_paper_status.csv,unknown,False,0,0,1,,,,0,False,font_or_text_layer_not_reliable,PORTRAIT,8,,UNKNOWN,0,"1,2,3,4,5,6,7,8",,,CUMCM-2004-A-003,0.8,image_based,A,A,------------------------------------;Times-Italic;KaiTi,0,0,,,,,True,1,2004年数学建模国赛真题+优秀论文/2004优秀论文/2004A：奥运会网点的优化设计.pdf,primary,900429B9FD46104E02940644A15ACC5D17F95D96B31C9620EA77983139DF6881,900429B9FD46104E02940644A15ACC5D17F95D96B31C9620EA77983139DF6881,active,0,48,1,unknown,,,,,2026-08-18T00:06:15+08:00,199.67222222222222,566.0,2004
,,unknown,unknown,,,,2026-08-18T00:06:15+08:00,,0,0,,,0,,FORMAL,INELIGIBLE,,PROBLEM_PACKAGE,,,,,catalog/papers.csv; catalog/paper_files.csv; catalog/scale/g8_paper_status.csv,unknown,,,,0,,,,,,No analyzable PAPER PDF selected; identity retained in full corpus inventory.,UNKNOWN,,,,,,,,CUMCM-2010-B-002,,NOT_ANALYZED,B,B,,,,,,,,True,1,2010年数学建模国赛真题+优秀论文/2010年赛题/2010年国赛B题.doc,primary,C8579DDC5CE2A3864BF8D1A8DFC9548BD88FFF0E23693F26D6410065D0DE6ACF,C8579DDC5CE2A3864BF8D1A8DFC9548BD88FFF0E23693F26D6410065D0DE6ACF,active,,,0,unknown,,,,,2026-08-18T00:06:15+08:00,,,2010
1,1,unknown,unknown,18.381,18.381,18.381,2026-08-18T00:06:15+08:00,Arial;Helvetica;Symbol;Times New Roman,1,1,556,6,1,1,FORMAL,COMPLETE,Q2,PAPER,0,0,297.0106666666666,841.92,catalog/papers.csv; catalog/paper_files.csv; catalog/scale/g8_paper_status.csv,unknown,True,0,1,1,25.027,25.027,25.027,24,False,,PORTRAIT,25,,BOTTOM,1,,,,CUMCM-2017-B-003,1.0,text_based,B,B,------------------------------------;Times;Times;Symbol;Times;Times;Times;Helvetica;Arial;Times,39,1,24.436,22.311,24.956,,True,1,2017年数学建模国赛真题+优秀论文/2017年优秀论文/2017B：“拍照赚钱”的任务定价 (7).pdf,primary,A357968F2A177BD3E9C43082D2EE60B4B38259E9CC8DA363F5070A7E1F0B2625,A357968F2A177BD3E9C43082D2EE60B4B38259E9CC8DA363F5070A7E1F0B2625,active,11,2719,1,unknown,基于优化理论的任务定价与分配模型 | APP 拍照任务定价问题是一个任务发布者（APP 平台）和任务完成者（会员）间双,25.019,25.019,25.026,2026-08-18T00:06:15+08:00,210.01566666666668,595.32,2017
,,unknown,unknown,,,,2026-08-18T00:06:15+08:00,,0,0,,,0,,FORMAL,INELIGIBLE,,SUPPORTING_MATERIAL,,,,,catalog/papers.csv; catalog/paper_files.csv; catalog/scale/g8_paper_status.csv,unknown,,,,0,,,,,,No analyzable PAPER PDF selected; identity retained in full corpus inventory.,UNKNOWN,,,,,,,,CUMCM-2011-D-022,,NOT_ANALYZED,D,D,,,,,,,,True,1,2011年数学建模国赛真题+优秀论文/2011年优秀论文/2011D：天然肠衣搭配问题(1)/方案2规格2.lg4,primary,322824103CC1D882C5ECD7391678E1B340B7857F2F6CA556995BA49A08FDD362,322824103CC1D882C5ECD7391678E1B340B7857F2F6CA556995BA49A08FDD362,active,,,0,unknown,,,,,2026-08-18T00:06:15+08:00,,,2011
,,unknown,unknown,,,,2026-08-18T00:06:15+08:00,,0,0,,,0,,FORMAL,INELIGIBLE,,PROBLEM_PACKAGE,,,,,catalog/papers.csv; catalog/paper_files.csv; catalog/scale/g8_paper_status.csv,unknown,,,,0,,,,,,No analyzable PAPER PDF selected; identity retained in full corpus inventory.,UNKNOWN,,,,,,,,CUMCM-2019-C-003,,NOT_ANALYZED,C,C,,,,,,,,True,1,2019年数学建模国赛真题+优秀论文/2019年赛题/2019年国赛C题.pdf,primary,58CB86B75E9C3341F2BDC05C6313D5E959AB661CA520DF4DBCF0A1638AB0DEFF,58CB86B75E9C3341F2BDC05C6313D5E959AB661CA520DF4DBCF0A1638AB0DEFF,active,,,0,unknown,,,,,2026-08-18T00:06:15+08:00,,,2019
0,0,unknown,unknown,,,,2026-08-18T00:06:15+08:00,KaiTi;SimSun/Song,1,0,0,0,1,0,FORMAL,Q3_MANUAL_REQUIRED,Q3,PAPER,0,1,412.3972222222222,1169.0,catalog/papers.csv; catalog/paper_files.csv; catalog/scale/g8_paper_status.csv,unknown,False,0,0,1,,,,0,False,font_or_text_layer_not_reliable,PORTRAIT,27,,UNKNOWN,0,"1,2,3,4,5,6,7,8,9,10,11,12,13,14,15,16,17,18,19,20,21,22,23,24,25,26,27",,,CUMCM-2019-B-002,0.8,image_based,B,B,------------------------------------;AdobeSongStd-Light;KaiTi,0,0,,,,,True,1,2019年数学建模国赛真题+优秀论文/2019年优秀论文/2019B：同心鼓“同心协力”策略探究.pdf,primary,4BB37C13F389734798A3AB8ABB96CBDA37473B9B4E2C1CC9A720A68474617B81,4BB37C13F389734798A3AB8ABB96CBDA37473B9B4E2C1CC9A720A68474617B81,active,0,135,1,unknown,,,,,2026-08-18T00:06:15+08:00,291.3944444444444,826.0,2019
,,unknown,unknown,,,,2026-08-18T00:06:15+08:00,,0,0,,,0,,FORMAL,,,NOT_IN_G8_STATUS,,,,,catalog/papers.csv; catalog/paper_files.csv; catalog/scale/g8_paper_status.csv,unknown,,,,0,,,,,,No analyzable PAPER PDF selected; identity retained in full corpus inventory.,UNKNOWN,,,,,,,,CUMCM-2015-B-002,,NOT_ANALYZED,B,B,,,,,,,,True,1,2015年数学建模国赛真题+优秀论文/2015年优秀论文/2015B：互联网+_时代的出租车资源配置 (2).pdf,primary,B91E2D69D66078A2D23E9C51A972248C066176505F6C97C95765A42F3EE45B61,B91E2D69D66078A2D23E9C51A972248C066176505F6C97C95765A42F3EE45B61,active,,,0,unknown,,,,,2026-08-18T00:06:15+08:00,,,2015
0,0,unknown,unknown,,,,2026-08-18T00:06:15+08:00,KaiTi,1,0,0,0,1,0,FORMAL,Q3_MANUAL_REQUIRED,Q3,PAPER,0,0,275.8722222222222,782.0,catalog/papers.csv; catalog/paper_files.csv; catalog/scale/g8_paper_status.csv,unknown,False,0,0,1,,,,0,False,font_or_text_layer_not_reliable,PORTRAIT,8,,UNKNOWN,0,"1,2,3,4,5,6,7,8",,,CUMCM-1996-A-005,0.8,image_based,A,A,------------------------------------;KaiTi,0,0,,,,,True,1,1996年数学建模国赛真题+优秀论文/1996年国赛优秀论文/1996A：最优捕鱼策略模型.pdf,primary,CFD5DF8C34BDEE1EDECEDC86F04A4441AE04C294EFC3FC8BEBCBD4F0CCF86B39,CFD5DF8C34BDEE1EDECEDC86F04A4441AE04C294EFC3FC8BEBCBD4F0CCF86B39,active,0,32,1,unknown,,,,,2026-08-18T00:06:15+08:00,200.02499999999998,567.0,1996
0,0,unknown,unknown,,,,2026-08-18T00:06:15+08:00,Times New Roman,1,1,0,0,1,0,FORMAL,COMPLETE,Q2,PAPER,0,1,259.9266666666666,736.8,catalog/papers.csv; catalog/paper_files.csv; catalog/scale/g8_paper_status.csv,unknown,False,0,0,1,,,,0,False,,PORTRAIT,4,,UNKNOWN,0,,,,CUMCM-2005-C-001,1.0,text_based,C,C,------------------------------------;Times-Roman,0,0,,,,,True,1,2005年数学建模国赛真题+优秀论文/2005年国赛优秀论文/2005C：基于插值的雨量预报评价模型.pdf,primary,93292CE8BB60BFC1D7CAE1FA4D731AD0398D968658D5C88C7BACD2A3BDEE7E3E,93292CE8BB60BFC1D7CAE1FA4D731AD0398D968658D5C88C7BACD2A3BDEE7E3E,active,0,16,1,unknown,,,,,2026-08-18T00:06:15+08:00,200.4906666666667,568.32,2005
,,unknown,unknown,,,,2026-08-18T00:06:15+08:00,,0,0,,,0,,FORMAL,INELIGIBLE,,SUPPORTING_MATERIAL,,,,,catalog/papers.csv; catalog/paper_files.csv; catalog/scale/g8_paper_status.csv,unknown,,,,0,,,,,,No analyzable PAPER PDF selected; identity retained in full corpus inventory.,UNKNOWN,,,,,,,,CUMCM-2012-D-008,,NOT_ANALYZED,D,D,,,,,,,,True,1,2012年数学建模国赛真题+优秀论文/2012年优秀论文/2012D：机器人避障问题 (1)/yykxlj1.fig,primary,45F422F6E5231B9DF49BB9027C37EAB9FD9F1F866C28E6A68C321C9541565B2A,45F422F6E5231B9DF49BB9027C37EAB9FD9F1F866C28E6A68C321C9541565B2A,active,,,0,unknown,,,,,2026-08-18T00:06:15+08:00,,,2012
1,1,unknown,unknown,21.917,21.917,21.917,2026-08-18T00:06:15+08:00,Calibri;Monospace;SimHei;SimSun/Song;Symbol;Times New Roman,1,1,654,8,1,0,FORMAL,COMPLETE,Q2,PAPER,0,0,297.0000833333333,841.89,catalog/papers.csv; catalog/paper_files.csv; catalog/scale/g8_paper_status.csv,unknown,True,0,1,1,19.981,19.981,19.981,47,False,,PORTRAIT,48,,BOTTOM,1,,,,CUMCM-2017-D-001,1.0,text_based,D,D,------------------------------------;FPDNWW+TimesNewRoman;FPZDFC+SimHei;FPZZUP+SimSun;FPQYSM+Symbol;FPZZUP+Calibri;FPAWJC+CourierNew,48,1,17.887,16.447,20.004,,True,1,2017年数学建模国赛真题+优秀论文/2017年优秀论文/2017D：巡检线路的排班 (2).pdf,primary,2876DA7516A25484B0C09B89235496AA4D5E1D3957AF6D1CF4D8B21C61FAF65B,2876DA7516A25484B0C09B89235496AA4D5E1D3957AF6D1CF4D8B21C61FAF65B,active,62,7509,1,unknown,基于最短路模型和背包模型的巡检线路排班方案 | 时间为权。再把调度中心确定为起点和终点，建立最短路模型，求解时，使用 MATLAB 软件，,19.983,19.983,22.312,2026-08-18T00:06:15+08:00,210.0001444444444,595.276,2017
,,unknown,unknown,,,,2026-08-18T00:06:15+08:00,,0,0,,,0,,FORMAL,INELIGIBLE,,SUPPORTING_MATERIAL,,,,,catalog/papers.csv; catalog/paper_files.csv; catalog/scale/g8_paper_status.csv,unknown,,,,0,,,,,,No analyzable PAPER PDF selected; identity retained in full corpus inventory.,UNKNOWN,,,,,,,,CUMCM-2012-D-009,,NOT_ANALYZED,D,D,,,,,,,,True,1,2012年数学建模国赛真题+优秀论文/2012年优秀论文/2012D：机器人避障问题 (1)/dykxlj.fig,primary,59C4C93E0E22167C0D7888248AA88D3CCCBAD72F6257D65CADC55BCD8FB1C706,59C4C93E0E22167C0D7888248AA88D3CCCBAD72F6257D65CADC55BCD8FB1C706,active,,,0,unknown,,,,,2026-08-18T00:06:15+08:00,,,2012
0,0,unknown,unknown,70.73,70.73,70.73,2026-08-18T00:06:15+08:00,KaiTi;SimSun/Song,1,0,0,0,1,0,FORMAL,Q3_MANUAL_REQUIRED,Q3,PAPER,0,1,297.0388888888889,842.0,catalog/papers.csv; catalog/paper_files.csv; catalog/scale/g8_paper_status.csv,unknown,True,0,0,1,38.059,38.059,38.059,8,False,font_or_text_layer_not_reliable,PORTRAIT,9,,UNKNOWN,0,"1,2,3,4,5,6,7,8,9",,,CUMCM-2007-B-005,0.8,image_based,B,B,------------------------------------;AJWPBL+SimSun;SimSun;SimSun;KaiTi,0,0,-3.308,-3.308,-3.308,,True,1,2007年数学建模国赛真题+优秀论文/2007年优秀论文/2007B：《最佳公交路线选择模型》.pdf,primary,454AAD984BC9C490406B94E437CC1FE0FA3CBEFD4B09EF17B4EEC6C91F4B890B,454AAD984BC9C490406B94E437CC1FE0FA3CBEFD4B09EF17B4EEC6C91F4B890B,active,0,81,1,unknown,http://www.madio.net | 数学中国www.madio.net,80.998,80.998,80.998,2026-08-18T00:06:15+08:00,209.90277777777777,595.0,2007
,,unknown,unknown,,,,2026-08-18T00:06:15+08:00,,0,0,,,0,,FORMAL,INELIGIBLE,UNKNOWN,SUPPORTING_MATERIAL,,,,,catalog/papers.csv; catalog/paper_files.csv; catalog/scale/g8_paper_status.csv,unknown,,,,0,,,,,,No analyzable PAPER PDF selected; identity retained in full corpus inventory.,UNKNOWN,,,,,,,,CUMCM-2013-C-003,,NOT_ANALYZED,C,C,,,,,,,,True,1,2013年数学建模国赛真题+优秀论文/2013C：古塔的变形/niuqv.asv,primary,1C0B1A762173E58003FF0912649D90CEEFBE0FC0FE205988D91A7FC016F48360,1C0B1A762173E58003FF0912649D90CEEFBE0FC0FE205988D91A7FC016F48360,active,,,0,unknown,,,,,2026-08-18T00:06:15+08:00,,,2013
0,0,unknown,unknown,,,,2026-08-18T00:06:15+08:00,KaiTi,1,0,0,0,1,0,FORMAL,Q3_MANUAL_REQUIRED,Q3,PAPER,0,0,285.115,808.2,catalog/papers.csv; catalog/paper_files.csv; catalog/scale/g8_paper_status.csv,unknown,False,0,0,1,,,,0,False,font_or_text_layer_not_reliable,PORTRAIT,135,,UNKNOWN,0,"1,2,3,4,5,6,7,8,9,10,11,12,13,14,15,16,17,18,19,20,21,22,23,24,25,26,27,28,29,30,31,32,33,34,35,36,37,38,39,40,41,42,43,44,45,46,47,48,49,50,51,52,53,54,55,56,57,58,59,60,61,62,63,64,65,66,67,68,69,70,71,72,73,74,75,76,77,78,79,80,81,82,83,84,85,86,87,88,89,90,91,92,93,94,95,96,97,98,99,100,101,102,103,104,105,106,107,108,109,110,111,112,113,114,115,116,117,118,119,120,121,122,123,124,125,126,127,128,129,130,131,132,133,134,135",,,CUMCM-2020-D-003,0.8,image_based,D,D,------------------------------------;KaiTi,0,0,,,,,True,1,2020年数学建模国赛真题+优秀论文/2020年优秀论文/2020D：接触式轮廓仪的自动标注数学模型研究.pdf,primary,F8167387022E46E54EA04C371F75ADCF587FFD4E72C300BEB3798588C3E826A9,F8167387022E46E54EA04C371F75ADCF587FFD4E72C300BEB3798588C3E826A9,active,0,405,1,unknown,,,,,2026-08-18T00:06:15+08:00,201.549,571.32,2020
,,unknown,unknown,,,,2026-08-18T00:06:15+08:00,,0,0,,,0,,FORMAL,INELIGIBLE,,PROBLEM_PACKAGE,,,,,catalog/papers.csv; catalog/paper_files.csv; catalog/scale/g8_paper_status.csv,unknown,,,,0,,,,,,No analyzable PAPER PDF selected; identity retained in full corpus inventory.,UNKNOWN,,,,,,,,CUMCM-2008-C-003,,NOT_ANALYZED,C,C,,,,,,,,True,1,2008年数学建模国赛真题+优秀论文/2008年赛题/2008年国赛C题.doc,primary,7A531561260E371D3F895483A9E773C30131FE4FD1D9A71CFF9033DFE3A17FBF,7A531561260E371D3F895483A9E773C30131FE4FD1D9A71CFF9033DFE3A17FBF,active,,,0,unknown,,,,,2026-08-18T00:06:15+08:00,,,2008
0,0,unknown,unknown,,,,2026-08-18T00:06:15+08:00,Times New Roman,1,1,0,0,1,0,FORMAL,COMPLETE,Q2,PAPER,0,1,259.9266666666666,736.8,catalog/papers.csv; catalog/paper_files.csv; catalog/scale/g8_paper_status.csv,unknown,False,0,0,1,,,,0,False,,PORTRAIT,5,,UNKNOWN,0,,,,CUMCM-2005-C-002,1.0,text_based,C,C,------------------------------------;Times-Roman,0,0,,,,,True,1,2005年数学建模国赛真题+优秀论文/2005年国赛优秀论文/2005C：雨量预报方法优劣的评价模型.pdf,primary,F2C6856969C2FA17BA298F19966886261AC2D859DE3BA46B10227F326BC773D3,F2C6856969C2FA17BA298F19966886261AC2D859DE3BA46B10227F326BC773D3,active,0,20,1,unknown,,,,,2026-08-18T00:06:15+08:00,200.4906666666667,568.32,2005
,,unknown,unknown,,,,2026-08-18T00:06:15+08:00,,0,0,,,0,,FORMAL,INELIGIBLE,UNKNOWN,SUPPORTING_MATERIAL,,,,,catalog/papers.csv; catalog/paper_files.csv; catalog/scale/g8_paper_status.csv,unknown,,,,0,,,,,,No analyzable PAPER PDF selected; identity retained in full corpus inventory.,UNKNOWN,,,,,,,,CUMCM-2013-C-004,,NOT_ANALYZED,C,C,,,,,,,,True,1,2013年数学建模国赛真题+优秀论文/2013C：古塔的变形/fangchengnihe.asv,primary,1A058DCC5D93A1A2B631E3435A3F60F55C0C591C2882025A43B825107BB5CA74,1A058DCC5D93A1A2B631E3435A3F60F55C0C591C2882025A43B825107BB5CA74,active,,,0,unknown,,,,,2026-08-18T00:06:15+08:00,,,2013
,,unknown,unknown,,,,2026-08-18T00:06:15+08:00,,0,0,,,0,,FORMAL,,,NOT_IN_G8_STATUS,,,,,catalog/papers.csv; catalog/paper_files.csv; catalog/scale/g8_paper_status.csv,unknown,,,,0,,,,,,No analyzable PAPER PDF selected; identity retained in full corpus inventory.,UNKNOWN,,,,,,,,CUMCM-2015-C-003,,NOT_ANALYZED,C,C,,,,,,,,True,1,2015年数学建模国赛真题+优秀论文/2015年赛题/2015年国赛C题.docx,primary,75FE85C03B429663C6BDAAC04CDD06ED6E32598D6EF10CBAD22FE55A21752978,75FE85C03B429663C6BDAAC04CDD06ED6E32598D6EF10CBAD22FE55A21752978,active,,,0,unknown,,,,,2026-08-18T00:06:15+08:00,,,2015
1,1,unknown,unknown,20.712,20.712,20.712,2026-08-18T00:06:15+08:00,KaiTi;MT-Extra;SimHei;SimSun/Song;SymbolMT;Times New Roman,1,1,822,18,1,1,FORMAL,COMPLETE,Q2,PAPER,0,0,297.0388888888889,842.0,catalog/papers.csv; catalog/paper_files.csv; catalog/scale/g8_paper_status.csv,unknown,True,0,1,1,25.019,25.019,25.019,24,False,,PORTRAIT,25,,BOTTOM,1,,,,CUMCM-2014-B-B2704,1.0,text_based,B,B,------------------------------------;ABCDEF+TimesNewRomanPSMT;ABCDEF+TimesNewRomanPS-BoldMT;ABCDEF+SimSun;ABCDEF+KaiTi;ABCDEF+SimHei;ABCDEF+TimesNewRomanPS-ItalicMT;ABCDEF+SymbolMT;ABCDEF+MT-Extra,35,1,24.691,23.421,24.998,,True,1,2014年数学建模国赛真题+优秀论文/2014优秀论文/2014B：创意平板折叠桌/B27042017_吴俊锋_谭翔飞_庄重.pdf,primary,4B7F3A2DE5FC6AAA17E1C35B33B59AAFA63021963D53BD6F694493D453C44F54,4B7F3A2DE5FC6AAA17E1C35B33B59AAFA63021963D53BD6F694493D453C44F54,active,5,2892,1,unknown,,27.319,25.396,27.528,2026-08-18T00:06:15+08:00,210.02625,595.35,2014
,,unknown,unknown,,,,2026-08-18T00:06:15+08:00,,0,0,,,0,,FORMAL,INELIGIBLE,UNKNOWN,SUPPORTING_MATERIAL,,,,,catalog/papers.csv; catalog/paper_files.csv; catalog/scale/g8_paper_status.csv,unknown,,,,0,,,,,,No analyzable PAPER PDF selected; identity retained in full corpus inventory.,UNKNOWN,,,,,,,,CUMCM-2013-C-005,,NOT_ANALYZED,C,C,,,,,,,,True,1,2013年数学建模国赛真题+优秀论文/2013C：古塔的变形/ff2.asv,primary,D7320B764EE97AC1061E9A23557E2548CCB66E02C989C3C4B609C9B80B286EF2,D7320B764EE97AC1061E9A23557E2548CCB66E02C989C3C4B609C9B80B286EF2,active,,,0,unknown,,,,,2026-08-18T00:06:15+08:00,,,2013
,,unknown,unknown,,,,2026-08-18T00:06:15+08:00,,0,0,,,0,,FORMAL,INELIGIBLE,,SUPPORTING_MATERIAL,,,,,catalog/papers.csv; catalog/paper_files.csv; catalog/scale/g8_paper_status.csv,unknown,,,,0,,,,,,No analyzable PAPER PDF selected; identity retained in full corpus inventory.,UNKNOWN,,,,,,,,CUMCM-2014-C-005,,NOT_ANALYZED,C,C,,,,,,,,True,1,2014年数学建模国赛真题+优秀论文/2014优秀论文/2014C：生猪养殖场经营管理的研究/bisai4.lg4,primary,5E5B34C99A3D8A9B91F16C031D90493B6D7FD3480213AA65E70D315C5D77FE32,5E5B34C99A3D8A9B91F16C031D90493B6D7FD3480213AA65E70D315C5D77FE32,active,,,0,unknown,,,,,2026-08-18T00:06:15+08:00,,,2014
1,1,unknown,unknown,18.221,18.221,18.221,2026-08-18T00:06:15+08:00,Arial;KaiTi;STXinwei;SimHei;SimSun/Song;SymbolMT;Times New Roman,1,1,128,6,1,1,FORMAL,COMPLETE,Q2,PAPER,0,0,296.0334722222222,839.15,catalog/papers.csv; catalog/paper_files.csv; catalog/scale/g8_paper_status.csv,unknown,True,0,1,1,31.75,31.75,31.75,16,False,,PORTRAIT,17,,BOTTOM,1,,,,CUMCM-2014-C-C1951,1.0,text_based,C,C,------------------------------------;ABCDEF+TimesNewRomanPS-BoldMT;ABCDEF+SimSun;ABCDEF+TimesNewRomanPSMT;ABCDEF+KaiTi_GB2312;ABCDEF+SimHei;ABCDEF+TimesNewRomanPS-ItalicMT;ABCDEF+SymbolMT;ABCDEF+STXinwei;ABCDEF+Arial-Black,35,1,29.104,28.639,30.755,,True,1,2014年数学建模国赛真题+优秀论文/2014优秀论文/2014C：生猪养殖场经营管理的研究 (2)/C19510015_杨金洪_洪嘉远_谢思霞.pdf,primary,19BFFCC3BF0D53CB1C0F3F1BBF76A433CB2398A20D85D2E7B030924B54DF36B6,19BFFCC3BF0D53CB1C0F3F1BBF76A433CB2398A20D85D2E7B030924B54DF36B6,active,6,1052,1,unknown,,26.645,24.741,27.609,2026-08-18T00:06:15+08:00,209.02083333333334,592.5,2014
0,0,unknown,unknown,,,,2026-08-18T00:06:15+08:00,KaiTi,1,0,0,0,1,0,FORMAL,Q3_MANUAL_REQUIRED,Q3,PAPER,0,0,277.6361111111111,787.0,catalog/papers.csv; catalog/paper_files.csv; catalog/scale/g8_paper_status.csv,unknown,False,0,0,1,,,,0,False,font_or_text_layer_not_reliable,PORTRAIT,4,,UNKNOWN,0,"1,2,3,4",,,CUMCM-1995-B-005,0.8,image_based,B,B,------------------------------------;KaiTi,0,0,,,,,True,1,1995年数学建模国赛真题+优秀论文/1995年国赛优秀论文/1995B：天车与冶炼炉的作业调度.pdf,primary,73A365948FC67E673777E6FB08B58EABA0B7335254967009DB16C015BA4B44F3,73A365948FC67E673777E6FB08B58EABA0B7335254967009DB16C015BA4B44F3,active,0,16,1,unknown,,,,,2026-08-18T00:06:15+08:00,203.90555555555554,578.0,1995
,,unknown,unknown,,,,2026-08-18T00:06:15+08:00,,0,0,,,0,,FORMAL,,,NOT_IN_G8_STATUS,,,,,catalog/papers.csv; catalog/paper_files.csv; catalog/scale/g8_paper_status.csv,unknown,,,,0,,,,,,No analyzable PAPER PDF selected; identity retained in full corpus inventory.,UNKNOWN,,,,,,,,CUMCM-2015-C-004,,NOT_ANALYZED,C,C,,,,,,,,True,1,2015年数学建模国赛真题+优秀论文/2015年优秀论文/2015C：月上柳梢头，人约黄昏后 (1).docx,primary,E8E506BFD7E29BFF44DD4560C53999D4AF2507DA16CD265B2D57493786D6D24A,E8E506BFD7E29BFF44DD4560C53999D4AF2507DA16CD265B2D57493786D6D24A,active,,,0,unknown,,,,,2026-08-18T00:06:15+08:00,,,2015
0,0,unknown,unknown,,,,2026-08-18T00:06:15+08:00,KaiTi,1,0,0,0,1,0,FORMAL,Q3_MANUAL_REQUIRED,Q3,PAPER,0,0,281.1638888888889,797.0,catalog/papers.csv; catalog/paper_files.csv; catalog/scale/g8_paper_status.csv,unknown,False,0,0,1,,,,0,False,font_or_text_layer_not_reliable,PORTRAIT,7,,UNKNOWN,0,"1,2,3,4,5,6,7",,,CUMCM-2004-B-004,0.8,image_based,B,B,------------------------------------;KaiTi,0,0,,,,,True,1,2004年数学建模国赛真题+优秀论文/2004优秀论文/2004B：电力市场的输电阻塞管理.pdf,primary,F36533A312B421683E0F464C8197614BFB3B431A45EE99A5CC72974B10322F8F,F36533A312B421683E0F464C8197614BFB3B431A45EE99A5CC72974B10322F8F,active,0,35,1,unknown,,,,,2026-08-18T00:06:15+08:00,199.67222222222222,566.0,2004
1,1,unknown,unknown,22.225,22.225,22.225,2026-08-18T00:06:15+08:00,Arial;Calibri;Cambria;MicrosoftYaHei;MicrosoftYaHei-Bold;SimHei;SimSun/Song,1,1,460,26,1,0,FORMAL,COMPLETE,Q2,PAPER,0,0,297.0106666666666,841.92,catalog/papers.csv; catalog/paper_files.csv; catalog/scale/g8_paper_status.csv,unknown,True,0,1,1,31.75,31.75,36.767,45,False,,PORTRAIT,46,,BOTTOM,1,,,,CUMCM-2013-A-001,1.0,text_based,A,A,------------------------------------;GJXAHC+SimSun;VIKMJY+Calibri;GJXAHC+Cambria-Bold;VGJHJY+Cambria;VGJHJY+MicrosoftYaHei;QJUYRI+ArialUnicodeMS;Arial-BoldMT;BKHMPM+Calibri-Bold;LJLZZS+SimSun;ArialMT;GKQLHC+SimHei;GKQLHC+CambriaMath;LHFUZS+CambriaMath;QHOTRI+Cambria-Italic;LJLZZS+Cambria;QHOTRI+MicrosoftYaHei-Bold,68,1,31.742,29.851,33.299,,False,1,2013年数学建模国赛真题+优秀论文/2013A：车道被占用对城市道路通行能力的影响 (5)/基于差分方程和元胞自动机的交通阻塞模型.pdf,primary,89F1BC8CE60F82D85A723CDA3435920801F4D7292E2571649256A42F84046132,89F1BC8CE60F82D85A723CDA3435920801F4D7292E2571649256A42F84046132,active,11,2250,1,unknown,,25.76,25.76,27.495,2026-08-18T00:06:15+08:00,210.01566666666668,595.32,2013
0,0,unknown,unknown,,,,2026-08-18T00:06:15+08:00,KaiTi;Times New Roman,1,1,0,0,1,0,FORMAL,COMPLETE,Q2,PAPER,0,1,296.6861111111111,841.0,catalog/papers.csv; catalog/paper_files.csv; catalog/scale/g8_paper_status.csv,unknown,True,0,0,1,,,,0,False,,PORTRAIT,7,,UNKNOWN,0,,,,CUMCM-2003-B-005,1.0,text_based,B,B,------------------------------------;Times-Roman;KaiTi,0,0,,,,,True,1,2003年数学建模国赛真题+优秀论文/2003年优秀论文/2003B：露天矿生产的车辆安排(1).pdf,primary,32B3E6759B9C7DEA213340A1A6159CE39859D45DF8C51B3CEC6E3D523A9571DF,32B3E6759B9C7DEA213340A1A6159CE39859D45DF8C51B3CEC6E3D523A9571DF,active,0,35,1,unknown,,,,,2026-08-18T00:06:15+08:00,209.90277777777777,595.0,2003
,,unknown,unknown,,,,2026-08-18T00:06:15+08:00,,0,0,,,0,,FORMAL,INELIGIBLE,,SUPPORTING_MATERIAL,,,,,catalog/papers.csv; catalog/paper_files.csv; catalog/scale/g8_paper_status.csv,unknown,,,,0,,,,,,No analyzable PAPER PDF selected; identity retained in full corpus inventory.,UNKNOWN,,,,,,,,CUMCM-2012-D-010,,NOT_ANALYZED,D,D,,,,,,,,True,1,2012年数学建模国赛真题+优秀论文/2012年优秀论文/2012D：机器人避障问题 (1)/LINGO2.lg4,primary,FACC8C016A6E7DDCEFF831A23098AE2F7A38CEA5BFFDA53526FE15CF3745BC28,FACC8C016A6E7DDCEFF831A23098AE2F7A38CEA5BFFDA53526FE15CF3745BC28,active,,,0,unknown,,,,,2026-08-18T00:06:15+08:00,,,2012
,,unknown,unknown,,,,2026-08-18T00:06:15+08:00,,0,0,,,0,,FORMAL,INELIGIBLE,,SUPPORTING_MATERIAL,,,,,catalog/papers.csv; catalog/paper_files.csv; catalog/scale/g8_paper_status.csv,unknown,,,,0,,,,,,No analyzable PAPER PDF selected; identity retained in full corpus inventory.,UNKNOWN,,,,,,,,CUMCM-2012-D-011,,NOT_ANALYZED,D,D,,,,,,,,True,1,2012年数学建模国赛真题+优秀论文/2012年优秀论文/2012D：机器人避障问题 (1)/yykxlj.fig,primary,55D17362CBAE9D771F6E9D986FFAFAB2AE541C55430BD4F7AFF8F9AAD87F70F7,55D17362CBAE9D771F6E9D986FFAFAB2AE541C55430BD4F7AFF8F9AAD87F70F7,active,,,0,unknown,,,,,2026-08-18T00:06:15+08:00,,,2012
0,0,unknown,unknown,,,,2026-08-18T00:06:15+08:00,KaiTi,1,0,0,0,1,0,FORMAL,Q3_MANUAL_REQUIRED,Q3,PAPER,0,0,278.34166666666664,789.0,catalog/papers.csv; catalog/paper_files.csv; catalog/scale/g8_paper_status.csv,unknown,False,0,0,1,,,,0,False,font_or_text_layer_not_reliable,PORTRAIT,5,,UNKNOWN,0,"1,2,3,4,5",,,CUMCM-1997-A-003,0.8,image_based,A,A,------------------------------------;KaiTi,0,0,,,,,True,1,1997年数学建模国赛真题+优秀论文/1997年国赛优秀论文/1997A：零件参数设计的动态规划模型.pdf,primary,08D62E763685DA10EEF005E18AEF377C380FDEBA3642A61A623308D4EFD3891B,08D62E763685DA10EEF005E18AEF377C380FDEBA3642A61A623308D4EFD3891B,active,0,20,1,unknown,,,,,2026-08-18T00:06:15+08:00,206.0222222222222,584.0,1997
,,unknown,unknown,,,,2026-08-18T00:06:15+08:00,,0,0,,,0,,FORMAL,INELIGIBLE,,SUPPORTING_MATERIAL,,,,,catalog/papers.csv; catalog/paper_files.csv; catalog/scale/g8_paper_status.csv,unknown,,,,0,,,,,,No analyzable PAPER PDF selected; identity retained in full corpus inventory.,UNKNOWN,,,,,,,,CUMCM-2014-B-002,,NOT_ANALYZED,B,B,,,,,,,,True,1,2014年数学建模国赛真题+优秀论文/2014优秀论文/2014B：创意平板折叠桌 (3)/附录.doc,primary,031C47AF6F1C36DD7C5876644D229271D9D60165602583E17F38D1EC746B3A92,031C47AF6F1C36DD7C5876644D229271D9D60165602583E17F38D1EC746B3A92,active,,,0,unknown,,,,,2026-08-18T00:06:15+08:00,,,2014
,,unknown,unknown,,,,2026-08-18T00:06:15+08:00,,0,0,,,0,,FORMAL,INELIGIBLE,UNKNOWN,PROBLEM_PACKAGE,,,,,catalog/papers.csv; catalog/paper_files.csv; catalog/scale/g8_paper_status.csv,unknown,,,,0,,,,,,No analyzable PAPER PDF selected; identity retained in full corpus inventory.,UNKNOWN,,,,,,,,CUMCM-2013-C-006,,NOT_ANALYZED,C,C,,,,,,,,True,1,2013年数学建模国赛真题+优秀论文/2013年国赛C题.doc,primary,0E411E9D14E0BE50A2CA58ACFF06F7F3380368CBB5DF491A99F8D0DD606FC83C,0E411E9D14E0BE50A2CA58ACFF06F7F3380368CBB5DF491A99F8D0DD606FC83C,active,,,0,unknown,,,,,2026-08-18T00:06:15+08:00,,,2013
,,unknown,unknown,,,,2026-08-18T00:06:15+08:00,,0,0,,,0,,FORMAL,INELIGIBLE,,SUPPORTING_MATERIAL,,,,,catalog/papers.csv; catalog/paper_files.csv; catalog/scale/g8_paper_status.csv,unknown,,,,0,,,,,,No analyzable PAPER PDF selected; identity retained in full corpus inventory.,UNKNOWN,,,,,,,,CUMCM-2011-D-023,,NOT_ANALYZED,D,D,,,,,,,,True,1,2011年数学建模国赛真题+优秀论文/2011年优秀论文/2011D：天然肠衣搭配问题(1)/规格3步骤6.lg4,primary,079240204C08146602C3404E1F495EE559A8AA73C10CFA07FEE9DBA066C64C6F,079240204C08146602C3404E1F495EE559A8AA73C10CFA07FEE9DBA066C64C6F,active,,,0,unknown,,,,,2026-08-18T00:06:15+08:00,,,2011
0,0,unknown,unknown,19.438,19.121,19.482,2026-08-18T00:06:15+08:00,KaiTi;SimSun/Song;Syntax;Times New Roman;cajcd-fntaa,1,1,0,0,1,1,FORMAL,COMPLETE,Q2,PAPER,0,1,259.9972222222222,737.0,catalog/papers.csv; catalog/paper_files.csv; catalog/scale/g8_paper_status.csv,unknown,False,0,0,1,14.146,14.146,14.146,4,False,,PORTRAIT,5,,TOP,1,,,,CUMCM-2001-A-008,1.0,text_based,A,A,------------------------------------;STSong-Light;Times-Roman;cajcd-fntaa;Times-Italic;Times-Italic;KaiTi;Times-Bold;Syntax;Syntax;Syntax;Syntax;Syntax;Syntax;Syntax;Syntax;Syntax;Syntax;Syntax;Syntax;Syntax;Syntax;Syntax;Syntax;Syntax;Syntax;Syntax;Syntax;Syntax;Syntax;Syntax;Syntax;Syntax;Syntax;Syntax;Syntax;Syntax;Syntax;Syntax;Syntax;Syntax;Syntax;Syntax;Syntax;Syntax;Syntax;Syntax;Syntax;Syntax;Syntax;Syntax;Syntax;Syntax;Syntax;Syntax;Syntax;Syntax;Syntax;Syntax;Syntax;Syntax;Syntax;Syntax;Syntax;Syntax;Syntax;Syntax;Syntax;Syntax;Syntax;Syntax;Syntax;Syntax;Syntax;Syntax;Syntax;Syntax;Syntax;Syntax;Syntax;Syntax;Syntax;Syntax;Syntax;Syntax;Syntax;Syntax;Syntax;Syntax;Syntax;Syntax;Syntax;Syntax;Syntax;Syntax;Syntax;Syntax;Syntax;Syntax;Syntax;Syntax;Syntax;Syntax;Syntax;Syntax;Syntax;Syntax;Syntax;Syntax;Syntax;Syntax;Syntax;Syntax;Syntax;Syntax;Syntax;Syntax;Syntax;Syntax;Syntax;Syntax;Syntax;Syntax;Syntax;Syntax;Syntax;Syntax;Syntax;Syntax;Syntax;Syntax;Syntax;Syntax;Syntax;Syntax;Syntax;Syntax;Syntax;Syntax;Syntax;Syntax;Syntax;Syntax;Syntax;Syntax;Syntax;Syntax;Syntax;Syntax;Syntax;Syntax;Syntax;Syntax;Syntax;Syntax;Syntax;Syntax;Syntax;Syntax;Syntax;Syntax;Syntax;Syntax;Syntax;Syntax;Syntax;Syntax;Syntax;Syntax;Syntax;Syntax;Syntax;Syntax;Syntax;Syntax;Syntax;Syntax;Syntax;Syntax;Syntax;Syntax;Syntax;Syntax;Syntax;Syntax;Syntax;Syntax;Syntax;Syntax;Syntax;Syntax;Syntax;Syntax;Syntax;Syntax;Syntax;Syntax;Syntax;Syntax;Syntax;Syntax;Syntax;Syntax;Syntax;Syntax;Syntax;Syntax;Syntax;Syntax;Syntax;Syntax;Syntax;Syntax;Syntax;Syntax;Syntax;Syntax;Syntax;Syntax;Syntax;Syntax;Syntax;Syntax;Syntax,14,0,12.753,11.674,13.863,,True,1,2001年数学建模国赛真题+优秀论文/2001年国赛优秀论文/2001A：血管三维重建的问题A.pdf,primary,1BDA1352B4F91D5D01A0154A63BAC28CA8765B1A811649E63A44F72E9966B5CE,1BDA1352B4F91D5D01A0154A63BAC28CA8765B1A811649E63A44F72E9966B5CE,active,0,667,1,unknown,J OU RNAL O F EN GIN EERIN G MA THEMA TICS,16.792,16.792,16.792,2026-08-18T00:06:15+08:00,176.0361111111111,499.0,2001
1,1,unknown,unknown,30.667,27.153,33.144,2026-08-18T00:06:15+08:00,Arial;MicrosoftSansSerif;SimSun/Song;Times New Roman,1,1,18,1,1,0,FORMAL,COMPLETE,Q2,PAPER,0,0,297.00361111111107,841.9,catalog/papers.csv; catalog/paper_files.csv; catalog/scale/g8_paper_status.csv,unknown,True,0,1,1,31.75,31.75,36.745,23,False,,PORTRAIT,29,,UNKNOWN,0,,,,CUMCM-2011-A-005,0.75,text_based,A,A,------------------------------------;LNUHNF+SimSun;AUWCNV+TimesNewRomanPSMT;ESHXQI+TimesNewRomanPS-BoldMT;VMBCQV+ArialMT;ZYRBXJ+MicrosoftSansSerif,20,1,29.627,29.563,82.901,,True,1,2011年数学建模国赛真题+优秀论文/2011年优秀论文/2011A：城市表层土壤重金属污染分析（3）.pdf,primary,5CFE1213D56FE2D9AEF5F2A08FC9A3CAC379DD2DA7B1600D7BC7089979D6FDB3,5CFE1213D56FE2D9AEF5F2A08FC9A3CAC379DD2DA7B1600D7BC7089979D6FDB3,active,3,2225,1,unknown,A题城市表层土壤重金属污染分析 | 随着城市经济的快速发展和城市人口的不断增加，人类活动对城市环境质量,26.261,25.46,26.814,2026-08-18T00:06:15+08:00,210.00861111111107,595.3,2011
1,0,unknown,unknown,22.183,22.183,22.183,2026-08-18T00:06:15+08:00,Arial;CenturyGothic;KaiTi;MTExtra;SimSun/Song;Symbol;Times New Roman,1,1,473,3,1,0,FORMAL,COMPLETE,Q2,PAPER,0,0,296.6861111111111,841.0,catalog/papers.csv; catalog/paper_files.csv; catalog/scale/g8_paper_status.csv,unknown,True,0,1,1,31.75,31.75,31.75,16,False,,PORTRAIT,17,,BOTTOM,1,,,,CUMCM-2009-A-002,1.0,text_based,A,A,------------------------------------;CenturyGothic;SimSun;KaiTi;Symbol;TimesNewRoman;AEMREO+MTExtra;AEMREO+FZShuTi;FZShuTi;Arial,32,1,-64.586,-64.586,-64.586,,True,1,2009年数学建模国赛真题+优秀论文/2009年优秀论文/2009A：制动器试验台的控制方法分析 (2).pdf,primary,8E58AF615344BEE7088741380D59380AE7A131888D64DE7442BA34C56F861290,8E58AF615344BEE7088741380D59380AE7A131888D64DE7442BA34C56F861290,active,0,1780,1,unknown,制动器试验台的控制方法分析 | 机械动力学原理建立了扭矩平衡方程，并通过电动机驱动电流与其产生的扭矩之,26.938,26.155,27.446,2026-08-18T00:06:15+08:00,209.90277777777777,595.0,2009
0,0,unknown,unknown,,,,2026-08-18T00:06:15+08:00,KaiTi,1,0,0,0,1,0,FORMAL,Q3_MANUAL_REQUIRED,Q3,PAPER,0,0,275.8722222222222,782.0,catalog/papers.csv; catalog/paper_files.csv; catalog/scale/g8_paper_status.csv,unknown,False,0,0,1,,,,0,False,font_or_text_layer_not_reliable,PORTRAIT,6,,UNKNOWN,0,"1,2,3,4,5,6",,,CUMCM-1996-A-006,0.8,image_based,A,A,------------------------------------;KaiTi,0,0,,,,,True,1,1996年数学建模国赛真题+优秀论文/1996年国赛优秀论文/1996A：最优捕鱼策略问题.pdf,primary,473E0BCF96DBE6C460C8EAD73B66B6691E361BEBB504D08E94F02CCAE85ACDF3,473E0BCF96DBE6C460C8EAD73B66B6691E361BEBB504D08E94F02CCAE85ACDF3,active,0,24,1,unknown,,,,,2026-08-18T00:06:15+08:00,200.02499999999998,567.0,1996
0,0,unknown,unknown,,,,2026-08-18T00:06:15+08:00,KaiTi,1,0,0,0,1,0,FORMAL,Q3_MANUAL_REQUIRED,Q3,PAPER,0,0,285.115,808.2,catalog/papers.csv; catalog/paper_files.csv; catalog/scale/g8_paper_status.csv,unknown,False,0,0,1,,,,0,False,font_or_text_layer_not_reliable,PORTRAIT,35,,UNKNOWN,0,"1,2,3,4,5,6,7,8,9,10,11,12,13,14,15,16,17,18,19,20,21,22,23,24,25,26,27,28,29,30,31,32,33,34,35",,,CUMCM-2020-C-001,0.8,image_based,C,C,------------------------------------;KaiTi,0,0,,,,,True,1,2020年数学建模国赛真题+优秀论文/2020年优秀论文/2020C：银行对中小微企业的信贷决策分析.pdf,primary,C953C2E34D07E03C7F2EBBAC036E227969C4B73D4FF051EDFAB7A1A6267EE493,C953C2E34D07E03C7F2EBBAC036E227969C4B73D4FF051EDFAB7A1A6267EE493,active,0,105,1,unknown,,,,,2026-08-18T00:06:15+08:00,201.549,571.32,2020
0,0,unknown,unknown,,,,2026-08-18T00:06:15+08:00,KaiTi;Times New Roman,1,0,0,0,1,1,FORMAL,Q3_MANUAL_REQUIRED,Q3,PAPER,0,0,281.1638888888889,797.0,catalog/papers.csv; catalog/paper_files.csv; catalog/scale/g8_paper_status.csv,unknown,False,0,0,1,,,,0,False,font_or_text_layer_not_reliable,PORTRAIT,7,,UNKNOWN,0,"1,2,3,4,5,6,7",,,CUMCM-2004-A-004,0.8,image_based,A,A,------------------------------------;Times-Italic;KaiTi,0,0,,,,,True,1,2004年数学建模国赛真题+优秀论文/2004优秀论文/2004A：临时超市网点的规划模型研究.pdf,primary,23EAAE1C120532672ACAAFFED2109297F7E899E671730D969A959253F4239AC7,23EAAE1C120532672ACAAFFED2109297F7E899E671730D969A959253F4239AC7,active,0,42,1,unknown,,,,,2026-08-18T00:06:15+08:00,199.67222222222222,566.0,2004
,,unknown,unknown,,,,2026-08-18T00:06:15+08:00,,0,0,,,0,,FORMAL,INELIGIBLE,,SUPPORTING_MATERIAL,,,,,catalog/papers.csv; catalog/paper_files.csv; catalog/scale/g8_paper_status.csv,unknown,,,,0,,,,,,No analyzable PAPER PDF selected; identity retained in full corpus inventory.,UNKNOWN,,,,,,,,CUMCM-2011-D-024,,NOT_ANALYZED,D,D,,,,,,,,True,1,2011年数学建模国赛真题+优秀论文/2011年优秀论文/2011D：天然肠衣搭配问题(1)/LINGO5.lg4,primary,CC1B654454C2E39DD3E7B53265BA5E4A3E7C44FC2DE6B38778164E56F816F7EC,CC1B654454C2E39DD3E7B53265BA5E4A3E7C44FC2DE6B38778164E56F816F7EC,active,,,0,unknown,,,,,2026-08-18T00:06:15+08:00,,,2011
0,0,unknown,unknown,,,,2026-08-18T00:06:15+08:00,KaiTi,1,0,0,0,1,0,FORMAL,Q3_MANUAL_REQUIRED,Q3,PAPER,0,0,281.1638888888889,797.0,catalog/papers.csv; catalog/paper_files.csv; catalog/scale/g8_paper_status.csv,unknown,False,0,0,1,,,,0,False,font_or_text_layer_not_reliable,PORTRAIT,7,,UNKNOWN,0,"1,2,3,4,5,6,7",,,CUMCM-2004-A-005,0.8,image_based,A,A,------------------------------------;KaiTi,0,0,,,,,True,1,2004年数学建模国赛真题+优秀论文/2004优秀论文/2004A：MS网点的合理布局.pdf,primary,D7E622D8FADDE8ED4435F6E61BCF2E2988BBC80CB93D4A8FEAE7130BC33F47FD,D7E622D8FADDE8ED4435F6E61BCF2E2988BBC80CB93D4A8FEAE7130BC33F47FD,active,0,36,1,unknown,,,,,2026-08-18T00:06:15+08:00,199.67222222222222,566.0,2004
0,0,unknown,unknown,,,,2026-08-18T00:06:15+08:00,KaiTi,1,0,0,0,1,0,FORMAL,Q3_MANUAL_REQUIRED,Q3,PAPER,0,0,297.0388888888889,842.0,catalog/papers.csv; catalog/paper_files.csv; catalog/scale/g8_paper_status.csv,unknown,True,0,0,1,,,,0,False,font_or_text_layer_not_reliable,PORTRAIT,37,,UNKNOWN,0,"1,2,3,4,5,6,7,8,9,10,11,12,13,14,15,16,17,18,19,20,21,22,23,24,25,26,27,28,29,30,31,32,33,34,35,36,37",,,CUMCM-2010-A-005,0.8,image_based,A,A,------------------------------------;KaiTi,0,0,,,,,True,1,2010年数学建模国赛真题+优秀论文/2010年优秀论文/2010A：储油罐的变位识别与罐容表标定 (2).pdf,primary,69A3DE2F892D270E60065E24D46CC2BA9ED432F31B854B576D5B67CFFCA515BD,69A3DE2F892D270E60065E24D46CC2BA9ED432F31B854B576D5B67CFFCA515BD,active,0,111,1,unknown,,,,,2026-08-18T00:06:15+08:00,209.90277777777777,595.0,2010
0,0,unknown,unknown,16.228,16.157,16.316,2026-08-18T00:06:15+08:00,KaiTi;SimSun/Song;Syntax;Times New Roman;cajcd-fntaa;cajcd-fntbd;cajcd-fntlt,1,1,525,0,1,1,FORMAL,COMPLETE,Q2,PAPER,0,1,248.70833333333334,705.0,catalog/papers.csv; catalog/paper_files.csv; catalog/scale/g8_paper_status.csv,unknown,False,0,0,1,12.841,12.594,12.912,7,False,,PORTRAIT,8,,TOP,1,,,,CUMCM-2000-A-002,1.0,text_based,A,A,------------------------------------;STSong-Light;Times-Roman;cajcd-fntaa;Times-Bold;Times-Italic;KaiTi;cajcd-fntbd;cajcd-fntlt;Syntax;Syntax;Syntax;Syntax;Syntax;Syntax;Syntax;Syntax;Syntax;Syntax;Syntax;Syntax;Syntax;Syntax;Syntax;Syntax;Syntax;Syntax;Syntax;Syntax;Syntax;Syntax;Syntax;Syntax;Syntax;Syntax;Syntax;Syntax;Syntax;Syntax;Syntax;Syntax;Syntax;Syntax;Syntax;Syntax;Syntax;Syntax;Syntax;Syntax;Syntax;Syntax;Syntax;Syntax;Syntax;Syntax;Syntax;Syntax;Syntax;Syntax;Syntax;Syntax;Syntax;Syntax;Syntax;Syntax;Syntax;Syntax;Syntax;Syntax;Syntax;Syntax;Syntax;Syntax;Syntax;Syntax;Syntax;Syntax;Syntax;Syntax;Syntax;Syntax;Syntax;Syntax;Syntax;Syntax;Syntax;Syntax;Syntax;Syntax;Syntax;Syntax;Syntax;Syntax;Syntax;Syntax;Syntax;Syntax;Syntax;Syntax;Syntax;Syntax;Syntax;Syntax;Syntax;Syntax;Syntax;Syntax;Syntax;Syntax;Syntax;Syntax;Syntax;Syntax;Syntax;Syntax;Syntax;Syntax;Syntax;Syntax;Syntax;Syntax;Syntax;Syntax;Syntax;Syntax;Syntax;Syntax;Syntax;Syntax;Syntax;Syntax;Syntax;Syntax;Syntax;Syntax;Syntax;Syntax;Syntax;Syntax;Syntax;Syntax;Syntax;Syntax;Syntax;Syntax;Syntax;Syntax;Syntax;Syntax;Syntax;Syntax;Syntax;Syntax;Syntax;Syntax;Syntax;Syntax;Syntax;Syntax;Syntax;Syntax;Syntax;Syntax;Syntax;Syntax;Syntax;Syntax;Syntax;Syntax;Syntax;Syntax;Syntax;Syntax;Syntax;Syntax;Syntax;Syntax;Syntax;Syntax;Syntax;Syntax;Syntax;Syntax;Syntax;Syntax;Syntax;Syntax;Syntax;Syntax;Syntax;Syntax;Syntax;Syntax;Syntax;Syntax;Syntax;Syntax;Syntax;Syntax;Syntax;Syntax;Syntax;Syntax;Syntax;Syntax;Syntax;Syntax;Syntax;Syntax;Syntax;Syntax;Syntax;Syntax;Syntax;Syntax;Syntax;Syntax;Syntax;Syntax;Syntax;Syntax;Syntax;Syntax;Syntax;Syntax;Syntax;Syntax;Syntax;Syntax;Syntax;Syntax;Syntax;Syntax;Syntax;Syntax;Syntax;Syntax;Syntax;Syntax;Syntax;Syntax;Syntax;Syntax;Syntax;Syntax;Syntax;Syntax;Syntax;Syntax;Syntax;Syntax;Syntax;Syntax;Syntax;Syntax;Syntax;Syntax;Syntax;Syntax;Syntax;Syntax;Syntax;Syntax;Syntax;Syntax;Syntax;Syntax;Syntax;Syntax;Syntax;Syntax;Syntax;Syntax;Syntax;Syntax;Syntax;Syntax;Syntax;Syntax;Syntax;Syntax;Syntax;Syntax;Syntax;Syntax;Syntax;Syntax;Syntax;Syntax;Syntax;Syntax;Syntax;Syntax;Syntax;Syntax;Syntax;Syntax;Syntax;Syntax;Syntax;Syntax;Syntax;Syntax;Syntax;Syntax;Syntax;Syntax;Syntax;Syntax;Syntax;Syntax;Syntax;Syntax;Syntax;Syntax;Syntax;Syntax;Syntax;Syntax;Syntax;Syntax;Syntax;Syntax;Syntax;Syntax;Syntax;Syntax;Syntax;Syntax;Syntax;Syntax;Syntax;Syntax;Syntax;Syntax;Syntax;Syntax;Syntax;Syntax;Syntax;Syntax;Syntax;Syntax;Syntax;Syntax;Syntax;Syntax;Syntax;Syntax;Syntax;Syntax;Syntax;Syntax;Syntax;Syntax;Syntax;Syntax;Syntax;Syntax;Syntax;Syntax;Syntax;Syntax;Syntax;Syntax;Syntax;Syntax;Syntax;Syntax;Syntax;Syntax;Syntax;Syntax;Syntax;Syntax;Syntax;Syntax;Syntax;Syntax;Syntax;Syntax;Syntax;Syntax;Syntax;Syntax;Syntax;Syntax;Syntax;Syntax;Syntax;Syntax;Syntax;Syntax;Syntax;Syntax;Syntax;Syntax;Syntax;Syntax;Syntax;Syntax;Syntax;Syntax;Syntax;Syntax;Syntax;Syntax;Syntax;Syntax;Syntax;Syntax;Syntax;Syntax;Syntax;Syntax;Syntax;Syntax;Syntax;Syntax;Syntax;Syntax;Syntax;Syntax;Syntax;Syntax;Syntax;Syntax;Syntax;Syntax;Syntax;Syntax;Syntax;Syntax;Syntax;Syntax;Syntax;Syntax;Syntax;Syntax;Syntax;Syntax;Syntax;Syntax;Syntax;Syntax;Syntax;Syntax;Syntax;Syntax;Syntax;Syntax;Syntax;Syntax;Syntax;Syntax;Syntax;Syntax;Syntax;Syntax;Syntax;Syntax;Syntax;Syntax;Syntax;Syntax;Syntax;Syntax;Syntax;Syntax;Syntax;Syntax;Syntax;Syntax;Syntax;Syntax;Syntax;Syntax;Syntax;Syntax;Syntax;Syntax;Syntax;Syntax;Syntax;Syntax;Syntax;Syntax;Syntax;Syntax;Syntax;Syntax;Syntax;Syntax;Syntax;Syntax;Syntax;Syntax;Syntax;Syntax;Syntax;Syntax;Syntax;Syntax;Syntax;Syntax;Syntax;Syntax;Syntax;Syntax;Syntax;Syntax;Syntax;Syntax;Syntax;Syntax;Syntax;Syntax;Syntax;Syntax;Syntax;Syntax;Syntax;Syntax;Syntax;Syntax;Syntax;Syntax;Syntax;Syntax;Syntax;Syntax;Syntax;Syntax;Syntax;Syntax;Syntax;Syntax;Syntax;Syntax;Syntax;Syntax;Syntax;Syntax;Syntax;Syntax;Syntax;Syntax;Syntax;Syntax;Syntax;Syntax;Syntax;Syntax;Syntax;Syntax;Syntax;Syntax;Syntax;Syntax;Syntax;Syntax;Syntax;Syntax;Syntax;Syntax;Syntax;Syntax;Syntax;Syntax;Syntax;Syntax;Syntax;Syntax;Syntax;Syntax;Syntax;Syntax;Syntax;Syntax;Syntax;Syntax;Syntax;Syntax;Syntax;Syntax;Syntax;Syntax;Syntax;Syntax;Syntax;Syntax;Syntax;Syntax;Syntax;Syntax;Syntax;Syntax;Syntax;Syntax;Syntax;Syntax;Syntax;Syntax;Syntax;Syntax;Syntax;Syntax;Syntax;Syntax;Syntax;Syntax;Syntax;Syntax;Syntax;Syntax;Syntax;Syntax;Syntax;Syntax;Syntax;Syntax;Syntax;Syntax;Syntax;Syntax;Syntax;Syntax;Syntax;Syntax;Syntax;Syntax;Syntax;Syntax;Syntax;Syntax;Syntax;Syntax;Syntax;Syntax;Syntax;Syntax;Syntax;Syntax;Syntax;Syntax;Syntax;Syntax;Syntax;Syntax;Syntax;Syntax;Syntax;Syntax;Syntax;Syntax;Syntax;Syntax;Syntax;Syntax;Syntax;Syntax;Syntax;Syntax;Syntax;Syntax;Syntax;Syntax;Syntax;Syntax;Syntax;Syntax;Syntax;Syntax;Syntax;Syntax;Syntax;Syntax;Syntax;Syntax;Syntax;Syntax;Syntax;Syntax;Syntax;Syntax;Syntax;Syntax;Syntax;Syntax;Syntax;Syntax;Syntax;Syntax;Syntax;Syntax;Syntax;Syntax;Syntax;Syntax;Syntax;Syntax;Syntax;Syntax;Syntax;Syntax;Syntax;Syntax;Syntax;Syntax;Syntax;Syntax;Syntax;Syntax;Syntax;Syntax;Syntax;Syntax;Syntax;Syntax;Syntax;Syntax;Syntax;Syntax;Syntax;Syntax;Syntax;Syntax;Syntax;Syntax;Syntax;Syntax;Syntax;Syntax;Syntax;Syntax;Syntax;Syntax;Syntax;Syntax;Syntax;Syntax;Syntax;Syntax;Syntax;Syntax;Syntax;Syntax;Syntax;Syntax;Syntax;Syntax;Syntax;Syntax;Syntax;Syntax;Syntax;Syntax;Syntax;Syntax;Syntax;Syntax;Syntax;Syntax;Syntax;Syntax;Syntax;Syntax;Syntax;Syntax;Syntax;Syntax;Syntax;Syntax;Syntax;Syntax;Syntax;Syntax;Syntax;Syntax;Syntax;Syntax;Syntax;Syntax;Syntax;Syntax;Syntax;Syntax;Syntax;Syntax;Syntax;Syntax;Syntax;Syntax;Syntax;Syntax;Syntax;Syntax;Syntax;Syntax;Syntax;Syntax;Syntax;Syntax;Syntax;Syntax;Syntax;Syntax;Syntax;Syntax;Syntax;Syntax;Syntax;Syntax;Syntax;Syntax;Syntax;Syntax;Syntax;Syntax;Syntax;Syntax;Syntax;Syntax;Syntax;Syntax;Syntax;Syntax;Syntax;Syntax;Syntax;Syntax;Syntax;Syntax;Syntax;Syntax;Syntax;Syntax;Syntax;Syntax;Syntax;Syntax;Syntax;Syntax;Syntax;Syntax;Syntax;Syntax;Syntax;Syntax;Syntax;Syntax;Syntax;Syntax;Syntax;Syntax;Syntax;Syntax;Syntax;Syntax;Syntax;Syntax;Syntax;Syntax;Syntax;Syntax;Syntax;Syntax;Syntax;Syntax;Syntax;Syntax;Syntax;Syntax;Syntax;Syntax;Syntax;Syntax;Syntax;Syntax;Syntax;Syntax;Syntax;Syntax;Syntax;Syntax;Syntax;Syntax;Syntax;Syntax;Syntax;Syntax;Syntax;Syntax;Syntax;Syntax;Syntax;Syntax;Syntax;Syntax;Syntax;Syntax;Syntax;Syntax;Syntax;Syntax;Syntax;Syntax;Syntax;Syntax;Syntax;Syntax;Syntax;Syntax;Syntax;Syntax;Syntax;Syntax;Syntax;Syntax;Syntax;Syntax;Syntax;Syntax;Syntax;Syntax;Syntax;Syntax;Syntax;Syntax;Syntax;Syntax;Syntax;Syntax;Syntax;Syntax;Syntax;Syntax;Syntax;Syntax;Syntax;Syntax;Syntax;Syntax;Syntax;Syntax;Syntax;Syntax;Syntax;Syntax;Syntax;Syntax;Syntax;Syntax;Syntax;Syntax;Syntax;Syntax;Syntax;Syntax;Syntax;Syntax;Syntax;Syntax;Syntax;Syntax;Syntax;Syntax;Syntax;Syntax;Syntax;Syntax;Syntax;Syntax;Syntax;Syntax;Syntax;Syntax;Syntax;Syntax;Syntax;Syntax;Syntax;Syntax;Syntax;Syntax;Syntax;Syntax;Syntax;Syntax;Syntax;Syntax;Syntax;Syntax;Syntax;Syntax;Syntax;Syntax;Syntax;Syntax;Syntax;Syntax;Syntax;Syntax;Syntax;Syntax;Syntax;Syntax;Syntax;Syntax;Syntax;Syntax;Syntax;Syntax;Syntax;Syntax;Syntax;Syntax;Syntax;Syntax;Syntax;Syntax;Syntax;Syntax;Syntax;Syntax;Syntax;Syntax;Syntax;Syntax;Syntax;Syntax;Syntax;Syntax;Syntax;Syntax;Syntax;Syntax;Syntax;Syntax;Syntax;Syntax;Syntax;Syntax;Syntax;Syntax;Syntax;Syntax;Syntax;Syntax;Syntax;Syntax;Syntax;Syntax;Syntax;Syntax;Syntax;Syntax;Syntax;Syntax;Syntax;Syntax;Syntax;Syntax;Syntax;Syntax;Syntax;Syntax;Syntax;Syntax;Syntax;Syntax;Syntax;Syntax;Syntax;Syntax;Syntax;Syntax;Syntax;Syntax;Syntax;Syntax;Syntax;Syntax;Syntax;Syntax;Syntax;Syntax;Syntax;Syntax;Syntax;Syntax;Syntax;Syntax;Syntax;Syntax;Syntax;Syntax;Syntax;Syntax;Syntax;Syntax;Syntax;Syntax;Syntax;Syntax;Syntax;Syntax;Syntax;Syntax;Syntax;Syntax;Syntax;Syntax;Syntax;Syntax;Syntax;Syntax;Syntax;Syntax;Syntax;Syntax;Syntax;Syntax;Syntax;Syntax;Syntax;Syntax;Syntax;Syntax;Syntax;Syntax;Syntax;Syntax;Syntax;Syntax;Syntax;Syntax;Syntax;Syntax;Syntax;Syntax;Syntax;Syntax;Syntax;Syntax;Syntax;Syntax;Syntax;Syntax;Syntax;Syntax;Syntax;Syntax;Syntax;Syntax;Syntax;Syntax;Syntax;Syntax;Syntax;Syntax;Syntax;Syntax;Syntax;Syntax;Syntax;Syntax;Syntax;Syntax;Syntax;Syntax;Syntax;Syntax;Syntax;Syntax;Syntax;Syntax;Syntax;Syntax;Syntax;Syntax;Syntax;Syntax;Syntax;Syntax;Syntax;Syntax;Syntax;Syntax;Syntax;Syntax;Syntax;Syntax;Syntax;Syntax;Syntax;Syntax;Syntax;Syntax;Syntax;Syntax;Syntax;Syntax;Syntax;Syntax;Syntax;Syntax;Syntax;Syntax;Syntax;Syntax;Syntax;Syntax;Syntax;Syntax;Syntax;Syntax;Syntax;Syntax;Syntax;Syntax;Syntax;Syntax;Syntax;Syntax;Syntax;Syntax;Syntax;Syntax;Syntax;Syntax;Syntax;Syntax;Syntax;Syntax;Syntax;Syntax;Syntax;Syntax;Syntax;Syntax;Syntax;Syntax;Syntax;Syntax;Syntax;Syntax;Syntax;Syntax;Syntax;Syntax;Syntax;Syntax;Syntax;Syntax;Syntax;Syntax;Syntax;Syntax;Syntax;Syntax;Syntax;Syntax;Syntax;Syntax;Syntax;Syntax;Syntax;Syntax;Syntax;Syntax;Syntax;Syntax;Syntax;Syntax;Syntax;Syntax;Syntax;Syntax;Syntax;Syntax;Syntax;Syntax;Syntax;Syntax;Syntax;Syntax;Syntax;Syntax;Syntax;Syntax;Syntax;Syntax;Syntax;Syntax;Syntax;Syntax;Syntax;Syntax;Syntax;Syntax;Syntax;Syntax;Syntax;Syntax;Syntax;Syntax;Syntax;Syntax;Syntax;Syntax;Syntax;Syntax;Syntax;Syntax;Syntax;Syntax;Syntax;Syntax;Syntax;Syntax;Syntax;Syntax;Syntax;Syntax;Syntax;Syntax;Syntax;Syntax;Syntax;Syntax;Syntax;Syntax;Syntax;Syntax;Syntax;Syntax;Syntax;Syntax;Syntax;Syntax;Syntax;Syntax;Syntax;Syntax;Syntax;Syntax;Syntax;Syntax;Syntax;Syntax;Syntax;Syntax;Syntax;Syntax;Syntax;Syntax;Syntax;Syntax;Syntax;Syntax;Syntax;Syntax;Syntax;Syntax;Syntax;Syntax;Syntax;Syntax;Syntax;Syntax;Syntax;Syntax;Syntax;Syntax;Syntax;Syntax;Syntax;Syntax;Syntax;Syntax;Syntax;Syntax;Syntax;Syntax;Syntax;Syntax;Syntax;Syntax;Syntax;Syntax;Syntax;Syntax;Syntax;Syntax;Syntax;Syntax;Syntax;Syntax;Syntax;Syntax;Syntax;Syntax;Syntax;Syntax;Syntax;Syntax;Syntax;Syntax;Syntax;Syntax;Syntax;Syntax;Syntax;Syntax;Syntax;Syntax;Syntax;Syntax;Syntax;Syntax;Syntax;Syntax;Syntax;Syntax;Syntax;Syntax;Syntax;Syntax;Syntax;Syntax;Syntax;Syntax;Syntax;Syntax;Syntax;Syntax;Syntax;Syntax;Syntax;Syntax;Syntax;Syntax;Syntax;Syntax;Syntax;Syntax;Syntax;Syntax;Syntax;Syntax;Syntax;Syntax;Syntax;Syntax;Syntax;Syntax;Syntax;Syntax;Syntax;Syntax;Syntax;Syntax;Syntax;Syntax;Syntax;Syntax;Syntax;Syntax;Syntax;Syntax;Syntax;Syntax;Syntax;Syntax;Syntax;Syntax;Syntax;Syntax;Syntax;Syntax;Syntax;Syntax;Syntax;Syntax;Syntax;Syntax;Syntax;Syntax;Syntax;Syntax;Syntax;Syntax;Syntax;Syntax;Syntax;Syntax;Syntax;Syntax;Syntax;Syntax;Syntax;Syntax;Syntax;Syntax;Syntax;Syntax;Syntax;Syntax;Syntax;Syntax;Syntax;Syntax;Syntax;Syntax;Syntax;Syntax;Syntax;Syntax;Syntax;Syntax;Syntax;Syntax;Syntax,29,0,10.195,10.142,10.195,,True,1,2000年数学建模国赛真题+优秀论文/2000年国赛优秀论文/2000A：DNA序列分类的数学模型.pdf,primary,AA35D645756CC6A9BDD408BB7B0FDE384D1B769E1D6A643A6239C20563687019,AA35D645756CC6A9BDD408BB7B0FDE384D1B769E1D6A643A6239C20563687019,active,0,1372,1,unknown,M A TH EM A T ICSINPRA CT ICE ANDTH EO R Y,14.146,14.146,14.146,2026-08-18T00:06:15+08:00,167.56944444444446,475.0,2000
0,0,unknown,unknown,,,,2026-08-18T00:06:15+08:00,KaiTi,1,0,0,0,1,0,FORMAL,Q3_MANUAL_REQUIRED,Q3,PAPER,0,0,297.0388888888889,842.0,catalog/papers.csv; catalog/paper_files.csv; catalog/scale/g8_paper_status.csv,unknown,True,0,0,1,,,,0,False,font_or_text_layer_not_reliable,PORTRAIT,100,,UNKNOWN,0,"1,2,3,4,5,6,7,8,9,10,11,12,13,14,15,16,17,18,19,20,21,22,23,24,25,26,27,28,29,30,31,32,33,34,35,36,37,38,39,40,41,42,43,44,45,46,47,48,49,50,51,52,53,54,55,56,57,58,59,60,61,62,63,64,65,66,67,68,69,70,71,72,73,74,75,76,77,78,79,80,81,82,83,84,85,86,87,88,89,90,91,92,93,94,95,96,97,98,99,100",,,CUMCM-2010-A-006,0.8,image_based,A,A,------------------------------------;KaiTi,0,0,,,,,True,1,2010年数学建模国赛真题+优秀论文/2010年优秀论文/2010A：基于数学建模的储油罐变形监测研究.pdf,primary,0D7703872C94FE411CC0B15C5419C315668235DD5F98A89B1208DF173837C754,0D7703872C94FE411CC0B15C5419C315668235DD5F98A89B1208DF173837C754,active,0,300,1,unknown,,,,,2026-08-18T00:06:15+08:00,209.90277777777777,595.0,2010
1,1,unknown,unknown,,,,2026-08-18T00:06:15+08:00,MT-Extra-Identity-H;SimHei;SimSun/Song;SymbolProportionalBT-Regular-Identity-H;Times New Roman,1,0,783,12,0,1,FORMAL,COMPLETE,Q2,PAPER,0,0,297.00361111111107,841.9,catalog/papers.csv; catalog/paper_files.csv; catalog/scale/g8_paper_status.csv,unknown,True,0,1,1,,,,0,False,,PORTRAIT,18,,BOTTOM,1,,,,CUMCM-2012-B-004,0.88,text_based,B,B,------------------------------------;OWLVZG+SimSun-Identity-H;FMDDEX+TimesNewRomanPSMT-Identity-H;ICFVUD+SimHei-Identity-H;LWSBFA+SymbolProportionalBT-Regular-Identity-H;HMKNEF+SymbolProportionalBT-Regular-Identity-H;BJRNVV+MT-Extra-Identity-H;BMBTRM+TimesNewRomanPS-ItalicMT-Identity-H,37,1,,,,,False,1,2012年数学建模国赛真题+优秀论文/2012年优秀论文/2012B：太阳能小屋的设计 (3)/20121784.pdf,primary,4F77564CCFC4B9D56403654EE6993F1AF6C9489DB428C15D4AF8DFC6517E97BE,4F77564CCFC4B9D56403654EE6993F1AF6C9489DB428C15D4AF8DFC6517E97BE,active,9,3379,1,unknown,的思想，先将实际问题数学化，再将数学问题实际化，得到最优的铺设方案，并取得了 | 为电价是固定的，最大光伏发电总量也代表着最大收益，本文以最大收益额和最小单位,,,,2026-08-18T00:06:15+08:00,210.00861111111107,595.3,2012
0,0,unknown,unknown,,,,2026-08-18T00:06:15+08:00,KaiTi,1,0,0,0,1,0,FORMAL,Q3_MANUAL_REQUIRED,Q3,PAPER,0,0,275.8722222222222,782.0,catalog/papers.csv; catalog/paper_files.csv; catalog/scale/g8_paper_status.csv,unknown,False,0,0,1,,,,0,False,font_or_text_layer_not_reliable,PORTRAIT,6,,UNKNOWN,0,"1,2,3,4,5,6",,,CUMCM-2002-A-007,0.8,image_based,A,A,------------------------------------;KaiTi,0,0,,,,,True,1,2002年数学建模国赛真题+优秀论文/2002年优秀论文/2002A：车灯灯丝长度优化设计的数学模型和数值模拟 (2).pdf,primary,D09BBED38D6265E10D2F479C10D3C7188BC0901C21D51A633107531842DEBCDC,D09BBED38D6265E10D2F479C10D3C7188BC0901C21D51A633107531842DEBCDC,active,0,30,1,unknown,,,,,2026-08-18T00:06:15+08:00,208.13888888888889,590.0,2002
,,unknown,unknown,,,,2026-08-18T00:06:15+08:00,,0,0,,,0,,FORMAL,INELIGIBLE,,PROBLEM_PACKAGE,,,,,catalog/papers.csv; catalog/paper_files.csv; catalog/scale/g8_paper_status.csv,unknown,,,,0,,,,,,No analyzable PAPER PDF selected; identity retained in full corpus inventory.,UNKNOWN,,,,,,,,CUMCM-2023-C-001,,NOT_ANALYZED,C,C,,,,,,,,True,1,2023年数学建模国赛真题+优秀论文/2023赛题/C题/C题.pdf,primary,F94818A4F1D84D2AAAD2BCBFEB4A7047335A54DCCC3A5A632AC2264BCF3D89E5,F94818A4F1D84D2AAAD2BCBFEB4A7047335A54DCCC3A5A632AC2264BCF3D89E5,active,,,0,unknown,,,,,2026-08-18T00:06:15+08:00,,,2023
0,1,unknown,unknown,18.254,18.254,18.254,2026-08-18T00:06:15+08:00,Arial;Calibri;KaiTi;Symbol;Times New Roman,1,1,607,5,1,1,FORMAL,COMPLETE,Q2,PAPER,0,0,297.0106666666666,841.92,catalog/papers.csv; catalog/paper_files.csv; catalog/scale/g8_paper_status.csv,unknown,True,0,1,1,38.116,25.027,38.116,60,False,,PORTRAIT,61,,BOTTOM,1,,,,CUMCM-2018-D-002,1.0,text_based,D,D,------------------------------------;Times;KaiTi;Times;Symbol;ABCDEE+Arial;Times;ABCDEE+Calibri;ABCDEE+Arial,26,1,37.196,22.891,37.196,,True,1,2018年数学建模国赛真题+优秀论文/2018年优秀论文/2018D：确定汽车装配顺序问题的算法.pdf,primary,6C59EBD3A2E07B948865071E545E26B1CA5985CD2D41249E10DB390268F4A378,6C59EBD3A2E07B948865071E545E26B1CA5985CD2D41249E10DB390268F4A378,active,8,5619,1,unknown,确定汽车装配顺序问题的算法 | 车生产线上的装配顺序，需对原有的汽车生产线进行优化。本文针对工艺要求、质量控,27.354,25.273,28.794,2026-08-18T00:06:15+08:00,210.01566666666668,595.32,2018
,,unknown,unknown,,,,2026-08-18T00:06:15+08:00,,0,0,,,0,,FORMAL,,,NOT_IN_G8_STATUS,,,,,catalog/papers.csv; catalog/paper_files.csv; catalog/scale/g8_paper_status.csv,unknown,,,,0,,,,,,No analyzable PAPER PDF selected; identity retained in full corpus inventory.,UNKNOWN,,,,,,,,CUMCM-2025-B-001,,NOT_ANALYZED,B,B,,,,,,,,True,1,2025年数学建模国赛真题+优秀论文/2025年数学建模国赛真题！/B题/B题.pdf,primary,B0B2CE649282C2D7063AF3C30AC9C0D931512DC86014D3147BC765D8F1C8CF87,B0B2CE649282C2D7063AF3C30AC9C0D931512DC86014D3147BC765D8F1C8CF87,active,,,0,unknown,,,,,2026-08-18T00:06:15+08:00,,,2025
,,unknown,unknown,,,,2026-08-18T00:06:15+08:00,,0,0,,,0,,FORMAL,INELIGIBLE,,SUPPORTING_MATERIAL,,,,,catalog/papers.csv; catalog/paper_files.csv; catalog/scale/g8_paper_status.csv,unknown,,,,0,,,,,,No analyzable PAPER PDF selected; identity retained in full corpus inventory.,UNKNOWN,,,,,,,,CUMCM-2011-D-025,,NOT_ANALYZED,D,D,,,,,,,,True,1,2011年数学建模国赛真题+优秀论文/2011年优秀论文/2011D：天然肠衣搭配问题(1)/二级降一级降级12.lg4,primary,CE94DE25DC8EE2C0C1FD505FC25AB13A2905206DC9DC06F7FD841B76613C23AB,CE94DE25DC8EE2C0C1FD505FC25AB13A2905206DC9DC06F7FD841B76613C23AB,active,,,0,unknown,,,,,2026-08-18T00:06:15+08:00,,,2011
0,0,unknown,unknown,16.369,16.228,19.368,2026-08-18T00:06:15+08:00,KaiTi;SimSun/Song;Syntax;Times New Roman;cajcd-fntaa;cajcd-fntbd;cajcd-fntlt,1,1,416,0,1,1,FORMAL,COMPLETE,Q2,PAPER,0,1,248.70833333333334,705.0,catalog/papers.csv; catalog/paper_files.csv; catalog/scale/g8_paper_status.csv,unknown,False,0,0,1,12.347,11.959,12.912,5,False,,PORTRAIT,6,,BOTTOM,1,,,,CUMCM-2000-B-006,1.0,text_based,B,B,------------------------------------;STSong-Light;Times-Roman;cajcd-fntaa;Times-Bold;Times-Italic;Times-Italic;KaiTi;cajcd-fntlt;cajcd-fntbd;Syntax;Syntax;Syntax;Syntax;Syntax;Syntax;Syntax;Syntax;Syntax;Syntax;Syntax;Syntax;Syntax;Syntax;Syntax;Syntax;Syntax;Syntax;Syntax;Syntax;Syntax;Syntax;Syntax;Syntax;Syntax;Syntax;Syntax;Syntax;Syntax;Syntax;Syntax;Syntax;Syntax;Syntax;Syntax;Syntax;Syntax;Syntax;Syntax;Syntax;Syntax;Syntax;Syntax;Syntax;Syntax;Syntax;Syntax;Syntax;Syntax;Syntax;Syntax;Syntax;Syntax;Syntax;Syntax;Syntax;Syntax;Syntax;Syntax;Syntax;Syntax;Syntax;Syntax;Syntax;Syntax;Syntax;Syntax;Syntax;Syntax;Syntax;Syntax;Syntax;Syntax;Syntax;Syntax;Syntax;Syntax;Syntax;Syntax;Syntax;Syntax;Syntax;Syntax;Syntax;Syntax;Syntax;Syntax;Syntax;Syntax;Syntax;Syntax;Syntax;Syntax;Syntax;Syntax;Syntax;Syntax;Syntax;Syntax;Syntax;Syntax;Syntax;Syntax;Syntax;Syntax;Syntax;Syntax;Syntax;Syntax;Syntax;Syntax;Syntax;Syntax;Syntax;Syntax;Syntax;Syntax;Syntax;Syntax;Syntax;Syntax;Syntax;Syntax;Syntax;Syntax;Syntax;Syntax;Syntax;Syntax;Syntax;Syntax;Syntax;Syntax;Syntax;Syntax;Syntax;Syntax;Syntax;Syntax;Syntax;Syntax;Syntax;Syntax;Syntax;Syntax;Syntax;Syntax;Syntax;Syntax;Syntax;Syntax;Syntax;Syntax;Syntax;Syntax;Syntax;Syntax;Syntax;Syntax;Syntax;Syntax;Syntax;Syntax;Syntax;Syntax;Syntax;Syntax;Syntax;Syntax;Syntax;Syntax;Syntax;Syntax;Syntax;Syntax;Syntax;Syntax;Syntax;Syntax;Syntax;Syntax;Syntax;Syntax;Syntax;Syntax;Syntax;Syntax;Syntax;Syntax;Syntax;Syntax;Syntax;Syntax;Syntax;Syntax;Syntax;Syntax;Syntax;Syntax;Syntax;Syntax;Syntax;Syntax;Syntax;Syntax;Syntax;Syntax;Syntax;Syntax;Syntax;Syntax;Syntax;Syntax;Syntax;Syntax;Syntax;Syntax;Syntax;Syntax;Syntax;Syntax;Syntax;Syntax;Syntax;Syntax;Syntax;Syntax;Syntax;Syntax;Syntax;Syntax;Syntax;Syntax;Syntax;Syntax;Syntax;Syntax;Syntax;Syntax;Syntax;Syntax;Syntax;Syntax;Syntax;Syntax;Syntax;Syntax;Syntax;Syntax;Syntax;Syntax;Syntax;Syntax;Syntax;Syntax;Syntax;Syntax;Syntax;Syntax;Syntax;Syntax;Syntax;Syntax;Syntax;Syntax;Syntax;Syntax;Syntax;Syntax;Syntax;Syntax;Syntax;Syntax;Syntax;Syntax;Syntax;Syntax;Syntax;Syntax;Syntax;Syntax;Syntax;Syntax;Syntax;Syntax;Syntax;Syntax;Syntax;Syntax;Syntax;Syntax;Syntax;Syntax;Syntax;Syntax;Syntax;Syntax;Syntax;Syntax;Syntax;Syntax;Syntax;Syntax;Syntax;Syntax;Syntax;Syntax;Syntax;Syntax;Syntax;Syntax;Syntax;Syntax;Syntax;Syntax;Syntax;Syntax;Syntax;Syntax;Syntax;Syntax;Syntax;Syntax;Syntax;Syntax;Syntax;Syntax;Syntax;Syntax;Syntax;Syntax;Syntax;Syntax;Syntax;Syntax;Syntax;Syntax;Syntax;Syntax;Syntax;Syntax;Syntax;Syntax;Syntax;Syntax;Syntax;Syntax;Syntax;Syntax;Syntax;Syntax;Syntax;Syntax;Syntax;Syntax;Syntax;Syntax;Syntax;Syntax;Syntax;Syntax;Syntax;Syntax;Syntax;Syntax;Syntax;Syntax;Syntax;Syntax;Syntax;Syntax;Syntax;Syntax;Syntax;Syntax;Syntax;Syntax;Syntax;Syntax;Syntax;Syntax;Syntax;Syntax;Syntax;Syntax;Syntax;Syntax;Syntax;Syntax;Syntax;Syntax;Syntax;Syntax;Syntax;Syntax;Syntax;Syntax;Syntax;Syntax;Syntax;Syntax;Syntax;Syntax;Syntax;Syntax;Syntax;Syntax;Syntax;Syntax;Syntax;Syntax;Syntax;Syntax;Syntax;Syntax;Syntax;Syntax;Syntax;Syntax;Syntax;Syntax;Syntax;Syntax;Syntax;Syntax;Syntax;Syntax;Syntax;Syntax;Syntax;Syntax;Syntax;Syntax;Syntax;Syntax;Syntax;Syntax;Syntax;Syntax;Syntax;Syntax;Syntax;Syntax;Syntax;Syntax;Syntax;Syntax;Syntax;Syntax;Syntax;Syntax;Syntax;Syntax;Syntax;Syntax;Syntax;Syntax;Syntax;Syntax;Syntax;Syntax;Syntax;Syntax;Syntax;Syntax;Syntax;Syntax;Syntax;Syntax;Syntax;Syntax;Syntax;Syntax;Syntax;Syntax;Syntax;Syntax;Syntax;Syntax;Syntax;Syntax;Syntax;Syntax;Syntax;Syntax;Syntax;Syntax;Syntax;Syntax;Syntax;Syntax;Syntax;Syntax;Syntax;Syntax;Syntax;Syntax;Syntax;Syntax;Syntax;Syntax;Syntax;Syntax;Syntax;Syntax;Syntax;Syntax;Syntax;Syntax;Syntax;Syntax;Syntax;Syntax;Syntax;Syntax;Syntax;Syntax;Syntax;Syntax;Syntax;Syntax;Syntax;Syntax;Syntax;Syntax;Syntax;Syntax;Syntax;Syntax;Syntax;Syntax;Syntax;Syntax;Syntax;Syntax;Syntax;Syntax;Syntax;Syntax;Syntax;Syntax;Syntax;Syntax;Syntax;Syntax;Syntax;Syntax;Syntax;Syntax;Syntax;Syntax;Syntax;Syntax;Syntax;Syntax;Syntax;Syntax;Syntax;Syntax;Syntax;Syntax;Syntax;Syntax;Syntax;Syntax;Syntax;Syntax;Syntax;Syntax;Syntax;Syntax;Syntax;Syntax;Syntax;Syntax;Syntax;Syntax;Syntax;Syntax;Syntax;Syntax;Syntax;Syntax;Syntax;Syntax;Syntax;Syntax;Syntax;Syntax;Syntax;Syntax;Syntax;Syntax;Syntax;Syntax;Syntax;Syntax;Syntax;Syntax;Syntax;Syntax;Syntax;Syntax;Syntax;Syntax;Syntax;Syntax;Syntax;Syntax;Syntax;Syntax;Syntax;Syntax;Syntax;Syntax;Syntax;Syntax;Syntax;Syntax;Syntax;Syntax;Syntax;Syntax;Syntax;Syntax;Syntax;Syntax;Syntax;Syntax;Syntax;Syntax;Syntax;Syntax;Syntax;Syntax;Syntax;Syntax;Syntax;Syntax;Syntax;Syntax;Syntax;Syntax;Syntax;Syntax;Syntax;Syntax;Syntax;Syntax;Syntax;Syntax;Syntax;Syntax;Syntax;Syntax;Syntax;Syntax;Syntax;Syntax;Syntax;Syntax;Syntax;Syntax;Syntax;Syntax;Syntax;Syntax;Syntax;Syntax;Syntax;Syntax;Syntax;Syntax;Syntax;Syntax;Syntax;Syntax;Syntax;Syntax;Syntax;Syntax;Syntax;Syntax;Syntax;Syntax;Syntax;Syntax;Syntax;Syntax;Syntax;Syntax;Syntax;Syntax;Syntax;Syntax;Syntax;Syntax;Syntax;Syntax;Syntax;Syntax;Syntax;Syntax;Syntax;Syntax;Syntax;Syntax;Syntax;Syntax;Syntax;Syntax;Syntax;Syntax;Syntax;Syntax;Syntax;Syntax;Syntax;Syntax;Syntax;Syntax;Syntax;Syntax;Syntax;Syntax;Syntax;Syntax;Syntax;Syntax;Syntax;Syntax;Syntax;Syntax;Syntax;Syntax;Syntax;Syntax;Syntax;Syntax;Syntax;Syntax;Syntax;Syntax;Syntax;Syntax;Syntax;Syntax;Syntax;Syntax;Syntax;Syntax;Syntax;Syntax;Syntax;Syntax;Syntax;Syntax;Syntax;Syntax;Syntax;Syntax;Syntax;Syntax;Syntax;Syntax;Syntax;Syntax;Syntax;Syntax;Syntax;Syntax;Syntax;Syntax;Syntax;Syntax;Syntax;Syntax;Syntax;Syntax;Syntax;Syntax;Syntax;Syntax;Syntax;Syntax;Syntax;Syntax;Syntax;Syntax;Syntax;Syntax;Syntax;Syntax;Syntax;Syntax;Syntax;Syntax;Syntax;Syntax;Syntax;Syntax;Syntax;Syntax;Syntax;Syntax;Syntax;Syntax;Syntax;Syntax;Syntax;Syntax;Syntax;Syntax;Syntax;Syntax;Syntax;Syntax;Syntax;Syntax;Syntax;Syntax;Syntax;Syntax;Syntax;Syntax;Syntax;Syntax;Syntax;Syntax;Syntax;Syntax;Syntax;Syntax;Syntax;Syntax;Syntax;Syntax;Syntax;Syntax;Syntax;Syntax;Syntax;Syntax;Syntax;Syntax;Syntax;Syntax;Syntax;Syntax;Syntax;Syntax;Syntax;Syntax;Syntax;Syntax;Syntax;Syntax;Syntax;Syntax;Syntax;Syntax;Syntax;Syntax;Syntax;Syntax;Syntax;Syntax;Syntax;Syntax;Syntax;Syntax;Syntax;Syntax;Syntax;Syntax;Syntax;Syntax;Syntax;Syntax;Syntax;Syntax;Syntax;Syntax;Syntax;Syntax;Syntax;Syntax;Syntax;Syntax;Syntax;Syntax;Syntax;Syntax;Syntax;Syntax;Syntax;Syntax;Syntax;Syntax;Syntax;Syntax;Syntax;Syntax;Syntax;Syntax;Syntax;Syntax;Syntax;Syntax;Syntax;Syntax;Syntax;Syntax;Syntax;Syntax;Syntax;Syntax;Syntax;Syntax;Syntax;Syntax;Syntax;Syntax;Syntax;Syntax;Syntax;Syntax;Syntax;Syntax;Syntax;Syntax;Syntax;Syntax;Syntax;Syntax;Syntax;Syntax;Syntax;Syntax;Syntax;Syntax;Syntax;Syntax;Syntax;Syntax;Syntax;Syntax;Syntax;Syntax;Syntax;Syntax;Syntax;Syntax;Syntax;Syntax;Syntax;Syntax;Syntax;Syntax;Syntax;Syntax;Syntax;Syntax;Syntax;Syntax;Syntax;Syntax;Syntax;Syntax;Syntax;Syntax;Syntax;Syntax,4,0,10.16,10.16,10.16,,True,1,2000年数学建模国赛真题+优秀论文/2000年国赛优秀论文/2000B：钢管的订购和运输.pdf,primary,CC9509E9ACB2DC3135E9C37FF3240B82E0602930514B555881ABC41B023F6738,CC9509E9ACB2DC3135E9C37FF3240B82E0602930514B555881ABC41B023F6738,active,0,1195,1,unknown,M A TH EM A T ICSINPRA CT ICE ANDTH EO R Y,14.146,14.146,14.146,2026-08-18T00:06:15+08:00,167.56944444444446,475.0,2000
,,unknown,unknown,,,,2026-08-18T00:06:15+08:00,,0,0,,,0,,FORMAL,INELIGIBLE,,SUPPORTING_MATERIAL,,,,,catalog/papers.csv; catalog/paper_files.csv; catalog/scale/g8_paper_status.csv,unknown,,,,0,,,,,,No analyzable PAPER PDF selected; identity retained in full corpus inventory.,UNKNOWN,,,,,,,,CUMCM-2012-D-012,,NOT_ANALYZED,D,D,,,,,,,,True,1,2012年数学建模国赛真题+优秀论文/2012年优秀论文/2012D：机器人避障问题 (1)/OABCO.fig,primary,1486FF8A1DC9BEA173836E0434E1B974484EE8E212E3431CB7C8D44094DC9078,1486FF8A1DC9BEA173836E0434E1B974484EE8E212E3431CB7C8D44094DC9078,active,,,0,unknown,,,,,2026-08-18T00:06:15+08:00,,,2012
0,0,unknown,unknown,,,,2026-08-18T00:06:15+08:00,KaiTi;Times New Roman,1,0,0,0,1,1,FORMAL,Q3_MANUAL_REQUIRED,Q3,PAPER,0,0,281.1638888888889,797.0,catalog/papers.csv; catalog/paper_files.csv; catalog/scale/g8_paper_status.csv,unknown,False,0,0,1,,,,0,False,font_or_text_layer_not_reliable,PORTRAIT,6,,UNKNOWN,0,"1,2,3,4,5,6",,,CUMCM-2004-B-005,0.8,image_based,B,B,------------------------------------;Times-Italic;KaiTi,0,0,,,,,True,1,2004年数学建模国赛真题+优秀论文/2004优秀论文/2004B：电路模拟方法在数学建模中的应用.pdf,primary,76B3F2C54167AC1F3A176F4771160B14FA1D7DE5013674031B08470EEBAAF598,76B3F2C54167AC1F3A176F4771160B14FA1D7DE5013674031B08470EEBAAF598,active,0,39,1,unknown,,,,,2026-08-18T00:06:15+08:00,199.67222222222222,566.0,2004
,,unknown,unknown,,,,2026-08-18T00:06:15+08:00,,0,0,,,0,,FORMAL,COMPLETE,UNKNOWN,PAPER,,,,,catalog/papers.csv; catalog/paper_files.csv; catalog/scale/g8_paper_status.csv,unknown,,,,0,,,,,,No analyzable PAPER PDF selected; identity retained in full corpus inventory.,UNKNOWN,,,,,,,,CUMCM-2014-D-003,,NOT_ANALYZED,D,D,,,,,,,,True,1,2014年数学建模国赛真题+优秀论文/2014优秀论文/2014D：储药槽的设计/D-储药槽的设计.doc,primary,2C45B7888C43355B39D0BC01726D842D4744C55DC1E2F8AF829B7DB9D8D4AA35,2C45B7888C43355B39D0BC01726D842D4744C55DC1E2F8AF829B7DB9D8D4AA35,active,,,0,unknown,,,,,2026-08-18T00:06:15+08:00,,,2014
,,unknown,unknown,,,,2026-08-18T00:06:15+08:00,,0,0,,,0,,FORMAL,INELIGIBLE,,SUPPORTING_MATERIAL,,,,,catalog/papers.csv; catalog/paper_files.csv; catalog/scale/g8_paper_status.csv,unknown,,,,0,,,,,,No analyzable PAPER PDF selected; identity retained in full corpus inventory.,UNKNOWN,,,,,,,,CUMCM-2011-D-026,,NOT_ANALYZED,D,D,,,,,,,,True,1,2011年数学建模国赛真题+优秀论文/2011年优秀论文/2011D：天然肠衣搭配问题(1)/方案2规格1.lg4,primary,AB4604ADDED0E69ADF9067F0735192D1D5FF9970345E4C8A5FACA5F901E476A3,AB4604ADDED0E69ADF9067F0735192D1D5FF9970345E4C8A5FACA5F901E476A3,active,,,0,unknown,,,,,2026-08-18T00:06:15+08:00,,,2011
,,unknown,unknown,,,,2026-08-18T00:06:15+08:00,,0,0,,,0,,FORMAL,INELIGIBLE,,PROBLEM_PACKAGE,,,,,catalog/papers.csv; catalog/paper_files.csv; catalog/scale/g8_paper_status.csv,unknown,,,,0,,,,,,No analyzable PAPER PDF selected; identity retained in full corpus inventory.,UNKNOWN,,,,,,,,CUMCM-2016-C-002,,NOT_ANALYZED,C,C,,,,,,,,True,1,2016年数学建模国赛真题+优秀论文/2016年赛题/2016年国赛C题.docx,primary,138EEA50B468E989B8D99FD0FE679620B2EDCEA6565CD0DAA8551A7E1BFB6844,138EEA50B468E989B8D99FD0FE679620B2EDCEA6565CD0DAA8551A7E1BFB6844,active,,,0,unknown,,,,,2026-08-18T00:06:15+08:00,,,2016
1,1,unknown,unknown,20.87,20.87,20.87,2026-08-18T00:06:15+08:00,Arial;Symbol;Times New Roman,1,1,265,4,1,1,FORMAL,COMPLETE,Q2,PAPER,0,0,297.053,842.04,catalog/papers.csv; catalog/paper_files.csv; catalog/scale/g8_paper_status.csv,unknown,True,0,1,1,25.027,25.027,25.027,22,False,,PORTRAIT,23,,BOTTOM,1,,,,CUMCM-2014-D-D2202,1.0,text_based,D,D,------------------------------------;Times;Times;ABCDEE+Arial;ABCDEE+Arial;Times;Symbol;Times,51,1,24.929,22.835,36.856,,True,1,2014年数学建模国赛真题+优秀论文/2014优秀论文/2014D：储药槽的设计 (3)/D22022011_阎发静_周靖_杨峰.pdf,primary,9E3E34F7E3E8DAFA6A6043EACF081E942E3A7576F47E2D238016403F904E4388,9E3E34F7E3E8DAFA6A6043EACF081E942E3A7576F47E2D238016403F904E4388,active,14,1712,1,unknown,上咨询等）与队外的任何人（包括指导教师）研究、讨论与赛题有关的问题。,26.423,25.703,26.846,2026-08-18T00:06:15+08:00,210.01566666666668,595.32,2014
0,0,unknown,unknown,,,,2026-08-18T00:06:15+08:00,KaiTi,1,0,0,0,1,0,FORMAL,Q3_MANUAL_REQUIRED,Q3,PAPER,0,0,285.115,808.2,catalog/papers.csv; catalog/paper_files.csv; catalog/scale/g8_paper_status.csv,unknown,False,0,0,1,,,,0,False,font_or_text_layer_not_reliable,PORTRAIT,77,,UNKNOWN,0,"1,2,3,4,5,6,7,8,9,10,11,12,13,14,15,16,17,18,19,20,21,22,23,24,25,26,27,28,29,30,31,32,33,34,35,36,37,38,39,40,41,42,43,44,45,46,47,48,49,50,51,52,53,54,55,56,57,58,59,60,61,62,63,64,65,66,67,68,69,70,71,72,73,74,75,76,77",,,CUMCM-2020-D-004,0.8,image_based,D,D,------------------------------------;KaiTi,0,0,,,,,True,1,2020年数学建模国赛真题+优秀论文/2020年优秀论文/2020D：基于梯度下降的决策树算法与非线性规划的信贷风险评估与信贷策略模型.pdf,primary,BFB40F71E4E1376FE22E81E3BA77735046C7C8F0B37F3859E43AD90FA863EB30,BFB40F71E4E1376FE22E81E3BA77735046C7C8F0B37F3859E43AD90FA863EB30,active,0,231,1,unknown,,,,,2026-08-18T00:06:15+08:00,201.549,571.32,2020
0,0,unknown,unknown,,,,2026-08-18T00:06:15+08:00,KaiTi,1,0,0,0,1,0,FORMAL,Q3_MANUAL_REQUIRED,Q3,PAPER,0,0,281.1638888888889,797.0,catalog/papers.csv; catalog/paper_files.csv; catalog/scale/g8_paper_status.csv,unknown,False,0,0,1,,,,0,False,font_or_text_layer_not_reliable,PORTRAIT,8,,UNKNOWN,0,"1,2,3,4,5,6,7,8",,,CUMCM-2004-B-006,0.8,image_based,B,B,------------------------------------;KaiTi,0,0,,,,,True,1,2004年数学建模国赛真题+优秀论文/2004优秀论文/2004B：电力市场的输电阻塞管理(2).pdf,primary,5103243EFC135FBE41CFDA832DF26DA7F595B9DA2F98909C251CEA2D0C442285,5103243EFC135FBE41CFDA832DF26DA7F595B9DA2F98909C251CEA2D0C442285,active,0,40,1,unknown,,,,,2026-08-18T00:06:15+08:00,199.67222222222222,566.0,2004
0,0,unknown,unknown,19.72,19.438,20.073,2026-08-18T00:06:15+08:00,KaiTi;SimSun/Song;Syntax;Times New Roman;cajcd-fntaa;cajcd-fntac;cajcd-fntdg,1,1,519,0,1,1,FORMAL,COMPLETE,Q2,PAPER,0,1,259.9972222222222,737.0,catalog/papers.csv; catalog/paper_files.csv; catalog/scale/g8_paper_status.csv,unknown,False,0,0,1,14.146,14.146,14.146,5,False,,PORTRAIT,6,,BOTTOM,1,,,,CUMCM-2001-B-005,1.0,text_based,B,B,------------------------------------;STSong-Light;Times-Roman;cajcd-fntaa;Times-Italic;KaiTi;Times-Italic;cajcd-fntdg;cajcd-fntac;Times-Bold;Syntax;Syntax;Syntax;Syntax;Syntax;Syntax;Syntax;Syntax;Syntax;Syntax;Syntax;Syntax;Syntax;Syntax;Syntax;Syntax;Syntax;Syntax;Syntax;Syntax;Syntax;Syntax;Syntax;Syntax;Syntax;Syntax;Syntax;Syntax;Syntax;Syntax;Syntax;Syntax;Syntax;Syntax;Syntax;Syntax;Syntax;Syntax;Syntax;Syntax;Syntax;Syntax;Syntax;Syntax;Syntax;Syntax;Syntax;Syntax;Syntax;Syntax;Syntax;Syntax;Syntax;Syntax;Syntax;Syntax;Syntax;Syntax;Syntax;Syntax;Syntax;Syntax;Syntax;Syntax;Syntax;Syntax;Syntax;Syntax;Syntax;Syntax;Syntax;Syntax;Syntax;Syntax;Syntax;Syntax;Syntax;Syntax;Syntax;Syntax;Syntax;Syntax;Syntax;Syntax;Syntax;Syntax;Syntax;Syntax;Syntax;Syntax;Syntax;Syntax;Syntax;Syntax;Syntax;Syntax;Syntax;Syntax;Syntax;Syntax;Syntax;Syntax;Syntax;Syntax;Syntax;Syntax;Syntax;Syntax;Syntax;Syntax;Syntax;Syntax;Syntax;Syntax;Syntax;Syntax;Syntax;Syntax;Syntax;Syntax;Syntax;Syntax;Syntax;Syntax;Syntax;Syntax;Syntax;Syntax;Syntax;Syntax;Syntax;Syntax;Syntax;Syntax;Syntax;Syntax;Syntax;Syntax;Syntax;Syntax;Syntax;Syntax;Syntax;Syntax;Syntax;Syntax;Syntax;Syntax;Syntax;Syntax;Syntax;Syntax;Syntax;Syntax;Syntax;Syntax;Syntax;Syntax;Syntax;Syntax;Syntax;Syntax;Syntax;Syntax;Syntax;Syntax;Syntax;Syntax;Syntax;Syntax;Syntax;Syntax;Syntax;Syntax;Syntax;Syntax;Syntax;Syntax;Syntax;Syntax;Syntax;Syntax;Syntax;Syntax;Syntax;Syntax;Syntax;Syntax;Syntax;Syntax;Syntax;Syntax;Syntax;Syntax;Syntax;Syntax;Syntax;Syntax;Syntax;Syntax;Syntax;Syntax;Syntax;Syntax;Syntax;Syntax;Syntax;Syntax;Syntax;Syntax;Syntax;Syntax;Syntax;Syntax;Syntax;Syntax;Syntax;Syntax;Syntax;Syntax;Syntax;Syntax;Syntax;Syntax;Syntax;Syntax;Syntax;Syntax;Syntax;Syntax;Syntax;Syntax;Syntax;Syntax;Syntax;Syntax;Syntax;Syntax;Syntax;Syntax;Syntax;Syntax;Syntax;Syntax;Syntax;Syntax;Syntax;Syntax;Syntax;Syntax;Syntax;Syntax;Syntax;Syntax;Syntax;Syntax;Syntax;Syntax;Syntax;Syntax;Syntax;Syntax;Syntax;Syntax;Syntax;Syntax;Syntax;Syntax;Syntax;Syntax;Syntax;Syntax;Syntax;Syntax;Syntax;Syntax;Syntax;Syntax;Syntax;Syntax;Syntax;Syntax;Syntax;Syntax;Syntax;Syntax;Syntax;Syntax;Syntax;Syntax;Syntax;Syntax;Syntax;Syntax;Syntax;Syntax;Syntax;Syntax;Syntax;Syntax;Syntax;Syntax;Syntax;Syntax;Syntax;Syntax;Syntax;Syntax;Syntax;Syntax;Syntax;Syntax;Syntax;Syntax;Syntax;Syntax;Syntax;Syntax;Syntax;Syntax;Syntax;Syntax;Syntax;Syntax;Syntax;Syntax;Syntax;Syntax;Syntax;Syntax;Syntax;Syntax;Syntax;Syntax;Syntax;Syntax;Syntax;Syntax;Syntax;Syntax;Syntax;Syntax;Syntax;Syntax;Syntax;Syntax;Syntax;Syntax;Syntax;Syntax;Syntax;Syntax;Syntax;Syntax;Syntax;Syntax;Syntax;Syntax;Syntax;Syntax;Syntax;Syntax;Syntax;Syntax;Syntax;Syntax;Syntax;Syntax;Syntax;Syntax;Syntax;Syntax;Syntax;Syntax;Syntax;Syntax;Syntax;Syntax;Syntax;Syntax;Syntax;Syntax;Syntax;Syntax;Syntax;Syntax;Syntax;Syntax;Syntax;Syntax;Syntax;Syntax;Syntax;Syntax;Syntax;Syntax;Syntax;Syntax;Syntax;Syntax;Syntax;Syntax;Syntax;Syntax;Syntax;Syntax;Syntax;Syntax;Syntax;Syntax;Syntax;Syntax;Syntax;Syntax;Syntax;Syntax;Syntax;Syntax;Syntax;Syntax;Syntax;Syntax;Syntax;Syntax;Syntax;Syntax;Syntax;Syntax;Syntax;Syntax;Syntax;Syntax;Syntax;Syntax;Syntax;Syntax;Syntax;Syntax;Syntax;Syntax;Syntax;Syntax;Syntax;Syntax;Syntax;Syntax;Syntax;Syntax;Syntax;Syntax;Syntax;Syntax;Syntax;Syntax;Syntax;Syntax;Syntax;Syntax;Syntax;Syntax;Syntax;Syntax;Syntax;Syntax;Syntax;Syntax;Syntax;Syntax;Syntax;Syntax;Syntax;Syntax;Syntax;Syntax;Syntax;Syntax;Syntax;Syntax;Syntax;Syntax;Syntax;Syntax;Syntax;Syntax;Syntax;Syntax;Syntax;Syntax;Syntax;Syntax;Syntax;Syntax;Syntax;Syntax;Syntax;Syntax;Syntax;Syntax;Syntax;Syntax;Syntax;Syntax;Syntax;Syntax;Syntax;Syntax;Syntax;Syntax;Syntax;Syntax;Syntax;Syntax;Syntax;Syntax;Syntax;Syntax;Syntax;Syntax;Syntax;Syntax;Syntax;Syntax;Syntax;Syntax;Syntax;Syntax;Syntax;Syntax;Syntax;Syntax;Syntax;Syntax;Syntax;Syntax;Syntax;Syntax;Syntax;Syntax;Syntax;Syntax;Syntax;Syntax;Syntax;Syntax;Syntax;Syntax;Syntax;Syntax;Syntax;Syntax;Syntax;Syntax;Syntax;Syntax;Syntax;Syntax;Syntax;Syntax;Syntax;Syntax;Syntax;Syntax;Syntax;Syntax;Syntax;Syntax;Syntax;Syntax;Syntax;Syntax;Syntax;Syntax;Syntax;Syntax;Syntax;Syntax;Syntax;Syntax;Syntax;Syntax;Syntax;Syntax;Syntax;Syntax;Syntax;Syntax;Syntax;Syntax;Syntax;Syntax;Syntax;Syntax;Syntax;Syntax;Syntax;Syntax;Syntax;Syntax;Syntax;Syntax;Syntax;Syntax;Syntax;Syntax;Syntax;Syntax;Syntax;Syntax;Syntax;Syntax;Syntax;Syntax;Syntax;Syntax;Syntax;Syntax;Syntax;Syntax;Syntax;Syntax;Syntax;Syntax;Syntax;Syntax;Syntax;Syntax;Syntax;Syntax;Syntax;Syntax;Syntax;Syntax;Syntax;Syntax;Syntax;Syntax;Syntax;Syntax;Syntax;Syntax;Syntax;Syntax;Syntax;Syntax;Syntax;Syntax;Syntax;Syntax;Syntax;Syntax;Syntax;Syntax;Syntax;Syntax;Syntax;Syntax;Syntax;Syntax;Syntax;Syntax;Syntax;Syntax;Syntax;Syntax;Syntax;Syntax;Syntax;Syntax;Syntax;Syntax;Syntax;Syntax;Syntax;Syntax;Syntax;Syntax;Syntax;Syntax;Syntax;Syntax;Syntax;Syntax;Syntax;Syntax;Syntax;Syntax;Syntax;Syntax;Syntax;Syntax;Syntax;Syntax;Syntax;Syntax;Syntax;Syntax;Syntax;Syntax;Syntax;Syntax;Syntax;Syntax;Syntax;Syntax;Syntax;Syntax;Syntax;Syntax;Syntax;Syntax;Syntax;Syntax;Syntax;Syntax;Syntax;Syntax;Syntax;Syntax;Syntax;Syntax;Syntax;Syntax;Syntax;Syntax;Syntax;Syntax;Syntax;Syntax;Syntax;Syntax;Syntax;Syntax;Syntax;Syntax;Syntax;Syntax;Syntax;Syntax;Syntax;Syntax;Syntax;Syntax;Syntax;Syntax;Syntax;Syntax;Syntax;Syntax;Syntax;Syntax;Syntax;Syntax;Syntax;Syntax;Syntax;Syntax;Syntax;Syntax;Syntax;Syntax;Syntax;Syntax;Syntax;Syntax;Syntax;Syntax;Syntax;Syntax;Syntax;Syntax;Syntax;Syntax;Syntax;Syntax;Syntax;Syntax;Syntax;Syntax;Syntax;Syntax;Syntax;Syntax;Syntax;Syntax;Syntax;Syntax;Syntax;Syntax;Syntax;Syntax;Syntax;Syntax;Syntax;Syntax;Syntax;Syntax;Syntax;Syntax;Syntax;Syntax;Syntax;Syntax;Syntax;Syntax;Syntax;Syntax;Syntax;Syntax;Syntax;Syntax;Syntax;Syntax;Syntax;Syntax;Syntax;Syntax;Syntax;Syntax;Syntax;Syntax;Syntax;Syntax;Syntax;Syntax;Syntax;Syntax;Syntax;Syntax;Syntax;Syntax;Syntax;Syntax;Syntax;Syntax;Syntax;Syntax;Syntax;Syntax;Syntax;Syntax;Syntax;Syntax;Syntax;Syntax;Syntax;Syntax;Syntax;Syntax;Syntax;Syntax;Syntax;Syntax;Syntax;Syntax;Syntax;Syntax;Syntax;Syntax;Syntax;Syntax;Syntax;Syntax;Syntax;Syntax;Syntax;Syntax;Syntax;Syntax;Syntax;Syntax;Syntax;Syntax;Syntax;Syntax;Syntax;Syntax;Syntax;Syntax;Syntax;Syntax;Syntax;Syntax;Syntax;Syntax;Syntax;Syntax;Syntax;Syntax;Syntax;Syntax;Syntax;Syntax;Syntax;Syntax;Syntax;Syntax;Syntax;Syntax;Syntax;Syntax;Syntax;Syntax;Syntax;Syntax;Syntax;Syntax;Syntax;Syntax;Syntax;Syntax;Syntax;Syntax;Syntax;Syntax;Syntax;Syntax;Syntax;Syntax;Syntax;Syntax;Syntax;Syntax;Syntax;Syntax;Syntax;Syntax;Syntax;Syntax;Syntax;Syntax;Syntax;Syntax;Syntax;Syntax;Syntax;Syntax;Syntax;Syntax;Syntax;Syntax;Syntax;Syntax;Syntax;Syntax;Syntax;Syntax;Syntax;Syntax;Syntax;Syntax;Syntax;Syntax;Syntax;Syntax;Syntax;Syntax;Syntax;Syntax;Syntax;Syntax;Syntax;Syntax;Syntax;Syntax;Syntax;Syntax;Syntax;Syntax;Syntax;Syntax;Syntax;Syntax;Syntax;Syntax;Syntax;Syntax;Syntax;Syntax;Syntax;Syntax;Syntax;Syntax;Syntax;Syntax;Syntax;Syntax;Syntax;Syntax;Syntax;Syntax;Syntax;Syntax;Syntax;Syntax;Syntax;Syntax;Syntax;Syntax;Syntax;Syntax;Syntax;Syntax;Syntax;Syntax;Syntax;Syntax;Syntax;Syntax;Syntax;Syntax;Syntax;Syntax;Syntax;Syntax;Syntax;Syntax;Syntax;Syntax;Syntax;Syntax;Syntax;Syntax;Syntax;Syntax;Syntax;Syntax;Syntax;Syntax;Syntax;Syntax;Syntax;Syntax;Syntax;Syntax;Syntax;Syntax;Syntax;Syntax;Syntax;Syntax;Syntax;Syntax;Syntax;Syntax;Syntax;Syntax;Syntax;Syntax;Syntax;Syntax;Syntax;Syntax;Syntax;Syntax;Syntax;Syntax;Syntax;Syntax;Syntax;Syntax;Syntax;Syntax;Syntax;Syntax;Syntax;Syntax;Syntax;Syntax;Syntax;Syntax;Syntax;Syntax;Syntax;Syntax;Syntax;Syntax;Syntax;Syntax;Syntax;Syntax,0,0,13.918,13.547,14.019,,True,1,2001年数学建模国赛真题+优秀论文/2001年国赛优秀论文/2001B：公交车调度问题的数学模型.pdf,primary,F983E991091A5AE70734083C0935DBBCC957F00DF44C6D3982D044A766A0ED53,F983E991091A5AE70734083C0935DBBCC957F00DF44C6D3982D044A766A0ED53,active,0,1488,1,unknown,J OU RNAL O F EN GIN EERIN G MA THEMA TICS,16.792,16.792,16.792,2026-08-18T00:06:15+08:00,176.0361111111111,499.0,2001
,,unknown,unknown,,,,2026-08-18T00:06:15+08:00,,0,0,,,0,,FORMAL,INELIGIBLE,UNKNOWN,PROBLEM_PACKAGE,,,,,catalog/papers.csv; catalog/paper_files.csv; catalog/scale/g8_paper_status.csv,unknown,,,,0,,,,,,No analyzable PAPER PDF selected; identity retained in full corpus inventory.,UNKNOWN,,,,,,,,CUMCM-2013-A-002,,NOT_ANALYZED,A,A,,,,,,,,True,1,2013年数学建模国赛真题+优秀论文/2013年国赛A题.doc,primary,77B0B76C1C041470790FBCC0B35700952FF4729D3D44CD8A6B9D686A6F1CA70F,77B0B76C1C041470790FBCC0B35700952FF4729D3D44CD8A6B9D686A6F1CA70F,active,,,0,unknown,,,,,2026-08-18T00:06:15+08:00,,,2013
,,unknown,unknown,,,,2026-08-18T00:06:15+08:00,,0,0,,,0,,FORMAL,INELIGIBLE,,PROBLEM_PACKAGE,,,,,catalog/papers.csv; catalog/paper_files.csv; catalog/scale/g8_paper_status.csv,unknown,,,,0,,,,,,No analyzable PAPER PDF selected; identity retained in full corpus inventory.,UNKNOWN,,,,,,,,CUMCM-2012-C-002,,NOT_ANALYZED,C,C,,,,,,,,True,1,2012年数学建模国赛真题+优秀论文/2012年赛题/2012年国赛C题提示.doc,primary,B841FB57EC20155FC0F9C195C3384C8921B6189B5C5EC929C017FC02124EE6C7,B841FB57EC20155FC0F9C195C3384C8921B6189B5C5EC929C017FC02124EE6C7,active,,,0,unknown,,,,,2026-08-18T00:06:15+08:00,,,2012
1,1,unknown,unknown,22.251,22.251,22.251,2026-08-18T00:06:15+08:00,Arial;Calibri;Cambria;Helvetica;KaiTi;SimSun/Song;Times New Roman,1,1,229,1,1,0,FORMAL,COMPLETE,Q2,PAPER,0,0,297.1270833333333,842.25,catalog/papers.csv; catalog/paper_files.csv; catalog/scale/g8_paper_status.csv,unknown,True,0,1,1,25.964,25.964,25.964,18,False,,PORTRAIT,19,,BOTTOM,1,,,,CUMCM-2008-B-009,1.0,text_based,B,B,------------------------------------;Arial;ABCDEE+Cambria;ABCDEE+Calibri;Arial;ABCDEE+Cambria;SimSun;KaiTi;Times;ABCDEE+Cambria;Times;Helvetica,127,1,-64.64,-64.64,-64.64,,True,1,2008年数学建模国赛真题+优秀论文/2008年优秀论文/2008B：《高等教育学费标准探讨》 (3).pdf,primary,91454BF12F28EDF3E290E286F9A975680480265C4AE11933D4DF9A7398BB61D8,91454BF12F28EDF3E290E286F9A975680480265C4AE11933D4DF9A7398BB61D8,active,4,1582,1,unknown,高等教育学费标准探讨 | 1.摘要,27.677,26.156,29.394,2026-08-18T00:06:15+08:00,210.07916666666665,595.5,2008
0,0,unknown,unknown,16.581,16.439,17.992,2026-08-18T00:06:15+08:00,KaiTi;SimSun/Song;Syntax;Times New Roman;cajcd-fntaa;cajcd-fntbd;cajcd-fntlt,1,1,558,0,1,1,FORMAL,COMPLETE,Q2,PAPER,0,1,248.70833333333334,705.0,catalog/papers.csv; catalog/paper_files.csv; catalog/scale/g8_paper_status.csv,unknown,False,0,0,1,12.594,12.347,12.806,5,False,,PORTRAIT,6,,BOTTOM,1,,,,CUMCM-2000-B-007,1.0,text_based,B,B,------------------------------------;STSong-Light;Times-Roman;cajcd-fntaa;Times-Bold;KaiTi;Times-Italic;cajcd-fntbd;cajcd-fntlt;Syntax;Syntax;Syntax;Syntax;Syntax;Syntax;Syntax;Syntax;Syntax;Syntax;Syntax;Syntax;Syntax;Syntax;Syntax;Syntax;Syntax;Syntax;Syntax;Syntax;Syntax;Syntax;Syntax;Syntax;Syntax;Syntax;Syntax;Syntax;Syntax;Syntax;Syntax;Syntax;Syntax;Syntax;Syntax;Syntax;Syntax;Syntax;Syntax;Syntax;Syntax;Syntax;Syntax;Syntax;Syntax;Syntax;Syntax;Syntax;Syntax;Syntax;Syntax;Syntax;Syntax;Syntax;Syntax;Syntax;Syntax;Syntax;Syntax;Syntax;Syntax;Syntax;Syntax;Syntax;Syntax;Syntax;Syntax;Syntax;Syntax;Syntax;Syntax;Syntax;Syntax;Syntax;Syntax;Syntax;Syntax;Syntax;Syntax;Syntax;Syntax;Syntax;Syntax;Syntax;Syntax;Syntax;Syntax;Syntax;Syntax;Syntax;Syntax;Syntax;Syntax;Syntax;Syntax;Syntax;Syntax;Syntax;Syntax;Syntax;Syntax;Syntax;Syntax;Syntax;Syntax;Syntax;Syntax;Syntax;Syntax;Syntax;Syntax;Syntax;Syntax;Syntax;Syntax;Syntax;Syntax;Syntax;Syntax;Syntax;Syntax;Syntax;Syntax;Syntax;Syntax;Syntax;Syntax;Syntax;Syntax;Syntax;Syntax;Syntax;Syntax;Syntax;Syntax;Syntax;Syntax;Syntax;Syntax;Syntax;Syntax;Syntax;Syntax;Syntax;Syntax;Syntax;Syntax;Syntax;Syntax;Syntax;Syntax;Syntax;Syntax;Syntax;Syntax;Syntax;Syntax;Syntax;Syntax;Syntax;Syntax;Syntax;Syntax;Syntax;Syntax;Syntax;Syntax;Syntax;Syntax;Syntax;Syntax;Syntax;Syntax;Syntax;Syntax;Syntax;Syntax;Syntax;Syntax;Syntax;Syntax;Syntax;Syntax;Syntax;Syntax;Syntax;Syntax;Syntax;Syntax;Syntax;Syntax;Syntax;Syntax;Syntax;Syntax;Syntax;Syntax;Syntax;Syntax;Syntax;Syntax;Syntax;Syntax;Syntax;Syntax;Syntax;Syntax;Syntax;Syntax;Syntax;Syntax;Syntax;Syntax;Syntax;Syntax;Syntax;Syntax;Syntax;Syntax;Syntax;Syntax;Syntax;Syntax;Syntax;Syntax;Syntax;Syntax;Syntax;Syntax;Syntax;Syntax;Syntax;Syntax;Syntax;Syntax;Syntax;Syntax;Syntax;Syntax;Syntax;Syntax;Syntax;Syntax;Syntax;Syntax;Syntax;Syntax;Syntax;Syntax;Syntax;Syntax;Syntax;Syntax;Syntax;Syntax;Syntax;Syntax;Syntax;Syntax;Syntax;Syntax;Syntax;Syntax;Syntax;Syntax;Syntax;Syntax;Syntax;Syntax;Syntax;Syntax;Syntax;Syntax;Syntax;Syntax;Syntax;Syntax;Syntax;Syntax;Syntax;Syntax;Syntax;Syntax;Syntax;Syntax;Syntax;Syntax;Syntax;Syntax;Syntax;Syntax;Syntax;Syntax;Syntax;Syntax;Syntax;Syntax;Syntax;Syntax;Syntax;Syntax;Syntax;Syntax;Syntax;Syntax;Syntax;Syntax;Syntax;Syntax;Syntax;Syntax;Syntax;Syntax;Syntax;Syntax;Syntax;Syntax;Syntax;Syntax;Syntax;Syntax;Syntax;Syntax;Syntax;Syntax;Syntax;Syntax;Syntax;Syntax;Syntax;Syntax;Syntax;Syntax;Syntax;Syntax;Syntax;Syntax;Syntax;Syntax;Syntax;Syntax;Syntax;Syntax;Syntax;Syntax;Syntax;Syntax;Syntax;Syntax;Syntax;Syntax;Syntax;Syntax;Syntax;Syntax;Syntax;Syntax;Syntax;Syntax;Syntax;Syntax;Syntax;Syntax;Syntax;Syntax;Syntax;Syntax;Syntax;Syntax;Syntax;Syntax;Syntax;Syntax;Syntax;Syntax;Syntax;Syntax;Syntax;Syntax;Syntax;Syntax;Syntax;Syntax;Syntax;Syntax;Syntax;Syntax;Syntax;Syntax;Syntax;Syntax;Syntax;Syntax;Syntax;Syntax;Syntax;Syntax;Syntax;Syntax;Syntax;Syntax;Syntax;Syntax;Syntax;Syntax;Syntax;Syntax;Syntax;Syntax;Syntax;Syntax;Syntax;Syntax;Syntax;Syntax;Syntax;Syntax;Syntax;Syntax;Syntax;Syntax;Syntax;Syntax;Syntax;Syntax;Syntax;Syntax;Syntax;Syntax;Syntax;Syntax;Syntax;Syntax;Syntax;Syntax;Syntax;Syntax;Syntax;Syntax;Syntax;Syntax;Syntax;Syntax;Syntax;Syntax;Syntax;Syntax;Syntax;Syntax;Syntax;Syntax;Syntax;Syntax;Syntax;Syntax;Syntax;Syntax;Syntax;Syntax;Syntax;Syntax;Syntax;Syntax;Syntax;Syntax;Syntax;Syntax;Syntax;Syntax;Syntax;Syntax;Syntax;Syntax;Syntax;Syntax;Syntax;Syntax;Syntax;Syntax;Syntax;Syntax;Syntax;Syntax;Syntax;Syntax;Syntax;Syntax;Syntax;Syntax;Syntax;Syntax;Syntax;Syntax;Syntax;Syntax;Syntax;Syntax;Syntax;Syntax;Syntax;Syntax;Syntax;Syntax;Syntax;Syntax;Syntax;Syntax;Syntax;Syntax;Syntax;Syntax;Syntax;Syntax;Syntax;Syntax;Syntax;Syntax;Syntax;Syntax;Syntax;Syntax;Syntax;Syntax;Syntax;Syntax;Syntax;Syntax;Syntax;Syntax;Syntax;Syntax;Syntax;Syntax;Syntax;Syntax;Syntax;Syntax;Syntax;Syntax;Syntax;Syntax;Syntax;Syntax;Syntax;Syntax;Syntax;Syntax;Syntax;Syntax;Syntax;Syntax;Syntax;Syntax;Syntax;Syntax;Syntax;Syntax;Syntax;Syntax;Syntax;Syntax;Syntax;Syntax;Syntax;Syntax;Syntax;Syntax;Syntax;Syntax;Syntax;Syntax;Syntax;Syntax;Syntax;Syntax;Syntax;Syntax;Syntax;Syntax;Syntax;Syntax;Syntax;Syntax;Syntax;Syntax;Syntax;Syntax;Syntax;Syntax;Syntax;Syntax;Syntax;Syntax;Syntax;Syntax;Syntax;Syntax;Syntax;Syntax;Syntax;Syntax;Syntax;Syntax;Syntax;Syntax;Syntax;Syntax;Syntax;Syntax;Syntax;Syntax;Syntax;Syntax;Syntax;Syntax;Syntax;Syntax;Syntax;Syntax;Syntax;Syntax;Syntax;Syntax;Syntax;Syntax;Syntax;Syntax;Syntax;Syntax;Syntax;Syntax;Syntax;Syntax;Syntax;Syntax;Syntax;Syntax;Syntax;Syntax;Syntax;Syntax;Syntax;Syntax;Syntax;Syntax;Syntax;Syntax;Syntax;Syntax;Syntax;Syntax;Syntax;Syntax;Syntax;Syntax;Syntax;Syntax;Syntax;Syntax;Syntax;Syntax;Syntax;Syntax;Syntax;Syntax;Syntax;Syntax;Syntax;Syntax;Syntax;Syntax;Syntax;Syntax;Syntax;Syntax;Syntax;Syntax;Syntax;Syntax;Syntax;Syntax;Syntax;Syntax;Syntax;Syntax;Syntax;Syntax;Syntax;Syntax;Syntax;Syntax;Syntax;Syntax;Syntax;Syntax;Syntax;Syntax;Syntax;Syntax;Syntax;Syntax;Syntax;Syntax;Syntax;Syntax;Syntax;Syntax;Syntax;Syntax;Syntax;Syntax;Syntax;Syntax;Syntax;Syntax;Syntax;Syntax;Syntax;Syntax;Syntax;Syntax;Syntax;Syntax;Syntax;Syntax;Syntax;Syntax;Syntax;Syntax;Syntax;Syntax;Syntax;Syntax;Syntax;Syntax;Syntax;Syntax;Syntax;Syntax;Syntax;Syntax;Syntax;Syntax;Syntax;Syntax;Syntax;Syntax;Syntax;Syntax;Syntax;Syntax;Syntax;Syntax;Syntax;Syntax;Syntax;Syntax;Syntax;Syntax;Syntax;Syntax;Syntax;Syntax;Syntax;Syntax;Syntax;Syntax;Syntax;Syntax;Syntax;Syntax;Syntax;Syntax;Syntax;Syntax;Syntax;Syntax;Syntax;Syntax;Syntax;Syntax;Syntax;Syntax;Syntax;Syntax;Syntax;Syntax;Syntax;Syntax;Syntax;Syntax;Syntax;Syntax;Syntax;Syntax;Syntax;Syntax;Syntax;Syntax;Syntax;Syntax;Syntax;Syntax;Syntax;Syntax;Syntax;Syntax;Syntax;Syntax;Syntax;Syntax;Syntax;Syntax;Syntax;Syntax;Syntax;Syntax;Syntax;Syntax;Syntax;Syntax;Syntax;Syntax;Syntax;Syntax;Syntax;Syntax;Syntax;Syntax;Syntax;Syntax;Syntax;Syntax;Syntax;Syntax;Syntax;Syntax;Syntax;Syntax;Syntax;Syntax;Syntax;Syntax;Syntax;Syntax;Syntax;Syntax;Syntax;Syntax;Syntax;Syntax;Syntax;Syntax;Syntax;Syntax;Syntax;Syntax;Syntax;Syntax;Syntax;Syntax;Syntax;Syntax;Syntax;Syntax;Syntax;Syntax;Syntax;Syntax;Syntax;Syntax;Syntax;Syntax;Syntax;Syntax;Syntax;Syntax;Syntax;Syntax;Syntax;Syntax;Syntax;Syntax;Syntax;Syntax;Syntax;Syntax;Syntax;Syntax;Syntax;Syntax;Syntax;Syntax;Syntax;Syntax;Syntax;Syntax;Syntax;Syntax;Syntax;Syntax;Syntax;Syntax;Syntax;Syntax;Syntax;Syntax;Syntax;Syntax;Syntax;Syntax;Syntax;Syntax;Syntax;Syntax;Syntax;Syntax;Syntax;Syntax;Syntax;Syntax;Syntax;Syntax;Syntax;Syntax;Syntax;Syntax;Syntax;Syntax;Syntax;Syntax;Syntax;Syntax;Syntax;Syntax;Syntax;Syntax;Syntax;Syntax;Syntax;Syntax;Syntax;Syntax;Syntax;Syntax;Syntax;Syntax;Syntax;Syntax;Syntax;Syntax;Syntax;Syntax;Syntax;Syntax;Syntax;Syntax;Syntax;Syntax;Syntax;Syntax;Syntax;Syntax;Syntax;Syntax;Syntax;Syntax;Syntax;Syntax;Syntax;Syntax;Syntax;Syntax;Syntax;Syntax;Syntax;Syntax;Syntax;Syntax;Syntax;Syntax;Syntax;Syntax;Syntax;Syntax;Syntax;Syntax;Syntax;Syntax;Syntax;Syntax;Syntax;Syntax;Syntax;Syntax;Syntax;Syntax;Syntax;Syntax;Syntax;Syntax;Syntax;Syntax;Syntax;Syntax;Syntax;Syntax;Syntax;Syntax;Syntax;Syntax;Syntax;Syntax;Syntax;Syntax;Syntax;Syntax;Syntax;Syntax;Syntax;Syntax;Syntax;Syntax;Syntax;Syntax;Syntax;Syntax;Syntax;Syntax;Syntax;Syntax;Syntax;Syntax;Syntax;Syntax;Syntax;Syntax;Syntax;Syntax;Syntax;Syntax;Syntax;Syntax;Syntax;Syntax;Syntax;Syntax;Syntax;Syntax;Syntax;Syntax;Syntax;Syntax;Syntax;Syntax;Syntax;Syntax;Syntax;Syntax;Syntax;Syntax;Syntax;Syntax;Syntax;Syntax;Syntax;Syntax;Syntax;Syntax;Syntax;Syntax;Syntax;Syntax;Syntax;Syntax;Syntax;Syntax;Syntax;Syntax;Syntax;Syntax;Syntax;Syntax;Syntax,24,0,10.125,10.125,10.16,,True,1,2000年数学建模国赛真题+优秀论文/2000年国赛优秀论文/2000B：一类运输问题的建模1.pdf,primary,2F646E3328A2AE7A98AAF84EB23BC9105A588A25EFF75C4E7F04FD8ABAB23E7A,2F646E3328A2AE7A98AAF84EB23BC9105A588A25EFF75C4E7F04FD8ABAB23E7A,active,0,1434,1,unknown,M A TH EM A T ICSINPRA CT ICE ANDTH EO R Y | The O rder and Tran sporta tion of P ipel ines,14.146,14.146,14.146,2026-08-18T00:06:15+08:00,167.56944444444446,475.0,2000
,,unknown,unknown,,,,2026-08-18T00:06:15+08:00,,0,0,,,0,,FORMAL,INELIGIBLE,,PROBLEM_PACKAGE,,,,,catalog/papers.csv; catalog/paper_files.csv; catalog/scale/g8_paper_status.csv,unknown,,,,0,,,,,,No analyzable PAPER PDF selected; identity retained in full corpus inventory.,UNKNOWN,,,,,,,,CUMCM-2013-B-002,,NOT_ANALYZED,B,B,,,,,,,,True,1,2013年数学建模国赛真题+优秀论文/2013年国赛B题.doc,primary,AE7472B084C004862D31678DB00601D395372917142AC92565450A84CD72B125,AE7472B084C004862D31678DB00601D395372917142AC92565450A84CD72B125,active,,,0,unknown,,,,,2026-08-18T00:06:15+08:00,,,2013
1,1,unknown,unknown,22.233,22.233,22.233,2026-08-18T00:06:15+08:00,Calibri;KaiTi;Symbol;Times New Roman;Verdana,1,1,38,10,1,0,FORMAL,COMPLETE,Q2,PAPER,0,0,297.0106666666666,841.92,catalog/papers.csv; catalog/paper_files.csv; catalog/scale/g8_paper_status.csv,unknown,True,0,1,1,31.758,31.758,38.116,27,False,,PORTRAIT,28,,BOTTOM,1,,,,CUMCM-2018-D-003,1.0,text_based,D,D,------------------------------------;ABCDEE+Calibri;KaiTi;ABCDEE+Verdana;Times;Times;Symbol,33,1,31.757,31.672,37.196,,True,1,2018年数学建模国赛真题+优秀论文/2018年优秀论文/2018D：汽车总装线配置方案.pdf,primary,C0E72628B5A316E06775A381F15293B26D0888D5676F16BC17FB051E5307E992,C0E72628B5A316E06775A381F15293B26D0888D5676F16BC17FB051E5307E992,active,14,4533,1,unknown,汽车总装线配置方案 | 配置、动力、驱动、颜色、以及喷涂线六个方面，并运用 EXCEL 表格制定出较优,25.866,25.633,27.728,2026-08-18T00:06:15+08:00,210.01566666666668,595.32,2018
,,unknown,unknown,,,,2026-08-18T00:06:15+08:00,,0,0,,,0,,FORMAL,INELIGIBLE,,SUPPORTING_MATERIAL,,,,,catalog/papers.csv; catalog/paper_files.csv; catalog/scale/g8_paper_status.csv,unknown,,,,0,,,,,,No analyzable PAPER PDF selected; identity retained in full corpus inventory.,UNKNOWN,,,,,,,,CUMCM-2011-D-027,,NOT_ANALYZED,D,D,,,,,,,,True,1,2011年数学建模国赛真题+优秀论文/2011年优秀论文/2011D：天然肠衣搭配问题(1)/规格2步骤21.lg4,primary,E4F27DE3DCC77D9991DB2E53C9FAD9BC32329EA6D49568F0933976A46D7A28C9,E4F27DE3DCC77D9991DB2E53C9FAD9BC32329EA6D49568F0933976A46D7A28C9,active,,,0,unknown,,,,,2026-08-18T00:06:15+08:00,,,2011
,,unknown,unknown,,,,2026-08-18T00:06:15+08:00,,0,0,,,0,,FORMAL,INELIGIBLE,,SUPPORTING_MATERIAL,,,,,catalog/papers.csv; catalog/paper_files.csv; catalog/scale/g8_paper_status.csv,unknown,,,,0,,,,,,No analyzable PAPER PDF selected; identity retained in full corpus inventory.,UNKNOWN,,,,,,,,CUMCM-2014-C-006,,NOT_ANALYZED,C,C,,,,,,,,True,1,2014年数学建模国赛真题+优秀论文/2014优秀论文/2014C：生猪养殖场经营管理的研究 (2)/模型一.nb,primary,245D600C4303A09D52B2B3DD94BA0C774E55048B4B07E9D726EEF153954E8B69,245D600C4303A09D52B2B3DD94BA0C774E55048B4B07E9D726EEF153954E8B69,active,,,0,unknown,,,,,2026-08-18T00:06:15+08:00,,,2014
,,unknown,unknown,,,,2026-08-18T00:06:15+08:00,,0,0,,,0,,FORMAL,COMPLETE,UNKNOWN,PAPER,,,,,catalog/papers.csv; catalog/paper_files.csv; catalog/scale/g8_paper_status.csv,unknown,,,,0,,,,,,No analyzable PAPER PDF selected; identity retained in full corpus inventory.,UNKNOWN,,,,,,,,CUMCM-2012-B-005,,NOT_ANALYZED,B,B,,,,,,,,True,1,2012年数学建模国赛真题+优秀论文/2012年优秀论文/2012B：太阳能小屋的设计 (5)/基于递归算法的建筑外表面光伏电池布局优化分析与设计.doc,primary,4357F1EB1DA91D0C65923D25AB6218F234C9F123A221DED8EE6318ECEC53CC05,4357F1EB1DA91D0C65923D25AB6218F234C9F123A221DED8EE6318ECEC53CC05,active,,,0,unknown,,,,,2026-08-18T00:06:15+08:00,,,2012
,,unknown,unknown,,,,2026-08-18T00:06:15+08:00,,0,0,,,0,,FORMAL,INELIGIBLE,,PROBLEM_PACKAGE,,,,,catalog/papers.csv; catalog/paper_files.csv; catalog/scale/g8_paper_status.csv,unknown,,,,0,,,,,,No analyzable PAPER PDF selected; identity retained in full corpus inventory.,UNKNOWN,,,,,,,,CUMCM-2009-D-001,,NOT_ANALYZED,D,D,,,,,,,,True,1,2009年数学建模国赛真题+优秀论文/2009年赛题/2009年国赛D题.doc,primary,D93C170152DD47A581E2D91246BCD744CBADA715EAE692E44FDB01D80D039488,D93C170152DD47A581E2D91246BCD744CBADA715EAE692E44FDB01D80D039488,active,,,0,unknown,,,,,2026-08-18T00:06:15+08:00,,,2009
1,1,unknown,unknown,18.084,18.084,18.084,2026-08-18T00:06:15+08:00,EuclidExtra-Identity-H;KaiTi;MT-Extra-Identity-H;Monospace;SimHei;SimSun/Song;SymbolMT-Identity-H;Times New Roman,1,1,545,17,1,1,FORMAL,COMPLETE,Q2,PAPER,0,0,297.00361111111107,841.9,catalog/papers.csv; catalog/paper_files.csv; catalog/scale/g8_paper_status.csv,unknown,True,0,1,1,23.953,19.156,25.033,24,False,,PORTRAIT,25,,BOTTOM,1,,,,CUMCM-2010-B-003,1.0,text_based,B,B,------------------------------------;LVEBYE+SimSun-Identity-H;ZCJQAF+TimesNewRomanPSMT-Identity-H;TVTDQG+TimesNewRomanPS-BoldMT-Identity-H;KaiTi;OCXOAO+SimHei-Identity-H;JMRVKC+TimesNewRomanPS-ItalicMT-Identity-H;UALGRB+EuclidExtra-Identity-H;IEILVU+SymbolMT-Identity-H;TSHYXY+MT-Extra-Identity-H;FMNFOP+SymbolMT-Identity-H;BWVHPB+SimHei-Identity-H;VYMSUK+CourierNewPSMT-Identity-H,77,1,23.024,21.415,24.867,,True,1,2010年数学建模国赛真题+优秀论文/2010年优秀论文/2010B：对上海世博会文化影响力的定量评估.pdf,primary,1ED4643567C104D6041EEB982EE6848A57D779DDB9BC319424E82BA6E95AD764,1ED4643567C104D6041EEB982EE6848A57D779DDB9BC319424E82BA6E95AD764,active,11,3601,1,unknown,,25.287,24.588,26.155,2026-08-18T00:06:15+08:00,210.00861111111107,595.3,2010
,,unknown,unknown,,,,2026-08-18T00:06:15+08:00,,0,0,,,0,,FORMAL,INELIGIBLE,,PROBLEM_PACKAGE,,,,,catalog/papers.csv; catalog/paper_files.csv; catalog/scale/g8_paper_status.csv,unknown,,,,0,,,,,,No analyzable PAPER PDF selected; identity retained in full corpus inventory.,UNKNOWN,,,,,,,,CUMCM-2023-D-001,,NOT_ANALYZED,D,D,,,,,,,,True,1,2023年数学建模国赛真题+优秀论文/2023赛题/D题.pdf,primary,84BECDE14B9888994B23BFF923DB0C077733E8BAE330958A45A82785058B2CD0,84BECDE14B9888994B23BFF923DB0C077733E8BAE330958A45A82785058B2CD0,active,,,0,unknown,,,,,2026-08-18T00:06:15+08:00,,,2023
,,unknown,unknown,,,,2026-08-18T00:06:15+08:00,,0,0,,,0,,FORMAL,INELIGIBLE,,PROBLEM_PACKAGE,,,,,catalog/papers.csv; catalog/paper_files.csv; catalog/scale/g8_paper_status.csv,unknown,,,,0,,,,,,No analyzable PAPER PDF selected; identity retained in full corpus inventory.,UNKNOWN,,,,,,,,CUMCM-2005-C-003,,NOT_ANALYZED,C,C,,,,,,,,True,1,2005年数学建模国赛真题+优秀论文/2005年赛题/2005年国赛C题.doc,primary,BB8BCB8677F41F31C37BD1717BB8B076331ECC2BA90AA28592D0792E7AFE3B78,BB8BCB8677F41F31C37BD1717BB8B076331ECC2BA90AA28592D0792E7AFE3B78,active,,,0,unknown,,,,,2026-08-18T00:06:15+08:00,,,2005
0,0,unknown,unknown,,,,2026-08-18T00:06:15+08:00,Times New Roman,1,1,0,0,1,0,FORMAL,COMPLETE,Q2,PAPER,0,1,259.9266666666666,736.8,catalog/papers.csv; catalog/paper_files.csv; catalog/scale/g8_paper_status.csv,unknown,False,0,0,1,,,,0,False,,PORTRAIT,6,,UNKNOWN,0,,,,CUMCM-2005-A-002,1.0,text_based,A,A,------------------------------------;Times-Roman,0,0,,,,,True,1,2005年数学建模国赛真题+优秀论文/2005年国赛优秀论文/2005A：基于回归分析的长江水质预测与控制.pdf,primary,57A42DA17752D25A81D08F67DB6C47AC5EB3EE26FB6F77EBD3952C5A6CAF2D4D,57A42DA17752D25A81D08F67DB6C47AC5EB3EE26FB6F77EBD3952C5A6CAF2D4D,active,0,24,1,unknown,,,,,2026-08-18T00:06:15+08:00,200.4906666666667,568.32,2005
0,0,unknown,unknown,28.646,27.234,30.057,2026-08-18T00:06:15+08:00,KaiTi;SimSun/Song;Syntax;Times New Roman;cajcd-fntaa,1,1,100,0,1,1,FORMAL,COMPLETE,Q2,PAPER,0,1,248.70833333333334,705.0,catalog/papers.csv; catalog/paper_files.csv; catalog/scale/g8_paper_status.csv,unknown,False,0,0,1,12.912,12.912,12.912,2,False,,PORTRAIT,3,,TOP,1,,,,CUMCM-2000-D-002,1.0,text_based,D,D,------------------------------------;STSong-Light;Times-Roman;cajcd-fntaa;Times-Bold;Times-Italic;KaiTi;Times-Italic;Syntax;Syntax;Syntax;Syntax;Syntax;Syntax;Syntax;Syntax;Syntax;Syntax;Syntax;Syntax;Syntax;Syntax;Syntax;Syntax;Syntax;Syntax;Syntax;Syntax;Syntax;Syntax;Syntax;Syntax;Syntax;Syntax;Syntax;Syntax;Syntax;Syntax;Syntax;Syntax;Syntax;Syntax;Syntax;Syntax;Syntax;Syntax;Syntax;Syntax;Syntax;Syntax;Syntax;Syntax;Syntax;Syntax;Syntax;Syntax;Syntax;Syntax;Syntax;Syntax;Syntax;Syntax;Syntax;Syntax;Syntax;Syntax;Syntax;Syntax;Syntax;Syntax;Syntax;Syntax;Syntax;Syntax;Syntax;Syntax;Syntax;Syntax;Syntax;Syntax;Syntax;Syntax;Syntax;Syntax;Syntax;Syntax;Syntax;Syntax;Syntax;Syntax;Syntax;Syntax;Syntax;Syntax;Syntax;Syntax;Syntax;Syntax;Syntax;Syntax;Syntax;Syntax;Syntax;Syntax;Syntax;Syntax;Syntax;Syntax;Syntax;Syntax;Syntax;Syntax;Syntax;Syntax;Syntax;Syntax;Syntax;Syntax;Syntax;Syntax;Syntax;Syntax;Syntax;Syntax;Syntax;Syntax;Syntax;Syntax;Syntax;Syntax;Syntax;Syntax;Syntax;Syntax;Syntax;Syntax;Syntax;Syntax;Syntax;Syntax;Syntax;Syntax;Syntax;Syntax;Syntax;Syntax;Syntax;Syntax;Syntax;Syntax;Syntax;Syntax;Syntax;Syntax;Syntax;Syntax;Syntax;Syntax;Syntax;Syntax;Syntax;Syntax;Syntax;Syntax;Syntax;Syntax;Syntax;Syntax;Syntax;Syntax;Syntax;Syntax;Syntax;Syntax;Syntax;Syntax;Syntax;Syntax;Syntax;Syntax;Syntax;Syntax;Syntax;Syntax;Syntax;Syntax;Syntax;Syntax;Syntax;Syntax;Syntax;Syntax;Syntax;Syntax;Syntax;Syntax;Syntax;Syntax;Syntax;Syntax;Syntax;Syntax;Syntax;Syntax;Syntax;Syntax;Syntax;Syntax;Syntax;Syntax;Syntax;Syntax;Syntax;Syntax;Syntax;Syntax;Syntax;Syntax;Syntax;Syntax;Syntax;Syntax;Syntax;Syntax,7,0,10.372,10.266,10.477,,True,1,2000年数学建模国赛真题+优秀论文/2000年国赛优秀论文/2000D：空洞探测问题及有关情况.pdf,primary,596EA1C71B52E148BD9C187C5E6B55C6C0286D7A3CCDC8281D595FE2686DE3FD,596EA1C71B52E148BD9C187C5E6B55C6C0286D7A3CCDC8281D595FE2686DE3FD,active,0,333,1,unknown,M A TH EM A T ICSINPRA CT ICE ANDTH EO R Y,15.346,14.746,15.946,2026-08-18T00:06:15+08:00,167.56944444444446,475.0,2000
0,0,unknown,unknown,22.26,19.756,22.613,2026-08-18T00:06:15+08:00,KaiTi;SimSun/Song;Syntax;Times New Roman;cajcd-fntaa,1,1,512,0,1,1,FORMAL,COMPLETE,Q2,PAPER,0,1,259.9972222222222,737.0,catalog/papers.csv; catalog/paper_files.csv; catalog/scale/g8_paper_status.csv,unknown,False,0,0,1,14.146,14.146,14.146,5,False,,PORTRAIT,6,,BOTTOM,1,,,,CUMCM-2001-B-006,1.0,text_based,B,B,------------------------------------;STSong-Light;Times-Roman;cajcd-fntaa;KaiTi;Times-Italic;Times-Bold;Syntax;Syntax;Syntax;Syntax;Syntax;Syntax;Syntax;Syntax;Syntax;Syntax;Syntax;Syntax;Syntax;Syntax;Syntax;Syntax;Syntax;Syntax;Syntax;Syntax;Syntax;Syntax;Syntax;Syntax;Syntax;Syntax;Syntax;Syntax;Syntax;Syntax;Syntax;Syntax;Syntax;Syntax;Syntax;Syntax;Syntax;Syntax;Syntax;Syntax;Syntax;Syntax;Syntax;Syntax;Syntax;Syntax;Syntax;Syntax;Syntax;Syntax;Syntax;Syntax;Syntax;Syntax;Syntax;Syntax;Syntax;Syntax;Syntax;Syntax;Syntax;Syntax;Syntax;Syntax;Syntax;Syntax;Syntax;Syntax;Syntax;Syntax;Syntax;Syntax;Syntax;Syntax;Syntax;Syntax;Syntax;Syntax;Syntax;Syntax;Syntax;Syntax;Syntax;Syntax;Syntax;Syntax;Syntax;Syntax;Syntax;Syntax;Syntax;Syntax;Syntax;Syntax;Syntax;Syntax;Syntax;Syntax;Syntax;Syntax;Syntax;Syntax;Syntax;Syntax;Syntax;Syntax;Syntax;Syntax;Syntax;Syntax;Syntax;Syntax;Syntax;Syntax;Syntax;Syntax;Syntax;Syntax;Syntax;Syntax;Syntax;Syntax;Syntax;Syntax;Syntax;Syntax;Syntax;Syntax;Syntax;Syntax;Syntax;Syntax;Syntax;Syntax;Syntax;Syntax;Syntax;Syntax;Syntax;Syntax;Syntax;Syntax;Syntax;Syntax;Syntax;Syntax;Syntax;Syntax;Syntax;Syntax;Syntax;Syntax;Syntax;Syntax;Syntax;Syntax;Syntax;Syntax;Syntax;Syntax;Syntax;Syntax;Syntax;Syntax;Syntax;Syntax;Syntax;Syntax;Syntax;Syntax;Syntax;Syntax;Syntax;Syntax;Syntax;Syntax;Syntax;Syntax;Syntax;Syntax;Syntax;Syntax;Syntax;Syntax;Syntax;Syntax;Syntax;Syntax;Syntax;Syntax;Syntax;Syntax;Syntax;Syntax;Syntax;Syntax;Syntax;Syntax;Syntax;Syntax;Syntax;Syntax;Syntax;Syntax;Syntax;Syntax;Syntax;Syntax;Syntax;Syntax;Syntax;Syntax;Syntax;Syntax;Syntax;Syntax;Syntax;Syntax;Syntax;Syntax;Syntax;Syntax;Syntax;Syntax;Syntax;Syntax;Syntax;Syntax;Syntax;Syntax;Syntax;Syntax;Syntax;Syntax;Syntax;Syntax;Syntax;Syntax;Syntax;Syntax;Syntax;Syntax;Syntax;Syntax;Syntax;Syntax;Syntax;Syntax;Syntax;Syntax;Syntax;Syntax;Syntax;Syntax;Syntax;Syntax;Syntax;Syntax;Syntax;Syntax;Syntax;Syntax;Syntax;Syntax;Syntax;Syntax;Syntax;Syntax;Syntax;Syntax;Syntax;Syntax;Syntax;Syntax;Syntax;Syntax;Syntax;Syntax;Syntax;Syntax;Syntax;Syntax;Syntax;Syntax;Syntax;Syntax;Syntax;Syntax;Syntax;Syntax;Syntax;Syntax;Syntax;Syntax;Syntax;Syntax;Syntax;Syntax;Syntax;Syntax;Syntax;Syntax;Syntax;Syntax;Syntax;Syntax;Syntax;Syntax;Syntax;Syntax;Syntax;Syntax;Syntax;Syntax;Syntax;Syntax;Syntax;Syntax;Syntax;Syntax;Syntax;Syntax;Syntax;Syntax;Syntax;Syntax;Syntax;Syntax;Syntax;Syntax;Syntax;Syntax;Syntax;Syntax;Syntax;Syntax;Syntax;Syntax;Syntax;Syntax;Syntax;Syntax;Syntax;Syntax;Syntax;Syntax;Syntax;Syntax;Syntax;Syntax;Syntax;Syntax;Syntax;Syntax;Syntax;Syntax;Syntax;Syntax;Syntax;Syntax;Syntax;Syntax;Syntax;Syntax;Syntax;Syntax;Syntax;Syntax;Syntax;Syntax;Syntax;Syntax;Syntax;Syntax;Syntax;Syntax;Syntax;Syntax;Syntax;Syntax;Syntax;Syntax;Syntax;Syntax;Syntax;Syntax;Syntax;Syntax;Syntax;Syntax;Syntax;Syntax;Syntax;Syntax;Syntax;Syntax;Syntax;Syntax;Syntax;Syntax;Syntax;Syntax;Syntax;Syntax;Syntax;Syntax;Syntax;Syntax;Syntax;Syntax;Syntax;Syntax;Syntax;Syntax;Syntax;Syntax;Syntax;Syntax;Syntax;Syntax;Syntax;Syntax;Syntax;Syntax;Syntax;Syntax;Syntax;Syntax;Syntax;Syntax;Syntax;Syntax;Syntax;Syntax;Syntax;Syntax;Syntax;Syntax;Syntax;Syntax;Syntax;Syntax;Syntax;Syntax;Syntax;Syntax;Syntax;Syntax;Syntax;Syntax;Syntax;Syntax;Syntax;Syntax;Syntax;Syntax;Syntax;Syntax;Syntax;Syntax;Syntax;Syntax;Syntax;Syntax;Syntax;Syntax;Syntax;Syntax;Syntax;Syntax;Syntax;Syntax;Syntax;Syntax;Syntax;Syntax;Syntax;Syntax;Syntax;Syntax;Syntax;Syntax;Syntax;Syntax;Syntax;Syntax;Syntax;Syntax;Syntax;Syntax;Syntax;Syntax;Syntax;Syntax;Syntax;Syntax;Syntax;Syntax;Syntax;Syntax;Syntax;Syntax;Syntax;Syntax;Syntax;Syntax;Syntax;Syntax;Syntax;Syntax;Syntax;Syntax;Syntax;Syntax;Syntax;Syntax;Syntax;Syntax;Syntax;Syntax;Syntax;Syntax;Syntax;Syntax;Syntax;Syntax;Syntax;Syntax;Syntax;Syntax;Syntax;Syntax;Syntax;Syntax;Syntax;Syntax;Syntax;Syntax;Syntax;Syntax;Syntax;Syntax;Syntax;Syntax;Syntax;Syntax;Syntax;Syntax;Syntax;Syntax;Syntax;Syntax;Syntax;Syntax;Syntax;Syntax;Syntax;Syntax;Syntax;Syntax;Syntax;Syntax;Syntax;Syntax;Syntax;Syntax;Syntax;Syntax;Syntax;Syntax;Syntax;Syntax;Syntax;Syntax;Syntax;Syntax;Syntax;Syntax;Syntax;Syntax;Syntax;Syntax;Syntax;Syntax;Syntax;Syntax;Syntax;Syntax;Syntax;Syntax;Syntax;Syntax;Syntax;Syntax;Syntax;Syntax;Syntax;Syntax;Syntax;Syntax;Syntax;Syntax;Syntax;Syntax;Syntax;Syntax;Syntax;Syntax;Syntax;Syntax;Syntax;Syntax;Syntax;Syntax;Syntax;Syntax;Syntax;Syntax;Syntax;Syntax;Syntax;Syntax;Syntax;Syntax;Syntax;Syntax;Syntax;Syntax;Syntax;Syntax;Syntax;Syntax;Syntax;Syntax;Syntax;Syntax;Syntax;Syntax;Syntax;Syntax;Syntax;Syntax;Syntax;Syntax;Syntax;Syntax;Syntax;Syntax,5,0,13.991,13.829,13.991,,True,1,2001年数学建模国赛真题+优秀论文/2001年国赛优秀论文/2001B：公交车调度.pdf,primary,230B17BEA31423FAF14C1B6789005A24298DDE71181C0E097C49626590B9FF66,230B17BEA31423FAF14C1B6789005A24298DDE71181C0E097C49626590B9FF66,active,0,1526,1,unknown,J OU RNAL O F EN GIN EERIN G MA THEMA TICS,16.792,16.792,16.792,2026-08-18T00:06:15+08:00,176.0361111111111,499.0,2001
0,0,unknown,unknown,,,,2026-08-18T00:06:15+08:00,Times New Roman,1,1,0,0,1,0,FORMAL,COMPLETE,Q2,PAPER,0,1,259.9266666666666,736.8,catalog/papers.csv; catalog/paper_files.csv; catalog/scale/g8_paper_status.csv,unknown,False,0,0,1,,,,0,False,,PORTRAIT,6,,UNKNOWN,0,,,,CUMCM-2005-C-004,1.0,text_based,C,C,------------------------------------;Times-Roman,0,0,,,,,True,1,2005年数学建模国赛真题+优秀论文/2005年国赛优秀论文/2005C：雨量预报方法的评价模型.pdf,primary,FD068FDBA017130A32760B4EAF2BD23EC4A4947D808960877231C74FF31DEB4C,FD068FDBA017130A32760B4EAF2BD23EC4A4947D808960877231C74FF31DEB4C,active,0,24,1,unknown,,,,,2026-08-18T00:06:15+08:00,200.4906666666667,568.32,2005
,,unknown,unknown,,,,2026-08-18T00:06:15+08:00,,0,0,,,0,,FORMAL,INELIGIBLE,,SUPPORTING_MATERIAL,,,,,catalog/papers.csv; catalog/paper_files.csv; catalog/scale/g8_paper_status.csv,unknown,,,,0,,,,,,No analyzable PAPER PDF selected; identity retained in full corpus inventory.,UNKNOWN,,,,,,,,CUMCM-2011-D-028,,NOT_ANALYZED,D,D,,,,,,,,True,1,2011年数学建模国赛真题+优秀论文/2011年优秀论文/2011D：天然肠衣搭配问题(1)/规格2步骤22.lg4,primary,611866D6A029D8AF302C838762C036EC6AAB53D22AC434AC0B8A5E28A20C4079,611866D6A029D8AF302C838762C036EC6AAB53D22AC434AC0B8A5E28A20C4079,active,,,0,unknown,,,,,2026-08-18T00:06:15+08:00,,,2011
0,0,unknown,unknown,,,,2026-08-18T00:06:15+08:00,KaiTi;Times New Roman,1,1,0,0,1,0,FORMAL,COMPLETE,Q2,PAPER,0,1,296.6861111111111,841.0,catalog/papers.csv; catalog/paper_files.csv; catalog/scale/g8_paper_status.csv,unknown,True,0,0,1,,,,0,False,,PORTRAIT,3,,UNKNOWN,0,,,,CUMCM-2002-A-008,1.0,text_based,A,A,------------------------------------;Times-Roman;KaiTi,0,0,,,,,True,1,2002年数学建模国赛真题+优秀论文/2002年优秀论文/2002A：关于“车灯线光源的优化设计”问题的光学思路.pdf,primary,9EE3BC47014B395358680DB98AAB34ABFACC80F6FA12D40BC8C252DC9D221519,9EE3BC47014B395358680DB98AAB34ABFACC80F6FA12D40BC8C252DC9D221519,active,0,15,1,unknown,,,,,2026-08-18T00:06:15+08:00,209.90277777777777,595.0,2002
,,unknown,unknown,,,,2026-08-18T00:06:15+08:00,,0,0,,,0,,FORMAL,INELIGIBLE,,PROBLEM_PACKAGE,,,,,catalog/papers.csv; catalog/paper_files.csv; catalog/scale/g8_paper_status.csv,unknown,,,,0,,,,,,No analyzable PAPER PDF selected; identity retained in full corpus inventory.,UNKNOWN,,,,,,,,CUMCM-2008-D-002,,NOT_ANALYZED,D,D,,,,,,,,True,1,2008年数学建模国赛真题+优秀论文/2008年赛题/2008年国赛D题.doc,primary,6BD1B2DAE411400F98C85376855AF1419BDB9D6C0D2A24DDF5F581B37A97F027,6BD1B2DAE411400F98C85376855AF1419BDB9D6C0D2A24DDF5F581B37A97F027,active,,,0,unknown,,,,,2026-08-18T00:06:15+08:00,,,2008
1,0,unknown,unknown,18.221,18.221,18.221,2026-08-18T00:06:15+08:00,KaiTi;MT-Extra;SimHei;SimSun/Song;SymbolMT;Times New Roman,1,1,430,0,1,1,FORMAL,COMPLETE,Q2,PAPER,0,0,297.00361111111107,841.9,catalog/papers.csv; catalog/paper_files.csv; catalog/scale/g8_paper_status.csv,unknown,True,0,1,1,31.75,31.75,31.75,12,False,,PORTRAIT,13,,BOTTOM,1,,,,CUMCM-2010-D-002,1.0,text_based,D,D,------------------------------------;XEKKFX+SimHei;LNUHNF+SimSun;TYEPLS+TimesNewRomanPS-ItalicMT;TZCMBP+SymbolMT;MUFUVC+MT-Extra;AUWCNV+TimesNewRomanPSMT;KaiTi,20,1,30.621,29.616,31.743,,True,1,2010年数学建模国赛真题+优秀论文/2010年优秀论文/2010D：对学生宿舍设计方案的评价 (2).pdf,primary,6BEA2106138EFF593DD0979E6220BBCE06BCB26F816DF4378422DE178F397AFE,6BEA2106138EFF593DD0979E6220BBCE06BCB26F816DF4378422DE178F397AFE,active,5,2031,1,unknown,学生宿舍设计方案的评价 | 设计方案中的各个指标进行评价和选优。由于在评价过程中，涉及到一些定性和,25.46,25.46,26.37,2026-08-18T00:06:15+08:00,210.00861111111107,595.3,2010
1,0,unknown,unknown,18.295,18.295,18.295,2026-08-18T00:06:15+08:00,Arial;KaiTi;SimHei;SimSun/Song;SymbolMT;Times New Roman,1,1,303,2,1,1,FORMAL,COMPLETE,Q2,PAPER,0,0,297.0388888888889,842.0,catalog/papers.csv; catalog/paper_files.csv; catalog/scale/g8_paper_status.csv,unknown,True,0,1,1,25.019,25.019,25.019,16,False,,PORTRAIT,17,,BOTTOM,1,,,,CUMCM-2006-B-002,1.0,text_based,B,B,------------------------------------;TimesNewRomanPS-BoldMT;TimesNewRomanPSMT;HCGBJB+SimHei;HCGCLH+SimSun;KaiTi;ArialMT;TimesNewRomanPS-ItalicMT;HCGNCG+SymbolMT,37,1,22.867,22.846,23.826,,True,1,2006年数学建模国赛真题+优秀论文/2006年优秀论文/2006B：艾滋病药物治疗的研究.pdf,primary,E5A0B83765C71A9DC7620D68C3DE4CE6468DCF5EB9C83AB38DD2D85B6159F714,E5A0B83765C71A9DC7620D68C3DE4CE6468DCF5EB9C83AB38DD2D85B6159F714,active,13,1480,1,unknown,艾滋病药物治疗的研究 | 处理，排除了相应的缺失数据和不匹配数据，通过 Spearman 秩相关分析，研究了数据之,26.321,25.562,28.323,2026-08-18T00:06:15+08:00,209.98038888888888,595.22,2006
,,unknown,unknown,,,,2026-08-18T00:06:15+08:00,,0,0,,,0,,FORMAL,INELIGIBLE,,PROBLEM_PACKAGE,,,,,catalog/papers.csv; catalog/paper_files.csv; catalog/scale/g8_paper_status.csv,unknown,,,,0,,,,,,No analyzable PAPER PDF selected; identity retained in full corpus inventory.,UNKNOWN,,,,,,,,CUMCM-2011-C-001,,NOT_ANALYZED,C,C,,,,,,,,True,1,2011年数学建模国赛真题+优秀论文/2011年赛题/2011年国赛C题.doc,primary,25C0E1D7FE7FB42FF862C0F1CE0A5EF0FC43095B314630069B6FFEE3E4774D5A,25C0E1D7FE7FB42FF862C0F1CE0A5EF0FC43095B314630069B6FFEE3E4774D5A,active,,,0,unknown,,,,,2026-08-18T00:06:15+08:00,,,2011
,,unknown,unknown,,,,2026-08-18T00:06:15+08:00,,0,0,,,0,,FORMAL,INELIGIBLE,UNKNOWN,SUPPORTING_MATERIAL,,,,,catalog/papers.csv; catalog/paper_files.csv; catalog/scale/g8_paper_status.csv,unknown,,,,0,,,,,,No analyzable PAPER PDF selected; identity retained in full corpus inventory.,UNKNOWN,,,,,,,,CUMCM-2013-C-007,,NOT_ANALYZED,C,C,,,,,,,,True,1,2013年数学建模国赛真题+优秀论文/2013C：古塔的变形/pingmiannihe.asv,primary,8E91C1FD5BF92F7CFBFE09081410208D110481B809D139253D3A0FA370D863E2,8E91C1FD5BF92F7CFBFE09081410208D110481B809D139253D3A0FA370D863E2,active,,,0,unknown,,,,,2026-08-18T00:06:15+08:00,,,2013
,,unknown,unknown,,,,2026-08-18T00:06:15+08:00,,0,0,,,0,,FORMAL,INELIGIBLE,,PROBLEM_PACKAGE,,,,,catalog/papers.csv; catalog/paper_files.csv; catalog/scale/g8_paper_status.csv,unknown,,,,0,,,,,,No analyzable PAPER PDF selected; identity retained in full corpus inventory.,UNKNOWN,,,,,,,,CUMCM-2004-C-001,,NOT_ANALYZED,C,C,,,,,,,,True,1,2004年数学建模国赛真题+优秀论文/2004年赛题/2004年国赛C题.doc,primary,7721F9B2C92734652326DFA8C454202CB5E3EE341A805B3D03A6ACCA3DF04435,7721F9B2C92734652326DFA8C454202CB5E3EE341A805B3D03A6ACCA3DF04435,active,,,0,unknown,,,,,2026-08-18T00:06:15+08:00,,,2004
1,1,unknown,unknown,18.221,18.221,18.221,2026-08-18T00:06:15+08:00,KaiTi;SimHei;SimSun/Song;SymbolMT;Times New Roman,1,1,392,0,1,1,FORMAL,COMPLETE,Q2,PAPER,0,0,297.00361111111107,841.9,catalog/papers.csv; catalog/paper_files.csv; catalog/scale/g8_paper_status.csv,unknown,True,0,1,1,25.019,25.019,25.019,17,False,,PORTRAIT,18,,BOTTOM,1,,,,CUMCM-2008-D-003,1.0,text_based,D,D,------------------------------------;XEKKFX+SimHei;LNUHNF+SimSun;AUWCNV+TimesNewRomanPSMT;KaiTi;TYEPLS+TimesNewRomanPS-ItalicMT;TZCMBP+SymbolMT,28,1,25.012,22.895,25.012,,True,1,2008年数学建模国赛真题+优秀论文/2008年优秀论文/2008D：《NBA赛程的分析与评价》 (3).pdf,primary,3AF5BEA0275D01BD81D53D6570C5EB573671CC31F445C7C6B430E38906C6363C,3AF5BEA0275D01BD81D53D6570C5EB573671CC31F445C7C6B430E38906C6363C,active,11,2288,1,unknown,NBA 赛程的分析与评价 | 本文针对 NBA2008-2009 赛季的赛程进行了统计分析，以东、西部的 30 个球队为研,27.238,27.069,27.407,2026-08-18T00:06:15+08:00,210.00861111111107,595.3,2008
1,1,unknown,unknown,18.254,18.254,18.254,2026-08-18T00:06:15+08:00,Arial;Calibri;Cambria;Monospace;Symbol;Times New Roman;Wingdings,1,1,1232,18,1,1,FORMAL,COMPLETE,Q2,PAPER,0,0,297.0106666666666,841.92,catalog/papers.csv; catalog/paper_files.csv; catalog/scale/g8_paper_status.csv,unknown,True,0,1,1,25.027,25.027,25.027,43,False,,PORTRAIT,44,,BOTTOM,1,,,,CUMCM-2016-A-003,1.0,text_based,A,A,------------------------------------;Times;ABCDEE+Cambria;ABCDEE+Calibri;Times;Symbol;Times;Arial;ABCDEE+Wingdings;ABCDEE+Courier,55,1,24.941,22.867,27.521,,True,1,2016年数学建模国赛真题+优秀论文/2016年优秀论文/2016A：基于极值系泊系统设计 (5).pdf,primary,0AE8DC792DEC17F18DE3F2F6A060DD2DA71CD3C96AD4B8EF628822DD66E2C81D,0AE8DC792DEC17F18DE3F2F6A060DD2DA71CD3C96AD4B8EF628822DD66E2C81D,active,7,4295,1,unknown,论文标题 | 为 O-xy 平面，风向所在铅锤面为 O-xz 平面的标准坐标系，从而刻画浮标的游动区域。,25.146,25.146,27.47,2026-08-18T00:06:15+08:00,210.01566666666668,595.32,2016
1,1,unknown,unknown,25.924,25.114,31.116,2026-08-18T00:06:15+08:00,CMEX10;CMMI12;CMMI6;CMMI8;CMR12;CMR6;CMR8;CMSY10;CMSY8;CMSY9;Dingbats;Helvetica;KaiTi;Monaco;Monospace;SimHei;SimSun/Song;Times New Roman,1,1,1558,6,1,1,FORMAL,COMPLETE,Q2,PAPER,0,0,297.0000833333333,841.89,catalog/papers.csv; catalog/paper_files.csv; catalog/scale/g8_paper_status.csv,unknown,True,0,1,1,25.0,19.157,25.0,28,False,,PORTRAIT,29,,BOTTOM,1,29,,,CUMCM-2018-B-001,0.76,mixed,B,B,------------------------------------;GOGHQM+TimesNewRomanPS-BoldMT;EQDRRF+SimHei;IZUWCG+SimSun;QNCDKI+TimesNewRomanPSMT;KaiTi;RDKKQN+CMMI12;KFGGMO+CMMI8;PJNOYW+CMR12;BMMMAZ+TimesNewRomanPS-ItalicMT;ISVKVB+KaiTi;GIZTLV+CMR8;JZWHPG+CMSY10;VGBSKP+CMEX10;FPDPUM+CMSY8;SFGBYJ+CMMI6;SZBHYD+Dingbats;SLWGYK+CMR6;Helvetica;SimSun;ALQUUS+LMMono12-Regular-Identity-H;RGWWTM+Monaco;ZKKLJG+CMSY9,28,1,24.933,21.927,27.345,,True,1,2018年数学建模国赛真题+优秀论文/2018年优秀论文/2018B：RGV 的动态调度优化问题.pdf,primary,DD2FAA6CFD84373FF40963D1AD1C7DECED7A97878AAFA146FF287F6246E00D17,DD2FAA6CFD84373FF40963D1AD1C7DECED7A97878AAFA146FF287F6246E00D17,active,3,3682,1,unknown,RGV的动态调度优化问题 | 如 RGV 工作循环定义、系统效率均衡原则、CNC 满载工作上限等。同时，给出了相关,24.984,24.981,26.042,2026-08-18T00:06:15+08:00,210.00155555555554,595.28,2018
0,0,unknown,unknown,19.897,19.156,21.096,2026-08-18T00:06:15+08:00,KaiTi;SimSun/Song;Syntax;Times New Roman;cajcd-fnta7;cajcd-fntaa;cajcd-fntbd;cajcd-fntlt,1,1,241,0,1,1,FORMAL,COMPLETE,Q2,PAPER,0,1,248.70833333333334,705.0,catalog/papers.csv; catalog/paper_files.csv; catalog/scale/g8_paper_status.csv,unknown,False,0,0,1,12.912,12.912,12.912,5,False,,PORTRAIT,6,,TOP,1,,,,CUMCM-1999-A-003,1.0,text_based,A,A,------------------------------------;STSong-Light;Times-Roman;cajcd-fntaa;Times-Bold;cajcd-fntlt;Times-Italic;KaiTi;cajcd-fntbd;cajcd-fnta7;Syntax;Syntax;Syntax;Syntax;Syntax;Syntax;Syntax;Syntax;Syntax;Syntax;Syntax;Syntax;Syntax;Syntax;Syntax;Syntax;Syntax;Syntax;Syntax;Syntax;Syntax;Syntax;Syntax;Syntax;Syntax;Syntax;Syntax;Syntax;Syntax;Syntax;Syntax;Syntax;Syntax;Syntax;Syntax;Syntax;Syntax;Syntax;Syntax;Syntax;Syntax;Syntax;Syntax;Syntax;Syntax;Syntax;Syntax;Syntax;Syntax;Syntax;Syntax;Syntax;Syntax;Syntax;Syntax;Syntax;Syntax;Syntax;Syntax;Syntax;Syntax;Syntax;Syntax;Syntax;Syntax;Syntax;Syntax;Syntax;Syntax;Syntax;Syntax;Syntax;Syntax;Syntax;Syntax;Syntax;Syntax;Syntax;Syntax;Syntax;Syntax;Syntax;Syntax;Syntax;Syntax;Syntax;Syntax;Syntax;Syntax;Syntax;Syntax;Syntax;Syntax;Syntax;Syntax;Syntax;Syntax;Syntax;Syntax;Syntax;Syntax;Syntax;Syntax;Syntax;Syntax;Syntax;Syntax;Syntax;Syntax;Syntax;Syntax;Syntax;Syntax;Syntax;Syntax;Syntax;Syntax;Syntax;Syntax;Syntax;Syntax;Syntax;Syntax;Syntax;Syntax;Syntax;Syntax;Syntax;Syntax;Syntax;Syntax;Syntax;Syntax;Syntax;Syntax;Syntax;Syntax;Syntax;Syntax;Syntax;Syntax;Syntax;Syntax;Syntax;Syntax;Syntax;Syntax;Syntax;Syntax;Syntax;Syntax;Syntax;Syntax;Syntax;Syntax;Syntax;Syntax;Syntax;Syntax;Syntax;Syntax;Syntax;Syntax;Syntax;Syntax;Syntax;Syntax;Syntax;Syntax;Syntax;Syntax;Syntax;Syntax;Syntax;Syntax;Syntax;Syntax;Syntax;Syntax;Syntax;Syntax;Syntax;Syntax;Syntax;Syntax;Syntax;Syntax;Syntax;Syntax;Syntax;Syntax;Syntax;Syntax;Syntax;Syntax;Syntax;Syntax;Syntax;Syntax;Syntax;Syntax;Syntax;Syntax;Syntax;Syntax;Syntax;Syntax;Syntax;Syntax;Syntax;Syntax;Syntax;Syntax;Syntax;Syntax;Syntax;Syntax;Syntax;Syntax;Syntax;Syntax;Syntax;Syntax;Syntax;Syntax;Syntax;Syntax;Syntax;Syntax;Syntax;Syntax;Syntax;Syntax;Syntax;Syntax;Syntax;Syntax;Syntax;Syntax;Syntax;Syntax;Syntax;Syntax;Syntax;Syntax;Syntax;Syntax;Syntax;Syntax;Syntax;Syntax;Syntax;Syntax;Syntax;Syntax;Syntax;Syntax;Syntax;Syntax;Syntax;Syntax;Syntax;Syntax;Syntax;Syntax;Syntax;Syntax;Syntax;Syntax;Syntax;Syntax;Syntax;Syntax;Syntax;Syntax;Syntax;Syntax;Syntax;Syntax;Syntax;Syntax;Syntax;Syntax;Syntax;Syntax;Syntax;Syntax;Syntax;Syntax;Syntax;Syntax;Syntax;Syntax;Syntax;Syntax;Syntax;Syntax;Syntax;Syntax;Syntax;Syntax;Syntax;Syntax;Syntax;Syntax;Syntax;Syntax;Syntax;Syntax;Syntax;Syntax;Syntax;Syntax;Syntax;Syntax;Syntax;Syntax;Syntax;Syntax;Syntax;Syntax;Syntax;Syntax;Syntax;Syntax;Syntax;Syntax;Syntax;Syntax;Syntax;Syntax;Syntax;Syntax;Syntax;Syntax;Syntax;Syntax;Syntax;Syntax;Syntax;Syntax;Syntax;Syntax;Syntax;Syntax;Syntax;Syntax;Syntax;Syntax;Syntax;Syntax;Syntax;Syntax;Syntax;Syntax;Syntax;Syntax;Syntax;Syntax;Syntax;Syntax;Syntax;Syntax;Syntax;Syntax;Syntax;Syntax;Syntax;Syntax;Syntax;Syntax;Syntax;Syntax;Syntax;Syntax;Syntax;Syntax;Syntax;Syntax;Syntax;Syntax;Syntax;Syntax;Syntax;Syntax;Syntax;Syntax;Syntax;Syntax;Syntax;Syntax;Syntax;Syntax;Syntax;Syntax;Syntax;Syntax;Syntax;Syntax;Syntax;Syntax;Syntax;Syntax;Syntax;Syntax;Syntax;Syntax;Syntax;Syntax;Syntax;Syntax;Syntax;Syntax;Syntax;Syntax;Syntax;Syntax;Syntax;Syntax;Syntax;Syntax;Syntax;Syntax;Syntax;Syntax;Syntax;Syntax;Syntax;Syntax;Syntax;Syntax;Syntax;Syntax;Syntax;Syntax;Syntax;Syntax;Syntax;Syntax;Syntax;Syntax;Syntax;Syntax;Syntax;Syntax;Syntax;Syntax;Syntax;Syntax;Syntax;Syntax;Syntax;Syntax;Syntax;Syntax;Syntax;Syntax;Syntax;Syntax;Syntax;Syntax;Syntax;Syntax;Syntax;Syntax;Syntax;Syntax;Syntax;Syntax;Syntax;Syntax;Syntax;Syntax;Syntax;Syntax;Syntax;Syntax;Syntax;Syntax;Syntax;Syntax;Syntax;Syntax;Syntax;Syntax;Syntax;Syntax;Syntax;Syntax;Syntax;Syntax;Syntax;Syntax;Syntax;Syntax;Syntax;Syntax;Syntax;Syntax;Syntax;Syntax;Syntax;Syntax;Syntax;Syntax;Syntax;Syntax;Syntax;Syntax;Syntax;Syntax;Syntax;Syntax;Syntax;Syntax;Syntax;Syntax;Syntax;Syntax;Syntax;Syntax;Syntax;Syntax;Syntax;Syntax;Syntax;Syntax;Syntax;Syntax;Syntax;Syntax;Syntax;Syntax;Syntax;Syntax;Syntax;Syntax;Syntax;Syntax;Syntax;Syntax;Syntax;Syntax;Syntax;Syntax;Syntax;Syntax;Syntax;Syntax;Syntax;Syntax;Syntax;Syntax;Syntax;Syntax;Syntax;Syntax;Syntax;Syntax;Syntax;Syntax;Syntax;Syntax;Syntax;Syntax;Syntax;Syntax;Syntax;Syntax;Syntax;Syntax;Syntax;Syntax;Syntax;Syntax;Syntax;Syntax;Syntax;Syntax;Syntax;Syntax;Syntax;Syntax;Syntax;Syntax;Syntax;Syntax;Syntax;Syntax;Syntax;Syntax;Syntax;Syntax;Syntax;Syntax;Syntax;Syntax;Syntax;Syntax;Syntax;Syntax;Syntax;Syntax;Syntax;Syntax;Syntax;Syntax;Syntax;Syntax;Syntax;Syntax;Syntax;Syntax;Syntax;Syntax;Syntax;Syntax;Syntax;Syntax;Syntax;Syntax;Syntax;Syntax;Syntax;Syntax;Syntax;Syntax;Syntax;Syntax;Syntax;Syntax;Syntax;Syntax;Syntax;Syntax;Syntax;Syntax;Syntax;Syntax;Syntax;Syntax;Syntax;Syntax;Syntax;Syntax;Syntax;Syntax;Syntax;Syntax;Syntax;Syntax;Syntax;Syntax;Syntax;Syntax;Syntax;Syntax;Syntax;Syntax;Syntax;Syntax;Syntax;Syntax;Syntax;Syntax;Syntax;Syntax;Syntax;Syntax;Syntax;Syntax;Syntax;Syntax;Syntax;Syntax;Syntax;Syntax;Syntax;Syntax;Syntax;Syntax;Syntax;Syntax;Syntax;Syntax;Syntax;Syntax;Syntax;Syntax;Syntax;Syntax;Syntax;Syntax;Syntax;Syntax;Syntax;Syntax;Syntax;Syntax;Syntax;Syntax;Syntax;Syntax;Syntax;Syntax;Syntax;Syntax;Syntax;Syntax;Syntax;Syntax;Syntax;Syntax;Syntax;Syntax;Syntax;Syntax;Syntax;Syntax;Syntax;Syntax;Syntax;Syntax;Syntax;Syntax;Syntax;Syntax;Syntax;Syntax;Syntax;Syntax;Syntax;Syntax;Syntax;Syntax;Syntax;Syntax;Syntax;Syntax;Syntax;Syntax;Syntax;Syntax;Syntax;Syntax;Syntax;Syntax;Syntax;Syntax;Syntax;Syntax;Syntax;Syntax;Syntax;Syntax;Syntax;Syntax;Syntax;Syntax;Syntax;Syntax;Syntax;Syntax;Syntax;Syntax;Syntax;Syntax;Syntax;Syntax;Syntax;Syntax;Syntax;Syntax;Syntax;Syntax;Syntax;Syntax;Syntax;Syntax;Syntax;Syntax;Syntax;Syntax;Syntax;Syntax;Syntax;Syntax;Syntax;Syntax;Syntax;Syntax;Syntax;Syntax;Syntax;Syntax;Syntax;Syntax;Syntax;Syntax;Syntax;Syntax;Syntax;Syntax;Syntax;Syntax;Syntax;Syntax;Syntax;Syntax;Syntax;Syntax;Syntax;Syntax;Syntax;Syntax;Syntax;Syntax;Syntax;Syntax;Syntax;Syntax;Syntax;Syntax;Syntax;Syntax;Syntax;Syntax;Syntax;Syntax;Syntax;Syntax;Syntax;Syntax;Syntax;Syntax;Syntax;Syntax;Syntax;Syntax;Syntax;Syntax;Syntax;Syntax;Syntax;Syntax;Syntax;Syntax;Syntax;Syntax;Syntax;Syntax;Syntax;Syntax;Syntax;Syntax;Syntax;Syntax;Syntax;Syntax;Syntax;Syntax;Syntax;Syntax;Syntax;Syntax;Syntax;Syntax;Syntax;Syntax;Syntax;Syntax;Syntax;Syntax;Syntax;Syntax;Syntax;Syntax;Syntax;Syntax;Syntax;Syntax;Syntax;Syntax;Syntax;Syntax;Syntax;Syntax;Syntax;Syntax;Syntax;Syntax;Syntax;Syntax;Syntax;Syntax;Syntax;Syntax;Syntax;Syntax;Syntax;Syntax;Syntax;Syntax;Syntax;Syntax;Syntax;Syntax;Syntax;Syntax;Syntax;Syntax;Syntax;Syntax;Syntax;Syntax;Syntax;Syntax;Syntax;Syntax;Syntax;Syntax;Syntax;Syntax;Syntax;Syntax;Syntax;Syntax;Syntax;Syntax;Syntax;Syntax;Syntax;Syntax;Syntax;Syntax;Syntax;Syntax;Syntax;Syntax;Syntax;Syntax;Syntax;Syntax;Syntax;Syntax;Syntax;Syntax;Syntax;Syntax;Syntax;Syntax;Syntax;Syntax;Syntax;Syntax;Syntax;Syntax;Syntax;Syntax;Syntax;Syntax;Syntax;Syntax;Syntax;Syntax;Syntax;Syntax;Syntax;Syntax;Syntax;Syntax;Syntax;Syntax;Syntax;Syntax;Syntax;Syntax;Syntax;Syntax;Syntax;Syntax;Syntax;Syntax;Syntax;Syntax;Syntax;Syntax;Syntax;Syntax;Syntax;Syntax;Syntax;Syntax;Syntax;Syntax;Syntax;Syntax;Syntax;Syntax;Syntax;Syntax;Syntax;Syntax;Syntax;Syntax;Syntax;Syntax;Syntax;Syntax;Syntax;Syntax;Syntax;Syntax;Syntax;Syntax;Syntax;Syntax;Syntax;Syntax;Syntax;Syntax;Syntax;Syntax;Syntax;Syntax;Syntax;Syntax;Syntax;Syntax;Syntax;Syntax;Syntax;Syntax;Syntax;Syntax;Syntax;Syntax;Syntax;Syntax;Syntax;Syntax;Syntax;Syntax;Syntax;Syntax;Syntax;Syntax;Syntax;Syntax;Syntax;Syntax;Syntax;Syntax;Syntax;Syntax;Syntax;Syntax;Syntax;Syntax;Syntax;Syntax;Syntax;Syntax;Syntax;Syntax;Syntax;Syntax;Syntax;Syntax;Syntax;Syntax;Syntax;Syntax;Syntax;Syntax;Syntax;Syntax;Syntax;Syntax;Syntax;Syntax;Syntax;Syntax;Syntax;Syntax;Syntax;Syntax;Syntax;Syntax;Syntax;Syntax;Syntax;Syntax;Syntax;Syntax;Syntax;Syntax;Syntax;Syntax;Syntax;Syntax;Syntax;Syntax;Syntax;Syntax;Syntax;Syntax;Syntax;Syntax;Syntax;Syntax;Syntax;Syntax;Syntax;Syntax;Syntax;Syntax;Syntax;Syntax;Syntax;Syntax;Syntax;Syntax;Syntax;Syntax;Syntax;Syntax;Syntax;Syntax;Syntax;Syntax;Syntax;Syntax;Syntax;Syntax;Syntax;Syntax;Syntax;Syntax;Syntax;Syntax;Syntax;Syntax;Syntax;Syntax;Syntax;Syntax;Syntax;Syntax;Syntax;Syntax;Syntax;Syntax;Syntax;Syntax;Syntax;Syntax;Syntax;Syntax;Syntax;Syntax;Syntax;Syntax;Syntax;Syntax;Syntax;Syntax;Syntax;Syntax;Syntax;Syntax;Syntax;Syntax;Syntax;Syntax;Syntax;Syntax;Syntax;Syntax;Syntax;Syntax;Syntax;Syntax;Syntax;Syntax;Syntax;Syntax;Syntax;Syntax;Syntax;Syntax;Syntax;Syntax;Syntax;Syntax;Syntax;Syntax;Syntax;Syntax;Syntax;Syntax;Syntax;Syntax;Syntax;Syntax;Syntax;Syntax;Syntax;Syntax;Syntax;Syntax;Syntax;Syntax;Syntax;Syntax;Syntax;Syntax;Syntax;Syntax;Syntax;Syntax;Syntax;Syntax;Syntax;Syntax;Syntax;Syntax;Syntax;Syntax;Syntax;Syntax;Syntax;Syntax;Syntax;Syntax;Syntax;Syntax;Syntax;Syntax;Syntax;Syntax;Syntax;Syntax;Syntax;Syntax;Syntax;Syntax;Syntax;Syntax;Syntax;Syntax;Syntax;Syntax;Syntax;Syntax;Syntax;Syntax;Syntax;Syntax;Syntax;Syntax;Syntax;Syntax;Syntax;Syntax;Syntax;Syntax;Syntax;Syntax;Syntax;Syntax;Syntax;Syntax;Syntax;Syntax;Syntax;Syntax;Syntax;Syntax;Syntax;Syntax;Syntax;Syntax;Syntax;Syntax;Syntax;Syntax;Syntax;Syntax;Syntax;Syntax;Syntax;Syntax;Syntax;Syntax;Syntax;Syntax;Syntax;Syntax;Syntax;Syntax;Syntax;Syntax;Syntax;Syntax;Syntax;Syntax;Syntax;Syntax;Syntax;Syntax;Syntax;Syntax;Syntax;Syntax;Syntax;Syntax;Syntax;Syntax;Syntax;Syntax;Syntax;Syntax;Syntax;Syntax;Syntax;Syntax;Syntax;Syntax;Syntax;Syntax;Syntax;Syntax;Syntax;Syntax;Syntax;Syntax;Syntax;Syntax;Syntax;Syntax;Syntax;Syntax;Syntax;Syntax;Syntax;Syntax;Syntax;Syntax;Syntax;Syntax;Syntax;Syntax;Syntax;Syntax;Syntax;Syntax;Syntax;Syntax;Syntax;Syntax;Syntax;Syntax;Syntax;Syntax;Syntax;Syntax;Syntax;Syntax;Syntax;Syntax;Syntax;Syntax;Syntax;Syntax;Syntax;Syntax;Syntax;Syntax;Syntax;Syntax;Syntax;Syntax;Syntax;Syntax;Syntax;Syntax;Syntax;Syntax;Syntax;Syntax;Syntax;Syntax;Syntax;Syntax;Syntax;Syntax;Syntax;Syntax;Syntax;Syntax;Syntax;Syntax;Syntax;Syntax;Syntax;Syntax;Syntax;Syntax;Syntax;Syntax;Syntax;Syntax;Syntax;Syntax;Syntax;Syntax;Syntax;Syntax;Syntax;Syntax;Syntax;Syntax;Syntax;Syntax;Syntax;Syntax;Syntax;Syntax;Syntax;Syntax;Syntax;Syntax;Syntax;Syntax;Syntax;Syntax;Syntax;Syntax;Syntax;Syntax;Syntax;Syntax;Syntax;Syntax;Syntax;Syntax;Syntax;Syntax;Syntax;Syntax;Syntax;Syntax;Syntax;Syntax;Syntax;Syntax;Syntax;Syntax;Syntax;Syntax;Syntax;Syntax;Syntax;Syntax;Syntax;Syntax;Syntax;Syntax;Syntax;Syntax;Syntax;Syntax;Syntax;Syntax;Syntax;Syntax;Syntax;Syntax;Syntax;Syntax;Syntax;Syntax;Syntax;Syntax;Syntax;Syntax;Syntax;Syntax;Syntax;Syntax;Syntax;Syntax;Syntax;Syntax;Syntax;Syntax;Syntax;Syntax;Syntax;Syntax;Syntax;Syntax;Syntax;Syntax;Syntax;Syntax;Syntax;Syntax;Syntax;Syntax;Syntax;Syntax;Syntax;Syntax;Syntax;Syntax;Syntax;Syntax;Syntax;Syntax;Syntax;Syntax;Syntax;Syntax;Syntax;Syntax;Syntax;Syntax;Syntax;Syntax;Syntax;Syntax;Syntax;Syntax;Syntax;Syntax;Syntax;Syntax;Syntax;Syntax;Syntax;Syntax;Syntax;Syntax;Syntax;Syntax;Syntax;Syntax;Syntax;Syntax;Syntax;Syntax;Syntax;Syntax;Syntax;Syntax;Syntax;Syntax;Syntax;Syntax;Syntax;Syntax;Syntax;Syntax;Syntax;Syntax;Syntax;Syntax;Syntax;Syntax;Syntax;Syntax;Syntax;Syntax;Syntax;Syntax;Syntax;Syntax;Syntax;Syntax;Syntax;Syntax;Syntax;Syntax;Syntax;Syntax;Syntax;Syntax;Syntax;Syntax;Syntax;Syntax;Syntax;Syntax;Syntax;Syntax;Syntax;Syntax;Syntax;Syntax;Syntax;Syntax;Syntax;Syntax;Syntax;Syntax;Syntax;Syntax;Syntax;Syntax;Syntax;Syntax;Syntax;Syntax;Syntax;Syntax;Syntax;Syntax;Syntax;Syntax;Syntax;Syntax;Syntax;Syntax;Syntax;Syntax;Syntax;Syntax;Syntax;Syntax;Syntax;Syntax;Syntax;Syntax;Syntax;Syntax;Syntax;Syntax;Syntax;Syntax;Syntax;Syntax;Syntax;Syntax;Syntax;Syntax;Syntax;Syntax;Syntax;Syntax;Syntax;Syntax;Syntax;Syntax;Syntax;Syntax;Syntax;Syntax;Syntax;Syntax;Syntax;Syntax;Syntax;Syntax;Syntax;Syntax;Syntax;Syntax;Syntax;Syntax;Syntax;Syntax;Syntax;Syntax;Syntax;Syntax;Syntax;Syntax;Syntax;Syntax;Syntax;Syntax;Syntax;Syntax;Syntax;Syntax;Syntax;Syntax;Syntax;Syntax;Syntax;Syntax;Syntax;Syntax;Syntax;Syntax;Syntax;Syntax;Syntax;Syntax;Syntax;Syntax;Syntax;Syntax;Syntax;Syntax;Syntax;Syntax;Syntax;Syntax;Syntax;Syntax;Syntax;Syntax;Syntax;Syntax;Syntax;Syntax;Syntax;Syntax;Syntax;Syntax;Syntax;Syntax;Syntax;Syntax;Syntax;Syntax;Syntax;Syntax;Syntax;Syntax;Syntax;Syntax;Syntax;Syntax;Syntax;Syntax;Syntax;Syntax;Syntax;Syntax;Syntax;Syntax;Syntax;Syntax;Syntax;Syntax;Syntax;Syntax;Syntax;Syntax;Syntax;Syntax;Syntax;Syntax;Syntax;Syntax;Syntax;Syntax;Syntax;Syntax;Syntax;Syntax;Syntax;Syntax;Syntax;Syntax;Syntax;Syntax;Syntax;Syntax;Syntax;Syntax;Syntax;Syntax;Syntax;Syntax;Syntax;Syntax;Syntax;Syntax;Syntax;Syntax;Syntax;Syntax;Syntax;Syntax;Syntax;Syntax;Syntax;Syntax;Syntax;Syntax;Syntax;Syntax;Syntax;Syntax;Syntax;Syntax;Syntax;Syntax;Syntax;Syntax;Syntax;Syntax;Syntax;Syntax;Syntax;Syntax;Syntax;Syntax;Syntax;Syntax;Syntax;Syntax;Syntax;Syntax;Syntax;Syntax;Syntax;Syntax;Syntax;Syntax;Syntax;Syntax;Syntax;Syntax;Syntax;Syntax;Syntax;Syntax;Syntax;Syntax;Syntax;Syntax;Syntax;Syntax;Syntax,18,0,10.16,10.089,10.195,,True,1,1999年数学建模国赛真题+优秀论文/1999年国赛优秀论文/1999A：自动化车床管理（1）.pdf,primary,47992C0891E70AB44181B6C7CFD63FAC6FFEE78B9BC3399188D1AD69A5396489,47992C0891E70AB44181B6C7CFD63FAC6FFEE78B9BC3399188D1AD69A5396489,active,0,1062,1,unknown,M A TH EM A T ICSINPRA CT ICE ANDTH EO R Y | rep lacem en t of cu tting too ls in the cou rse of con tin iou s com ponen t p rocessing by au tom a tic la thes,14.146,14.146,14.146,2026-08-18T00:06:15+08:00,167.56944444444446,475.0,1999
0,0,unknown,unknown,,,,2026-08-18T00:06:15+08:00,KaiTi,1,0,0,0,1,0,FORMAL,Q3_MANUAL_REQUIRED,Q3,PAPER,0,0,274.81388888888887,779.0,catalog/papers.csv; catalog/paper_files.csv; catalog/scale/g8_paper_status.csv,unknown,False,0,0,1,,,,0,False,font_or_text_layer_not_reliable,PORTRAIT,7,,UNKNOWN,0,"1,2,3,4,5,6,7",,,CUMCM-2003-B-006,0.8,image_based,B,B,------------------------------------;KaiTi,0,0,,,,,True,1,2003年数学建模国赛真题+优秀论文/2003年优秀论文/2003B：露天矿生产的车辆安排 (2).pdf,primary,C74FDA2CAA006A8E7C1B6DAED017029A4E24032C9FEFE8F415A328FE44E38EAF,C74FDA2CAA006A8E7C1B6DAED017029A4E24032C9FEFE8F415A328FE44E38EAF,active,0,35,1,unknown,,,,,2026-08-18T00:06:15+08:00,208.13888888888889,590.0,2003
0,0,unknown,unknown,,,,2026-08-18T00:06:15+08:00,KaiTi;SimSun/Song;Times New Roman,1,1,0,0,1,0,FORMAL,COMPLETE,Q2,PAPER,0,0,279.75277777777774,793.0,catalog/papers.csv; catalog/paper_files.csv; catalog/scale/g8_paper_status.csv,unknown,False,0,0,1,,,,0,False,,PORTRAIT,4,,UNKNOWN,0,,,,CUMCM-1998-B-002,1.0,text_based,B,B,------------------------------------;STSong-Light;Times-Roman;KaiTi,0,0,,,,,True,1,1998年数学建模国赛真题+优秀论文/1998年国赛优秀论文/1998B：灾情巡视路线最优解的证明.pdf,primary,AEA77C1928F637D91DEE5F427617A3930BAAC6EFD41FE5560427E03531CBC457,AEA77C1928F637D91DEE5F427617A3930BAAC6EFD41FE5560427E03531CBC457,active,0,16,1,unknown,,,,,2026-08-18T00:06:15+08:00,210.9611111111111,598.0,1998
0,0,unknown,unknown,19.65,19.544,20.108,2026-08-18T00:06:15+08:00,KaiTi;SimSun/Song;Syntax;Times New Roman;cajcd-fnta7;cajcd-fntaa,1,1,611,0,1,1,FORMAL,COMPLETE,Q2,PAPER,0,1,259.9972222222222,737.0,catalog/papers.csv; catalog/paper_files.csv; catalog/scale/g8_paper_status.csv,unknown,False,0,0,1,14.041,13.935,14.146,5,False,,PORTRAIT,6,,TOP,1,,,,CUMCM-2001-A-009,1.0,text_based,A,A,------------------------------------;STSong-Light;Times-Roman;cajcd-fntaa;Times-Italic;cajcd-fnta7;KaiTi;Times-Bold;Syntax;Syntax;Syntax;Syntax;Syntax;Syntax;Syntax;Syntax;Syntax;Syntax;Syntax;Syntax;Syntax;Syntax;Syntax;Syntax;Syntax;Syntax;Syntax;Syntax;Syntax;Syntax;Syntax;Syntax;Syntax;Syntax;Syntax;Syntax;Syntax;Syntax;Syntax;Syntax;Syntax;Syntax;Syntax;Syntax;Syntax;Syntax;Syntax;Syntax;Syntax;Syntax;Syntax;Syntax;Syntax;Syntax;Syntax;Syntax;Syntax;Syntax;Syntax;Syntax;Syntax;Syntax;Syntax;Syntax;Syntax;Syntax;Syntax;Syntax;Syntax;Syntax;Syntax;Syntax;Syntax;Syntax;Syntax;Syntax;Syntax;Syntax;Syntax;Syntax;Syntax;Syntax;Syntax;Syntax;Syntax;Syntax;Syntax;Syntax;Syntax;Syntax;Syntax;Syntax;Syntax;Syntax;Syntax;Syntax;Syntax;Syntax;Syntax;Syntax;Syntax;Syntax;Syntax;Syntax;Syntax;Syntax;Syntax;Syntax;Syntax;Syntax;Syntax;Syntax;Syntax;Syntax;Syntax;Syntax;Syntax;Syntax;Syntax;Syntax;Syntax;Syntax;Syntax;Syntax;Syntax;Syntax;Syntax;Syntax;Syntax;Syntax;Syntax;Syntax;Syntax;Syntax;Syntax;Syntax;Syntax;Syntax;Syntax;Syntax;Syntax;Syntax;Syntax;Syntax;Syntax;Syntax;Syntax;Syntax;Syntax;Syntax;Syntax;Syntax;Syntax;Syntax;Syntax;Syntax;Syntax;Syntax;Syntax;Syntax;Syntax;Syntax;Syntax;Syntax;Syntax;Syntax;Syntax;Syntax;Syntax;Syntax;Syntax;Syntax;Syntax;Syntax;Syntax;Syntax;Syntax;Syntax;Syntax;Syntax;Syntax;Syntax;Syntax;Syntax;Syntax;Syntax;Syntax;Syntax;Syntax;Syntax;Syntax;Syntax;Syntax;Syntax;Syntax;Syntax;Syntax;Syntax;Syntax;Syntax;Syntax;Syntax;Syntax;Syntax;Syntax;Syntax;Syntax;Syntax;Syntax;Syntax;Syntax;Syntax;Syntax;Syntax;Syntax;Syntax;Syntax;Syntax;Syntax;Syntax;Syntax;Syntax;Syntax;Syntax;Syntax;Syntax;Syntax;Syntax;Syntax;Syntax;Syntax;Syntax;Syntax;Syntax;Syntax;Syntax;Syntax;Syntax;Syntax;Syntax;Syntax;Syntax;Syntax;Syntax;Syntax;Syntax;Syntax;Syntax;Syntax;Syntax;Syntax;Syntax;Syntax;Syntax;Syntax;Syntax;Syntax;Syntax;Syntax;Syntax;Syntax;Syntax;Syntax;Syntax;Syntax;Syntax;Syntax;Syntax;Syntax;Syntax;Syntax;Syntax;Syntax;Syntax;Syntax;Syntax;Syntax;Syntax;Syntax;Syntax;Syntax;Syntax;Syntax;Syntax;Syntax;Syntax;Syntax;Syntax;Syntax;Syntax;Syntax;Syntax;Syntax;Syntax;Syntax;Syntax;Syntax;Syntax;Syntax;Syntax;Syntax;Syntax;Syntax;Syntax;Syntax;Syntax;Syntax;Syntax;Syntax;Syntax;Syntax;Syntax;Syntax;Syntax;Syntax;Syntax;Syntax;Syntax;Syntax;Syntax;Syntax;Syntax;Syntax;Syntax;Syntax;Syntax;Syntax;Syntax;Syntax;Syntax;Syntax;Syntax;Syntax;Syntax;Syntax;Syntax;Syntax;Syntax;Syntax;Syntax;Syntax;Syntax;Syntax;Syntax;Syntax;Syntax;Syntax;Syntax;Syntax;Syntax;Syntax;Syntax;Syntax;Syntax;Syntax;Syntax;Syntax;Syntax;Syntax;Syntax;Syntax;Syntax;Syntax;Syntax;Syntax;Syntax;Syntax;Syntax;Syntax;Syntax;Syntax;Syntax;Syntax;Syntax;Syntax;Syntax;Syntax;Syntax;Syntax;Syntax;Syntax;Syntax;Syntax;Syntax;Syntax;Syntax;Syntax;Syntax;Syntax;Syntax;Syntax;Syntax;Syntax;Syntax;Syntax;Syntax;Syntax;Syntax;Syntax;Syntax;Syntax;Syntax;Syntax;Syntax;Syntax;Syntax;Syntax;Syntax;Syntax;Syntax;Syntax;Syntax;Syntax;Syntax;Syntax;Syntax;Syntax;Syntax;Syntax;Syntax;Syntax;Syntax;Syntax;Syntax;Syntax;Syntax;Syntax;Syntax;Syntax;Syntax;Syntax;Syntax;Syntax;Syntax;Syntax;Syntax;Syntax;Syntax;Syntax;Syntax;Syntax;Syntax;Syntax;Syntax;Syntax;Syntax;Syntax;Syntax;Syntax;Syntax;Syntax;Syntax;Syntax;Syntax;Syntax;Syntax;Syntax;Syntax;Syntax;Syntax;Syntax;Syntax;Syntax;Syntax;Syntax;Syntax;Syntax;Syntax;Syntax;Syntax;Syntax;Syntax;Syntax;Syntax;Syntax;Syntax;Syntax;Syntax;Syntax;Syntax;Syntax;Syntax;Syntax;Syntax;Syntax;Syntax;Syntax;Syntax;Syntax;Syntax;Syntax;Syntax;Syntax;Syntax;Syntax;Syntax;Syntax;Syntax;Syntax;Syntax;Syntax;Syntax;Syntax;Syntax;Syntax;Syntax;Syntax;Syntax;Syntax;Syntax;Syntax;Syntax;Syntax;Syntax;Syntax;Syntax;Syntax;Syntax;Syntax;Syntax;Syntax;Syntax;Syntax;Syntax;Syntax;Syntax;Syntax;Syntax;Syntax;Syntax;Syntax;Syntax;Syntax;Syntax;Syntax;Syntax;Syntax;Syntax;Syntax;Syntax;Syntax;Syntax;Syntax;Syntax;Syntax;Syntax;Syntax;Syntax;Syntax;Syntax;Syntax;Syntax;Syntax;Syntax;Syntax;Syntax;Syntax;Syntax;Syntax;Syntax;Syntax;Syntax;Syntax;Syntax;Syntax;Syntax;Syntax;Syntax;Syntax;Syntax;Syntax;Syntax;Syntax;Syntax;Syntax;Syntax;Syntax;Syntax;Syntax;Syntax;Syntax;Syntax;Syntax;Syntax;Syntax;Syntax;Syntax;Syntax;Syntax;Syntax;Syntax;Syntax;Syntax;Syntax;Syntax;Syntax;Syntax;Syntax;Syntax;Syntax;Syntax;Syntax;Syntax;Syntax;Syntax;Syntax;Syntax;Syntax;Syntax;Syntax;Syntax;Syntax;Syntax;Syntax;Syntax;Syntax;Syntax;Syntax;Syntax;Syntax;Syntax;Syntax;Syntax;Syntax;Syntax;Syntax;Syntax;Syntax;Syntax;Syntax;Syntax;Syntax;Syntax;Syntax;Syntax;Syntax;Syntax;Syntax;Syntax;Syntax;Syntax;Syntax;Syntax;Syntax;Syntax;Syntax;Syntax;Syntax;Syntax;Syntax;Syntax;Syntax;Syntax;Syntax;Syntax;Syntax,6,0,13.984,13.053,13.992,,True,1,2001年数学建模国赛真题+优秀论文/2001年国赛优秀论文/2001A：血管切片的三维重建 (2).pdf,primary,81DEAC31BCAB1054F91AC5F9E82EF8628921F39F470091C0FA392AD82F33E3DF,81DEAC31BCAB1054F91AC5F9E82EF8628921F39F470091C0FA392AD82F33E3DF,active,0,1501,1,unknown,J OU RNAL O F EN GIN EERIN G MA THEMA TICS,16.792,16.792,16.792,2026-08-18T00:06:15+08:00,176.0361111111111,499.0,2001
0,0,unknown,unknown,,,,2026-08-18T00:06:15+08:00,KaiTi,1,0,0,0,1,0,FORMAL,Q3_MANUAL_REQUIRED,Q3,PAPER,0,0,277.6361111111111,787.0,catalog/papers.csv; catalog/paper_files.csv; catalog/scale/g8_paper_status.csv,unknown,False,0,0,1,,,,0,False,font_or_text_layer_not_reliable,PORTRAIT,3,,UNKNOWN,0,"1,2,3",,,CUMCM-1995-A-005,0.8,image_based,A,A,------------------------------------;KaiTi,0,0,,,,,True,1,1995年数学建模国赛真题+优秀论文/1995年国赛优秀论文/1995A：飞行管理问题约束条件的线性化.pdf,primary,249D8D8BA11D56A83FAC428575A64143298D10BF2C7F071326F4E9EDAD89E873,249D8D8BA11D56A83FAC428575A64143298D10BF2C7F071326F4E9EDAD89E873,active,0,12,1,unknown,,,,,2026-08-18T00:06:15+08:00,203.90555555555554,578.0,1995
,,unknown,unknown,,,,2026-08-18T00:06:15+08:00,,0,0,,,0,,FORMAL,,,NOT_IN_G8_STATUS,,,,,catalog/papers.csv; catalog/paper_files.csv; catalog/scale/g8_paper_status.csv,unknown,,,,0,,,,,,No analyzable PAPER PDF selected; identity retained in full corpus inventory.,UNKNOWN,,,,,,,,CUMCM-2015-A-003,,NOT_ANALYZED,A,A,,,,,,,,True,1,2015年数学建模国赛真题+优秀论文/2015年优秀论文/2015A：太阳影子定位 (2).pdf,primary,FC454F4CFAA4954CA17102D39CFA948733FE649D006CFF8C1DAD4B8FADDB809F,FC454F4CFAA4954CA17102D39CFA948733FE649D006CFF8C1DAD4B8FADDB809F,active,,,0,unknown,,,,,2026-08-18T00:06:15+08:00,,,2015
,,unknown,unknown,,,,2026-08-18T00:06:15+08:00,,0,0,,,0,,FORMAL,INELIGIBLE,,PROBLEM_PACKAGE,,,,,catalog/papers.csv; catalog/paper_files.csv; catalog/scale/g8_paper_status.csv,unknown,,,,0,,,,,,No analyzable PAPER PDF selected; identity retained in full corpus inventory.,UNKNOWN,,,,,,,,CUMCM-2017-D-002,,NOT_ANALYZED,D,D,,,,,,,,True,1,2017年数学建模国赛真题+优秀论文/2017年赛题/2017年国赛D题.docx,primary,D93035A8655B15C13C1FBB2E4B6EBF888C2B3F45F94ACB058944A0003C6643B7,D93035A8655B15C13C1FBB2E4B6EBF888C2B3F45F94ACB058944A0003C6643B7,active,,,0,unknown,,,,,2026-08-18T00:06:15+08:00,,,2017
1,1,unknown,unknown,18.221,18.221,18.221,2026-08-18T00:06:15+08:00,Arial;KaiTi;MT-Extra;SimHei;SimSun/Song;SymbolMT;Times New Roman,1,1,739,19,1,1,FORMAL,COMPLETE,Q2,PAPER,0,0,297.00361111111107,841.9,catalog/papers.csv; catalog/paper_files.csv; catalog/scale/g8_paper_status.csv,unknown,True,0,1,1,31.75,31.75,31.75,28,False,,PORTRAIT,29,,BOTTOM,1,,,,CUMCM-2006-B-003,1.0,text_based,B,B,------------------------------------;LNUHNF+SimSun;AUWCNV+TimesNewRomanPSMT;ESHXQI+TimesNewRomanPS-BoldMT;KaiTi;XEKKFX+SimHei;TYEPLS+TimesNewRomanPS-ItalicMT;TZCMBP+SymbolMT;MUFUVC+MT-Extra;VMBCQV+ArialMT,46,1,31.194,29.627,37.193,,True,1,2006年数学建模国赛真题+优秀论文/2006年优秀论文/2006B：艾滋病疗法的评价及疗效的预测（2）.pdf,primary,3E09A80A11C3330E8F410E47E398E02E2E9BE207C8B6BB88AAEEDE8883FE0FB2,3E09A80A11C3330E8F410E47E398E02E2E9BE207C8B6BB88AAEEDE8883FE0FB2,active,14,2212,1,unknown,,27.577,25.929,31.047,2026-08-18T00:06:15+08:00,210.00861111111107,595.3,2006
0,0,unknown,unknown,,,,2026-08-18T00:06:15+08:00,KaiTi;Times New Roman,1,1,0,0,1,0,FORMAL,COMPLETE,Q2,PAPER,0,0,297.0388888888889,842.0,catalog/papers.csv; catalog/paper_files.csv; catalog/scale/g8_paper_status.csv,unknown,True,0,0,1,,,,0,False,,PORTRAIT,1,,UNKNOWN,0,,,,CUMCM-1992-A-001,1.0,text_based,A,A,------------------------------------;TimesNewRoman;KaiTi,20,0,,,,,True,1,1992年数学建模国赛优秀论文/1992年A题优秀论文③ 施肥效果分析.pdf,primary,F784800B2EE0929904DA04B05C302B0E68D299A70818956AB615EE8D98DD6F2B,F784800B2EE0929904DA04B05C302B0E68D299A70818956AB615EE8D98DD6F2B,active,0,186,1,unknown,,,,,2026-08-18T00:06:15+08:00,210.25555555555556,596.0,1992
1,1,unknown,unknown,18.348,18.348,18.348,2026-08-18T00:06:15+08:00,Calibri;SimSun/Song;SymbolMT;Times New Roman;Wingdings-Regular,1,1,275,15,1,1,FORMAL,COMPLETE,Q2,PAPER,0,0,297.00361111111107,841.9,catalog/papers.csv; catalog/paper_files.csv; catalog/scale/g8_paper_status.csv,unknown,True,0,1,1,31.75,31.75,31.75,23,False,,PORTRAIT,25,,BOTTOM,1,,,,CUMCM-2017-B-004,1.0,text_based,B,B,------------------------------------;LNUHNF+SimSun;ZLXSHE+Calibri;TVOIEN+Calibri-Bold;TZCMBP+SymbolMT;AUWCNV+TimesNewRomanPSMT;TYEPLS+TimesNewRomanPS-ItalicMT;CSKSUK+Wingdings-Regular,59,1,31.688,29.901,31.743,,True,1,2017年数学建模国赛真题+优秀论文/2017年优秀论文/2017B：“拍照赚钱”的任务定价 (6).pdf,primary,D5FF068F7AB3C1568BB42C34C89B699211C32C6401F9DC92141CFCD72391F91F,D5FF068F7AB3C1568BB42C34C89B699211C32C6401F9DC92141CFCD72391F91F,active,5,1341,1,unknown,“拍照赚钱”的任务定价 | 广州，深圳，东莞四个城市，对四个城市内会员分布进行聚类分析，得到三个研,26.814,26.814,27.653,2026-08-18T00:06:15+08:00,210.00861111111107,595.3,2017
0,0,unknown,unknown,,,,2026-08-18T00:06:15+08:00,KaiTi,1,0,0,0,1,0,FORMAL,Q3_MANUAL_REQUIRED,Q3,PAPER,0,0,281.1638888888889,797.0,catalog/papers.csv; catalog/paper_files.csv; catalog/scale/g8_paper_status.csv,unknown,False,0,0,1,,,,0,False,font_or_text_layer_not_reliable,PORTRAIT,8,,UNKNOWN,0,"1,2,3,4,5,6,7,8",,,CUMCM-2004-B-007,0.8,image_based,B,B,------------------------------------;KaiTi,0,0,,,,,True,1,2004年数学建模国赛真题+优秀论文/2004优秀论文/2004B：电力市场输电阻塞管理模型.pdf,primary,80C165D41813DD37BA50E4E7C172F4B9ED6FA162C0D2C5D885421E5B52209DDA,80C165D41813DD37BA50E4E7C172F4B9ED6FA162C0D2C5D885421E5B52209DDA,active,0,40,1,unknown,,,,,2026-08-18T00:06:15+08:00,199.67222222222222,566.0,2004
,,unknown,unknown,,,,2026-08-18T00:06:15+08:00,,0,0,,,0,,FORMAL,INELIGIBLE,,SUPPORTING_MATERIAL,,,,,catalog/papers.csv; catalog/paper_files.csv; catalog/scale/g8_paper_status.csv,unknown,,,,0,,,,,,No analyzable PAPER PDF selected; identity retained in full corpus inventory.,UNKNOWN,,,,,,,,CUMCM-2014-D-004,,NOT_ANALYZED,D,D,,,,,,,,True,1,2014年数学建模国赛真题+优秀论文/2014优秀论文/2014D：储药槽的设计/Q2_best.fig,primary,9625ED405C01A62BC222F3CF248FD0CBDA023D3CD7F4561CBBC28F40EB07C7D4,9625ED405C01A62BC222F3CF248FD0CBDA023D3CD7F4561CBBC28F40EB07C7D4,active,,,0,unknown,,,,,2026-08-18T00:06:15+08:00,,,2014
1,0,unknown,unknown,21.04,21.04,21.04,2026-08-18T00:06:15+08:00,Arial;Calibri;Cambria;KaiTi;Monospace;SimSun/Song;Times New Roman;Wingdings,1,1,284,17,1,1,FORMAL,COMPLETE,Q2,PAPER,0,0,297.053,842.04,catalog/papers.csv; catalog/paper_files.csv; catalog/scale/g8_paper_status.csv,unknown,True,0,1,1,25.027,25.027,25.027,19,False,,PORTRAIT,20,,BOTTOM,1,,,,CUMCM-2009-B-003,1.0,text_based,B,B,------------------------------------;Times;SimSun;KaiTi;ABCDEE+Cambria;ABCDEE+Calibri;Arial;ABCDEE+Cambria;ABCDEE+Cambria;Times;ABCDEE+Courier;ABCDEE+Wingdings,81,1,-64.62,-64.62,-64.62,,True,1,2009年数学建模国赛真题+优秀论文/2009年优秀论文/2009B：基于蒙特卡洛模拟的眼科病床安排排队模型.pdf,primary,DE41E612717B5E37C9D393899924C0BD62F2304121B0177F83C91CA9827FC094,DE41E612717B5E37C9D393899924C0BD62F2304121B0177F83C91CA9827FC094,active,12,1564,1,unknown,基于蒙特卡洛模拟的眼科病床安排排队模型 | 和患者两个角度出发，归纳出与医院床位管理的五个因素：平均住院日数、病床使用率、,25.026,25.019,27.704,2026-08-18T00:06:15+08:00,210.01566666666668,595.32,2009
0,0,unknown,unknown,,,,2026-08-18T00:06:15+08:00,KaiTi;Times New Roman,1,0,0,0,1,1,FORMAL,Q3_MANUAL_REQUIRED,Q3,PAPER,0,0,278.34166666666664,789.0,catalog/papers.csv; catalog/paper_files.csv; catalog/scale/g8_paper_status.csv,unknown,False,0,0,1,,,,0,False,font_or_text_layer_not_reliable,PORTRAIT,6,,UNKNOWN,0,"1,2,3,4,5,6",,,CUMCM-1997-A-004,0.8,image_based,A,A,------------------------------------;Times-Italic;KaiTi,0,0,,,,,True,1,1997年数学建模国赛真题+优秀论文/1997年国赛优秀论文/1997A：零件的参数设计（4）.pdf,primary,DDABD484517E29DC6185E04122B7473D4E1BD93905D8256E203FFD0F68846701,DDABD484517E29DC6185E04122B7473D4E1BD93905D8256E203FFD0F68846701,active,0,30,1,unknown,,,,,2026-08-18T00:06:15+08:00,206.0222222222222,584.0,1997
1,1,unknown,unknown,33.113,31.113,52.395,2026-08-18T00:06:15+08:00,Calibri;Cambria;Helvetica;MICROSOFT;Microsoft,1,1,883,15,1,0,FORMAL,COMPLETE,Q2,PAPER,0,0,297.0106666666666,841.92,catalog/papers.csv; catalog/paper_files.csv; catalog/scale/g8_paper_status.csv,unknown,True,0,1,1,31.758,31.758,31.758,36,False,,PORTRAIT,37,,UNKNOWN,0,,,,CUMCM-2016-A-004,1.0,text_based,A,A,------------------------------------;ABCDEE+Calibri;ABCDEE+Cambria;ABCDEE+Calibri;ABCDEE+Calibri;ABCDEE+MICROSOFT;Helvetica;ABCDEE+Microsoft,36,1,31.672,29.654,31.87,,True,1,2016年数学建模国赛真题+优秀论文/2016年优秀论文/2016A：基于极值系泊系统设计 (2).pdf,primary,20F72872C499F57A38E7D0121C98C270A4C1E518C399DE506F69928F45A86EF9,20F72872C499F57A38E7D0121C98C270A4C1E518C399DE506F69928F45A86EF9,active,13,2365,1,unknown,基于力学分析的系泊系统设计 | 计算海水深度为 18m 时所对应的吃水深度和各物体的倾角。利用 MATLAB 软件,25.993,25.866,26.804,2026-08-18T00:06:15+08:00,210.01566666666668,595.32,2016
0,0,unknown,unknown,,,,2026-08-18T00:06:15+08:00,KaiTi;Times New Roman,1,1,0,0,1,0,FORMAL,COMPLETE,Q2,PAPER,0,1,296.6861111111111,841.0,catalog/papers.csv; catalog/paper_files.csv; catalog/scale/g8_paper_status.csv,unknown,True,0,0,1,,,,0,False,,PORTRAIT,6,,UNKNOWN,0,,,,CUMCM-2002-A-009,1.0,text_based,A,A,------------------------------------;Times-Roman;KaiTi,0,0,,,,,True,1,2002年数学建模国赛真题+优秀论文/2002年优秀论文/2002A：车灯灯丝长度优化设计的数学模型和数值模拟.pdf,primary,B5217584F6B1DB53C1F4013BD7582A69B99EF6CBF3C3F7177FFC478443E5A024,B5217584F6B1DB53C1F4013BD7582A69B99EF6CBF3C3F7177FFC478443E5A024,active,0,30,1,unknown,,,,,2026-08-18T00:06:15+08:00,209.90277777777777,595.0,2002
0,0,unknown,unknown,,,,2026-08-18T00:06:15+08:00,KaiTi,1,0,0,0,1,0,FORMAL,Q3_MANUAL_REQUIRED,Q3,PAPER,0,0,285.115,808.2,catalog/papers.csv; catalog/paper_files.csv; catalog/scale/g8_paper_status.csv,unknown,False,0,0,1,,,,0,False,font_or_text_layer_not_reliable,PORTRAIT,34,,UNKNOWN,0,"1,2,3,4,5,6,7,8,9,10,11,12,13,14,15,16,17,18,19,20,21,22,23,24,25,26,27,28,29,30,31,32,33,34",,,CUMCM-2020-B-004,0.8,image_based,B,B,------------------------------------;KaiTi,0,0,,,,,True,1,2020年数学建模国赛真题+优秀论文/2020年优秀论文/2020B：穿越沙漠游戏下玩家的最优策略模型.pdf,primary,15D8BBCDC619EDFC18DADD681AA8349DCC56F19344370E3B2DEBE30EDCD7A04B,15D8BBCDC619EDFC18DADD681AA8349DCC56F19344370E3B2DEBE30EDCD7A04B,active,0,102,1,unknown,,,,,2026-08-18T00:06:15+08:00,201.549,571.32,2020
1,1,unknown,unknown,18.381,18.381,18.381,2026-08-18T00:06:15+08:00,Arial;Monospace;Symbol;Times New Roman,1,1,147,8,1,1,FORMAL,COMPLETE,Q2,PAPER,0,0,297.0106666666666,841.92,catalog/papers.csv; catalog/paper_files.csv; catalog/scale/g8_paper_status.csv,unknown,True,0,1,1,24.985,24.985,24.985,22,False,,PORTRAIT,24,,BOTTOM,1,,,,CUMCM-2016-D-003,0.88,text_based,D,D,------------------------------------;Times;Symbol;Times;Arial;ABCDEE+Courier,70,1,24.984,24.15,25.959,,True,1,2016年数学建模国赛真题+优秀论文/2016年优秀论文/2016D：风电场运行状况分析及维护计划优化 (3).pdf,primary,6C820E1039671B5C6B5E739CDE208CCDA3A91779D72837318608AFA843FBF61B,6C820E1039671B5C6B5E739CDE208CCDA3A91779D72837318608AFA843FBF61B,active,13,1818,1,unknown,风电场运行状况分析及优化研究 | 针对问题一，首先利用 SPSS 软件对全年数据进行探索性分析；接着分别选择以自,24.984,24.899,29.979,2026-08-18T00:06:15+08:00,210.05800000000002,595.44,2016
,,unknown,unknown,,,,2026-08-18T00:06:15+08:00,,0,0,,,0,,FORMAL,COMPLETE,UNKNOWN,PAPER,,,,,catalog/papers.csv; catalog/paper_files.csv; catalog/scale/g8_paper_status.csv,unknown,,,,0,,,,,,No analyzable PAPER PDF selected; identity retained in full corpus inventory.,UNKNOWN,,,,,,,,CUMCM-2012-C-003,,NOT_ANALYZED,C,C,,,,,,,,True,1,2012年数学建模国赛真题+优秀论文/2012年优秀论文/2012C：脑卒中发病环境因素分析及干预 (2).doc,primary,D3FCC8E0989C76486CBB665FBAC51F584EE1D8442012EFB49D6A50E3B45F2212,D3FCC8E0989C76486CBB665FBAC51F584EE1D8442012EFB49D6A50E3B45F2212,active,,,0,unknown,,,,,2026-08-18T00:06:15+08:00,,,2012
0,0,unknown,unknown,,,,2026-08-18T00:06:15+08:00,KaiTi,1,0,0,0,1,0,FORMAL,Q3_MANUAL_REQUIRED,Q3,PAPER,0,0,277.6361111111111,787.0,catalog/papers.csv; catalog/paper_files.csv; catalog/scale/g8_paper_status.csv,unknown,False,0,0,1,,,,0,False,font_or_text_layer_not_reliable,PORTRAIT,5,,UNKNOWN,0,"1,2,3,4,5",,,CUMCM-1995-A-006,0.8,image_based,A,A,------------------------------------;KaiTi,0,0,,,,,True,1,1995年数学建模国赛真题+优秀论文/1995年国赛优秀论文/1995A：飞行管理模型的能量梯度求解法.pdf,primary,17F52641182DCB02A799F969FE7374B339BEC2933894F05438DDB76A9380160D,17F52641182DCB02A799F969FE7374B339BEC2933894F05438DDB76A9380160D,active,0,20,1,unknown,,,,,2026-08-18T00:06:15+08:00,203.90555555555554,578.0,1995
0,0,unknown,unknown,,,,2026-08-18T00:06:15+08:00,Times New Roman,1,1,0,0,1,0,FORMAL,COMPLETE,Q2,PAPER,0,1,259.9266666666666,736.8,catalog/papers.csv; catalog/paper_files.csv; catalog/scale/g8_paper_status.csv,unknown,False,0,0,1,,,,0,False,,PORTRAIT,9,,UNKNOWN,0,,,,CUMCM-2005-A-003,1.0,text_based,A,A,------------------------------------;Times-Roman,0,0,,,,,True,1,2005年数学建模国赛真题+优秀论文/2005年国赛优秀论文/2005A：长江水质的评价和预测.pdf,primary,27B1D68EFF81F79FCD3DEDC31C5D4020D1D2CE42D541837283493558C52DE507,27B1D68EFF81F79FCD3DEDC31C5D4020D1D2CE42D541837283493558C52DE507,active,0,36,1,unknown,,,,,2026-08-18T00:06:15+08:00,200.4906666666667,568.32,2005
,,unknown,unknown,,,,2026-08-18T00:06:15+08:00,,0,0,,,0,,FORMAL,INELIGIBLE,,SUPPORTING_MATERIAL,,,,,catalog/papers.csv; catalog/paper_files.csv; catalog/scale/g8_paper_status.csv,unknown,,,,0,,,,,,No analyzable PAPER PDF selected; identity retained in full corpus inventory.,UNKNOWN,,,,,,,,CUMCM-2014-A-002,,NOT_ANALYZED,A,A,,,,,,,,True,1,2014年数学建模国赛真题+优秀论文/2014优秀论文/2014A：嫦娥三号软着陆轨道设计与控制策略 (3)/精粗避障阶段图.doc,primary,4A18837E8106AC2840255C9F6B6EC17E57192AF737B8A514D3DBA043A2B34F6F,4A18837E8106AC2840255C9F6B6EC17E57192AF737B8A514D3DBA043A2B34F6F,active,,,0,unknown,,,,,2026-08-18T00:06:15+08:00,,,2014
,,unknown,unknown,,,,2026-08-18T00:06:15+08:00,,0,0,,,0,,FORMAL,INELIGIBLE,,SUPPORTING_MATERIAL,,,,,catalog/papers.csv; catalog/paper_files.csv; catalog/scale/g8_paper_status.csv,unknown,,,,0,,,,,,No analyzable PAPER PDF selected; identity retained in full corpus inventory.,UNKNOWN,,,,,,,,CUMCM-2012-A-002,,NOT_ANALYZED,A,A,,,,,,,,True,1,2012年数学建模国赛真题+优秀论文/2012年优秀论文/2012A：葡萄酒的评价/hdjco.sas,primary,C1B68525F0469052272206CE370AF45CEBCBEE7272E32E84E2AF439B3974C3B2,C1B68525F0469052272206CE370AF45CEBCBEE7272E32E84E2AF439B3974C3B2,active,,,0,unknown,,,,,2026-08-18T00:06:15+08:00,,,2012
,,unknown,unknown,,,,2026-08-18T00:06:15+08:00,,0,0,,,0,,FORMAL,INELIGIBLE,,SUPPORTING_MATERIAL,,,,,catalog/papers.csv; catalog/paper_files.csv; catalog/scale/g8_paper_status.csv,unknown,,,,0,,,,,,No analyzable PAPER PDF selected; identity retained in full corpus inventory.,UNKNOWN,,,,,,,,CUMCM-2011-D-029,,NOT_ANALYZED,D,D,,,,,,,,True,1,2011年数学建模国赛真题+优秀论文/2011年优秀论文/2011D：天然肠衣搭配问题(1)/规格3步骤29.lg4,primary,9D2DD97FBE251F94E0A2B0E3AD76467237638139B6402C54B3D6F66BA3EF6DBE,9D2DD97FBE251F94E0A2B0E3AD76467237638139B6402C54B3D6F66BA3EF6DBE,active,,,0,unknown,,,,,2026-08-18T00:06:15+08:00,,,2011
0,0,unknown,unknown,19.614,19.473,26.035,2026-08-18T00:06:15+08:00,KaiTi;SimSun/Song;Syntax;Times New Roman;cajcd-fnta8;cajcd-fntaa,1,1,451,0,1,1,FORMAL,COMPLETE,Q2,PAPER,0,1,259.9972222222222,737.0,catalog/papers.csv; catalog/paper_files.csv; catalog/scale/g8_paper_status.csv,unknown,False,0,0,1,14.146,14.146,14.146,7,False,,PORTRAIT,8,,TOP,1,,,,CUMCM-2001-B-007,1.0,text_based,B,B,------------------------------------;STSong-Light;Times-Roman;cajcd-fntaa;Times-Italic;KaiTi;cajcd-fnta8;Times-Bold;Syntax;Syntax;Syntax;Syntax;Syntax;Syntax;Syntax;Syntax;Syntax;Syntax;Syntax;Syntax;Syntax;Syntax;Syntax;Syntax;Syntax;Syntax;Syntax;Syntax;Syntax;Syntax;Syntax;Syntax;Syntax;Syntax;Syntax;Syntax;Syntax;Syntax;Syntax;Syntax;Syntax;Syntax;Syntax;Syntax;Syntax;Syntax;Syntax;Syntax;Syntax;Syntax;Syntax;Syntax;Syntax;Syntax;Syntax;Syntax;Syntax;Syntax;Syntax;Syntax;Syntax;Syntax;Syntax;Syntax;Syntax;Syntax;Syntax;Syntax;Syntax;Syntax;Syntax;Syntax;Syntax;Syntax;Syntax;Syntax;Syntax;Syntax;Syntax;Syntax;Syntax;Syntax;Syntax;Syntax;Syntax;Syntax;Syntax;Syntax;Syntax;Syntax;Syntax;Syntax;Syntax;Syntax;Syntax;Syntax;Syntax;Syntax;Syntax;Syntax;Syntax;Syntax;Syntax;Syntax;Syntax;Syntax;Syntax;Syntax;Syntax;Syntax;Syntax;Syntax;Syntax;Syntax;Syntax;Syntax;Syntax;Syntax;Syntax;Syntax;Syntax;Syntax;Syntax;Syntax;Syntax;Syntax;Syntax;Syntax;Syntax;Syntax;Syntax;Syntax;Syntax;Syntax;Syntax;Syntax;Syntax;Syntax;Syntax;Syntax;Syntax;Syntax;Syntax;Syntax;Syntax;Syntax;Syntax;Syntax;Syntax;Syntax;Syntax;Syntax;Syntax;Syntax;Syntax;Syntax;Syntax;Syntax;Syntax;Syntax;Syntax;Syntax;Syntax;Syntax;Syntax;Syntax;Syntax;Syntax;Syntax;Syntax;Syntax;Syntax;Syntax;Syntax;Syntax;Syntax;Syntax;Syntax;Syntax;Syntax;Syntax;Syntax;Syntax;Syntax;Syntax;Syntax;Syntax;Syntax;Syntax;Syntax;Syntax;Syntax;Syntax;Syntax;Syntax;Syntax;Syntax;Syntax;Syntax;Syntax;Syntax;Syntax;Syntax;Syntax;Syntax;Syntax;Syntax;Syntax;Syntax;Syntax;Syntax;Syntax;Syntax;Syntax;Syntax;Syntax;Syntax;Syntax;Syntax;Syntax;Syntax;Syntax;Syntax;Syntax;Syntax;Syntax;Syntax;Syntax;Syntax;Syntax;Syntax;Syntax;Syntax;Syntax;Syntax;Syntax;Syntax;Syntax;Syntax;Syntax;Syntax;Syntax;Syntax;Syntax;Syntax;Syntax;Syntax;Syntax;Syntax;Syntax;Syntax;Syntax;Syntax;Syntax;Syntax;Syntax;Syntax;Syntax;Syntax;Syntax;Syntax;Syntax;Syntax;Syntax;Syntax;Syntax;Syntax;Syntax;Syntax;Syntax;Syntax;Syntax;Syntax;Syntax;Syntax;Syntax;Syntax;Syntax;Syntax;Syntax;Syntax;Syntax;Syntax;Syntax;Syntax;Syntax;Syntax;Syntax;Syntax;Syntax;Syntax;Syntax;Syntax;Syntax;Syntax;Syntax;Syntax;Syntax;Syntax;Syntax;Syntax;Syntax;Syntax;Syntax;Syntax;Syntax;Syntax;Syntax;Syntax;Syntax;Syntax;Syntax;Syntax;Syntax;Syntax;Syntax;Syntax;Syntax;Syntax;Syntax;Syntax;Syntax;Syntax;Syntax;Syntax;Syntax;Syntax;Syntax;Syntax;Syntax;Syntax;Syntax;Syntax;Syntax;Syntax;Syntax;Syntax;Syntax;Syntax;Syntax;Syntax;Syntax;Syntax;Syntax;Syntax;Syntax;Syntax;Syntax;Syntax;Syntax;Syntax;Syntax;Syntax;Syntax;Syntax;Syntax;Syntax;Syntax;Syntax;Syntax;Syntax;Syntax;Syntax;Syntax;Syntax;Syntax;Syntax;Syntax;Syntax;Syntax;Syntax;Syntax;Syntax;Syntax;Syntax;Syntax;Syntax;Syntax;Syntax;Syntax;Syntax;Syntax;Syntax;Syntax;Syntax;Syntax;Syntax;Syntax;Syntax;Syntax;Syntax;Syntax;Syntax;Syntax;Syntax;Syntax;Syntax;Syntax;Syntax;Syntax;Syntax;Syntax;Syntax;Syntax;Syntax;Syntax;Syntax;Syntax;Syntax;Syntax;Syntax;Syntax;Syntax;Syntax;Syntax;Syntax;Syntax;Syntax;Syntax;Syntax;Syntax;Syntax;Syntax;Syntax;Syntax;Syntax;Syntax;Syntax;Syntax;Syntax;Syntax;Syntax;Syntax;Syntax;Syntax;Syntax;Syntax;Syntax;Syntax;Syntax;Syntax;Syntax;Syntax;Syntax;Syntax;Syntax;Syntax;Syntax;Syntax;Syntax;Syntax;Syntax;Syntax;Syntax;Syntax;Syntax;Syntax;Syntax;Syntax;Syntax;Syntax;Syntax;Syntax;Syntax;Syntax;Syntax;Syntax;Syntax;Syntax;Syntax;Syntax;Syntax;Syntax;Syntax;Syntax;Syntax;Syntax;Syntax;Syntax;Syntax;Syntax;Syntax;Syntax;Syntax;Syntax;Syntax;Syntax;Syntax;Syntax;Syntax;Syntax;Syntax;Syntax;Syntax;Syntax;Syntax;Syntax;Syntax;Syntax;Syntax;Syntax;Syntax;Syntax;Syntax;Syntax;Syntax;Syntax;Syntax;Syntax;Syntax;Syntax;Syntax;Syntax;Syntax;Syntax;Syntax;Syntax;Syntax;Syntax;Syntax;Syntax;Syntax;Syntax;Syntax;Syntax;Syntax;Syntax;Syntax;Syntax;Syntax;Syntax;Syntax;Syntax;Syntax;Syntax;Syntax;Syntax;Syntax;Syntax;Syntax;Syntax;Syntax;Syntax;Syntax;Syntax;Syntax;Syntax;Syntax;Syntax;Syntax;Syntax;Syntax;Syntax;Syntax;Syntax;Syntax;Syntax;Syntax;Syntax;Syntax;Syntax;Syntax;Syntax;Syntax;Syntax;Syntax;Syntax;Syntax;Syntax;Syntax;Syntax;Syntax;Syntax;Syntax;Syntax;Syntax;Syntax;Syntax;Syntax;Syntax;Syntax;Syntax;Syntax;Syntax;Syntax;Syntax;Syntax;Syntax;Syntax;Syntax;Syntax;Syntax;Syntax;Syntax;Syntax;Syntax;Syntax;Syntax;Syntax;Syntax;Syntax;Syntax;Syntax;Syntax;Syntax;Syntax;Syntax;Syntax;Syntax;Syntax;Syntax;Syntax;Syntax;Syntax;Syntax;Syntax;Syntax;Syntax;Syntax;Syntax;Syntax;Syntax;Syntax;Syntax;Syntax;Syntax;Syntax;Syntax;Syntax;Syntax;Syntax;Syntax;Syntax;Syntax;Syntax;Syntax;Syntax;Syntax;Syntax;Syntax;Syntax;Syntax;Syntax;Syntax;Syntax;Syntax;Syntax;Syntax;Syntax;Syntax;Syntax;Syntax;Syntax;Syntax;Syntax;Syntax;Syntax;Syntax;Syntax;Syntax;Syntax;Syntax;Syntax;Syntax;Syntax;Syntax;Syntax;Syntax;Syntax;Syntax;Syntax;Syntax;Syntax;Syntax;Syntax;Syntax;Syntax;Syntax;Syntax;Syntax;Syntax;Syntax;Syntax;Syntax;Syntax;Syntax;Syntax;Syntax;Syntax;Syntax;Syntax;Syntax;Syntax;Syntax;Syntax;Syntax;Syntax;Syntax;Syntax;Syntax;Syntax;Syntax;Syntax;Syntax;Syntax;Syntax;Syntax;Syntax;Syntax;Syntax;Syntax;Syntax;Syntax;Syntax;Syntax;Syntax;Syntax;Syntax;Syntax;Syntax;Syntax;Syntax;Syntax;Syntax;Syntax;Syntax;Syntax;Syntax;Syntax;Syntax;Syntax;Syntax;Syntax;Syntax;Syntax;Syntax;Syntax;Syntax;Syntax;Syntax;Syntax;Syntax;Syntax;Syntax;Syntax;Syntax;Syntax;Syntax;Syntax;Syntax;Syntax;Syntax;Syntax;Syntax;Syntax;Syntax;Syntax;Syntax;Syntax;Syntax;Syntax;Syntax;Syntax;Syntax;Syntax;Syntax;Syntax;Syntax;Syntax;Syntax;Syntax;Syntax;Syntax;Syntax;Syntax;Syntax;Syntax;Syntax;Syntax;Syntax;Syntax;Syntax;Syntax;Syntax;Syntax;Syntax;Syntax;Syntax;Syntax;Syntax;Syntax;Syntax;Syntax;Syntax;Syntax;Syntax;Syntax;Syntax;Syntax;Syntax;Syntax;Syntax;Syntax;Syntax;Syntax;Syntax;Syntax;Syntax;Syntax;Syntax;Syntax;Syntax;Syntax;Syntax;Syntax;Syntax;Syntax;Syntax;Syntax;Syntax;Syntax;Syntax;Syntax;Syntax;Syntax;Syntax;Syntax;Syntax;Syntax;Syntax;Syntax;Syntax;Syntax;Syntax;Syntax;Syntax;Syntax;Syntax;Syntax;Syntax;Syntax;Syntax;Syntax;Syntax;Syntax;Syntax;Syntax;Syntax;Syntax;Syntax;Syntax;Syntax;Syntax;Syntax;Syntax;Syntax;Syntax;Syntax;Syntax;Syntax;Syntax;Syntax;Syntax;Syntax;Syntax;Syntax;Syntax;Syntax;Syntax;Syntax;Syntax;Syntax;Syntax,10,0,13.519,12.351,13.896,,True,1,2001年数学建模国赛真题+优秀论文/2001年国赛优秀论文/2001B：公交车调度问题的研究.pdf,primary,044F8116300A68D7DD1EB481A9F8C2A2717981DE03A8463C5233D038054A6CBD,044F8116300A68D7DD1EB481A9F8C2A2717981DE03A8463C5233D038054A6CBD,active,0,1715,1,unknown,J OU RNAL O F EN GIN EERIN G MA THEMA TICS,16.792,16.792,16.792,2026-08-18T00:06:15+08:00,176.0361111111111,499.0,2001
1,0,unknown,unknown,21.862,21.862,21.862,2026-08-18T00:06:15+08:00,Arial;MicrosoftYaHei;SimHei;SimSun/Song;SymbolMT;Times New Roman,1,1,1931,21,1,0,FORMAL,COMPLETE,Q2,PAPER,0,0,297.00361111111107,841.9,catalog/papers.csv; catalog/paper_files.csv; catalog/scale/g8_paper_status.csv,unknown,True,0,1,1,31.75,31.75,31.75,45,False,,PORTRAIT,46,,BOTTOM,1,,,,CUMCM-2016-A-005,1.0,text_based,A,A,------------------------------------;XEKKFX+SimHei;LNUHNF+SimSun;TZCMBP+SymbolMT;AUWCNV+TimesNewRomanPSMT;TYEPLS+TimesNewRomanPS-ItalicMT;VMBCQV+ArialMT;YMVEVT+MicrosoftYaHei,57,1,30.092,29.584,31.659,,True,1,2016年数学建模国赛真题+优秀论文/2016年优秀论文/2016A：基于极值系泊系统设计 (4).pdf,primary,60A24DC1D9D5C453DA3966CBE5A53EEBA73E5190145ED3518EBDFA98A59FB062,60A24DC1D9D5C453DA3966CBE5A53EEBA73E5190145ED3518EBDFA98A59FB062,active,12,4920,1,unknown,系泊系统设计的多目标优化模型 | 当海面风速为 12m/s 和 24m/s 时，对于钢桶和各节钢管的倾斜角度、锚链形,25.418,25.418,25.418,2026-08-18T00:06:15+08:00,210.00861111111107,595.3,2016
1,1,unknown,unknown,18.221,18.221,18.221,2026-08-18T00:06:15+08:00,KaiTi;LiSu;SimHei;SimSun/Song;SymbolMT;Times New Roman,1,1,56,14,1,1,FORMAL,COMPLETE,Q2,PAPER,0,0,297.00361111111107,841.9,catalog/papers.csv; catalog/paper_files.csv; catalog/scale/g8_paper_status.csv,unknown,True,0,1,1,25.019,25.019,25.019,17,False,,PORTRAIT,25,,BOTTOM,1,"13,14,15,16,17,18,19",,,CUMCM-2011-A-006,0.69,mixed,A,A,------------------------------------;TOQAGW+STKaiti;ESHXQI+TimesNewRomanPS-BoldMT;LNUHNF+SimSun;AUWCNV+TimesNewRomanPSMT;XEKKFX+SimHei;CUDFXU+LiSu;TYEPLS+TimesNewRomanPS-ItalicMT;TZCMBP+SymbolMT,21,1,22.895,22.895,25.012,,True,1,2011年数学建模国赛真题+优秀论文/2011年优秀论文/2011A：城市表层土壤重金属污染分析（4）.pdf,primary,2582B807804D7C7439C506F7EE2AF21F85C13832FB317512FC6ED80AA13AF3FC,2582B807804D7C7439C506F7EE2AF21F85C13832FB317512FC6ED80AA13AF3FC,active,0,784,1,unknown,A题城市表层土壤重金属污染分析 | 随着城市经济的快速发展和城市人口的不断增加，人类活动对城市环境质量的影响,33.246,25.46,135.861,2026-08-18T00:06:15+08:00,210.00861111111107,595.3,2011
,,unknown,unknown,,,,2026-08-18T00:06:15+08:00,,0,0,,,0,,FORMAL,,,NOT_IN_G8_STATUS,,,,,catalog/papers.csv; catalog/paper_files.csv; catalog/scale/g8_paper_status.csv,unknown,,,,0,,,,,,No analyzable PAPER PDF selected; identity retained in full corpus inventory.,UNKNOWN,,,,,,,,CUMCM-2015-A-004,,NOT_ANALYZED,A,A,,,,,,,,True,1,2015年数学建模国赛真题+优秀论文/2015年优秀论文/2015A：太阳影子定位 (6).pdf,primary,61471733A48208E30A4521BEFA637ABB1EEB706A4F30DFA5EF6133804454FF47,61471733A48208E30A4521BEFA637ABB1EEB706A4F30DFA5EF6133804454FF47,active,,,0,unknown,,,,,2026-08-18T00:06:15+08:00,,,2015
1,1,unknown,unknown,22.276,22.276,22.276,2026-08-18T00:06:15+08:00,Arial;Calibri;Garamond;Monospace;Symbol;Times New Roman,1,1,271,12,1,0,FORMAL,COMPLETE,Q2,PAPER,0,0,297.0106666666666,841.92,catalog/papers.csv; catalog/paper_files.csv; catalog/scale/g8_paper_status.csv,unknown,True,0,1,1,31.758,31.758,31.758,30,False,,PORTRAIT,31,,BOTTOM,1,,,,CUMCM-2017-C-002,1.0,text_based,C,C,------------------------------------;ABCDEE+Calibri;Times;Times;Symbol;ABCDEE+Garamond;Arial;ABCDEE+Courier;ABCDEE+Courier,152,1,31.657,29.601,32.207,,True,1,2017年数学建模国赛真题+优秀论文/2017年优秀论文/2017C：颜色与物质浓度辨识 (1).pdf,primary,B543E24FF72DA0C5485C2449063691A19DF66D6DEBF23180D2E7831FC41279B7,B543E24FF72DA0C5485C2449063691A19DF66D6DEBF23180D2E7831FC41279B7,active,30,2589,1,unknown,颜色与物质浓度的辨识问题 | 度的实验数据进行多元回归分析，建立了线性和非线性回归方程模型，给出了数,25.893,25.538,27.735,2026-08-18T00:06:15+08:00,210.01566666666668,595.32,2017
0,1,unknown,unknown,18.221,18.221,18.221,2026-08-18T00:06:15+08:00,Arial;MT-Extra;MicrosoftYaHei;SimHei;SimSun/Song;SymbolMT;Times New Roman;Wingdings-Regular,1,1,480,53,1,1,FORMAL,COMPLETE,Q2,PAPER,0,0,297.00361111111107,841.9,catalog/papers.csv; catalog/paper_files.csv; catalog/scale/g8_paper_status.csv,unknown,True,0,1,1,25.019,25.019,25.019,29,False,,PORTRAIT,30,,BOTTOM,1,,,,CUMCM-2016-B-003,1.0,text_based,B,B,------------------------------------;XEKKFX+SimHei;LNUHNF+SimSun;TYEPLS+TimesNewRomanPS-ItalicMT;TZCMBP+SymbolMT;AUWCNV+TimesNewRomanPSMT;ESHXQI+TimesNewRomanPS-BoldMT;MUFUVC+MT-Extra;CSKSUK+Wingdings-Regular;VMBCQV+ArialMT;YMVEVT+MicrosoftYaHei,68,1,22.895,22.895,24.123,,True,1,2016年数学建模国赛真题+优秀论文/2016年优秀论文/2016B：小区开放道路通行影响 (4).pdf,primary,705BA4CBBADCE1FE6645ACBDEF26961E5F7E184322058311BB5B37F5C1452478,705BA4CBBADCE1FE6645ACBDEF26961E5F7E184322058311BB5B37F5C1452478,active,8,2763,1,unknown,小区开放对道路通行的影响 | 同时，一系列道路交通问题也“呼之欲出”。“开放式小区”这一理论的提出将小区内部,25.037,25.037,27.015,2026-08-18T00:06:15+08:00,210.00861111111107,595.3,2016
0,0,unknown,unknown,,,,2026-08-18T00:06:15+08:00,KaiTi;SimSun/Song,1,0,0,0,1,0,FORMAL,Q3_MANUAL_REQUIRED,Q3,PAPER,0,1,412.3972222222222,1169.0,catalog/papers.csv; catalog/paper_files.csv; catalog/scale/g8_paper_status.csv,unknown,False,0,0,1,,,,0,False,font_or_text_layer_not_reliable,PORTRAIT,40,,UNKNOWN,0,"1,2,3,4,5,6,7,8,9,10,11,12,13,14,15,16,17,18,19,20,21,22,23,24,25,26,27,28,29,30,31,32,33,34,35,36,37,38,39,40",,,CUMCM-2019-A-002,0.8,image_based,A,A,------------------------------------;AdobeSongStd-Light;KaiTi,0,0,,,,,True,1,2019年数学建模国赛真题+优秀论文/2019年优秀论文/2019A：高压油管的压强控制.pdf,primary,805217EE3A78EDFF4799F1DE969E4C05FAECEDEBBEC807AFBADB03265C1273FD,805217EE3A78EDFF4799F1DE969E4C05FAECEDEBBEC807AFBADB03265C1273FD,active,0,200,1,unknown,,,,,2026-08-18T00:06:15+08:00,291.3944444444444,826.0,2019
,,unknown,unknown,,,,2026-08-18T00:06:15+08:00,,0,0,,,0,,FORMAL,INELIGIBLE,,SUPPORTING_MATERIAL,,,,,catalog/papers.csv; catalog/paper_files.csv; catalog/scale/g8_paper_status.csv,unknown,,,,0,,,,,,No analyzable PAPER PDF selected; identity retained in full corpus inventory.,UNKNOWN,,,,,,,,CUMCM-2011-D-030,,NOT_ANALYZED,D,D,,,,,,,,True,1,2011年数学建模国赛真题+优秀论文/2011年优秀论文/2011D：天然肠衣搭配问题(1)/规格3步骤4.lg4,primary,E28F85CDD5DB4B6B2544FC7B926347735D63DBE74033F1C856D6B24ECCD91165,E28F85CDD5DB4B6B2544FC7B926347735D63DBE74033F1C856D6B24ECCD91165,active,,,0,unknown,,,,,2026-08-18T00:06:15+08:00,,,2011
0,0,unknown,unknown,70.73,70.73,70.73,2026-08-18T00:06:15+08:00,KaiTi;SimSun/Song,1,0,0,0,1,0,FORMAL,Q3_MANUAL_REQUIRED,Q3,PAPER,0,0,297.0388888888889,842.0,catalog/papers.csv; catalog/paper_files.csv; catalog/scale/g8_paper_status.csv,unknown,True,0,0,1,38.059,38.059,38.059,10,False,font_or_text_layer_not_reliable,PORTRAIT,11,,UNKNOWN,0,"1,2,3,4,5,6,7,8,9,10,11",,,CUMCM-2009-C-003,0.8,image_based,C,C,------------------------------------;SimSun;KaiTi,0,0,-64.586,-64.586,-64.586,,True,1,2009年数学建模国赛真题+优秀论文/2009年优秀论文/2009C：卫星和飞船的跟踪测控模型.pdf,primary,DFF5FF5A382813FE9B15E55FC9B5F1756872B7D61F16378B576CE763EBE6D867,DFF5FF5A382813FE9B15E55FC9B5F1756872B7D61F16378B576CE763EBE6D867,active,0,55,1,unknown,,126.838,126.838,126.838,2026-08-18T00:06:15+08:00,209.90277777777777,595.0,2009
0,0,unknown,unknown,,,,2026-08-18T00:06:15+08:00,KaiTi;SimSun/Song;Times New Roman,1,1,0,0,1,0,FORMAL,COMPLETE,Q2,PAPER,0,0,279.75277777777774,793.0,catalog/papers.csv; catalog/paper_files.csv; catalog/scale/g8_paper_status.csv,unknown,False,0,0,1,,,,0,False,,PORTRAIT,5,,UNKNOWN,0,,,,CUMCM-1998-B-003,1.0,text_based,B,B,------------------------------------;STSong-Light;Times-Roman;Times-Italic;KaiTi,0,0,,,,,True,1,1998年数学建模国赛真题+优秀论文/1998年国赛优秀论文/1998B：灾情巡视的最佳路线.pdf,primary,196EAF403EC3725632273A716DD2D9A4EABF8D108FFA44730D57631A553B117D,196EAF403EC3725632273A716DD2D9A4EABF8D108FFA44730D57631A553B117D,active,0,20,1,unknown,,,,,2026-08-18T00:06:15+08:00,210.9611111111111,598.0,1998
0,0,unknown,unknown,,,,2026-08-18T00:06:15+08:00,KaiTi;Times New Roman,1,1,0,0,1,0,FORMAL,COMPLETE,Q2,PAPER,0,1,296.6861111111111,841.0,catalog/papers.csv; catalog/paper_files.csv; catalog/scale/g8_paper_status.csv,unknown,True,0,0,1,,,,0,False,,PORTRAIT,7,,UNKNOWN,0,,,,CUMCM-2002-B-005,1.0,text_based,B,B,------------------------------------;Times-Roman;KaiTi,0,0,,,,,True,1,2002年数学建模国赛真题+优秀论文/2002年优秀论文/2002B：彩票中的数学.pdf,primary,FA279E682B35EA23D320073F6818B6DA538A4AE5BC86B6D86A0D384FE8E6A06F,FA279E682B35EA23D320073F6818B6DA538A4AE5BC86B6D86A0D384FE8E6A06F,active,0,35,1,unknown,,,,,2026-08-18T00:06:15+08:00,209.90277777777777,595.0,2002
1,1,unknown,unknown,18.221,18.221,18.221,2026-08-18T00:06:15+08:00,MT-Extra;SimHei;SimSun/Song;SymbolMT;Times New Roman,1,1,423,11,1,1,FORMAL,COMPLETE,Q2,PAPER,0,0,297.00361111111107,841.9,catalog/papers.csv; catalog/paper_files.csv; catalog/scale/g8_paper_status.csv,unknown,True,0,1,1,25.019,25.019,25.019,20,False,,PORTRAIT,21,,BOTTOM,1,,,,CUMCM-2011-A-007,1.0,text_based,A,A,------------------------------------;LNUHNF+SimSun;AUWCNV+TimesNewRomanPSMT;ESHXQI+TimesNewRomanPS-BoldMT;XEKKFX+SimHei;TZCMBP+SymbolMT;TYEPLS+TimesNewRomanPS-ItalicMT;MUFUVC+MT-Extra,50,1,22.895,22.885,25.012,,True,1,2011年数学建模国赛真题+优秀论文/2011年优秀论文/2011A：城市表层土壤重金属污染分析（5）.pdf,primary,F5AFFBB6F8AA0323F3452708D2F16470293AB43E52CF1A7899DFF51F205F5FC3,F5AFFBB6F8AA0323F3452708D2F16470293AB43E52CF1A7899DFF51F205F5FC3,active,9,1992,1,unknown,,27.319,25.079,88.367,2026-08-18T00:06:15+08:00,210.00861111111107,595.3,2011
0,0,unknown,unknown,,,,2026-08-18T00:06:15+08:00,KaiTi;SimSun/Song;Times New Roman,1,1,0,0,1,0,FORMAL,COMPLETE,Q2,PAPER,0,0,275.8722222222222,782.0,catalog/papers.csv; catalog/paper_files.csv; catalog/scale/g8_paper_status.csv,unknown,False,0,0,1,,,,0,False,,PORTRAIT,5,,UNKNOWN,0,,,,CUMCM-1996-B-001,1.0,text_based,B,B,------------------------------------;STSong-Light;Times-Roman;KaiTi,0,0,,,,,True,1,1996年数学建模国赛真题+优秀论文/1996年国赛优秀论文/1996B：节水洗衣机问题数学建模及若干评注.pdf,primary,6EF9201798BF3E216638A2B044038F05712CE4507B9E00192554895DC96D4278,6EF9201798BF3E216638A2B044038F05712CE4507B9E00192554895DC96D4278,active,0,20,1,unknown,,,,,2026-08-18T00:06:15+08:00,200.02499999999998,567.0,1996
,,unknown,unknown,,,,2026-08-18T00:06:15+08:00,,0,0,,,0,,FORMAL,INELIGIBLE,,SUPPORTING_MATERIAL,,,,,catalog/papers.csv; catalog/paper_files.csv; catalog/scale/g8_paper_status.csv,unknown,,,,0,,,,,,No analyzable PAPER PDF selected; identity retained in full corpus inventory.,UNKNOWN,,,,,,,,CUMCM-2011-D-031,,NOT_ANALYZED,D,D,,,,,,,,True,1,2011年数学建模国赛真题+优秀论文/2011年优秀论文/2011D：天然肠衣搭配问题(1)/规格2步骤23.lg4,primary,2396AB188069C78463944345D0CA7E66542CC8CBA134655645BA83766549CF0A,2396AB188069C78463944345D0CA7E66542CC8CBA134655645BA83766549CF0A,active,,,0,unknown,,,,,2026-08-18T00:06:15+08:00,,,2011
,,unknown,unknown,,,,2026-08-18T00:06:15+08:00,,0,0,,,0,,FORMAL,INELIGIBLE,,PROBLEM_PACKAGE,,,,,catalog/papers.csv; catalog/paper_files.csv; catalog/scale/g8_paper_status.csv,unknown,,,,0,,,,,,No analyzable PAPER PDF selected; identity retained in full corpus inventory.,UNKNOWN,,,,,,,,CUMCM-2004-B-008,,NOT_ANALYZED,B,B,,,,,,,,True,1,2004年数学建模国赛真题+优秀论文/2004年赛题/2004年国赛B题.doc,primary,CBD704CE79F8A16036B0481EC1044BD2418DBED0251546C3AC37EB2565D99806,CBD704CE79F8A16036B0481EC1044BD2418DBED0251546C3AC37EB2565D99806,active,,,0,unknown,,,,,2026-08-18T00:06:15+08:00,,,2004
1,0,unknown,unknown,25.799,25.799,25.799,2026-08-18T00:06:15+08:00,KaiTi;SimSun/Song;Times New Roman,1,1,0,0,1,1,FORMAL,COMPLETE,Q2,PAPER,0,1,297.00361111111107,841.9,catalog/papers.csv; catalog/paper_files.csv; catalog/scale/g8_paper_status.csv,unknown,True,0,1,1,32.512,32.512,32.512,30,False,,PORTRAIT,31,,UNKNOWN,0,,,,CUMCM-2008-D-004,1.0,text_based,D,D,------------------------------------;LNUHNF+SimSun;AUWCNV+TimesNewRomanPSMT;ABSEKN+FangSong;KaiTi,103,1,30.389,30.389,32.505,,True,1,2008年数学建模国赛真题+优秀论文/2008年优秀论文/2008D：《NBA赛程的分析与评价》.pdf,primary,FF98577611810052296A7FF2B879A4F03C82E7CE8FFDF5CA713DEAA261D67124,FF98577611810052296A7FF2B879A4F03C82E7CE8FFDF5CA713DEAA261D67124,active,8,1477,1,unknown,2008 年 D 题NBA 赛程的分析与评价 | NBA 赛程的分析与评价,19.149,19.149,19.149,2026-08-18T00:06:15+08:00,210.00861111111107,595.3,2008
0,0,unknown,unknown,,,,2026-08-18T00:06:15+08:00,KaiTi,1,0,0,0,1,0,FORMAL,Q3_MANUAL_REQUIRED,Q3,PAPER,0,0,277.6361111111111,787.0,catalog/papers.csv; catalog/paper_files.csv; catalog/scale/g8_paper_status.csv,unknown,False,0,0,1,,,,0,False,font_or_text_layer_not_reliable,PORTRAIT,2,,UNKNOWN,0,"1,2",,,CUMCM-1995-A-007,0.8,image_based,A,A,------------------------------------;KaiTi,0,0,,,,,True,1,1995年数学建模国赛真题+优秀论文/1995年国赛优秀论文/1995A：飞行管理问题答卷评述.pdf,primary,54A11CF48AE68C35804EF9F44320C3EA2CCBD828CFE8B8946DFDE07C2D87A75E,54A11CF48AE68C35804EF9F44320C3EA2CCBD828CFE8B8946DFDE07C2D87A75E,active,0,8,1,unknown,,,,,2026-08-18T00:06:15+08:00,203.90555555555554,578.0,1995
1,1,unknown,unknown,21.886,21.886,21.886,2026-08-18T00:06:15+08:00,Arial;Calibri;Symbol;Times New Roman,1,1,299,10,1,0,FORMAL,COMPLETE,Q2,PAPER,0,0,296.037,839.16,catalog/papers.csv; catalog/paper_files.csv; catalog/scale/g8_paper_status.csv,unknown,True,0,1,1,24.985,24.985,24.985,27,False,,PORTRAIT,28,,BOTTOM,1,,,,CUMCM-2017-B-005,1.0,text_based,B,B,------------------------------------;Times;ABCDEE+Calibri;Arial;Times;Symbol;Times;ABCDEE+Calibri,51,1,25.026,23.561,26.357,,True,1,2017年数学建模国赛真题+优秀论文/2017年优秀论文/2017B：“拍照赚钱”的任务定价 (1).pdf,primary,0399FF482573C91755201A82F9DDC12DBB2039254D51B79C86D33F2E019DF16E,0399FF482573C91755201A82F9DDC12DBB2039254D51B79C86D33F2E019DF16E,active,0,1617,1,unknown,定价方案的问题。已知一个已结束项目的任务数据，包含了每个任务的位置、定价和完 | 成情况，已知一组会员信息数据，包含了会员的位置和信誉值，我们通过分析已知的数,26.576,24.984,29.111,2026-08-18T00:06:15+08:00,209.04199999999997,592.56,2017
0,0,unknown,unknown,16.528,16.422,20.17,2026-08-18T00:06:15+08:00,KaiTi;SimSun/Song;Syntax;Times New Roman;cajcd-fntaa;cajcd-fntbd;cajcd-fntlt,1,1,627,0,1,1,FORMAL,COMPLETE,Q2,PAPER,0,1,248.70833333333334,705.0,catalog/papers.csv; catalog/paper_files.csv; catalog/scale/g8_paper_status.csv,unknown,False,0,0,1,12.912,12.894,12.912,4,False,,PORTRAIT,5,,BOTTOM,1,,,,CUMCM-1999-A-004,1.0,text_based,A,A,------------------------------------;STSong-Light;Times-Roman;cajcd-fntaa;Times-Italic;cajcd-fntlt;cajcd-fntbd;Times-Italic;KaiTi;Times-Bold;Syntax;Syntax;Syntax;Syntax;Syntax;Syntax;Syntax;Syntax;Syntax;Syntax;Syntax;Syntax;Syntax;Syntax;Syntax;Syntax;Syntax;Syntax;Syntax;Syntax;Syntax;Syntax;Syntax;Syntax;Syntax;Syntax;Syntax;Syntax;Syntax;Syntax;Syntax;Syntax;Syntax;Syntax;Syntax;Syntax;Syntax;Syntax;Syntax;Syntax;Syntax;Syntax;Syntax;Syntax;Syntax;Syntax;Syntax;Syntax;Syntax;Syntax;Syntax;Syntax;Syntax;Syntax;Syntax;Syntax;Syntax;Syntax;Syntax;Syntax;Syntax;Syntax;Syntax;Syntax;Syntax;Syntax;Syntax;Syntax;Syntax;Syntax;Syntax;Syntax;Syntax;Syntax;Syntax;Syntax;Syntax;Syntax;Syntax;Syntax;Syntax;Syntax;Syntax;Syntax;Syntax;Syntax;Syntax;Syntax;Syntax;Syntax;Syntax;Syntax;Syntax;Syntax;Syntax;Syntax;Syntax;Syntax;Syntax;Syntax;Syntax;Syntax;Syntax;Syntax;Syntax;Syntax;Syntax;Syntax;Syntax;Syntax;Syntax;Syntax;Syntax;Syntax;Syntax;Syntax;Syntax;Syntax;Syntax;Syntax;Syntax;Syntax;Syntax;Syntax;Syntax;Syntax;Syntax;Syntax;Syntax;Syntax;Syntax;Syntax;Syntax;Syntax;Syntax;Syntax;Syntax;Syntax;Syntax;Syntax;Syntax;Syntax;Syntax;Syntax;Syntax;Syntax;Syntax;Syntax;Syntax;Syntax;Syntax;Syntax;Syntax;Syntax;Syntax;Syntax;Syntax;Syntax;Syntax;Syntax;Syntax;Syntax;Syntax;Syntax;Syntax;Syntax;Syntax;Syntax;Syntax;Syntax;Syntax;Syntax;Syntax;Syntax;Syntax;Syntax;Syntax;Syntax;Syntax;Syntax;Syntax;Syntax;Syntax;Syntax;Syntax;Syntax;Syntax;Syntax;Syntax;Syntax;Syntax;Syntax;Syntax;Syntax;Syntax;Syntax;Syntax;Syntax;Syntax;Syntax;Syntax;Syntax;Syntax;Syntax;Syntax;Syntax;Syntax;Syntax;Syntax;Syntax;Syntax;Syntax;Syntax;Syntax;Syntax;Syntax;Syntax;Syntax;Syntax;Syntax;Syntax;Syntax;Syntax;Syntax;Syntax;Syntax;Syntax;Syntax;Syntax;Syntax;Syntax;Syntax;Syntax;Syntax;Syntax;Syntax;Syntax;Syntax;Syntax;Syntax;Syntax;Syntax;Syntax;Syntax;Syntax;Syntax;Syntax;Syntax;Syntax;Syntax;Syntax;Syntax;Syntax;Syntax;Syntax;Syntax;Syntax;Syntax;Syntax;Syntax;Syntax;Syntax;Syntax;Syntax;Syntax;Syntax;Syntax;Syntax;Syntax;Syntax;Syntax;Syntax;Syntax;Syntax;Syntax;Syntax;Syntax;Syntax;Syntax;Syntax;Syntax;Syntax;Syntax;Syntax;Syntax;Syntax;Syntax;Syntax;Syntax;Syntax;Syntax;Syntax;Syntax;Syntax;Syntax;Syntax;Syntax;Syntax;Syntax;Syntax;Syntax;Syntax;Syntax;Syntax;Syntax;Syntax;Syntax;Syntax;Syntax;Syntax;Syntax;Syntax;Syntax;Syntax;Syntax;Syntax;Syntax;Syntax;Syntax;Syntax;Syntax;Syntax;Syntax;Syntax;Syntax;Syntax;Syntax;Syntax;Syntax;Syntax;Syntax;Syntax;Syntax;Syntax;Syntax;Syntax;Syntax;Syntax;Syntax;Syntax;Syntax;Syntax;Syntax;Syntax;Syntax;Syntax;Syntax;Syntax;Syntax;Syntax;Syntax;Syntax;Syntax;Syntax;Syntax;Syntax;Syntax;Syntax;Syntax;Syntax;Syntax;Syntax;Syntax;Syntax;Syntax;Syntax;Syntax;Syntax;Syntax;Syntax;Syntax;Syntax;Syntax;Syntax;Syntax;Syntax;Syntax;Syntax;Syntax;Syntax;Syntax;Syntax;Syntax;Syntax;Syntax;Syntax;Syntax;Syntax;Syntax;Syntax;Syntax;Syntax;Syntax;Syntax;Syntax;Syntax;Syntax;Syntax;Syntax;Syntax;Syntax;Syntax;Syntax;Syntax;Syntax;Syntax;Syntax;Syntax;Syntax;Syntax;Syntax;Syntax;Syntax;Syntax;Syntax;Syntax;Syntax;Syntax;Syntax;Syntax;Syntax;Syntax;Syntax;Syntax;Syntax;Syntax;Syntax;Syntax;Syntax;Syntax;Syntax;Syntax;Syntax;Syntax;Syntax;Syntax;Syntax;Syntax;Syntax;Syntax;Syntax;Syntax;Syntax;Syntax;Syntax;Syntax;Syntax;Syntax;Syntax;Syntax;Syntax;Syntax;Syntax;Syntax;Syntax;Syntax;Syntax;Syntax;Syntax;Syntax;Syntax;Syntax;Syntax;Syntax;Syntax;Syntax;Syntax;Syntax;Syntax;Syntax;Syntax;Syntax;Syntax;Syntax;Syntax;Syntax;Syntax;Syntax;Syntax;Syntax;Syntax;Syntax;Syntax;Syntax;Syntax;Syntax;Syntax;Syntax;Syntax;Syntax;Syntax;Syntax;Syntax;Syntax;Syntax;Syntax;Syntax;Syntax;Syntax;Syntax;Syntax;Syntax;Syntax;Syntax;Syntax;Syntax;Syntax;Syntax;Syntax;Syntax;Syntax;Syntax;Syntax;Syntax;Syntax;Syntax;Syntax;Syntax;Syntax;Syntax;Syntax;Syntax;Syntax;Syntax;Syntax;Syntax;Syntax;Syntax;Syntax;Syntax;Syntax;Syntax;Syntax;Syntax;Syntax;Syntax;Syntax;Syntax;Syntax;Syntax;Syntax;Syntax;Syntax;Syntax;Syntax;Syntax;Syntax;Syntax;Syntax;Syntax;Syntax;Syntax;Syntax;Syntax;Syntax;Syntax;Syntax;Syntax;Syntax;Syntax;Syntax;Syntax;Syntax;Syntax;Syntax;Syntax;Syntax;Syntax;Syntax;Syntax;Syntax;Syntax;Syntax;Syntax;Syntax;Syntax;Syntax;Syntax;Syntax;Syntax;Syntax;Syntax;Syntax;Syntax;Syntax;Syntax;Syntax;Syntax;Syntax;Syntax;Syntax;Syntax;Syntax;Syntax;Syntax;Syntax;Syntax;Syntax;Syntax;Syntax;Syntax;Syntax;Syntax;Syntax;Syntax;Syntax;Syntax;Syntax;Syntax;Syntax;Syntax;Syntax;Syntax;Syntax;Syntax;Syntax;Syntax;Syntax;Syntax;Syntax;Syntax;Syntax;Syntax;Syntax;Syntax;Syntax;Syntax;Syntax;Syntax;Syntax;Syntax;Syntax;Syntax;Syntax;Syntax;Syntax;Syntax;Syntax;Syntax;Syntax;Syntax;Syntax;Syntax;Syntax;Syntax;Syntax;Syntax;Syntax;Syntax;Syntax;Syntax;Syntax;Syntax;Syntax;Syntax;Syntax;Syntax;Syntax;Syntax;Syntax;Syntax;Syntax;Syntax;Syntax;Syntax;Syntax;Syntax;Syntax;Syntax;Syntax;Syntax;Syntax;Syntax;Syntax;Syntax;Syntax;Syntax;Syntax;Syntax;Syntax;Syntax;Syntax;Syntax;Syntax;Syntax;Syntax;Syntax;Syntax;Syntax;Syntax;Syntax;Syntax;Syntax;Syntax;Syntax;Syntax;Syntax;Syntax;Syntax;Syntax;Syntax;Syntax;Syntax;Syntax;Syntax;Syntax;Syntax;Syntax;Syntax;Syntax;Syntax;Syntax;Syntax;Syntax;Syntax;Syntax;Syntax;Syntax;Syntax;Syntax;Syntax;Syntax;Syntax;Syntax;Syntax;Syntax;Syntax;Syntax;Syntax;Syntax;Syntax;Syntax;Syntax;Syntax;Syntax;Syntax;Syntax;Syntax;Syntax;Syntax;Syntax;Syntax;Syntax;Syntax;Syntax;Syntax;Syntax;Syntax;Syntax;Syntax;Syntax;Syntax;Syntax;Syntax;Syntax;Syntax;Syntax;Syntax;Syntax;Syntax;Syntax;Syntax;Syntax;Syntax;Syntax;Syntax;Syntax;Syntax;Syntax;Syntax;Syntax;Syntax;Syntax;Syntax;Syntax;Syntax;Syntax;Syntax;Syntax;Syntax;Syntax;Syntax;Syntax;Syntax;Syntax;Syntax;Syntax;Syntax;Syntax;Syntax;Syntax;Syntax;Syntax;Syntax;Syntax;Syntax;Syntax;Syntax;Syntax;Syntax;Syntax;Syntax;Syntax;Syntax;Syntax;Syntax;Syntax;Syntax;Syntax;Syntax;Syntax;Syntax;Syntax;Syntax;Syntax;Syntax;Syntax;Syntax;Syntax;Syntax;Syntax;Syntax;Syntax;Syntax;Syntax;Syntax;Syntax;Syntax;Syntax;Syntax;Syntax;Syntax;Syntax;Syntax;Syntax;Syntax;Syntax;Syntax;Syntax;Syntax;Syntax;Syntax;Syntax;Syntax;Syntax;Syntax;Syntax;Syntax;Syntax;Syntax;Syntax;Syntax;Syntax;Syntax;Syntax;Syntax;Syntax;Syntax;Syntax;Syntax;Syntax;Syntax;Syntax;Syntax;Syntax;Syntax;Syntax;Syntax;Syntax;Syntax;Syntax;Syntax;Syntax;Syntax;Syntax;Syntax;Syntax;Syntax;Syntax;Syntax;Syntax;Syntax;Syntax;Syntax;Syntax;Syntax;Syntax;Syntax;Syntax;Syntax;Syntax;Syntax;Syntax;Syntax;Syntax;Syntax;Syntax;Syntax;Syntax;Syntax;Syntax;Syntax;Syntax;Syntax;Syntax;Syntax;Syntax;Syntax;Syntax;Syntax;Syntax;Syntax;Syntax;Syntax;Syntax;Syntax;Syntax;Syntax;Syntax;Syntax;Syntax;Syntax;Syntax;Syntax;Syntax;Syntax;Syntax;Syntax;Syntax;Syntax;Syntax;Syntax;Syntax;Syntax;Syntax;Syntax;Syntax;Syntax;Syntax;Syntax;Syntax;Syntax;Syntax;Syntax;Syntax;Syntax;Syntax;Syntax;Syntax;Syntax;Syntax;Syntax;Syntax;Syntax;Syntax;Syntax;Syntax;Syntax;Syntax;Syntax;Syntax;Syntax;Syntax;Syntax;Syntax;Syntax;Syntax;Syntax;Syntax;Syntax;Syntax;Syntax;Syntax;Syntax;Syntax;Syntax;Syntax;Syntax;Syntax;Syntax;Syntax;Syntax;Syntax;Syntax;Syntax;Syntax;Syntax;Syntax;Syntax;Syntax;Syntax;Syntax;Syntax;Syntax;Syntax;Syntax;Syntax;Syntax;Syntax;Syntax;Syntax;Syntax;Syntax;Syntax;Syntax;Syntax;Syntax;Syntax;Syntax;Syntax;Syntax;Syntax;Syntax;Syntax;Syntax;Syntax;Syntax;Syntax;Syntax;Syntax;Syntax;Syntax;Syntax;Syntax;Syntax;Syntax;Syntax;Syntax;Syntax;Syntax;Syntax;Syntax;Syntax;Syntax;Syntax;Syntax;Syntax;Syntax;Syntax;Syntax;Syntax;Syntax;Syntax;Syntax;Syntax;Syntax;Syntax;Syntax;Syntax;Syntax;Syntax;Syntax;Syntax;Syntax;Syntax;Syntax;Syntax;Syntax;Syntax;Syntax;Syntax;Syntax;Syntax;Syntax;Syntax;Syntax;Syntax;Syntax;Syntax;Syntax;Syntax;Syntax;Syntax;Syntax;Syntax;Syntax;Syntax;Syntax;Syntax;Syntax;Syntax;Syntax;Syntax;Syntax;Syntax;Syntax;Syntax;Syntax;Syntax;Syntax;Syntax;Syntax;Syntax;Syntax;Syntax;Syntax;Syntax;Syntax;Syntax;Syntax;Syntax;Syntax;Syntax;Syntax;Syntax;Syntax;Syntax;Syntax;Syntax;Syntax;Syntax;Syntax;Syntax;Syntax;Syntax;Syntax;Syntax;Syntax;Syntax;Syntax;Syntax;Syntax;Syntax;Syntax;Syntax;Syntax;Syntax;Syntax;Syntax;Syntax;Syntax;Syntax;Syntax;Syntax;Syntax;Syntax;Syntax;Syntax;Syntax;Syntax;Syntax;Syntax;Syntax;Syntax;Syntax;Syntax;Syntax;Syntax;Syntax;Syntax;Syntax;Syntax;Syntax;Syntax;Syntax;Syntax;Syntax;Syntax;Syntax;Syntax;Syntax;Syntax;Syntax;Syntax;Syntax;Syntax;Syntax;Syntax;Syntax;Syntax;Syntax;Syntax;Syntax;Syntax;Syntax;Syntax;Syntax;Syntax;Syntax;Syntax;Syntax;Syntax;Syntax;Syntax;Syntax;Syntax;Syntax;Syntax;Syntax;Syntax;Syntax;Syntax;Syntax;Syntax;Syntax;Syntax;Syntax;Syntax;Syntax;Syntax;Syntax;Syntax;Syntax;Syntax;Syntax;Syntax;Syntax;Syntax;Syntax;Syntax;Syntax;Syntax;Syntax;Syntax;Syntax;Syntax;Syntax;Syntax;Syntax;Syntax;Syntax;Syntax;Syntax;Syntax;Syntax;Syntax;Syntax;Syntax;Syntax;Syntax;Syntax;Syntax;Syntax;Syntax;Syntax;Syntax;Syntax;Syntax;Syntax;Syntax;Syntax;Syntax;Syntax;Syntax;Syntax;Syntax;Syntax;Syntax;Syntax;Syntax;Syntax;Syntax;Syntax;Syntax;Syntax;Syntax;Syntax;Syntax;Syntax;Syntax;Syntax;Syntax;Syntax;Syntax;Syntax;Syntax;Syntax;Syntax;Syntax;Syntax;Syntax;Syntax;Syntax;Syntax;Syntax;Syntax;Syntax;Syntax;Syntax;Syntax;Syntax;Syntax;Syntax;Syntax;Syntax;Syntax;Syntax;Syntax;Syntax;Syntax;Syntax;Syntax;Syntax;Syntax;Syntax;Syntax;Syntax;Syntax;Syntax;Syntax;Syntax;Syntax;Syntax;Syntax;Syntax;Syntax;Syntax;Syntax;Syntax;Syntax;Syntax;Syntax;Syntax;Syntax;Syntax;Syntax;Syntax;Syntax;Syntax;Syntax;Syntax;Syntax;Syntax;Syntax;Syntax;Syntax;Syntax;Syntax;Syntax;Syntax;Syntax;Syntax;Syntax;Syntax;Syntax;Syntax;Syntax;Syntax;Syntax;Syntax;Syntax;Syntax;Syntax;Syntax;Syntax;Syntax;Syntax;Syntax;Syntax;Syntax;Syntax;Syntax;Syntax;Syntax;Syntax;Syntax;Syntax;Syntax;Syntax;Syntax;Syntax;Syntax;Syntax;Syntax;Syntax;Syntax;Syntax;Syntax;Syntax;Syntax;Syntax;Syntax;Syntax;Syntax;Syntax;Syntax;Syntax;Syntax;Syntax;Syntax;Syntax;Syntax;Syntax;Syntax;Syntax;Syntax;Syntax;Syntax;Syntax;Syntax;Syntax;Syntax;Syntax;Syntax;Syntax;Syntax;Syntax;Syntax;Syntax;Syntax;Syntax;Syntax;Syntax;Syntax;Syntax;Syntax;Syntax;Syntax,1,0,10.407,10.301,10.447,,True,1,1999年数学建模国赛真题+优秀论文/1999年国赛优秀论文/1999A：最优刀具更换周期上界_检查间隔下界的证明.pdf,primary,9B830266F4804B7CEF28C16E2462E58E9571704120A4AD0A63E286614E04DAF6,9B830266F4804B7CEF28C16E2462E58E9571704120A4AD0A63E286614E04DAF6,active,0,2011,1,unknown,M A TH EM A T ICSINPRA CT ICE ANDTH EO R Y,14.146,14.146,14.746,2026-08-18T00:06:15+08:00,167.56944444444446,475.0,1999
1,1,unknown,unknown,16.764,16.764,16.764,2026-08-18T00:06:15+08:00,Arial;Calibri;Cambria;KaiTi;Monospace;SimSun/Song;Symbol;Times New Roman,1,1,149,11,1,1,FORMAL,COMPLETE,Q2,PAPER,0,0,296.6861111111111,841.0,catalog/papers.csv; catalog/paper_files.csv; catalog/scale/g8_paper_status.csv,unknown,True,0,1,1,31.75,31.75,31.75,17,False,,PORTRAIT,18,,BOTTOM,1,,,,CUMCM-2008-A-004,1.0,text_based,A,A,------------------------------------;AFQVMD+Calibri;AFQVMF+Cambria;TimesNewRoman;Arial;SimSun;KaiTi;AFQVMO+CambriaMath;CourierNew;Symbol;AFQVMP+CambriaMath,40,1,-64.586,-64.586,-64.586,,True,1,2008年数学建模国赛真题+优秀论文/2008年优秀论文/2008A：《数码相机相对位置定位方法》.pdf,primary,60E7499C28CB9250E93CF737DE9B452C80793472ABFED53E6C5FED369249D7A3,60E7499C28CB9250E93CF737DE9B452C80793472ABFED53E6C5FED369249D7A3,active,6,908,1,unknown,数码相机相对位置定位方法 | 1.摘要,27.7,26.007,39.384,2026-08-18T00:06:15+08:00,209.90277777777777,595.0,2008
,,unknown,unknown,,,,2026-08-18T00:06:15+08:00,,0,0,,,0,,FORMAL,INELIGIBLE,,PROBLEM_PACKAGE,,,,,catalog/papers.csv; catalog/paper_files.csv; catalog/scale/g8_paper_status.csv,unknown,,,,0,,,,,,No analyzable PAPER PDF selected; identity retained in full corpus inventory.,UNKNOWN,,,,,,,,CUMCM-2018-A-004,,NOT_ANALYZED,A,A,,,,,,,,True,1,2018年数学建模国赛真题+优秀论文/2018年赛题/2018年国赛A题.docx,primary,F9CC25BC676020073498A68FBAE077F04BD9A7EF3E97E683AE27CBC0947EE02F,F9CC25BC676020073498A68FBAE077F04BD9A7EF3E97E683AE27CBC0947EE02F,active,,,0,unknown,,,,,2026-08-18T00:06:15+08:00,,,2018
,,unknown,unknown,,,,2026-08-18T00:06:15+08:00,,0,0,,,0,,FORMAL,INELIGIBLE,,SUPPORTING_MATERIAL,,,,,catalog/papers.csv; catalog/paper_files.csv; catalog/scale/g8_paper_status.csv,unknown,,,,0,,,,,,No analyzable PAPER PDF selected; identity retained in full corpus inventory.,UNKNOWN,,,,,,,,CUMCM-2011-D-032,,NOT_ANALYZED,D,D,,,,,,,,True,1,2011年数学建模国赛真题+优秀论文/2011年优秀论文/2011D：天然肠衣搭配问题(1)/三级降二级降级23.lg4,primary,DB003ACAAB5B7FD09147D3A12F953689BB51AC45DB88E0893BBEDC32361DDCB0,DB003ACAAB5B7FD09147D3A12F953689BB51AC45DB88E0893BBEDC32361DDCB0,active,,,0,unknown,,,,,2026-08-18T00:06:15+08:00,,,2011
1,1,unknown,unknown,18.273,18.273,18.273,2026-08-18T00:06:15+08:00,Arial;KaiTi;MT-Extra;Monospace;SimHei;SimSun/Song;SymbolMT;Times New Roman;Wingdings-Regular,1,1,1637,5,1,1,FORMAL,COMPLETE,Q2,PAPER,0,0,297.0388888888889,842.0,catalog/papers.csv; catalog/paper_files.csv; catalog/scale/g8_paper_status.csv,unknown,True,0,1,1,25.019,25.017,25.019,40,False,,PORTRAIT,41,,BOTTOM,1,,,,CUMCM-2007-B-006,1.0,text_based,B,B,------------------------------------;DHCEMH+SimSun;DHCFDG+STKaiti;TimesNewRomanPSMT;DHCEMG+TimesNewRomanPS-BoldMT;SimSun;KaiTi;DHEIGO+SimHei;TimesNewRomanPS-BoldItalicMT;TimesNewRomanPS-ItalicMT;DHFABE+Wingdings-Regular;DHFDCF+MT-Extra;ArialMT;DHFIOE+SymbolMT;CourierNewPSMT;Arial-BoldMT;DHCELG+TimesNewRomanPS-BoldMT;DHIPII+KaiTi_GB2312;CourierNewPS-BoldMT;DHNPEB+NSimSun;FZY4FW--GB1-0,64,1,-3.308,-3.308,-3.308,,True,1,2007年数学建模国赛真题+优秀论文/2007年优秀论文/2007B：《公交查询系统的最佳乘车方案研究与设计》.pdf,primary,73857127F8E496EFAF5270EAE9967E5C14EF024539D4976E6577A8B57F118696,73857127F8E496EFAF5270EAE9967E5C14EF024539D4976E6577A8B57F118696,active,21,5799,1,unknown,上咨询等）与队外的任何人（包括指导教师）研究、讨论与赛题有关的问题。,25.033,24.807,25.04,2026-08-18T00:06:15+08:00,209.98038888888888,595.22,2007
0,0,unknown,unknown,70.73,70.73,70.73,2026-08-18T00:06:15+08:00,KaiTi;SimSun/Song,1,0,0,0,1,0,FORMAL,Q3_MANUAL_REQUIRED,Q3,PAPER,0,0,297.0388888888889,842.0,catalog/papers.csv; catalog/paper_files.csv; catalog/scale/g8_paper_status.csv,unknown,True,0,0,1,38.059,38.059,38.059,17,False,font_or_text_layer_not_reliable,PORTRAIT,18,,UNKNOWN,0,"1,2,3,4,5,6,7,8,9,10,11,12,13,14,15,16,17,18",,,CUMCM-2009-C-004,0.8,image_based,C,C,------------------------------------;SimSun;KaiTi,0,0,-64.586,-64.586,-64.586,,True,1,2009年数学建模国赛真题+优秀论文/2009年优秀论文/2009C：卫星和飞船的跟踪测控.pdf,primary,3D1D1C7DD22CE32C427C9D8446F36CDB9791113C8B8EC7B3C9CE847A17DAB09B,3D1D1C7DD22CE32C427C9D8446F36CDB9791113C8B8EC7B3C9CE847A17DAB09B,active,0,90,1,unknown,,126.838,126.838,126.838,2026-08-18T00:06:15+08:00,209.90277777777777,595.0,2009
1,1,unknown,unknown,18.221,18.221,18.221,2026-08-18T00:06:15+08:00,KaiTi;MT-Extra;SimHei;SimSun/Song;SymbolMT;Times New Roman,1,1,611,8,1,1,FORMAL,COMPLETE,Q2,PAPER,0,0,297.00361111111107,841.9,catalog/papers.csv; catalog/paper_files.csv; catalog/scale/g8_paper_status.csv,unknown,True,0,1,1,31.75,31.75,31.75,23,False,,PORTRAIT,24,,BOTTOM,1,,,,CUMCM-2006-B-004,1.0,text_based,B,B,------------------------------------;XEKKFX+SimHei;MTXPWX+NSimSun;LNUHNF+SimSun;AUWCNV+TimesNewRomanPSMT;KaiTi;TYEPLS+TimesNewRomanPS-ItalicMT;TZCMBP+SymbolMT;MUFUVC+MT-Extra,107,1,31.743,30.918,31.743,,True,1,2006年数学建模国赛真题+优秀论文/2006年优秀论文/2006B：艾滋病疗法的评价及疗效的预测.pdf,primary,DD31E04056200D18830B0CF84E7ACD5B2A4E51A769C3E645B6A8A67AC08368DE,DD31E04056200D18830B0CF84E7ACD5B2A4E51A769C3E645B6A8A67AC08368DE,active,18,2713,1,unknown,艾滋病疗法的评价及疗效的预测 | CD4 和 HIV 的数据按照时间（周）从小到大进行排序，生成有较强规律性的数据,27.551,25.545,30.963,2026-08-18T00:06:15+08:00,210.00861111111107,595.3,2006
0,0,unknown,unknown,,,,2026-08-18T00:06:15+08:00,Times New Roman,1,1,0,0,1,0,FORMAL,COMPLETE,Q2,PAPER,0,1,259.9266666666666,736.8,catalog/papers.csv; catalog/paper_files.csv; catalog/scale/g8_paper_status.csv,unknown,False,0,0,1,,,,0,False,,PORTRAIT,4,,UNKNOWN,0,,,,CUMCM-2005-B-006,1.0,text_based,B,B,------------------------------------;Times-Roman,0,0,,,,,True,1,2005年数学建模国赛真题+优秀论文/2005年国赛优秀论文/2005B：DVD在线租赁业务中的数学模型.pdf,primary,D4E3BB3EF9EF885429E43413401CD7A28AE46D4E2BC29C08DD98FA8C39CEEC71,D4E3BB3EF9EF885429E43413401CD7A28AE46D4E2BC29C08DD98FA8C39CEEC71,active,0,16,1,unknown,,,,,2026-08-18T00:06:15+08:00,200.4906666666667,568.32,2005
0,0,unknown,unknown,,,,2026-08-18T00:06:15+08:00,Times New Roman,1,1,0,0,1,0,FORMAL,COMPLETE,Q2,PAPER,0,1,259.9266666666666,736.8,catalog/papers.csv; catalog/paper_files.csv; catalog/scale/g8_paper_status.csv,unknown,False,0,0,1,,,,0,False,,PORTRAIT,6,,UNKNOWN,0,,,,CUMCM-2005-A-004,1.0,text_based,A,A,------------------------------------;Times-Roman,0,0,,,,,True,1,2005年数学建模国赛真题+优秀论文/2005年国赛优秀论文/2005A：水质的评价和预测模型.pdf,primary,FE254AD18F2480EE95CEFF0A7D1BC833EDA5920305C942DFFD632BE556024B04,FE254AD18F2480EE95CEFF0A7D1BC833EDA5920305C942DFFD632BE556024B04,active,0,24,1,unknown,,,,,2026-08-18T00:06:15+08:00,200.4906666666667,568.32,2005
1,1,unknown,unknown,21.886,21.886,21.886,2026-08-18T00:06:15+08:00,Arial;Calibri;Cambria;KaiTi;Lucida;SimSun/Song;Times New Roman,1,1,142,0,1,0,FORMAL,COMPLETE,Q2,PAPER,0,0,297.0106666666666,841.92,catalog/papers.csv; catalog/paper_files.csv; catalog/scale/g8_paper_status.csv,unknown,True,0,1,1,25.027,25.027,27.356,29,False,,PORTRAIT,30,,BOTTOM,1,,,,CUMCM-2008-B-010,1.0,text_based,B,B,------------------------------------;Times;ABCDEE+Cambria;SimSun;KaiTi;ABCDEE+Calibri;Times;ABCDEE+Lucida;Arial;ABCDEE+Cambria;Times;ABCDEE+Cambria,42,1,-64.62,-64.62,-64.62,,True,1,2008年数学建模国赛真题+优秀论文/2008年优秀论文/2008B：《基于BP神经网络的我国高等教育学费模型研究》.pdf,primary,45AE15568B5842ECEAB6A21D3730CE7FE9CE9783AD737020D2CEA3DF8D9280B1,45AE15568B5842ECEAB6A21D3730CE7FE9CE9783AD737020D2CEA3DF8D9280B1,active,25,3379,1,unknown,基于 BP 神经网络的我国高等教育学费模型研究 | 一、摘要,25.873,25.026,30.529,2026-08-18T00:06:15+08:00,210.01566666666668,595.32,2008
1,1,unknown,unknown,21.957,21.957,21.957,2026-08-18T00:06:15+08:00,Arial;Cambria;KaiTi;MT-Extra;SimHei;SimSun/Song;SymbolMT;Times New Roman,1,1,1107,13,1,0,FORMAL,COMPLETE,Q2,PAPER,0,0,297.0388888888889,842.0,catalog/papers.csv; catalog/paper_files.csv; catalog/scale/g8_paper_status.csv,unknown,True,0,1,1,25.019,25.019,25.019,25,False,,PORTRAIT,26,,BOTTOM,1,,,,CUMCM-2007-A-007,1.0,text_based,A,A,------------------------------------;EAACEH+SimHei;EAACGH+Cambria;EAACJH+SimSun;EAACPI+SymbolMT;TimesNewRomanPSMT;TimesNewRomanPS-ItalicMT;TimesNewRomanPS-BoldMT;SimSun;KaiTi;Arial-BoldMT;EAAHFC+MT-Extra;EABEDE+FZSTK--GBK1-0;ArialMT,74,1,-3.308,-3.308,-3.308,,True,1,2007年数学建模国赛真题+优秀论文/2007年优秀论文/2007A：《中国人口增长预测模型》 (2).pdf,primary,0FBE0E7B2FA777AAD8D9ED9B79E39C542C07E05D8A3DD4677C0BD2EAE02F1904,0FBE0E7B2FA777AAD8D9ED9B79E39C542C07E05D8A3DD4677C0BD2EAE02F1904,active,7,3108,1,unknown,中国人口增长预测模型 | 利用 Logistic 曲线预测模型指出了未来几十年内中国人口总量的变化趋势：在未来,25.04,25.04,27.583,2026-08-18T00:06:15+08:00,209.98038888888888,595.22,2007
0,0,unknown,unknown,,,,2026-08-18T00:06:15+08:00,KaiTi;Times New Roman,1,0,0,0,1,1,FORMAL,Q3_MANUAL_REQUIRED,Q3,PAPER,0,0,275.8722222222222,782.0,catalog/papers.csv; catalog/paper_files.csv; catalog/scale/g8_paper_status.csv,unknown,False,0,0,1,,,,0,False,font_or_text_layer_not_reliable,PORTRAIT,5,,UNKNOWN,0,"1,2,3,4,5",,,CUMCM-1996-B-002,0.8,image_based,B,B,------------------------------------;Times-Italic;KaiTi,0,0,,,,,True,1,1996年数学建模国赛真题+优秀论文/1996年国赛优秀论文/1996B：关于洗衣机节水的数学模型.pdf,primary,A37A5C69FF767B96A459EC678E826B750297662ACC5A3AB52C224A711AEE0BA3,A37A5C69FF767B96A459EC678E826B750297662ACC5A3AB52C224A711AEE0BA3,active,0,25,1,unknown,,,,,2026-08-18T00:06:15+08:00,200.02499999999998,567.0,1996
0,0,unknown,unknown,,,,2026-08-18T00:06:15+08:00,KaiTi,1,0,0,0,1,0,FORMAL,Q3_MANUAL_REQUIRED,Q3,PAPER,0,0,281.51666666666665,798.0,catalog/papers.csv; catalog/paper_files.csv; catalog/scale/g8_paper_status.csv,unknown,False,0,0,1,,,,0,False,font_or_text_layer_not_reliable,PORTRAIT,9,,UNKNOWN,0,"1,2,3,4,5,6,7,8,9",,,CUMCM-1993-B-002,0.8,image_based,B,B,------------------------------------;KaiTi,0,0,,,,,True,1,1993年数学建模国赛真题+优秀论文/1993年国赛优秀论文/1993年B题优秀论文③ 一个给足球队排名次的方法.pdf,primary,40101857F2F092F6E6201646011ADE6153A7FA43E79188F8EF73E786A14963CF,40101857F2F092F6E6201646011ADE6153A7FA43E79188F8EF73E786A14963CF,active,0,36,1,unknown,,,,,2026-08-18T00:06:15+08:00,214.1361111111111,607.0,1993
1,0,unknown,unknown,20.772,20.772,20.772,2026-08-18T00:06:15+08:00,Calibri;Cambria;KaiTi;SimHei;SimSun/Song;SymbolMT;Times New Roman,1,1,53,12,1,1,FORMAL,COMPLETE,Q2,PAPER,0,0,297.0388888888889,842.0,catalog/papers.csv; catalog/paper_files.csv; catalog/scale/g8_paper_status.csv,unknown,True,0,1,1,25.019,25.019,25.019,17,False,,PORTRAIT,18,,BOTTOM,1,,,,CUMCM-2009-A-003,1.0,text_based,A,A,------------------------------------;KHAOOC+SimHei;KHAOGD+SimSun;KHAPAC+Cambria;TimesNewRomanPSMT;SimSun;KaiTi;KHAOKC+STKaiti;KHAPJA+Calibri;KHBHBF+SymbolMT;TimesNewRomanPS-ItalicMT,65,1,-64.609,-64.609,-64.609,,True,1,2009年数学建模国赛真题+优秀论文/2009年优秀论文/2009A：制动器试验台的计算机控制方法分析与设计.pdf,primary,F06CECC7A087E3B06DD4E6098F8E5574A8C3202BF23ABE8C29E7E33A64C389DE,F06CECC7A087E3B06DD4E6098F8E5574A8C3202BF23ABE8C29E7E33A64C389DE,active,4,9681,1,unknown,制动器试验台的计算机控制方法分析与设计 | 问题二，经过计算可知，能组成八种机械惯量，分别为 10、40、70、100、130、160、,25.04,25.04,30.522,2026-08-18T00:06:15+08:00,209.98038888888888,595.22,2009
,,unknown,unknown,,,,2026-08-18T00:06:15+08:00,,0,0,,,0,,FORMAL,INELIGIBLE,,PROBLEM_PACKAGE,,,,,catalog/papers.csv; catalog/paper_files.csv; catalog/scale/g8_paper_status.csv,unknown,,,,0,,,,,,No analyzable PAPER PDF selected; identity retained in full corpus inventory.,UNKNOWN,,,,,,,,CUMCM-2007-C-004,,NOT_ANALYZED,C,C,,,,,,,,True,1,2007年数学建模国赛真题+优秀论文/2007年赛题/2007年国赛C题.doc,primary,59F29C49B6EE45333C1435A662E5F57D5091429A9F3495A1C5218A0939384C28,59F29C49B6EE45333C1435A662E5F57D5091429A9F3495A1C5218A0939384C28,active,,,0,unknown,,,,,2026-08-18T00:06:15+08:00,,,2007
1,1,unknown,unknown,18.203,18.203,18.203,2026-08-18T00:06:15+08:00,MT-Extra;SimHei;SymbolMT;Times New Roman,1,1,1299,17,1,1,FORMAL,COMPLETE,Q2,PAPER,0,0,297.0388888888889,842.0,catalog/papers.csv; catalog/paper_files.csv; catalog/scale/g8_paper_status.csv,unknown,True,0,1,1,31.75,31.75,31.75,30,False,,PORTRAIT,32,,BOTTOM,1,,,,CUMCM-2014-A-A1501,0.88,text_based,A,A,------------------------------------;FNTSBS+TimesNewRomanPSMT;FNTSBS+SimHei;FNTSBS+F4;FNTSBS+TimesNewRomanPS-ItalicMT;FNTSBS+SymbolMT;FNTSBS+MT-Extra;FNTSBS+TimesNewRomanPS-BoldMT,59,1,29.563,29.563,30.833,,True,1,2014年数学建模国赛真题+优秀论文/2014优秀论文/2014A：嫦娥三号软着陆轨道设计与控制策略 (5)/A15010142_王子硕_吴鹏飞_陶立.pdf,primary,CA6C94BB50E5B0D982A7D54F154AB68A8E5465BB3858D1274356BFD5381FD2CC,CA6C94BB50E5B0D982A7D54F154AB68A8E5465BB3858D1274356BFD5381FD2CC,active,1,3464,1,unknown,嫦娥三号软着陆轨道设计与控制策略 | 射对我国航天事业具有重要意义。为解决嫦娥三号软着陆的轨道设计与控制策略,27.083,25.428,30.233,2026-08-18T00:06:15+08:00,209.90277777777777,595.0,2014
0,0,unknown,unknown,,,,2026-08-18T00:06:15+08:00,Times New Roman,1,1,0,0,1,0,FORMAL,COMPLETE,Q2,PAPER,0,1,259.9266666666666,736.8,catalog/papers.csv; catalog/paper_files.csv; catalog/scale/g8_paper_status.csv,unknown,False,0,0,1,,,,0,False,,PORTRAIT,6,,UNKNOWN,0,,,,CUMCM-2005-A-005,1.0,text_based,A,A,------------------------------------;Times-Roman,0,0,,,,,True,1,2005年数学建模国赛真题+优秀论文/2005年国赛优秀论文/2005A：长江水质的评价预测模型.pdf,primary,95E931005A51089948CBEDDB05C879D2396ACD60599E3BFFF3FD14C1D99CAE9C,95E931005A51089948CBEDDB05C879D2396ACD60599E3BFFF3FD14C1D99CAE9C,active,0,24,1,unknown,,,,,2026-08-18T00:06:15+08:00,200.4906666666667,568.32,2005
,,unknown,unknown,,,,2026-08-18T00:06:15+08:00,,0,0,,,0,,FORMAL,INELIGIBLE,UNKNOWN,PROBLEM_PACKAGE,,,,,catalog/papers.csv; catalog/paper_files.csv; catalog/scale/g8_paper_status.csv,unknown,,,,0,,,,,,No analyzable PAPER PDF selected; identity retained in full corpus inventory.,UNKNOWN,,,,,,,,CUMCM-2013-D-002,,NOT_ANALYZED,D,D,,,,,,,,True,1,2013年数学建模国赛真题+优秀论文/2013年国赛D题 .doc,primary,B57D4C0ED73496E665831CAC3BEE0377C8C3D1355520F08CE4957FEA33FC7F5D,B57D4C0ED73496E665831CAC3BEE0377C8C3D1355520F08CE4957FEA33FC7F5D,active,,,0,unknown,,,,,2026-08-18T00:06:15+08:00,,,2013
,,unknown,unknown,,,,2026-08-18T00:06:15+08:00,,0,0,,,0,,FORMAL,INELIGIBLE,,PROBLEM_PACKAGE,,,,,catalog/papers.csv; catalog/paper_files.csv; catalog/scale/g8_paper_status.csv,unknown,,,,0,,,,,,No analyzable PAPER PDF selected; identity retained in full corpus inventory.,UNKNOWN,,,,,,,,CUMCM-2020-A-003,,NOT_ANALYZED,A,A,,,,,,,,True,1,2020年数学建模国赛真题+优秀论文/2020年赛题/2020年国赛A题.docx,primary,686279BA0202E28E9C86F2E31611D17EDEC04865CD85ACB3A69E606D2C425150,686279BA0202E28E9C86F2E31611D17EDEC04865CD85ACB3A69E606D2C425150,active,,,0,unknown,,,,,2026-08-18T00:06:15+08:00,,,2020
0,0,unknown,unknown,26.176,20.461,46.564,2026-08-18T00:06:15+08:00,KaiTi;SimSun/Song;Syntax;Times New Roman;cajcd-fntaa;cajcd-fntbd,1,1,105,0,1,1,FORMAL,COMPLETE,Q2,PAPER,0,1,248.70833333333334,705.0,catalog/papers.csv; catalog/paper_files.csv; catalog/scale/g8_paper_status.csv,unknown,False,0,0,1,12.912,12.912,12.912,5,False,,PORTRAIT,6,,TOP,1,,,,CUMCM-1999-A-005,1.0,text_based,A,A,------------------------------------;STSong-Light;Times-Roman;cajcd-fntaa;Times-Italic;Times-Bold;Times-Italic;KaiTi;cajcd-fntbd;Syntax;Syntax;Syntax;Syntax;Syntax;Syntax;Syntax;Syntax;Syntax;Syntax;Syntax;Syntax;Syntax;Syntax;Syntax;Syntax;Syntax;Syntax;Syntax;Syntax;Syntax;Syntax;Syntax;Syntax;Syntax;Syntax;Syntax;Syntax;Syntax;Syntax;Syntax;Syntax;Syntax;Syntax;Syntax;Syntax;Syntax;Syntax;Syntax;Syntax;Syntax;Syntax;Syntax;Syntax;Syntax;Syntax;Syntax;Syntax;Syntax;Syntax;Syntax;Syntax;Syntax;Syntax;Syntax;Syntax;Syntax;Syntax;Syntax;Syntax;Syntax;Syntax;Syntax;Syntax;Syntax;Syntax;Syntax;Syntax;Syntax;Syntax;Syntax;Syntax;Syntax;Syntax;Syntax;Syntax;Syntax;Syntax;Syntax;Syntax;Syntax;Syntax;Syntax;Syntax;Syntax;Syntax;Syntax;Syntax;Syntax;Syntax;Syntax;Syntax;Syntax;Syntax;Syntax;Syntax;Syntax;Syntax;Syntax;Syntax;Syntax;Syntax;Syntax;Syntax;Syntax;Syntax;Syntax;Syntax;Syntax;Syntax;Syntax;Syntax;Syntax;Syntax;Syntax;Syntax;Syntax;Syntax;Syntax;Syntax;Syntax;Syntax;Syntax;Syntax;Syntax;Syntax;Syntax;Syntax;Syntax;Syntax;Syntax;Syntax;Syntax;Syntax;Syntax;Syntax;Syntax;Syntax;Syntax;Syntax;Syntax;Syntax;Syntax;Syntax;Syntax;Syntax;Syntax;Syntax;Syntax;Syntax;Syntax;Syntax;Syntax;Syntax;Syntax;Syntax;Syntax;Syntax;Syntax;Syntax;Syntax;Syntax;Syntax;Syntax;Syntax;Syntax;Syntax;Syntax;Syntax;Syntax;Syntax;Syntax;Syntax;Syntax;Syntax;Syntax;Syntax;Syntax;Syntax;Syntax;Syntax;Syntax;Syntax;Syntax;Syntax;Syntax;Syntax;Syntax;Syntax;Syntax;Syntax;Syntax;Syntax;Syntax;Syntax;Syntax;Syntax;Syntax;Syntax;Syntax;Syntax;Syntax;Syntax;Syntax;Syntax;Syntax;Syntax;Syntax;Syntax;Syntax;Syntax;Syntax;Syntax;Syntax;Syntax;Syntax;Syntax;Syntax;Syntax;Syntax;Syntax;Syntax;Syntax;Syntax;Syntax;Syntax;Syntax;Syntax;Syntax;Syntax;Syntax;Syntax;Syntax;Syntax;Syntax;Syntax;Syntax;Syntax;Syntax;Syntax;Syntax;Syntax;Syntax;Syntax;Syntax;Syntax;Syntax;Syntax;Syntax;Syntax;Syntax;Syntax;Syntax;Syntax;Syntax;Syntax;Syntax;Syntax;Syntax;Syntax;Syntax;Syntax;Syntax;Syntax;Syntax;Syntax;Syntax;Syntax;Syntax;Syntax;Syntax;Syntax;Syntax;Syntax;Syntax;Syntax;Syntax;Syntax;Syntax;Syntax;Syntax;Syntax;Syntax;Syntax;Syntax;Syntax;Syntax;Syntax;Syntax;Syntax;Syntax;Syntax;Syntax;Syntax;Syntax;Syntax;Syntax;Syntax;Syntax;Syntax;Syntax;Syntax;Syntax;Syntax;Syntax;Syntax;Syntax;Syntax;Syntax;Syntax;Syntax;Syntax;Syntax;Syntax;Syntax;Syntax;Syntax;Syntax;Syntax;Syntax;Syntax;Syntax;Syntax;Syntax;Syntax;Syntax;Syntax;Syntax;Syntax;Syntax;Syntax;Syntax;Syntax;Syntax;Syntax;Syntax;Syntax;Syntax;Syntax;Syntax;Syntax;Syntax;Syntax;Syntax;Syntax;Syntax;Syntax;Syntax;Syntax;Syntax;Syntax;Syntax;Syntax;Syntax;Syntax;Syntax;Syntax;Syntax;Syntax;Syntax;Syntax;Syntax;Syntax;Syntax;Syntax;Syntax;Syntax;Syntax;Syntax;Syntax;Syntax;Syntax;Syntax;Syntax;Syntax;Syntax;Syntax;Syntax;Syntax;Syntax;Syntax;Syntax;Syntax;Syntax;Syntax;Syntax;Syntax;Syntax;Syntax;Syntax;Syntax;Syntax;Syntax;Syntax;Syntax;Syntax;Syntax;Syntax;Syntax;Syntax;Syntax;Syntax;Syntax;Syntax;Syntax;Syntax;Syntax;Syntax;Syntax;Syntax;Syntax;Syntax;Syntax;Syntax;Syntax;Syntax;Syntax;Syntax;Syntax;Syntax;Syntax;Syntax;Syntax;Syntax;Syntax;Syntax;Syntax;Syntax;Syntax;Syntax;Syntax;Syntax;Syntax;Syntax;Syntax;Syntax;Syntax;Syntax;Syntax;Syntax;Syntax;Syntax;Syntax;Syntax;Syntax;Syntax;Syntax;Syntax;Syntax;Syntax;Syntax;Syntax;Syntax;Syntax;Syntax;Syntax;Syntax;Syntax;Syntax;Syntax;Syntax;Syntax;Syntax;Syntax;Syntax;Syntax;Syntax;Syntax;Syntax;Syntax;Syntax;Syntax;Syntax;Syntax;Syntax;Syntax;Syntax;Syntax;Syntax;Syntax;Syntax;Syntax;Syntax;Syntax;Syntax;Syntax;Syntax;Syntax;Syntax;Syntax;Syntax;Syntax;Syntax;Syntax;Syntax;Syntax;Syntax;Syntax;Syntax;Syntax;Syntax;Syntax;Syntax;Syntax;Syntax;Syntax;Syntax;Syntax;Syntax;Syntax;Syntax;Syntax;Syntax;Syntax;Syntax;Syntax;Syntax;Syntax;Syntax;Syntax;Syntax;Syntax;Syntax;Syntax;Syntax;Syntax;Syntax;Syntax;Syntax;Syntax;Syntax;Syntax;Syntax;Syntax;Syntax;Syntax;Syntax;Syntax;Syntax;Syntax;Syntax;Syntax;Syntax;Syntax;Syntax;Syntax;Syntax;Syntax;Syntax;Syntax;Syntax;Syntax;Syntax;Syntax;Syntax;Syntax;Syntax;Syntax;Syntax;Syntax;Syntax;Syntax;Syntax;Syntax;Syntax;Syntax;Syntax;Syntax;Syntax;Syntax;Syntax;Syntax;Syntax;Syntax;Syntax;Syntax;Syntax;Syntax;Syntax;Syntax;Syntax;Syntax;Syntax;Syntax;Syntax;Syntax;Syntax;Syntax;Syntax;Syntax;Syntax;Syntax;Syntax;Syntax;Syntax;Syntax;Syntax;Syntax;Syntax;Syntax;Syntax;Syntax;Syntax;Syntax;Syntax;Syntax;Syntax;Syntax;Syntax;Syntax;Syntax;Syntax;Syntax;Syntax;Syntax;Syntax;Syntax;Syntax;Syntax;Syntax;Syntax;Syntax;Syntax;Syntax;Syntax;Syntax;Syntax;Syntax;Syntax;Syntax;Syntax;Syntax;Syntax;Syntax;Syntax;Syntax;Syntax;Syntax;Syntax;Syntax;Syntax;Syntax;Syntax;Syntax;Syntax;Syntax;Syntax;Syntax;Syntax;Syntax;Syntax;Syntax;Syntax;Syntax;Syntax;Syntax;Syntax;Syntax;Syntax;Syntax;Syntax;Syntax;Syntax;Syntax;Syntax;Syntax;Syntax;Syntax;Syntax;Syntax;Syntax;Syntax;Syntax;Syntax;Syntax;Syntax;Syntax;Syntax;Syntax;Syntax;Syntax;Syntax;Syntax;Syntax;Syntax;Syntax;Syntax;Syntax;Syntax;Syntax;Syntax;Syntax;Syntax;Syntax;Syntax;Syntax;Syntax;Syntax;Syntax;Syntax;Syntax;Syntax;Syntax;Syntax;Syntax;Syntax;Syntax;Syntax;Syntax;Syntax;Syntax;Syntax;Syntax;Syntax;Syntax;Syntax;Syntax;Syntax;Syntax;Syntax;Syntax;Syntax;Syntax;Syntax;Syntax;Syntax;Syntax;Syntax;Syntax;Syntax;Syntax;Syntax;Syntax;Syntax;Syntax;Syntax;Syntax;Syntax;Syntax;Syntax;Syntax;Syntax;Syntax;Syntax;Syntax;Syntax;Syntax;Syntax;Syntax;Syntax;Syntax;Syntax;Syntax;Syntax;Syntax;Syntax;Syntax;Syntax;Syntax,14,0,10.195,10.193,10.442,,True,1,1999年数学建模国赛真题+优秀论文/1999年国赛优秀论文/1999A：刀具问题的仿真及灵敏度分析.pdf,primary,1271CC5701D07F1261783D8B611F1C70483B30FA3C5A13967A6007DE00BF81AB,1271CC5701D07F1261783D8B611F1C70483B30FA3C5A13967A6007DE00BF81AB,active,0,733,1,unknown,M A TH EM A T ICSINPRA CT ICE ANDTH EO R Y | +g(x) dx[0. 980. 02 (j t+a+f(js-(0. 98 (j(s-1) +j-1) ),14.146,14.146,14.146,2026-08-18T00:06:15+08:00,167.56944444444446,475.0,1999
0,0,unknown,unknown,,,,2026-08-18T00:06:15+08:00,KaiTi;SimSun/Song;Times New Roman,1,1,0,0,1,0,FORMAL,COMPLETE,Q2,PAPER,0,0,279.4,792.0,catalog/papers.csv; catalog/paper_files.csv; catalog/scale/g8_paper_status.csv,unknown,False,0,0,1,,,,0,False,,PORTRAIT,6,,UNKNOWN,0,,,,CUMCM-1992-A-002,1.0,text_based,A,A,------------------------------------;STSong-Light;Times-Roman;KaiTi,0,0,,,,,True,1,1992年数学建模国赛优秀论文/1992年A题优秀论文② 施肥方案对作物蔬菜的影响.pdf,primary,65FB38A666A49FAC5A672F2B21BC8BC21DF5325A0D42E4BF6C7FB2E7D6CC74B7,65FB38A666A49FAC5A672F2B21BC8BC21DF5325A0D42E4BF6C7FB2E7D6CC74B7,active,0,24,1,unknown,,,,,2026-08-18T00:06:15+08:00,207.4333333333333,588.0,1992
0,0,unknown,unknown,70.73,70.73,70.73,2026-08-18T00:06:15+08:00,KaiTi;SimSun/Song,1,0,0,0,1,0,FORMAL,Q3_MANUAL_REQUIRED,Q3,PAPER,0,0,297.0388888888889,842.0,catalog/papers.csv; catalog/paper_files.csv; catalog/scale/g8_paper_status.csv,unknown,True,0,0,1,38.059,38.059,38.059,13,False,font_or_text_layer_not_reliable,PORTRAIT,14,,UNKNOWN,0,"1,2,3,4,5,6,7,8,9,10,11,12,13,14",,,CUMCM-2008-A-005,0.8,image_based,A,A,------------------------------------;SimSun;KaiTi,0,0,-64.586,-64.586,-64.586,,True,1,2008年数学建模国赛真题+优秀论文/2008年优秀论文/2008A：《具有仿射不变性的几何结构在相机定位中的应用》.pdf,primary,1016FF53BAEAD58647F6A2EBFF3ABC2E57D8BA01167839FBD97993BB31098AC0,1016FF53BAEAD58647F6A2EBFF3ABC2E57D8BA01167839FBD97993BB31098AC0,active,0,70,1,unknown,,126.838,126.838,126.838,2026-08-18T00:06:15+08:00,209.90277777777777,595.0,2008
0,0,unknown,unknown,16.51,16.157,16.616,2026-08-18T00:06:15+08:00,KaiTi;SimSun/Song;Syntax;Times New Roman;cajcd-fntaa;cajcd-fntbd;cajcd-fntlt,1,1,441,0,1,1,FORMAL,COMPLETE,Q2,PAPER,0,1,248.70833333333334,705.0,catalog/papers.csv; catalog/paper_files.csv; catalog/scale/g8_paper_status.csv,unknown,False,0,0,1,12.912,12.912,12.912,5,False,,PORTRAIT,6,,TOP,1,,,,CUMCM-1999-A-006,1.0,text_based,A,A,------------------------------------;STSong-Light;Times-Roman;cajcd-fntaa;Times-Bold;Times-Italic;KaiTi;cajcd-fntbd;cajcd-fntlt;Syntax;Syntax;Syntax;Syntax;Syntax;Syntax;Syntax;Syntax;Syntax;Syntax;Syntax;Syntax;Syntax;Syntax;Syntax;Syntax;Syntax;Syntax;Syntax;Syntax;Syntax;Syntax;Syntax;Syntax;Syntax;Syntax;Syntax;Syntax;Syntax;Syntax;Syntax;Syntax;Syntax;Syntax;Syntax;Syntax;Syntax;Syntax;Syntax;Syntax;Syntax;Syntax;Syntax;Syntax;Syntax;Syntax;Syntax;Syntax;Syntax;Syntax;Syntax;Syntax;Syntax;Syntax;Syntax;Syntax;Syntax;Syntax;Syntax;Syntax;Syntax;Syntax;Syntax;Syntax;Syntax;Syntax;Syntax;Syntax;Syntax;Syntax;Syntax;Syntax;Syntax;Syntax;Syntax;Syntax;Syntax;Syntax;Syntax;Syntax;Syntax;Syntax;Syntax;Syntax;Syntax;Syntax;Syntax;Syntax;Syntax;Syntax;Syntax;Syntax;Syntax;Syntax;Syntax;Syntax;Syntax;Syntax;Syntax;Syntax;Syntax;Syntax;Syntax;Syntax;Syntax;Syntax;Syntax;Syntax;Syntax;Syntax;Syntax;Syntax;Syntax;Syntax;Syntax;Syntax;Syntax;Syntax;Syntax;Syntax;Syntax;Syntax;Syntax;Syntax;Syntax;Syntax;Syntax;Syntax;Syntax;Syntax;Syntax;Syntax;Syntax;Syntax;Syntax;Syntax;Syntax;Syntax;Syntax;Syntax;Syntax;Syntax;Syntax;Syntax;Syntax;Syntax;Syntax;Syntax;Syntax;Syntax;Syntax;Syntax;Syntax;Syntax;Syntax;Syntax;Syntax;Syntax;Syntax;Syntax;Syntax;Syntax;Syntax;Syntax;Syntax;Syntax;Syntax;Syntax;Syntax;Syntax;Syntax;Syntax;Syntax;Syntax;Syntax;Syntax;Syntax;Syntax;Syntax;Syntax;Syntax;Syntax;Syntax;Syntax;Syntax;Syntax;Syntax;Syntax;Syntax;Syntax;Syntax;Syntax;Syntax;Syntax;Syntax;Syntax;Syntax;Syntax;Syntax;Syntax;Syntax;Syntax;Syntax;Syntax;Syntax;Syntax;Syntax;Syntax;Syntax;Syntax;Syntax;Syntax;Syntax;Syntax;Syntax;Syntax;Syntax;Syntax;Syntax;Syntax;Syntax;Syntax;Syntax;Syntax;Syntax;Syntax;Syntax;Syntax;Syntax;Syntax;Syntax;Syntax;Syntax;Syntax;Syntax;Syntax;Syntax;Syntax;Syntax;Syntax;Syntax;Syntax;Syntax;Syntax;Syntax;Syntax;Syntax;Syntax;Syntax;Syntax;Syntax;Syntax;Syntax;Syntax;Syntax;Syntax;Syntax;Syntax;Syntax;Syntax;Syntax;Syntax;Syntax;Syntax;Syntax;Syntax;Syntax;Syntax;Syntax;Syntax;Syntax;Syntax;Syntax;Syntax;Syntax;Syntax;Syntax;Syntax;Syntax;Syntax;Syntax;Syntax;Syntax;Syntax;Syntax;Syntax;Syntax;Syntax;Syntax;Syntax;Syntax;Syntax;Syntax;Syntax;Syntax;Syntax;Syntax;Syntax;Syntax;Syntax;Syntax;Syntax;Syntax;Syntax;Syntax;Syntax;Syntax;Syntax;Syntax;Syntax;Syntax;Syntax;Syntax;Syntax;Syntax;Syntax;Syntax;Syntax;Syntax;Syntax;Syntax;Syntax;Syntax;Syntax;Syntax;Syntax;Syntax;Syntax;Syntax;Syntax;Syntax;Syntax;Syntax;Syntax;Syntax;Syntax;Syntax;Syntax;Syntax;Syntax;Syntax;Syntax;Syntax;Syntax;Syntax;Syntax;Syntax;Syntax;Syntax;Syntax;Syntax;Syntax;Syntax;Syntax;Syntax;Syntax;Syntax;Syntax;Syntax;Syntax;Syntax;Syntax;Syntax;Syntax;Syntax;Syntax;Syntax;Syntax;Syntax;Syntax;Syntax;Syntax;Syntax;Syntax;Syntax;Syntax;Syntax;Syntax;Syntax;Syntax;Syntax;Syntax;Syntax;Syntax;Syntax;Syntax;Syntax;Syntax;Syntax;Syntax;Syntax;Syntax;Syntax;Syntax;Syntax;Syntax;Syntax;Syntax;Syntax;Syntax;Syntax;Syntax;Syntax;Syntax;Syntax;Syntax;Syntax;Syntax;Syntax;Syntax;Syntax;Syntax;Syntax;Syntax;Syntax;Syntax;Syntax;Syntax;Syntax;Syntax;Syntax;Syntax;Syntax;Syntax;Syntax;Syntax;Syntax;Syntax;Syntax;Syntax;Syntax;Syntax;Syntax;Syntax;Syntax;Syntax;Syntax;Syntax;Syntax;Syntax;Syntax;Syntax;Syntax;Syntax;Syntax;Syntax;Syntax;Syntax;Syntax;Syntax;Syntax;Syntax;Syntax;Syntax;Syntax;Syntax;Syntax;Syntax;Syntax;Syntax;Syntax;Syntax;Syntax;Syntax;Syntax;Syntax;Syntax;Syntax;Syntax;Syntax;Syntax;Syntax;Syntax;Syntax;Syntax;Syntax;Syntax;Syntax;Syntax;Syntax;Syntax;Syntax;Syntax;Syntax;Syntax;Syntax;Syntax;Syntax;Syntax;Syntax;Syntax;Syntax;Syntax;Syntax;Syntax;Syntax;Syntax;Syntax;Syntax;Syntax;Syntax;Syntax;Syntax;Syntax;Syntax;Syntax;Syntax;Syntax;Syntax;Syntax;Syntax;Syntax;Syntax;Syntax;Syntax;Syntax;Syntax;Syntax;Syntax;Syntax;Syntax;Syntax;Syntax;Syntax;Syntax;Syntax;Syntax;Syntax;Syntax;Syntax;Syntax;Syntax;Syntax;Syntax;Syntax;Syntax;Syntax;Syntax;Syntax;Syntax;Syntax;Syntax;Syntax;Syntax;Syntax;Syntax;Syntax;Syntax;Syntax;Syntax;Syntax;Syntax;Syntax;Syntax;Syntax;Syntax;Syntax;Syntax;Syntax;Syntax;Syntax;Syntax;Syntax;Syntax;Syntax;Syntax;Syntax;Syntax;Syntax;Syntax;Syntax;Syntax;Syntax;Syntax;Syntax;Syntax;Syntax;Syntax;Syntax;Syntax;Syntax;Syntax;Syntax;Syntax;Syntax;Syntax;Syntax;Syntax;Syntax;Syntax;Syntax;Syntax;Syntax;Syntax;Syntax;Syntax;Syntax;Syntax;Syntax;Syntax;Syntax;Syntax;Syntax;Syntax;Syntax;Syntax;Syntax;Syntax;Syntax;Syntax;Syntax;Syntax;Syntax;Syntax;Syntax;Syntax;Syntax;Syntax;Syntax;Syntax;Syntax;Syntax;Syntax;Syntax;Syntax;Syntax;Syntax;Syntax;Syntax;Syntax;Syntax;Syntax;Syntax;Syntax;Syntax;Syntax;Syntax;Syntax;Syntax;Syntax;Syntax;Syntax;Syntax;Syntax;Syntax;Syntax;Syntax;Syntax;Syntax;Syntax;Syntax;Syntax;Syntax;Syntax;Syntax;Syntax;Syntax;Syntax;Syntax;Syntax;Syntax;Syntax;Syntax;Syntax;Syntax;Syntax;Syntax;Syntax;Syntax;Syntax;Syntax;Syntax;Syntax;Syntax;Syntax;Syntax;Syntax;Syntax;Syntax;Syntax;Syntax;Syntax;Syntax;Syntax;Syntax;Syntax;Syntax;Syntax;Syntax;Syntax;Syntax;Syntax;Syntax;Syntax;Syntax;Syntax;Syntax;Syntax;Syntax;Syntax;Syntax;Syntax;Syntax;Syntax;Syntax;Syntax;Syntax;Syntax;Syntax;Syntax;Syntax;Syntax;Syntax;Syntax;Syntax;Syntax;Syntax;Syntax;Syntax;Syntax;Syntax;Syntax;Syntax;Syntax;Syntax;Syntax;Syntax;Syntax;Syntax;Syntax;Syntax;Syntax;Syntax;Syntax;Syntax;Syntax;Syntax;Syntax;Syntax;Syntax;Syntax;Syntax;Syntax;Syntax;Syntax;Syntax;Syntax;Syntax;Syntax;Syntax;Syntax;Syntax;Syntax;Syntax;Syntax;Syntax;Syntax;Syntax;Syntax;Syntax;Syntax;Syntax;Syntax;Syntax;Syntax;Syntax;Syntax;Syntax;Syntax;Syntax;Syntax;Syntax;Syntax;Syntax;Syntax;Syntax;Syntax;Syntax;Syntax;Syntax;Syntax;Syntax;Syntax;Syntax;Syntax;Syntax;Syntax;Syntax;Syntax;Syntax;Syntax;Syntax;Syntax;Syntax;Syntax;Syntax;Syntax;Syntax;Syntax;Syntax;Syntax;Syntax;Syntax;Syntax;Syntax;Syntax;Syntax;Syntax;Syntax;Syntax;Syntax;Syntax;Syntax;Syntax;Syntax;Syntax;Syntax;Syntax;Syntax;Syntax;Syntax;Syntax;Syntax;Syntax;Syntax;Syntax;Syntax;Syntax;Syntax;Syntax;Syntax;Syntax;Syntax;Syntax;Syntax;Syntax;Syntax;Syntax;Syntax;Syntax;Syntax;Syntax;Syntax;Syntax;Syntax;Syntax;Syntax;Syntax;Syntax;Syntax;Syntax;Syntax;Syntax;Syntax;Syntax;Syntax;Syntax;Syntax;Syntax;Syntax;Syntax;Syntax;Syntax;Syntax;Syntax;Syntax;Syntax;Syntax;Syntax;Syntax;Syntax;Syntax;Syntax;Syntax;Syntax;Syntax;Syntax;Syntax;Syntax;Syntax;Syntax;Syntax;Syntax;Syntax;Syntax;Syntax;Syntax;Syntax;Syntax;Syntax;Syntax;Syntax;Syntax;Syntax;Syntax;Syntax;Syntax;Syntax;Syntax;Syntax;Syntax;Syntax;Syntax;Syntax;Syntax;Syntax;Syntax;Syntax;Syntax;Syntax;Syntax;Syntax;Syntax;Syntax;Syntax;Syntax;Syntax;Syntax;Syntax;Syntax;Syntax;Syntax;Syntax;Syntax;Syntax;Syntax;Syntax;Syntax;Syntax;Syntax;Syntax;Syntax;Syntax;Syntax;Syntax;Syntax;Syntax;Syntax;Syntax;Syntax;Syntax;Syntax;Syntax;Syntax;Syntax;Syntax;Syntax;Syntax;Syntax;Syntax;Syntax;Syntax;Syntax;Syntax;Syntax;Syntax;Syntax;Syntax;Syntax;Syntax;Syntax;Syntax;Syntax;Syntax;Syntax;Syntax;Syntax;Syntax;Syntax;Syntax;Syntax;Syntax;Syntax;Syntax;Syntax;Syntax;Syntax;Syntax;Syntax;Syntax;Syntax;Syntax;Syntax;Syntax;Syntax;Syntax;Syntax;Syntax;Syntax;Syntax;Syntax;Syntax;Syntax;Syntax;Syntax;Syntax;Syntax;Syntax;Syntax;Syntax;Syntax;Syntax;Syntax;Syntax;Syntax;Syntax;Syntax;Syntax;Syntax;Syntax;Syntax;Syntax;Syntax;Syntax;Syntax;Syntax;Syntax;Syntax;Syntax;Syntax;Syntax;Syntax;Syntax;Syntax;Syntax;Syntax;Syntax;Syntax;Syntax;Syntax;Syntax;Syntax;Syntax;Syntax;Syntax;Syntax;Syntax;Syntax;Syntax;Syntax;Syntax;Syntax;Syntax;Syntax;Syntax;Syntax;Syntax;Syntax;Syntax;Syntax;Syntax;Syntax;Syntax;Syntax;Syntax;Syntax;Syntax;Syntax;Syntax;Syntax;Syntax;Syntax;Syntax;Syntax;Syntax;Syntax;Syntax;Syntax;Syntax;Syntax;Syntax;Syntax;Syntax;Syntax;Syntax;Syntax;Syntax;Syntax;Syntax;Syntax;Syntax;Syntax;Syntax;Syntax;Syntax;Syntax;Syntax;Syntax;Syntax;Syntax;Syntax;Syntax;Syntax;Syntax;Syntax;Syntax;Syntax;Syntax;Syntax;Syntax;Syntax;Syntax;Syntax;Syntax;Syntax;Syntax;Syntax;Syntax;Syntax;Syntax;Syntax;Syntax;Syntax;Syntax;Syntax;Syntax;Syntax;Syntax;Syntax;Syntax;Syntax;Syntax;Syntax;Syntax;Syntax;Syntax;Syntax;Syntax;Syntax;Syntax;Syntax;Syntax;Syntax;Syntax;Syntax;Syntax;Syntax;Syntax;Syntax;Syntax;Syntax;Syntax;Syntax;Syntax;Syntax;Syntax;Syntax;Syntax;Syntax;Syntax;Syntax;Syntax;Syntax;Syntax;Syntax;Syntax;Syntax;Syntax;Syntax;Syntax;Syntax;Syntax;Syntax;Syntax;Syntax;Syntax;Syntax;Syntax;Syntax;Syntax;Syntax;Syntax;Syntax;Syntax;Syntax;Syntax;Syntax;Syntax;Syntax;Syntax;Syntax;Syntax;Syntax;Syntax;Syntax;Syntax;Syntax;Syntax;Syntax;Syntax;Syntax;Syntax,7,0,10.195,10.16,10.231,,True,1,1999年数学建模国赛真题+优秀论文/1999年国赛优秀论文/1999A：自动化车床管理（2）.pdf,primary,1EA295F860370EF0100DF5671619E75F4624C54AF13427D55E4EC631053F25CD,1EA295F860370EF0100DF5671619E75F4624C54AF13427D55E4EC631053F25CD,active,0,1187,1,unknown,"M A TH EM A T ICSINPRA CT ICE ANDTH EO R Y | under com p lica ted cond ition s,the in terva ls of rep lacing and theck ing a re 306 and 28 resp ective2",14.146,14.146,14.146,2026-08-18T00:06:15+08:00,167.56944444444446,475.0,1999
0,0,unknown,unknown,,,,2026-08-18T00:06:15+08:00,KaiTi;Times New Roman,1,1,0,0,1,0,FORMAL,COMPLETE,Q2,PAPER,0,1,296.6861111111111,841.0,catalog/papers.csv; catalog/paper_files.csv; catalog/scale/g8_paper_status.csv,unknown,True,0,0,1,,,,0,False,,PORTRAIT,5,,UNKNOWN,0,,,,CUMCM-2001-A-010,1.0,text_based,A,A,------------------------------------;Times-Roman;KaiTi,0,0,,,,,True,1,2001年数学建模国赛真题+优秀论文/2001年国赛优秀论文/2001A：旋转抛物面聚光效果的研究.pdf,primary,273DBE3935179F856B622443EA7D2BAAED27F48DC46CF71F0DC99E0F6A7D450E,273DBE3935179F856B622443EA7D2BAAED27F48DC46CF71F0DC99E0F6A7D450E,active,0,25,1,unknown,,,,,2026-08-18T00:06:15+08:00,209.90277777777777,595.0,2001
0,0,unknown,unknown,,,,2026-08-18T00:06:15+08:00,KaiTi;SimSun/Song;Times New Roman,1,1,0,0,1,0,FORMAL,COMPLETE,Q2,PAPER,0,0,281.51666666666665,798.0,catalog/papers.csv; catalog/paper_files.csv; catalog/scale/g8_paper_status.csv,unknown,False,0,0,1,,,,0,False,,PORTRAIT,5,,UNKNOWN,0,,,,CUMCM-1992-A-003,1.0,text_based,A,A,------------------------------------;STSong-Light;Times-Roman;KaiTi,0,0,,,,,True,1,1992年数学建模国赛优秀论文/1992年A题优秀论文③ 关于非线性交调的频率设计的评注.pdf,primary,F24E48AE1113A02C6ADCF3339392D8B2C9A1449BE1A64FB2DE3D8543A8066E12,F24E48AE1113A02C6ADCF3339392D8B2C9A1449BE1A64FB2DE3D8543A8066E12,active,0,20,1,unknown,,,,,2026-08-18T00:06:15+08:00,214.1361111111111,607.0,1992
0,0,unknown,unknown,,,,2026-08-18T00:06:15+08:00,KaiTi,1,0,0,0,1,0,FORMAL,Q3_MANUAL_REQUIRED,Q3,PAPER,0,0,285.115,808.2,catalog/papers.csv; catalog/paper_files.csv; catalog/scale/g8_paper_status.csv,unknown,False,0,0,1,,,,0,False,font_or_text_layer_not_reliable,PORTRAIT,45,,UNKNOWN,0,"1,2,3,4,5,6,7,8,9,10,11,12,13,14,15,16,17,18,19,20,21,22,23,24,25,26,27,28,29,30,31,32,33,34,35,36,37,38,39,40,41,42,43,44,45",,,CUMCM-2020-C-002,0.8,image_based,C,C,------------------------------------;KaiTi,0,0,,,,,True,1,2020年数学建模国赛真题+优秀论文/2020年优秀论文/2020C：银行对中小微企业的信贷策略.pdf,primary,6CAC74309590521133F181A0A8788E3CAFE6E58130DD5BCB72CD45CD7DFCD45C,6CAC74309590521133F181A0A8788E3CAFE6E58130DD5BCB72CD45CD7DFCD45C,active,0,135,1,unknown,,,,,2026-08-18T00:06:15+08:00,201.549,571.32,2020
,,unknown,unknown,,,,2026-08-18T00:06:15+08:00,,0,0,,,0,,FORMAL,INELIGIBLE,,SUPPORTING_MATERIAL,,,,,catalog/papers.csv; catalog/paper_files.csv; catalog/scale/g8_paper_status.csv,unknown,,,,0,,,,,,No analyzable PAPER PDF selected; identity retained in full corpus inventory.,UNKNOWN,,,,,,,,CUMCM-2011-D-033,,NOT_ANALYZED,D,D,,,,,,,,True,1,2011年数学建模国赛真题+优秀论文/2011年优秀论文/2011D：天然肠衣搭配问题(1)/规格3步骤24.lg4,primary,4C165A9BC965A44056AA713434EE7DA150B1910FAA7853757C3B91F285C3BC6C,4C165A9BC965A44056AA713434EE7DA150B1910FAA7853757C3B91F285C3BC6C,active,,,0,unknown,,,,,2026-08-18T00:06:15+08:00,,,2011
,,unknown,unknown,,,,2026-08-18T00:06:15+08:00,,0,0,,,0,,FORMAL,INELIGIBLE,,SUPPORTING_MATERIAL,,,,,catalog/papers.csv; catalog/paper_files.csv; catalog/scale/g8_paper_status.csv,unknown,,,,0,,,,,,No analyzable PAPER PDF selected; identity retained in full corpus inventory.,UNKNOWN,,,,,,,,CUMCM-2011-D-034,,NOT_ANALYZED,D,D,,,,,,,,True,1,2011年数学建模国赛真题+优秀论文/2011年优秀论文/2011D：天然肠衣搭配问题(1)/方案2规格2步骤2.lg4,primary,9D6ABA0DB4165BD34039002933EA98FBD02881C489C87D74D589D2BD3F5E84E0,9D6ABA0DB4165BD34039002933EA98FBD02881C489C87D74D589D2BD3F5E84E0,active,,,0,unknown,,,,,2026-08-18T00:06:15+08:00,,,2011
0,0,unknown,unknown,70.73,70.73,70.73,2026-08-18T00:06:15+08:00,KaiTi;SimSun/Song,1,0,0,0,1,0,FORMAL,Q3_MANUAL_REQUIRED,Q3,PAPER,0,0,297.0388888888889,842.0,catalog/papers.csv; catalog/paper_files.csv; catalog/scale/g8_paper_status.csv,unknown,True,0,0,1,38.059,38.059,38.059,15,False,font_or_text_layer_not_reliable,PORTRAIT,16,,UNKNOWN,0,"1,2,3,4,5,6,7,8,9,10,11,12,13,14,15,16",,,CUMCM-2009-D-002,0.8,image_based,D,D,------------------------------------;SimSun;KaiTi,0,0,-64.586,-64.586,-64.586,,True,1,2009年数学建模国赛真题+优秀论文/2009年优秀论文/2009D：会议筹备的优化方案.pdf,primary,07902D575163C83148DBBE3C4066F249F401945AADDC9B6E8D1FD1AEC52A89D5,07902D575163C83148DBBE3C4066F249F401945AADDC9B6E8D1FD1AEC52A89D5,active,0,80,1,unknown,,126.838,126.838,126.838,2026-08-18T00:06:15+08:00,209.90277777777777,595.0,2009
,,unknown,unknown,,,,2026-08-18T00:06:15+08:00,,0,0,,,0,,FORMAL,INELIGIBLE,,SUPPORTING_MATERIAL,,,,,catalog/papers.csv; catalog/paper_files.csv; catalog/scale/g8_paper_status.csv,unknown,,,,0,,,,,,No analyzable PAPER PDF selected; identity retained in full corpus inventory.,UNKNOWN,,,,,,,,CUMCM-2014-C-007,,NOT_ANALYZED,C,C,,,,,,,,True,1,2014年数学建模国赛真题+优秀论文/2014优秀论文/2014C：生猪养殖场经营管理的研究/bisai3.lg4,primary,23EFFC9482404C2769DF45E78654B137FBF7B22F7B6CDD3D1C1F844A8A4B8722,23EFFC9482404C2769DF45E78654B137FBF7B22F7B6CDD3D1C1F844A8A4B8722,active,,,0,unknown,,,,,2026-08-18T00:06:15+08:00,,,2014
,,unknown,unknown,,,,2026-08-18T00:06:15+08:00,,0,0,,,0,,FORMAL,INELIGIBLE,,SUPPORTING_MATERIAL,,,,,catalog/papers.csv; catalog/paper_files.csv; catalog/scale/g8_paper_status.csv,unknown,,,,0,,,,,,No analyzable PAPER PDF selected; identity retained in full corpus inventory.,UNKNOWN,,,,,,,,CUMCM-2012-B-006,,NOT_ANALYZED,B,B,,,,,,,,True,1,2012年数学建模国赛真题+优秀论文/2012年优秀论文/2012B：太阳能小屋的设计 (3)/附录四.lg4,primary,2DF2E4D408F4D12674251447A93F88AAB016D71E71BF00B173BDA6E465A3D118,2DF2E4D408F4D12674251447A93F88AAB016D71E71BF00B173BDA6E465A3D118,active,,,0,unknown,,,,,2026-08-18T00:06:15+08:00,,,2012
1,1,unknown,unknown,32.05,32.05,32.05,2026-08-18T00:06:15+08:00,Arial;Calibri;Cambria;KaiTi;MT;SimSun/Song;Symbol;Times New Roman,1,1,508,2,1,0,FORMAL,COMPLETE,Q2,PAPER,0,1,297.1270833333333,842.25,catalog/papers.csv; catalog/paper_files.csv; catalog/scale/g8_paper_status.csv,unknown,True,0,1,1,25.171,25.171,32.321,34,False,,PORTRAIT,35,,UNKNOWN,0,,,,CUMCM-2008-B-011,1.0,text_based,B,B,------------------------------------;ABCDEE+Calibri;SimSun;KaiTi;ABCDEE+Cambria;Symbol;Times;Times;ABCDEE+MT;ABCDEE+Cambria;ABCDEE+Cambria;Arial,59,0,-64.64,-64.64,-64.64,,True,1,2008年数学建模国赛真题+优秀论文/2008年优秀论文/2008B：《高等教育学费标准探讨》 (2).pdf,primary,8B61310B6F8757EC251F85073C017A12389C7CEB576B2256C151EBBD0B62C7D9,8B61310B6F8757EC251F85073C017A12389C7CEB576B2256C151EBBD0B62C7D9,active,1,2556,1,unknown,高等教育学费标准探讨 | 【摘要】,14.834,14.834,14.834,2026-08-18T00:06:15+08:00,210.07916666666665,595.5,2008
0,0,unknown,unknown,,,,2026-08-18T00:06:15+08:00,KaiTi;SimSun/Song,1,0,0,0,1,0,FORMAL,Q3_MANUAL_REQUIRED,Q3,PAPER,0,1,514.7027777777778,1459.0,catalog/papers.csv; catalog/paper_files.csv; catalog/scale/g8_paper_status.csv,unknown,False,0,0,1,,,,0,False,font_or_text_layer_not_reliable,PORTRAIT,42,,UNKNOWN,0,"1,2,3,4,5,6,7,8,9,10,11,12,13,14,15,16,17,18,19,20,21,22,23,24,25,26,27,28,29,30,31,32,33,34,35,36,37,38,39,40,41,42",,,CUMCM-2019-A-003,0.8,image_based,A,A,------------------------------------;AdobeSongStd-Light;KaiTi,0,0,,,,,True,1,2019年数学建模国赛真题+优秀论文/2019年优秀论文/2019A：基于数值模拟的高压油管压力控制模型.pdf,primary,DC2FACD0CFD35E1AD71B0F18213C51CD8DE9FAD06430FB1CB2EFEC6A3BC77167,DC2FACD0CFD35E1AD71B0F18213C51CD8DE9FAD06430FB1CB2EFEC6A3BC77167,active,0,210,1,unknown,,,,,2026-08-18T00:06:15+08:00,314.325,891.0,2019
0,0,unknown,unknown,,,,2026-08-18T00:06:15+08:00,KaiTi,1,0,0,0,1,0,FORMAL,Q3_MANUAL_REQUIRED,Q3,PAPER,0,0,277.6361111111111,787.0,catalog/papers.csv; catalog/paper_files.csv; catalog/scale/g8_paper_status.csv,unknown,False,0,0,1,,,,0,False,font_or_text_layer_not_reliable,PORTRAIT,5,,UNKNOWN,0,"1,2,3,4,5",,,CUMCM-1995-B-006,0.8,image_based,B,B,------------------------------------;KaiTi,0,0,,,,,True,1,1995年数学建模国赛真题+优秀论文/1995年国赛优秀论文/1995B：天车与冶炼炉作业调度的Petri网模型.pdf,primary,47A6681093219359A7A84FA71ADF6D6150493B3556133C106B634CB6F7B29C44,47A6681093219359A7A84FA71ADF6D6150493B3556133C106B634CB6F7B29C44,active,0,20,1,unknown,,,,,2026-08-18T00:06:15+08:00,203.90555555555554,578.0,1995
,,unknown,unknown,,,,2026-08-18T00:06:15+08:00,,0,0,,,0,,FORMAL,,,NOT_IN_G8_STATUS,,,,,catalog/papers.csv; catalog/paper_files.csv; catalog/scale/g8_paper_status.csv,unknown,,,,0,,,,,,No analyzable PAPER PDF selected; identity retained in full corpus inventory.,UNKNOWN,,,,,,,,CUMCM-2015-C-005,,NOT_ANALYZED,C,C,,,,,,,,True,1,2015年数学建模国赛真题+优秀论文/2015年优秀论文/2015C：月上柳梢头，人约黄昏后 (3).pdf,primary,F8A016049C5BEB377099C27C2B4CA167E23B120CCA23A041B013A88924956977,F8A016049C5BEB377099C27C2B4CA167E23B120CCA23A041B013A88924956977,active,,,0,unknown,,,,,2026-08-18T00:06:15+08:00,,,2015
,,unknown,unknown,,,,2026-08-18T00:06:15+08:00,,0,0,,,0,,FORMAL,INELIGIBLE,,PROBLEM_PACKAGE,,,,,catalog/papers.csv; catalog/paper_files.csv; catalog/scale/g8_paper_status.csv,unknown,,,,0,,,,,,No analyzable PAPER PDF selected; identity retained in full corpus inventory.,UNKNOWN,,,,,,,,CUMCM-2011-A-008,,NOT_ANALYZED,A,A,,,,,,,,True,1,2011年数学建模国赛真题+优秀论文/2011年赛题/2011年国赛A题.doc,primary,C9A083B812B0F39FC10637D3BDE4C7711FBAA2C603B6CAB6779BA8FA3E5BB41B,C9A083B812B0F39FC10637D3BDE4C7711FBAA2C603B6CAB6779BA8FA3E5BB41B,active,,,0,unknown,,,,,2026-08-18T00:06:15+08:00,,,2011
,,unknown,unknown,,,,2026-08-18T00:06:15+08:00,,0,0,,,0,,FORMAL,INELIGIBLE,,SUPPORTING_MATERIAL,,,,,catalog/papers.csv; catalog/paper_files.csv; catalog/scale/g8_paper_status.csv,unknown,,,,0,,,,,,No analyzable PAPER PDF selected; identity retained in full corpus inventory.,UNKNOWN,,,,,,,,CUMCM-2011-D-035,,NOT_ANALYZED,D,D,,,,,,,,True,1,2011年数学建模国赛真题+优秀论文/2011年优秀论文/2011D：天然肠衣搭配问题(1)/LINGO3.lg4,primary,2B0526F50AA6B68D400C5C4070E28B5506C5E7C9C6976E85CA01D163C7242609,2B0526F50AA6B68D400C5C4070E28B5506C5E7C9C6976E85CA01D163C7242609,active,,,0,unknown,,,,,2026-08-18T00:06:15+08:00,,,2011
0,0,unknown,unknown,70.73,70.73,70.73,2026-08-18T00:06:15+08:00,KaiTi;SimSun/Song,1,0,0,0,1,0,FORMAL,Q3_MANUAL_REQUIRED,Q3,PAPER,0,0,297.0388888888889,842.0,catalog/papers.csv; catalog/paper_files.csv; catalog/scale/g8_paper_status.csv,unknown,True,0,0,1,38.059,38.059,38.059,17,False,font_or_text_layer_not_reliable,PORTRAIT,18,,UNKNOWN,0,"1,2,3,4,5,6,7,8,9,10,11,12,13,14,15,16,17,18",,,CUMCM-2009-D-003,0.8,image_based,D,D,------------------------------------;SimSun;KaiTi,0,0,-64.586,-64.586,-64.586,,True,1,2009年数学建模国赛真题+优秀论文/2009年优秀论文/2009D：会议筹备优化模型.pdf,primary,7B84C9546D60DB3AA68EDD490B7A5EA3F133C3252063338E7CC541BFF4434F57,7B84C9546D60DB3AA68EDD490B7A5EA3F133C3252063338E7CC541BFF4434F57,active,0,90,1,unknown,,126.838,126.838,126.838,2026-08-18T00:06:15+08:00,209.90277777777777,595.0,2009
,,unknown,unknown,,,,2026-08-18T00:06:15+08:00,,0,0,,,0,,FORMAL,INELIGIBLE,,SUPPORTING_MATERIAL,,,,,catalog/papers.csv; catalog/paper_files.csv; catalog/scale/g8_paper_status.csv,unknown,,,,0,,,,,,No analyzable PAPER PDF selected; identity retained in full corpus inventory.,UNKNOWN,,,,,,,,CUMCM-2012-D-013,,NOT_ANALYZED,D,D,,,,,,,,True,1,2012年数学建模国赛真题+优秀论文/2012年优秀论文/2012D：机器人避障问题 (1)/OC.fig,primary,AB7FBE828D13D8917C9C0BA7B7DF7430D4D82A896D2427635700FFDD997A73CC,AB7FBE828D13D8917C9C0BA7B7DF7430D4D82A896D2427635700FFDD997A73CC,active,,,0,unknown,,,,,2026-08-18T00:06:15+08:00,,,2012
,,unknown,unknown,,,,2026-08-18T00:06:15+08:00,,,,,,0,,FORMAL,COMPLETE,Q2,PAPER,,,,,catalog/papers.csv; catalog/paper_files.csv; catalog/scale/g8_paper_status.csv,unknown,,,,0,,,,,,Source rendered and identified as a competition problem statement package; retained in full inventory but excluded from Paper format consensus.,UNKNOWN,,,,,,,,CUMCM-2024-E-001,,NOT_ANALYZED,E,E,,,,,,,PROBLEM_PACKAGE,True,1,2024年数学建模国赛真题+优秀论文/2024真题/E题/E题.pdf,primary,D5C9442C261A7EACC7DA3B5B23047B5D8FD9B7C86BD082D782288EE1BB64C4BB,D5C9442C261A7EACC7DA3B5B23047B5D8FD9B7C86BD082D782288EE1BB64C4BB,active,,,0,unknown,,,,,2026-08-18T00:06:15+08:00,,,2024
,,unknown,unknown,,,,2026-08-18T00:06:15+08:00,,0,0,,,0,,FORMAL,,,NOT_IN_G8_STATUS,,,,,catalog/papers.csv; catalog/paper_files.csv; catalog/scale/g8_paper_status.csv,unknown,,,,0,,,,,,No analyzable PAPER PDF selected; identity retained in full corpus inventory.,UNKNOWN,,,,,,,,CUMCM-2015-A-005,,NOT_ANALYZED,A,A,,,,,,,,True,1,2015年数学建模国赛真题+优秀论文/2015年优秀论文/2015A：太阳影子定位 (5).pdf,primary,8ED079BEE1EAC8D7C76D3B08C45EA17648BD7A3C9564C51BFD7A749330B7FE88,8ED079BEE1EAC8D7C76D3B08C45EA17648BD7A3C9564C51BFD7A749330B7FE88,active,,,0,unknown,,,,,2026-08-18T00:06:15+08:00,,,2015
,,unknown,unknown,,,,2026-08-18T00:06:15+08:00,,0,0,,,0,,FORMAL,INELIGIBLE,UNKNOWN,SUPPORTING_MATERIAL,,,,,catalog/papers.csv; catalog/paper_files.csv; catalog/scale/g8_paper_status.csv,unknown,,,,0,,,,,,No analyzable PAPER PDF selected; identity retained in full corpus inventory.,UNKNOWN,,,,,,,,CUMCM-2013-C-008,,NOT_ANALYZED,C,C,,,,,,,,True,1,2013年数学建模国赛真题+优秀论文/2013C：古塔的变形/niuqv1.asv,primary,98E66A525D8506C0D0B3AEED72CF4149FF0D414F89B4171834572319D7A98DAB,98E66A525D8506C0D0B3AEED72CF4149FF0D414F89B4171834572319D7A98DAB,active,,,0,unknown,,,,,2026-08-18T00:06:15+08:00,,,2013
,,unknown,unknown,,,,2026-08-18T00:06:15+08:00,,0,0,,,0,,FORMAL,INELIGIBLE,,SUPPORTING_MATERIAL,,,,,catalog/papers.csv; catalog/paper_files.csv; catalog/scale/g8_paper_status.csv,unknown,,,,0,,,,,,No analyzable PAPER PDF selected; identity retained in full corpus inventory.,UNKNOWN,,,,,,,,CUMCM-2011-D-036,,NOT_ANALYZED,D,D,,,,,,,,True,1,2011年数学建模国赛真题+优秀论文/2011年优秀论文/2011D：天然肠衣搭配问题(1)/方案2规格3步骤9.lg4,primary,1B475541F876790CE63F2858188E141F676363D75F1EF02C4684631840353916,1B475541F876790CE63F2858188E141F676363D75F1EF02C4684631840353916,active,,,0,unknown,,,,,2026-08-18T00:06:15+08:00,,,2011
0,0,unknown,unknown,,,,2026-08-18T00:06:15+08:00,KaiTi,1,0,0,0,1,0,FORMAL,Q3_MANUAL_REQUIRED,Q3,PAPER,0,0,275.8722222222222,782.0,catalog/papers.csv; catalog/paper_files.csv; catalog/scale/g8_paper_status.csv,unknown,False,0,0,1,,,,0,False,font_or_text_layer_not_reliable,PORTRAIT,3,,UNKNOWN,0,"1,2,3",,,CUMCM-2002-A-010,0.8,image_based,A,A,------------------------------------;KaiTi,0,0,,,,,True,1,2002年数学建模国赛真题+优秀论文/2002年优秀论文/2002A：关于_车灯线光源的优化设计_问题的光学思路.pdf,primary,16DCD597E798C80E8E319B2B83D346F91C7EE0C24D99C49E486B2AF636DC017D,16DCD597E798C80E8E319B2B83D346F91C7EE0C24D99C49E486B2AF636DC017D,active,0,15,1,unknown,,,,,2026-08-18T00:06:15+08:00,208.13888888888889,590.0,2002
0,0,unknown,unknown,16.792,16.545,20.073,2026-08-18T00:06:15+08:00,KaiTi;SimSun/Song;Syntax;Times New Roman;cajcd-fntaa;cajcd-fntbd;cajcd-fntlt,1,1,653,0,1,1,FORMAL,COMPLETE,Q2,PAPER,0,1,248.70833333333334,705.0,catalog/papers.csv; catalog/paper_files.csv; catalog/scale/g8_paper_status.csv,unknown,False,0,0,1,12.841,12.347,12.912,5,False,,PORTRAIT,6,,BOTTOM,1,,,,CUMCM-2000-C-003,1.0,text_based,C,C,------------------------------------;STSong-Light;Times-Roman;cajcd-fntaa;Times-Bold;cajcd-fntbd;KaiTi;Times-Italic;cajcd-fntlt;Syntax;Syntax;Syntax;Syntax;Syntax;Syntax;Syntax;Syntax;Syntax;Syntax;Syntax;Syntax;Syntax;Syntax;Syntax;Syntax;Syntax;Syntax;Syntax;Syntax;Syntax;Syntax;Syntax;Syntax;Syntax;Syntax;Syntax;Syntax;Syntax;Syntax;Syntax;Syntax;Syntax;Syntax;Syntax;Syntax;Syntax;Syntax;Syntax;Syntax;Syntax;Syntax;Syntax;Syntax;Syntax;Syntax;Syntax;Syntax;Syntax;Syntax;Syntax;Syntax;Syntax;Syntax;Syntax;Syntax;Syntax;Syntax;Syntax;Syntax;Syntax;Syntax;Syntax;Syntax;Syntax;Syntax;Syntax;Syntax;Syntax;Syntax;Syntax;Syntax;Syntax;Syntax;Syntax;Syntax;Syntax;Syntax;Syntax;Syntax;Syntax;Syntax;Syntax;Syntax;Syntax;Syntax;Syntax;Syntax;Syntax;Syntax;Syntax;Syntax;Syntax;Syntax;Syntax;Syntax;Syntax;Syntax;Syntax;Syntax;Syntax;Syntax;Syntax;Syntax;Syntax;Syntax;Syntax;Syntax;Syntax;Syntax;Syntax;Syntax;Syntax;Syntax;Syntax;Syntax;Syntax;Syntax;Syntax;Syntax;Syntax;Syntax;Syntax;Syntax;Syntax;Syntax;Syntax;Syntax;Syntax;Syntax;Syntax;Syntax;Syntax;Syntax;Syntax;Syntax;Syntax;Syntax;Syntax;Syntax;Syntax;Syntax;Syntax;Syntax;Syntax;Syntax;Syntax;Syntax;Syntax;Syntax;Syntax;Syntax;Syntax;Syntax;Syntax;Syntax;Syntax;Syntax;Syntax;Syntax;Syntax;Syntax;Syntax;Syntax;Syntax;Syntax;Syntax;Syntax;Syntax;Syntax;Syntax;Syntax;Syntax;Syntax;Syntax;Syntax;Syntax;Syntax;Syntax;Syntax;Syntax;Syntax;Syntax;Syntax;Syntax;Syntax;Syntax;Syntax;Syntax;Syntax;Syntax;Syntax;Syntax;Syntax;Syntax;Syntax;Syntax;Syntax;Syntax;Syntax;Syntax;Syntax;Syntax;Syntax;Syntax;Syntax;Syntax;Syntax;Syntax;Syntax;Syntax;Syntax;Syntax;Syntax;Syntax;Syntax;Syntax;Syntax;Syntax;Syntax;Syntax;Syntax;Syntax;Syntax;Syntax;Syntax;Syntax;Syntax;Syntax;Syntax;Syntax;Syntax;Syntax;Syntax;Syntax;Syntax;Syntax;Syntax;Syntax;Syntax;Syntax;Syntax;Syntax;Syntax;Syntax;Syntax;Syntax;Syntax;Syntax;Syntax;Syntax;Syntax;Syntax;Syntax;Syntax;Syntax;Syntax;Syntax;Syntax;Syntax;Syntax;Syntax;Syntax;Syntax;Syntax;Syntax;Syntax;Syntax;Syntax;Syntax;Syntax;Syntax;Syntax;Syntax;Syntax;Syntax;Syntax;Syntax;Syntax;Syntax;Syntax;Syntax;Syntax;Syntax;Syntax;Syntax;Syntax;Syntax;Syntax;Syntax;Syntax;Syntax;Syntax;Syntax;Syntax;Syntax;Syntax;Syntax;Syntax;Syntax;Syntax;Syntax;Syntax;Syntax;Syntax;Syntax;Syntax;Syntax;Syntax;Syntax;Syntax;Syntax;Syntax;Syntax;Syntax;Syntax;Syntax;Syntax;Syntax;Syntax;Syntax;Syntax;Syntax;Syntax;Syntax;Syntax;Syntax;Syntax;Syntax;Syntax;Syntax;Syntax;Syntax;Syntax;Syntax;Syntax;Syntax;Syntax;Syntax;Syntax;Syntax;Syntax;Syntax;Syntax;Syntax;Syntax;Syntax;Syntax;Syntax;Syntax;Syntax;Syntax;Syntax;Syntax;Syntax;Syntax;Syntax;Syntax;Syntax;Syntax;Syntax;Syntax;Syntax;Syntax;Syntax;Syntax;Syntax;Syntax;Syntax;Syntax;Syntax;Syntax;Syntax;Syntax;Syntax;Syntax;Syntax;Syntax;Syntax;Syntax;Syntax;Syntax;Syntax;Syntax;Syntax;Syntax;Syntax;Syntax;Syntax;Syntax;Syntax;Syntax;Syntax;Syntax;Syntax;Syntax;Syntax;Syntax;Syntax;Syntax;Syntax;Syntax;Syntax;Syntax;Syntax;Syntax;Syntax;Syntax;Syntax;Syntax;Syntax;Syntax;Syntax;Syntax;Syntax;Syntax;Syntax;Syntax;Syntax;Syntax;Syntax;Syntax;Syntax;Syntax;Syntax;Syntax;Syntax;Syntax;Syntax;Syntax;Syntax;Syntax;Syntax;Syntax;Syntax;Syntax;Syntax;Syntax;Syntax;Syntax;Syntax;Syntax;Syntax;Syntax;Syntax;Syntax;Syntax;Syntax;Syntax;Syntax;Syntax;Syntax;Syntax;Syntax;Syntax;Syntax;Syntax;Syntax;Syntax;Syntax;Syntax;Syntax;Syntax;Syntax;Syntax;Syntax;Syntax;Syntax;Syntax;Syntax;Syntax;Syntax;Syntax;Syntax;Syntax;Syntax;Syntax;Syntax;Syntax;Syntax;Syntax;Syntax;Syntax;Syntax;Syntax;Syntax;Syntax;Syntax;Syntax;Syntax;Syntax;Syntax;Syntax;Syntax;Syntax;Syntax;Syntax;Syntax;Syntax;Syntax;Syntax;Syntax;Syntax;Syntax;Syntax;Syntax;Syntax;Syntax;Syntax;Syntax;Syntax;Syntax;Syntax;Syntax;Syntax;Syntax;Syntax;Syntax;Syntax;Syntax;Syntax;Syntax;Syntax;Syntax;Syntax;Syntax;Syntax;Syntax;Syntax;Syntax;Syntax;Syntax;Syntax;Syntax;Syntax;Syntax;Syntax;Syntax;Syntax;Syntax;Syntax;Syntax;Syntax;Syntax;Syntax;Syntax;Syntax;Syntax;Syntax;Syntax;Syntax;Syntax;Syntax;Syntax;Syntax;Syntax;Syntax;Syntax;Syntax;Syntax;Syntax;Syntax;Syntax;Syntax;Syntax;Syntax;Syntax;Syntax;Syntax;Syntax;Syntax;Syntax;Syntax;Syntax;Syntax;Syntax;Syntax;Syntax;Syntax;Syntax;Syntax;Syntax;Syntax;Syntax;Syntax;Syntax;Syntax;Syntax;Syntax;Syntax;Syntax;Syntax;Syntax;Syntax;Syntax;Syntax;Syntax;Syntax;Syntax;Syntax;Syntax;Syntax;Syntax;Syntax;Syntax;Syntax;Syntax;Syntax;Syntax;Syntax;Syntax;Syntax;Syntax;Syntax;Syntax;Syntax;Syntax;Syntax;Syntax;Syntax;Syntax;Syntax;Syntax;Syntax;Syntax;Syntax;Syntax;Syntax;Syntax;Syntax;Syntax;Syntax;Syntax;Syntax;Syntax;Syntax;Syntax;Syntax;Syntax;Syntax;Syntax;Syntax;Syntax;Syntax;Syntax;Syntax;Syntax;Syntax;Syntax;Syntax;Syntax;Syntax;Syntax;Syntax;Syntax;Syntax;Syntax;Syntax;Syntax;Syntax;Syntax;Syntax;Syntax;Syntax;Syntax;Syntax;Syntax;Syntax;Syntax;Syntax;Syntax;Syntax;Syntax;Syntax;Syntax;Syntax;Syntax;Syntax;Syntax;Syntax;Syntax;Syntax;Syntax;Syntax;Syntax;Syntax;Syntax;Syntax;Syntax;Syntax;Syntax;Syntax;Syntax;Syntax;Syntax;Syntax;Syntax;Syntax;Syntax;Syntax;Syntax;Syntax;Syntax;Syntax;Syntax;Syntax;Syntax;Syntax;Syntax;Syntax;Syntax;Syntax;Syntax;Syntax;Syntax;Syntax;Syntax;Syntax;Syntax;Syntax;Syntax;Syntax;Syntax;Syntax;Syntax;Syntax;Syntax;Syntax;Syntax;Syntax;Syntax;Syntax;Syntax;Syntax;Syntax;Syntax;Syntax;Syntax;Syntax;Syntax;Syntax;Syntax;Syntax;Syntax;Syntax;Syntax;Syntax;Syntax;Syntax;Syntax;Syntax;Syntax;Syntax;Syntax;Syntax;Syntax;Syntax;Syntax;Syntax;Syntax;Syntax;Syntax;Syntax;Syntax;Syntax;Syntax;Syntax;Syntax;Syntax;Syntax;Syntax;Syntax;Syntax;Syntax;Syntax;Syntax;Syntax;Syntax;Syntax;Syntax;Syntax;Syntax;Syntax;Syntax;Syntax;Syntax;Syntax;Syntax;Syntax;Syntax;Syntax;Syntax;Syntax;Syntax;Syntax;Syntax;Syntax;Syntax;Syntax;Syntax;Syntax;Syntax;Syntax;Syntax;Syntax;Syntax;Syntax;Syntax;Syntax;Syntax;Syntax;Syntax;Syntax;Syntax;Syntax;Syntax;Syntax;Syntax;Syntax;Syntax;Syntax;Syntax;Syntax;Syntax;Syntax;Syntax;Syntax;Syntax;Syntax;Syntax;Syntax;Syntax;Syntax;Syntax;Syntax;Syntax;Syntax;Syntax;Syntax;Syntax;Syntax;Syntax;Syntax;Syntax;Syntax;Syntax;Syntax;Syntax;Syntax;Syntax;Syntax;Syntax;Syntax;Syntax;Syntax;Syntax;Syntax;Syntax;Syntax;Syntax;Syntax;Syntax;Syntax;Syntax;Syntax;Syntax;Syntax;Syntax;Syntax;Syntax;Syntax;Syntax;Syntax;Syntax;Syntax;Syntax;Syntax;Syntax;Syntax;Syntax;Syntax;Syntax;Syntax;Syntax;Syntax;Syntax;Syntax;Syntax;Syntax;Syntax;Syntax;Syntax;Syntax;Syntax;Syntax;Syntax;Syntax;Syntax;Syntax;Syntax;Syntax;Syntax;Syntax;Syntax;Syntax;Syntax;Syntax;Syntax;Syntax;Syntax;Syntax;Syntax;Syntax;Syntax;Syntax;Syntax;Syntax;Syntax;Syntax;Syntax;Syntax;Syntax;Syntax;Syntax;Syntax;Syntax;Syntax;Syntax;Syntax;Syntax;Syntax;Syntax;Syntax;Syntax;Syntax;Syntax;Syntax;Syntax;Syntax;Syntax;Syntax;Syntax;Syntax;Syntax;Syntax;Syntax;Syntax;Syntax;Syntax;Syntax;Syntax;Syntax;Syntax;Syntax;Syntax;Syntax;Syntax;Syntax;Syntax;Syntax;Syntax;Syntax;Syntax;Syntax;Syntax;Syntax;Syntax;Syntax;Syntax;Syntax;Syntax;Syntax;Syntax;Syntax;Syntax;Syntax;Syntax;Syntax;Syntax;Syntax;Syntax;Syntax;Syntax;Syntax;Syntax;Syntax;Syntax;Syntax;Syntax;Syntax;Syntax;Syntax;Syntax;Syntax;Syntax;Syntax;Syntax;Syntax;Syntax;Syntax;Syntax;Syntax;Syntax;Syntax;Syntax;Syntax;Syntax;Syntax;Syntax;Syntax;Syntax;Syntax;Syntax;Syntax;Syntax;Syntax;Syntax;Syntax;Syntax;Syntax;Syntax;Syntax;Syntax;Syntax;Syntax;Syntax;Syntax;Syntax;Syntax;Syntax;Syntax;Syntax;Syntax;Syntax;Syntax;Syntax;Syntax;Syntax;Syntax;Syntax;Syntax;Syntax;Syntax;Syntax;Syntax;Syntax;Syntax;Syntax;Syntax;Syntax;Syntax;Syntax;Syntax;Syntax;Syntax;Syntax;Syntax;Syntax;Syntax;Syntax;Syntax;Syntax;Syntax;Syntax;Syntax;Syntax;Syntax;Syntax;Syntax;Syntax;Syntax;Syntax;Syntax;Syntax;Syntax;Syntax;Syntax;Syntax;Syntax;Syntax;Syntax;Syntax;Syntax;Syntax;Syntax;Syntax;Syntax;Syntax;Syntax;Syntax;Syntax;Syntax;Syntax;Syntax;Syntax;Syntax;Syntax;Syntax;Syntax;Syntax;Syntax;Syntax;Syntax;Syntax;Syntax;Syntax;Syntax;Syntax;Syntax;Syntax;Syntax;Syntax;Syntax;Syntax;Syntax;Syntax;Syntax;Syntax;Syntax;Syntax;Syntax;Syntax;Syntax;Syntax;Syntax;Syntax;Syntax;Syntax;Syntax;Syntax;Syntax;Syntax;Syntax;Syntax;Syntax;Syntax;Syntax;Syntax;Syntax;Syntax;Syntax;Syntax;Syntax;Syntax;Syntax;Syntax;Syntax;Syntax;Syntax;Syntax;Syntax;Syntax;Syntax;Syntax;Syntax;Syntax;Syntax;Syntax;Syntax;Syntax;Syntax;Syntax;Syntax;Syntax;Syntax;Syntax;Syntax;Syntax;Syntax;Syntax;Syntax;Syntax;Syntax;Syntax;Syntax;Syntax;Syntax;Syntax;Syntax;Syntax;Syntax;Syntax;Syntax;Syntax;Syntax;Syntax;Syntax;Syntax;Syntax;Syntax;Syntax;Syntax;Syntax;Syntax;Syntax;Syntax;Syntax;Syntax;Syntax;Syntax;Syntax;Syntax;Syntax;Syntax;Syntax;Syntax;Syntax;Syntax;Syntax;Syntax;Syntax;Syntax;Syntax;Syntax;Syntax;Syntax;Syntax;Syntax;Syntax;Syntax;Syntax;Syntax;Syntax;Syntax;Syntax;Syntax;Syntax;Syntax;Syntax;Syntax;Syntax;Syntax;Syntax;Syntax;Syntax;Syntax;Syntax;Syntax;Syntax;Syntax;Syntax;Syntax;Syntax;Syntax;Syntax;Syntax;Syntax;Syntax;Syntax;Syntax;Syntax;Syntax;Syntax;Syntax;Syntax;Syntax;Syntax;Syntax;Syntax;Syntax;Syntax;Syntax;Syntax;Syntax;Syntax;Syntax;Syntax;Syntax;Syntax;Syntax;Syntax;Syntax;Syntax;Syntax;Syntax;Syntax;Syntax;Syntax;Syntax;Syntax;Syntax;Syntax;Syntax;Syntax;Syntax;Syntax;Syntax;Syntax;Syntax;Syntax;Syntax;Syntax;Syntax;Syntax;Syntax;Syntax;Syntax;Syntax;Syntax;Syntax;Syntax;Syntax;Syntax;Syntax;Syntax;Syntax;Syntax;Syntax;Syntax;Syntax;Syntax;Syntax;Syntax;Syntax;Syntax;Syntax;Syntax;Syntax;Syntax;Syntax;Syntax;Syntax;Syntax;Syntax;Syntax;Syntax;Syntax;Syntax;Syntax;Syntax;Syntax;Syntax;Syntax;Syntax;Syntax;Syntax;Syntax;Syntax;Syntax;Syntax;Syntax;Syntax;Syntax;Syntax;Syntax;Syntax;Syntax;Syntax;Syntax;Syntax;Syntax;Syntax;Syntax;Syntax;Syntax;Syntax;Syntax;Syntax;Syntax;Syntax;Syntax;Syntax;Syntax;Syntax;Syntax;Syntax;Syntax;Syntax;Syntax;Syntax;Syntax;Syntax;Syntax;Syntax;Syntax;Syntax;Syntax;Syntax;Syntax;Syntax;Syntax;Syntax;Syntax;Syntax;Syntax;Syntax;Syntax;Syntax;Syntax;Syntax;Syntax;Syntax;Syntax;Syntax;Syntax;Syntax;Syntax;Syntax;Syntax;Syntax;Syntax;Syntax;Syntax;Syntax;Syntax;Syntax;Syntax;Syntax,5,0,10.442,10.372,10.442,,True,1,2000年数学建模国赛真题+优秀论文/2000年国赛优秀论文/2000C：飞越北极的数学模型.pdf,primary,FE1189FCB24C06827E73D5B9AE76E00DC392BE05C05F489FB4361200FE9C6C9F,FE1189FCB24C06827E73D5B9AE76E00DC392BE05C05F489FB4361200FE9C6C9F,active,0,1433,1,unknown,M A TH EM A T ICSINPRA CT ICE ANDTH EO R Y | M a thema tica l M odel for Fly ing Across the North Pole,14.146,14.146,14.146,2026-08-18T00:06:15+08:00,167.56944444444446,475.0,2000
1,0,unknown,unknown,18.045,18.045,18.045,2026-08-18T00:06:15+08:00,Arial;MT-Extra;SimSun/Song;SymbolMT;Times New Roman;Wingdings-Regular,1,1,319,21,1,1,FORMAL,COMPLETE,Q2,PAPER,0,0,297.0388888888889,842.0,catalog/papers.csv; catalog/paper_files.csv; catalog/scale/g8_paper_status.csv,unknown,True,0,1,1,29.633,27.517,29.633,23,False,,PORTRAIT,26,,BOTTOM,1,26,,,CUMCM-2014-B-B1801,0.76,mixed,B,B,------------------------------------;ABCDEF+SimSun;ABCDEF+TimesNewRomanPS-BoldMT;ABCDEF+TimesNewRomanPSMT;ABCDEF+SymbolMT;ABCDEF+TimesNewRomanPS-ItalicMT;ABCDEF+Wingdings-Regular;ABCDEF+ArialMT;ABCDEF+MT-Extra,14,1,26.106,22.845,27.884,,True,1,2014年数学建模国赛真题+优秀论文/2014优秀论文/2014B：创意平板折叠桌 (4)/B18013004_邓敏娜_宁凯_董婷婷.pdf,primary,60C5C17610AB269DADFB43510F940289499DD1217D33CAB156F16A24A108D6FF,60C5C17610AB269DADFB43510F940289499DD1217D33CAB156F16A24A108D6FF,active,8,1985,1,unknown,赛网站下载）。,29.488,28.931,51.643,2026-08-18T00:06:15+08:00,210.25555555555556,596.0,2014
,,unknown,unknown,,,,2026-08-18T00:06:15+08:00,,0,0,,,0,,FORMAL,COMPLETE,UNKNOWN,PAPER,,,,,catalog/papers.csv; catalog/paper_files.csv; catalog/scale/g8_paper_status.csv,unknown,,,,0,,,,,,No analyzable PAPER PDF selected; identity retained in full corpus inventory.,UNKNOWN,,,,,,,,CUMCM-2012-B-007,,NOT_ANALYZED,B,B,,,,,,,,True,1,2012年数学建模国赛真题+优秀论文/2012年优秀论文/2012B：太阳能小屋的设计 (2)/10121505.doc,primary,F34850D4339E358C6A8C548224CEC919AFAA1B0F4ADB660A81114C20D717015F,F34850D4339E358C6A8C548224CEC919AFAA1B0F4ADB660A81114C20D717015F,active,,,0,unknown,,,,,2026-08-18T00:06:15+08:00,,,2012
0,0,unknown,unknown,,,,2026-08-18T00:06:15+08:00,KaiTi;Times New Roman,1,1,0,0,1,0,FORMAL,COMPLETE,Q2,PAPER,0,1,296.6861111111111,841.0,catalog/papers.csv; catalog/paper_files.csv; catalog/scale/g8_paper_status.csv,unknown,True,0,0,1,,,,0,False,,PORTRAIT,8,,UNKNOWN,0,,,,CUMCM-2001-A-011,1.0,text_based,A,A,------------------------------------;Times-Roman;KaiTi,0,0,,,,,True,1,2001年数学建模国赛真题+优秀论文/2001年国赛优秀论文/2001A：血管管道的三维重建.pdf,primary,E38825A5B771F57B2D91665C29C79C7DDC0E63AA740D103DA83FEF3C7ADA1196,E38825A5B771F57B2D91665C29C79C7DDC0E63AA740D103DA83FEF3C7ADA1196,active,0,40,1,unknown,,,,,2026-08-18T00:06:15+08:00,209.90277777777777,595.0,2001
0,0,unknown,unknown,,,,2026-08-18T00:06:15+08:00,KaiTi;Times New Roman,1,1,0,0,1,0,FORMAL,COMPLETE,Q2,PAPER,0,1,296.6861111111111,841.0,catalog/papers.csv; catalog/paper_files.csv; catalog/scale/g8_paper_status.csv,unknown,True,0,0,1,,,,0,False,,PORTRAIT,6,,UNKNOWN,0,,,,CUMCM-2002-B-006,1.0,text_based,B,B,------------------------------------;Times-Roman;KaiTi,0,0,,,,,True,1,2002年数学建模国赛真题+优秀论文/2002年优秀论文/2002B：彩票方案的合理性优化.pdf,primary,BDC843CB35F6AFE4EECE26DC99D74E3D7281B7698E7900CF0F7121042C49F9EC,BDC843CB35F6AFE4EECE26DC99D74E3D7281B7698E7900CF0F7121042C49F9EC,active,0,30,1,unknown,,,,,2026-08-18T00:06:15+08:00,209.90277777777777,595.0,2002
1,0,unknown,unknown,22.233,22.233,22.233,2026-08-18T00:06:15+08:00,Arial;Calibri;Cambria;KaiTi;SimSun/Song,1,1,498,6,1,0,FORMAL,COMPLETE,Q2,PAPER,0,0,297.0106666666666,841.92,catalog/papers.csv; catalog/paper_files.csv; catalog/scale/g8_paper_status.csv,unknown,True,0,1,1,31.758,31.758,31.758,17,False,,PORTRAIT,18,,BOTTOM,1,,,,CUMCM-2009-A-004,1.0,text_based,A,A,------------------------------------;ABCDEE+Cambria;ABCDEE+Calibri;ABCDEE+Cambria;ABCDEE+Cambria;SimSun;KaiTi;Arial;Arial,16,1,-64.62,-64.62,-64.62,,True,1,2009年数学建模国赛真题+优秀论文/2009年优秀论文/2009A：制动器试验台混合电模拟控制方法分析.pdf,primary,BEA0E96DB3B07CCA8BEDA2A58037DCE7194ACE3B8E08DAC4547DBC21AC06100B,BEA0E96DB3B07CCA8BEDA2A58037DCE7194ACE3B8E08DAC4547DBC21AC06100B,active,5,1662,1,unknown,制动器试验台混合电模拟控制方法分析 | 器综合性能的重要测试设备。制动器电模拟系统的实质就是在满足路试产生的制,25.4,25.4,25.4,2026-08-18T00:06:15+08:00,210.01566666666668,595.32,2009
0,0,unknown,unknown,,,,2026-08-18T00:06:15+08:00,KaiTi,1,0,0,0,1,0,FORMAL,Q3_MANUAL_REQUIRED,Q3,PAPER,0,0,281.51666666666665,798.0,catalog/papers.csv; catalog/paper_files.csv; catalog/scale/g8_paper_status.csv,unknown,False,0,0,1,,,,0,False,font_or_text_layer_not_reliable,PORTRAIT,2,,UNKNOWN,0,"1,2",,,CUMCM-1993-B-003,0.8,image_based,B,B,------------------------------------;KaiTi,0,0,,,,,True,1,1993年数学建模国赛真题+优秀论文/1993年国赛优秀论文/1993年B题优秀论文① 关于球队排名次问题的几点评注.pdf,primary,AFF2C1645AB44D6097DE16F85704F2D07346E4FF157AC584D41C867DF3124328,AFF2C1645AB44D6097DE16F85704F2D07346E4FF157AC584D41C867DF3124328,active,0,8,1,unknown,,,,,2026-08-18T00:06:15+08:00,214.1361111111111,607.0,1993
,,unknown,unknown,,,,2026-08-18T00:06:15+08:00,,0,0,,,0,,FORMAL,INELIGIBLE,,SUPPORTING_MATERIAL,,,,,catalog/papers.csv; catalog/paper_files.csv; catalog/scale/g8_paper_status.csv,unknown,,,,0,,,,,,No analyzable PAPER PDF selected; identity retained in full corpus inventory.,UNKNOWN,,,,,,,,CUMCM-2011-D-037,,NOT_ANALYZED,D,D,,,,,,,,True,1,2011年数学建模国赛真题+优秀论文/2011年优秀论文/2011D：天然肠衣搭配问题(1)/规格3步骤22.lg4,primary,006608114C32267E75B359CCEF5053DE870F19B64E5153002E1E268FE7C90ACD,006608114C32267E75B359CCEF5053DE870F19B64E5153002E1E268FE7C90ACD,active,,,0,unknown,,,,,2026-08-18T00:06:15+08:00,,,2011
0,0,unknown,unknown,,,,2026-08-18T00:06:15+08:00,KaiTi;SimSun/Song;Times New Roman,1,1,0,0,1,0,FORMAL,COMPLETE,Q2,PAPER,0,0,275.8722222222222,782.0,catalog/papers.csv; catalog/paper_files.csv; catalog/scale/g8_paper_status.csv,unknown,False,0,0,1,,,,0,False,,PORTRAIT,4,,UNKNOWN,0,,,,CUMCM-1996-B-003,1.0,text_based,B,B,------------------------------------;STSong-Light;Times-Roman;Times-Italic;KaiTi,0,0,,,,,True,1,1996年数学建模国赛真题+优秀论文/1996年国赛优秀论文/1996B：节水洗衣机的设计.pdf,primary,96257EB5FD8EE017CBE33AAD705C4451E444DAEF10172DBA9DC2C8E3F20533CC,96257EB5FD8EE017CBE33AAD705C4451E444DAEF10172DBA9DC2C8E3F20533CC,active,0,16,1,unknown,,,,,2026-08-18T00:06:15+08:00,200.02499999999998,567.0,1996
1,1,unknown,unknown,21.886,21.886,21.886,2026-08-18T00:06:15+08:00,Arial;Calibri;Symbol;Times New Roman;Wingdings,1,1,940,46,1,0,FORMAL,COMPLETE,Q2,PAPER,0,0,297.0106666666666,841.92,catalog/papers.csv; catalog/paper_files.csv; catalog/scale/g8_paper_status.csv,unknown,True,0,1,1,31.758,31.758,31.758,44,False,,PORTRAIT,45,,BOTTOM,1,,,,CUMCM-2017-B-006,1.0,text_based,B,B,------------------------------------;Times;Times;Times;Times;Arial;Symbol;Times;ABCDEE+Wingdings;ABCDEE+CALIBRI;Times,133,1,30.635,29.635,32.412,,True,1,2017年数学建模国赛真题+优秀论文/2017年优秀论文/2017B：“拍照赚钱”的任务定价 (5).pdf,primary,61CDA5C0DD3460DD96D182A5EC8DB098E61A79DF1DED0569A95FDECF6C354209,61CDA5C0DD3460DD96D182A5EC8DB098E61A79DF1DED0569A95FDECF6C354209,active,8,4115,1,unknown,“拍照赚钱”的任务定价 | 在“拍照赚钱”的新自助式服务模式下，用户可领取 app 上的任务，成功执行,25.407,25.153,25.449,2026-08-18T00:06:15+08:00,210.01566666666668,595.32,2017
1,0,unknown,unknown,18.239,18.239,18.239,2026-08-18T00:06:15+08:00,Arial;KaiTi;MT-Extra-Identity-H;SimHei;SimSun/Song;SymbolMT-Identity-H;Times New Roman,1,1,566,8,1,1,FORMAL,COMPLETE,Q2,PAPER,0,0,297.00361111111107,841.9,catalog/papers.csv; catalog/paper_files.csv; catalog/scale/g8_paper_status.csv,unknown,True,0,1,1,31.75,-3.175,31.75,19,False,,PORTRAIT,20,,UNKNOWN,0,,,,CUMCM-2010-A-007,1.0,text_based,A,A,------------------------------------;GJPNPE+SimSun-Identity-H;LJWFYX+TimesNewRomanPSMT-Identity-H;ZANUVP+SimHei-Identity-H;XWJHYL+SymbolMT-Identity-H;GXNBEW+SymbolMT-Identity-H;KaiTi;TIXGXR+SimHei-Identity-H;MMCHKX+TimesNewRomanPS-ItalicMT-Identity-H;HJMERD+ArialMT-Identity-H;EPFSIO+MT-Extra-Identity-H;ENZXFV+TimesNewRomanPS-BoldMT-Identity-H,159,1,31.701,30.494,31.828,,True,1,2010年数学建模国赛真题+优秀论文/2010年优秀论文/2010A：储油罐的变位识别与罐容表标定 (4).pdf,primary,C01DFFA58041769DC6DCDA69D53D63709B059106443632F6552D9F7199C6AF03,C01DFFA58041769DC6DCDA69D53D63709B059106443632F6552D9F7199C6AF03,active,7,2493,1,unknown,储油罐的变位识别与罐容表标定储油罐的变位识别与罐容表标定储油罐的变位识别与罐容表标定储油罐的变位识别与罐容表标定 | MATLAB 计算得到纵向倾角对罐容表的影响，即纵向变位角越小，相同的油面高,30.988,27.686,108.331,2026-08-18T00:06:15+08:00,210.00861111111107,595.3,2010
1,1,unknown,unknown,18.263,18.263,18.263,2026-08-18T00:06:15+08:00,Calibri;KaiTi;SimHei;SimSun/Song;SymbolMT;Times New Roman,1,1,78,2,1,1,FORMAL,COMPLETE,Q2,PAPER,0,0,297.00361111111107,841.9,catalog/papers.csv; catalog/paper_files.csv; catalog/scale/g8_paper_status.csv,unknown,True,0,1,1,31.75,31.75,31.75,14,False,,PORTRAIT,15,,BOTTOM,1,,,,CUMCM-2018-C-002,1.0,text_based,C,C,------------------------------------;XEKKFX+SimHei;LNUHNF+SimSun;AUWCNV+TimesNewRomanPSMT;TYEPLS+TimesNewRomanPS-ItalicMT;TZCMBP+SymbolMT;ZLXSHE+Calibri;KaiTi,30,1,29.627,29.627,31.743,,True,1,2018年数学建模国赛真题+优秀论文/2018年优秀论文/2018C：大型百货商场会员画像描述.pdf,primary,13F2064CB213F797F83BBA49F19EC22DCA83F1924B51D7AF4EC0A1759C74BF24,13F2064CB213F797F83BBA49F19EC22DCA83F1924B51D7AF4EC0A1759C74BF24,active,11,755,1,unknown,大型百货商场会员画像描述 | 针对问题一，借助 SQL Server 数据库的储存与处理功能，先把数据导入 SQL,26.538,26.264,27.149,2026-08-18T00:06:15+08:00,210.00861111111107,595.3,2018
0,0,unknown,unknown,,,,2026-08-18T00:06:15+08:00,KaiTi;Times New Roman,1,0,0,0,1,1,FORMAL,Q3_MANUAL_REQUIRED,Q3,PAPER,0,0,279.75277777777774,793.0,catalog/papers.csv; catalog/paper_files.csv; catalog/scale/g8_paper_status.csv,unknown,False,0,0,1,,,,0,False,font_or_text_layer_not_reliable,PORTRAIT,4,,UNKNOWN,0,"1,2,3,4",,,CUMCM-1998-A-006,0.8,image_based,A,A,------------------------------------;Times-Italic;KaiTi,0,0,,,,,True,1,1998年数学建模国赛真题+优秀论文/1998年国赛优秀论文/1998A：投资组合模型.pdf,primary,4E6C60C02F9AC753A0E7E976C414065D9FFBE2CE250B99E83E925BA3FDC9577D,4E6C60C02F9AC753A0E7E976C414065D9FFBE2CE250B99E83E925BA3FDC9577D,active,0,20,1,unknown,,,,,2026-08-18T00:06:15+08:00,210.9611111111111,598.0,1998
0,0,unknown,unknown,18.468,16.422,22.701,2026-08-18T00:06:15+08:00,KaiTi;SimSun/Song;Syntax;Times New Roman;cajcd-fnta7;cajcd-fntaa;cajcd-fntbd;cajcd-fntlt,1,1,614,0,1,1,FORMAL,COMPLETE,Q2,PAPER,0,1,248.70833333333334,705.0,catalog/papers.csv; catalog/paper_files.csv; catalog/scale/g8_paper_status.csv,unknown,False,0,0,1,12.876,12.718,12.912,4,False,,PORTRAIT,5,,TOP,1,,,,CUMCM-2000-B-008,1.0,text_based,B,B,------------------------------------;STSong-Light;Times-Roman;cajcd-fntaa;Times-Bold;Times-Italic;KaiTi;cajcd-fntbd;cajcd-fnta7;cajcd-fntlt;Syntax;Syntax;Syntax;Syntax;Syntax;Syntax;Syntax;Syntax;Syntax;Syntax;Syntax;Syntax;Syntax;Syntax;Syntax;Syntax;Syntax;Syntax;Syntax;Syntax;Syntax;Syntax;Syntax;Syntax;Syntax;Syntax;Syntax;Syntax;Syntax;Syntax;Syntax;Syntax;Syntax;Syntax;Syntax;Syntax;Syntax;Syntax;Syntax;Syntax;Syntax;Syntax;Syntax;Syntax;Syntax;Syntax;Syntax;Syntax;Syntax;Syntax;Syntax;Syntax;Syntax;Syntax;Syntax;Syntax;Syntax;Syntax;Syntax;Syntax;Syntax;Syntax;Syntax;Syntax;Syntax;Syntax;Syntax;Syntax;Syntax;Syntax;Syntax;Syntax;Syntax;Syntax;Syntax;Syntax;Syntax;Syntax;Syntax;Syntax;Syntax;Syntax;Syntax;Syntax;Syntax;Syntax;Syntax;Syntax;Syntax;Syntax;Syntax;Syntax;Syntax;Syntax;Syntax;Syntax;Syntax;Syntax;Syntax;Syntax;Syntax;Syntax;Syntax;Syntax;Syntax;Syntax;Syntax;Syntax;Syntax;Syntax;Syntax;Syntax;Syntax;Syntax;Syntax;Syntax;Syntax;Syntax;Syntax;Syntax;Syntax;Syntax;Syntax;Syntax;Syntax;Syntax;Syntax;Syntax;Syntax;Syntax;Syntax;Syntax;Syntax;Syntax;Syntax;Syntax;Syntax;Syntax;Syntax;Syntax;Syntax;Syntax;Syntax;Syntax;Syntax;Syntax;Syntax;Syntax;Syntax;Syntax;Syntax;Syntax;Syntax;Syntax;Syntax;Syntax;Syntax;Syntax;Syntax;Syntax;Syntax;Syntax;Syntax;Syntax;Syntax;Syntax;Syntax;Syntax;Syntax;Syntax;Syntax;Syntax;Syntax;Syntax;Syntax;Syntax;Syntax;Syntax;Syntax;Syntax;Syntax;Syntax;Syntax;Syntax;Syntax;Syntax;Syntax;Syntax;Syntax;Syntax;Syntax;Syntax;Syntax;Syntax;Syntax;Syntax;Syntax;Syntax;Syntax;Syntax;Syntax;Syntax;Syntax;Syntax;Syntax;Syntax;Syntax;Syntax;Syntax;Syntax;Syntax;Syntax;Syntax;Syntax;Syntax;Syntax;Syntax;Syntax;Syntax;Syntax;Syntax;Syntax;Syntax;Syntax;Syntax;Syntax;Syntax;Syntax;Syntax;Syntax;Syntax;Syntax;Syntax;Syntax;Syntax;Syntax;Syntax;Syntax;Syntax;Syntax;Syntax;Syntax;Syntax;Syntax;Syntax;Syntax;Syntax;Syntax;Syntax;Syntax;Syntax;Syntax;Syntax;Syntax;Syntax;Syntax;Syntax;Syntax;Syntax;Syntax;Syntax;Syntax;Syntax;Syntax;Syntax;Syntax;Syntax;Syntax;Syntax;Syntax;Syntax;Syntax;Syntax;Syntax;Syntax;Syntax;Syntax;Syntax;Syntax;Syntax;Syntax;Syntax;Syntax;Syntax;Syntax;Syntax;Syntax;Syntax;Syntax;Syntax;Syntax;Syntax;Syntax;Syntax;Syntax;Syntax;Syntax;Syntax;Syntax;Syntax;Syntax;Syntax;Syntax;Syntax;Syntax;Syntax;Syntax;Syntax;Syntax;Syntax;Syntax;Syntax;Syntax;Syntax;Syntax;Syntax;Syntax;Syntax;Syntax;Syntax;Syntax;Syntax;Syntax;Syntax;Syntax;Syntax;Syntax;Syntax;Syntax;Syntax;Syntax;Syntax;Syntax;Syntax;Syntax;Syntax;Syntax;Syntax;Syntax;Syntax;Syntax;Syntax;Syntax;Syntax;Syntax;Syntax;Syntax;Syntax;Syntax;Syntax;Syntax;Syntax;Syntax;Syntax;Syntax;Syntax;Syntax;Syntax;Syntax;Syntax;Syntax;Syntax;Syntax;Syntax;Syntax;Syntax;Syntax;Syntax;Syntax;Syntax;Syntax;Syntax;Syntax;Syntax;Syntax;Syntax;Syntax;Syntax;Syntax;Syntax;Syntax;Syntax;Syntax;Syntax;Syntax;Syntax;Syntax;Syntax;Syntax;Syntax;Syntax;Syntax;Syntax;Syntax;Syntax;Syntax;Syntax;Syntax;Syntax;Syntax;Syntax;Syntax;Syntax;Syntax;Syntax;Syntax;Syntax;Syntax;Syntax;Syntax;Syntax;Syntax;Syntax;Syntax;Syntax;Syntax;Syntax;Syntax;Syntax;Syntax;Syntax;Syntax;Syntax;Syntax;Syntax;Syntax;Syntax;Syntax;Syntax;Syntax;Syntax;Syntax;Syntax;Syntax;Syntax;Syntax;Syntax;Syntax;Syntax;Syntax;Syntax;Syntax;Syntax;Syntax;Syntax;Syntax;Syntax;Syntax;Syntax;Syntax;Syntax;Syntax;Syntax;Syntax;Syntax;Syntax;Syntax;Syntax;Syntax;Syntax;Syntax;Syntax;Syntax;Syntax;Syntax;Syntax;Syntax;Syntax;Syntax;Syntax;Syntax;Syntax;Syntax;Syntax;Syntax;Syntax;Syntax;Syntax;Syntax;Syntax;Syntax;Syntax;Syntax;Syntax;Syntax;Syntax;Syntax;Syntax;Syntax;Syntax;Syntax;Syntax;Syntax;Syntax;Syntax;Syntax;Syntax;Syntax;Syntax;Syntax;Syntax;Syntax;Syntax;Syntax;Syntax;Syntax;Syntax;Syntax;Syntax;Syntax;Syntax;Syntax;Syntax;Syntax;Syntax;Syntax;Syntax;Syntax;Syntax;Syntax;Syntax;Syntax;Syntax;Syntax;Syntax;Syntax;Syntax;Syntax;Syntax;Syntax;Syntax;Syntax;Syntax;Syntax;Syntax;Syntax;Syntax;Syntax;Syntax;Syntax;Syntax;Syntax;Syntax;Syntax;Syntax;Syntax;Syntax;Syntax;Syntax;Syntax;Syntax;Syntax;Syntax;Syntax;Syntax;Syntax;Syntax;Syntax;Syntax;Syntax;Syntax;Syntax;Syntax;Syntax;Syntax;Syntax;Syntax;Syntax;Syntax;Syntax;Syntax;Syntax;Syntax;Syntax;Syntax;Syntax;Syntax;Syntax;Syntax;Syntax;Syntax;Syntax;Syntax;Syntax;Syntax;Syntax;Syntax;Syntax;Syntax;Syntax;Syntax;Syntax;Syntax;Syntax;Syntax;Syntax;Syntax;Syntax;Syntax;Syntax;Syntax;Syntax;Syntax;Syntax;Syntax;Syntax;Syntax;Syntax;Syntax;Syntax;Syntax;Syntax;Syntax;Syntax;Syntax;Syntax;Syntax;Syntax;Syntax;Syntax;Syntax;Syntax;Syntax;Syntax;Syntax;Syntax;Syntax;Syntax;Syntax;Syntax;Syntax;Syntax;Syntax;Syntax;Syntax;Syntax;Syntax;Syntax;Syntax;Syntax;Syntax;Syntax;Syntax;Syntax;Syntax;Syntax;Syntax;Syntax;Syntax;Syntax;Syntax;Syntax;Syntax;Syntax;Syntax;Syntax;Syntax;Syntax;Syntax;Syntax;Syntax;Syntax;Syntax;Syntax;Syntax;Syntax;Syntax;Syntax;Syntax;Syntax;Syntax;Syntax;Syntax;Syntax;Syntax;Syntax;Syntax;Syntax;Syntax;Syntax;Syntax;Syntax;Syntax;Syntax;Syntax;Syntax;Syntax;Syntax;Syntax;Syntax;Syntax;Syntax;Syntax;Syntax;Syntax;Syntax;Syntax;Syntax;Syntax;Syntax;Syntax;Syntax;Syntax;Syntax;Syntax;Syntax;Syntax;Syntax;Syntax;Syntax;Syntax;Syntax;Syntax;Syntax;Syntax;Syntax;Syntax;Syntax;Syntax;Syntax;Syntax;Syntax;Syntax;Syntax;Syntax;Syntax;Syntax;Syntax;Syntax;Syntax;Syntax;Syntax;Syntax;Syntax;Syntax;Syntax;Syntax;Syntax;Syntax;Syntax;Syntax;Syntax;Syntax;Syntax;Syntax;Syntax;Syntax;Syntax;Syntax;Syntax;Syntax;Syntax;Syntax;Syntax;Syntax;Syntax;Syntax;Syntax;Syntax;Syntax;Syntax;Syntax;Syntax;Syntax;Syntax;Syntax;Syntax;Syntax;Syntax;Syntax;Syntax;Syntax;Syntax;Syntax;Syntax;Syntax;Syntax;Syntax;Syntax;Syntax;Syntax;Syntax;Syntax;Syntax;Syntax;Syntax;Syntax;Syntax;Syntax;Syntax;Syntax;Syntax;Syntax;Syntax;Syntax;Syntax;Syntax;Syntax;Syntax;Syntax;Syntax;Syntax;Syntax;Syntax;Syntax;Syntax;Syntax;Syntax;Syntax;Syntax;Syntax;Syntax;Syntax;Syntax;Syntax;Syntax;Syntax;Syntax;Syntax;Syntax;Syntax;Syntax;Syntax;Syntax;Syntax;Syntax;Syntax;Syntax;Syntax;Syntax;Syntax;Syntax;Syntax;Syntax;Syntax;Syntax;Syntax;Syntax;Syntax;Syntax;Syntax;Syntax;Syntax;Syntax;Syntax;Syntax;Syntax;Syntax;Syntax;Syntax;Syntax;Syntax;Syntax;Syntax;Syntax;Syntax;Syntax;Syntax;Syntax;Syntax;Syntax;Syntax;Syntax;Syntax;Syntax;Syntax;Syntax;Syntax;Syntax;Syntax;Syntax;Syntax;Syntax;Syntax;Syntax;Syntax;Syntax;Syntax;Syntax;Syntax;Syntax;Syntax;Syntax;Syntax;Syntax;Syntax;Syntax;Syntax;Syntax;Syntax;Syntax;Syntax;Syntax;Syntax;Syntax;Syntax;Syntax;Syntax;Syntax;Syntax;Syntax;Syntax;Syntax;Syntax;Syntax;Syntax;Syntax;Syntax;Syntax;Syntax;Syntax;Syntax;Syntax;Syntax;Syntax;Syntax;Syntax;Syntax;Syntax;Syntax;Syntax;Syntax;Syntax;Syntax;Syntax;Syntax;Syntax;Syntax;Syntax;Syntax;Syntax;Syntax;Syntax;Syntax;Syntax;Syntax;Syntax;Syntax;Syntax;Syntax;Syntax;Syntax;Syntax;Syntax;Syntax;Syntax;Syntax;Syntax;Syntax;Syntax;Syntax;Syntax;Syntax;Syntax;Syntax;Syntax;Syntax;Syntax;Syntax;Syntax;Syntax;Syntax;Syntax;Syntax;Syntax;Syntax;Syntax;Syntax;Syntax;Syntax;Syntax;Syntax;Syntax;Syntax;Syntax;Syntax;Syntax;Syntax;Syntax;Syntax;Syntax;Syntax;Syntax;Syntax;Syntax;Syntax;Syntax;Syntax;Syntax;Syntax;Syntax;Syntax;Syntax;Syntax;Syntax;Syntax;Syntax;Syntax;Syntax;Syntax;Syntax;Syntax;Syntax;Syntax;Syntax;Syntax;Syntax;Syntax;Syntax;Syntax;Syntax;Syntax;Syntax;Syntax;Syntax;Syntax;Syntax;Syntax;Syntax;Syntax;Syntax;Syntax;Syntax;Syntax;Syntax;Syntax;Syntax;Syntax;Syntax;Syntax;Syntax;Syntax;Syntax;Syntax;Syntax;Syntax;Syntax;Syntax;Syntax;Syntax;Syntax;Syntax;Syntax;Syntax;Syntax;Syntax;Syntax;Syntax;Syntax;Syntax;Syntax;Syntax;Syntax;Syntax;Syntax;Syntax;Syntax;Syntax;Syntax;Syntax;Syntax;Syntax;Syntax;Syntax;Syntax;Syntax;Syntax;Syntax;Syntax;Syntax;Syntax;Syntax;Syntax;Syntax;Syntax;Syntax;Syntax;Syntax;Syntax;Syntax;Syntax;Syntax;Syntax,3,0,10.301,9.719,10.495,,True,1,2000年数学建模国赛真题+优秀论文/2000年国赛优秀论文/2000B：订购和运输钢管的最优方案.pdf,primary,C8BEA21E1D4C7E419611D42EEAA75DBDD64C89EE6A4AD7FE71988E6B1C21B8EA,C8BEA21E1D4C7E419611D42EEAA75DBDD64C89EE6A4AD7FE71988E6B1C21B8EA,active,0,1635,1,unknown,"M A TH EM A T ICSINPRA CT ICE ANDTH EO R Y | d istance netw o rk to a supp ly2dem and tran spo rta tion p rice tab le.B a sed on th is, w e con structed",14.146,14.146,14.146,2026-08-18T00:06:15+08:00,167.56944444444446,475.0,2000
0,0,unknown,unknown,,,,2026-08-18T00:06:15+08:00,KaiTi;Times New Roman,1,1,0,0,1,0,FORMAL,COMPLETE,Q2,PAPER,0,1,296.6861111111111,841.0,catalog/papers.csv; catalog/paper_files.csv; catalog/scale/g8_paper_status.csv,unknown,True,0,0,1,,,,0,False,,PORTRAIT,8,,UNKNOWN,0,,,,CUMCM-2002-A-011,1.0,text_based,A,A,------------------------------------;Times-Roman;KaiTi,0,0,,,,,True,1,2002年数学建模国赛真题+优秀论文/2002年优秀论文/2002A：车灯线光源的优化设计模型.pdf,primary,918DAA2D8C6C3070BAA93F4CDE8CA3419D093A373A897DF5422CF3B4CD6AC89A,918DAA2D8C6C3070BAA93F4CDE8CA3419D093A373A897DF5422CF3B4CD6AC89A,active,0,40,1,unknown,,,,,2026-08-18T00:06:15+08:00,209.90277777777777,595.0,2002
1,1,unknown,unknown,18.221,18.221,18.221,2026-08-18T00:06:15+08:00,Arial;MT-Extra;Monospace;SimHei;SimSun/Song;SymbolMT;Times New Roman;Vijaya,1,1,630,19,1,1,FORMAL,COMPLETE,Q2,PAPER,0,0,297.00361111111107,841.9,catalog/papers.csv; catalog/paper_files.csv; catalog/scale/g8_paper_status.csv,unknown,True,0,1,1,25.823,25.823,25.823,35,False,,PORTRAIT,36,,UNKNOWN,0,,,,CUMCM-2016-B-004,1.0,text_based,B,B,------------------------------------;XEKKFX+SimHei;LNUHNF+SimSun;AUWCNV+TimesNewRomanPSMT;TYEPLS+TimesNewRomanPS-ItalicMT;MUFUVC+MT-Extra;TZCMBP+SymbolMT;COQPCM+Vijaya;VMBCQV+ArialMT;TYXLQB+CourierNewPSMT,106,1,25.779,23.7,26.603,,True,1,2016年数学建模国赛真题+优秀论文/2016年优秀论文/2016B：小区开放道路通行影响 (2).pdf,primary,B3750910D40CD5116F2CF004F43B411B97D7F922D2EA743A47DA6E73157BED3D,B3750910D40CD5116F2CF004F43B411B97D7F922D2EA743A47DA6E73157BED3D,active,10,2466,1,unknown,小区开放对道路通行的影响 | 个影响因素归为 3 个较为系统的评价指标中，即道路通行能力、安全性和便捷度。再,25.59,25.46,27.742,2026-08-18T00:06:15+08:00,210.00861111111107,595.3,2016
1,1,unknown,unknown,25.418,25.418,25.418,2026-08-18T00:06:15+08:00,Arial;Calibri;Cambria;Symbol;Times New Roman,1,1,250,36,1,0,FORMAL,COMPLETE,Q2,PAPER,0,0,297.1270833333333,842.25,catalog/papers.csv; catalog/paper_files.csv; catalog/scale/g8_paper_status.csv,unknown,True,0,1,1,29.933,29.933,29.933,34,False,,PORTRAIT,35,,BOTTOM,1,,,,CUMCM-2013-A-003,1.0,text_based,A,A,------------------------------------;ABCDEE+Calibri;Times;Times;Arial;Symbol;ABCDEE+Cambria;ABCDEE+Calibri,100,1,29.844,27.977,30.095,,False,1,2013年数学建模国赛真题+优秀论文/2013A：车道被占用对城市道路通行能力的影响 (4)/5486.pdf,primary,101D2841EB0AB8FF28AF6936C36F28C5BCB0256E83BEA7F2E319DEA6056FB4EC,101D2841EB0AB8FF28AF6936C36F28C5BCB0256E83BEA7F2E319DEA6056FB4EC,active,2,2326,1,unknown,,27.016,25.494,28.001,2026-08-18T00:06:15+08:00,210.07916666666665,595.5,2013
0,0,unknown,unknown,,,,2026-08-18T00:06:15+08:00,KaiTi,1,0,0,0,1,0,FORMAL,Q3_MANUAL_REQUIRED,Q3,PAPER,0,0,278.34166666666664,789.0,catalog/papers.csv; catalog/paper_files.csv; catalog/scale/g8_paper_status.csv,unknown,False,0,0,1,,,,0,False,font_or_text_layer_not_reliable,PORTRAIT,8,,UNKNOWN,0,"1,2,3,4,5,6,7,8",,,CUMCM-1997-A-005,0.8,image_based,A,A,------------------------------------;KaiTi,0,0,,,,,True,1,1997年数学建模国赛真题+优秀论文/1997年国赛优秀论文/1997A：零件的参数设计(3).pdf,primary,C818B5A11DDDFF5E9DD8BCBF596074200C0B2B4AEDDBAA74F7E944CDD817DCC6,C818B5A11DDDFF5E9DD8BCBF596074200C0B2B4AEDDBAA74F7E944CDD817DCC6,active,0,32,1,unknown,,,,,2026-08-18T00:06:15+08:00,206.0222222222222,584.0,1997
,,unknown,unknown,,,,2026-08-18T00:06:15+08:00,,0,0,,,0,,FORMAL,,,NOT_IN_G8_STATUS,,,,,catalog/papers.csv; catalog/paper_files.csv; catalog/scale/g8_paper_status.csv,unknown,,,,0,,,,,,No analyzable PAPER PDF selected; identity retained in full corpus inventory.,UNKNOWN,,,,,,,,CUMCM-2015-D-004,,NOT_ANALYZED,D,D,,,,,,,,True,1,2015年数学建模国赛真题+优秀论文/2015年优秀论文/2015D：众筹筑屋规划方案设计 (2).doc,primary,1CA32D3E5AA605C36A8CB2C1DCDB1AD7B0B2302994F3B18366CA59C3B7B69EE8,1CA32D3E5AA605C36A8CB2C1DCDB1AD7B0B2302994F3B18366CA59C3B7B69EE8,active,,,0,unknown,,,,,2026-08-18T00:06:15+08:00,,,2015
,,unknown,unknown,,,,2026-08-18T00:06:15+08:00,,0,0,,,0,,FORMAL,,,NOT_IN_G8_STATUS,,,,,catalog/papers.csv; catalog/paper_files.csv; catalog/scale/g8_paper_status.csv,unknown,,,,0,,,,,,No analyzable PAPER PDF selected; identity retained in full corpus inventory.,UNKNOWN,,,,,,,,CUMCM-2015-B-003,,NOT_ANALYZED,B,B,,,,,,,,True,1,2015年数学建模国赛真题+优秀论文/2015年优秀论文/2015B：互联网+_时代的出租车资源配置 (1).pdf,primary,76F00F79B88EFAA3AD273C472A8E6C31496F81D65D5A80675B241F8D14C58787,76F00F79B88EFAA3AD273C472A8E6C31496F81D65D5A80675B241F8D14C58787,active,,,0,unknown,,,,,2026-08-18T00:06:15+08:00,,,2015
,,unknown,unknown,,,,2026-08-18T00:06:15+08:00,,0,0,,,0,,FORMAL,INELIGIBLE,,PROBLEM_PACKAGE,,,,,catalog/papers.csv; catalog/paper_files.csv; catalog/scale/g8_paper_status.csv,unknown,,,,0,,,,,,No analyzable PAPER PDF selected; identity retained in full corpus inventory.,UNKNOWN,,,,,,,,CUMCM-2014-A-003,,NOT_ANALYZED,A,A,,,,,,,,True,1,2014年数学建模国赛真题+优秀论文/2014年赛题/2014年国赛A题.doc,primary,476C285F8E4593CAB062236574F011C241A087F75D249EA548C3E09AFF158DA2,476C285F8E4593CAB062236574F011C241A087F75D249EA548C3E09AFF158DA2,active,,,0,unknown,,,,,2026-08-18T00:06:15+08:00,,,2014
,,unknown,unknown,,,,2026-08-18T00:06:15+08:00,,0,0,,,0,,FORMAL,CLOSED_INELIGIBLE,UNKNOWN,SUPPORTING_MATERIAL,,,,,catalog/papers.csv; catalog/paper_files.csv; catalog/scale/g8_paper_status.csv,unknown,,,,0,,,,,,No analyzable PAPER PDF selected; identity retained in full corpus inventory.,UNKNOWN,,,,,,,,CUMCM-2011-D-038,,NOT_ANALYZED,D,D,,,,,,,,True,1,2011年数学建模国赛真题+优秀论文/2011年优秀论文/2011D：天然肠衣搭配问题(2)/.gitkeep,primary,01BA4719C80B6FE911B091A7C05124B64EEECE964E09C058EF8F9805DACA546B,01BA4719C80B6FE911B091A7C05124B64EEECE964E09C058EF8F9805DACA546B,active,,,0,unknown,,,,,2026-08-18T00:06:15+08:00,,,2011
1,0,unknown,unknown,24.435,24.435,24.435,2026-08-18T00:06:15+08:00,Arial;Calibri;Cambria;KaiTi;Mathematica1;Monospace;SimHei;SimSun/Song;Times New Roman,1,1,37,0,1,0,FORMAL,COMPLETE,Q2,PAPER,0,0,297.0388888888889,842.0,catalog/papers.csv; catalog/paper_files.csv; catalog/scale/g8_paper_status.csv,unknown,True,0,1,1,25.019,25.019,25.019,13,False,,PORTRAIT,14,,BOTTOM,1,,,,CUMCM-2009-A-005,1.0,text_based,A,A,------------------------------------;AHAAEC+STKaiti;AGPPPD+SimSun;AHAAOP+Cambria;AGPPID+TimesNewRomanPSMT;SimSun;KaiTi;TimesNewRomanPS-BoldMT;AHACGH+SimHei;AGPPAF+TimesNewRomanPSMT;ArialMT;AHAHLK+Calibri;AHANOF+Courier;AHAOMB+Mathematica1,47,1,-64.609,-64.609,-64.609,,True,1,2009年数学建模国赛真题+优秀论文/2009年优秀论文/2009A：制动机控制方法分析.pdf,primary,CC88847CEF5F852FB62C8551127B6F22FCFA5406CD372BA2A40947189C5E113B,CC88847CEF5F852FB62C8551127B6F22FCFA5406CD372BA2A40947189C5E113B,active,0,1009,1,unknown,"制动机控制方法分析 | 础上我们计算出问题一中等效的转动惯量为 52kg · m,问题二中需要补偿的惯量为",25.04,25.04,30.247,2026-08-18T00:06:15+08:00,209.98038888888888,595.22,2009
0,0,unknown,unknown,,,,2026-08-18T00:06:15+08:00,KaiTi;Times New Roman,1,1,0,0,1,0,FORMAL,COMPLETE,Q2,PAPER,0,1,296.6861111111111,841.0,catalog/papers.csv; catalog/paper_files.csv; catalog/scale/g8_paper_status.csv,unknown,True,0,0,1,,,,0,False,,PORTRAIT,7,,UNKNOWN,0,,,,CUMCM-2002-A-012,1.0,text_based,A,A,------------------------------------;Times-Roman;KaiTi,0,0,,,,,True,1,2002年数学建模国赛真题+优秀论文/2002年优秀论文/2002A：车灯光源优化问题的探讨.pdf,primary,39800EA2CA3CA428E9394E255858B8A4E9369582FCB4A6541677BED254F5DCCB,39800EA2CA3CA428E9394E255858B8A4E9369582FCB4A6541677BED254F5DCCB,active,0,35,1,unknown,,,,,2026-08-18T00:06:15+08:00,209.90277777777777,595.0,2002
0,0,unknown,unknown,,,,2026-08-18T00:06:15+08:00,Times New Roman,1,1,0,0,1,0,FORMAL,COMPLETE,Q2,PAPER,0,1,259.9266666666666,736.8,catalog/papers.csv; catalog/paper_files.csv; catalog/scale/g8_paper_status.csv,unknown,False,0,0,1,,,,0,False,,PORTRAIT,4,,UNKNOWN,0,,,,CUMCM-2005-C-005,1.0,text_based,C,C,------------------------------------;Times-Roman,0,0,,,,,True,1,2005年数学建模国赛真题+优秀论文/2005年国赛优秀论文/2005C：雨量预报方法的评价.pdf,primary,8560486309D7DF9C5CDE18642312618FE1EB62E70013BE39A43F03A83459CFFE,8560486309D7DF9C5CDE18642312618FE1EB62E70013BE39A43F03A83459CFFE,active,0,16,1,unknown,,,,,2026-08-18T00:06:15+08:00,200.4906666666667,568.32,2005
0,0,unknown,unknown,,,,2026-08-18T00:06:15+08:00,Times New Roman,1,1,0,0,1,0,FORMAL,COMPLETE,Q2,PAPER,0,1,259.9266666666666,736.8,catalog/papers.csv; catalog/paper_files.csv; catalog/scale/g8_paper_status.csv,unknown,False,0,0,1,,,,0,False,,PORTRAIT,6,,UNKNOWN,0,,,,CUMCM-2005-A-006,1.0,text_based,A,A,------------------------------------;Times-Roman,0,0,,,,,True,1,2005年数学建模国赛真题+优秀论文/2005年国赛优秀论文/2005A：长江水质评价和预测研究.pdf,primary,4B40C968EB0ED030461450F7EE197149FC5233739113D90FF72D5A2A4FFCA206,4B40C968EB0ED030461450F7EE197149FC5233739113D90FF72D5A2A4FFCA206,active,0,24,1,unknown,,,,,2026-08-18T00:06:15+08:00,200.4906666666667,568.32,2005
0,0,unknown,unknown,,,,2026-08-18T00:06:15+08:00,KaiTi;SimSun/Song;Times New Roman,1,1,0,0,1,0,FORMAL,COMPLETE,Q2,PAPER,0,0,278.34166666666664,789.0,catalog/papers.csv; catalog/paper_files.csv; catalog/scale/g8_paper_status.csv,unknown,False,0,0,1,,,,0,False,,PORTRAIT,6,,UNKNOWN,0,,,,CUMCM-1997-B-004,1.0,text_based,B,B,------------------------------------;STSong-Light;Times-Roman;KaiTi,0,0,,,,,True,1,1997年数学建模国赛真题+优秀论文/1997年国赛优秀论文/1997B：截断切割优化模型.pdf,primary,5311A39013A7C9EB84307250394CABC5B7226BA33D38B07CD52D416354F63569,5311A39013A7C9EB84307250394CABC5B7226BA33D38B07CD52D416354F63569,active,0,24,1,unknown,,,,,2026-08-18T00:06:15+08:00,206.0222222222222,584.0,1997
1,1,unknown,unknown,18.295,18.295,18.295,2026-08-18T00:06:15+08:00,Arial;KaiTi;MT-Extra;SimHei;SimSun/Song;SymbolMT;Times New Roman;Wingdings-Regular,1,1,393,10,1,1,FORMAL,COMPLETE,Q2,PAPER,0,0,297.0388888888889,842.0,catalog/papers.csv; catalog/paper_files.csv; catalog/scale/g8_paper_status.csv,unknown,True,0,1,1,25.019,25.018,25.019,29,False,,PORTRAIT,30,,UNKNOWN,0,,,,CUMCM-2006-A-004,1.0,text_based,A,A,------------------------------------;TimesNewRomanPSMT;FPFFMG+SimHei;FPFGCB+SimSun;KaiTi;TimesNewRomanPS-BoldMT;FPFKOA+Wingdings-Regular;ArialMT;FPFOOB+TimesNewRomanPS-ItalicMT;FPFPFK+SymbolMT;FPFOOA+TimesNewRomanPS-ItalicMT;FPIBIM+NSimSun;FPLAEM+MT-Extra,21,1,22.867,22.859,24.84,,True,1,2006年数学建模国赛真题+优秀论文/2006年优秀论文/2006A：出版社书号的优化配置.pdf,primary,475CF35EC24E1C7485A759127AD292B08C6BDE4AE9FE987E492B458DDFF3FCDD,475CF35EC24E1C7485A759127AD292B08C6BDE4AE9FE987E492B458DDFF3FCDD,active,29,4130,1,unknown,出版社书号的优化配置 | 以综合，得到出版社的市场竞争力以及强势产品，并对 2006 年影响出版社市场竞争力,25.548,25.04,26.872,2026-08-18T00:06:15+08:00,209.98038888888888,595.22,2006
,,unknown,unknown,,,,2026-08-18T00:06:15+08:00,,0,0,,,0,,FORMAL,COMPLETE,UNKNOWN,PAPER,,,,,catalog/papers.csv; catalog/paper_files.csv; catalog/scale/g8_paper_status.csv,unknown,,,,0,,,,,,No analyzable PAPER PDF selected; identity retained in full corpus inventory.,UNKNOWN,,,,,,,,CUMCM-2011-C-002,,NOT_ANALYZED,C,C,,,,,,,,True,1,2011年数学建模国赛真题+优秀论文/2011年优秀论文/2011C：企业退休职工养老金制度的改革 (1).doc,primary,21E5912D27E48F0BBEB0E1044BF30F185FBAB2133945529F106449296C10653F,21E5912D27E48F0BBEB0E1044BF30F185FBAB2133945529F106449296C10653F,active,,,0,unknown,,,,,2026-08-18T00:06:15+08:00,,,2011
,,unknown,unknown,,,,2026-08-18T00:06:15+08:00,,0,0,,,0,,FORMAL,INELIGIBLE,,SUPPORTING_MATERIAL,,,,,catalog/papers.csv; catalog/paper_files.csv; catalog/scale/g8_paper_status.csv,unknown,,,,0,,,,,,No analyzable PAPER PDF selected; identity retained in full corpus inventory.,UNKNOWN,,,,,,,,CUMCM-2014-A-004,,NOT_ANALYZED,A,A,,,,,,,,True,1,2014年数学建模国赛真题+优秀论文/2014优秀论文/2014A：嫦娥三号软着陆轨道设计与控制策略 (3)/高程图1.fig,primary,D3443CFE98CBCE86794271044A1595405CBFE340D53F2EAB32EB5B89FF4CE910,D3443CFE98CBCE86794271044A1595405CBFE340D53F2EAB32EB5B89FF4CE910,active,,,0,unknown,,,,,2026-08-18T00:06:15+08:00,,,2014
0,0,unknown,unknown,,,,2026-08-18T00:06:15+08:00,KaiTi;Times New Roman,1,1,0,0,1,0,FORMAL,COMPLETE,Q2,PAPER,0,1,296.6861111111111,841.0,catalog/papers.csv; catalog/paper_files.csv; catalog/scale/g8_paper_status.csv,unknown,True,0,0,1,,,,0,False,,PORTRAIT,7,,UNKNOWN,0,,,,CUMCM-2003-B-007,1.0,text_based,B,B,------------------------------------;Times-Roman;KaiTi,0,0,,,,,True,1,2003年数学建模国赛真题+优秀论文/2003年优秀论文/2003B：露天矿生产的车辆安排.pdf,primary,0D1C178148BD8F1B322323FA3EEA6B75A39E96CBEB3813AF050454927B3657D4,0D1C178148BD8F1B322323FA3EEA6B75A39E96CBEB3813AF050454927B3657D4,active,0,35,1,unknown,,,,,2026-08-18T00:06:15+08:00,209.90277777777777,595.0,2003
,,unknown,unknown,,,,2026-08-18T00:06:15+08:00,,0,0,,,0,,FORMAL,INELIGIBLE,,SUPPORTING_MATERIAL,,,,,catalog/papers.csv; catalog/paper_files.csv; catalog/scale/g8_paper_status.csv,unknown,,,,0,,,,,,No analyzable PAPER PDF selected; identity retained in full corpus inventory.,UNKNOWN,,,,,,,,CUMCM-2011-D-039,,NOT_ANALYZED,D,D,,,,,,,,True,1,2011年数学建模国赛真题+优秀论文/2011年优秀论文/2011D：天然肠衣搭配问题(1)/规格3步骤21.lg4,primary,2E6E3C25C194E75465C116641D6F78553238A8D93A2A4BDFD1F8210F4C9E38ED,2E6E3C25C194E75465C116641D6F78553238A8D93A2A4BDFD1F8210F4C9E38ED,active,,,0,unknown,,,,,2026-08-18T00:06:15+08:00,,,2011
,,unknown,unknown,,,,2026-08-18T00:06:15+08:00,,0,0,,,0,,FORMAL,COMPLETE,UNKNOWN,PAPER,,,,,catalog/papers.csv; catalog/paper_files.csv; catalog/scale/g8_paper_status.csv,unknown,,,,0,,,,,,No analyzable PAPER PDF selected; identity retained in full corpus inventory.,UNKNOWN,,,,,,,,CUMCM-2012-A-003,,NOT_ANALYZED,A,A,,,,,,,,True,1,2012年数学建模国赛真题+优秀论文/2012年优秀论文/2012A：葡萄酒的评价 (4).doc,primary,519FA35E0C76A094FFD89C38269F9BC1A9D1C491A8A675EF324F22705B28F1D5,519FA35E0C76A094FFD89C38269F9BC1A9D1C491A8A675EF324F22705B28F1D5,active,,,0,unknown,,,,,2026-08-18T00:06:15+08:00,,,2012
0,0,unknown,unknown,,,,2026-08-18T00:06:15+08:00,KaiTi,1,0,0,0,1,0,FORMAL,Q3_MANUAL_REQUIRED,Q3,PAPER,0,0,279.4,792.0,catalog/papers.csv; catalog/paper_files.csv; catalog/scale/g8_paper_status.csv,unknown,False,0,0,1,,,,0,False,font_or_text_layer_not_reliable,PORTRAIT,3,,UNKNOWN,0,"1,2,3",,,CUMCM-1992-A-004,0.8,image_based,A,A,------------------------------------;KaiTi,0,0,,,,,True,1,1992年数学建模国赛优秀论文/1992年A题优秀论文① 关于施肥效果分析问题的评注.pdf,primary,0ED09084F2E15BB17CED39971CC8B3C20F72F789C1B0AD2F4A99DF9642D0B48D,0ED09084F2E15BB17CED39971CC8B3C20F72F789C1B0AD2F4A99DF9642D0B48D,active,0,12,1,unknown,,,,,2026-08-18T00:06:15+08:00,207.4333333333333,588.0,1992
0,0,unknown,unknown,70.73,70.73,70.73,2026-08-18T00:06:15+08:00,KaiTi;SimSun/Song,1,0,0,0,1,0,FORMAL,Q3_MANUAL_REQUIRED,Q3,PAPER,0,1,297.0388888888889,842.0,catalog/papers.csv; catalog/paper_files.csv; catalog/scale/g8_paper_status.csv,unknown,True,0,0,1,38.059,38.059,38.059,3,False,font_or_text_layer_not_reliable,PORTRAIT,4,,UNKNOWN,0,"1,2,3,4",,,CUMCM-2007-B-007,0.8,image_based,B,B,------------------------------------;AEWBNL+SimSun;SimSun;SimSun;KaiTi,0,0,-3.308,-3.308,-3.308,,True,1,2007年数学建模国赛真题+优秀论文/2007年优秀论文/2007B：《公交线路选择模型》.pdf,primary,08766DF9D1752FB7B99A399AAE026EF7DAE6AD1C6523C3B9EB3FC761FC56D180,08766DF9D1752FB7B99A399AAE026EF7DAE6AD1C6523C3B9EB3FC761FC56D180,active,0,36,1,unknown,http://www.madio.net | 数学中国www.madio.net,80.998,80.998,80.998,2026-08-18T00:06:15+08:00,209.90277777777777,595.0,2007
0,0,unknown,unknown,,,,2026-08-18T00:06:15+08:00,KaiTi,1,0,0,0,1,0,FORMAL,Q3_MANUAL_REQUIRED,Q3,PAPER,0,0,285.115,808.2,catalog/papers.csv; catalog/paper_files.csv; catalog/scale/g8_paper_status.csv,unknown,False,0,0,1,,,,0,False,font_or_text_layer_not_reliable,PORTRAIT,42,,UNKNOWN,0,"1,2,3,4,5,6,7,8,9,10,11,12,13,14,15,16,17,18,19,20,21,22,23,24,25,26,27,28,29,30,31,32,33,34,35,36,37,38,39,40,41,42",,,CUMCM-2020-A-004,0.8,image_based,A,A,------------------------------------;KaiTi,0,0,,,,,True,1,2020年数学建模国赛真题+优秀论文/2020年优秀论文/2020A：基于一维热传导方程的回焊炉炉温模型.pdf,primary,3D4DDDE5771A1316DE38955BC4F8112D2A6102E928298FD6E7B18DA456CD9972,3D4DDDE5771A1316DE38955BC4F8112D2A6102E928298FD6E7B18DA456CD9972,active,0,126,1,unknown,,,,,2026-08-18T00:06:15+08:00,201.549,571.32,2020
,,unknown,unknown,,,,2026-08-18T00:06:15+08:00,,0,0,,,0,,FORMAL,INELIGIBLE,,SUPPORTING_MATERIAL,,,,,catalog/papers.csv; catalog/paper_files.csv; catalog/scale/g8_paper_status.csv,unknown,,,,0,,,,,,No analyzable PAPER PDF selected; identity retained in full corpus inventory.,UNKNOWN,,,,,,,,CUMCM-2014-A-005,,NOT_ANALYZED,A,A,,,,,,,,True,1,2014年数学建模国赛真题+优秀论文/2014优秀论文/2014A：嫦娥三号软着陆轨道设计与控制策略 (3)/高程图2.fig,primary,6328ED2E6FB864E58D9986FD0E4F0E70138FD7C658EF45D7FD43E5264F604D63,6328ED2E6FB864E58D9986FD0E4F0E70138FD7C658EF45D7FD43E5264F604D63,active,,,0,unknown,,,,,2026-08-18T00:06:15+08:00,,,2014
,,unknown,unknown,,,,2026-08-18T00:06:15+08:00,,0,0,,,0,,FORMAL,INELIGIBLE,,PROBLEM_PACKAGE,,,,,catalog/papers.csv; catalog/paper_files.csv; catalog/scale/g8_paper_status.csv,unknown,,,,0,,,,,,No analyzable PAPER PDF selected; identity retained in full corpus inventory.,UNKNOWN,,,,,,,,CUMCM-2009-C-005,,NOT_ANALYZED,C,C,,,,,,,,True,1,2009年数学建模国赛真题+优秀论文/2009年赛题/2009年国赛C题.doc,primary,C1B4D9B0FAB03E08F8932942C3606BAF8CAF0480D24D36414DA0D78847062C2F,C1B4D9B0FAB03E08F8932942C3606BAF8CAF0480D24D36414DA0D78847062C2F,active,,,0,unknown,,,,,2026-08-18T00:06:15+08:00,,,2009
0,0,unknown,unknown,,,,2026-08-18T00:06:15+08:00,KaiTi;SimSun/Song;Times New Roman,1,1,0,0,1,0,FORMAL,COMPLETE,Q2,PAPER,0,0,279.75277777777774,793.0,catalog/papers.csv; catalog/paper_files.csv; catalog/scale/g8_paper_status.csv,unknown,False,0,0,1,,,,0,False,,PORTRAIT,6,,UNKNOWN,0,,,,CUMCM-1998-B-004,1.0,text_based,B,B,------------------------------------;STSong-Light;Times-Roman;KaiTi,0,0,,,,,True,1,1998年数学建模国赛真题+优秀论文/1998年国赛优秀论文/1998B：灾情巡视路线寻优模型.pdf,primary,1E452CF804FF317B9CAEB58EFEE88F69BE0C2BAB1F78613962DA4EA6E4147D2B,1E452CF804FF317B9CAEB58EFEE88F69BE0C2BAB1F78613962DA4EA6E4147D2B,active,0,24,1,unknown,,,,,2026-08-18T00:06:15+08:00,210.9611111111111,598.0,1998
0,0,unknown,unknown,,,,2026-08-18T00:06:15+08:00,KaiTi,1,0,0,0,1,0,FORMAL,Q3_MANUAL_REQUIRED,Q3,PAPER,0,0,278.34166666666664,789.0,catalog/papers.csv; catalog/paper_files.csv; catalog/scale/g8_paper_status.csv,unknown,False,0,0,1,,,,0,False,font_or_text_layer_not_reliable,PORTRAIT,4,,UNKNOWN,0,"1,2,3,4",,,CUMCM-1997-A-006,0.8,image_based,A,A,------------------------------------;KaiTi,0,0,,,,,True,1,1997年数学建模国赛真题+优秀论文/1997年国赛优秀论文/1997A：零件参数设计的数学模型.pdf,primary,B9EB0C4B3C538521059B09E2F8E3C3168D6756604CB13D529ED4EC6AD24AEBAD,B9EB0C4B3C538521059B09E2F8E3C3168D6756604CB13D529ED4EC6AD24AEBAD,active,0,16,1,unknown,,,,,2026-08-18T00:06:15+08:00,206.0222222222222,584.0,1997
,,unknown,unknown,,,,2026-08-18T00:06:15+08:00,,0,0,,,0,,FORMAL,INELIGIBLE,,PROBLEM_PACKAGE,,,,,catalog/papers.csv; catalog/paper_files.csv; catalog/scale/g8_paper_status.csv,unknown,,,,0,,,,,,No analyzable PAPER PDF selected; identity retained in full corpus inventory.,UNKNOWN,,,,,,,,CUMCM-2006-A-005,,NOT_ANALYZED,A,A,,,,,,,,True,1,2006年数学建模国赛真题+优秀论文/2006年赛题/2006年国赛A题.doc,primary,47C26840CE37A4DB6CC4C2F49CDC8E7E726A54BC853091B111D81C90343C34EC,47C26840CE37A4DB6CC4C2F49CDC8E7E726A54BC853091B111D81C90343C34EC,active,,,0,unknown,,,,,2026-08-18T00:06:15+08:00,,,2006
0,0,unknown,unknown,,,,2026-08-18T00:06:15+08:00,KaiTi;SimSun/Song;Times New Roman,1,1,0,0,1,0,FORMAL,COMPLETE,Q2,PAPER,0,0,279.75277777777774,793.0,catalog/papers.csv; catalog/paper_files.csv; catalog/scale/g8_paper_status.csv,unknown,False,0,0,1,,,,0,False,,PORTRAIT,10,,UNKNOWN,0,,,,CUMCM-1998-B-005,1.0,text_based,B,B,------------------------------------;STSong-Light;Times-Roman;KaiTi,0,0,,,,,True,1,1998年数学建模国赛真题+优秀论文/1998年国赛优秀论文/1998B：最佳灾情巡视路线的数学模型.pdf,primary,E9AC74ACABE68FB0BCBFAAACD49EEB9AB7D4DFDD9323F5DA9EF87F34C196B65D,E9AC74ACABE68FB0BCBFAAACD49EEB9AB7D4DFDD9323F5DA9EF87F34C196B65D,active,0,40,1,unknown,,,,,2026-08-18T00:06:15+08:00,210.9611111111111,598.0,1998
0,0,unknown,unknown,16.228,16.157,17.039,2026-08-18T00:06:15+08:00,KaiTi;SimSun/Song;Syntax;Times New Roman;cajcd-fntaa;cajcd-fntbd;cajcd-fntlt,1,1,273,0,1,1,FORMAL,COMPLETE,Q2,PAPER,0,1,248.70833333333334,705.0,catalog/papers.csv; catalog/paper_files.csv; catalog/scale/g8_paper_status.csv,unknown,False,0,0,1,12.876,12.471,12.912,6,False,,PORTRAIT,7,,TOP,1,,,,CUMCM-1999-B-004,1.0,text_based,B,B,------------------------------------;STSong-Light;Times-Roman;cajcd-fntaa;Times-Bold;Times-Italic;cajcd-fntlt;Times-Italic;KaiTi;cajcd-fntbd;Syntax;Syntax;Syntax;Syntax;Syntax;Syntax;Syntax;Syntax;Syntax;Syntax;Syntax;Syntax;Syntax;Syntax;Syntax;Syntax;Syntax;Syntax;Syntax;Syntax;Syntax;Syntax;Syntax;Syntax;Syntax;Syntax;Syntax;Syntax;Syntax;Syntax;Syntax;Syntax;Syntax;Syntax;Syntax;Syntax;Syntax;Syntax;Syntax;Syntax;Syntax;Syntax;Syntax;Syntax;Syntax;Syntax;Syntax;Syntax;Syntax;Syntax;Syntax;Syntax;Syntax;Syntax;Syntax;Syntax;Syntax;Syntax;Syntax;Syntax;Syntax;Syntax;Syntax;Syntax;Syntax;Syntax;Syntax;Syntax;Syntax;Syntax;Syntax;Syntax;Syntax;Syntax;Syntax;Syntax;Syntax;Syntax;Syntax;Syntax;Syntax;Syntax;Syntax;Syntax;Syntax;Syntax;Syntax;Syntax;Syntax;Syntax;Syntax;Syntax;Syntax;Syntax;Syntax;Syntax;Syntax;Syntax;Syntax;Syntax;Syntax;Syntax;Syntax;Syntax;Syntax;Syntax;Syntax;Syntax;Syntax;Syntax;Syntax;Syntax;Syntax;Syntax;Syntax;Syntax;Syntax;Syntax;Syntax;Syntax;Syntax;Syntax;Syntax;Syntax;Syntax;Syntax;Syntax;Syntax;Syntax;Syntax;Syntax;Syntax;Syntax;Syntax;Syntax;Syntax;Syntax;Syntax;Syntax;Syntax;Syntax;Syntax;Syntax;Syntax;Syntax;Syntax;Syntax;Syntax;Syntax;Syntax;Syntax;Syntax;Syntax;Syntax;Syntax;Syntax;Syntax;Syntax;Syntax;Syntax;Syntax;Syntax;Syntax;Syntax;Syntax;Syntax;Syntax;Syntax;Syntax;Syntax;Syntax;Syntax;Syntax;Syntax;Syntax;Syntax;Syntax;Syntax;Syntax;Syntax;Syntax;Syntax;Syntax;Syntax;Syntax;Syntax;Syntax;Syntax;Syntax;Syntax;Syntax;Syntax;Syntax;Syntax;Syntax;Syntax;Syntax;Syntax;Syntax;Syntax;Syntax;Syntax;Syntax;Syntax;Syntax;Syntax;Syntax;Syntax;Syntax;Syntax;Syntax;Syntax;Syntax;Syntax;Syntax;Syntax;Syntax;Syntax;Syntax;Syntax;Syntax;Syntax;Syntax;Syntax;Syntax;Syntax;Syntax;Syntax;Syntax;Syntax;Syntax;Syntax;Syntax;Syntax;Syntax;Syntax;Syntax;Syntax;Syntax;Syntax;Syntax;Syntax;Syntax;Syntax;Syntax;Syntax;Syntax;Syntax;Syntax;Syntax;Syntax;Syntax;Syntax;Syntax;Syntax;Syntax;Syntax;Syntax;Syntax;Syntax;Syntax;Syntax;Syntax;Syntax;Syntax;Syntax;Syntax;Syntax;Syntax;Syntax;Syntax;Syntax;Syntax;Syntax;Syntax;Syntax;Syntax;Syntax;Syntax;Syntax;Syntax;Syntax;Syntax;Syntax;Syntax;Syntax;Syntax;Syntax;Syntax;Syntax;Syntax;Syntax;Syntax;Syntax;Syntax;Syntax;Syntax;Syntax;Syntax;Syntax;Syntax;Syntax;Syntax;Syntax;Syntax;Syntax;Syntax;Syntax;Syntax;Syntax;Syntax;Syntax;Syntax;Syntax;Syntax;Syntax;Syntax;Syntax;Syntax;Syntax;Syntax;Syntax;Syntax;Syntax;Syntax;Syntax;Syntax;Syntax;Syntax;Syntax;Syntax;Syntax;Syntax;Syntax;Syntax;Syntax;Syntax;Syntax;Syntax;Syntax;Syntax;Syntax;Syntax;Syntax;Syntax;Syntax;Syntax;Syntax;Syntax;Syntax;Syntax;Syntax;Syntax;Syntax;Syntax;Syntax;Syntax;Syntax;Syntax;Syntax;Syntax;Syntax;Syntax;Syntax;Syntax;Syntax;Syntax;Syntax;Syntax;Syntax;Syntax;Syntax;Syntax;Syntax;Syntax;Syntax;Syntax;Syntax;Syntax;Syntax;Syntax;Syntax;Syntax;Syntax;Syntax;Syntax;Syntax;Syntax;Syntax;Syntax;Syntax;Syntax;Syntax;Syntax;Syntax;Syntax;Syntax;Syntax;Syntax;Syntax;Syntax;Syntax;Syntax;Syntax;Syntax;Syntax;Syntax;Syntax;Syntax;Syntax;Syntax;Syntax;Syntax;Syntax;Syntax;Syntax;Syntax;Syntax;Syntax;Syntax;Syntax;Syntax;Syntax;Syntax;Syntax;Syntax;Syntax;Syntax;Syntax;Syntax;Syntax;Syntax;Syntax;Syntax;Syntax;Syntax;Syntax;Syntax;Syntax;Syntax;Syntax;Syntax;Syntax;Syntax;Syntax;Syntax;Syntax;Syntax;Syntax;Syntax;Syntax;Syntax;Syntax;Syntax;Syntax;Syntax;Syntax;Syntax;Syntax;Syntax;Syntax;Syntax;Syntax;Syntax;Syntax;Syntax;Syntax;Syntax;Syntax;Syntax;Syntax;Syntax;Syntax;Syntax;Syntax;Syntax;Syntax;Syntax;Syntax;Syntax;Syntax;Syntax;Syntax;Syntax;Syntax;Syntax;Syntax;Syntax;Syntax;Syntax;Syntax;Syntax;Syntax;Syntax;Syntax;Syntax;Syntax;Syntax;Syntax;Syntax;Syntax;Syntax;Syntax;Syntax;Syntax;Syntax;Syntax;Syntax;Syntax;Syntax;Syntax;Syntax;Syntax;Syntax;Syntax;Syntax;Syntax;Syntax;Syntax;Syntax;Syntax;Syntax;Syntax;Syntax;Syntax;Syntax;Syntax;Syntax;Syntax;Syntax;Syntax;Syntax;Syntax;Syntax;Syntax;Syntax;Syntax;Syntax;Syntax;Syntax;Syntax;Syntax;Syntax;Syntax;Syntax;Syntax;Syntax;Syntax;Syntax;Syntax;Syntax;Syntax;Syntax;Syntax;Syntax;Syntax;Syntax;Syntax;Syntax;Syntax;Syntax;Syntax;Syntax;Syntax;Syntax;Syntax;Syntax;Syntax;Syntax;Syntax;Syntax;Syntax;Syntax;Syntax;Syntax;Syntax;Syntax;Syntax;Syntax;Syntax;Syntax;Syntax;Syntax;Syntax;Syntax;Syntax;Syntax;Syntax;Syntax;Syntax;Syntax;Syntax;Syntax;Syntax;Syntax;Syntax;Syntax;Syntax;Syntax;Syntax;Syntax;Syntax;Syntax;Syntax;Syntax;Syntax;Syntax;Syntax;Syntax;Syntax;Syntax;Syntax;Syntax;Syntax;Syntax;Syntax;Syntax;Syntax;Syntax;Syntax;Syntax;Syntax;Syntax;Syntax;Syntax;Syntax;Syntax;Syntax;Syntax;Syntax;Syntax;Syntax;Syntax;Syntax;Syntax;Syntax;Syntax;Syntax;Syntax;Syntax;Syntax;Syntax;Syntax;Syntax;Syntax;Syntax;Syntax;Syntax;Syntax;Syntax;Syntax;Syntax;Syntax;Syntax;Syntax;Syntax;Syntax;Syntax;Syntax;Syntax;Syntax;Syntax;Syntax;Syntax;Syntax;Syntax;Syntax;Syntax;Syntax;Syntax;Syntax;Syntax;Syntax;Syntax;Syntax;Syntax;Syntax;Syntax;Syntax;Syntax;Syntax;Syntax;Syntax;Syntax;Syntax;Syntax;Syntax;Syntax;Syntax;Syntax;Syntax;Syntax;Syntax;Syntax;Syntax;Syntax;Syntax;Syntax;Syntax;Syntax;Syntax;Syntax;Syntax;Syntax;Syntax;Syntax;Syntax;Syntax;Syntax;Syntax;Syntax;Syntax;Syntax;Syntax;Syntax;Syntax;Syntax;Syntax;Syntax;Syntax;Syntax;Syntax;Syntax;Syntax;Syntax;Syntax;Syntax;Syntax;Syntax;Syntax;Syntax;Syntax;Syntax;Syntax;Syntax;Syntax;Syntax;Syntax;Syntax;Syntax;Syntax;Syntax;Syntax;Syntax;Syntax;Syntax;Syntax;Syntax;Syntax;Syntax;Syntax;Syntax;Syntax;Syntax;Syntax;Syntax;Syntax;Syntax;Syntax;Syntax;Syntax;Syntax;Syntax;Syntax;Syntax;Syntax;Syntax;Syntax;Syntax;Syntax;Syntax;Syntax;Syntax;Syntax;Syntax;Syntax;Syntax;Syntax;Syntax;Syntax;Syntax;Syntax;Syntax;Syntax;Syntax;Syntax;Syntax;Syntax;Syntax;Syntax;Syntax;Syntax;Syntax;Syntax;Syntax;Syntax;Syntax;Syntax;Syntax;Syntax;Syntax;Syntax;Syntax;Syntax;Syntax;Syntax;Syntax;Syntax;Syntax;Syntax;Syntax;Syntax;Syntax;Syntax;Syntax;Syntax;Syntax;Syntax;Syntax;Syntax;Syntax;Syntax;Syntax;Syntax;Syntax;Syntax;Syntax;Syntax;Syntax;Syntax;Syntax;Syntax;Syntax;Syntax;Syntax;Syntax;Syntax;Syntax;Syntax;Syntax;Syntax;Syntax;Syntax;Syntax;Syntax;Syntax;Syntax;Syntax;Syntax;Syntax;Syntax;Syntax;Syntax;Syntax;Syntax;Syntax;Syntax;Syntax;Syntax;Syntax;Syntax;Syntax;Syntax;Syntax;Syntax;Syntax;Syntax;Syntax;Syntax;Syntax;Syntax;Syntax;Syntax;Syntax;Syntax;Syntax;Syntax;Syntax;Syntax;Syntax;Syntax;Syntax;Syntax;Syntax;Syntax;Syntax;Syntax;Syntax;Syntax;Syntax;Syntax;Syntax;Syntax;Syntax;Syntax;Syntax;Syntax;Syntax;Syntax;Syntax;Syntax;Syntax;Syntax;Syntax;Syntax;Syntax;Syntax;Syntax;Syntax;Syntax;Syntax;Syntax;Syntax;Syntax;Syntax;Syntax;Syntax;Syntax;Syntax;Syntax;Syntax;Syntax;Syntax;Syntax;Syntax;Syntax;Syntax;Syntax;Syntax;Syntax;Syntax;Syntax;Syntax;Syntax;Syntax;Syntax;Syntax;Syntax;Syntax;Syntax;Syntax;Syntax;Syntax;Syntax;Syntax;Syntax;Syntax;Syntax;Syntax;Syntax;Syntax;Syntax;Syntax;Syntax;Syntax;Syntax;Syntax;Syntax;Syntax;Syntax;Syntax;Syntax;Syntax;Syntax;Syntax;Syntax;Syntax;Syntax;Syntax;Syntax;Syntax;Syntax;Syntax;Syntax;Syntax;Syntax;Syntax;Syntax;Syntax;Syntax;Syntax;Syntax;Syntax;Syntax;Syntax;Syntax;Syntax;Syntax;Syntax;Syntax;Syntax;Syntax;Syntax;Syntax;Syntax;Syntax;Syntax;Syntax;Syntax;Syntax;Syntax;Syntax;Syntax;Syntax;Syntax;Syntax;Syntax;Syntax;Syntax;Syntax;Syntax;Syntax;Syntax;Syntax;Syntax;Syntax;Syntax;Syntax;Syntax;Syntax;Syntax;Syntax;Syntax;Syntax;Syntax;Syntax;Syntax;Syntax;Syntax;Syntax;Syntax;Syntax;Syntax;Syntax;Syntax;Syntax;Syntax;Syntax;Syntax;Syntax;Syntax;Syntax;Syntax;Syntax;Syntax;Syntax;Syntax;Syntax;Syntax;Syntax;Syntax;Syntax;Syntax;Syntax;Syntax;Syntax;Syntax;Syntax;Syntax;Syntax;Syntax;Syntax;Syntax;Syntax;Syntax;Syntax;Syntax;Syntax;Syntax;Syntax;Syntax;Syntax;Syntax;Syntax;Syntax;Syntax;Syntax;Syntax;Syntax;Syntax;Syntax;Syntax;Syntax;Syntax;Syntax;Syntax;Syntax;Syntax;Syntax;Syntax;Syntax;Syntax;Syntax;Syntax;Syntax;Syntax;Syntax;Syntax;Syntax;Syntax;Syntax;Syntax;Syntax;Syntax;Syntax;Syntax;Syntax;Syntax;Syntax;Syntax;Syntax;Syntax;Syntax;Syntax;Syntax;Syntax;Syntax;Syntax;Syntax;Syntax;Syntax;Syntax;Syntax;Syntax;Syntax;Syntax;Syntax;Syntax;Syntax;Syntax;Syntax;Syntax;Syntax;Syntax;Syntax;Syntax;Syntax;Syntax;Syntax;Syntax;Syntax;Syntax;Syntax;Syntax;Syntax;Syntax;Syntax;Syntax;Syntax;Syntax;Syntax;Syntax;Syntax;Syntax;Syntax;Syntax;Syntax;Syntax;Syntax;Syntax;Syntax;Syntax;Syntax;Syntax;Syntax;Syntax;Syntax;Syntax;Syntax;Syntax;Syntax;Syntax;Syntax;Syntax;Syntax;Syntax;Syntax;Syntax;Syntax;Syntax;Syntax;Syntax;Syntax;Syntax;Syntax;Syntax;Syntax;Syntax;Syntax;Syntax;Syntax;Syntax;Syntax;Syntax;Syntax;Syntax;Syntax;Syntax;Syntax;Syntax;Syntax;Syntax;Syntax;Syntax;Syntax;Syntax;Syntax;Syntax;Syntax;Syntax;Syntax;Syntax;Syntax;Syntax;Syntax;Syntax;Syntax;Syntax;Syntax;Syntax;Syntax;Syntax;Syntax;Syntax;Syntax;Syntax;Syntax;Syntax;Syntax;Syntax;Syntax;Syntax;Syntax;Syntax;Syntax;Syntax;Syntax;Syntax;Syntax;Syntax;Syntax;Syntax;Syntax;Syntax;Syntax;Syntax;Syntax;Syntax;Syntax;Syntax;Syntax;Syntax;Syntax;Syntax;Syntax;Syntax;Syntax;Syntax;Syntax;Syntax;Syntax;Syntax;Syntax;Syntax;Syntax;Syntax;Syntax;Syntax;Syntax;Syntax;Syntax;Syntax;Syntax;Syntax;Syntax;Syntax;Syntax;Syntax;Syntax;Syntax;Syntax;Syntax;Syntax;Syntax;Syntax;Syntax;Syntax;Syntax;Syntax;Syntax;Syntax;Syntax;Syntax;Syntax;Syntax;Syntax;Syntax;Syntax;Syntax;Syntax;Syntax;Syntax;Syntax;Syntax;Syntax;Syntax;Syntax;Syntax;Syntax;Syntax;Syntax;Syntax;Syntax;Syntax;Syntax;Syntax;Syntax;Syntax;Syntax;Syntax;Syntax;Syntax;Syntax;Syntax;Syntax;Syntax;Syntax;Syntax;Syntax;Syntax;Syntax;Syntax;Syntax;Syntax;Syntax;Syntax;Syntax;Syntax;Syntax;Syntax;Syntax;Syntax;Syntax;Syntax;Syntax;Syntax;Syntax;Syntax;Syntax;Syntax;Syntax;Syntax;Syntax;Syntax;Syntax;Syntax;Syntax;Syntax;Syntax;Syntax;Syntax;Syntax;Syntax;Syntax;Syntax;Syntax;Syntax;Syntax;Syntax;Syntax;Syntax;Syntax;Syntax;Syntax;Syntax;Syntax;Syntax;Syntax;Syntax;Syntax;Syntax;Syntax;Syntax;Syntax;Syntax;Syntax;Syntax;Syntax;Syntax;Syntax;Syntax;Syntax;Syntax;Syntax;Syntax;Syntax;Syntax;Syntax;Syntax;Syntax;Syntax;Syntax;Syntax;Syntax;Syntax;Syntax;Syntax;Syntax;Syntax;Syntax;Syntax;Syntax;Syntax;Syntax;Syntax;Syntax;Syntax;Syntax;Syntax;Syntax;Syntax;Syntax;Syntax;Syntax;Syntax;Syntax;Syntax;Syntax;Syntax;Syntax;Syntax;Syntax;Syntax;Syntax;Syntax;Syntax;Syntax;Syntax;Syntax;Syntax;Syntax;Syntax;Syntax;Syntax;Syntax;Syntax;Syntax;Syntax;Syntax;Syntax;Syntax;Syntax;Syntax;Syntax;Syntax;Syntax;Syntax;Syntax;Syntax;Syntax;Syntax;Syntax;Syntax;Syntax;Syntax;Syntax;Syntax;Syntax;Syntax;Syntax;Syntax;Syntax;Syntax;Syntax;Syntax;Syntax;Syntax;Syntax;Syntax;Syntax;Syntax;Syntax;Syntax;Syntax;Syntax;Syntax;Syntax;Syntax;Syntax;Syntax;Syntax;Syntax;Syntax;Syntax;Syntax;Syntax;Syntax;Syntax;Syntax;Syntax;Syntax;Syntax;Syntax;Syntax;Syntax;Syntax;Syntax;Syntax;Syntax;Syntax;Syntax;Syntax;Syntax;Syntax;Syntax;Syntax;Syntax;Syntax;Syntax;Syntax;Syntax;Syntax;Syntax;Syntax;Syntax;Syntax;Syntax;Syntax;Syntax;Syntax;Syntax;Syntax;Syntax;Syntax;Syntax;Syntax;Syntax;Syntax;Syntax;Syntax;Syntax;Syntax;Syntax;Syntax;Syntax;Syntax;Syntax;Syntax;Syntax;Syntax;Syntax;Syntax;Syntax;Syntax;Syntax;Syntax;Syntax;Syntax;Syntax;Syntax;Syntax;Syntax;Syntax;Syntax;Syntax;Syntax;Syntax;Syntax;Syntax;Syntax;Syntax;Syntax;Syntax;Syntax;Syntax;Syntax;Syntax;Syntax;Syntax;Syntax;Syntax;Syntax;Syntax;Syntax;Syntax;Syntax;Syntax;Syntax;Syntax;Syntax;Syntax;Syntax;Syntax;Syntax;Syntax;Syntax;Syntax;Syntax;Syntax;Syntax;Syntax;Syntax;Syntax;Syntax;Syntax;Syntax;Syntax;Syntax;Syntax;Syntax;Syntax;Syntax;Syntax;Syntax;Syntax;Syntax;Syntax;Syntax;Syntax;Syntax;Syntax;Syntax;Syntax;Syntax;Syntax;Syntax;Syntax;Syntax;Syntax;Syntax;Syntax;Syntax;Syntax;Syntax;Syntax;Syntax;Syntax;Syntax;Syntax;Syntax;Syntax;Syntax;Syntax;Syntax;Syntax;Syntax;Syntax;Syntax;Syntax;Syntax;Syntax;Syntax;Syntax;Syntax;Syntax;Syntax;Syntax;Syntax;Syntax;Syntax;Syntax;Syntax;Syntax;Syntax;Syntax;Syntax;Syntax;Syntax;Syntax;Syntax;Syntax;Syntax;Syntax;Syntax;Syntax;Syntax;Syntax;Syntax;Syntax;Syntax;Syntax;Syntax;Syntax;Syntax;Syntax;Syntax;Syntax;Syntax;Syntax;Syntax;Syntax;Syntax;Syntax;Syntax;Syntax;Syntax;Syntax;Syntax;Syntax;Syntax;Syntax;Syntax;Syntax;Syntax;Syntax;Syntax;Syntax;Syntax;Syntax;Syntax;Syntax;Syntax;Syntax;Syntax;Syntax;Syntax;Syntax;Syntax;Syntax;Syntax;Syntax;Syntax;Syntax;Syntax;Syntax;Syntax;Syntax;Syntax;Syntax;Syntax;Syntax;Syntax;Syntax;Syntax;Syntax;Syntax;Syntax;Syntax;Syntax;Syntax;Syntax;Syntax;Syntax;Syntax;Syntax;Syntax;Syntax;Syntax;Syntax;Syntax;Syntax;Syntax;Syntax;Syntax;Syntax;Syntax;Syntax;Syntax;Syntax;Syntax;Syntax;Syntax;Syntax;Syntax;Syntax;Syntax;Syntax;Syntax;Syntax;Syntax;Syntax;Syntax;Syntax;Syntax;Syntax;Syntax;Syntax;Syntax;Syntax;Syntax;Syntax;Syntax;Syntax;Syntax;Syntax;Syntax;Syntax;Syntax;Syntax;Syntax;Syntax;Syntax;Syntax;Syntax;Syntax;Syntax;Syntax;Syntax;Syntax;Syntax;Syntax;Syntax;Syntax;Syntax;Syntax;Syntax;Syntax;Syntax;Syntax;Syntax;Syntax;Syntax;Syntax;Syntax;Syntax;Syntax;Syntax;Syntax;Syntax;Syntax;Syntax;Syntax;Syntax;Syntax;Syntax;Syntax;Syntax;Syntax;Syntax;Syntax;Syntax;Syntax;Syntax;Syntax;Syntax;Syntax;Syntax;Syntax;Syntax;Syntax;Syntax;Syntax;Syntax;Syntax;Syntax;Syntax;Syntax;Syntax;Syntax;Syntax;Syntax;Syntax;Syntax;Syntax;Syntax;Syntax;Syntax;Syntax;Syntax;Syntax;Syntax;Syntax;Syntax;Syntax;Syntax;Syntax;Syntax;Syntax;Syntax;Syntax;Syntax;Syntax;Syntax;Syntax;Syntax;Syntax;Syntax;Syntax;Syntax;Syntax;Syntax;Syntax;Syntax;Syntax;Syntax;Syntax;Syntax;Syntax;Syntax;Syntax;Syntax;Syntax;Syntax;Syntax;Syntax;Syntax;Syntax;Syntax;Syntax;Syntax;Syntax;Syntax;Syntax;Syntax;Syntax;Syntax;Syntax;Syntax;Syntax;Syntax;Syntax;Syntax;Syntax;Syntax;Syntax;Syntax;Syntax;Syntax;Syntax;Syntax;Syntax;Syntax;Syntax;Syntax;Syntax;Syntax;Syntax;Syntax;Syntax;Syntax;Syntax;Syntax;Syntax;Syntax;Syntax;Syntax;Syntax;Syntax;Syntax;Syntax;Syntax;Syntax;Syntax;Syntax;Syntax;Syntax;Syntax;Syntax;Syntax;Syntax;Syntax;Syntax;Syntax;Syntax;Syntax;Syntax;Syntax;Syntax;Syntax;Syntax;Syntax;Syntax;Syntax;Syntax;Syntax;Syntax;Syntax;Syntax;Syntax;Syntax;Syntax;Syntax;Syntax;Syntax;Syntax;Syntax;Syntax;Syntax;Syntax;Syntax;Syntax;Syntax;Syntax;Syntax;Syntax;Syntax;Syntax;Syntax;Syntax;Syntax;Syntax;Syntax;Syntax;Syntax;Syntax;Syntax;Syntax;Syntax;Syntax;Syntax;Syntax;Syntax;Syntax;Syntax;Syntax;Syntax;Syntax;Syntax;Syntax;Syntax;Syntax;Syntax;Syntax;Syntax;Syntax;Syntax;Syntax;Syntax;Syntax;Syntax;Syntax;Syntax;Syntax;Syntax;Syntax;Syntax;Syntax;Syntax;Syntax;Syntax;Syntax;Syntax;Syntax;Syntax;Syntax;Syntax;Syntax;Syntax;Syntax;Syntax;Syntax;Syntax;Syntax;Syntax;Syntax;Syntax;Syntax;Syntax;Syntax;Syntax;Syntax;Syntax;Syntax;Syntax;Syntax;Syntax;Syntax,3,0,10.178,10.134,10.195,,True,1,1999年数学建模国赛真题+优秀论文/1999年国赛优秀论文/1999B：钻井布局的数学模型.pdf,primary,77236AD4159C4C496D375BDE74E0DCB91E2462F3C88FABC393B1863AC119131B,77236AD4159C4C496D375BDE74E0DCB91E2462F3C88FABC393B1863AC119131B,active,0,1317,1,unknown,M A TH EM A T ICSINPRA CT ICE ANDTH EO R Y | stud ied the sufficien t cond ition s and g ive som e criteria of the ava ilab ility on th ree p a rticu la r cond i2,14.146,14.146,14.146,2026-08-18T00:06:15+08:00,167.56944444444446,475.0,1999
0,0,unknown,unknown,16.122,16.087,16.334,2026-08-18T00:06:15+08:00,KaiTi;SimSun/Song;Syntax;Times New Roman;cajcd-fntaa;cajcd-fntbd;cajcd-fntlt,1,1,1373,0,1,1,FORMAL,COMPLETE,Q2,PAPER,0,1,248.70833333333334,705.0,catalog/papers.csv; catalog/paper_files.csv; catalog/scale/g8_paper_status.csv,unknown,False,0,0,1,12.594,12.347,12.912,9,False,,PORTRAIT,10,,BOTTOM,1,,,,CUMCM-1999-B-005,1.0,text_based,B,B,------------------------------------;STSong-Light;Times-Roman;cajcd-fntaa;Times-Bold;Times-Italic;cajcd-fntlt;cajcd-fntbd;Times-Italic;KaiTi;Syntax;Syntax;Syntax;Syntax;Syntax;Syntax;Syntax;Syntax;Syntax;Syntax;Syntax;Syntax;Syntax;Syntax;Syntax;Syntax;Syntax;Syntax;Syntax;Syntax;Syntax;Syntax;Syntax;Syntax;Syntax;Syntax;Syntax;Syntax;Syntax;Syntax;Syntax;Syntax;Syntax;Syntax;Syntax;Syntax;Syntax;Syntax;Syntax;Syntax;Syntax;Syntax;Syntax;Syntax;Syntax;Syntax;Syntax;Syntax;Syntax;Syntax;Syntax;Syntax;Syntax;Syntax;Syntax;Syntax;Syntax;Syntax;Syntax;Syntax;Syntax;Syntax;Syntax;Syntax;Syntax;Syntax;Syntax;Syntax;Syntax;Syntax;Syntax;Syntax;Syntax;Syntax;Syntax;Syntax;Syntax;Syntax;Syntax;Syntax;Syntax;Syntax;Syntax;Syntax;Syntax;Syntax;Syntax;Syntax;Syntax;Syntax;Syntax;Syntax;Syntax;Syntax;Syntax;Syntax;Syntax;Syntax;Syntax;Syntax;Syntax;Syntax;Syntax;Syntax;Syntax;Syntax;Syntax;Syntax;Syntax;Syntax;Syntax;Syntax;Syntax;Syntax;Syntax;Syntax;Syntax;Syntax;Syntax;Syntax;Syntax;Syntax;Syntax;Syntax;Syntax;Syntax;Syntax;Syntax;Syntax;Syntax;Syntax;Syntax;Syntax;Syntax;Syntax;Syntax;Syntax;Syntax;Syntax;Syntax;Syntax;Syntax;Syntax;Syntax;Syntax;Syntax;Syntax;Syntax;Syntax;Syntax;Syntax;Syntax;Syntax;Syntax;Syntax;Syntax;Syntax;Syntax;Syntax;Syntax;Syntax;Syntax;Syntax;Syntax;Syntax;Syntax;Syntax;Syntax;Syntax;Syntax;Syntax;Syntax;Syntax;Syntax;Syntax;Syntax;Syntax;Syntax;Syntax;Syntax;Syntax;Syntax;Syntax;Syntax;Syntax;Syntax;Syntax;Syntax;Syntax;Syntax;Syntax;Syntax;Syntax;Syntax;Syntax;Syntax;Syntax;Syntax;Syntax;Syntax;Syntax;Syntax;Syntax;Syntax;Syntax;Syntax;Syntax;Syntax;Syntax;Syntax;Syntax;Syntax;Syntax;Syntax;Syntax;Syntax;Syntax;Syntax;Syntax;Syntax;Syntax;Syntax;Syntax;Syntax;Syntax;Syntax;Syntax;Syntax;Syntax;Syntax;Syntax;Syntax;Syntax;Syntax;Syntax;Syntax;Syntax;Syntax;Syntax;Syntax;Syntax;Syntax;Syntax;Syntax;Syntax;Syntax;Syntax;Syntax;Syntax;Syntax;Syntax;Syntax;Syntax;Syntax;Syntax;Syntax;Syntax;Syntax;Syntax;Syntax;Syntax;Syntax;Syntax;Syntax;Syntax;Syntax;Syntax;Syntax;Syntax;Syntax;Syntax;Syntax;Syntax;Syntax;Syntax;Syntax;Syntax;Syntax;Syntax;Syntax;Syntax;Syntax;Syntax;Syntax;Syntax;Syntax;Syntax;Syntax;Syntax;Syntax;Syntax;Syntax;Syntax;Syntax;Syntax;Syntax;Syntax;Syntax;Syntax;Syntax;Syntax;Syntax;Syntax;Syntax;Syntax;Syntax;Syntax;Syntax;Syntax;Syntax;Syntax;Syntax;Syntax;Syntax;Syntax;Syntax;Syntax;Syntax;Syntax;Syntax;Syntax;Syntax;Syntax;Syntax;Syntax;Syntax;Syntax;Syntax;Syntax;Syntax;Syntax;Syntax;Syntax;Syntax;Syntax;Syntax;Syntax;Syntax;Syntax;Syntax;Syntax;Syntax;Syntax;Syntax;Syntax;Syntax;Syntax;Syntax;Syntax;Syntax;Syntax;Syntax;Syntax;Syntax;Syntax;Syntax;Syntax;Syntax;Syntax;Syntax;Syntax;Syntax;Syntax;Syntax;Syntax;Syntax;Syntax;Syntax;Syntax;Syntax;Syntax;Syntax;Syntax;Syntax;Syntax;Syntax;Syntax;Syntax;Syntax;Syntax;Syntax;Syntax;Syntax;Syntax;Syntax;Syntax;Syntax;Syntax;Syntax;Syntax;Syntax;Syntax;Syntax;Syntax;Syntax;Syntax;Syntax;Syntax;Syntax;Syntax;Syntax;Syntax;Syntax;Syntax;Syntax;Syntax;Syntax;Syntax;Syntax;Syntax;Syntax;Syntax;Syntax;Syntax;Syntax;Syntax;Syntax;Syntax;Syntax;Syntax;Syntax;Syntax;Syntax;Syntax;Syntax;Syntax;Syntax;Syntax;Syntax;Syntax;Syntax;Syntax;Syntax;Syntax;Syntax;Syntax;Syntax;Syntax;Syntax;Syntax;Syntax;Syntax;Syntax;Syntax;Syntax;Syntax;Syntax;Syntax;Syntax;Syntax;Syntax;Syntax;Syntax;Syntax;Syntax;Syntax;Syntax;Syntax;Syntax;Syntax;Syntax;Syntax;Syntax;Syntax;Syntax;Syntax;Syntax;Syntax;Syntax;Syntax;Syntax;Syntax;Syntax;Syntax;Syntax;Syntax;Syntax;Syntax;Syntax;Syntax;Syntax;Syntax;Syntax;Syntax;Syntax;Syntax;Syntax;Syntax;Syntax;Syntax;Syntax;Syntax;Syntax;Syntax;Syntax;Syntax;Syntax;Syntax;Syntax;Syntax;Syntax;Syntax;Syntax;Syntax;Syntax;Syntax;Syntax;Syntax;Syntax;Syntax;Syntax;Syntax;Syntax;Syntax;Syntax;Syntax;Syntax;Syntax;Syntax;Syntax;Syntax;Syntax;Syntax;Syntax;Syntax;Syntax;Syntax;Syntax;Syntax;Syntax;Syntax;Syntax;Syntax;Syntax;Syntax;Syntax;Syntax;Syntax;Syntax;Syntax;Syntax;Syntax;Syntax;Syntax;Syntax;Syntax;Syntax;Syntax;Syntax;Syntax;Syntax;Syntax;Syntax;Syntax;Syntax;Syntax;Syntax;Syntax;Syntax;Syntax;Syntax;Syntax;Syntax;Syntax;Syntax;Syntax;Syntax;Syntax;Syntax;Syntax;Syntax;Syntax;Syntax;Syntax;Syntax;Syntax;Syntax;Syntax;Syntax;Syntax;Syntax;Syntax;Syntax;Syntax;Syntax;Syntax;Syntax;Syntax;Syntax;Syntax;Syntax;Syntax;Syntax;Syntax;Syntax;Syntax;Syntax;Syntax;Syntax;Syntax;Syntax;Syntax;Syntax;Syntax;Syntax;Syntax;Syntax;Syntax;Syntax;Syntax;Syntax;Syntax;Syntax;Syntax;Syntax;Syntax;Syntax;Syntax;Syntax;Syntax;Syntax;Syntax;Syntax;Syntax;Syntax;Syntax;Syntax;Syntax;Syntax;Syntax;Syntax;Syntax;Syntax;Syntax;Syntax;Syntax;Syntax;Syntax;Syntax;Syntax;Syntax;Syntax;Syntax;Syntax;Syntax;Syntax;Syntax;Syntax;Syntax;Syntax;Syntax;Syntax;Syntax;Syntax;Syntax;Syntax;Syntax;Syntax;Syntax;Syntax;Syntax;Syntax;Syntax;Syntax;Syntax;Syntax;Syntax;Syntax;Syntax;Syntax;Syntax;Syntax;Syntax;Syntax;Syntax;Syntax;Syntax;Syntax;Syntax;Syntax;Syntax;Syntax;Syntax;Syntax;Syntax;Syntax;Syntax;Syntax;Syntax;Syntax;Syntax;Syntax;Syntax;Syntax;Syntax;Syntax;Syntax;Syntax;Syntax;Syntax;Syntax;Syntax;Syntax;Syntax;Syntax;Syntax;Syntax;Syntax;Syntax;Syntax;Syntax;Syntax;Syntax;Syntax;Syntax;Syntax;Syntax;Syntax;Syntax;Syntax;Syntax;Syntax;Syntax;Syntax;Syntax;Syntax;Syntax;Syntax;Syntax;Syntax;Syntax;Syntax;Syntax;Syntax;Syntax;Syntax;Syntax;Syntax;Syntax;Syntax;Syntax;Syntax;Syntax;Syntax;Syntax;Syntax;Syntax;Syntax;Syntax;Syntax;Syntax;Syntax;Syntax;Syntax;Syntax;Syntax;Syntax;Syntax;Syntax;Syntax;Syntax;Syntax;Syntax;Syntax;Syntax;Syntax;Syntax;Syntax;Syntax;Syntax;Syntax;Syntax;Syntax;Syntax;Syntax;Syntax;Syntax;Syntax;Syntax;Syntax;Syntax;Syntax;Syntax;Syntax;Syntax;Syntax;Syntax;Syntax;Syntax;Syntax;Syntax;Syntax;Syntax;Syntax;Syntax;Syntax;Syntax;Syntax;Syntax;Syntax;Syntax;Syntax;Syntax;Syntax;Syntax;Syntax;Syntax;Syntax;Syntax;Syntax;Syntax;Syntax;Syntax;Syntax;Syntax;Syntax;Syntax;Syntax;Syntax;Syntax;Syntax;Syntax;Syntax;Syntax;Syntax;Syntax;Syntax;Syntax;Syntax;Syntax;Syntax;Syntax;Syntax;Syntax;Syntax;Syntax;Syntax;Syntax;Syntax;Syntax;Syntax;Syntax;Syntax;Syntax;Syntax;Syntax;Syntax;Syntax;Syntax;Syntax;Syntax;Syntax;Syntax;Syntax;Syntax;Syntax;Syntax;Syntax;Syntax;Syntax;Syntax;Syntax;Syntax;Syntax;Syntax;Syntax;Syntax;Syntax;Syntax;Syntax;Syntax;Syntax;Syntax;Syntax;Syntax;Syntax;Syntax;Syntax;Syntax;Syntax;Syntax;Syntax;Syntax;Syntax;Syntax;Syntax;Syntax;Syntax;Syntax;Syntax;Syntax;Syntax;Syntax;Syntax;Syntax;Syntax;Syntax;Syntax;Syntax;Syntax;Syntax;Syntax;Syntax;Syntax;Syntax;Syntax;Syntax;Syntax;Syntax;Syntax;Syntax;Syntax;Syntax;Syntax;Syntax;Syntax;Syntax;Syntax;Syntax;Syntax;Syntax;Syntax;Syntax;Syntax;Syntax;Syntax;Syntax;Syntax;Syntax;Syntax;Syntax;Syntax;Syntax;Syntax;Syntax;Syntax;Syntax;Syntax;Syntax;Syntax;Syntax;Syntax;Syntax;Syntax;Syntax;Syntax;Syntax;Syntax;Syntax;Syntax;Syntax;Syntax;Syntax;Syntax;Syntax;Syntax;Syntax;Syntax;Syntax;Syntax;Syntax;Syntax;Syntax;Syntax;Syntax;Syntax;Syntax;Syntax;Syntax;Syntax;Syntax;Syntax;Syntax;Syntax;Syntax;Syntax;Syntax;Syntax;Syntax;Syntax;Syntax;Syntax;Syntax;Syntax;Syntax;Syntax;Syntax;Syntax;Syntax;Syntax;Syntax;Syntax;Syntax;Syntax;Syntax;Syntax;Syntax;Syntax;Syntax;Syntax;Syntax;Syntax;Syntax;Syntax;Syntax;Syntax;Syntax;Syntax;Syntax;Syntax;Syntax;Syntax;Syntax;Syntax;Syntax;Syntax;Syntax;Syntax;Syntax;Syntax;Syntax;Syntax;Syntax;Syntax;Syntax;Syntax;Syntax;Syntax;Syntax;Syntax;Syntax;Syntax;Syntax;Syntax;Syntax;Syntax;Syntax;Syntax;Syntax;Syntax;Syntax;Syntax;Syntax;Syntax;Syntax;Syntax;Syntax;Syntax;Syntax;Syntax;Syntax;Syntax;Syntax;Syntax;Syntax;Syntax;Syntax;Syntax;Syntax;Syntax;Syntax;Syntax;Syntax;Syntax;Syntax;Syntax;Syntax;Syntax;Syntax;Syntax;Syntax;Syntax;Syntax;Syntax;Syntax;Syntax;Syntax;Syntax;Syntax;Syntax;Syntax;Syntax;Syntax;Syntax;Syntax;Syntax;Syntax;Syntax;Syntax;Syntax;Syntax;Syntax;Syntax;Syntax;Syntax;Syntax;Syntax;Syntax;Syntax;Syntax;Syntax;Syntax;Syntax;Syntax;Syntax;Syntax;Syntax;Syntax;Syntax;Syntax;Syntax;Syntax;Syntax;Syntax;Syntax;Syntax;Syntax;Syntax;Syntax;Syntax;Syntax;Syntax;Syntax;Syntax;Syntax;Syntax;Syntax;Syntax;Syntax;Syntax;Syntax;Syntax;Syntax;Syntax;Syntax;Syntax;Syntax;Syntax;Syntax;Syntax;Syntax;Syntax;Syntax;Syntax;Syntax;Syntax;Syntax;Syntax;Syntax;Syntax;Syntax;Syntax;Syntax;Syntax;Syntax;Syntax;Syntax;Syntax;Syntax;Syntax;Syntax;Syntax;Syntax;Syntax;Syntax;Syntax;Syntax;Syntax;Syntax;Syntax;Syntax;Syntax;Syntax;Syntax;Syntax;Syntax;Syntax;Syntax;Syntax;Syntax;Syntax;Syntax;Syntax;Syntax;Syntax;Syntax;Syntax;Syntax;Syntax;Syntax;Syntax;Syntax;Syntax;Syntax;Syntax;Syntax;Syntax;Syntax;Syntax;Syntax;Syntax;Syntax;Syntax;Syntax;Syntax;Syntax;Syntax;Syntax;Syntax;Syntax;Syntax;Syntax;Syntax;Syntax;Syntax;Syntax;Syntax;Syntax;Syntax;Syntax;Syntax;Syntax;Syntax;Syntax;Syntax;Syntax;Syntax;Syntax;Syntax;Syntax;Syntax;Syntax;Syntax;Syntax;Syntax;Syntax;Syntax;Syntax;Syntax;Syntax;Syntax;Syntax;Syntax;Syntax;Syntax;Syntax;Syntax;Syntax;Syntax;Syntax;Syntax;Syntax;Syntax;Syntax;Syntax;Syntax;Syntax;Syntax;Syntax;Syntax;Syntax;Syntax;Syntax;Syntax;Syntax;Syntax;Syntax;Syntax;Syntax;Syntax;Syntax;Syntax;Syntax;Syntax;Syntax;Syntax;Syntax;Syntax;Syntax;Syntax;Syntax;Syntax;Syntax;Syntax;Syntax;Syntax;Syntax;Syntax;Syntax;Syntax;Syntax;Syntax;Syntax;Syntax;Syntax;Syntax;Syntax;Syntax;Syntax;Syntax;Syntax;Syntax;Syntax;Syntax;Syntax;Syntax;Syntax;Syntax;Syntax;Syntax;Syntax;Syntax;Syntax;Syntax;Syntax;Syntax;Syntax;Syntax;Syntax;Syntax;Syntax;Syntax;Syntax;Syntax;Syntax;Syntax;Syntax;Syntax;Syntax;Syntax;Syntax;Syntax;Syntax;Syntax;Syntax;Syntax;Syntax;Syntax;Syntax;Syntax;Syntax;Syntax;Syntax;Syntax;Syntax;Syntax;Syntax;Syntax;Syntax;Syntax;Syntax;Syntax;Syntax;Syntax;Syntax;Syntax;Syntax;Syntax;Syntax;Syntax;Syntax;Syntax;Syntax;Syntax;Syntax;Syntax;Syntax;Syntax;Syntax;Syntax;Syntax;Syntax;Syntax;Syntax;Syntax;Syntax;Syntax;Syntax;Syntax;Syntax;Syntax;Syntax;Syntax;Syntax;Syntax;Syntax;Syntax;Syntax;Syntax;Syntax;Syntax;Syntax;Syntax;Syntax;Syntax;Syntax;Syntax;Syntax;Syntax;Syntax;Syntax;Syntax;Syntax;Syntax;Syntax;Syntax;Syntax;Syntax;Syntax;Syntax;Syntax;Syntax;Syntax;Syntax;Syntax;Syntax;Syntax;Syntax;Syntax;Syntax;Syntax;Syntax;Syntax;Syntax;Syntax;Syntax;Syntax;Syntax;Syntax;Syntax;Syntax;Syntax;Syntax;Syntax;Syntax;Syntax;Syntax;Syntax;Syntax;Syntax;Syntax;Syntax;Syntax;Syntax;Syntax;Syntax;Syntax;Syntax;Syntax;Syntax;Syntax;Syntax;Syntax;Syntax;Syntax;Syntax;Syntax;Syntax;Syntax;Syntax;Syntax;Syntax;Syntax;Syntax;Syntax;Syntax;Syntax;Syntax;Syntax;Syntax;Syntax;Syntax;Syntax;Syntax;Syntax;Syntax;Syntax;Syntax;Syntax;Syntax;Syntax;Syntax;Syntax;Syntax;Syntax;Syntax;Syntax;Syntax;Syntax;Syntax;Syntax;Syntax;Syntax;Syntax;Syntax;Syntax;Syntax;Syntax;Syntax;Syntax;Syntax;Syntax;Syntax;Syntax;Syntax;Syntax;Syntax;Syntax;Syntax;Syntax;Syntax;Syntax;Syntax;Syntax;Syntax;Syntax;Syntax;Syntax;Syntax;Syntax;Syntax;Syntax;Syntax;Syntax;Syntax;Syntax;Syntax;Syntax;Syntax;Syntax;Syntax;Syntax;Syntax;Syntax;Syntax;Syntax;Syntax;Syntax;Syntax;Syntax;Syntax;Syntax;Syntax;Syntax;Syntax;Syntax;Syntax;Syntax;Syntax;Syntax;Syntax;Syntax;Syntax;Syntax;Syntax;Syntax;Syntax;Syntax;Syntax;Syntax;Syntax;Syntax;Syntax;Syntax;Syntax;Syntax;Syntax;Syntax;Syntax;Syntax;Syntax;Syntax;Syntax;Syntax;Syntax;Syntax;Syntax;Syntax;Syntax;Syntax;Syntax;Syntax;Syntax;Syntax;Syntax;Syntax;Syntax;Syntax;Syntax;Syntax;Syntax;Syntax;Syntax;Syntax;Syntax;Syntax;Syntax;Syntax;Syntax;Syntax;Syntax;Syntax;Syntax;Syntax;Syntax;Syntax;Syntax;Syntax;Syntax;Syntax;Syntax;Syntax;Syntax;Syntax;Syntax;Syntax;Syntax;Syntax;Syntax;Syntax;Syntax;Syntax;Syntax;Syntax;Syntax;Syntax;Syntax;Syntax;Syntax;Syntax;Syntax;Syntax;Syntax;Syntax;Syntax;Syntax;Syntax;Syntax;Syntax;Syntax;Syntax;Syntax;Syntax;Syntax;Syntax;Syntax;Syntax;Syntax;Syntax;Syntax;Syntax;Syntax;Syntax;Syntax;Syntax;Syntax;Syntax;Syntax;Syntax;Syntax;Syntax;Syntax;Syntax;Syntax;Syntax;Syntax;Syntax;Syntax;Syntax;Syntax;Syntax;Syntax;Syntax;Syntax;Syntax;Syntax;Syntax;Syntax;Syntax;Syntax;Syntax;Syntax;Syntax;Syntax;Syntax;Syntax;Syntax;Syntax;Syntax;Syntax;Syntax;Syntax;Syntax;Syntax;Syntax;Syntax;Syntax;Syntax;Syntax;Syntax;Syntax;Syntax;Syntax;Syntax;Syntax;Syntax;Syntax;Syntax;Syntax;Syntax;Syntax;Syntax;Syntax;Syntax;Syntax;Syntax;Syntax;Syntax;Syntax;Syntax;Syntax;Syntax;Syntax;Syntax;Syntax;Syntax;Syntax;Syntax;Syntax;Syntax;Syntax;Syntax;Syntax;Syntax;Syntax;Syntax;Syntax;Syntax;Syntax;Syntax;Syntax;Syntax;Syntax;Syntax;Syntax;Syntax;Syntax;Syntax;Syntax;Syntax;Syntax;Syntax;Syntax;Syntax;Syntax;Syntax;Syntax;Syntax;Syntax;Syntax;Syntax;Syntax;Syntax;Syntax;Syntax;Syntax;Syntax;Syntax;Syntax;Syntax;Syntax;Syntax;Syntax;Syntax;Syntax;Syntax;Syntax;Syntax;Syntax;Syntax;Syntax;Syntax;Syntax;Syntax;Syntax;Syntax;Syntax;Syntax;Syntax;Syntax;Syntax;Syntax;Syntax;Syntax;Syntax;Syntax;Syntax;Syntax;Syntax;Syntax;Syntax;Syntax;Syntax;Syntax;Syntax;Syntax;Syntax;Syntax;Syntax;Syntax;Syntax;Syntax;Syntax;Syntax;Syntax;Syntax;Syntax;Syntax;Syntax;Syntax;Syntax;Syntax;Syntax;Syntax;Syntax;Syntax;Syntax;Syntax;Syntax;Syntax;Syntax;Syntax;Syntax;Syntax;Syntax;Syntax;Syntax;Syntax;Syntax;Syntax;Syntax;Syntax;Syntax;Syntax;Syntax;Syntax;Syntax;Syntax;Syntax;Syntax;Syntax;Syntax;Syntax;Syntax;Syntax;Syntax;Syntax;Syntax;Syntax;Syntax;Syntax;Syntax;Syntax;Syntax;Syntax;Syntax;Syntax;Syntax;Syntax;Syntax;Syntax;Syntax;Syntax;Syntax;Syntax;Syntax;Syntax;Syntax;Syntax;Syntax;Syntax;Syntax;Syntax;Syntax;Syntax;Syntax;Syntax;Syntax;Syntax;Syntax;Syntax;Syntax;Syntax;Syntax;Syntax;Syntax;Syntax;Syntax;Syntax;Syntax;Syntax;Syntax;Syntax;Syntax;Syntax;Syntax;Syntax;Syntax;Syntax;Syntax;Syntax;Syntax;Syntax;Syntax;Syntax;Syntax;Syntax;Syntax;Syntax;Syntax;Syntax;Syntax;Syntax;Syntax;Syntax;Syntax;Syntax;Syntax;Syntax;Syntax;Syntax;Syntax;Syntax;Syntax;Syntax;Syntax;Syntax;Syntax;Syntax;Syntax;Syntax;Syntax;Syntax;Syntax;Syntax;Syntax;Syntax;Syntax;Syntax;Syntax;Syntax;Syntax;Syntax;Syntax;Syntax;Syntax;Syntax;Syntax;Syntax;Syntax;Syntax;Syntax;Syntax;Syntax;Syntax;Syntax;Syntax;Syntax;Syntax;Syntax;Syntax;Syntax;Syntax;Syntax;Syntax;Syntax;Syntax;Syntax;Syntax;Syntax;Syntax;Syntax;Syntax;Syntax;Syntax;Syntax;Syntax;Syntax;Syntax;Syntax;Syntax;Syntax;Syntax;Syntax;Syntax;Syntax;Syntax;Syntax;Syntax;Syntax;Syntax;Syntax;Syntax;Syntax;Syntax;Syntax;Syntax;Syntax;Syntax;Syntax;Syntax;Syntax;Syntax;Syntax;Syntax;Syntax;Syntax;Syntax;Syntax;Syntax;Syntax;Syntax;Syntax;Syntax;Syntax;Syntax;Syntax;Syntax;Syntax;Syntax;Syntax;Syntax;Syntax;Syntax;Syntax;Syntax;Syntax;Syntax;Syntax;Syntax;Syntax;Syntax;Syntax;Syntax;Syntax;Syntax;Syntax;Syntax;Syntax;Syntax;Syntax;Syntax;Syntax;Syntax;Syntax;Syntax;Syntax;Syntax;Syntax;Syntax;Syntax;Syntax;Syntax;Syntax;Syntax;Syntax;Syntax;Syntax;Syntax;Syntax;Syntax;Syntax;Syntax;Syntax;Syntax;Syntax;Syntax;Syntax;Syntax;Syntax;Syntax;Syntax;Syntax;Syntax;Syntax;Syntax;Syntax;Syntax;Syntax;Syntax;Syntax;Syntax;Syntax;Syntax;Syntax;Syntax;Syntax;Syntax;Syntax;Syntax;Syntax;Syntax;Syntax;Syntax;Syntax;Syntax;Syntax;Syntax;Syntax;Syntax;Syntax;Syntax;Syntax;Syntax;Syntax;Syntax;Syntax;Syntax;Syntax;Syntax;Syntax;Syntax;Syntax;Syntax;Syntax;Syntax;Syntax;Syntax;Syntax;Syntax;Syntax;Syntax;Syntax;Syntax;Syntax;Syntax;Syntax;Syntax;Syntax;Syntax;Syntax;Syntax;Syntax;Syntax;Syntax;Syntax;Syntax;Syntax;Syntax;Syntax;Syntax;Syntax;Syntax;Syntax;Syntax;Syntax;Syntax;Syntax;Syntax;Syntax;Syntax;Syntax;Syntax;Syntax;Syntax;Syntax;Syntax;Syntax;Syntax;Syntax;Syntax;Syntax;Syntax;Syntax;Syntax;Syntax;Syntax;Syntax;Syntax;Syntax;Syntax;Syntax;Syntax;Syntax;Syntax;Syntax;Syntax;Syntax;Syntax;Syntax;Syntax;Syntax;Syntax;Syntax;Syntax;Syntax;Syntax;Syntax;Syntax;Syntax;Syntax;Syntax;Syntax;Syntax;Syntax;Syntax;Syntax;Syntax;Syntax;Syntax;Syntax;Syntax;Syntax;Syntax;Syntax;Syntax;Syntax;Syntax;Syntax;Syntax;Syntax;Syntax;Syntax;Syntax;Syntax;Syntax;Syntax;Syntax;Syntax;Syntax;Syntax;Syntax;Syntax;Syntax;Syntax;Syntax;Syntax;Syntax;Syntax;Syntax;Syntax;Syntax;Syntax;Syntax;Syntax;Syntax;Syntax;Syntax;Syntax;Syntax;Syntax;Syntax;Syntax;Syntax;Syntax;Syntax;Syntax;Syntax;Syntax;Syntax;Syntax;Syntax;Syntax;Syntax;Syntax;Syntax;Syntax;Syntax;Syntax;Syntax;Syntax;Syntax;Syntax;Syntax;Syntax;Syntax;Syntax;Syntax;Syntax;Syntax;Syntax;Syntax;Syntax;Syntax;Syntax;Syntax;Syntax;Syntax;Syntax;Syntax;Syntax;Syntax;Syntax;Syntax;Syntax;Syntax;Syntax;Syntax;Syntax;Syntax;Syntax;Syntax;Syntax;Syntax;Syntax;Syntax;Syntax;Syntax;Syntax;Syntax;Syntax;Syntax;Syntax;Syntax;Syntax;Syntax;Syntax;Syntax;Syntax;Syntax;Syntax;Syntax;Syntax;Syntax;Syntax;Syntax;Syntax;Syntax;Syntax;Syntax;Syntax;Syntax;Syntax;Syntax;Syntax;Syntax;Syntax;Syntax;Syntax;Syntax;Syntax;Syntax;Syntax;Syntax;Syntax;Syntax;Syntax;Syntax;Syntax;Syntax;Syntax;Syntax;Syntax;Syntax;Syntax;Syntax;Syntax;Syntax;Syntax;Syntax;Syntax;Syntax;Syntax;Syntax;Syntax;Syntax;Syntax;Syntax;Syntax;Syntax;Syntax;Syntax;Syntax;Syntax;Syntax;Syntax;Syntax;Syntax;Syntax;Syntax;Syntax;Syntax;Syntax;Syntax;Syntax;Syntax;Syntax;Syntax;Syntax;Syntax;Syntax;Syntax;Syntax;Syntax;Syntax;Syntax;Syntax;Syntax;Syntax;Syntax;Syntax;Syntax;Syntax;Syntax;Syntax;Syntax;Syntax;Syntax;Syntax;Syntax;Syntax;Syntax;Syntax;Syntax;Syntax;Syntax;Syntax;Syntax;Syntax;Syntax;Syntax;Syntax;Syntax;Syntax;Syntax;Syntax;Syntax;Syntax;Syntax;Syntax;Syntax;Syntax;Syntax;Syntax;Syntax;Syntax;Syntax;Syntax;Syntax;Syntax;Syntax;Syntax;Syntax;Syntax;Syntax;Syntax;Syntax;Syntax;Syntax;Syntax;Syntax;Syntax;Syntax;Syntax;Syntax;Syntax;Syntax;Syntax;Syntax;Syntax;Syntax;Syntax;Syntax;Syntax;Syntax;Syntax;Syntax;Syntax;Syntax;Syntax;Syntax;Syntax;Syntax;Syntax;Syntax;Syntax;Syntax;Syntax;Syntax;Syntax;Syntax;Syntax;Syntax;Syntax;Syntax;Syntax;Syntax;Syntax;Syntax;Syntax;Syntax;Syntax;Syntax;Syntax;Syntax;Syntax;Syntax;Syntax;Syntax;Syntax;Syntax;Syntax;Syntax;Syntax;Syntax;Syntax;Syntax;Syntax;Syntax;Syntax;Syntax;Syntax;Syntax;Syntax;Syntax;Syntax;Syntax;Syntax;Syntax;Syntax;Syntax;Syntax;Syntax;Syntax;Syntax;Syntax;Syntax;Syntax;Syntax;Syntax;Syntax;Syntax;Syntax;Syntax;Syntax;Syntax;Syntax;Syntax;Syntax;Syntax;Syntax;Syntax;Syntax;Syntax;Syntax;Syntax;Syntax;Syntax;Syntax;Syntax;Syntax;Syntax;Syntax;Syntax;Syntax;Syntax;Syntax;Syntax;Syntax;Syntax;Syntax;Syntax;Syntax;Syntax;Syntax;Syntax;Syntax;Syntax;Syntax;Syntax;Syntax;Syntax;Syntax;Syntax;Syntax;Syntax;Syntax;Syntax;Syntax;Syntax;Syntax;Syntax;Syntax;Syntax;Syntax;Syntax;Syntax;Syntax;Syntax;Syntax;Syntax;Syntax;Syntax;Syntax;Syntax;Syntax;Syntax;Syntax;Syntax;Syntax;Syntax;Syntax;Syntax;Syntax;Syntax;Syntax;Syntax;Syntax;Syntax;Syntax;Syntax;Syntax;Syntax;Syntax;Syntax;Syntax;Syntax;Syntax;Syntax;Syntax;Syntax;Syntax;Syntax;Syntax;Syntax;Syntax;Syntax;Syntax;Syntax;Syntax;Syntax;Syntax;Syntax;Syntax;Syntax;Syntax;Syntax;Syntax;Syntax;Syntax;Syntax;Syntax;Syntax;Syntax;Syntax;Syntax;Syntax;Syntax;Syntax;Syntax;Syntax;Syntax;Syntax;Syntax;Syntax;Syntax;Syntax;Syntax;Syntax;Syntax;Syntax;Syntax;Syntax;Syntax;Syntax;Syntax;Syntax;Syntax;Syntax;Syntax;Syntax;Syntax;Syntax;Syntax;Syntax;Syntax;Syntax;Syntax;Syntax;Syntax;Syntax;Syntax;Syntax;Syntax;Syntax;Syntax;Syntax;Syntax;Syntax;Syntax;Syntax;Syntax;Syntax;Syntax;Syntax;Syntax;Syntax;Syntax;Syntax;Syntax;Syntax;Syntax;Syntax;Syntax;Syntax;Syntax;Syntax;Syntax;Syntax;Syntax;Syntax;Syntax;Syntax;Syntax;Syntax;Syntax;Syntax;Syntax;Syntax;Syntax;Syntax;Syntax;Syntax;Syntax;Syntax;Syntax;Syntax;Syntax;Syntax;Syntax;Syntax;Syntax;Syntax;Syntax;Syntax;Syntax;Syntax;Syntax;Syntax;Syntax;Syntax;Syntax;Syntax;Syntax;Syntax;Syntax;Syntax;Syntax;Syntax;Syntax;Syntax;Syntax;Syntax;Syntax;Syntax;Syntax;Syntax;Syntax;Syntax;Syntax;Syntax;Syntax;Syntax;Syntax;Syntax;Syntax;Syntax;Syntax;Syntax;Syntax;Syntax;Syntax;Syntax;Syntax;Syntax;Syntax;Syntax;Syntax;Syntax;Syntax;Syntax;Syntax;Syntax;Syntax;Syntax;Syntax;Syntax;Syntax;Syntax;Syntax;Syntax;Syntax;Syntax;Syntax;Syntax;Syntax;Syntax;Syntax;Syntax;Syntax;Syntax;Syntax;Syntax;Syntax;Syntax;Syntax;Syntax;Syntax;Syntax;Syntax;Syntax;Syntax;Syntax;Syntax;Syntax;Syntax;Syntax;Syntax;Syntax;Syntax;Syntax;Syntax;Syntax;Syntax;Syntax;Syntax;Syntax;Syntax;Syntax;Syntax;Syntax;Syntax;Syntax;Syntax;Syntax;Syntax;Syntax;Syntax;Syntax;Syntax;Syntax;Syntax;Syntax;Syntax;Syntax;Syntax;Syntax;Syntax;Syntax;Syntax;Syntax;Syntax;Syntax;Syntax;Syntax;Syntax;Syntax;Syntax;Syntax;Syntax;Syntax;Syntax;Syntax;Syntax;Syntax;Syntax;Syntax;Syntax;Syntax;Syntax;Syntax;Syntax;Syntax;Syntax;Syntax;Syntax;Syntax;Syntax;Syntax;Syntax;Syntax;Syntax;Syntax;Syntax;Syntax;Syntax;Syntax;Syntax;Syntax;Syntax;Syntax;Syntax;Syntax;Syntax;Syntax;Syntax;Syntax;Syntax;Syntax;Syntax;Syntax;Syntax;Syntax;Syntax;Syntax;Syntax;Syntax;Syntax;Syntax;Syntax;Syntax;Syntax;Syntax;Syntax;Syntax;Syntax;Syntax;Syntax;Syntax;Syntax;Syntax;Syntax;Syntax;Syntax;Syntax,6,0,10.231,10.195,10.231,,True,1,1999年数学建模国赛真题+优秀论文/1999年国赛优秀论文/1999B：钻井布局模型.pdf,primary,41F221B3A0D6330F66AC2FA56787CFE553D6B9ED7191A5F64DAF2F4FE3D868F2,41F221B3A0D6330F66AC2FA56787CFE553D6B9ED7191A5F64DAF2F4FE3D868F2,active,0,3542,1,unknown,M A TH EM A T ICSINPRA CT ICE ANDTH EO R Y,14.146,14.146,14.146,2026-08-18T00:06:15+08:00,167.56944444444446,475.0,1999
,,unknown,unknown,,,,2026-08-18T00:06:15+08:00,,0,0,,,0,,FORMAL,INELIGIBLE,,PROBLEM_PACKAGE,,,,,catalog/papers.csv; catalog/paper_files.csv; catalog/scale/g8_paper_status.csv,unknown,,,,0,,,,,,No analyzable PAPER PDF selected; identity retained in full corpus inventory.,UNKNOWN,,,,,,,,CUMCM-2007-B-008,,NOT_ANALYZED,B,B,,,,,,,,True,1,2007年数学建模国赛真题+优秀论文/2007年赛题/2007年国赛B题.doc,primary,EBED8F3D0EE5D388C1625E4C8665204F9AFBED55D0AAF06D5F80A4E17E86EC3B,EBED8F3D0EE5D388C1625E4C8665204F9AFBED55D0AAF06D5F80A4E17E86EC3B,active,,,0,unknown,,,,,2026-08-18T00:06:15+08:00,,,2007
0,0,unknown,unknown,,,,2026-08-18T00:06:15+08:00,KaiTi,1,0,0,0,1,0,FORMAL,Q3_MANUAL_REQUIRED,Q3,PAPER,0,0,278.34166666666664,789.0,catalog/papers.csv; catalog/paper_files.csv; catalog/scale/g8_paper_status.csv,unknown,False,0,0,1,,,,0,False,font_or_text_layer_not_reliable,PORTRAIT,4,,UNKNOWN,0,"1,2,3,4",,,CUMCM-1997-A-007,0.8,image_based,A,A,------------------------------------;KaiTi,0,0,,,,,True,1,1997年数学建模国赛真题+优秀论文/1997年国赛优秀论文/1997A：零件的参数设计模型和评述.pdf,primary,E30950E3DBE8D11E91F0F2E7202206B9289D899EDB764D55AF5892FEE5A606F3,E30950E3DBE8D11E91F0F2E7202206B9289D899EDB764D55AF5892FEE5A606F3,active,0,16,1,unknown,,,,,2026-08-18T00:06:15+08:00,206.0222222222222,584.0,1997
,,unknown,unknown,,,,2026-08-18T00:06:15+08:00,,0,0,,,0,,FORMAL,INELIGIBLE,,PROBLEM_PACKAGE,,,,,catalog/papers.csv; catalog/paper_files.csv; catalog/scale/g8_paper_status.csv,unknown,,,,0,,,,,,No analyzable PAPER PDF selected; identity retained in full corpus inventory.,UNKNOWN,,,,,,,,CUMCM-2003-A-007,,NOT_ANALYZED,A,A,,,,,,,,True,1,2003年数学建模国赛真题+优秀论文/2003年赛题/2003年国赛A题 .doc,primary,0B7AD4F1C083EFCF5784DE6B12C192D49A6D6EF20082E776258D2BD5702B027D,0B7AD4F1C083EFCF5784DE6B12C192D49A6D6EF20082E776258D2BD5702B027D,active,,,0,unknown,,,,,2026-08-18T00:06:15+08:00,,,2003
,,unknown,unknown,,,,2026-08-18T00:06:15+08:00,,0,0,,,0,,FORMAL,INELIGIBLE,,SUPPORTING_MATERIAL,,,,,catalog/papers.csv; catalog/paper_files.csv; catalog/scale/g8_paper_status.csv,unknown,,,,0,,,,,,No analyzable PAPER PDF selected; identity retained in full corpus inventory.,UNKNOWN,,,,,,,,CUMCM-2014-A-006,,NOT_ANALYZED,A,A,,,,,,,,True,1,2014年数学建模国赛真题+优秀论文/2014优秀论文/2014A：嫦娥三号软着陆轨道设计与控制策略 (3)/关于椭圆参数的计算.doc,primary,A4C7CFEE735094C488EFB5007EF2084771748487B29765E20C39E78296A915F6,A4C7CFEE735094C488EFB5007EF2084771748487B29765E20C39E78296A915F6,active,,,0,unknown,,,,,2026-08-18T00:06:15+08:00,,,2014
,,unknown,unknown,,,,2026-08-18T00:06:15+08:00,,0,0,,,0,,FORMAL,,,NOT_IN_G8_STATUS,,,,,catalog/papers.csv; catalog/paper_files.csv; catalog/scale/g8_paper_status.csv,unknown,,,,0,,,,,,No analyzable PAPER PDF selected; identity retained in full corpus inventory.,UNKNOWN,,,,,,,,CUMCM-2015-B-004,,NOT_ANALYZED,B,B,,,,,,,,True,1,2015年数学建模国赛真题+优秀论文/2015年优秀论文/2015B：互联网+_时代的出租车资源配置 (4).pdf,primary,E3801A701CD22DBF9DC9B9D308B28C85928FE04A49E139C8247C3ADB0B536D2F,E3801A701CD22DBF9DC9B9D308B28C85928FE04A49E139C8247C3ADB0B536D2F,active,,,0,unknown,,,,,2026-08-18T00:06:15+08:00,,,2015
,,unknown,unknown,,,,2026-08-18T00:06:15+08:00,,0,0,,,0,,FORMAL,COMPLETE,UNKNOWN,PAPER,,,,,catalog/papers.csv; catalog/paper_files.csv; catalog/scale/g8_paper_status.csv,unknown,,,,0,,,,,,No analyzable PAPER PDF selected; identity retained in full corpus inventory.,UNKNOWN,,,,,,,,CUMCM-2011-C-003,,NOT_ANALYZED,C,C,,,,,,,,True,1,2011年数学建模国赛真题+优秀论文/2011年优秀论文/2011C：企业退休职工养老金制度的改革 (2).doc,primary,CB99F5DD56122680A0797E642C8ED3463B12B388DBDA96E2F42A9345EE623696,CB99F5DD56122680A0797E642C8ED3463B12B388DBDA96E2F42A9345EE623696,active,,,0,unknown,,,,,2026-08-18T00:06:15+08:00,,,2011
,,unknown,unknown,,,,2026-08-18T00:06:15+08:00,,0,0,,,0,,FORMAL,,,NOT_IN_G8_STATUS,,,,,catalog/papers.csv; catalog/paper_files.csv; catalog/scale/g8_paper_status.csv,unknown,,,,0,,,,,,No analyzable PAPER PDF selected; identity retained in full corpus inventory.,UNKNOWN,,,,,,,,CUMCM-2015-A-006,,NOT_ANALYZED,A,A,,,,,,,,True,1,2015年数学建模国赛真题+优秀论文/2015年优秀论文/2015A：太阳影子定位 (7).pdf,primary,2B6C0133ABE0BE08C3B41EA7DAE49B171A3D64664739C1F13B576575EEACFB99,2B6C0133ABE0BE08C3B41EA7DAE49B171A3D64664739C1F13B576575EEACFB99,active,,,0,unknown,,,,,2026-08-18T00:06:15+08:00,,,2015
0,0,unknown,unknown,,,,2026-08-18T00:06:15+08:00,KaiTi,1,0,0,0,1,0,FORMAL,Q3_MANUAL_REQUIRED,Q3,PAPER,0,0,285.115,808.2,catalog/papers.csv; catalog/paper_files.csv; catalog/scale/g8_paper_status.csv,unknown,False,0,0,1,,,,0,False,font_or_text_layer_not_reliable,PORTRAIT,50,,UNKNOWN,0,"1,2,3,4,5,6,7,8,9,10,11,12,13,14,15,16,17,18,19,20,21,22,23,24,25,26,27,28,29,30,31,32,33,34,35,36,37,38,39,40,41,42,43,44,45,46,47,48,49,50",,,CUMCM-2020-B-005,0.8,image_based,B,B,------------------------------------;KaiTi,0,0,,,,,True,1,2020年数学建模国赛真题+优秀论文/2020年优秀论文/2020B：穿越沙漠游戏最佳策略模型的研究与构建.pdf,primary,40E583E4703CA3203D3D7DF7EC81BF0F38255507BB59F5D05BFB1B17D2313D2C,40E583E4703CA3203D3D7DF7EC81BF0F38255507BB59F5D05BFB1B17D2313D2C,active,0,150,1,unknown,,,,,2026-08-18T00:06:15+08:00,201.549,571.32,2020
,,unknown,unknown,,,,2026-08-18T00:06:15+08:00,,0,0,,,0,,FORMAL,INELIGIBLE,,PROBLEM_PACKAGE,,,,,catalog/papers.csv; catalog/paper_files.csv; catalog/scale/g8_paper_status.csv,unknown,,,,0,,,,,,No analyzable PAPER PDF selected; identity retained in full corpus inventory.,UNKNOWN,,,,,,,,CUMCM-2021-A-001,,NOT_ANALYZED,A,A,,,,,,,,True,1,2021年数学建模国赛真题+优秀论文/2021年国赛赛题/2021年国赛A题.pdf,primary,0D4F7FB67D7341E13BED7C12C9336B2448CC00B2DAA83D466AD6CB069F86DC04,0D4F7FB67D7341E13BED7C12C9336B2448CC00B2DAA83D466AD6CB069F86DC04,active,,,0,unknown,,,,,2026-08-18T00:06:15+08:00,,,2021
0,0,unknown,unknown,70.73,70.73,70.73,2026-08-18T00:06:15+08:00,KaiTi;SimSun/Song,1,0,0,0,1,0,FORMAL,Q3_MANUAL_REQUIRED,Q3,PAPER,0,1,297.0388888888889,842.0,catalog/papers.csv; catalog/paper_files.csv; catalog/scale/g8_paper_status.csv,unknown,True,0,0,1,38.059,38.059,38.059,7,False,font_or_text_layer_not_reliable,PORTRAIT,8,,UNKNOWN,0,"1,2,3,4,5,6,7,8",,,CUMCM-2007-A-008,0.8,image_based,A,A,------------------------------------;AWYAZJ+SimSun;SimSun;SimSun;KaiTi,0,0,-3.308,-3.308,-3.308,,True,1,2007年数学建模国赛真题+优秀论文/2007年优秀论文/2007A：《基于Leslie模型的中国人口预测及模特卡罗仿真》.pdf,primary,9DDC88931DAF27937044205847D0E72BFF7046B442FF7373187BFFE7032C2CCC,9DDC88931DAF27937044205847D0E72BFF7046B442FF7373187BFFE7032C2CCC,active,0,72,1,unknown,http://www.madio.net | 数学中国www.madio.net,80.998,80.998,80.998,2026-08-18T00:06:15+08:00,209.90277777777777,595.0,2007
1,1,unknown,unknown,17.103,17.103,17.103,2026-08-18T00:06:15+08:00,Arial;KaiTi;Monospace;SimHei;SimSun/Song;Symbol;Times New Roman,1,1,211,2,1,1,FORMAL,COMPLETE,Q2,PAPER,0,0,279.4,792.0,catalog/papers.csv; catalog/paper_files.csv; catalog/scale/g8_paper_status.csv,unknown,False,0,1,1,39.285,39.285,39.285,23,False,,PORTRAIT,24,,BOTTOM,1,,,,CUMCM-2008-B-012,1.0,text_based,B,B,------------------------------------;TimesNewRoman;ADPPER+SimHei;SimHei;ADPPES+SimSun;ADPPET+SimSun;SimSun;ADPPEU+SimSun;SimSun;KaiTi;ADPPEV+SimSun;ADPPEW+SimSun;ADPPEP+TimesNewRoman;Symbol;ADPPEX+SimSun;Arial;CourierNew;ADPPFA+NSimSun;ADPPEY+SimSun;ADPPEZ+SimSun,17,1,-66.431,-66.431,-66.431,,True,1,2008年数学建模国赛真题+优秀论文/2008年优秀论文/2008B：《高等教育学费的优化模型》.pdf,primary,DD681E5CAA215549354144F8CA038A8A68B0233A8E8EFA895C715C6B7E0A14AC,DD681E5CAA215549354144F8CA038A8A68B0233A8E8EFA895C715C6B7E0A14AC,active,1,1864,1,unknown,高等教育学费的优化模型 | 我国普通高等学校学费问题已经成为社会关注的热点问题。本文就高等学校的学,26.247,25.153,26.839,2026-08-18T00:06:15+08:00,215.89999999999998,612.0,2008
,,unknown,unknown,,,,2026-08-18T00:06:15+08:00,,0,0,,,0,,FORMAL,INELIGIBLE,,PROBLEM_PACKAGE,,,,,catalog/papers.csv; catalog/paper_files.csv; catalog/scale/g8_paper_status.csv,unknown,,,,0,,,,,,No analyzable PAPER PDF selected; identity retained in full corpus inventory.,UNKNOWN,,,,,,,,CUMCM-2019-B-003,,NOT_ANALYZED,B,B,,,,,,,,True,1,2019年数学建模国赛真题+优秀论文/2019年赛题/2019年国赛B题.pdf,primary,4E35955FCC0EFADE1347A4A5A6277BC1538883202CDC6C81CB5CCA8B90695F58,4E35955FCC0EFADE1347A4A5A6277BC1538883202CDC6C81CB5CCA8B90695F58,active,,,0,unknown,,,,,2026-08-18T00:06:15+08:00,,,2019
0,0,unknown,unknown,,,,2026-08-18T00:06:15+08:00,KaiTi;Times New Roman,1,1,0,0,1,0,FORMAL,COMPLETE,Q2,PAPER,0,1,296.6861111111111,841.0,catalog/papers.csv; catalog/paper_files.csv; catalog/scale/g8_paper_status.csv,unknown,True,0,0,1,,,,0,False,,PORTRAIT,8,,UNKNOWN,0,,,,CUMCM-2003-B-008,1.0,text_based,B,B,------------------------------------;Times-Roman;KaiTi,0,0,,,,,True,1,2003年数学建模国赛真题+优秀论文/2003年优秀论文/2003B：露天矿生产车辆安排计划优化设计.pdf,primary,5D402BC651664DDC43C452E28D01ABF3DAE1B9A99EB3BD1BC37DEA2D412139EF,5D402BC651664DDC43C452E28D01ABF3DAE1B9A99EB3BD1BC37DEA2D412139EF,active,0,40,1,unknown,,,,,2026-08-18T00:06:15+08:00,209.90277777777777,595.0,2003
0,0,unknown,unknown,16.175,16.14,23.785,2026-08-18T00:06:15+08:00,KaiTi;SimSun/Song;Syntax;Times New Roman;cajcd-fntaa;cajcd-fntbd,1,1,439,0,1,1,FORMAL,COMPLETE,Q2,PAPER,0,1,248.70833333333334,705.0,catalog/papers.csv; catalog/paper_files.csv; catalog/scale/g8_paper_status.csv,unknown,False,0,0,1,12.753,12.532,12.912,4,False,,PORTRAIT,5,,TOP,1,,,,CUMCM-1999-A-007,1.0,text_based,A,A,------------------------------------;STSong-Light;Times-Roman;cajcd-fntaa;Times-Bold;Times-Italic;cajcd-fntbd;Times-Italic;KaiTi;Syntax;Syntax;Syntax;Syntax;Syntax;Syntax;Syntax;Syntax;Syntax;Syntax;Syntax;Syntax;Syntax;Syntax;Syntax;Syntax;Syntax;Syntax;Syntax;Syntax;Syntax;Syntax;Syntax;Syntax;Syntax;Syntax;Syntax;Syntax;Syntax;Syntax;Syntax;Syntax;Syntax;Syntax;Syntax;Syntax;Syntax;Syntax;Syntax;Syntax;Syntax;Syntax;Syntax;Syntax;Syntax;Syntax;Syntax;Syntax;Syntax;Syntax;Syntax;Syntax;Syntax;Syntax;Syntax;Syntax;Syntax;Syntax;Syntax;Syntax;Syntax;Syntax;Syntax;Syntax;Syntax;Syntax;Syntax;Syntax;Syntax;Syntax;Syntax;Syntax;Syntax;Syntax;Syntax;Syntax;Syntax;Syntax;Syntax;Syntax;Syntax;Syntax;Syntax;Syntax;Syntax;Syntax;Syntax;Syntax;Syntax;Syntax;Syntax;Syntax;Syntax;Syntax;Syntax;Syntax;Syntax;Syntax;Syntax;Syntax;Syntax;Syntax;Syntax;Syntax;Syntax;Syntax;Syntax;Syntax;Syntax;Syntax;Syntax;Syntax;Syntax;Syntax;Syntax;Syntax;Syntax;Syntax;Syntax;Syntax;Syntax;Syntax;Syntax;Syntax;Syntax;Syntax;Syntax;Syntax;Syntax;Syntax;Syntax;Syntax;Syntax;Syntax;Syntax;Syntax;Syntax;Syntax;Syntax;Syntax;Syntax;Syntax;Syntax;Syntax;Syntax;Syntax;Syntax;Syntax;Syntax;Syntax;Syntax;Syntax;Syntax;Syntax;Syntax;Syntax;Syntax;Syntax;Syntax;Syntax;Syntax;Syntax;Syntax;Syntax;Syntax;Syntax;Syntax;Syntax;Syntax;Syntax;Syntax;Syntax;Syntax;Syntax;Syntax;Syntax;Syntax;Syntax;Syntax;Syntax;Syntax;Syntax;Syntax;Syntax;Syntax;Syntax;Syntax;Syntax;Syntax;Syntax;Syntax;Syntax;Syntax;Syntax;Syntax;Syntax;Syntax;Syntax;Syntax;Syntax;Syntax;Syntax;Syntax;Syntax;Syntax;Syntax;Syntax;Syntax;Syntax;Syntax;Syntax;Syntax;Syntax;Syntax;Syntax;Syntax;Syntax;Syntax;Syntax;Syntax;Syntax;Syntax;Syntax;Syntax;Syntax;Syntax;Syntax;Syntax;Syntax;Syntax;Syntax;Syntax;Syntax;Syntax;Syntax;Syntax;Syntax;Syntax;Syntax;Syntax;Syntax;Syntax;Syntax;Syntax;Syntax;Syntax;Syntax;Syntax;Syntax;Syntax;Syntax;Syntax;Syntax;Syntax;Syntax;Syntax;Syntax;Syntax;Syntax;Syntax;Syntax;Syntax;Syntax;Syntax;Syntax;Syntax;Syntax;Syntax;Syntax;Syntax;Syntax;Syntax;Syntax;Syntax;Syntax;Syntax;Syntax;Syntax;Syntax;Syntax;Syntax;Syntax;Syntax;Syntax;Syntax;Syntax;Syntax;Syntax;Syntax;Syntax;Syntax;Syntax;Syntax;Syntax;Syntax;Syntax;Syntax;Syntax;Syntax;Syntax;Syntax;Syntax;Syntax;Syntax;Syntax;Syntax;Syntax;Syntax;Syntax;Syntax;Syntax;Syntax;Syntax;Syntax;Syntax;Syntax;Syntax;Syntax;Syntax;Syntax;Syntax;Syntax;Syntax;Syntax;Syntax;Syntax;Syntax;Syntax;Syntax;Syntax;Syntax;Syntax;Syntax;Syntax;Syntax;Syntax;Syntax;Syntax;Syntax;Syntax;Syntax;Syntax;Syntax;Syntax;Syntax;Syntax;Syntax;Syntax;Syntax;Syntax;Syntax;Syntax;Syntax;Syntax;Syntax;Syntax;Syntax;Syntax;Syntax;Syntax;Syntax;Syntax;Syntax;Syntax;Syntax;Syntax;Syntax;Syntax;Syntax;Syntax;Syntax;Syntax;Syntax;Syntax;Syntax;Syntax;Syntax;Syntax;Syntax;Syntax;Syntax;Syntax;Syntax;Syntax;Syntax;Syntax;Syntax;Syntax;Syntax;Syntax;Syntax;Syntax;Syntax;Syntax;Syntax;Syntax;Syntax;Syntax;Syntax;Syntax;Syntax;Syntax;Syntax;Syntax;Syntax;Syntax;Syntax;Syntax;Syntax;Syntax;Syntax;Syntax;Syntax;Syntax;Syntax;Syntax;Syntax;Syntax;Syntax;Syntax;Syntax;Syntax;Syntax;Syntax;Syntax;Syntax;Syntax;Syntax;Syntax;Syntax;Syntax;Syntax;Syntax;Syntax;Syntax;Syntax;Syntax;Syntax;Syntax;Syntax;Syntax;Syntax;Syntax;Syntax;Syntax;Syntax;Syntax;Syntax;Syntax;Syntax;Syntax;Syntax;Syntax;Syntax;Syntax;Syntax;Syntax;Syntax;Syntax;Syntax;Syntax;Syntax;Syntax;Syntax;Syntax;Syntax;Syntax;Syntax;Syntax;Syntax;Syntax;Syntax;Syntax;Syntax;Syntax;Syntax;Syntax;Syntax;Syntax;Syntax;Syntax;Syntax;Syntax;Syntax;Syntax;Syntax;Syntax;Syntax;Syntax;Syntax;Syntax;Syntax;Syntax;Syntax;Syntax;Syntax;Syntax;Syntax;Syntax;Syntax;Syntax;Syntax;Syntax;Syntax;Syntax;Syntax;Syntax;Syntax;Syntax;Syntax;Syntax;Syntax;Syntax;Syntax;Syntax;Syntax;Syntax;Syntax;Syntax;Syntax;Syntax;Syntax;Syntax;Syntax;Syntax;Syntax;Syntax;Syntax;Syntax;Syntax;Syntax;Syntax;Syntax;Syntax;Syntax;Syntax;Syntax;Syntax;Syntax;Syntax;Syntax;Syntax;Syntax;Syntax;Syntax;Syntax;Syntax;Syntax;Syntax;Syntax;Syntax;Syntax;Syntax;Syntax;Syntax;Syntax;Syntax;Syntax;Syntax;Syntax;Syntax;Syntax;Syntax;Syntax;Syntax;Syntax;Syntax;Syntax;Syntax;Syntax;Syntax;Syntax;Syntax;Syntax;Syntax;Syntax;Syntax;Syntax;Syntax;Syntax;Syntax;Syntax;Syntax;Syntax;Syntax;Syntax;Syntax;Syntax;Syntax;Syntax;Syntax;Syntax;Syntax;Syntax;Syntax;Syntax;Syntax;Syntax;Syntax;Syntax;Syntax;Syntax;Syntax;Syntax;Syntax;Syntax;Syntax;Syntax;Syntax;Syntax;Syntax;Syntax;Syntax;Syntax;Syntax;Syntax;Syntax;Syntax;Syntax;Syntax;Syntax;Syntax;Syntax;Syntax;Syntax;Syntax;Syntax;Syntax;Syntax;Syntax;Syntax;Syntax;Syntax;Syntax;Syntax;Syntax;Syntax;Syntax;Syntax;Syntax;Syntax;Syntax;Syntax;Syntax;Syntax;Syntax;Syntax;Syntax;Syntax;Syntax;Syntax;Syntax;Syntax;Syntax;Syntax;Syntax;Syntax;Syntax;Syntax;Syntax;Syntax;Syntax;Syntax;Syntax;Syntax;Syntax;Syntax;Syntax;Syntax;Syntax;Syntax;Syntax;Syntax;Syntax;Syntax;Syntax;Syntax;Syntax;Syntax;Syntax;Syntax;Syntax;Syntax;Syntax;Syntax;Syntax;Syntax;Syntax;Syntax;Syntax;Syntax;Syntax;Syntax;Syntax;Syntax;Syntax;Syntax;Syntax;Syntax;Syntax;Syntax;Syntax;Syntax;Syntax;Syntax;Syntax;Syntax;Syntax;Syntax;Syntax;Syntax;Syntax;Syntax;Syntax;Syntax;Syntax;Syntax;Syntax;Syntax;Syntax;Syntax;Syntax;Syntax;Syntax;Syntax;Syntax;Syntax;Syntax;Syntax;Syntax;Syntax;Syntax;Syntax;Syntax;Syntax;Syntax;Syntax;Syntax;Syntax;Syntax;Syntax;Syntax;Syntax;Syntax;Syntax;Syntax;Syntax;Syntax;Syntax;Syntax;Syntax;Syntax;Syntax;Syntax;Syntax;Syntax;Syntax;Syntax;Syntax;Syntax;Syntax;Syntax;Syntax;Syntax;Syntax;Syntax;Syntax;Syntax;Syntax;Syntax;Syntax;Syntax;Syntax;Syntax;Syntax;Syntax;Syntax;Syntax;Syntax;Syntax;Syntax;Syntax;Syntax;Syntax;Syntax;Syntax;Syntax;Syntax;Syntax;Syntax;Syntax;Syntax;Syntax;Syntax;Syntax;Syntax;Syntax;Syntax;Syntax;Syntax;Syntax;Syntax;Syntax;Syntax;Syntax;Syntax;Syntax;Syntax;Syntax;Syntax;Syntax;Syntax;Syntax;Syntax;Syntax;Syntax;Syntax;Syntax;Syntax;Syntax;Syntax;Syntax;Syntax;Syntax;Syntax;Syntax;Syntax;Syntax;Syntax;Syntax;Syntax;Syntax;Syntax;Syntax;Syntax;Syntax;Syntax;Syntax;Syntax;Syntax;Syntax;Syntax;Syntax;Syntax;Syntax;Syntax;Syntax;Syntax;Syntax;Syntax;Syntax;Syntax;Syntax;Syntax;Syntax;Syntax;Syntax;Syntax;Syntax;Syntax;Syntax;Syntax;Syntax;Syntax;Syntax;Syntax;Syntax;Syntax;Syntax;Syntax;Syntax;Syntax;Syntax;Syntax;Syntax;Syntax;Syntax;Syntax;Syntax;Syntax;Syntax;Syntax;Syntax;Syntax;Syntax;Syntax;Syntax;Syntax;Syntax;Syntax;Syntax;Syntax;Syntax;Syntax;Syntax;Syntax;Syntax;Syntax;Syntax;Syntax;Syntax;Syntax;Syntax;Syntax;Syntax;Syntax;Syntax;Syntax;Syntax;Syntax;Syntax;Syntax;Syntax;Syntax;Syntax;Syntax;Syntax;Syntax;Syntax;Syntax;Syntax;Syntax;Syntax;Syntax;Syntax;Syntax;Syntax;Syntax;Syntax;Syntax;Syntax;Syntax;Syntax;Syntax;Syntax;Syntax;Syntax;Syntax;Syntax;Syntax;Syntax;Syntax;Syntax;Syntax;Syntax;Syntax;Syntax;Syntax;Syntax;Syntax;Syntax;Syntax;Syntax;Syntax;Syntax;Syntax;Syntax;Syntax;Syntax;Syntax;Syntax;Syntax;Syntax;Syntax;Syntax;Syntax;Syntax;Syntax;Syntax;Syntax;Syntax;Syntax;Syntax;Syntax;Syntax;Syntax,2,0,10.142,10.116,10.186,,True,1,1999年数学建模国赛真题+优秀论文/1999年国赛优秀论文/1999A：自动化车床管理建模分析.pdf,primary,A76062C58F420D3AEC27B8B2F395398ADBBCCB2DA1CD1273BD721B4057240631,A76062C58F420D3AEC27B8B2F395398ADBBCCB2DA1CD1273BD721B4057240631,active,0,1041,1,unknown,M A TH EM A T ICSINPRA CT ICE ANDTH EO R Y,14.146,14.146,14.146,2026-08-18T00:06:15+08:00,167.56944444444446,475.0,1999
1,1,unknown,unknown,23.757,23.757,23.757,2026-08-18T00:06:15+08:00,Arial;Calibri;Monospace;Symbol;Times New Roman,1,1,1142,13,1,0,FORMAL,COMPLETE,Q2,PAPER,0,0,297.0106666666666,841.92,catalog/papers.csv; catalog/paper_files.csv; catalog/scale/g8_paper_status.csv,unknown,True,0,1,1,25.027,25.027,25.821,34,False,,PORTRAIT,35,,BOTTOM,1,,,,CUMCM-2017-B-007,1.0,text_based,B,B,------------------------------------;Times;Times;Arial;Times;Symbol;ABCDEE+Calibri;ABCDEE+Calibri;Times;ABCDEE+Courier,247,1,24.898,23.079,27.762,,True,1,2017年数学建模国赛真题+优秀论文/2017年优秀论文/2017B：“拍照赚钱”的任务定价 (4).pdf,primary,3B4C1A41A6B4BCEC27513FE4E07177467B40E773EB43E7B86672B590F7220E9E,3B4C1A41A6B4BCEC27513FE4E07177467B40E773EB43E7B86672B590F7220E9E,active,1,5299,1,unknown,考虑时空效率的任务匹配定价模型与算法 | 对于问题一，首先将平台数据导入 MapInfo Pro15.0 软件，观察得出平台定价以城,26.465,26.423,27.215,2026-08-18T00:06:15+08:00,210.01566666666668,595.32,2017
,,unknown,unknown,,,,2026-08-18T00:06:15+08:00,,0,0,,,0,,FORMAL,INELIGIBLE,,PROBLEM_PACKAGE,,,,,catalog/papers.csv; catalog/paper_files.csv; catalog/scale/g8_paper_status.csv,unknown,,,,0,,,,,,No analyzable PAPER PDF selected; identity retained in full corpus inventory.,UNKNOWN,,,,,,,,CUMCM-2012-D-014,,NOT_ANALYZED,D,D,,,,,,,,True,1,2012年数学建模国赛真题+优秀论文/2012年赛题/2012年国赛D题.doc,primary,2D4EB6994CF98ED321E2B47AC605282F1C095D425D4BF963FA08A593FFDDB42F,2D4EB6994CF98ED321E2B47AC605282F1C095D425D4BF963FA08A593FFDDB42F,active,,,0,unknown,,,,,2026-08-18T00:06:15+08:00,,,2012
0,0,unknown,unknown,70.73,70.73,70.73,2026-08-18T00:06:15+08:00,KaiTi;SimSun/Song;Times New Roman,1,0,0,0,1,0,FORMAL,Q3_MANUAL_REQUIRED,Q3,PAPER,0,0,297.0388888888889,842.0,catalog/papers.csv; catalog/paper_files.csv; catalog/scale/g8_paper_status.csv,unknown,True,0,0,1,38.098,38.098,38.098,10,False,font_or_text_layer_not_reliable,PORTRAIT,11,,UNKNOWN,0,"1,2,3,4,5,6,7,8,9,10,11",,,CUMCM-2008-A-006,0.8,image_based,A,A,------------------------------------;SimSun;KaiTi;TimesNewRomanPSMT,0,0,-64.609,-64.609,-64.609,,True,1,2008年数学建模国赛真题+优秀论文/2008年优秀论文/2008A：《透视投影中圆心投影定位和双目立体系统标定》.pdf,primary,CA45C602C933CDD6FE99466DA03410B82E5B4AD708E5830B4A80C0FA84411EE7,CA45C602C933CDD6FE99466DA03410B82E5B4AD708E5830B4A80C0FA84411EE7,active,0,105,1,unknown,,126.83,126.83,126.83,2026-08-18T00:06:15+08:00,209.98038888888888,595.22,2008
1,1,unknown,unknown,18.212,18.212,18.212,2026-08-18T00:06:15+08:00,Arial;Calibri;MicrosoftYaHei;SimHei;SimSun/Song;SymbolMT;Times New Roman,1,1,740,16,1,1,FORMAL,COMPLETE,Q2,PAPER,0,0,297.0106666666666,841.92,catalog/papers.csv; catalog/paper_files.csv; catalog/scale/g8_paper_status.csv,unknown,True,0,1,1,31.758,31.758,31.758,39,False,,PORTRAIT,40,,BOTTOM,1,,,,CUMCM-2016-B-005,1.0,text_based,B,B,------------------------------------;TimesNewRomanPSMT;ABCDEE+SimSun;TimesNewRomanPS-BoldMT;ABCDEE+SimHei;ABCDEE+SimHei;ABCDEE+Calibri;TimesNewRomanPS-ItalicMT;ABCDEE+SimSun;SymbolMT;ABCDEE+Calibri-Light;ABCDEE+Calibri-Bold;TimesNewRomanPSMT;ABCDEE+Calibri;ArialMT;ABCDEE+MicrosoftYaHei;Arial-BoldMT;ABCDEE+SimSun;ArialMT;ABCDEE+SimSun,61,1,29.814,29.397,31.629,,True,1,2016年数学建模国赛真题+优秀论文/2016年优秀论文/2016B：小区开放道路通行影响 (3).pdf,primary,47EB264F5D4043518DCBD3B7DB76F872A7F6308B202B4BA3417AE4134028756B,47EB264F5D4043518DCBD3B7DB76F872A7F6308B202B4BA3417AE4134028756B,active,10,3306,1,unknown,基于道路拼接的小区开放影响问题 | 立小区周边道路通行评价模型。以 广西大学附近的某开放小区为例，用最小二乘法估计其在,27.161,25.781,31.291,2026-08-18T00:06:15+08:00,210.01566666666668,595.32,2016
,,unknown,unknown,,,,2026-08-18T00:06:15+08:00,,0,0,,,0,,FORMAL,INELIGIBLE,,SUPPORTING_MATERIAL,,,,,catalog/papers.csv; catalog/paper_files.csv; catalog/scale/g8_paper_status.csv,unknown,,,,0,,,,,,No analyzable PAPER PDF selected; identity retained in full corpus inventory.,UNKNOWN,,,,,,,,CUMCM-2014-A-007,,NOT_ANALYZED,A,A,,,,,,,,True,1,2014年数学建模国赛真题+优秀论文/2014优秀论文/2014A：嫦娥三号软着陆轨道设计与控制策略 (3)/快速调整阶段最终版图像.doc,primary,C679085DF42F391BC1D67A2838C78960791D6FC65692DF034E51F4ADC1779180,C679085DF42F391BC1D67A2838C78960791D6FC65692DF034E51F4ADC1779180,active,,,0,unknown,,,,,2026-08-18T00:06:15+08:00,,,2014
,,unknown,unknown,,,,2026-08-18T00:06:15+08:00,,0,0,,,0,,FORMAL,INELIGIBLE,UNKNOWN,SUPPORTING_MATERIAL,,,,,catalog/papers.csv; catalog/paper_files.csv; catalog/scale/g8_paper_status.csv,unknown,,,,0,,,,,,No analyzable PAPER PDF selected; identity retained in full corpus inventory.,UNKNOWN,,,,,,,,CUMCM-2013-C-009,,NOT_ANALYZED,C,C,,,,,,,,True,1,2013年数学建模国赛真题+优秀论文/2013C：古塔的变形/fangchengnihe1.asv,primary,B1B644894B2701987ED7855AA3DEE1672755D5FCD8553CA9CEE4AFDACB2F65AA,B1B644894B2701987ED7855AA3DEE1672755D5FCD8553CA9CEE4AFDACB2F65AA,active,,,0,unknown,,,,,2026-08-18T00:06:15+08:00,,,2013
0,0,unknown,unknown,,,,2026-08-18T00:06:15+08:00,KaiTi;Times New Roman,1,1,0,0,1,0,FORMAL,COMPLETE,Q2,PAPER,0,1,296.6861111111111,841.0,catalog/papers.csv; catalog/paper_files.csv; catalog/scale/g8_paper_status.csv,unknown,True,0,0,1,,,,0,False,,PORTRAIT,10,,UNKNOWN,0,,,,CUMCM-2003-A-008,1.0,text_based,A,A,------------------------------------;Times-Roman;KaiTi,0,0,,,,,True,1,2003年数学建模国赛真题+优秀论文/2003年优秀论文/2003A：考虑自愈的SARS的传播模型.pdf,primary,B61160B3FB6ECD4A627F9E5521C3492EA870B1BE014F52C600DBAE7C3F92EAC2,B61160B3FB6ECD4A627F9E5521C3492EA870B1BE014F52C600DBAE7C3F92EAC2,active,0,50,1,unknown,,,,,2026-08-18T00:06:15+08:00,209.90277777777777,595.0,2003
1,1,unknown,unknown,18.288,18.288,18.288,2026-08-18T00:06:15+08:00,Arial;EuclidExtra;KaiTi;MTExtra;SimSun/Song;Symbol;Times New Roman,1,1,1132,5,1,1,FORMAL,COMPLETE,Q2,PAPER,0,0,296.6861111111111,841.0,catalog/papers.csv; catalog/paper_files.csv; catalog/scale/g8_paper_status.csv,unknown,True,0,1,1,31.75,31.75,31.75,27,False,,PORTRAIT,28,,BOTTOM,1,,,,CUMCM-2009-B-004,1.0,text_based,B,B,------------------------------------;TimesNewRoman;SimSun;KaiTi;Symbol;AOBCML+EuclidExtra;AOBCML+MTExtra;Arial,39,1,-64.586,-64.586,-64.586,,True,1,2009年数学建模国赛真题+优秀论文/2009年优秀论文/2009B：医院病床合理安排模型探讨.pdf,primary,030228C8469E41E3D89943D3D8CF6C1584E8E7D146B289C9087ACD9469312FEC,030228C8469E41E3D89943D3D8CF6C1584E8E7D146B289C9087ACD9469312FEC,active,5,3326,1,unknown,医院病床合理安排模型探讨 | 期内患者接受服务的统计信息，运用医院管理中常用的 Topsis 综合指标评价法，,25.668,25.16,27.615,2026-08-18T00:06:15+08:00,209.90277777777777,595.0,2009
0,0,unknown,unknown,70.73,70.73,70.73,2026-08-18T00:06:15+08:00,KaiTi;SimSun/Song,1,0,0,0,1,0,FORMAL,Q3_MANUAL_REQUIRED,Q3,PAPER,0,1,297.0388888888889,842.0,catalog/papers.csv; catalog/paper_files.csv; catalog/scale/g8_paper_status.csv,unknown,True,0,0,1,38.059,38.059,38.059,6,False,font_or_text_layer_not_reliable,PORTRAIT,7,,UNKNOWN,0,"1,2,3,4,5,6,7",,,CUMCM-2007-A-009,0.8,image_based,A,A,------------------------------------;BCKJBH+SimSun;SimSun;SimSun;KaiTi,0,0,-3.308,-3.308,-3.308,,True,1,2007年数学建模国赛真题+优秀论文/2007年优秀论文/2007A：《丁克现象与中国人口增长》.pdf,primary,734EB84E3AF56149C10B81534920710EAB9AC263931AFB185314317C58EE33D8,734EB84E3AF56149C10B81534920710EAB9AC263931AFB185314317C58EE33D8,active,0,63,1,unknown,http://www.madio.net | 数学中国www.madio.net,80.998,80.998,80.998,2026-08-18T00:06:15+08:00,209.90277777777777,595.0,2007
,,unknown,unknown,,,,2026-08-18T00:06:15+08:00,,0,0,,,0,,FORMAL,,,NOT_IN_G8_STATUS,,,,,catalog/papers.csv; catalog/paper_files.csv; catalog/scale/g8_paper_status.csv,unknown,,,,0,,,,,,No analyzable PAPER PDF selected; identity retained in full corpus inventory.,UNKNOWN,,,,,,,,CUMCM-2015-B-005,,NOT_ANALYZED,B,B,,,,,,,,True,1,2015年数学建模国赛真题+优秀论文/2015年赛题/2015年国赛B题.doc,primary,1A17764FFACF2295F8CA21DA229B3E390ACDFA433468342E3B9E5CD3E465CFF0,1A17764FFACF2295F8CA21DA229B3E390ACDFA433468342E3B9E5CD3E465CFF0,active,,,0,unknown,,,,,2026-08-18T00:06:15+08:00,,,2015
1,1,unknown,unknown,24.426,24.426,24.426,2026-08-18T00:06:15+08:00,Arial;Calibri;Cambria;KaiTi;MT-Extra;MingLiU;PMingLiU;SimHei;SimSun/Song;SymbolMT;Syntax;Times New Roman,1,1,787,25,1,0,FORMAL,COMPLETE,Q2,PAPER,0,0,297.053,842.04,catalog/papers.csv; catalog/paper_files.csv; catalog/scale/g8_paper_status.csv,unknown,True,0,1,1,25.019,25.019,25.019,39,False,,PORTRAIT,40,,BOTTOM,1,,,,CUMCM-2013-A-004,1.0,text_based,A,A,------------------------------------;ULJJSE+SimSun;TimesNewRomanPSMT;TimesNewRomanPS-BoldMT;NJPJYS+SimSun;MNDDKU+STKaiti;NZLEYS+SimHei;XJMHIY+SimHei;IKZVGC+SymbolMT;TimesNewRomanPS-ItalicMT;BXIFMQ+CambriaMath;RIIXCK+MT-Extra;WNVBUA+CambriaMath;PFJLAO+PMingLiU;ZKFOKU+MingLiU;USUKSE+PMingLiU;BVHVHQ+MingLiU;GNSZZG+Calibri;ArialMT;Syntax,192,1,24.85,23.728,25.993,,True,1,2013年数学建模国赛真题+优秀论文/2013A：车道被占用对城市道路通行能力的影响 (3)/A-13241002-黄小敏，黄程，王露.pdf,primary,EABCE38647FBE0FACB29330177B5EAE63A61A5FD67FAEFF867B24E91AF49C7D4,EABCE38647FBE0FACB29330177B5EAE63A61A5FD67FAEFF867B24E91AF49C7D4,active,39,3594,1,unknown,上咨询等）与队外的任何人（包括指导教师）研究、讨论与赛题有关的问题。,25.019,25.019,25.188,2026-08-18T00:06:15+08:00,210.01566666666668,595.32,2013
1,0,unknown,unknown,18.221,18.221,18.221,2026-08-18T00:06:15+08:00,KaiTi;Monospace;SimHei;SimSun/Song;SymbolMT;Times New Roman,1,1,449,4,1,1,FORMAL,COMPLETE,Q2,PAPER,0,0,297.00361111111107,841.9,catalog/papers.csv; catalog/paper_files.csv; catalog/scale/g8_paper_status.csv,unknown,True,0,1,1,31.75,31.75,31.75,13,False,,PORTRAIT,14,,BOTTOM,1,,,,CUMCM-2010-C-002,1.0,text_based,C,C,------------------------------------;LNUHNF+SimSun;AUWCNV+TimesNewRomanPSMT;ESHXQI+TimesNewRomanPS-BoldMT;KaiTi;XEKKFX+SimHei;TYEPLS+TimesNewRomanPS-ItalicMT;TZCMBP+SymbolMT;ABSEKN+FangSong;TYXLQB+CourierNewPSMT,38,1,30.092,29.627,31.701,,True,1,2010年数学建模国赛真题+优秀论文/2010年优秀论文/2010C：输油管的布置.pdf,primary,59A9FEB40E7440F2AE910AA3B77B6C97E7F1DE601AFBE61FC44E2D557679ECD5,59A9FEB40E7440F2AE910AA3B77B6C97E7F1DE601AFBE61FC44E2D557679ECD5,active,1,1061,1,unknown,,27.742,25.46,27.773,2026-08-18T00:06:15+08:00,210.00861111111107,595.3,2010
,,unknown,unknown,,,,2026-08-18T00:06:15+08:00,,0,0,,,0,,FORMAL,INELIGIBLE,,PROBLEM_PACKAGE,,,,,catalog/papers.csv; catalog/paper_files.csv; catalog/scale/g8_paper_status.csv,unknown,,,,0,,,,,,No analyzable PAPER PDF selected; identity retained in full corpus inventory.,UNKNOWN,,,,,,,,CUMCM-2021-E-001,,NOT_ANALYZED,E,E,,,,,,,,True,1,2021年数学建模国赛真题+优秀论文/2021年国赛赛题/2021年国赛E题.pdf,primary,4C39404746329107C9526307C7C6F8281C47EC8E6E5536C2528083171BEB1C96,4C39404746329107C9526307C7C6F8281C47EC8E6E5536C2528083171BEB1C96,active,,,0,unknown,,,,,2026-08-18T00:06:15+08:00,,,2021
0,0,unknown,unknown,,,,2026-08-18T00:06:15+08:00,KaiTi;SimSun/Song;Times New Roman,1,1,0,0,1,0,FORMAL,COMPLETE,Q2,PAPER,0,0,279.75277777777774,793.0,catalog/papers.csv; catalog/paper_files.csv; catalog/scale/g8_paper_status.csv,unknown,False,0,0,1,,,,0,False,,PORTRAIT,1,,UNKNOWN,0,,,,CUMCM-1998-B-006,1.0,text_based,B,B,------------------------------------;STSong-Light;Times-Roman;KaiTi,0,0,,,,,True,1,1998年数学建模国赛真题+优秀论文/1998年国赛优秀论文/1998B：灾情巡视的最佳路线_节选_.pdf,primary,A233A55AAA928E3572AB8F4884C44A712D7809725DFB7C4724E9A55959EE6510,A233A55AAA928E3572AB8F4884C44A712D7809725DFB7C4724E9A55959EE6510,active,0,4,1,unknown,,,,,2026-08-18T00:06:15+08:00,210.9611111111111,598.0,1998
1,1,unknown,unknown,18.507,18.507,18.507,2026-08-18T00:06:15+08:00,KaiTi;MTExtra;Monospace;SimHei;SimSun/Song;SymbolMT;Times New Roman,1,1,372,6,1,1,FORMAL,COMPLETE,Q2,PAPER,0,0,297.0388888888889,842.0,catalog/papers.csv; catalog/paper_files.csv; catalog/scale/g8_paper_status.csv,unknown,True,0,1,1,25.019,25.019,25.019,23,False,,PORTRAIT,24,,BOTTOM,1,,,,CUMCM-2008-B-013,1.0,text_based,B,B,------------------------------------;GGMONL+SimSun;GGMPCM+STKaiti;TimesNewRomanPS-BoldMT;TimesNewRomanPSMT;SimSun;KaiTi;GGMPJL+SimHei;GGNAGJ+SymbolMT;GGNAHJ+MTExtra;TimesNewRomanPS-ItalicMT;CourierNewPSMT,24,1,-64.609,-64.609,-64.609,,True,1,2008年数学建模国赛真题+优秀论文/2008年优秀论文/2008B：《高等教育学费标准问题的研究》.pdf,primary,4053E6EE1485F50AC1DA1903102DE46C713C1ED1800D7B9AE1C247E952641E5B,4053E6EE1485F50AC1DA1903102DE46C713C1ED1800D7B9AE1C247E952641E5B,active,9,2195,1,unknown,上咨询等）与队外的任何人（包括指导教师）研究、讨论与赛题有关的问题。,25.04,25.04,25.04,2026-08-18T00:06:15+08:00,209.98038888888888,595.22,2008
0,0,unknown,unknown,17.921,16.369,20.038,2026-08-18T00:06:15+08:00,KaiTi;SimSun/Song;Syntax;Times New Roman;cajcd-fntaa;cajcd-fntbd;cajcd-fntlt,1,1,432,0,1,1,FORMAL,COMPLETE,Q2,PAPER,0,1,248.70833333333334,705.0,catalog/papers.csv; catalog/paper_files.csv; catalog/scale/g8_paper_status.csv,unknown,False,0,0,1,12.841,12.779,12.859,4,False,,PORTRAIT,5,,TOP,1,,,,CUMCM-2000-C-004,1.0,text_based,C,C,------------------------------------;STSong-Light;Times-Roman;cajcd-fntaa;Times-Bold;KaiTi;Times-Italic;cajcd-fntbd;cajcd-fntlt;Syntax;Syntax;Syntax;Syntax;Syntax;Syntax;Syntax;Syntax;Syntax;Syntax;Syntax;Syntax;Syntax;Syntax;Syntax;Syntax;Syntax;Syntax;Syntax;Syntax;Syntax;Syntax;Syntax;Syntax;Syntax;Syntax;Syntax;Syntax;Syntax;Syntax;Syntax;Syntax;Syntax;Syntax;Syntax;Syntax;Syntax;Syntax;Syntax;Syntax;Syntax;Syntax;Syntax;Syntax;Syntax;Syntax;Syntax;Syntax;Syntax;Syntax;Syntax;Syntax;Syntax;Syntax;Syntax;Syntax;Syntax;Syntax;Syntax;Syntax;Syntax;Syntax;Syntax;Syntax;Syntax;Syntax;Syntax;Syntax;Syntax;Syntax;Syntax;Syntax;Syntax;Syntax;Syntax;Syntax;Syntax;Syntax;Syntax;Syntax;Syntax;Syntax;Syntax;Syntax;Syntax;Syntax;Syntax;Syntax;Syntax;Syntax;Syntax;Syntax;Syntax;Syntax;Syntax;Syntax;Syntax;Syntax;Syntax;Syntax;Syntax;Syntax;Syntax;Syntax;Syntax;Syntax;Syntax;Syntax;Syntax;Syntax;Syntax;Syntax;Syntax;Syntax;Syntax;Syntax;Syntax;Syntax;Syntax;Syntax;Syntax;Syntax;Syntax;Syntax;Syntax;Syntax;Syntax;Syntax;Syntax;Syntax;Syntax;Syntax;Syntax;Syntax;Syntax;Syntax;Syntax;Syntax;Syntax;Syntax;Syntax;Syntax;Syntax;Syntax;Syntax;Syntax;Syntax;Syntax;Syntax;Syntax;Syntax;Syntax;Syntax;Syntax;Syntax;Syntax;Syntax;Syntax;Syntax;Syntax;Syntax;Syntax;Syntax;Syntax;Syntax;Syntax;Syntax;Syntax;Syntax;Syntax;Syntax;Syntax;Syntax;Syntax;Syntax;Syntax;Syntax;Syntax;Syntax;Syntax;Syntax;Syntax;Syntax;Syntax;Syntax;Syntax;Syntax;Syntax;Syntax;Syntax;Syntax;Syntax;Syntax;Syntax;Syntax;Syntax;Syntax;Syntax;Syntax;Syntax;Syntax;Syntax;Syntax;Syntax;Syntax;Syntax;Syntax;Syntax;Syntax;Syntax;Syntax;Syntax;Syntax;Syntax;Syntax;Syntax;Syntax;Syntax;Syntax;Syntax;Syntax;Syntax;Syntax;Syntax;Syntax;Syntax;Syntax;Syntax;Syntax;Syntax;Syntax;Syntax;Syntax;Syntax;Syntax;Syntax;Syntax;Syntax;Syntax;Syntax;Syntax;Syntax;Syntax;Syntax;Syntax;Syntax;Syntax;Syntax;Syntax;Syntax;Syntax;Syntax;Syntax;Syntax;Syntax;Syntax;Syntax;Syntax;Syntax;Syntax;Syntax;Syntax;Syntax;Syntax;Syntax;Syntax;Syntax;Syntax;Syntax;Syntax;Syntax;Syntax;Syntax;Syntax;Syntax;Syntax;Syntax;Syntax;Syntax;Syntax;Syntax;Syntax;Syntax;Syntax;Syntax;Syntax;Syntax;Syntax;Syntax;Syntax;Syntax;Syntax;Syntax;Syntax;Syntax;Syntax;Syntax;Syntax;Syntax;Syntax;Syntax;Syntax;Syntax;Syntax;Syntax;Syntax;Syntax;Syntax;Syntax;Syntax;Syntax;Syntax;Syntax;Syntax;Syntax;Syntax;Syntax;Syntax;Syntax;Syntax;Syntax;Syntax;Syntax;Syntax;Syntax;Syntax;Syntax;Syntax;Syntax;Syntax;Syntax;Syntax;Syntax;Syntax;Syntax;Syntax;Syntax;Syntax;Syntax;Syntax;Syntax;Syntax;Syntax;Syntax;Syntax;Syntax;Syntax;Syntax;Syntax;Syntax;Syntax;Syntax;Syntax;Syntax;Syntax;Syntax;Syntax;Syntax;Syntax;Syntax;Syntax;Syntax;Syntax;Syntax;Syntax;Syntax;Syntax;Syntax;Syntax;Syntax;Syntax;Syntax;Syntax;Syntax;Syntax;Syntax;Syntax;Syntax;Syntax;Syntax;Syntax;Syntax;Syntax;Syntax;Syntax;Syntax;Syntax;Syntax;Syntax;Syntax;Syntax;Syntax;Syntax;Syntax;Syntax;Syntax;Syntax;Syntax;Syntax;Syntax;Syntax;Syntax;Syntax;Syntax;Syntax;Syntax;Syntax;Syntax;Syntax;Syntax;Syntax;Syntax;Syntax;Syntax;Syntax;Syntax;Syntax;Syntax;Syntax;Syntax;Syntax;Syntax;Syntax;Syntax;Syntax;Syntax;Syntax;Syntax;Syntax;Syntax;Syntax;Syntax;Syntax;Syntax;Syntax;Syntax;Syntax;Syntax;Syntax;Syntax;Syntax;Syntax;Syntax;Syntax;Syntax;Syntax;Syntax;Syntax;Syntax;Syntax;Syntax;Syntax;Syntax;Syntax;Syntax;Syntax;Syntax;Syntax;Syntax;Syntax;Syntax;Syntax;Syntax;Syntax;Syntax;Syntax;Syntax;Syntax;Syntax;Syntax;Syntax;Syntax;Syntax;Syntax;Syntax;Syntax;Syntax;Syntax;Syntax;Syntax;Syntax;Syntax;Syntax;Syntax;Syntax;Syntax;Syntax;Syntax;Syntax;Syntax;Syntax;Syntax;Syntax;Syntax;Syntax;Syntax;Syntax;Syntax;Syntax;Syntax;Syntax;Syntax;Syntax;Syntax;Syntax;Syntax;Syntax;Syntax;Syntax;Syntax;Syntax;Syntax;Syntax;Syntax;Syntax;Syntax;Syntax;Syntax;Syntax;Syntax;Syntax;Syntax;Syntax;Syntax;Syntax;Syntax;Syntax;Syntax;Syntax;Syntax;Syntax;Syntax;Syntax;Syntax;Syntax;Syntax;Syntax;Syntax;Syntax;Syntax;Syntax;Syntax;Syntax;Syntax;Syntax;Syntax;Syntax;Syntax;Syntax;Syntax;Syntax;Syntax;Syntax;Syntax;Syntax;Syntax;Syntax;Syntax;Syntax;Syntax;Syntax;Syntax;Syntax;Syntax;Syntax;Syntax;Syntax;Syntax;Syntax;Syntax;Syntax;Syntax;Syntax;Syntax;Syntax;Syntax;Syntax;Syntax;Syntax;Syntax;Syntax;Syntax;Syntax;Syntax;Syntax;Syntax;Syntax;Syntax;Syntax;Syntax;Syntax;Syntax;Syntax;Syntax;Syntax;Syntax;Syntax;Syntax;Syntax;Syntax;Syntax;Syntax;Syntax;Syntax;Syntax;Syntax;Syntax;Syntax;Syntax;Syntax;Syntax;Syntax;Syntax;Syntax;Syntax;Syntax;Syntax;Syntax;Syntax;Syntax;Syntax;Syntax;Syntax;Syntax;Syntax;Syntax;Syntax;Syntax;Syntax;Syntax;Syntax;Syntax;Syntax;Syntax;Syntax;Syntax;Syntax;Syntax;Syntax;Syntax;Syntax;Syntax;Syntax;Syntax;Syntax;Syntax;Syntax;Syntax;Syntax;Syntax;Syntax;Syntax;Syntax;Syntax;Syntax;Syntax;Syntax;Syntax;Syntax;Syntax;Syntax;Syntax;Syntax;Syntax;Syntax;Syntax;Syntax;Syntax;Syntax;Syntax;Syntax;Syntax;Syntax;Syntax;Syntax;Syntax;Syntax;Syntax;Syntax;Syntax;Syntax;Syntax;Syntax;Syntax;Syntax;Syntax;Syntax;Syntax;Syntax;Syntax;Syntax;Syntax;Syntax;Syntax;Syntax;Syntax;Syntax;Syntax;Syntax;Syntax;Syntax;Syntax;Syntax;Syntax;Syntax;Syntax;Syntax;Syntax;Syntax;Syntax;Syntax;Syntax;Syntax;Syntax;Syntax;Syntax;Syntax;Syntax;Syntax;Syntax;Syntax;Syntax;Syntax;Syntax;Syntax;Syntax;Syntax;Syntax;Syntax;Syntax;Syntax;Syntax;Syntax;Syntax;Syntax;Syntax;Syntax;Syntax;Syntax;Syntax;Syntax;Syntax;Syntax;Syntax;Syntax;Syntax;Syntax;Syntax;Syntax;Syntax;Syntax;Syntax;Syntax;Syntax;Syntax;Syntax;Syntax;Syntax;Syntax;Syntax;Syntax;Syntax;Syntax;Syntax;Syntax;Syntax;Syntax;Syntax;Syntax;Syntax;Syntax;Syntax;Syntax;Syntax;Syntax;Syntax;Syntax;Syntax;Syntax;Syntax;Syntax;Syntax;Syntax;Syntax;Syntax;Syntax;Syntax;Syntax;Syntax;Syntax;Syntax;Syntax;Syntax;Syntax;Syntax;Syntax;Syntax;Syntax;Syntax;Syntax;Syntax;Syntax;Syntax;Syntax;Syntax;Syntax;Syntax;Syntax;Syntax;Syntax;Syntax;Syntax;Syntax;Syntax;Syntax;Syntax;Syntax;Syntax;Syntax;Syntax;Syntax;Syntax;Syntax;Syntax;Syntax;Syntax;Syntax;Syntax;Syntax;Syntax;Syntax;Syntax;Syntax;Syntax;Syntax;Syntax;Syntax;Syntax;Syntax;Syntax;Syntax;Syntax;Syntax;Syntax;Syntax;Syntax;Syntax;Syntax;Syntax;Syntax;Syntax;Syntax;Syntax;Syntax;Syntax;Syntax;Syntax;Syntax;Syntax;Syntax;Syntax;Syntax;Syntax;Syntax;Syntax;Syntax;Syntax;Syntax;Syntax;Syntax;Syntax;Syntax;Syntax;Syntax;Syntax;Syntax;Syntax;Syntax;Syntax;Syntax;Syntax;Syntax;Syntax;Syntax;Syntax;Syntax;Syntax;Syntax;Syntax;Syntax;Syntax;Syntax;Syntax;Syntax;Syntax;Syntax;Syntax;Syntax;Syntax;Syntax;Syntax;Syntax;Syntax;Syntax;Syntax;Syntax;Syntax;Syntax;Syntax;Syntax;Syntax;Syntax;Syntax;Syntax;Syntax;Syntax;Syntax;Syntax;Syntax;Syntax;Syntax;Syntax;Syntax;Syntax;Syntax;Syntax;Syntax;Syntax;Syntax;Syntax;Syntax;Syntax;Syntax;Syntax;Syntax;Syntax;Syntax;Syntax;Syntax;Syntax;Syntax;Syntax;Syntax;Syntax;Syntax;Syntax;Syntax;Syntax;Syntax;Syntax;Syntax;Syntax;Syntax;Syntax;Syntax;Syntax;Syntax;Syntax;Syntax;Syntax;Syntax;Syntax;Syntax;Syntax;Syntax;Syntax;Syntax;Syntax;Syntax;Syntax;Syntax;Syntax;Syntax;Syntax;Syntax;Syntax;Syntax;Syntax;Syntax;Syntax;Syntax;Syntax;Syntax;Syntax;Syntax;Syntax;Syntax;Syntax;Syntax;Syntax;Syntax;Syntax;Syntax;Syntax;Syntax;Syntax;Syntax;Syntax;Syntax;Syntax;Syntax;Syntax;Syntax;Syntax;Syntax;Syntax;Syntax;Syntax;Syntax;Syntax;Syntax;Syntax;Syntax;Syntax;Syntax;Syntax;Syntax;Syntax;Syntax;Syntax;Syntax;Syntax;Syntax;Syntax;Syntax;Syntax;Syntax;Syntax;Syntax;Syntax;Syntax;Syntax;Syntax;Syntax;Syntax;Syntax;Syntax;Syntax;Syntax;Syntax;Syntax;Syntax;Syntax;Syntax;Syntax;Syntax;Syntax;Syntax;Syntax;Syntax;Syntax;Syntax;Syntax;Syntax;Syntax;Syntax;Syntax;Syntax;Syntax;Syntax;Syntax;Syntax;Syntax;Syntax;Syntax;Syntax;Syntax;Syntax;Syntax;Syntax;Syntax;Syntax;Syntax;Syntax;Syntax;Syntax;Syntax;Syntax;Syntax;Syntax;Syntax;Syntax;Syntax;Syntax;Syntax;Syntax;Syntax;Syntax;Syntax;Syntax;Syntax;Syntax;Syntax;Syntax;Syntax;Syntax;Syntax;Syntax;Syntax;Syntax;Syntax;Syntax;Syntax;Syntax;Syntax;Syntax;Syntax;Syntax;Syntax;Syntax;Syntax;Syntax;Syntax;Syntax;Syntax;Syntax;Syntax;Syntax;Syntax;Syntax;Syntax;Syntax;Syntax;Syntax;Syntax;Syntax;Syntax;Syntax;Syntax;Syntax;Syntax;Syntax;Syntax;Syntax;Syntax;Syntax;Syntax;Syntax;Syntax;Syntax;Syntax;Syntax;Syntax;Syntax;Syntax;Syntax;Syntax;Syntax;Syntax;Syntax;Syntax;Syntax;Syntax;Syntax;Syntax;Syntax;Syntax;Syntax;Syntax;Syntax;Syntax;Syntax;Syntax;Syntax;Syntax;Syntax;Syntax;Syntax;Syntax;Syntax;Syntax;Syntax;Syntax;Syntax;Syntax;Syntax;Syntax;Syntax;Syntax;Syntax;Syntax;Syntax;Syntax;Syntax;Syntax;Syntax;Syntax;Syntax;Syntax;Syntax;Syntax;Syntax;Syntax;Syntax;Syntax;Syntax;Syntax;Syntax;Syntax;Syntax;Syntax;Syntax;Syntax;Syntax;Syntax;Syntax;Syntax;Syntax;Syntax;Syntax;Syntax;Syntax;Syntax;Syntax;Syntax;Syntax;Syntax;Syntax;Syntax;Syntax;Syntax;Syntax;Syntax;Syntax;Syntax;Syntax;Syntax;Syntax;Syntax;Syntax;Syntax;Syntax;Syntax;Syntax;Syntax;Syntax;Syntax;Syntax;Syntax;Syntax;Syntax;Syntax;Syntax;Syntax;Syntax;Syntax;Syntax;Syntax;Syntax;Syntax;Syntax;Syntax;Syntax;Syntax;Syntax;Syntax;Syntax;Syntax;Syntax;Syntax;Syntax;Syntax;Syntax;Syntax;Syntax;Syntax;Syntax;Syntax;Syntax;Syntax;Syntax;Syntax;Syntax;Syntax;Syntax;Syntax;Syntax;Syntax;Syntax;Syntax;Syntax;Syntax;Syntax;Syntax;Syntax;Syntax;Syntax;Syntax;Syntax;Syntax;Syntax;Syntax;Syntax;Syntax;Syntax;Syntax;Syntax;Syntax;Syntax;Syntax,10,0,10.248,10.231,10.319,,True,1,2000年数学建模国赛真题+优秀论文/2000年国赛优秀论文/2000C：飞越北极.pdf,primary,A7C1B084B5C214E7D64AA4C6041D0A72009D85B72829960A3EA0EDDA4E737E3A,A7C1B084B5C214E7D64AA4C6041D0A72009D85B72829960A3EA0EDDA4E737E3A,active,0,1068,1,unknown,M A TH EM A T ICSINPRA CT ICE ANDTH EO R Y,14.146,14.146,14.746,2026-08-18T00:06:15+08:00,167.56944444444446,475.0,2000
0,0,unknown,unknown,70.73,70.73,70.73,2026-08-18T00:06:15+08:00,KaiTi;SimSun/Song,1,0,0,0,1,0,FORMAL,Q3_MANUAL_REQUIRED,Q3,PAPER,0,0,297.0388888888889,842.0,catalog/papers.csv; catalog/paper_files.csv; catalog/scale/g8_paper_status.csv,unknown,True,0,0,1,38.059,38.059,38.059,14,False,font_or_text_layer_not_reliable,PORTRAIT,15,,UNKNOWN,0,"1,2,3,4,5,6,7,8,9,10,11,12,13,14,15",,,CUMCM-2009-D-004,0.8,image_based,D,D,------------------------------------;SimSun;KaiTi,0,0,-64.586,-64.586,-64.586,,True,1,2009年数学建模国赛真题+优秀论文/2009年优秀论文/2009D：会议筹备优化方案.pdf,primary,2D6D5EDB040BAA995C172E3CEBF7CA2DE80C8C8E12B9CB3646BF68ED674AE864,2D6D5EDB040BAA995C172E3CEBF7CA2DE80C8C8E12B9CB3646BF68ED674AE864,active,0,75,1,unknown,,126.838,126.838,126.838,2026-08-18T00:06:15+08:00,209.90277777777777,595.0,2009
,,unknown,unknown,,,,2026-08-18T00:06:15+08:00,,0,0,,,0,,FORMAL,,,NOT_IN_G8_STATUS,,,,,catalog/papers.csv; catalog/paper_files.csv; catalog/scale/g8_paper_status.csv,unknown,,,,0,,,,,,No analyzable PAPER PDF selected; identity retained in full corpus inventory.,UNKNOWN,,,,,,,,CUMCM-2025-C-001,,NOT_ANALYZED,C,C,,,,,,,,True,1,2025年数学建模国赛真题+优秀论文/2025年数学建模国赛真题！/C题/C题.pdf,primary,D54400F4BB9920C0D37F15F5B6BC161AA281C4B32C03C063EFDEB739716EAC08,D54400F4BB9920C0D37F15F5B6BC161AA281C4B32C03C063EFDEB739716EAC08,active,,,0,unknown,,,,,2026-08-18T00:06:15+08:00,,,2025
,,unknown,unknown,,,,2026-08-18T00:06:15+08:00,,0,0,,,0,,FORMAL,INELIGIBLE,,PROBLEM_PACKAGE,,,,,catalog/papers.csv; catalog/paper_files.csv; catalog/scale/g8_paper_status.csv,unknown,,,,0,,,,,,No analyzable PAPER PDF selected; identity retained in full corpus inventory.,UNKNOWN,,,,,,,,CUMCM-2012-A-004,,NOT_ANALYZED,A,A,,,,,,,,True,1,2012年数学建模国赛真题+优秀论文/2012年赛题/2012年国赛A题.doc,primary,CB715A400EC8DCE7BC2731D9A2A1F44240F51A61CEE815157FA53AE24AC0E606,CB715A400EC8DCE7BC2731D9A2A1F44240F51A61CEE815157FA53AE24AC0E606,active,,,0,unknown,,,,,2026-08-18T00:06:15+08:00,,,2012
,,unknown,unknown,,,,2026-08-18T00:06:15+08:00,,0,0,,,0,,FORMAL,INELIGIBLE,,SUPPORTING_MATERIAL,,,,,catalog/papers.csv; catalog/paper_files.csv; catalog/scale/g8_paper_status.csv,unknown,,,,0,,,,,,No analyzable PAPER PDF selected; identity retained in full corpus inventory.,UNKNOWN,,,,,,,,CUMCM-2014-A-008,,NOT_ANALYZED,A,A,,,,,,,,True,1,2014年数学建模国赛真题+优秀论文/2014优秀论文/2014A：嫦娥三号软着陆轨道设计与控制策略 (3)/误差分析图.doc,primary,CDF77328B53402181AA87B2CC39AFCB2FC5237BDC442BC45837F25D80CA72382,CDF77328B53402181AA87B2CC39AFCB2FC5237BDC442BC45837F25D80CA72382,active,,,0,unknown,,,,,2026-08-18T00:06:15+08:00,,,2014
1,1,unknown,unknown,20.733,20.733,20.733,2026-08-18T00:06:15+08:00,Aharoni;Arial;Calibri;Euclid;Gloucester;Segoe;Times New Roman;Wingdings,1,1,1005,22,1,1,FORMAL,COMPLETE,Q2,PAPER,0,0,297.0000833333333,841.89,catalog/papers.csv; catalog/paper_files.csv; catalog/scale/g8_paper_status.csv,unknown,True,0,1,1,25.019,25.019,25.019,38,False,,PORTRAIT,39,,BOTTOM,1,,,,CUMCM-2014-A-A1116,1.0,text_based,A,A,------------------------------------;FPEFAA+Times;FPEFAA+Times;FPEFAF+Arial;FPEFAA+Times;FPEFAG+Segoe;FPEFAF+Arial;FPEFAH+Wingdings;FPEFAI+Gloucester;FPEFAJ+Euclid;FPEFAK+Aharoni;FPEFAL+Calibri,88,1,24.961,22.813,59.833,,True,1,2014年数学建模国赛真题+优秀论文/2014优秀论文/2014A：嫦娥三号软着陆轨道设计与控制策略 (3)/A11168020_郑建国_陶禹诺_严洒洒.pdf,primary,7DF17E7B53C5630B641E598DD57FBB6FF497553836E4F54DFD50DCD3F94E30B8,7DF17E7B53C5630B641E598DD57FBB6FF497553836E4F54DFD50DCD3F94E30B8,active,18,3607,1,unknown,上咨询等）与队外的任何人（包括指导教师）研究、讨论与赛题有关的问题。,25.021,25.021,25.021,2026-08-18T00:06:15+08:00,210.0001444444444,595.276,2014
,,unknown,unknown,,,,2026-08-18T00:06:15+08:00,,0,0,,,0,,FORMAL,INELIGIBLE,UNKNOWN,PROBLEM_PACKAGE,,,,,catalog/papers.csv; catalog/paper_files.csv; catalog/scale/g8_paper_status.csv,unknown,,,,0,,,,,,No analyzable PAPER PDF selected; identity retained in full corpus inventory.,UNKNOWN,,,,,,,,CUMCM-2013-D-003,,NOT_ANALYZED,D,D,,,,,,,,True,1,2013年数学建模国赛真题+优秀论文/2013年国赛D题附录.doc,primary,E53084883530C571F70BB1F391A57512EF3C9A3790478C2202A571096947F84E,E53084883530C571F70BB1F391A57512EF3C9A3790478C2202A571096947F84E,active,,,0,unknown,,,,,2026-08-18T00:06:15+08:00,,,2013
,,unknown,unknown,,,,2026-08-18T00:06:15+08:00,,0,0,,,0,,FORMAL,INELIGIBLE,,SUPPORTING_MATERIAL,,,,,catalog/papers.csv; catalog/paper_files.csv; catalog/scale/g8_paper_status.csv,unknown,,,,0,,,,,,No analyzable PAPER PDF selected; identity retained in full corpus inventory.,UNKNOWN,,,,,,,,CUMCM-2011-D-040,,NOT_ANALYZED,D,D,,,,,,,,True,1,2011年数学建模国赛真题+优秀论文/2011年优秀论文/2011D：天然肠衣搭配问题(1)/规格3步骤28.lg4,primary,6EA2D106959E36884924369FC10C8E458CE0662F689B4B376A60567F3251C215,6EA2D106959E36884924369FC10C8E458CE0662F689B4B376A60567F3251C215,active,,,0,unknown,,,,,2026-08-18T00:06:15+08:00,,,2011
,,unknown,unknown,,,,2026-08-18T00:06:15+08:00,,0,0,,,0,,FORMAL,INELIGIBLE,,PROBLEM_PACKAGE,,,,,catalog/papers.csv; catalog/paper_files.csv; catalog/scale/g8_paper_status.csv,unknown,,,,0,,,,,,No analyzable PAPER PDF selected; identity retained in full corpus inventory.,UNKNOWN,,,,,,,,CUMCM-2002-B-007,,NOT_ANALYZED,B,B,,,,,,,,True,1,2002年数学建模国赛真题+优秀论文/2002年赛题/2002年国赛A、B题.doc,primary,7DCB401EE557E1D3DA57B9B860337F506F1A6B8A37BD87C425B5F0821BCCAA2F,7DCB401EE557E1D3DA57B9B860337F506F1A6B8A37BD87C425B5F0821BCCAA2F,active,,,0,unknown,,,,,2026-08-18T00:06:15+08:00,,,2002
,,unknown,unknown,,,,2026-08-18T00:06:15+08:00,,0,0,,,0,,FORMAL,INELIGIBLE,,PROBLEM_PACKAGE,,,,,catalog/papers.csv; catalog/paper_files.csv; catalog/scale/g8_paper_status.csv,unknown,,,,0,,,,,,No analyzable PAPER PDF selected; identity retained in full corpus inventory.,UNKNOWN,,,,,,,,CUMCM-2017-A-005,,NOT_ANALYZED,A,A,,,,,,,,True,1,2017年数学建模国赛真题+优秀论文/2017年赛题/2017年国赛A题.docx,primary,3994EF543F1CCF5EE99863D914CEF8EF6C5A724973D580855A7D359510BE1728,3994EF543F1CCF5EE99863D914CEF8EF6C5A724973D580855A7D359510BE1728,active,,,0,unknown,,,,,2026-08-18T00:06:15+08:00,,,2017
0,0,unknown,unknown,16.369,16.298,18.732,2026-08-18T00:06:15+08:00,KaiTi;SimSun/Song;Syntax;Times New Roman;cajcd-fntaa;cajcd-fntbd;cajcd-fntlt,1,1,584,0,1,1,FORMAL,COMPLETE,Q2,PAPER,0,1,248.70833333333334,705.0,catalog/papers.csv; catalog/paper_files.csv; catalog/scale/g8_paper_status.csv,unknown,False,0,0,1,12.347,12.347,12.912,5,False,,PORTRAIT,6,,TOP,1,,,,CUMCM-1999-C-002,1.0,text_based,C,C,------------------------------------;STSong-Light;Times-Roman;cajcd-fntaa;Times-Bold;Times-Italic;cajcd-fntlt;KaiTi;cajcd-fntbd;Syntax;Syntax;Syntax;Syntax;Syntax;Syntax;Syntax;Syntax;Syntax;Syntax;Syntax;Syntax;Syntax;Syntax;Syntax;Syntax;Syntax;Syntax;Syntax;Syntax;Syntax;Syntax;Syntax;Syntax;Syntax;Syntax;Syntax;Syntax;Syntax;Syntax;Syntax;Syntax;Syntax;Syntax;Syntax;Syntax;Syntax;Syntax;Syntax;Syntax;Syntax;Syntax;Syntax;Syntax;Syntax;Syntax;Syntax;Syntax;Syntax;Syntax;Syntax;Syntax;Syntax;Syntax;Syntax;Syntax;Syntax;Syntax;Syntax;Syntax;Syntax;Syntax;Syntax;Syntax;Syntax;Syntax;Syntax;Syntax;Syntax;Syntax;Syntax;Syntax;Syntax;Syntax;Syntax;Syntax;Syntax;Syntax;Syntax;Syntax;Syntax;Syntax;Syntax;Syntax;Syntax;Syntax;Syntax;Syntax;Syntax;Syntax;Syntax;Syntax;Syntax;Syntax;Syntax;Syntax;Syntax;Syntax;Syntax;Syntax;Syntax;Syntax;Syntax;Syntax;Syntax;Syntax;Syntax;Syntax;Syntax;Syntax;Syntax;Syntax;Syntax;Syntax;Syntax;Syntax;Syntax;Syntax;Syntax;Syntax;Syntax;Syntax;Syntax;Syntax;Syntax;Syntax;Syntax;Syntax;Syntax;Syntax;Syntax;Syntax;Syntax;Syntax;Syntax;Syntax;Syntax;Syntax;Syntax;Syntax;Syntax;Syntax;Syntax;Syntax;Syntax;Syntax;Syntax;Syntax;Syntax;Syntax;Syntax;Syntax;Syntax;Syntax;Syntax;Syntax;Syntax;Syntax;Syntax;Syntax;Syntax;Syntax;Syntax;Syntax;Syntax;Syntax;Syntax;Syntax;Syntax;Syntax;Syntax;Syntax;Syntax;Syntax;Syntax;Syntax;Syntax;Syntax;Syntax;Syntax;Syntax;Syntax;Syntax;Syntax;Syntax;Syntax;Syntax;Syntax;Syntax;Syntax;Syntax;Syntax;Syntax;Syntax;Syntax;Syntax;Syntax;Syntax;Syntax;Syntax;Syntax;Syntax;Syntax;Syntax;Syntax;Syntax;Syntax;Syntax;Syntax;Syntax;Syntax;Syntax;Syntax;Syntax;Syntax;Syntax;Syntax;Syntax;Syntax;Syntax;Syntax;Syntax;Syntax;Syntax;Syntax;Syntax;Syntax;Syntax;Syntax;Syntax;Syntax;Syntax;Syntax;Syntax;Syntax;Syntax;Syntax;Syntax;Syntax;Syntax;Syntax;Syntax;Syntax;Syntax;Syntax;Syntax;Syntax;Syntax;Syntax;Syntax;Syntax;Syntax;Syntax;Syntax;Syntax;Syntax;Syntax;Syntax;Syntax;Syntax;Syntax;Syntax;Syntax;Syntax;Syntax;Syntax;Syntax;Syntax;Syntax;Syntax;Syntax;Syntax;Syntax;Syntax;Syntax;Syntax;Syntax;Syntax;Syntax;Syntax;Syntax;Syntax;Syntax;Syntax;Syntax;Syntax;Syntax;Syntax;Syntax;Syntax;Syntax;Syntax;Syntax;Syntax;Syntax;Syntax;Syntax;Syntax;Syntax;Syntax;Syntax;Syntax;Syntax;Syntax;Syntax;Syntax;Syntax;Syntax;Syntax;Syntax;Syntax;Syntax;Syntax;Syntax;Syntax;Syntax;Syntax;Syntax;Syntax;Syntax;Syntax;Syntax;Syntax;Syntax;Syntax;Syntax;Syntax;Syntax;Syntax;Syntax;Syntax;Syntax;Syntax;Syntax;Syntax;Syntax;Syntax;Syntax;Syntax;Syntax;Syntax;Syntax;Syntax;Syntax;Syntax;Syntax;Syntax;Syntax;Syntax;Syntax;Syntax;Syntax;Syntax;Syntax;Syntax;Syntax;Syntax;Syntax;Syntax;Syntax;Syntax;Syntax;Syntax;Syntax;Syntax;Syntax;Syntax;Syntax;Syntax;Syntax;Syntax;Syntax;Syntax;Syntax;Syntax;Syntax;Syntax;Syntax;Syntax;Syntax;Syntax;Syntax;Syntax;Syntax;Syntax;Syntax;Syntax;Syntax;Syntax;Syntax;Syntax;Syntax;Syntax;Syntax;Syntax;Syntax;Syntax;Syntax;Syntax;Syntax;Syntax;Syntax;Syntax;Syntax;Syntax;Syntax;Syntax;Syntax;Syntax;Syntax;Syntax;Syntax;Syntax;Syntax;Syntax;Syntax;Syntax;Syntax;Syntax;Syntax;Syntax;Syntax;Syntax;Syntax;Syntax;Syntax;Syntax;Syntax;Syntax;Syntax;Syntax;Syntax;Syntax;Syntax;Syntax;Syntax;Syntax;Syntax;Syntax;Syntax;Syntax;Syntax;Syntax;Syntax;Syntax;Syntax;Syntax;Syntax;Syntax;Syntax;Syntax;Syntax;Syntax;Syntax;Syntax;Syntax;Syntax;Syntax;Syntax;Syntax;Syntax;Syntax;Syntax;Syntax;Syntax;Syntax;Syntax;Syntax;Syntax;Syntax;Syntax;Syntax;Syntax;Syntax;Syntax;Syntax;Syntax;Syntax;Syntax;Syntax;Syntax;Syntax;Syntax;Syntax;Syntax;Syntax;Syntax;Syntax;Syntax;Syntax;Syntax;Syntax;Syntax;Syntax;Syntax;Syntax;Syntax;Syntax;Syntax;Syntax;Syntax;Syntax;Syntax;Syntax;Syntax;Syntax;Syntax;Syntax;Syntax;Syntax;Syntax;Syntax;Syntax;Syntax;Syntax;Syntax;Syntax;Syntax;Syntax;Syntax;Syntax;Syntax;Syntax;Syntax;Syntax;Syntax;Syntax;Syntax;Syntax;Syntax;Syntax;Syntax;Syntax;Syntax;Syntax;Syntax;Syntax;Syntax;Syntax;Syntax;Syntax;Syntax;Syntax;Syntax;Syntax;Syntax;Syntax;Syntax;Syntax;Syntax;Syntax;Syntax;Syntax;Syntax;Syntax;Syntax;Syntax;Syntax;Syntax;Syntax;Syntax;Syntax;Syntax;Syntax;Syntax;Syntax;Syntax;Syntax;Syntax;Syntax;Syntax;Syntax;Syntax;Syntax;Syntax;Syntax;Syntax;Syntax;Syntax;Syntax;Syntax;Syntax;Syntax;Syntax;Syntax;Syntax;Syntax;Syntax;Syntax;Syntax;Syntax;Syntax;Syntax;Syntax;Syntax;Syntax;Syntax;Syntax;Syntax;Syntax;Syntax;Syntax;Syntax;Syntax;Syntax;Syntax;Syntax;Syntax;Syntax;Syntax;Syntax;Syntax;Syntax;Syntax;Syntax;Syntax;Syntax;Syntax;Syntax;Syntax;Syntax;Syntax;Syntax;Syntax;Syntax;Syntax;Syntax;Syntax;Syntax;Syntax;Syntax;Syntax;Syntax;Syntax;Syntax;Syntax;Syntax;Syntax;Syntax;Syntax;Syntax;Syntax;Syntax;Syntax;Syntax;Syntax;Syntax;Syntax;Syntax;Syntax;Syntax;Syntax;Syntax;Syntax;Syntax;Syntax;Syntax;Syntax;Syntax;Syntax;Syntax;Syntax;Syntax;Syntax;Syntax;Syntax;Syntax;Syntax;Syntax;Syntax;Syntax;Syntax;Syntax;Syntax;Syntax;Syntax;Syntax;Syntax;Syntax;Syntax;Syntax;Syntax;Syntax;Syntax;Syntax;Syntax;Syntax;Syntax;Syntax;Syntax;Syntax;Syntax;Syntax;Syntax;Syntax;Syntax;Syntax;Syntax;Syntax;Syntax;Syntax;Syntax;Syntax;Syntax;Syntax;Syntax;Syntax;Syntax;Syntax;Syntax;Syntax;Syntax;Syntax;Syntax;Syntax;Syntax;Syntax;Syntax;Syntax;Syntax;Syntax;Syntax;Syntax;Syntax;Syntax;Syntax;Syntax;Syntax;Syntax;Syntax;Syntax;Syntax;Syntax;Syntax;Syntax;Syntax;Syntax;Syntax;Syntax;Syntax;Syntax;Syntax;Syntax;Syntax;Syntax;Syntax;Syntax;Syntax;Syntax;Syntax;Syntax;Syntax;Syntax;Syntax;Syntax;Syntax;Syntax;Syntax;Syntax;Syntax;Syntax;Syntax;Syntax;Syntax;Syntax;Syntax;Syntax;Syntax;Syntax;Syntax;Syntax;Syntax;Syntax;Syntax;Syntax;Syntax;Syntax;Syntax;Syntax;Syntax;Syntax;Syntax;Syntax;Syntax;Syntax;Syntax;Syntax;Syntax;Syntax;Syntax;Syntax;Syntax;Syntax;Syntax;Syntax;Syntax;Syntax;Syntax;Syntax;Syntax;Syntax;Syntax;Syntax;Syntax;Syntax;Syntax;Syntax;Syntax;Syntax;Syntax;Syntax;Syntax;Syntax;Syntax;Syntax;Syntax;Syntax;Syntax;Syntax;Syntax;Syntax;Syntax;Syntax;Syntax;Syntax;Syntax;Syntax;Syntax;Syntax;Syntax;Syntax;Syntax;Syntax;Syntax;Syntax;Syntax;Syntax;Syntax;Syntax;Syntax;Syntax;Syntax;Syntax;Syntax;Syntax;Syntax;Syntax;Syntax;Syntax;Syntax;Syntax;Syntax;Syntax;Syntax;Syntax;Syntax;Syntax;Syntax;Syntax;Syntax;Syntax;Syntax;Syntax;Syntax;Syntax;Syntax;Syntax;Syntax;Syntax;Syntax;Syntax;Syntax;Syntax;Syntax;Syntax;Syntax;Syntax;Syntax;Syntax;Syntax;Syntax;Syntax;Syntax;Syntax;Syntax;Syntax;Syntax;Syntax;Syntax;Syntax;Syntax;Syntax;Syntax;Syntax;Syntax;Syntax;Syntax;Syntax;Syntax;Syntax;Syntax;Syntax;Syntax;Syntax;Syntax;Syntax;Syntax;Syntax;Syntax;Syntax;Syntax;Syntax;Syntax;Syntax;Syntax;Syntax;Syntax;Syntax;Syntax;Syntax;Syntax;Syntax;Syntax;Syntax;Syntax;Syntax;Syntax;Syntax;Syntax;Syntax;Syntax;Syntax;Syntax;Syntax;Syntax;Syntax;Syntax;Syntax;Syntax;Syntax;Syntax;Syntax;Syntax;Syntax;Syntax;Syntax;Syntax;Syntax;Syntax;Syntax;Syntax;Syntax;Syntax;Syntax;Syntax;Syntax;Syntax;Syntax;Syntax;Syntax;Syntax;Syntax;Syntax;Syntax;Syntax;Syntax;Syntax;Syntax;Syntax;Syntax;Syntax;Syntax;Syntax;Syntax;Syntax;Syntax;Syntax;Syntax;Syntax;Syntax;Syntax;Syntax;Syntax;Syntax;Syntax;Syntax;Syntax;Syntax;Syntax;Syntax;Syntax;Syntax;Syntax;Syntax;Syntax;Syntax;Syntax;Syntax;Syntax;Syntax;Syntax;Syntax;Syntax;Syntax;Syntax;Syntax;Syntax;Syntax;Syntax;Syntax;Syntax;Syntax;Syntax;Syntax;Syntax;Syntax;Syntax;Syntax;Syntax;Syntax;Syntax;Syntax;Syntax;Syntax;Syntax;Syntax;Syntax;Syntax;Syntax;Syntax;Syntax;Syntax;Syntax;Syntax;Syntax;Syntax;Syntax;Syntax;Syntax;Syntax;Syntax;Syntax;Syntax;Syntax;Syntax;Syntax;Syntax;Syntax;Syntax;Syntax;Syntax;Syntax;Syntax;Syntax;Syntax;Syntax;Syntax;Syntax;Syntax;Syntax;Syntax;Syntax;Syntax;Syntax;Syntax;Syntax;Syntax;Syntax;Syntax;Syntax;Syntax;Syntax;Syntax;Syntax;Syntax;Syntax;Syntax;Syntax;Syntax;Syntax;Syntax;Syntax;Syntax;Syntax;Syntax;Syntax;Syntax;Syntax;Syntax;Syntax;Syntax;Syntax;Syntax;Syntax;Syntax;Syntax;Syntax;Syntax;Syntax;Syntax;Syntax;Syntax;Syntax;Syntax;Syntax;Syntax;Syntax;Syntax;Syntax;Syntax;Syntax;Syntax;Syntax;Syntax;Syntax;Syntax;Syntax;Syntax;Syntax;Syntax;Syntax;Syntax;Syntax;Syntax;Syntax;Syntax;Syntax;Syntax;Syntax;Syntax;Syntax;Syntax;Syntax;Syntax;Syntax;Syntax;Syntax;Syntax;Syntax;Syntax;Syntax;Syntax;Syntax;Syntax;Syntax;Syntax;Syntax;Syntax;Syntax;Syntax;Syntax;Syntax;Syntax;Syntax;Syntax;Syntax;Syntax;Syntax;Syntax;Syntax;Syntax;Syntax;Syntax;Syntax;Syntax;Syntax;Syntax;Syntax;Syntax;Syntax;Syntax;Syntax;Syntax;Syntax;Syntax;Syntax;Syntax;Syntax;Syntax;Syntax;Syntax;Syntax;Syntax;Syntax;Syntax;Syntax;Syntax;Syntax;Syntax;Syntax;Syntax;Syntax;Syntax;Syntax;Syntax;Syntax;Syntax;Syntax;Syntax;Syntax;Syntax;Syntax;Syntax;Syntax;Syntax;Syntax;Syntax;Syntax;Syntax;Syntax;Syntax;Syntax;Syntax;Syntax;Syntax;Syntax;Syntax;Syntax;Syntax;Syntax;Syntax;Syntax;Syntax;Syntax;Syntax;Syntax;Syntax;Syntax;Syntax;Syntax;Syntax;Syntax;Syntax;Syntax;Syntax;Syntax;Syntax;Syntax;Syntax;Syntax;Syntax;Syntax;Syntax;Syntax;Syntax;Syntax;Syntax;Syntax;Syntax;Syntax;Syntax;Syntax;Syntax;Syntax;Syntax;Syntax;Syntax;Syntax;Syntax;Syntax;Syntax;Syntax;Syntax;Syntax;Syntax;Syntax;Syntax;Syntax;Syntax;Syntax;Syntax;Syntax;Syntax;Syntax;Syntax;Syntax;Syntax;Syntax;Syntax;Syntax;Syntax;Syntax;Syntax;Syntax;Syntax;Syntax;Syntax;Syntax;Syntax;Syntax;Syntax;Syntax;Syntax;Syntax;Syntax;Syntax;Syntax;Syntax;Syntax;Syntax;Syntax;Syntax;Syntax;Syntax;Syntax;Syntax;Syntax;Syntax;Syntax;Syntax;Syntax;Syntax;Syntax;Syntax;Syntax;Syntax;Syntax;Syntax;Syntax;Syntax;Syntax;Syntax;Syntax;Syntax;Syntax;Syntax;Syntax;Syntax;Syntax;Syntax;Syntax;Syntax;Syntax;Syntax;Syntax;Syntax;Syntax;Syntax;Syntax;Syntax;Syntax;Syntax;Syntax;Syntax;Syntax;Syntax;Syntax;Syntax;Syntax;Syntax;Syntax;Syntax;Syntax;Syntax;Syntax;Syntax;Syntax;Syntax;Syntax;Syntax;Syntax;Syntax;Syntax;Syntax;Syntax;Syntax;Syntax;Syntax;Syntax;Syntax;Syntax;Syntax;Syntax;Syntax;Syntax;Syntax;Syntax;Syntax;Syntax;Syntax;Syntax;Syntax;Syntax;Syntax;Syntax;Syntax;Syntax;Syntax;Syntax;Syntax;Syntax;Syntax;Syntax;Syntax;Syntax;Syntax;Syntax;Syntax;Syntax;Syntax;Syntax;Syntax;Syntax;Syntax;Syntax;Syntax;Syntax;Syntax;Syntax;Syntax;Syntax;Syntax;Syntax;Syntax;Syntax;Syntax;Syntax;Syntax;Syntax;Syntax;Syntax;Syntax;Syntax;Syntax;Syntax;Syntax;Syntax;Syntax;Syntax;Syntax;Syntax;Syntax;Syntax;Syntax;Syntax;Syntax;Syntax;Syntax;Syntax;Syntax;Syntax;Syntax;Syntax;Syntax;Syntax;Syntax;Syntax;Syntax;Syntax;Syntax;Syntax;Syntax;Syntax;Syntax;Syntax;Syntax;Syntax;Syntax;Syntax;Syntax;Syntax;Syntax;Syntax;Syntax;Syntax;Syntax;Syntax;Syntax;Syntax;Syntax;Syntax;Syntax;Syntax;Syntax;Syntax;Syntax;Syntax;Syntax;Syntax;Syntax;Syntax;Syntax;Syntax;Syntax;Syntax;Syntax;Syntax;Syntax;Syntax;Syntax;Syntax;Syntax;Syntax;Syntax;Syntax;Syntax;Syntax;Syntax;Syntax;Syntax;Syntax;Syntax;Syntax;Syntax;Syntax;Syntax;Syntax;Syntax;Syntax;Syntax;Syntax;Syntax;Syntax;Syntax;Syntax;Syntax;Syntax;Syntax;Syntax;Syntax;Syntax;Syntax;Syntax;Syntax;Syntax;Syntax;Syntax;Syntax;Syntax;Syntax;Syntax;Syntax;Syntax;Syntax;Syntax;Syntax;Syntax;Syntax;Syntax;Syntax;Syntax;Syntax;Syntax;Syntax;Syntax;Syntax;Syntax;Syntax;Syntax;Syntax;Syntax;Syntax;Syntax;Syntax;Syntax;Syntax;Syntax;Syntax;Syntax;Syntax;Syntax;Syntax;Syntax;Syntax;Syntax;Syntax;Syntax;Syntax;Syntax;Syntax;Syntax;Syntax;Syntax;Syntax;Syntax;Syntax;Syntax;Syntax;Syntax;Syntax;Syntax;Syntax;Syntax;Syntax;Syntax;Syntax;Syntax;Syntax;Syntax;Syntax;Syntax;Syntax;Syntax;Syntax;Syntax;Syntax;Syntax;Syntax;Syntax;Syntax;Syntax;Syntax;Syntax;Syntax;Syntax;Syntax;Syntax;Syntax;Syntax;Syntax;Syntax;Syntax;Syntax;Syntax;Syntax;Syntax;Syntax;Syntax;Syntax;Syntax;Syntax;Syntax;Syntax;Syntax,0,0,10.407,10.301,10.442,,True,1,1999年数学建模国赛真题+优秀论文/1999年国赛优秀论文/1999C：煤矸石堆积经费问题的几点讨论.pdf,primary,81CB981491CCE90C199762762D5C78A822FEAD102CBC2B3804C516EEB4596D56,81CB981491CCE90C199762762D5C78A822FEAD102CBC2B3804C516EEB4596D56,active,0,1484,1,unknown,The Proof s of the Upper Bound for O ptima l | Kn ife-Replacem en t Per iod and the L ower Bound,14.146,14.146,14.146,2026-08-18T00:06:15+08:00,167.56944444444446,475.0,1999
,,unknown,unknown,,,,2026-08-18T00:06:15+08:00,,0,0,,,0,,FORMAL,INELIGIBLE,,PROBLEM_PACKAGE,,,,,catalog/papers.csv; catalog/paper_files.csv; catalog/scale/g8_paper_status.csv,unknown,,,,0,,,,,,No analyzable PAPER PDF selected; identity retained in full corpus inventory.,UNKNOWN,,,,,,,,CUMCM-2016-B-006,,NOT_ANALYZED,B,B,,,,,,,,True,1,2016年数学建模国赛真题+优秀论文/2016年赛题/2016年国赛B题.doc,primary,F17CEC9AB965DC85B971B0BA1424D42C047A026A64B03C5CD429DAE05C00620A,F17CEC9AB965DC85B971B0BA1424D42C047A026A64B03C5CD429DAE05C00620A,active,,,0,unknown,,,,,2026-08-18T00:06:15+08:00,,,2016
,,unknown,unknown,,,,2026-08-18T00:06:15+08:00,,0,0,,,0,,FORMAL,INELIGIBLE,,PROBLEM_PACKAGE,,,,,catalog/papers.csv; catalog/paper_files.csv; catalog/scale/g8_paper_status.csv,unknown,,,,0,,,,,,No analyzable PAPER PDF selected; identity retained in full corpus inventory.,UNKNOWN,,,,,,,,CUMCM-2014-C-008,,NOT_ANALYZED,C,C,,,,,,,,True,1,2014年数学建模国赛真题+优秀论文/2014年赛题/2014年国赛C题.docx,primary,0CD90FF9183D224730E56A920EFC7FB463BE2901E147079995431C079B520659,0CD90FF9183D224730E56A920EFC7FB463BE2901E147079995431C079B520659,active,,,0,unknown,,,,,2026-08-18T00:06:15+08:00,,,2014
0,0,unknown,unknown,,,,2026-08-18T00:06:15+08:00,KaiTi,1,0,0,0,1,0,FORMAL,Q3_MANUAL_REQUIRED,Q3,PAPER,0,0,274.81388888888887,779.0,catalog/papers.csv; catalog/paper_files.csv; catalog/scale/g8_paper_status.csv,unknown,False,0,0,1,,,,0,False,font_or_text_layer_not_reliable,PORTRAIT,10,,UNKNOWN,0,"1,2,3,4,5,6,7,8,9,10",,,CUMCM-2003-A-009,0.8,image_based,A,A,------------------------------------;KaiTi,0,0,,,,,True,1,2003年数学建模国赛真题+优秀论文/2003年优秀论文/2003A：考虑自愈的SARS的传播模型 (2).pdf,primary,97B376ECFC098C8AC764B55366A4885C15613AC5550F774D84390466AE4D5F89,97B376ECFC098C8AC764B55366A4885C15613AC5550F774D84390466AE4D5F89,active,0,54,1,unknown,,,,,2026-08-18T00:06:15+08:00,208.13888888888889,590.0,2003
,,unknown,unknown,,,,2026-08-18T00:06:15+08:00,,0,0,,,0,,FORMAL,,,NOT_IN_G8_STATUS,,,,,catalog/papers.csv; catalog/paper_files.csv; catalog/scale/g8_paper_status.csv,unknown,,,,0,,,,,,No analyzable PAPER PDF selected; identity retained in full corpus inventory.,UNKNOWN,,,,,,,,CUMCM-2015-B-006,,NOT_ANALYZED,B,B,,,,,,,,True,1,2015年数学建模国赛真题+优秀论文/2015年优秀论文/2015B：互联网+_时代的出租车资源配置 (3).pdf,primary,10D95A262ECCB2559A96FAB8502F3452C1BCE7849AAD8228A938EDD0A785FBF1,10D95A262ECCB2559A96FAB8502F3452C1BCE7849AAD8228A938EDD0A785FBF1,active,,,0,unknown,,,,,2026-08-18T00:06:15+08:00,,,2015
0,0,unknown,unknown,16.228,16.122,16.616,2026-08-18T00:06:15+08:00,KaiTi;SimSun/Song;Syntax;Times New Roman;cajcd-fntaa;cajcd-fntbd;cajcd-fntlt,1,1,537,0,1,1,FORMAL,COMPLETE,Q2,PAPER,0,1,248.70833333333334,705.0,catalog/papers.csv; catalog/paper_files.csv; catalog/scale/g8_paper_status.csv,unknown,False,0,0,1,12.912,12.841,12.912,9,False,,PORTRAIT,10,,BOTTOM,1,,,,CUMCM-1999-A-008,1.0,text_based,A,A,------------------------------------;STSong-Light;Times-Roman;cajcd-fntaa;Times-Bold;cajcd-fntbd;Times-Italic;KaiTi;cajcd-fntlt;Syntax;Syntax;Syntax;Syntax;Syntax;Syntax;Syntax;Syntax;Syntax;Syntax;Syntax;Syntax;Syntax;Syntax;Syntax;Syntax;Syntax;Syntax;Syntax;Syntax;Syntax;Syntax;Syntax;Syntax;Syntax;Syntax;Syntax;Syntax;Syntax;Syntax;Syntax;Syntax;Syntax;Syntax;Syntax;Syntax;Syntax;Syntax;Syntax;Syntax;Syntax;Syntax;Syntax;Syntax;Syntax;Syntax;Syntax;Syntax;Syntax;Syntax;Syntax;Syntax;Syntax;Syntax;Syntax;Syntax;Syntax;Syntax;Syntax;Syntax;Syntax;Syntax;Syntax;Syntax;Syntax;Syntax;Syntax;Syntax;Syntax;Syntax;Syntax;Syntax;Syntax;Syntax;Syntax;Syntax;Syntax;Syntax;Syntax;Syntax;Syntax;Syntax;Syntax;Syntax;Syntax;Syntax;Syntax;Syntax;Syntax;Syntax;Syntax;Syntax;Syntax;Syntax;Syntax;Syntax;Syntax;Syntax;Syntax;Syntax;Syntax;Syntax;Syntax;Syntax;Syntax;Syntax;Syntax;Syntax;Syntax;Syntax;Syntax;Syntax;Syntax;Syntax;Syntax;Syntax;Syntax;Syntax;Syntax;Syntax;Syntax;Syntax;Syntax;Syntax;Syntax;Syntax;Syntax;Syntax;Syntax;Syntax;Syntax;Syntax;Syntax;Syntax;Syntax;Syntax;Syntax;Syntax;Syntax;Syntax;Syntax;Syntax;Syntax;Syntax;Syntax;Syntax;Syntax;Syntax;Syntax;Syntax;Syntax;Syntax;Syntax;Syntax;Syntax;Syntax;Syntax;Syntax;Syntax;Syntax;Syntax;Syntax;Syntax;Syntax;Syntax;Syntax;Syntax;Syntax;Syntax;Syntax;Syntax;Syntax;Syntax;Syntax;Syntax;Syntax;Syntax;Syntax;Syntax;Syntax;Syntax;Syntax;Syntax;Syntax;Syntax;Syntax;Syntax;Syntax;Syntax;Syntax;Syntax;Syntax;Syntax;Syntax;Syntax;Syntax;Syntax;Syntax;Syntax;Syntax;Syntax;Syntax;Syntax;Syntax;Syntax;Syntax;Syntax;Syntax;Syntax;Syntax;Syntax;Syntax;Syntax;Syntax;Syntax;Syntax;Syntax;Syntax;Syntax;Syntax;Syntax;Syntax;Syntax;Syntax;Syntax;Syntax;Syntax;Syntax;Syntax;Syntax;Syntax;Syntax;Syntax;Syntax;Syntax;Syntax;Syntax;Syntax;Syntax;Syntax;Syntax;Syntax;Syntax;Syntax;Syntax;Syntax;Syntax;Syntax;Syntax;Syntax;Syntax;Syntax;Syntax;Syntax;Syntax;Syntax;Syntax;Syntax;Syntax;Syntax;Syntax;Syntax;Syntax;Syntax;Syntax;Syntax;Syntax;Syntax;Syntax;Syntax;Syntax;Syntax;Syntax;Syntax;Syntax;Syntax;Syntax;Syntax;Syntax;Syntax;Syntax;Syntax;Syntax;Syntax;Syntax;Syntax;Syntax;Syntax;Syntax;Syntax;Syntax;Syntax;Syntax;Syntax;Syntax;Syntax;Syntax;Syntax;Syntax;Syntax;Syntax;Syntax;Syntax;Syntax;Syntax;Syntax;Syntax;Syntax;Syntax;Syntax;Syntax;Syntax;Syntax;Syntax;Syntax;Syntax;Syntax;Syntax;Syntax;Syntax;Syntax;Syntax;Syntax;Syntax;Syntax;Syntax;Syntax;Syntax;Syntax;Syntax;Syntax;Syntax;Syntax;Syntax;Syntax;Syntax;Syntax;Syntax;Syntax;Syntax;Syntax;Syntax;Syntax;Syntax;Syntax;Syntax;Syntax;Syntax;Syntax;Syntax;Syntax;Syntax;Syntax;Syntax;Syntax;Syntax;Syntax;Syntax;Syntax;Syntax;Syntax;Syntax;Syntax;Syntax;Syntax;Syntax;Syntax;Syntax;Syntax;Syntax;Syntax;Syntax;Syntax;Syntax;Syntax;Syntax;Syntax;Syntax;Syntax;Syntax;Syntax;Syntax;Syntax;Syntax;Syntax;Syntax;Syntax;Syntax;Syntax;Syntax;Syntax;Syntax;Syntax;Syntax;Syntax;Syntax;Syntax;Syntax;Syntax;Syntax;Syntax;Syntax;Syntax;Syntax;Syntax;Syntax;Syntax;Syntax;Syntax;Syntax;Syntax;Syntax;Syntax;Syntax;Syntax;Syntax;Syntax;Syntax;Syntax;Syntax;Syntax;Syntax;Syntax;Syntax;Syntax;Syntax;Syntax;Syntax;Syntax;Syntax;Syntax;Syntax;Syntax;Syntax;Syntax;Syntax;Syntax;Syntax;Syntax;Syntax;Syntax;Syntax;Syntax;Syntax;Syntax;Syntax;Syntax;Syntax;Syntax;Syntax;Syntax;Syntax;Syntax;Syntax;Syntax;Syntax;Syntax;Syntax;Syntax;Syntax;Syntax;Syntax;Syntax;Syntax;Syntax;Syntax;Syntax;Syntax;Syntax;Syntax;Syntax;Syntax;Syntax;Syntax;Syntax;Syntax;Syntax;Syntax;Syntax;Syntax;Syntax;Syntax;Syntax;Syntax;Syntax;Syntax;Syntax;Syntax;Syntax;Syntax;Syntax;Syntax;Syntax;Syntax;Syntax;Syntax;Syntax;Syntax;Syntax;Syntax;Syntax;Syntax;Syntax;Syntax;Syntax;Syntax;Syntax;Syntax;Syntax;Syntax;Syntax;Syntax;Syntax;Syntax;Syntax;Syntax;Syntax;Syntax;Syntax;Syntax;Syntax;Syntax;Syntax;Syntax;Syntax;Syntax;Syntax;Syntax;Syntax;Syntax;Syntax;Syntax;Syntax;Syntax;Syntax;Syntax;Syntax;Syntax;Syntax;Syntax;Syntax;Syntax;Syntax;Syntax;Syntax;Syntax;Syntax;Syntax;Syntax;Syntax;Syntax;Syntax;Syntax;Syntax;Syntax;Syntax;Syntax;Syntax;Syntax;Syntax;Syntax;Syntax;Syntax;Syntax;Syntax;Syntax;Syntax;Syntax;Syntax;Syntax;Syntax;Syntax;Syntax;Syntax;Syntax;Syntax;Syntax;Syntax;Syntax;Syntax;Syntax;Syntax;Syntax;Syntax;Syntax;Syntax;Syntax;Syntax;Syntax;Syntax;Syntax;Syntax;Syntax;Syntax;Syntax;Syntax;Syntax;Syntax;Syntax;Syntax;Syntax;Syntax;Syntax;Syntax;Syntax;Syntax;Syntax;Syntax;Syntax;Syntax;Syntax;Syntax;Syntax;Syntax;Syntax;Syntax;Syntax;Syntax;Syntax;Syntax;Syntax;Syntax;Syntax;Syntax;Syntax;Syntax;Syntax;Syntax;Syntax;Syntax;Syntax;Syntax;Syntax;Syntax;Syntax;Syntax;Syntax;Syntax;Syntax;Syntax;Syntax;Syntax;Syntax;Syntax;Syntax;Syntax;Syntax;Syntax;Syntax;Syntax;Syntax;Syntax;Syntax;Syntax;Syntax;Syntax;Syntax;Syntax;Syntax;Syntax;Syntax;Syntax;Syntax;Syntax;Syntax;Syntax;Syntax;Syntax;Syntax;Syntax;Syntax;Syntax;Syntax;Syntax;Syntax;Syntax;Syntax;Syntax;Syntax;Syntax;Syntax;Syntax;Syntax;Syntax;Syntax;Syntax;Syntax;Syntax;Syntax;Syntax;Syntax;Syntax;Syntax;Syntax;Syntax;Syntax;Syntax;Syntax;Syntax;Syntax;Syntax;Syntax;Syntax;Syntax;Syntax;Syntax;Syntax;Syntax;Syntax;Syntax;Syntax;Syntax;Syntax;Syntax;Syntax;Syntax;Syntax;Syntax;Syntax;Syntax;Syntax;Syntax;Syntax;Syntax;Syntax;Syntax;Syntax;Syntax;Syntax;Syntax;Syntax;Syntax;Syntax;Syntax;Syntax;Syntax;Syntax;Syntax;Syntax;Syntax;Syntax;Syntax;Syntax;Syntax;Syntax;Syntax;Syntax;Syntax;Syntax;Syntax;Syntax;Syntax;Syntax;Syntax;Syntax;Syntax;Syntax;Syntax;Syntax;Syntax;Syntax;Syntax;Syntax;Syntax;Syntax;Syntax;Syntax;Syntax;Syntax;Syntax;Syntax;Syntax;Syntax;Syntax;Syntax;Syntax;Syntax;Syntax;Syntax;Syntax;Syntax;Syntax;Syntax;Syntax;Syntax;Syntax;Syntax;Syntax;Syntax;Syntax;Syntax;Syntax;Syntax;Syntax;Syntax;Syntax;Syntax;Syntax;Syntax;Syntax;Syntax;Syntax;Syntax;Syntax;Syntax;Syntax;Syntax;Syntax;Syntax;Syntax;Syntax;Syntax;Syntax;Syntax;Syntax;Syntax;Syntax;Syntax;Syntax;Syntax;Syntax;Syntax;Syntax;Syntax;Syntax;Syntax;Syntax;Syntax;Syntax;Syntax;Syntax;Syntax;Syntax;Syntax;Syntax;Syntax;Syntax;Syntax;Syntax;Syntax;Syntax;Syntax;Syntax;Syntax;Syntax;Syntax;Syntax;Syntax;Syntax;Syntax;Syntax;Syntax;Syntax;Syntax;Syntax;Syntax;Syntax;Syntax;Syntax;Syntax;Syntax;Syntax;Syntax;Syntax;Syntax;Syntax;Syntax;Syntax;Syntax;Syntax;Syntax;Syntax;Syntax;Syntax;Syntax;Syntax;Syntax;Syntax;Syntax;Syntax;Syntax;Syntax;Syntax;Syntax;Syntax;Syntax;Syntax;Syntax;Syntax;Syntax;Syntax;Syntax;Syntax;Syntax;Syntax;Syntax;Syntax;Syntax;Syntax;Syntax;Syntax;Syntax;Syntax;Syntax;Syntax;Syntax;Syntax;Syntax;Syntax;Syntax;Syntax;Syntax;Syntax;Syntax;Syntax;Syntax;Syntax;Syntax;Syntax;Syntax;Syntax;Syntax;Syntax;Syntax;Syntax;Syntax;Syntax;Syntax;Syntax;Syntax;Syntax;Syntax;Syntax;Syntax;Syntax;Syntax;Syntax;Syntax;Syntax;Syntax;Syntax;Syntax;Syntax;Syntax;Syntax;Syntax;Syntax;Syntax;Syntax;Syntax;Syntax;Syntax;Syntax;Syntax;Syntax;Syntax;Syntax;Syntax;Syntax;Syntax;Syntax;Syntax;Syntax;Syntax;Syntax;Syntax;Syntax;Syntax;Syntax;Syntax;Syntax;Syntax;Syntax;Syntax;Syntax;Syntax;Syntax;Syntax;Syntax;Syntax;Syntax;Syntax;Syntax;Syntax;Syntax;Syntax;Syntax;Syntax;Syntax;Syntax;Syntax;Syntax;Syntax;Syntax;Syntax;Syntax;Syntax;Syntax;Syntax;Syntax;Syntax;Syntax;Syntax;Syntax;Syntax;Syntax;Syntax;Syntax;Syntax;Syntax;Syntax;Syntax;Syntax;Syntax;Syntax;Syntax;Syntax;Syntax;Syntax;Syntax;Syntax;Syntax;Syntax;Syntax;Syntax;Syntax;Syntax;Syntax;Syntax;Syntax;Syntax;Syntax;Syntax;Syntax;Syntax;Syntax;Syntax;Syntax;Syntax;Syntax;Syntax;Syntax;Syntax;Syntax;Syntax;Syntax;Syntax;Syntax;Syntax;Syntax;Syntax;Syntax;Syntax;Syntax;Syntax;Syntax;Syntax;Syntax;Syntax;Syntax;Syntax;Syntax;Syntax;Syntax;Syntax;Syntax;Syntax;Syntax;Syntax;Syntax;Syntax;Syntax;Syntax;Syntax;Syntax;Syntax;Syntax;Syntax;Syntax;Syntax;Syntax;Syntax;Syntax;Syntax;Syntax;Syntax;Syntax;Syntax;Syntax;Syntax;Syntax;Syntax;Syntax;Syntax;Syntax;Syntax;Syntax;Syntax;Syntax;Syntax;Syntax;Syntax;Syntax;Syntax;Syntax;Syntax;Syntax;Syntax;Syntax;Syntax;Syntax;Syntax;Syntax;Syntax;Syntax;Syntax;Syntax;Syntax;Syntax;Syntax;Syntax;Syntax;Syntax;Syntax;Syntax;Syntax;Syntax;Syntax;Syntax;Syntax;Syntax;Syntax;Syntax;Syntax;Syntax;Syntax;Syntax;Syntax;Syntax;Syntax;Syntax;Syntax;Syntax;Syntax;Syntax;Syntax;Syntax;Syntax;Syntax;Syntax;Syntax;Syntax;Syntax;Syntax;Syntax;Syntax;Syntax;Syntax;Syntax;Syntax;Syntax;Syntax;Syntax;Syntax;Syntax;Syntax;Syntax;Syntax;Syntax;Syntax;Syntax;Syntax;Syntax;Syntax;Syntax;Syntax;Syntax;Syntax;Syntax;Syntax;Syntax;Syntax;Syntax;Syntax;Syntax;Syntax;Syntax;Syntax;Syntax;Syntax;Syntax;Syntax;Syntax;Syntax;Syntax;Syntax;Syntax;Syntax;Syntax;Syntax;Syntax;Syntax;Syntax;Syntax;Syntax;Syntax;Syntax;Syntax;Syntax;Syntax;Syntax;Syntax;Syntax;Syntax;Syntax;Syntax;Syntax;Syntax;Syntax;Syntax;Syntax;Syntax;Syntax;Syntax;Syntax;Syntax;Syntax;Syntax;Syntax;Syntax;Syntax;Syntax;Syntax;Syntax;Syntax;Syntax;Syntax;Syntax;Syntax;Syntax;Syntax;Syntax;Syntax;Syntax;Syntax;Syntax;Syntax;Syntax;Syntax;Syntax;Syntax;Syntax;Syntax;Syntax;Syntax;Syntax;Syntax;Syntax;Syntax;Syntax;Syntax;Syntax;Syntax;Syntax;Syntax;Syntax;Syntax;Syntax;Syntax;Syntax;Syntax;Syntax;Syntax;Syntax;Syntax;Syntax;Syntax;Syntax;Syntax;Syntax;Syntax;Syntax;Syntax;Syntax;Syntax;Syntax;Syntax;Syntax;Syntax;Syntax;Syntax;Syntax;Syntax;Syntax;Syntax;Syntax;Syntax;Syntax;Syntax;Syntax;Syntax;Syntax;Syntax;Syntax;Syntax;Syntax;Syntax;Syntax;Syntax;Syntax;Syntax;Syntax;Syntax;Syntax;Syntax;Syntax;Syntax;Syntax;Syntax;Syntax;Syntax;Syntax;Syntax;Syntax;Syntax;Syntax;Syntax;Syntax;Syntax;Syntax;Syntax;Syntax;Syntax;Syntax;Syntax;Syntax;Syntax;Syntax;Syntax;Syntax;Syntax;Syntax;Syntax;Syntax;Syntax;Syntax;Syntax;Syntax;Syntax;Syntax;Syntax;Syntax;Syntax;Syntax;Syntax;Syntax;Syntax;Syntax;Syntax;Syntax;Syntax;Syntax;Syntax;Syntax;Syntax;Syntax;Syntax;Syntax;Syntax;Syntax;Syntax;Syntax;Syntax;Syntax;Syntax;Syntax;Syntax;Syntax;Syntax;Syntax;Syntax;Syntax;Syntax;Syntax;Syntax;Syntax;Syntax;Syntax;Syntax;Syntax;Syntax;Syntax;Syntax;Syntax;Syntax;Syntax;Syntax;Syntax;Syntax;Syntax;Syntax;Syntax;Syntax;Syntax;Syntax;Syntax;Syntax;Syntax;Syntax;Syntax;Syntax;Syntax;Syntax;Syntax;Syntax;Syntax;Syntax;Syntax;Syntax;Syntax;Syntax;Syntax;Syntax;Syntax;Syntax;Syntax;Syntax;Syntax;Syntax;Syntax;Syntax;Syntax;Syntax;Syntax;Syntax;Syntax;Syntax;Syntax;Syntax;Syntax;Syntax;Syntax;Syntax;Syntax;Syntax;Syntax;Syntax;Syntax;Syntax;Syntax;Syntax;Syntax;Syntax;Syntax;Syntax;Syntax;Syntax;Syntax;Syntax;Syntax;Syntax;Syntax;Syntax;Syntax;Syntax;Syntax;Syntax;Syntax;Syntax;Syntax;Syntax;Syntax;Syntax;Syntax;Syntax;Syntax;Syntax;Syntax;Syntax;Syntax;Syntax;Syntax;Syntax;Syntax;Syntax;Syntax;Syntax;Syntax;Syntax;Syntax;Syntax;Syntax;Syntax;Syntax;Syntax;Syntax;Syntax;Syntax;Syntax;Syntax;Syntax;Syntax;Syntax;Syntax;Syntax;Syntax;Syntax;Syntax;Syntax;Syntax;Syntax;Syntax;Syntax;Syntax;Syntax;Syntax;Syntax;Syntax;Syntax;Syntax;Syntax;Syntax;Syntax;Syntax;Syntax;Syntax;Syntax;Syntax;Syntax;Syntax;Syntax;Syntax;Syntax;Syntax;Syntax;Syntax;Syntax;Syntax;Syntax;Syntax;Syntax;Syntax;Syntax;Syntax;Syntax;Syntax;Syntax;Syntax;Syntax;Syntax;Syntax;Syntax;Syntax;Syntax;Syntax;Syntax;Syntax;Syntax;Syntax;Syntax;Syntax;Syntax;Syntax;Syntax;Syntax;Syntax;Syntax;Syntax;Syntax;Syntax;Syntax;Syntax;Syntax;Syntax;Syntax;Syntax;Syntax;Syntax;Syntax;Syntax;Syntax;Syntax;Syntax;Syntax;Syntax;Syntax;Syntax;Syntax;Syntax;Syntax;Syntax;Syntax;Syntax;Syntax;Syntax;Syntax;Syntax;Syntax;Syntax;Syntax;Syntax;Syntax;Syntax;Syntax;Syntax;Syntax;Syntax;Syntax;Syntax;Syntax;Syntax;Syntax;Syntax;Syntax;Syntax;Syntax;Syntax;Syntax;Syntax;Syntax;Syntax;Syntax;Syntax;Syntax;Syntax;Syntax;Syntax;Syntax;Syntax;Syntax;Syntax;Syntax;Syntax;Syntax;Syntax;Syntax;Syntax;Syntax;Syntax;Syntax;Syntax;Syntax;Syntax;Syntax;Syntax;Syntax;Syntax;Syntax;Syntax;Syntax;Syntax;Syntax;Syntax;Syntax;Syntax;Syntax;Syntax;Syntax;Syntax;Syntax;Syntax;Syntax;Syntax;Syntax;Syntax;Syntax;Syntax;Syntax;Syntax;Syntax;Syntax;Syntax;Syntax;Syntax;Syntax;Syntax;Syntax;Syntax;Syntax;Syntax;Syntax;Syntax;Syntax;Syntax;Syntax;Syntax;Syntax;Syntax;Syntax;Syntax;Syntax;Syntax;Syntax;Syntax;Syntax;Syntax;Syntax;Syntax;Syntax;Syntax;Syntax;Syntax;Syntax;Syntax;Syntax;Syntax;Syntax;Syntax;Syntax;Syntax;Syntax;Syntax;Syntax;Syntax;Syntax;Syntax;Syntax;Syntax;Syntax;Syntax;Syntax;Syntax;Syntax;Syntax;Syntax;Syntax;Syntax;Syntax;Syntax;Syntax;Syntax;Syntax;Syntax,7,0,10.195,10.16,10.195,,True,1,1999年数学建模国赛真题+优秀论文/1999年国赛优秀论文/1999A：自动化车床最优刀具检测更换模型.pdf,primary,38FE932B26C58644E9760A983C109B08E910A7CD95DA9F3D41F3E28E6462AE71,38FE932B26C58644E9760A983C109B08E910A7CD95DA9F3D41F3E28E6462AE71,active,0,1766,1,unknown,M A TH EM A T ICSINPRA CT ICE ANDTH EO R Y,14.146,14.146,14.146,2026-08-18T00:06:15+08:00,167.56944444444446,475.0,1999
1,1,unknown,unknown,21.895,21.895,21.895,2026-08-18T00:06:15+08:00,Arial;Calibri;Monospace;Symbol;Times New Roman,1,1,669,15,1,0,FORMAL,COMPLETE,Q2,PAPER,0,0,297.0106666666666,841.92,catalog/papers.csv; catalog/paper_files.csv; catalog/scale/g8_paper_status.csv,unknown,True,0,1,1,31.758,31.758,31.758,43,False,,PORTRAIT,44,,BOTTOM,1,,,,CUMCM-2013-A-005,1.0,text_based,A,A,------------------------------------;Times;Times;ABCDEE+Calibri;Times;Times;Symbol;ABCDEE+Calibri;Arial;ABCDEE+Courier;ABCDEE+Courier,88,1,29.639,29.598,31.688,,False,1,2013年数学建模国赛真题+优秀论文/2013A：车道被占用对城市道路通行能力的影响 (2)/周晨阳周登岳孔垂烨A.pdf,primary,B7CE9B63F4E2542ADC12AD6E3497A36E29DE57B29AFD3356B01371FCD8D5F5A1,B7CE9B63F4E2542ADC12AD6E3497A36E29DE57B29AFD3356B01371FCD8D5F5A1,active,14,2653,1,unknown,编号专用页,25.569,25.146,27.932,2026-08-18T00:06:15+08:00,210.01566666666668,595.32,2013
0,0,unknown,unknown,,,,2026-08-18T00:06:15+08:00,KaiTi;SimSun/Song;Times New Roman,1,1,0,0,1,0,FORMAL,COMPLETE,Q2,PAPER,0,0,279.75277777777774,793.0,catalog/papers.csv; catalog/paper_files.csv; catalog/scale/g8_paper_status.csv,unknown,False,0,0,1,,,,0,False,,PORTRAIT,5,,UNKNOWN,0,,,,CUMCM-1998-A-007,1.0,text_based,A,A,------------------------------------;STSong-Light;Times-Roman;KaiTi,0,0,,,,,True,1,1998年数学建模国赛真题+优秀论文/1998年国赛优秀论文/1998A：投资组合与模糊规划模型.pdf,primary,9916DF219AE450DE559416FC928BC4DF0EE7FCB63B13887739C487F561D04B30,9916DF219AE450DE559416FC928BC4DF0EE7FCB63B13887739C487F561D04B30,active,0,20,1,unknown,,,,,2026-08-18T00:06:15+08:00,210.9611111111111,598.0,1998
,,unknown,unknown,,,,2026-08-18T00:06:15+08:00,,0,0,,,0,,FORMAL,INELIGIBLE,,PROBLEM_PACKAGE,,,,,catalog/papers.csv; catalog/paper_files.csv; catalog/scale/g8_paper_status.csv,unknown,,,,0,,,,,,No analyzable PAPER PDF selected; identity retained in full corpus inventory.,UNKNOWN,,,,,,,,CUMCM-2021-C-001,,NOT_ANALYZED,C,C,,,,,,,,True,1,2021年数学建模国赛真题+优秀论文/2021年国赛赛题/2021年国赛C题.pdf,primary,707BC97FD34E1759E8B956F4C573E7B8B25FD1AB800D609DF907C8051D5E5F8A,707BC97FD34E1759E8B956F4C573E7B8B25FD1AB800D609DF907C8051D5E5F8A,active,,,0,unknown,,,,,2026-08-18T00:06:15+08:00,,,2021
1,1,unknown,unknown,18.254,18.254,18.254,2026-08-18T00:06:15+08:00,Arial;KaiTi;SimSun/Song;Symbol;Tahoma;Times New Roman,1,1,263,2,1,1,FORMAL,COMPLETE,Q2,PAPER,0,0,297.0106666666666,841.92,catalog/papers.csv; catalog/paper_files.csv; catalog/scale/g8_paper_status.csv,unknown,True,0,1,1,31.758,31.758,31.758,14,False,,PORTRAIT,15,,BOTTOM,1,,,,CUMCM-2007-A-010,1.0,text_based,A,A,------------------------------------;Times;Times;SimSun;KaiTi;Times;Symbol;Arial;ABCDEE+Tahoma;ABCDEE+Tahoma,77,1,-3.31,-3.31,-3.31,,True,1,2007年数学建模国赛真题+优秀论文/2007年优秀论文/2007A：《中国人口增长预测》.pdf,primary,6CE9DD33C8C41EFC5818BE3D7E997FFD2EBECFF86F78083A4D44C241689EAD05,6CE9DD33C8C41EFC5818BE3D7E997FFD2EBECFF86F78083A4D44C241689EAD05,active,2,1426,1,unknown,件、网上咨询等）与队外的任何人（包括指导教师）研究、讨论与赛题有关的问,25.407,25.407,27.196,2026-08-18T00:06:15+08:00,210.01566666666668,595.32,2007
1,1,unknown,unknown,21.979,21.979,21.979,2026-08-18T00:06:15+08:00,Arial;Batang;Calibri;MingLiU;PMingLiU;Symbol;Times New Roman,1,1,789,6,1,0,FORMAL,COMPLETE,Q2,PAPER,0,0,297.053,842.04,catalog/papers.csv; catalog/paper_files.csv; catalog/scale/g8_paper_status.csv,unknown,True,0,1,1,25.036,25.036,25.036,39,False,,PORTRAIT,41,,BOTTOM,1,41,,,CUMCM-2012-A-A285,0.76,mixed,A,A,------------------------------------;Times;Times;Times;Arial;Symbol;Times;ABCDEE+Calibri;ABCDEE+Batang;ABCDEE+PMingLiU;ABCDEE+MingLiU;ABCDEE+MingLiU,445,1,23.005,17.448,24.848,,True,1,2012年数学建模国赛真题+优秀论文/2012年优秀论文/2012A：葡萄酒的评价/A285.pdf,primary,CA15AFED80D166CDB2F7232C220A2F1B0C6269199F13D48CF852973F19AA78AC,CA15AFED80D166CDB2F7232C220A2F1B0C6269199F13D48CF852973F19AA78AC,active,25,9525,1,unknown,葡萄酒的评价 | 入 Wilcoxon 符号秩检验法来进行显著性差异的假设检验。结果显示对于红、白葡萄酒，,25.28,25.026,25.915,2026-08-18T00:06:15+08:00,210.05800000000002,595.44,2012
0,0,unknown,unknown,,,,2026-08-18T00:06:15+08:00,KaiTi,1,0,0,0,1,0,FORMAL,Q3_MANUAL_REQUIRED,Q3,PAPER,0,0,297.0388888888889,842.0,catalog/papers.csv; catalog/paper_files.csv; catalog/scale/g8_paper_status.csv,unknown,True,0,0,1,,,,0,False,font_or_text_layer_not_reliable,PORTRAIT,20,,UNKNOWN,0,"1,2,3,4,5,6,7,8,9,10,11,12,13,14,15,16,17,18,19,20",,,CUMCM-2010-C-003,0.8,image_based,C,C,------------------------------------;KaiTi,0,0,,,,,True,1,2010年数学建模国赛真题+优秀论文/2010年优秀论文/2010C：输油管的布置模型.pdf,primary,BB1CA966067BE510818951154583938E49F920C879AA96296D67671141F9F97F,BB1CA966067BE510818951154583938E49F920C879AA96296D67671141F9F97F,active,0,60,1,unknown,,,,,2026-08-18T00:06:15+08:00,209.90277777777777,595.0,2010
1,1,unknown,unknown,18.339,18.339,18.339,2026-08-18T00:06:15+08:00,Arial;Calibri;Helvetica;Microsoft;Symbol;Times New Roman,1,1,2232,12,1,1,FORMAL,COMPLETE,Q2,PAPER,0,0,297.0106666666666,841.92,catalog/papers.csv; catalog/paper_files.csv; catalog/scale/g8_paper_status.csv,unknown,True,0,1,1,25.027,25.027,25.027,80,False,,PORTRAIT,81,,BOTTOM,1,,,,CUMCM-2016-D-004,1.0,text_based,D,D,------------------------------------;ABCDEE+Calibri;Times;Arial;Times;Symbol;Helvetica;ABCDEE+Microsoft,250,1,24.994,24.804,68.204,,True,1,2016年数学建模国赛真题+优秀论文/2016年优秀论文/2016D：风电场运行状况分析及维护计划优化 (1).pdf,primary,8D8A005547CBA649C1656221E3E158CF26195BC3FCE69536578F0441549FB626,8D8A005547CBA649C1656221E3E158CF26195BC3FCE69536578F0441549FB626,active,16,6425,1,unknown,风电场运行状况分析及维护计划优化 | 样数据进行统计分析，提取了一年内每隔 15 分钟的各风机安装处的平均风速数据的算,24.934,24.807,25.019,2026-08-18T00:06:15+08:00,210.01566666666668,595.32,2016
1,0,unknown,unknown,31.334,28.508,34.53,2026-08-18T00:06:15+08:00,Arial;Calibri;Cambria;KaiTi;Monospace;SimHei;SimSun/Song;Times New Roman,1,1,40,2,1,1,FORMAL,COMPLETE,Q2,PAPER,0,0,297.0388888888889,842.0,catalog/papers.csv; catalog/paper_files.csv; catalog/scale/g8_paper_status.csv,unknown,True,0,1,1,25.019,25.019,25.019,19,False,,PORTRAIT,20,,BOTTOM,1,,,,CUMCM-2008-B-014,1.0,text_based,B,B,------------------------------------;AOCNIG+Calibri;AOCOIG+SimHei;AOCNOH+SimSun;AOCOMF+Cambria;AOCOPF+Courier;AOCOAH+Calibri;SimSun;KaiTi;TimesNewRomanPSMT;AOCNNF+Calibri-Bold;AOHFLK+Cambria-Bold;ArialMT;AOCNOG+Calibri-Bold;AOHFLL+Cambria-Bold;Arial-BoldMT;AOCNOH+SimSun,83,1,-64.609,-64.609,-64.609,,True,1,2008年数学建模国赛真题+优秀论文/2008年优秀论文/2008B：《多因子影响下的高等教育学费模型》.pdf,primary,E2837F0567248DB23A4642067E3955F92A0C4E7CA7AD434C50445AC3AA60D2F7,E2837F0567248DB23A4642067E3955F92A0C4E7CA7AD434C50445AC3AA60D2F7,active,0,1759,1,unknown,多因子影响下的高等教育学费模型 | “高教生均成本”、“高校自筹款与社会捐款”以及“政府财政拨款”。然后进一步确,25.273,25.188,28.765,2026-08-18T00:06:15+08:00,209.98038888888888,595.22,2008
1,0,unknown,unknown,18.221,18.221,18.221,2026-08-18T00:06:15+08:00,KaiTi;MT-Extra;SimHei;SimSun/Song;SymbolMT;Times New Roman,1,1,502,0,1,1,FORMAL,COMPLETE,Q2,PAPER,0,0,297.00361111111107,841.9,catalog/papers.csv; catalog/paper_files.csv; catalog/scale/g8_paper_status.csv,unknown,True,0,1,1,25.019,25.019,25.019,9,False,,PORTRAIT,10,,BOTTOM,1,,,,CUMCM-2006-B-005,1.0,text_based,B,B,------------------------------------;XEKKFX+SimHei;LNUHNF+SimSun;TYEPLS+TimesNewRomanPS-ItalicMT;TZCMBP+SymbolMT;AUWCNV+TimesNewRomanPSMT;KaiTi;MUFUVC+MT-Extra,72,1,24.989,23.188,25.009,,True,1,2006年数学建模国赛真题+优秀论文/2006年优秀论文/2006B：艾滋病疗法的评价以及疗效的预测.pdf,primary,CA2C17F10B0CA102C43A36136553E3A5BBB927A78AD5FD6058AE38C3B2565B3C,CA2C17F10B0CA102C43A36136553E3A5BBB927A78AD5FD6058AE38C3B2565B3C,active,6,1917,1,unknown,"艾滋病疗法的评价以及疗效的预测 | 并且针对各类患者的统计数据，利用灰色理论GM(1,1) 模型对继续治疗效果进行预测，并确定了 4 类患者最佳治疗",25.698,25.414,26.388,2026-08-18T00:06:15+08:00,210.00861111111107,595.3,2006
0,0,unknown,unknown,,,,2026-08-18T00:06:15+08:00,KaiTi;SimSun/Song;Times New Roman,1,1,0,0,1,0,FORMAL,COMPLETE,Q2,PAPER,0,0,279.75277777777774,793.0,catalog/papers.csv; catalog/paper_files.csv; catalog/scale/g8_paper_status.csv,unknown,False,0,0,1,,,,0,False,,PORTRAIT,4,,UNKNOWN,0,,,,CUMCM-1998-A-008,1.0,text_based,A,A,------------------------------------;STSong-Light;Times-Roman;KaiTi,0,0,,,,,True,1,1998年数学建模国赛真题+优秀论文/1998年国赛优秀论文/1998A：风险投资组合的线性规划模型.pdf,primary,80B961D364E4583CD89574C3B52804FDB1137CF8A1AB6F401A3995DCB99ECED2,80B961D364E4583CD89574C3B52804FDB1137CF8A1AB6F401A3995DCB99ECED2,active,0,16,1,unknown,,,,,2026-08-18T00:06:15+08:00,210.9611111111111,598.0,1998
1,1,unknown,unknown,32.224,32.224,32.224,2026-08-18T00:06:15+08:00,Cambria;MS;Tahoma;Times New Roman,1,1,134,29,1,0,FORMAL,COMPLETE,Q2,PAPER,0,0,297.0106666666666,841.92,catalog/papers.csv; catalog/paper_files.csv; catalog/scale/g8_paper_status.csv,unknown,True,0,1,1,31.758,31.758,31.758,30,False,,PORTRAIT,31,,UNKNOWN,0,,,,CUMCM-2017-A-006,1.0,text_based,A,A,------------------------------------;ABCDEE+Tahoma;ABCDEE+Cambria;Times;ABCDEE+Cambria;ABCDEE+Cambria;ABCDEE+MS;Times,48,1,31.715,27.509,34.22,,True,1,2017年数学建模国赛真题+优秀论文/2017年优秀论文/2017A：CT系统参数标定及成像  (4).pdf,primary,6451BF4A39A76B234C63C0CFDE7B71BFC49DD8C73466165C83E9B2AFE0E22CDC,6451BF4A39A76B234C63C0CFDE7B71BFC49DD8C73466165C83E9B2AFE0E22CDC,active,6,1224,1,unknown,平行束 CT 系统的参数标定及成像 | CT 系统是利用 X 射线等线束对人体或样品进行扫描，根据被扫瞄样品的吸,25.4,25.4,25.705,2026-08-18T00:06:15+08:00,210.01566666666668,595.32,2017
,,unknown,unknown,,,,2026-08-18T00:06:15+08:00,,0,0,,,0,,FORMAL,INELIGIBLE,,PROBLEM_PACKAGE,,,,,catalog/papers.csv; catalog/paper_files.csv; catalog/scale/g8_paper_status.csv,unknown,,,,0,,,,,,No analyzable PAPER PDF selected; identity retained in full corpus inventory.,UNKNOWN,,,,,,,,CUMCM-2009-A-006,,NOT_ANALYZED,A,A,,,,,,,,True,1,2009年数学建模国赛真题+优秀论文/2009年赛题/2009年国赛A题.doc,primary,782E878E5381D93672E60842764C0FB82201A141F36BD5EAF1A3DCE826D4F3A8,782E878E5381D93672E60842764C0FB82201A141F36BD5EAF1A3DCE826D4F3A8,active,,,0,unknown,,,,,2026-08-18T00:06:15+08:00,,,2009
0,0,unknown,unknown,,,,2026-08-18T00:06:15+08:00,Times New Roman,1,1,0,0,1,0,FORMAL,COMPLETE,Q2,PAPER,0,1,259.9266666666666,736.8,catalog/papers.csv; catalog/paper_files.csv; catalog/scale/g8_paper_status.csv,unknown,False,0,0,1,,,,0,False,,PORTRAIT,6,,UNKNOWN,0,,,,CUMCM-2005-A-007,1.0,text_based,A,A,------------------------------------;Times-Roman,0,0,,,,,True,1,2005年数学建模国赛真题+优秀论文/2005年国赛优秀论文/2005A：长江水质的评价预测模型及其实用性研究.pdf,primary,5193A89D12EC64538AE253CCAEF15300D8742FEAA62AE4F48B1829B9F82C29A2,5193A89D12EC64538AE253CCAEF15300D8742FEAA62AE4F48B1829B9F82C29A2,active,0,24,1,unknown,,,,,2026-08-18T00:06:15+08:00,200.4906666666667,568.32,2005
0,0,unknown,unknown,,,,2026-08-18T00:06:15+08:00,KaiTi;Times New Roman,1,1,0,0,1,0,FORMAL,COMPLETE,Q2,PAPER,0,1,296.6861111111111,841.0,catalog/papers.csv; catalog/paper_files.csv; catalog/scale/g8_paper_status.csv,unknown,True,0,0,1,,,,0,False,,PORTRAIT,10,,UNKNOWN,0,,,,CUMCM-2003-B-009,1.0,text_based,B,B,------------------------------------;Times-Roman;KaiTi,0,0,,,,,True,1,2003年数学建模国赛真题+优秀论文/2003年优秀论文/2003B：“露天矿生产的车辆安排”的模型和评述.pdf,primary,55DAC0E775C731ADC346F37AF46F39AE6C93F5D3CFC7B3FB4E08FEEFAF38ED61,55DAC0E775C731ADC346F37AF46F39AE6C93F5D3CFC7B3FB4E08FEEFAF38ED61,active,0,50,1,unknown,,,,,2026-08-18T00:06:15+08:00,209.90277777777777,595.0,2003
1,1,unknown,unknown,22.191,22.191,22.191,2026-08-18T00:06:15+08:00,Arial;Calibri;Helvetica;KaiTi;MT;SimSun/Song;Symbol;Times New Roman,1,1,382,9,1,0,FORMAL,COMPLETE,Q2,PAPER,0,0,297.0106666666666,841.92,catalog/papers.csv; catalog/paper_files.csv; catalog/scale/g8_paper_status.csv,unknown,True,0,1,1,31.758,31.758,31.758,14,False,,PORTRAIT,15,,BOTTOM,1,,,,CUMCM-2009-A-007,1.0,text_based,A,A,------------------------------------;ABCDEE+Calibri;Times;SimSun;KaiTi;Arial;Symbol;Times;Helvetica;ABCDEE+MT,31,1,-64.607,-64.607,-64.607,,True,1,2009年数学建模国赛真题+优秀论文/2009年优秀论文/2009A：联合制动器试验台电流控制方法的实现及改进.pdf,primary,059F98140D4B67DB0EB9B7BFB1A4268A3386116EDE96D569757D8F1173018EFE,059F98140D4B67DB0EB9B7BFB1A4268A3386116EDE96D569757D8F1173018EFE,active,0,1243,1,unknown,联合制动器试验台电流控制方法的实现及改进 | 精确确定的问题，本文详细分析了联合试验台制动的制动过程，通过对驱动电流,27.74,27.561,27.778,2026-08-18T00:06:15+08:00,209.97333333333333,595.2,2009
1,0,unknown,unknown,20.743,20.743,20.743,2026-08-18T00:06:15+08:00,Cambria;Symbol;Times New Roman,1,1,429,32,1,1,FORMAL,COMPLETE,Q2,PAPER,0,0,297.053,842.04,catalog/papers.csv; catalog/paper_files.csv; catalog/scale/g8_paper_status.csv,unknown,True,0,1,1,25.027,25.027,25.027,24,False,,PORTRAIT,25,,BOTTOM,1,,,,CUMCM-2017-C-003,1.0,text_based,C,C,------------------------------------;Times;Times;Times;ABCDEE+Cambria;Times;Symbol,46,1,24.941,22.825,25.711,,True,1,2017年数学建模国赛真题+优秀论文/2017年优秀论文/2017C：颜色与物质浓度辨识 (3).pdf,primary,11D8DB22C912D0789C4C46D9A5BD736E9E3F4DB7CD17C65301D288DC0B604445,11D8DB22C912D0789C4C46D9A5BD736E9E3F4DB7CD17C65301D288DC0B604445,active,37,1179,1,unknown,颜色与物质浓度辨识 | 待测物质的浓度。本文根据所给数据的特征，采用合理的颜色读数值建立统计回归模型，,25.019,24.984,25.019,2026-08-18T00:06:15+08:00,210.01566666666668,595.32,2017
0,0,unknown,unknown,59.159,59.159,59.159,2026-08-18T00:06:15+08:00,KaiTi;SimSun/Song,1,1,0,0,1,0,FORMAL,COMPLETE,Q2,PAPER,0,0,273.558,775.44,catalog/papers.csv; catalog/paper_files.csv; catalog/scale/g8_paper_status.csv,unknown,False,0,0,1,32.972,32.972,32.972,1,False,,PORTRAIT,2,,UNKNOWN,0,,,,CUMCM-2009-B-005,1.0,text_based,B,B,------------------------------------;SimSun;KaiTi,0,0,-61.963,-61.963,-61.963,,True,1,2009年数学建模国赛真题+优秀论文/2009年优秀论文/2009B：基于排队论的病床安排模型的研究.pdf,primary,69EC746ECFABBF2C291F9944263CD269F1D4E8CAD8194C1070CF0A7699875D4F,69EC746ECFABBF2C291F9944263CD269F1D4E8CAD8194C1070CF0A7699875D4F,active,0,10,1,unknown,,115.979,115.979,115.979,2026-08-18T00:06:15+08:00,199.22066666666666,564.72,2009
0,0,unknown,unknown,,,,2026-08-18T00:06:15+08:00,KaiTi;SimSun/Song;Times New Roman,1,1,0,0,1,0,FORMAL,COMPLETE,Q2,PAPER,0,0,278.34166666666664,789.0,catalog/papers.csv; catalog/paper_files.csv; catalog/scale/g8_paper_status.csv,unknown,False,0,0,1,,,,0,False,,PORTRAIT,5,,UNKNOWN,0,,,,CUMCM-1997-A-008,1.0,text_based,A,A,------------------------------------;STSong-Light;Times-Roman;KaiTi,0,0,,,,,True,1,1997年数学建模国赛真题+优秀论文/1997年国赛优秀论文/1997A：零件的参数设计(1).pdf,primary,7CE89B136265005FB597C7886D441E66504DB71F07101F0F67BC3B94C4543948,7CE89B136265005FB597C7886D441E66504DB71F07101F0F67BC3B94C4543948,active,0,20,1,unknown,,,,,2026-08-18T00:06:15+08:00,206.0222222222222,584.0,1997
,,unknown,unknown,,,,2026-08-18T00:06:15+08:00,,0,0,,,0,,FORMAL,INELIGIBLE,,PROBLEM_PACKAGE,,,,,catalog/papers.csv; catalog/paper_files.csv; catalog/scale/g8_paper_status.csv,unknown,,,,0,,,,,,No analyzable PAPER PDF selected; identity retained in full corpus inventory.,UNKNOWN,,,,,,,,CUMCM-2019-E-003,,NOT_ANALYZED,E,E,,,,,,,,True,1,2019年数学建模国赛真题+优秀论文/2019年赛题/2019年国赛E题.pdf,primary,9BBB7176A9184E739F6151D43C960BBB2AC02701C64CC0FF427B723942794153,9BBB7176A9184E739F6151D43C960BBB2AC02701C64CC0FF427B723942794153,active,,,0,unknown,,,,,2026-08-18T00:06:15+08:00,,,2019
0,0,unknown,unknown,18.295,18.295,18.295,2026-08-18T00:06:15+08:00,Arial;KaiTi;MS-PMincho;MT-Extra;SimHei;SimSun/Song;SymbolMT;Times New Roman,1,1,409,0,1,1,FORMAL,COMPLETE,Q2,PAPER,0,0,297.0388888888889,842.0,catalog/papers.csv; catalog/paper_files.csv; catalog/scale/g8_paper_status.csv,unknown,True,0,0,1,25.018,25.017,25.019,25,False,,PORTRAIT,26,,BOTTOM,1,,,,CUMCM-2007-B-009,1.0,text_based,B,B,------------------------------------;SimHei;BEPBFB+SimSun;TimesNewRomanPSMT;TimesNewRomanPS-BoldMT;SimSun;KaiTi;BEPLKG+SymbolMT;TimesNewRomanPS-ItalicMT;ArialMT;BFHOIF+SimSun;BEPBFA+SimSun;FZSY--SURROGATE-0;BGCNCH+MT-Extra;MS-PMincho;NSimSun,21,0,-3.308,-3.308,-3.308,,True,1,2007年数学建模国赛真题+优秀论文/2007年优秀论文/2007B：《基于最小换乘次数的公交路线选择研究》.pdf,primary,625464F9C85991CAA331A8F2C31D2FB82B9B46F5E1910AD102D0655A8D06BB11,625464F9C85991CAA331A8F2C31D2FB82B9B46F5E1910AD102D0655A8D06BB11,active,0,2286,1,unknown,ࠎႿቋཬߐӰՑඔ֥܄ࢌਫ਼ཌ࿊ᄴ࿹࣮ | ๤֥ഡ࠹bٳ༅Ӱग़҂჻ߐӰ֥ྏ৘หᆘđѩॉ੮Кࣘ൧ࢌ๙ຩ઎ऎႵoཬൗࢸpหྟđ,25.04,25.038,27.347,2026-08-18T00:06:15+08:00,209.90277777777777,595.0,2007
,,unknown,unknown,,,,2026-08-18T00:06:15+08:00,,0,0,,,0,,FORMAL,INELIGIBLE,,PROBLEM_PACKAGE,,,,,catalog/papers.csv; catalog/paper_files.csv; catalog/scale/g8_paper_status.csv,unknown,,,,0,,,,,,No analyzable PAPER PDF selected; identity retained in full corpus inventory.,UNKNOWN,,,,,,,,CUMCM-2008-A-007,,NOT_ANALYZED,A,A,,,,,,,,True,1,2008年数学建模国赛真题+优秀论文/2008年赛题/2008年国赛A题.doc,primary,8C9E4F59EAEEE847A14ABEFC8C24E7A2FEFBED7953F08BFA6406F773974D8104,8C9E4F59EAEEE847A14ABEFC8C24E7A2FEFBED7953F08BFA6406F773974D8104,active,,,0,unknown,,,,,2026-08-18T00:06:15+08:00,,,2008
0,0,unknown,unknown,19.526,18.918,34.555,2026-08-18T00:06:15+08:00,KaiTi;SimSun/Song;Syntax;Times New Roman;cajcd-fntaa,1,1,247,0,1,1,FORMAL,COMPLETE,Q2,PAPER,0,1,259.9972222222222,737.0,catalog/papers.csv; catalog/paper_files.csv; catalog/scale/g8_paper_status.csv,unknown,False,0,0,1,14.146,14.146,14.146,6,False,,PORTRAIT,7,,BOTTOM,1,,,,CUMCM-2001-B-008,1.0,text_based,B,B,------------------------------------;STSong-Light;Times-Roman;cajcd-fntaa;Times-Italic;KaiTi;Times-Bold;Syntax;Syntax;Syntax;Syntax;Syntax;Syntax;Syntax;Syntax;Syntax;Syntax;Syntax;Syntax;Syntax;Syntax;Syntax;Syntax;Syntax;Syntax;Syntax;Syntax;Syntax;Syntax;Syntax;Syntax;Syntax;Syntax;Syntax;Syntax;Syntax;Syntax;Syntax;Syntax;Syntax;Syntax;Syntax;Syntax;Syntax;Syntax;Syntax;Syntax;Syntax;Syntax;Syntax;Syntax;Syntax;Syntax;Syntax;Syntax;Syntax;Syntax;Syntax;Syntax;Syntax;Syntax;Syntax;Syntax;Syntax;Syntax;Syntax;Syntax;Syntax;Syntax;Syntax;Syntax;Syntax;Syntax;Syntax;Syntax;Syntax;Syntax;Syntax;Syntax;Syntax;Syntax;Syntax;Syntax;Syntax;Syntax;Syntax;Syntax;Syntax;Syntax;Syntax;Syntax;Syntax;Syntax;Syntax;Syntax;Syntax;Syntax;Syntax;Syntax;Syntax;Syntax;Syntax;Syntax;Syntax;Syntax;Syntax;Syntax;Syntax;Syntax;Syntax;Syntax;Syntax;Syntax;Syntax;Syntax;Syntax;Syntax;Syntax;Syntax;Syntax;Syntax;Syntax;Syntax;Syntax;Syntax;Syntax;Syntax;Syntax;Syntax;Syntax;Syntax;Syntax;Syntax;Syntax;Syntax;Syntax;Syntax;Syntax;Syntax;Syntax;Syntax;Syntax;Syntax;Syntax;Syntax;Syntax;Syntax;Syntax;Syntax;Syntax;Syntax;Syntax;Syntax;Syntax;Syntax;Syntax;Syntax;Syntax;Syntax;Syntax;Syntax;Syntax;Syntax;Syntax;Syntax;Syntax;Syntax;Syntax;Syntax;Syntax;Syntax;Syntax;Syntax;Syntax;Syntax;Syntax;Syntax;Syntax;Syntax;Syntax;Syntax;Syntax;Syntax;Syntax;Syntax;Syntax;Syntax;Syntax;Syntax;Syntax;Syntax;Syntax;Syntax;Syntax;Syntax;Syntax;Syntax;Syntax;Syntax;Syntax;Syntax;Syntax;Syntax;Syntax;Syntax;Syntax;Syntax;Syntax;Syntax;Syntax;Syntax;Syntax;Syntax;Syntax;Syntax;Syntax;Syntax;Syntax;Syntax;Syntax;Syntax;Syntax;Syntax;Syntax;Syntax;Syntax;Syntax;Syntax;Syntax;Syntax;Syntax;Syntax;Syntax;Syntax;Syntax;Syntax;Syntax;Syntax;Syntax;Syntax;Syntax;Syntax;Syntax;Syntax;Syntax;Syntax;Syntax;Syntax;Syntax;Syntax;Syntax;Syntax;Syntax;Syntax;Syntax;Syntax;Syntax;Syntax;Syntax;Syntax;Syntax;Syntax;Syntax;Syntax;Syntax;Syntax;Syntax;Syntax;Syntax;Syntax;Syntax;Syntax;Syntax;Syntax;Syntax;Syntax;Syntax;Syntax;Syntax;Syntax;Syntax;Syntax;Syntax;Syntax;Syntax;Syntax;Syntax;Syntax;Syntax;Syntax;Syntax;Syntax;Syntax;Syntax;Syntax;Syntax;Syntax;Syntax;Syntax;Syntax;Syntax;Syntax;Syntax;Syntax;Syntax;Syntax;Syntax;Syntax;Syntax;Syntax;Syntax;Syntax;Syntax;Syntax;Syntax;Syntax;Syntax;Syntax;Syntax;Syntax;Syntax;Syntax;Syntax;Syntax;Syntax;Syntax;Syntax;Syntax;Syntax;Syntax;Syntax;Syntax;Syntax;Syntax;Syntax;Syntax;Syntax;Syntax;Syntax;Syntax;Syntax;Syntax;Syntax;Syntax;Syntax;Syntax;Syntax;Syntax;Syntax;Syntax;Syntax;Syntax;Syntax;Syntax;Syntax;Syntax;Syntax;Syntax;Syntax;Syntax;Syntax;Syntax;Syntax;Syntax;Syntax;Syntax;Syntax;Syntax;Syntax;Syntax;Syntax;Syntax;Syntax;Syntax;Syntax;Syntax;Syntax;Syntax;Syntax;Syntax;Syntax;Syntax;Syntax;Syntax;Syntax;Syntax;Syntax;Syntax;Syntax;Syntax;Syntax;Syntax;Syntax;Syntax;Syntax;Syntax;Syntax;Syntax;Syntax;Syntax;Syntax;Syntax;Syntax;Syntax;Syntax;Syntax;Syntax;Syntax;Syntax;Syntax;Syntax;Syntax;Syntax;Syntax;Syntax;Syntax;Syntax;Syntax;Syntax;Syntax;Syntax;Syntax;Syntax;Syntax;Syntax;Syntax;Syntax;Syntax;Syntax;Syntax;Syntax;Syntax;Syntax;Syntax;Syntax;Syntax;Syntax;Syntax;Syntax;Syntax;Syntax;Syntax;Syntax;Syntax;Syntax;Syntax;Syntax;Syntax;Syntax;Syntax;Syntax;Syntax;Syntax;Syntax;Syntax;Syntax;Syntax;Syntax;Syntax;Syntax;Syntax;Syntax;Syntax;Syntax;Syntax;Syntax;Syntax;Syntax;Syntax;Syntax;Syntax;Syntax;Syntax;Syntax;Syntax;Syntax;Syntax;Syntax;Syntax;Syntax;Syntax;Syntax;Syntax;Syntax;Syntax;Syntax;Syntax;Syntax;Syntax;Syntax;Syntax;Syntax;Syntax;Syntax;Syntax;Syntax;Syntax;Syntax;Syntax;Syntax;Syntax;Syntax;Syntax;Syntax;Syntax;Syntax;Syntax;Syntax;Syntax;Syntax;Syntax;Syntax;Syntax;Syntax;Syntax;Syntax;Syntax;Syntax;Syntax;Syntax;Syntax;Syntax;Syntax;Syntax;Syntax;Syntax;Syntax;Syntax;Syntax;Syntax;Syntax;Syntax;Syntax;Syntax;Syntax;Syntax;Syntax;Syntax;Syntax;Syntax;Syntax;Syntax;Syntax;Syntax;Syntax;Syntax;Syntax;Syntax;Syntax;Syntax;Syntax;Syntax;Syntax;Syntax;Syntax;Syntax;Syntax;Syntax;Syntax;Syntax;Syntax;Syntax;Syntax;Syntax;Syntax;Syntax;Syntax;Syntax;Syntax;Syntax;Syntax;Syntax;Syntax;Syntax;Syntax;Syntax;Syntax;Syntax;Syntax;Syntax;Syntax;Syntax;Syntax;Syntax;Syntax;Syntax;Syntax;Syntax;Syntax;Syntax;Syntax;Syntax;Syntax;Syntax;Syntax;Syntax;Syntax;Syntax;Syntax;Syntax;Syntax;Syntax;Syntax;Syntax;Syntax;Syntax;Syntax;Syntax;Syntax;Syntax;Syntax;Syntax;Syntax;Syntax;Syntax;Syntax;Syntax;Syntax;Syntax;Syntax;Syntax;Syntax;Syntax;Syntax;Syntax;Syntax;Syntax;Syntax;Syntax;Syntax;Syntax;Syntax;Syntax;Syntax;Syntax;Syntax;Syntax;Syntax;Syntax;Syntax;Syntax;Syntax;Syntax;Syntax;Syntax;Syntax;Syntax;Syntax;Syntax;Syntax;Syntax;Syntax;Syntax;Syntax;Syntax,5,0,12.746,11.681,13.921,,True,1,2001年数学建模国赛真题+优秀论文/2001年国赛优秀论文/2001B：关于公交车调度的优化问题 (2).pdf,primary,C23BF865B0681B4147D658586BBCE37C3F0853EDBA5144BD107328DF8481FCEC,C23BF865B0681B4147D658586BBCE37C3F0853EDBA5144BD107328DF8481FCEC,active,0,1058,1,unknown,J OU RNAL O F EN GIN EERIN G MA THEMA TICS,16.792,16.792,16.792,2026-08-18T00:06:15+08:00,176.0361111111111,499.0,2001
0,0,unknown,unknown,,,,2026-08-18T00:06:15+08:00,KaiTi,1,0,0,0,1,0,FORMAL,Q3_MANUAL_REQUIRED,Q3,PAPER,0,0,278.34166666666664,789.0,catalog/papers.csv; catalog/paper_files.csv; catalog/scale/g8_paper_status.csv,unknown,False,0,0,1,,,,0,False,font_or_text_layer_not_reliable,PORTRAIT,5,,UNKNOWN,0,"1,2,3,4,5",,,CUMCM-1997-B-005,0.8,image_based,B,B,------------------------------------;KaiTi,0,0,,,,,True,1,1997年数学建模国赛真题+优秀论文/1997年国赛优秀论文/1997B：切割次序的优化.pdf,primary,441AFF8DC36047D45A1DA16EA3AB42F45B25C7728049444CEF3479CA9DD790D7,441AFF8DC36047D45A1DA16EA3AB42F45B25C7728049444CEF3479CA9DD790D7,active,0,20,1,unknown,,,,,2026-08-18T00:06:15+08:00,206.0222222222222,584.0,1997
0,0,unknown,unknown,,,,2026-08-18T00:06:15+08:00,KaiTi;Times New Roman,1,1,0,0,1,0,FORMAL,COMPLETE,Q2,PAPER,0,1,296.6861111111111,841.0,catalog/papers.csv; catalog/paper_files.csv; catalog/scale/g8_paper_status.csv,unknown,True,0,0,1,,,,0,False,,PORTRAIT,8,,UNKNOWN,0,,,,CUMCM-2003-D-003,1.0,text_based,D,D,------------------------------------;Times-Roman;KaiTi,0,0,,,,,True,1,2003年数学建模国赛真题+优秀论文/2003年优秀论文/2003D：抢渡长江的数学模型（1）.pdf,primary,12EAC6CD1F19D37349302C5C762B6B9D15219905B0DB0C721480BB150C07577A,12EAC6CD1F19D37349302C5C762B6B9D15219905B0DB0C721480BB150C07577A,active,0,40,1,unknown,,,,,2026-08-18T00:06:15+08:00,209.90277777777777,595.0,2003
1,1,unknown,unknown,21.802,21.802,21.802,2026-08-18T00:06:15+08:00,Arial;KaiTi;MicrosoftJhengHeiUIRegular;SimHei;SimSun/Song;SymbolMT;Times New Roman,1,1,694,13,1,0,FORMAL,COMPLETE,Q2,PAPER,0,0,297.0106666666666,841.92,catalog/papers.csv; catalog/paper_files.csv; catalog/scale/g8_paper_status.csv,unknown,True,0,1,1,25.408,25.408,25.408,30,False,,PORTRAIT,31,,BOTTOM,1,,,,CUMCM-2018-A-005,1.0,text_based,A,A,------------------------------------;TimesNewRomanPSMT;BCDEEE+SimHei;BCDFEE+SimHei;BCDGEE+SimSun;BCDHEE+SimSun;KaiTi;TimesNewRomanPSMT;TimesNewRomanPS-ItalicMT;TimesNewRomanPS-ItalicMT;SymbolMT;BCDIEE+MicrosoftJhengHeiUIRegular;BCDJEE+SimSun;ArialMT,75,1,25.344,23.29,26.352,,True,1,2018年数学建模国赛真题+优秀论文/2018年优秀论文/2018A：高温作业服设计.pdf,primary,B313A36C2F3D65102850C3BAD2A89262A6BC403D25DBDF6035581E3CF2CAE2AA,B313A36C2F3D65102850C3BAD2A89262A6BC403D25DBDF6035581E3CF2CAE2AA,active,6,2338,1,unknown,高温作业服设计 | 【摘要】,27.016,27.016,33.747,2026-08-18T00:06:15+08:00,210.01566666666668,595.32,2018
0,0,unknown,unknown,,,,2026-08-18T00:06:15+08:00,KaiTi,1,0,0,0,1,0,FORMAL,Q3_MANUAL_REQUIRED,Q3,PAPER,0,0,278.34166666666664,789.0,catalog/papers.csv; catalog/paper_files.csv; catalog/scale/g8_paper_status.csv,unknown,False,0,0,1,,,,0,False,font_or_text_layer_not_reliable,PORTRAIT,7,,UNKNOWN,0,"1,2,3,4,5,6,7",,,CUMCM-1997-B-006,0.8,image_based,B,B,------------------------------------;KaiTi,0,0,,,,,True,1,1997年数学建模国赛真题+优秀论文/1997年国赛优秀论文/1997B：最优切割次序模型.pdf,primary,BD6929A9EBF341C312D580736A7254D358909CFA1ABF93B8BCD80912E067F606,BD6929A9EBF341C312D580736A7254D358909CFA1ABF93B8BCD80912E067F606,active,0,28,1,unknown,,,,,2026-08-18T00:06:15+08:00,206.0222222222222,584.0,1997
,,unknown,unknown,,,,2026-08-18T00:06:15+08:00,,0,0,,,0,,FORMAL,INELIGIBLE,,PROBLEM_PACKAGE,,,,,catalog/papers.csv; catalog/paper_files.csv; catalog/scale/g8_paper_status.csv,unknown,,,,0,,,,,,No analyzable PAPER PDF selected; identity retained in full corpus inventory.,UNKNOWN,,,,,,,,CUMCM-2007-A-011,,NOT_ANALYZED,A,A,,,,,,,,True,1,2007年数学建模国赛真题+优秀论文/2007年赛题/2007年国赛A题App2.doc,primary,4B2383FB002F9506FB8C25E3D27E32448EAB9D5C45E3878EE134CE07F968B29F,4B2383FB002F9506FB8C25E3D27E32448EAB9D5C45E3878EE134CE07F968B29F,active,,,0,unknown,,,,,2026-08-18T00:06:15+08:00,,,2007
,,unknown,unknown,,,,2026-08-18T00:06:15+08:00,,0,0,,,0,,FORMAL,INELIGIBLE,,SUPPORTING_MATERIAL,,,,,catalog/papers.csv; catalog/paper_files.csv; catalog/scale/g8_paper_status.csv,unknown,,,,0,,,,,,No analyzable PAPER PDF selected; identity retained in full corpus inventory.,UNKNOWN,,,,,,,,CUMCM-2011-B-002,,NOT_ANALYZED,B,B,,,,,,,,False,1,2011年数学建模国赛真题+优秀论文/2011年优秀论文/2011B：交巡警服务平台的设置与调度（3）/问题五：罪犯在各种不同速度下的围堵方案图/100.PNG,primary,EEF207C9DEACD4FD88C4EB57F5D77E219E5C5C573F0156AB15D9266F4EA0EFBB,EEF207C9DEACD4FD88C4EB57F5D77E219E5C5C573F0156AB15D9266F4EA0EFBB,active,,,0,unknown,,,,,2026-08-18T00:06:15+08:00,,,2011
,,unknown,unknown,,,,2026-08-18T00:06:15+08:00,,0,0,,,0,,FORMAL,INELIGIBLE,,PROBLEM_PACKAGE,,,,,catalog/papers.csv; catalog/paper_files.csv; catalog/scale/g8_paper_status.csv,unknown,,,,0,,,,,,No analyzable PAPER PDF selected; identity retained in full corpus inventory.,UNKNOWN,,,,,,,,CUMCM-2018-B-002,,NOT_ANALYZED,B,B,,,,,,,,True,1,2018年数学建模国赛真题+优秀论文/2018年赛题/2018年国赛B题 .doc,primary,D115B6B24FD6C1E50C03186A5A5585945D3D3BA278D8CC5E0BDF9758E36E8F97,D115B6B24FD6C1E50C03186A5A5585945D3D3BA278D8CC5E0BDF9758E36E8F97,active,,,0,unknown,,,,,2026-08-18T00:06:15+08:00,,,2018
,,unknown,unknown,,,,2026-08-18T00:06:15+08:00,,0,0,,,0,,FORMAL,INELIGIBLE,,PROBLEM_PACKAGE,,,,,catalog/papers.csv; catalog/paper_files.csv; catalog/scale/g8_paper_status.csv,unknown,,,,0,,,,,,No analyzable PAPER PDF selected; identity retained in full corpus inventory.,UNKNOWN,,,,,,,,CUMCM-2005-A-008,,NOT_ANALYZED,A,A,,,,,,,,True,1,2005年数学建模国赛真题+优秀论文/2005年赛题/2005年国赛A题.doc,primary,5BF5EAC24545B7D44E2D0D59B4F94C023290343C64644E97B47E12AE56014F3F,5BF5EAC24545B7D44E2D0D59B4F94C023290343C64644E97B47E12AE56014F3F,active,,,0,unknown,,,,,2026-08-18T00:06:15+08:00,,,2005
,,unknown,unknown,,,,2026-08-18T00:06:15+08:00,,0,0,,,0,,FORMAL,INELIGIBLE,,SUPPORTING_MATERIAL,,,,,catalog/papers.csv; catalog/paper_files.csv; catalog/scale/g8_paper_status.csv,unknown,,,,0,,,,,,No analyzable PAPER PDF selected; identity retained in full corpus inventory.,UNKNOWN,,,,,,,,CUMCM-2011-D-041,,NOT_ANALYZED,D,D,,,,,,,,True,1,2011年数学建模国赛真题+优秀论文/2011年优秀论文/2011D：天然肠衣搭配问题(1)/规格3步骤7.lg4,primary,90145F887A1DAE476F952959E6EDC9F2E0CD14E537483858DFEF4B69DD1EC89F,90145F887A1DAE476F952959E6EDC9F2E0CD14E537483858DFEF4B69DD1EC89F,active,,,0,unknown,,,,,2026-08-18T00:06:15+08:00,,,2011
,,unknown,unknown,,,,2026-08-18T00:06:15+08:00,,0,0,,,0,,FORMAL,INELIGIBLE,,PROBLEM_PACKAGE,,,,,catalog/papers.csv; catalog/paper_files.csv; catalog/scale/g8_paper_status.csv,unknown,,,,0,,,,,,No analyzable PAPER PDF selected; identity retained in full corpus inventory.,UNKNOWN,,,,,,,,CUMCM-2010-D-003,,NOT_ANALYZED,D,D,,,,,,,,True,1,2010年数学建模国赛真题+优秀论文/2010年赛题/2010年国赛D题.doc,primary,61340FC9229509B7BACEE0AC44BACDA8904EF700DB0F133F9DEA8102D9AA2E32,61340FC9229509B7BACEE0AC44BACDA8904EF700DB0F133F9DEA8102D9AA2E32,active,,,0,unknown,,,,,2026-08-18T00:06:15+08:00,,,2010
,,unknown,unknown,,,,2026-08-18T00:06:15+08:00,,0,0,,,0,,FORMAL,INELIGIBLE,,SUPPORTING_MATERIAL,,,,,catalog/papers.csv; catalog/paper_files.csv; catalog/scale/g8_paper_status.csv,unknown,,,,0,,,,,,No analyzable PAPER PDF selected; identity retained in full corpus inventory.,UNKNOWN,,,,,,,,CUMCM-2011-D-042,,NOT_ANALYZED,D,D,,,,,,,,True,1,2011年数学建模国赛真题+优秀论文/2011年优秀论文/2011D：天然肠衣搭配问题(1)/方案1规格3.lg4,primary,B084EA1E57FAD3C8F38F7B6355AD6BD3505594F5BD939DE59D7BE8599AE3D2C4,B084EA1E57FAD3C8F38F7B6355AD6BD3505594F5BD939DE59D7BE8599AE3D2C4,active,,,0,unknown,,,,,2026-08-18T00:06:15+08:00,,,2011
1,0,unknown,unknown,18.221,18.221,18.221,2026-08-18T00:06:15+08:00,KaiTi;SimSun/Song;SymbolMT;Times New Roman,1,1,223,0,1,1,FORMAL,COMPLETE,Q2,PAPER,0,0,297.00361111111107,841.9,catalog/papers.csv; catalog/paper_files.csv; catalog/scale/g8_paper_status.csv,unknown,True,0,1,1,25.019,25.019,25.019,13,False,,PORTRAIT,14,,BOTTOM,1,,,,CUMCM-2008-C-004,1.0,text_based,C,C,------------------------------------;LNUHNF+SimSun;AUWCNV+TimesNewRomanPSMT;KaiTi;TYEPLS+TimesNewRomanPS-ItalicMT;TZCMBP+SymbolMT,30,1,24.123,22.895,25.012,,True,1,2008年数学建模国赛真题+优秀论文/2008年优秀论文/2008C：《地面搜索的优化模型》.pdf,primary,73FEE41DA723C0FA080D0E3050B8585405510151FB6AEF69FEE292972D29F045,73FEE41DA723C0FA080D0E3050B8585405510151FB6AEF69FEE292972D29F045,active,0,854,1,unknown,上咨询等）与队外的任何人（包括指导教师）研究、讨论与赛题有关的问题。,27.319,26.434,30.582,2026-08-18T00:06:15+08:00,210.00861111111107,595.3,2008
,,unknown,unknown,,,,2026-08-18T00:06:15+08:00,,0,0,,,0,,FORMAL,INELIGIBLE,,PROBLEM_PACKAGE,,,,,catalog/papers.csv; catalog/paper_files.csv; catalog/scale/g8_paper_status.csv,unknown,,,,0,,,,,,No analyzable PAPER PDF selected; identity retained in full corpus inventory.,UNKNOWN,,,,,,,,CUMCM-2001-B-009,,NOT_ANALYZED,B,B,,,,,,,,True,1,2001年数学建模国赛真题+优秀论文/2001年赛题/2001年国赛A、B题.doc,primary,5668728E80B36BA7C2813E453A166F4EB083A17D0516C0CE7E2E9D8E09FB03BA,5668728E80B36BA7C2813E453A166F4EB083A17D0516C0CE7E2E9D8E09FB03BA,active,,,0,unknown,,,,,2026-08-18T00:06:15+08:00,,,2001
,,unknown,unknown,,,,2026-08-18T00:06:15+08:00,,0,0,,,0,,FORMAL,INELIGIBLE,,PROBLEM_PACKAGE,,,,,catalog/papers.csv; catalog/paper_files.csv; catalog/scale/g8_paper_status.csv,unknown,,,,0,,,,,,No analyzable PAPER PDF selected; identity retained in full corpus inventory.,UNKNOWN,,,,,,,,CUMCM-2004-A-006,,NOT_ANALYZED,A,A,,,,,,,,True,1,2004年数学建模国赛真题+优秀论文/2004年赛题/2004年国赛A题DATA.mdb,primary,9481E6DC1E3A0595917EB38385BB91CF3EE75B36A182A2080AC218A05EC44EE0,9481E6DC1E3A0595917EB38385BB91CF3EE75B36A182A2080AC218A05EC44EE0,active,,,0,unknown,,,,,2026-08-18T00:06:15+08:00,,,2004
0,0,unknown,unknown,16.157,16.157,16.184,2026-08-18T00:06:15+08:00,KaiTi;SimSun/Song;Syntax;Times New Roman;cajcd-fntaa;cajcd-fntbd;cajcd-fntlt,1,1,80,0,1,1,FORMAL,COMPLETE,Q2,PAPER,0,1,248.70833333333334,705.0,catalog/papers.csv; catalog/paper_files.csv; catalog/scale/g8_paper_status.csv,unknown,False,0,0,1,12.912,12.859,12.912,6,False,,PORTRAIT,7,,TOP,1,,,,CUMCM-2000-A-003,1.0,text_based,A,A,------------------------------------;STSong-Light;Times-Roman;cajcd-fntaa;Times-Bold;KaiTi;Times-Italic;cajcd-fntbd;cajcd-fntlt;Syntax;Syntax;Syntax;Syntax;Syntax;Syntax;Syntax;Syntax;Syntax;Syntax;Syntax;Syntax;Syntax;Syntax;Syntax;Syntax;Syntax;Syntax;Syntax;Syntax;Syntax;Syntax;Syntax;Syntax;Syntax;Syntax;Syntax;Syntax;Syntax;Syntax;Syntax;Syntax;Syntax;Syntax;Syntax;Syntax;Syntax;Syntax;Syntax;Syntax;Syntax;Syntax;Syntax;Syntax;Syntax;Syntax;Syntax;Syntax;Syntax;Syntax;Syntax;Syntax;Syntax;Syntax;Syntax;Syntax;Syntax;Syntax;Syntax;Syntax;Syntax;Syntax;Syntax;Syntax;Syntax;Syntax;Syntax;Syntax;Syntax;Syntax;Syntax;Syntax;Syntax;Syntax;Syntax;Syntax;Syntax;Syntax;Syntax;Syntax;Syntax;Syntax;Syntax;Syntax;Syntax;Syntax;Syntax;Syntax;Syntax;Syntax;Syntax;Syntax;Syntax;Syntax;Syntax;Syntax;Syntax;Syntax;Syntax;Syntax;Syntax;Syntax;Syntax;Syntax;Syntax;Syntax;Syntax;Syntax;Syntax;Syntax;Syntax;Syntax;Syntax;Syntax;Syntax;Syntax;Syntax;Syntax;Syntax;Syntax;Syntax;Syntax;Syntax;Syntax;Syntax;Syntax;Syntax;Syntax;Syntax;Syntax;Syntax;Syntax;Syntax;Syntax;Syntax;Syntax;Syntax;Syntax;Syntax;Syntax;Syntax;Syntax;Syntax;Syntax;Syntax;Syntax;Syntax;Syntax;Syntax;Syntax;Syntax;Syntax;Syntax;Syntax;Syntax;Syntax;Syntax;Syntax;Syntax;Syntax;Syntax;Syntax;Syntax;Syntax;Syntax;Syntax;Syntax;Syntax;Syntax;Syntax;Syntax;Syntax;Syntax;Syntax;Syntax;Syntax;Syntax;Syntax;Syntax;Syntax;Syntax;Syntax;Syntax;Syntax;Syntax;Syntax;Syntax;Syntax;Syntax;Syntax;Syntax;Syntax;Syntax;Syntax;Syntax;Syntax;Syntax;Syntax;Syntax;Syntax;Syntax;Syntax;Syntax;Syntax;Syntax;Syntax;Syntax;Syntax;Syntax;Syntax;Syntax;Syntax;Syntax;Syntax;Syntax;Syntax;Syntax;Syntax;Syntax;Syntax;Syntax;Syntax;Syntax;Syntax;Syntax;Syntax;Syntax;Syntax;Syntax;Syntax;Syntax;Syntax;Syntax;Syntax;Syntax;Syntax;Syntax;Syntax;Syntax;Syntax;Syntax;Syntax;Syntax;Syntax;Syntax;Syntax;Syntax;Syntax;Syntax;Syntax;Syntax;Syntax;Syntax;Syntax;Syntax;Syntax;Syntax;Syntax;Syntax;Syntax;Syntax;Syntax;Syntax;Syntax;Syntax;Syntax;Syntax;Syntax;Syntax;Syntax;Syntax;Syntax;Syntax;Syntax;Syntax;Syntax;Syntax;Syntax;Syntax;Syntax;Syntax;Syntax;Syntax;Syntax;Syntax;Syntax;Syntax;Syntax;Syntax;Syntax;Syntax;Syntax;Syntax;Syntax;Syntax;Syntax;Syntax;Syntax;Syntax;Syntax;Syntax;Syntax;Syntax;Syntax;Syntax;Syntax;Syntax;Syntax;Syntax;Syntax;Syntax;Syntax;Syntax;Syntax;Syntax;Syntax;Syntax;Syntax;Syntax;Syntax;Syntax;Syntax;Syntax;Syntax;Syntax;Syntax;Syntax;Syntax;Syntax;Syntax;Syntax;Syntax;Syntax;Syntax;Syntax;Syntax;Syntax;Syntax;Syntax;Syntax;Syntax;Syntax;Syntax;Syntax;Syntax;Syntax;Syntax;Syntax;Syntax;Syntax;Syntax;Syntax;Syntax;Syntax;Syntax;Syntax;Syntax;Syntax;Syntax;Syntax;Syntax;Syntax;Syntax;Syntax;Syntax;Syntax;Syntax;Syntax;Syntax;Syntax;Syntax;Syntax;Syntax;Syntax;Syntax;Syntax;Syntax;Syntax;Syntax;Syntax;Syntax;Syntax;Syntax;Syntax;Syntax;Syntax;Syntax;Syntax;Syntax;Syntax;Syntax;Syntax;Syntax;Syntax;Syntax;Syntax;Syntax;Syntax;Syntax;Syntax;Syntax;Syntax;Syntax;Syntax;Syntax;Syntax;Syntax;Syntax;Syntax;Syntax;Syntax;Syntax;Syntax;Syntax;Syntax;Syntax;Syntax;Syntax;Syntax;Syntax;Syntax;Syntax;Syntax;Syntax;Syntax;Syntax;Syntax;Syntax;Syntax;Syntax;Syntax;Syntax;Syntax;Syntax;Syntax;Syntax;Syntax;Syntax;Syntax;Syntax;Syntax;Syntax;Syntax;Syntax;Syntax;Syntax;Syntax;Syntax;Syntax;Syntax;Syntax;Syntax;Syntax;Syntax;Syntax;Syntax;Syntax;Syntax;Syntax;Syntax;Syntax;Syntax;Syntax;Syntax;Syntax;Syntax;Syntax;Syntax;Syntax;Syntax;Syntax;Syntax;Syntax;Syntax;Syntax;Syntax;Syntax;Syntax;Syntax;Syntax;Syntax;Syntax;Syntax;Syntax;Syntax;Syntax;Syntax;Syntax;Syntax;Syntax;Syntax;Syntax;Syntax;Syntax;Syntax;Syntax;Syntax;Syntax;Syntax;Syntax;Syntax;Syntax;Syntax;Syntax;Syntax;Syntax;Syntax;Syntax;Syntax;Syntax;Syntax;Syntax;Syntax;Syntax;Syntax;Syntax;Syntax;Syntax;Syntax;Syntax;Syntax;Syntax;Syntax;Syntax;Syntax;Syntax;Syntax;Syntax;Syntax;Syntax;Syntax;Syntax;Syntax;Syntax;Syntax;Syntax;Syntax;Syntax;Syntax;Syntax;Syntax;Syntax;Syntax;Syntax;Syntax;Syntax;Syntax;Syntax;Syntax;Syntax;Syntax;Syntax;Syntax;Syntax;Syntax;Syntax;Syntax;Syntax;Syntax;Syntax;Syntax;Syntax;Syntax;Syntax;Syntax;Syntax;Syntax;Syntax;Syntax;Syntax;Syntax;Syntax;Syntax;Syntax;Syntax;Syntax;Syntax;Syntax;Syntax;Syntax;Syntax;Syntax;Syntax;Syntax;Syntax;Syntax;Syntax;Syntax;Syntax;Syntax;Syntax;Syntax;Syntax;Syntax;Syntax;Syntax;Syntax;Syntax;Syntax;Syntax;Syntax;Syntax;Syntax;Syntax;Syntax;Syntax;Syntax;Syntax;Syntax;Syntax;Syntax;Syntax;Syntax;Syntax;Syntax;Syntax;Syntax;Syntax;Syntax;Syntax;Syntax;Syntax;Syntax;Syntax;Syntax;Syntax;Syntax;Syntax;Syntax;Syntax;Syntax;Syntax;Syntax;Syntax;Syntax;Syntax;Syntax;Syntax;Syntax;Syntax;Syntax;Syntax;Syntax;Syntax;Syntax;Syntax;Syntax;Syntax;Syntax;Syntax;Syntax;Syntax;Syntax;Syntax;Syntax;Syntax;Syntax;Syntax;Syntax;Syntax;Syntax;Syntax;Syntax;Syntax;Syntax;Syntax;Syntax;Syntax;Syntax;Syntax;Syntax;Syntax;Syntax;Syntax;Syntax;Syntax;Syntax;Syntax;Syntax;Syntax;Syntax;Syntax;Syntax;Syntax;Syntax;Syntax;Syntax;Syntax;Syntax;Syntax;Syntax;Syntax;Syntax;Syntax;Syntax;Syntax;Syntax;Syntax;Syntax;Syntax;Syntax;Syntax;Syntax;Syntax;Syntax;Syntax;Syntax;Syntax;Syntax;Syntax;Syntax;Syntax;Syntax;Syntax;Syntax;Syntax;Syntax;Syntax;Syntax;Syntax;Syntax;Syntax;Syntax;Syntax;Syntax;Syntax;Syntax;Syntax;Syntax;Syntax;Syntax;Syntax;Syntax;Syntax;Syntax;Syntax;Syntax;Syntax;Syntax;Syntax;Syntax;Syntax;Syntax;Syntax;Syntax;Syntax;Syntax;Syntax;Syntax;Syntax;Syntax;Syntax;Syntax;Syntax;Syntax;Syntax;Syntax;Syntax;Syntax;Syntax;Syntax;Syntax;Syntax;Syntax;Syntax;Syntax;Syntax;Syntax;Syntax;Syntax;Syntax;Syntax;Syntax;Syntax;Syntax;Syntax;Syntax;Syntax;Syntax;Syntax;Syntax;Syntax;Syntax;Syntax;Syntax;Syntax;Syntax;Syntax;Syntax;Syntax;Syntax;Syntax;Syntax;Syntax;Syntax;Syntax;Syntax;Syntax;Syntax;Syntax;Syntax;Syntax;Syntax;Syntax;Syntax;Syntax;Syntax;Syntax;Syntax;Syntax;Syntax;Syntax;Syntax;Syntax;Syntax;Syntax;Syntax;Syntax;Syntax;Syntax;Syntax;Syntax;Syntax;Syntax;Syntax;Syntax;Syntax;Syntax;Syntax;Syntax;Syntax;Syntax;Syntax;Syntax;Syntax;Syntax;Syntax;Syntax;Syntax;Syntax;Syntax;Syntax;Syntax;Syntax;Syntax;Syntax;Syntax;Syntax;Syntax;Syntax;Syntax;Syntax;Syntax;Syntax;Syntax;Syntax;Syntax;Syntax;Syntax;Syntax;Syntax;Syntax;Syntax;Syntax;Syntax;Syntax;Syntax;Syntax;Syntax;Syntax;Syntax;Syntax;Syntax;Syntax;Syntax;Syntax;Syntax;Syntax;Syntax;Syntax;Syntax;Syntax;Syntax;Syntax;Syntax;Syntax;Syntax;Syntax;Syntax;Syntax;Syntax;Syntax;Syntax;Syntax;Syntax;Syntax;Syntax;Syntax;Syntax;Syntax;Syntax;Syntax;Syntax;Syntax;Syntax;Syntax;Syntax;Syntax;Syntax;Syntax;Syntax;Syntax;Syntax;Syntax;Syntax;Syntax;Syntax;Syntax;Syntax;Syntax;Syntax;Syntax;Syntax;Syntax;Syntax;Syntax;Syntax;Syntax;Syntax;Syntax;Syntax;Syntax;Syntax;Syntax;Syntax;Syntax;Syntax;Syntax;Syntax;Syntax;Syntax;Syntax;Syntax;Syntax;Syntax;Syntax;Syntax;Syntax;Syntax;Syntax;Syntax;Syntax;Syntax;Syntax;Syntax;Syntax;Syntax;Syntax;Syntax;Syntax;Syntax;Syntax;Syntax;Syntax;Syntax;Syntax;Syntax;Syntax;Syntax;Syntax;Syntax;Syntax;Syntax;Syntax;Syntax;Syntax;Syntax;Syntax;Syntax;Syntax;Syntax;Syntax;Syntax;Syntax;Syntax;Syntax;Syntax;Syntax;Syntax;Syntax;Syntax;Syntax;Syntax;Syntax;Syntax;Syntax;Syntax;Syntax;Syntax;Syntax;Syntax;Syntax;Syntax;Syntax;Syntax;Syntax;Syntax;Syntax;Syntax;Syntax;Syntax;Syntax;Syntax;Syntax;Syntax;Syntax;Syntax;Syntax;Syntax;Syntax;Syntax;Syntax;Syntax;Syntax;Syntax;Syntax;Syntax;Syntax;Syntax;Syntax;Syntax;Syntax;Syntax;Syntax;Syntax;Syntax;Syntax;Syntax;Syntax;Syntax;Syntax;Syntax;Syntax;Syntax;Syntax;Syntax;Syntax;Syntax;Syntax;Syntax;Syntax;Syntax;Syntax;Syntax;Syntax;Syntax;Syntax;Syntax;Syntax;Syntax;Syntax;Syntax;Syntax;Syntax;Syntax;Syntax;Syntax;Syntax;Syntax;Syntax;Syntax;Syntax;Syntax;Syntax;Syntax;Syntax;Syntax;Syntax;Syntax;Syntax;Syntax;Syntax,17,0,10.178,10.16,10.195,,True,1,2000年数学建模国赛真题+优秀论文/2000年国赛优秀论文/2000A：关于DNA序列分类问题的模型.pdf,primary,2C0F27DE600CEBFCF375ABB97BD39193A10486E810E46DD1A5EA0734DD1413E5,2C0F27DE600CEBFCF375ABB97BD39193A10486E810E46DD1A5EA0734DD1413E5,active,0,681,1,unknown,M A TH EM A T ICSINPRA CT ICE ANDTH EO R Y | sequences.T he second is the p eriod ic p rop erty of the DNAsequences.T he th ird is tha t am oun t,14.146,14.146,14.146,2026-08-18T00:06:15+08:00,167.56944444444446,475.0,2000
0,0,unknown,unknown,,,,2026-08-18T00:06:15+08:00,KaiTi;Times New Roman,1,1,0,0,1,0,FORMAL,COMPLETE,Q2,PAPER,0,1,296.6861111111111,841.0,catalog/papers.csv; catalog/paper_files.csv; catalog/scale/g8_paper_status.csv,unknown,True,0,0,1,,,,0,False,,PORTRAIT,7,,UNKNOWN,0,,,,CUMCM-2003-D-004,1.0,text_based,D,D,------------------------------------;Times-Roman;KaiTi,0,0,,,,,True,1,2003年数学建模国赛真题+优秀论文/2003年优秀论文/2003D：江河竞渡的优化模型.pdf,primary,AAB993534D403DC6FF5EF8FAA52919C3EBD266336B0BA36FF50114404D35A719,AAB993534D403DC6FF5EF8FAA52919C3EBD266336B0BA36FF50114404D35A719,active,0,35,1,unknown,,,,,2026-08-18T00:06:15+08:00,209.90277777777777,595.0,2003
0,0,unknown,unknown,,,,2026-08-18T00:06:15+08:00,KaiTi;Times New Roman,1,0,0,0,1,1,FORMAL,Q3_MANUAL_REQUIRED,Q3,PAPER,0,0,275.8722222222222,782.0,catalog/papers.csv; catalog/paper_files.csv; catalog/scale/g8_paper_status.csv,unknown,False,0,0,1,,,,0,False,font_or_text_layer_not_reliable,PORTRAIT,7,,UNKNOWN,0,"1,2,3,4,5,6,7",,,CUMCM-2002-A-013,0.8,image_based,A,A,------------------------------------;Times-Italic;KaiTi,0,0,,,,,True,1,2002年数学建模国赛真题+优秀论文/2002年优秀论文/2002A：车灯光源优化问题的探讨 (2).pdf,primary,389167157195A755373B350F162A186F0B13E33E122C770C079BB4EF40F5425E,389167157195A755373B350F162A186F0B13E33E122C770C079BB4EF40F5425E,active,0,44,1,unknown,,,,,2026-08-18T00:06:15+08:00,208.13888888888889,590.0,2002
,,unknown,unknown,,,,2026-08-18T00:06:15+08:00,,0,0,,,0,,FORMAL,,,NOT_IN_G8_STATUS,,,,,catalog/papers.csv; catalog/paper_files.csv; catalog/scale/g8_paper_status.csv,unknown,,,,0,,,,,,No analyzable PAPER PDF selected; identity retained in full corpus inventory.,UNKNOWN,,,,,,,,CUMCM-2025-E-001,,NOT_ANALYZED,E,E,,,,,,,,True,1,2025年数学建模国赛真题+优秀论文/2025年数学建模国赛真题！/E题/E题.pdf,primary,1E6ECC6D75D2AAA0EAE3DC961704FD17F1CD452A51490C80855A9F799CE1A958,1E6ECC6D75D2AAA0EAE3DC961704FD17F1CD452A51490C80855A9F799CE1A958,active,,,0,unknown,,,,,2026-08-18T00:06:15+08:00,,,2025
1,1,unknown,unknown,21.81,21.81,21.81,2026-08-18T00:06:15+08:00,Arial;Calibri;Cambria;Times New Roman,1,1,577,37,1,1,FORMAL,COMPLETE,Q2,PAPER,0,0,296.9683333333333,841.8,catalog/papers.csv; catalog/paper_files.csv; catalog/scale/g8_paper_status.csv,unknown,True,0,1,1,25.003,25.003,32.048,46,False,,PORTRAIT,47,,BOTTOM,1,,,,CUMCM-2017-B-008,1.0,text_based,B,B,------------------------------------;Times;ABCDEE+Cambria;Times;ABCDEE+Calibri;ABCDEE+Calibri;Arial;ABCDEE+Cambria;ABCDEE+Cambria;Times,167,1,25.404,22.945,53.267,,True,1,2017年数学建模国赛真题+优秀论文/2017年优秀论文/2017B：“拍照赚钱”的任务定价 (2).pdf,primary,B1F25B947DDDAF8BC54F355DFC44974FDB724D09EC41AA2C85C19A2C3C5D3590,B1F25B947DDDAF8BC54F355DFC44974FDB724D09EC41AA2C85C19A2C3C5D3590,active,8,3839,1,unknown,“拍照赚钱”的定价分析 | 针对问题一，我们通过分析发现对所有的任务点用 ISODATA 算法进行聚类分析，,24.888,24.783,25.206,2026-08-18T00:06:15+08:00,209.97333333333333,595.2,2017
,,unknown,unknown,,,,2026-08-18T00:06:15+08:00,,0,0,,,0,,FORMAL,INELIGIBLE,,PROBLEM_PACKAGE,,,,,catalog/papers.csv; catalog/paper_files.csv; catalog/scale/g8_paper_status.csv,unknown,,,,0,,,,,,No analyzable PAPER PDF selected; identity retained in full corpus inventory.,UNKNOWN,,,,,,,,CUMCM-2004-A-007,,NOT_ANALYZED,A,A,,,,,,,,True,1,2004年数学建模国赛真题+优秀论文/2004年赛题/2004年国赛A题.doc,primary,DA1CB501E46C9DC4014CE1666DFB7A7549EBB5D589BD00193C52FA91007FEC5B,DA1CB501E46C9DC4014CE1666DFB7A7549EBB5D589BD00193C52FA91007FEC5B,active,,,0,unknown,,,,,2026-08-18T00:06:15+08:00,,,2004
,,unknown,unknown,,,,2026-08-18T00:06:15+08:00,,0,0,,,0,,FORMAL,COMPLETE,UNKNOWN,PAPER,,,,,catalog/papers.csv; catalog/paper_files.csv; catalog/scale/g8_paper_status.csv,unknown,,,,0,,,,,,No analyzable PAPER PDF selected; identity retained in full corpus inventory.,UNKNOWN,,,,,,,,CUMCM-2012-C-004,,NOT_ANALYZED,C,C,,,,,,,,True,1,2012年数学建模国赛真题+优秀论文/2012年优秀论文/2012C：脑卒中发病环境因素分析及干预 (1)/基于逐步回归的脑卒中发病环境因素分析及干预模型.doc,primary,A610CEEE3C902F85C0FC590467868550F5CB9D52ECD57E21747EF890671CBDD7,A610CEEE3C902F85C0FC590467868550F5CB9D52ECD57E21747EF890671CBDD7,active,,,0,unknown,,,,,2026-08-18T00:06:15+08:00,,,2012
,,unknown,unknown,,,,2026-08-18T00:06:15+08:00,,0,0,,,0,,FORMAL,INELIGIBLE,,PROBLEM_PACKAGE,,,,,catalog/papers.csv; catalog/paper_files.csv; catalog/scale/g8_paper_status.csv,unknown,,,,0,,,,,,No analyzable PAPER PDF selected; identity retained in full corpus inventory.,UNKNOWN,,,,,,,,CUMCM-2021-D-001,,NOT_ANALYZED,D,D,,,,,,,,True,1,2021年数学建模国赛真题+优秀论文/2021年国赛赛题/2021年国赛D题.pdf,primary,495F55CC6EEC43978DF507BE8BFFD417A5E817AB0F8046361B217F6C6EE20DD8,495F55CC6EEC43978DF507BE8BFFD417A5E817AB0F8046361B217F6C6EE20DD8,active,,,0,unknown,,,,,2026-08-18T00:06:15+08:00,,,2021
0,0,unknown,unknown,,,,2026-08-18T00:06:15+08:00,KaiTi;Times New Roman,1,1,0,0,1,0,FORMAL,COMPLETE,Q2,PAPER,0,1,296.6861111111111,841.0,catalog/papers.csv; catalog/paper_files.csv; catalog/scale/g8_paper_status.csv,unknown,True,0,0,1,,,,0,False,,PORTRAIT,7,,UNKNOWN,0,,,,CUMCM-2001-C-002,1.0,text_based,C,C,------------------------------------;Times-Roman;KaiTi,0,0,,,,,True,1,2001年数学建模国赛真题+优秀论文/2001年国赛优秀论文/2001C：“基金使用计划”模型和评述.pdf,primary,7572379FF6B8A6B78B7CE51ABCC631C1DF6059601AD45C0FB96409340DB2F780,7572379FF6B8A6B78B7CE51ABCC631C1DF6059601AD45C0FB96409340DB2F780,active,0,35,1,unknown,,,,,2026-08-18T00:06:15+08:00,209.90277777777777,595.0,2001
0,0,unknown,unknown,70.73,70.73,70.73,2026-08-18T00:06:15+08:00,KaiTi;SimSun/Song,1,0,0,0,1,0,FORMAL,Q3_MANUAL_REQUIRED,Q3,PAPER,0,1,297.0388888888889,842.0,catalog/papers.csv; catalog/paper_files.csv; catalog/scale/g8_paper_status.csv,unknown,True,0,0,1,38.059,38.059,38.059,6,False,font_or_text_layer_not_reliable,PORTRAIT,7,,UNKNOWN,0,"1,2,3,4,5,6,7",,,CUMCM-2007-B-010,0.8,image_based,B,B,------------------------------------;ARLGSC+SimSun;SimSun;SimSun;KaiTi,0,0,-3.308,-3.308,-3.308,,True,1,2007年数学建模国赛真题+优秀论文/2007年优秀论文/2007B：《最优公交线路选择》.pdf,primary,32BE976B8094E5BDA8BB005BCB2EB20561DD017364CDCC56DA49D62A467917D3,32BE976B8094E5BDA8BB005BCB2EB20561DD017364CDCC56DA49D62A467917D3,active,0,63,1,unknown,http://www.madio.net | 数学中国www.madio.net,80.998,80.998,80.998,2026-08-18T00:06:15+08:00,209.90277777777777,595.0,2007
1,1,unknown,unknown,21.978,21.978,21.978,2026-08-18T00:06:15+08:00,Arial;Calibri;Helvetica;Microsoft;Symbol;Times New Roman,1,1,521,22,1,0,FORMAL,COMPLETE,Q2,PAPER,0,0,297.1270833333333,842.25,catalog/papers.csv; catalog/paper_files.csv; catalog/scale/g8_paper_status.csv,unknown,True,0,1,1,25.171,25.171,25.171,27,False,,PORTRAIT,28,,BOTTOM,1,,,,CUMCM-2014-A-A1114,1.0,text_based,A,A,------------------------------------;Times;Times;Symbol;Arial;ABCDEE+Calibri;Times;Times;Helvetica;ABCDEE+Microsoft,65,1,25.425,24.888,27.004,,True,1,2014年数学建模国赛真题+优秀论文/2014优秀论文/2014A：嫦娥三号软着陆轨道设计与控制策略 (2)/A11141001_陈超_唐梦珏_杨克宇.pdf,primary,399ECC44F220B876F21101D1412C204ACE60137FE18A2A730A7DC9D9E0CB5059,399ECC44F220B876F21101D1412C204ACE60137FE18A2A730A7DC9D9E0CB5059,active,3,2296,1,unknown,上咨询等）与队外的任何人（包括指导教师）研究、讨论与赛题有关的问题。,25.155,24.64,25.164,2026-08-18T00:06:15+08:00,210.07916666666665,595.5,2014
,,unknown,unknown,,,,2026-08-18T00:06:15+08:00,,0,0,,,0,,FORMAL,INELIGIBLE,,PROBLEM_PACKAGE,,,,,catalog/papers.csv; catalog/paper_files.csv; catalog/scale/g8_paper_status.csv,unknown,,,,0,,,,,,No analyzable PAPER PDF selected; identity retained in full corpus inventory.,UNKNOWN,,,,,,,,CUMCM-2011-D-043,,NOT_ANALYZED,D,D,,,,,,,,True,1,2011年数学建模国赛真题+优秀论文/2011年赛题/2011年国赛D题.doc,primary,093133C2FEE4BC54BF4C2C9BE9B902DF84D8399F81759A303F58F50F7EF0DFC4,093133C2FEE4BC54BF4C2C9BE9B902DF84D8399F81759A303F58F50F7EF0DFC4,active,,,0,unknown,,,,,2026-08-18T00:06:15+08:00,,,2011
0,0,unknown,unknown,,,,2026-08-18T00:06:15+08:00,KaiTi;Times New Roman,1,1,0,0,1,0,FORMAL,COMPLETE,Q2,PAPER,0,1,296.6861111111111,841.0,catalog/papers.csv; catalog/paper_files.csv; catalog/scale/g8_paper_status.csv,unknown,True,0,0,1,,,,0,False,,PORTRAIT,8,,UNKNOWN,0,,,,CUMCM-2001-C-003,1.0,text_based,C,C,------------------------------------;Times-Roman;KaiTi,0,0,,,,,True,1,2001年数学建模国赛真题+优秀论文/2001年国赛优秀论文/2001C：基金最佳使用计划.pdf,primary,7229B6C376D7469D0442A6D5998AC07B70DA60A77E4DDE20012CD46AE7D190B7,7229B6C376D7469D0442A6D5998AC07B70DA60A77E4DDE20012CD46AE7D190B7,active,0,40,1,unknown,,,,,2026-08-18T00:06:15+08:00,209.90277777777777,595.0,2001
,,unknown,unknown,,,,2026-08-18T00:06:15+08:00,,0,0,,,0,,FORMAL,INELIGIBLE,,SUPPORTING_MATERIAL,,,,,catalog/papers.csv; catalog/paper_files.csv; catalog/scale/g8_paper_status.csv,unknown,,,,0,,,,,,No analyzable PAPER PDF selected; identity retained in full corpus inventory.,UNKNOWN,,,,,,,,CUMCM-2011-D-044,,NOT_ANALYZED,D,D,,,,,,,,True,1,2011年数学建模国赛真题+优秀论文/2011年优秀论文/2011D：天然肠衣搭配问题(1)/规格3步骤8.lg4,primary,E96FE95A190D923838583659E5EC8CE634A4F5BE79927BF46CEA44AF16DF7375,E96FE95A190D923838583659E5EC8CE634A4F5BE79927BF46CEA44AF16DF7375,active,,,0,unknown,,,,,2026-08-18T00:06:15+08:00,,,2011
1,1,unknown,unknown,17.272,17.272,17.272,2026-08-18T00:06:15+08:00,Arial;KaiTi;MTExtra;SimSun/Song;Symbol;Times New Roman,1,1,999,19,1,1,FORMAL,COMPLETE,Q2,PAPER,0,1,279.4,792.0,catalog/papers.csv; catalog/paper_files.csv; catalog/scale/g8_paper_status.csv,unknown,False,0,1,1,39.37,39.37,39.37,28,False,,PORTRAIT,29,,BOTTOM,1,,,,CUMCM-2008-A-008,1.0,text_based,A,A,------------------------------------;TimesNewRoman;AMMETP+SimSun;AMMETQ+SimSun;SimSun;KaiTi;AMMETR+SimSun;AMMETS+SimSun;Symbol;AMMETT+SimSun;AMMETU+SimSun;AMMETV+SimSun;Arial;AMMETN+TimesNewRoman;MTExtra,21,1,36.872,27.136,38.777,,True,1,2008年数学建模国赛真题+优秀论文/2008A：《数码相机定位》/论文/数码相机定位.pdf,primary,9CBFF6FB0F86B81497C328399E130F9656CE7995AA0E3D863488F78E906EC5E6,9CBFF6FB0F86B81497C328399E130F9656CE7995AA0E3D863488F78E906EC5E6,active,9,4409,1,unknown,数学中国论文共享http://www.madio.cn | www.madio.cn,25.527,24.299,26.501,2026-08-18T00:06:15+08:00,215.89999999999998,612.0,2008
0,0,unknown,unknown,16.157,16.157,16.334,2026-08-18T00:06:15+08:00,KaiTi;SimSun/Song;Syntax;Times New Roman;cajcd-fntaa;cajcd-fntbd;cajcd-fntlt,1,1,249,0,1,1,FORMAL,COMPLETE,Q2,PAPER,0,1,248.70833333333334,705.0,catalog/papers.csv; catalog/paper_files.csv; catalog/scale/g8_paper_status.csv,unknown,False,0,0,1,12.912,12.841,12.912,5,False,,PORTRAIT,6,,BOTTOM,1,,,,CUMCM-1999-C-003,1.0,text_based,C,C,------------------------------------;STSong-Light;Times-Roman;cajcd-fntaa;Times-Bold;Times-Italic;KaiTi;cajcd-fntbd;cajcd-fntlt;Syntax;Syntax;Syntax;Syntax;Syntax;Syntax;Syntax;Syntax;Syntax;Syntax;Syntax;Syntax;Syntax;Syntax;Syntax;Syntax;Syntax;Syntax;Syntax;Syntax;Syntax;Syntax;Syntax;Syntax;Syntax;Syntax;Syntax;Syntax;Syntax;Syntax;Syntax;Syntax;Syntax;Syntax;Syntax;Syntax;Syntax;Syntax;Syntax;Syntax;Syntax;Syntax;Syntax;Syntax;Syntax;Syntax;Syntax;Syntax;Syntax;Syntax;Syntax;Syntax;Syntax;Syntax;Syntax;Syntax;Syntax;Syntax;Syntax;Syntax;Syntax;Syntax;Syntax;Syntax;Syntax;Syntax;Syntax;Syntax;Syntax;Syntax;Syntax;Syntax;Syntax;Syntax;Syntax;Syntax;Syntax;Syntax;Syntax;Syntax;Syntax;Syntax;Syntax;Syntax;Syntax;Syntax;Syntax;Syntax;Syntax;Syntax;Syntax;Syntax;Syntax;Syntax;Syntax;Syntax;Syntax;Syntax;Syntax;Syntax;Syntax;Syntax;Syntax;Syntax;Syntax;Syntax;Syntax;Syntax;Syntax;Syntax;Syntax;Syntax;Syntax;Syntax;Syntax;Syntax;Syntax;Syntax;Syntax;Syntax;Syntax;Syntax;Syntax;Syntax;Syntax;Syntax;Syntax;Syntax;Syntax;Syntax;Syntax;Syntax;Syntax;Syntax;Syntax;Syntax;Syntax;Syntax;Syntax;Syntax;Syntax;Syntax;Syntax;Syntax;Syntax;Syntax;Syntax;Syntax;Syntax;Syntax;Syntax;Syntax;Syntax;Syntax;Syntax;Syntax;Syntax;Syntax;Syntax;Syntax;Syntax;Syntax;Syntax;Syntax;Syntax;Syntax;Syntax;Syntax;Syntax;Syntax;Syntax;Syntax;Syntax;Syntax;Syntax;Syntax;Syntax;Syntax;Syntax;Syntax;Syntax;Syntax;Syntax;Syntax;Syntax;Syntax;Syntax;Syntax;Syntax;Syntax;Syntax;Syntax;Syntax;Syntax;Syntax;Syntax;Syntax;Syntax;Syntax;Syntax;Syntax;Syntax;Syntax;Syntax;Syntax;Syntax;Syntax;Syntax;Syntax;Syntax;Syntax;Syntax;Syntax;Syntax;Syntax;Syntax;Syntax;Syntax;Syntax;Syntax;Syntax;Syntax;Syntax;Syntax;Syntax;Syntax;Syntax;Syntax;Syntax;Syntax;Syntax;Syntax;Syntax;Syntax;Syntax;Syntax;Syntax;Syntax;Syntax;Syntax;Syntax;Syntax;Syntax;Syntax;Syntax;Syntax;Syntax;Syntax;Syntax;Syntax;Syntax;Syntax;Syntax;Syntax;Syntax;Syntax;Syntax;Syntax;Syntax;Syntax;Syntax;Syntax;Syntax;Syntax;Syntax;Syntax;Syntax;Syntax;Syntax;Syntax;Syntax;Syntax;Syntax;Syntax;Syntax;Syntax;Syntax;Syntax;Syntax;Syntax;Syntax;Syntax;Syntax;Syntax;Syntax;Syntax;Syntax;Syntax;Syntax;Syntax;Syntax;Syntax;Syntax;Syntax;Syntax;Syntax;Syntax;Syntax;Syntax;Syntax;Syntax;Syntax;Syntax;Syntax;Syntax;Syntax;Syntax;Syntax;Syntax;Syntax;Syntax;Syntax;Syntax;Syntax;Syntax;Syntax;Syntax;Syntax;Syntax;Syntax;Syntax;Syntax;Syntax;Syntax;Syntax;Syntax;Syntax;Syntax;Syntax;Syntax;Syntax;Syntax;Syntax;Syntax;Syntax;Syntax;Syntax;Syntax;Syntax;Syntax;Syntax;Syntax;Syntax;Syntax;Syntax;Syntax;Syntax;Syntax;Syntax;Syntax;Syntax;Syntax;Syntax;Syntax;Syntax;Syntax;Syntax;Syntax;Syntax;Syntax;Syntax;Syntax;Syntax;Syntax;Syntax;Syntax;Syntax;Syntax;Syntax;Syntax;Syntax;Syntax;Syntax;Syntax;Syntax;Syntax;Syntax;Syntax;Syntax;Syntax;Syntax;Syntax;Syntax;Syntax;Syntax;Syntax;Syntax;Syntax;Syntax;Syntax;Syntax;Syntax;Syntax;Syntax;Syntax;Syntax;Syntax;Syntax;Syntax;Syntax;Syntax;Syntax;Syntax;Syntax;Syntax;Syntax;Syntax;Syntax;Syntax;Syntax;Syntax;Syntax;Syntax;Syntax;Syntax;Syntax;Syntax;Syntax;Syntax;Syntax;Syntax;Syntax;Syntax;Syntax;Syntax;Syntax;Syntax;Syntax;Syntax;Syntax;Syntax;Syntax;Syntax;Syntax;Syntax;Syntax;Syntax;Syntax;Syntax;Syntax;Syntax;Syntax;Syntax;Syntax;Syntax;Syntax;Syntax;Syntax;Syntax;Syntax;Syntax;Syntax;Syntax;Syntax;Syntax;Syntax;Syntax;Syntax;Syntax;Syntax;Syntax;Syntax;Syntax;Syntax;Syntax;Syntax;Syntax;Syntax;Syntax;Syntax;Syntax;Syntax;Syntax;Syntax;Syntax;Syntax;Syntax;Syntax;Syntax;Syntax;Syntax;Syntax;Syntax;Syntax;Syntax;Syntax;Syntax;Syntax;Syntax;Syntax;Syntax;Syntax;Syntax;Syntax;Syntax;Syntax;Syntax;Syntax;Syntax;Syntax;Syntax;Syntax;Syntax;Syntax;Syntax;Syntax;Syntax;Syntax;Syntax;Syntax;Syntax;Syntax;Syntax;Syntax;Syntax;Syntax;Syntax;Syntax;Syntax;Syntax;Syntax;Syntax;Syntax;Syntax;Syntax;Syntax;Syntax;Syntax;Syntax;Syntax;Syntax;Syntax;Syntax;Syntax;Syntax;Syntax;Syntax;Syntax;Syntax;Syntax;Syntax;Syntax;Syntax;Syntax;Syntax;Syntax;Syntax;Syntax;Syntax;Syntax;Syntax;Syntax;Syntax;Syntax;Syntax;Syntax;Syntax;Syntax;Syntax;Syntax;Syntax;Syntax;Syntax;Syntax;Syntax;Syntax;Syntax;Syntax;Syntax;Syntax;Syntax;Syntax;Syntax;Syntax;Syntax;Syntax;Syntax;Syntax;Syntax;Syntax;Syntax;Syntax;Syntax;Syntax;Syntax;Syntax;Syntax;Syntax;Syntax;Syntax;Syntax;Syntax;Syntax;Syntax;Syntax;Syntax;Syntax;Syntax;Syntax;Syntax;Syntax;Syntax;Syntax;Syntax;Syntax;Syntax;Syntax;Syntax;Syntax;Syntax;Syntax;Syntax;Syntax;Syntax;Syntax;Syntax;Syntax;Syntax;Syntax;Syntax;Syntax;Syntax;Syntax;Syntax;Syntax;Syntax;Syntax;Syntax;Syntax;Syntax;Syntax;Syntax;Syntax;Syntax;Syntax;Syntax;Syntax;Syntax;Syntax;Syntax;Syntax;Syntax;Syntax;Syntax;Syntax;Syntax;Syntax;Syntax;Syntax;Syntax;Syntax;Syntax;Syntax;Syntax;Syntax;Syntax;Syntax;Syntax;Syntax;Syntax;Syntax;Syntax;Syntax;Syntax;Syntax;Syntax;Syntax;Syntax;Syntax;Syntax;Syntax;Syntax;Syntax;Syntax;Syntax;Syntax;Syntax;Syntax;Syntax;Syntax;Syntax;Syntax;Syntax;Syntax;Syntax;Syntax;Syntax;Syntax;Syntax;Syntax;Syntax;Syntax;Syntax;Syntax;Syntax;Syntax;Syntax;Syntax;Syntax;Syntax;Syntax;Syntax;Syntax;Syntax;Syntax;Syntax;Syntax;Syntax;Syntax;Syntax;Syntax;Syntax;Syntax;Syntax;Syntax;Syntax;Syntax;Syntax;Syntax;Syntax;Syntax;Syntax;Syntax;Syntax;Syntax;Syntax;Syntax;Syntax;Syntax;Syntax;Syntax;Syntax;Syntax;Syntax;Syntax;Syntax;Syntax;Syntax;Syntax;Syntax;Syntax;Syntax;Syntax;Syntax;Syntax;Syntax;Syntax;Syntax;Syntax;Syntax;Syntax;Syntax;Syntax;Syntax;Syntax;Syntax;Syntax;Syntax;Syntax;Syntax;Syntax;Syntax;Syntax;Syntax;Syntax;Syntax;Syntax;Syntax;Syntax;Syntax;Syntax;Syntax;Syntax;Syntax;Syntax;Syntax;Syntax;Syntax;Syntax;Syntax;Syntax;Syntax;Syntax;Syntax;Syntax;Syntax;Syntax;Syntax;Syntax;Syntax;Syntax;Syntax;Syntax;Syntax;Syntax;Syntax;Syntax;Syntax;Syntax;Syntax;Syntax;Syntax;Syntax;Syntax;Syntax;Syntax;Syntax;Syntax;Syntax;Syntax;Syntax;Syntax;Syntax;Syntax;Syntax;Syntax;Syntax;Syntax;Syntax;Syntax;Syntax;Syntax;Syntax;Syntax;Syntax;Syntax;Syntax;Syntax;Syntax;Syntax;Syntax;Syntax;Syntax;Syntax;Syntax;Syntax;Syntax;Syntax;Syntax;Syntax;Syntax;Syntax;Syntax;Syntax;Syntax;Syntax;Syntax;Syntax;Syntax;Syntax;Syntax;Syntax;Syntax;Syntax;Syntax;Syntax;Syntax;Syntax;Syntax;Syntax;Syntax;Syntax;Syntax;Syntax;Syntax;Syntax;Syntax;Syntax;Syntax;Syntax;Syntax;Syntax;Syntax;Syntax;Syntax;Syntax;Syntax;Syntax;Syntax;Syntax;Syntax;Syntax;Syntax;Syntax;Syntax;Syntax;Syntax;Syntax;Syntax;Syntax;Syntax;Syntax;Syntax;Syntax;Syntax;Syntax;Syntax;Syntax;Syntax;Syntax;Syntax;Syntax;Syntax;Syntax;Syntax;Syntax;Syntax;Syntax;Syntax;Syntax;Syntax;Syntax;Syntax;Syntax;Syntax;Syntax;Syntax;Syntax;Syntax;Syntax;Syntax;Syntax;Syntax;Syntax;Syntax;Syntax;Syntax;Syntax;Syntax;Syntax;Syntax;Syntax;Syntax;Syntax;Syntax;Syntax;Syntax;Syntax;Syntax;Syntax;Syntax;Syntax;Syntax;Syntax;Syntax;Syntax;Syntax;Syntax;Syntax;Syntax;Syntax;Syntax;Syntax;Syntax;Syntax;Syntax;Syntax;Syntax;Syntax;Syntax;Syntax;Syntax;Syntax;Syntax;Syntax;Syntax;Syntax;Syntax;Syntax;Syntax;Syntax;Syntax;Syntax;Syntax;Syntax;Syntax;Syntax;Syntax;Syntax;Syntax;Syntax;Syntax;Syntax;Syntax;Syntax;Syntax;Syntax;Syntax;Syntax;Syntax;Syntax;Syntax;Syntax;Syntax;Syntax;Syntax;Syntax;Syntax;Syntax;Syntax;Syntax;Syntax;Syntax;Syntax;Syntax;Syntax;Syntax;Syntax;Syntax;Syntax;Syntax;Syntax;Syntax;Syntax;Syntax;Syntax;Syntax;Syntax;Syntax;Syntax;Syntax;Syntax;Syntax;Syntax;Syntax;Syntax;Syntax;Syntax;Syntax;Syntax;Syntax;Syntax;Syntax;Syntax;Syntax;Syntax;Syntax;Syntax;Syntax;Syntax;Syntax;Syntax;Syntax;Syntax;Syntax;Syntax;Syntax;Syntax;Syntax;Syntax;Syntax;Syntax;Syntax;Syntax;Syntax;Syntax;Syntax;Syntax;Syntax;Syntax;Syntax;Syntax;Syntax;Syntax;Syntax;Syntax;Syntax;Syntax;Syntax;Syntax;Syntax;Syntax;Syntax;Syntax;Syntax;Syntax;Syntax;Syntax;Syntax;Syntax;Syntax;Syntax;Syntax;Syntax;Syntax;Syntax;Syntax;Syntax;Syntax;Syntax;Syntax;Syntax;Syntax;Syntax;Syntax;Syntax;Syntax;Syntax;Syntax;Syntax;Syntax;Syntax;Syntax;Syntax;Syntax;Syntax;Syntax;Syntax;Syntax;Syntax;Syntax;Syntax;Syntax;Syntax;Syntax;Syntax;Syntax;Syntax;Syntax;Syntax;Syntax;Syntax;Syntax;Syntax;Syntax;Syntax;Syntax;Syntax;Syntax;Syntax;Syntax;Syntax;Syntax;Syntax;Syntax;Syntax;Syntax;Syntax;Syntax;Syntax;Syntax;Syntax;Syntax;Syntax;Syntax;Syntax;Syntax;Syntax;Syntax;Syntax;Syntax;Syntax;Syntax;Syntax;Syntax;Syntax;Syntax;Syntax;Syntax;Syntax;Syntax;Syntax;Syntax;Syntax;Syntax;Syntax;Syntax;Syntax;Syntax;Syntax;Syntax;Syntax;Syntax;Syntax;Syntax;Syntax;Syntax;Syntax;Syntax;Syntax;Syntax;Syntax;Syntax;Syntax;Syntax;Syntax;Syntax;Syntax;Syntax;Syntax,6,0,10.16,10.125,10.231,,True,1,1999年数学建模国赛真题+优秀论文/1999年国赛优秀论文/1999C：煤矸石堆积问题的解答及引出的思考.pdf,primary,9B9598BBDB16239E94BD0C65F95282B417603644F4DD3715F5B453E213A109FD,9B9598BBDB16239E94BD0C65F95282B417603644F4DD3715F5B453E213A109FD,active,0,757,1,unknown,M A TH EM A T ICSINPRA CT ICE ANDTH EO R Y,14.146,14.146,14.146,2026-08-18T00:06:15+08:00,167.56944444444446,475.0,1999
,,unknown,unknown,,,,2026-08-18T00:06:15+08:00,,0,0,,,0,,FORMAL,INELIGIBLE,,SUPPORTING_MATERIAL,,,,,catalog/papers.csv; catalog/paper_files.csv; catalog/scale/g8_paper_status.csv,unknown,,,,0,,,,,,No analyzable PAPER PDF selected; identity retained in full corpus inventory.,UNKNOWN,,,,,,,,CUMCM-2014-C-009,,NOT_ANALYZED,C,C,,,,,,,,True,1,2014年数学建模国赛真题+优秀论文/2014优秀论文/2014C：生猪养殖场经营管理的研究/bisai2.lg4,primary,6AC9368BAB5A4B21CB6173AF65E47055A138AFD5D83FDC7754A80B7EAB4FC03A,6AC9368BAB5A4B21CB6173AF65E47055A138AFD5D83FDC7754A80B7EAB4FC03A,active,,,0,unknown,,,,,2026-08-18T00:06:15+08:00,,,2014
0,0,unknown,unknown,,,,2026-08-18T00:06:15+08:00,KaiTi,1,0,0,0,1,0,FORMAL,Q3_MANUAL_REQUIRED,Q3,PAPER,0,0,274.81388888888887,779.0,catalog/papers.csv; catalog/paper_files.csv; catalog/scale/g8_paper_status.csv,unknown,False,0,0,1,,,,0,False,font_or_text_layer_not_reliable,PORTRAIT,10,,UNKNOWN,0,"1,2,3,4,5,6,7,8,9,10",,,CUMCM-2003-B-010,0.8,image_based,B,B,------------------------------------;KaiTi,0,0,,,,,True,1,2003年数学建模国赛真题+优秀论文/2003年优秀论文/2003B：露天矿生产的车辆安排_的模型和评述.pdf,primary,4C2BDD36CAF5191721BD10121A36AEAE8313668D0AD5E34186219BE422026101,4C2BDD36CAF5191721BD10121A36AEAE8313668D0AD5E34186219BE422026101,active,0,50,1,unknown,,,,,2026-08-18T00:06:15+08:00,208.13888888888889,590.0,2003
,,unknown,unknown,,,,2026-08-18T00:06:15+08:00,,0,0,,,0,,FORMAL,INELIGIBLE,,SUPPORTING_MATERIAL,,,,,catalog/papers.csv; catalog/paper_files.csv; catalog/scale/g8_paper_status.csv,unknown,,,,0,,,,,,No analyzable PAPER PDF selected; identity retained in full corpus inventory.,UNKNOWN,,,,,,,,CUMCM-2011-D-045,,NOT_ANALYZED,D,D,,,,,,,,True,1,2011年数学建模国赛真题+优秀论文/2011年优秀论文/2011D：天然肠衣搭配问题(1)/封面和承诺书.doc,primary,327D72353CA8CCF802165871D91F9690B5B0596B926A2DA343F9F2359D4C799F,327D72353CA8CCF802165871D91F9690B5B0596B926A2DA343F9F2359D4C799F,active,,,0,unknown,,,,,2026-08-18T00:06:15+08:00,,,2011
0,0,unknown,unknown,70.73,70.73,70.73,2026-08-18T00:06:15+08:00,KaiTi;SimSun/Song,1,0,0,0,1,0,FORMAL,Q3_MANUAL_REQUIRED,Q3,PAPER,0,1,297.0388888888889,842.0,catalog/papers.csv; catalog/paper_files.csv; catalog/scale/g8_paper_status.csv,unknown,True,0,0,1,38.059,38.059,38.059,9,False,font_or_text_layer_not_reliable,PORTRAIT,10,,UNKNOWN,0,"1,2,3,4,5,6,7,8,9,10",,,CUMCM-2007-A-012,0.8,image_based,A,A,------------------------------------;BCJWVM+SimSun;SimSun;SimSun;KaiTi,0,0,-3.308,-3.308,-3.308,,True,1,2007年数学建模国赛真题+优秀论文/2007年优秀论文/2007A：《中国人口增长预测模型》.pdf,primary,B476FFB33A709D5BE237485AE4D9D4508294FF4BB016BD777FF271A639019F42,B476FFB33A709D5BE237485AE4D9D4508294FF4BB016BD777FF271A639019F42,active,0,90,1,unknown,http://www.madio.net | 数学中国www.madio.net,80.998,80.998,80.998,2026-08-18T00:06:15+08:00,209.90277777777777,595.0,2007
0,0,unknown,unknown,,,,2026-08-18T00:06:15+08:00,Times New Roman,1,1,0,0,1,0,FORMAL,COMPLETE,Q2,PAPER,0,1,259.9266666666666,736.8,catalog/papers.csv; catalog/paper_files.csv; catalog/scale/g8_paper_status.csv,unknown,False,0,0,1,,,,0,False,,PORTRAIT,2,,UNKNOWN,0,,,,CUMCM-2005-C-006,1.0,text_based,C,C,------------------------------------;Times-Roman,0,0,,,,,True,1,2005年数学建模国赛真题+优秀论文/2005年国赛优秀论文/2005C：雨量预报方法的评价(1).pdf,primary,4BEB492D0753340DA256E2738EE99D389CFC69678BA6702160E167DA43E54E51,4BEB492D0753340DA256E2738EE99D389CFC69678BA6702160E167DA43E54E51,active,0,8,1,unknown,,,,,2026-08-18T00:06:15+08:00,200.4906666666667,568.32,2005
1,1,unknown,unknown,18.507,18.507,18.507,2026-08-18T00:06:15+08:00,Arial;KaiTi;SimHei;SimSun/Song;SymbolMT;Times New Roman,1,1,374,5,1,1,FORMAL,COMPLETE,Q2,PAPER,0,0,297.0388888888889,842.0,catalog/papers.csv; catalog/paper_files.csv; catalog/scale/g8_paper_status.csv,unknown,True,0,1,1,25.019,25.019,25.019,20,False,,PORTRAIT,22,,UNKNOWN,0,22,,,CUMCM-2006-A-006,0.76,mixed,A,A,------------------------------------;TimesNewRomanPSMT;IAJOKK+SimHei;IAJOPL+SimSun;TimesNewRomanPS-ItalicMT;IAJPOO+SymbolMT;KaiTi;Arial-BoldMT;TimesNewRomanPS-BoldMT,26,1,24.08,22.867,24.943,,True,1,2006年数学建模国赛真题+优秀论文/2006年优秀论文/2006A：出版社的资源优化配置.pdf,primary,008CC60DF63D109D4991406BB85DC92D31003FB52AFA11A105AA42EA86C929E4,008CC60DF63D109D4991406BB85DC92D31003FB52AFA11A105AA42EA86C929E4,active,8,2479,1,unknown,出版社的资源优化配置 | 1.摘要,25.04,25.039,27.347,2026-08-18T00:06:15+08:00,209.98038888888888,595.22,2006
0,0,unknown,unknown,,,,2026-08-18T00:06:15+08:00,KaiTi;Times New Roman,1,0,0,0,1,1,FORMAL,Q3_MANUAL_REQUIRED,Q3,PAPER,0,0,277.6361111111111,787.0,catalog/papers.csv; catalog/paper_files.csv; catalog/scale/g8_paper_status.csv,unknown,False,0,0,1,,,,0,False,font_or_text_layer_not_reliable,PORTRAIT,10,,UNKNOWN,0,"1,2,3,4,5,6,7,8,9,10",,,CUMCM-1995-B-007,0.8,image_based,B,B,------------------------------------;Times-Italic;KaiTi,0,0,,,,,True,1,1995年数学建模国赛真题+优秀论文/1995年国赛优秀论文/1995B：天车与冶炼炉的操作模型.pdf,primary,8FFF9C498A59EC5FDA676C2B71FE2193CF3C6D892186E589D847E85F9F2752BE,8FFF9C498A59EC5FDA676C2B71FE2193CF3C6D892186E589D847E85F9F2752BE,active,0,50,1,unknown,,,,,2026-08-18T00:06:15+08:00,203.90555555555554,578.0,1995
0,0,unknown,unknown,,,,2026-08-18T00:06:15+08:00,KaiTi;SimSun/Song;Times New Roman,1,1,0,0,1,0,FORMAL,COMPLETE,Q2,PAPER,0,0,278.34166666666664,789.0,catalog/papers.csv; catalog/paper_files.csv; catalog/scale/g8_paper_status.csv,unknown,False,0,0,1,,,,0,False,,PORTRAIT,5,,UNKNOWN,0,,,,CUMCM-1997-A-009,1.0,text_based,A,A,------------------------------------;STSong-Light;Times-Roman;KaiTi,0,0,,,,,True,1,1997年数学建模国赛真题+优秀论文/1997年国赛优秀论文/1997A：关于零件参数问题的建模.pdf,primary,FF068F978532B4A37B625C35EFCBF72E2BBD2EFDA2638E93BD0D77B8483EA314,FF068F978532B4A37B625C35EFCBF72E2BBD2EFDA2638E93BD0D77B8483EA314,active,0,20,1,unknown,,,,,2026-08-18T00:06:15+08:00,206.0222222222222,584.0,1997
1,1,unknown,unknown,20.676,20.676,20.676,2026-08-18T00:06:15+08:00,KaiTi;MT-Extra;Monospace;SimHei;SimSun/Song;SymbolMT;Times New Roman,1,1,1841,3,1,1,FORMAL,COMPLETE,Q2,PAPER,0,0,297.00361111111107,841.9,catalog/papers.csv; catalog/paper_files.csv; catalog/scale/g8_paper_status.csv,unknown,True,0,1,1,25.019,25.019,25.019,38,False,,PORTRAIT,39,,BOTTOM,1,39,,,CUMCM-2013-C-010,0.76,mixed,C,C,------------------------------------;ABCDEF+TimesNewRomanPS-BoldMT;ABCDEF+SimSun;ABCDEF+TimesNewRomanPSMT;ABCDEF+KaiTi;ABCDEF+SimHei;ABCDEF+SymbolMT;ABCDEF+TimesNewRomanPS-ItalicMT;ABCDEF+MT-Extra;ABCDEF+CourierNewPSMT,266,1,26.923,24.971,41.204,,True,1,2013年数学建模国赛真题+优秀论文/2013C：古塔的变形/成都工业学院 专5 C 肖瑜琳 刘新燕 黄龙.pdf,primary,6AB6592042F87A3F1863F72A0B2E3FE2745A72C9F229D559B2F2EE89CDF545C3,6AB6592042F87A3F1863F72A0B2E3FE2745A72C9F229D559B2F2EE89CDF545C3,active,8,5185,1,unknown,,26.434,25.414,26.857,2026-08-18T00:06:15+08:00,210.00861111111107,595.3,2013
,,unknown,unknown,,,,2026-08-18T00:06:15+08:00,,0,0,,,0,,FORMAL,INELIGIBLE,,SUPPORTING_MATERIAL,,,,,catalog/papers.csv; catalog/paper_files.csv; catalog/scale/g8_paper_status.csv,unknown,,,,0,,,,,,No analyzable PAPER PDF selected; identity retained in full corpus inventory.,UNKNOWN,,,,,,,,CUMCM-2014-A-009,,NOT_ANALYZED,A,A,,,,,,,,True,1,2014年数学建模国赛真题+优秀论文/2014优秀论文/2014A：嫦娥三号软着陆轨道设计与控制策略 (3)/高程图形1.doc,primary,32F183E0198BE0A3073AAC5AF4E9B68BE765C0CC0023974B6EEE7AB01DCFD2B5,32F183E0198BE0A3073AAC5AF4E9B68BE765C0CC0023974B6EEE7AB01DCFD2B5,active,,,0,unknown,,,,,2026-08-18T00:06:15+08:00,,,2014
,,unknown,unknown,,,,2026-08-18T00:06:15+08:00,,0,0,,,0,,FORMAL,CLOSED_INELIGIBLE,UNKNOWN,SUPPORTING_MATERIAL,,,,,catalog/papers.csv; catalog/paper_files.csv; catalog/scale/g8_paper_status.csv,unknown,,,,0,,,,,,No analyzable PAPER PDF selected; identity retained in full corpus inventory.,UNKNOWN,,,,,,,,CUMCM-2014-B-B1604,,NOT_ANALYZED,B,B,,,,,,,,False,1,2014年数学建模国赛真题+优秀论文/2014优秀论文/2014B：创意平板折叠桌 (3)/B16046004_程双泽_李君昌_陈凌勤/w1-1-1.jpg,primary,D9FFC1EFFC70BFACDBB9B741215EEC0032F75B47858AA84CF8D801CC64204781,D9FFC1EFFC70BFACDBB9B741215EEC0032F75B47858AA84CF8D801CC64204781,active,,,0,unknown,,,,,2026-08-18T00:06:15+08:00,,,2014
1,0,unknown,unknown,22.253,22.253,22.253,2026-08-18T00:06:15+08:00,Arial;Calibri;Cambria;KaiTi;SimHei;SimSun/Song,1,1,86,10,1,0,FORMAL,COMPLETE,Q2,PAPER,0,0,297.0388888888889,842.0,catalog/papers.csv; catalog/paper_files.csv; catalog/scale/g8_paper_status.csv,unknown,True,0,1,1,31.708,31.708,31.708,16,False,,PORTRAIT,17,,BOTTOM,1,,,,CUMCM-2008-A-009,1.0,text_based,A,A,------------------------------------;PNEEBC+SimHei;PNEDOB+Calibri;PNEEDE+SimSun;PNEEID+Cambria;PNEDPC+Calibri;SimSun;KaiTi;PNEEMD+Cambria-Bold;ArialMT,21,1,-64.609,-64.609,-64.609,,True,1,2008年数学建模国赛真题+优秀论文/2008年优秀论文/2008A：数码相机定位.pdf,primary,68A91825D3AAF2E9603A45FC0A86B8BB014C6F10919734B71E04F7E51B75F354,68A91825D3AAF2E9603A45FC0A86B8BB014C6F10919734B71E04F7E51B75F354,active,8,1078,1,unknown,数码相机定位 | 优化问题：像坐标点产生两个收敛点、像坐标点与像平面对应点越接近，像坐标,25.421,25.421,25.934,2026-08-18T00:06:15+08:00,209.98038888888888,595.22,2008
1,1,unknown,unknown,22.204,22.204,22.204,2026-08-18T00:06:15+08:00,Arial;Calibri;Cambria;KaiTi;Monospace;SimSun/Song,1,1,241,16,1,0,FORMAL,COMPLETE,Q2,PAPER,0,0,297.0106666666666,841.92,catalog/papers.csv; catalog/paper_files.csv; catalog/scale/g8_paper_status.csv,unknown,True,0,1,1,25.019,22.902,25.019,17,False,,PORTRAIT,18,,BOTTOM,1,,,,CUMCM-2007-A-013,1.0,text_based,A,A,------------------------------------;ABCDEE+Calibri;SimSun;KaiTi;ABCDEE+Calibri;ABCDEE+Cambria;Arial;ABCDEE+Cambria;ABCDEE+Cambria;ABCDEE+Courier,46,0,-3.31,-3.31,-3.31,,True,1,2007年数学建模国赛真题+优秀论文/2007年优秀论文/2007A：《中国人口发展趋势的分析与预测》.pdf,primary,A03A69F7290068D58765A23BF5D09BA76FB24F7F8D77D5985453B453670852D0,A03A69F7290068D58765A23BF5D09BA76FB24F7F8D77D5985453B453670852D0,active,7,1485,1,unknown,中国人口发展趋势的分析与预测 | Leslie模型进行了中短期的人口增长预测。鉴于城，镇，乡之间生育模式，平均寿命，,25.188,25.188,28.765,2026-08-18T00:06:15+08:00,210.01566666666668,595.32,2007
1,1,unknown,unknown,18.221,18.221,18.221,2026-08-18T00:06:15+08:00,KaiTi;MT-Extra;SimHei;SimSun/Song;SymbolMT;Times New Roman,1,1,526,1,1,1,FORMAL,COMPLETE,Q2,PAPER,0,0,297.00361111111107,841.9,catalog/papers.csv; catalog/paper_files.csv; catalog/scale/g8_paper_status.csv,unknown,True,0,1,1,31.75,31.75,31.75,19,False,,PORTRAIT,20,,BOTTOM,1,,,,CUMCM-2010-D-004,1.0,text_based,D,D,------------------------------------;XEKKFX+SimHei;LNUHNF+SimSun;AUWCNV+TimesNewRomanPSMT;KaiTi;TYEPLS+TimesNewRomanPS-ItalicMT;TZCMBP+SymbolMT;ESHXQI+TimesNewRomanPS-BoldMT;FORFRJ+TimesNewRomanPS-BoldItalicMT;MUFUVC+MT-Extra,37,1,31.743,30.092,31.743,,True,1,2010年数学建模国赛真题+优秀论文/2010年优秀论文/2010D：对学生宿舍设计方案的评价.pdf,primary,90C8BD61A03A9EEDC28CFFF554F3CD4BCD29A183D1833869F6DD059AF5FAD37E,90C8BD61A03A9EEDC28CFFF554F3CD4BCD29A183D1833869F6DD059AF5FAD37E,active,1,2059,1,unknown,D 题:对学生宿舍设计方案的评价 | 法，模糊综合评判法等方法建立了三个评价模型。通过这些方法对设计方案的评,27.416,25.545,27.743,2026-08-18T00:06:15+08:00,210.00861111111107,595.3,2010
0,0,unknown,unknown,,,,2026-08-18T00:06:15+08:00,KaiTi,1,0,0,0,1,0,FORMAL,Q3_MANUAL_REQUIRED,Q3,PAPER,0,0,279.75277777777774,793.0,catalog/papers.csv; catalog/paper_files.csv; catalog/scale/g8_paper_status.csv,unknown,False,0,0,1,,,,0,False,font_or_text_layer_not_reliable,PORTRAIT,8,,UNKNOWN,0,"1,2,3,4,5,6,7,8",,,CUMCM-1998-B-007,0.8,image_based,B,B,------------------------------------;KaiTi,0,0,,,,,True,1,1998年数学建模国赛真题+优秀论文/1998年国赛优秀论文/1998B：多旅行商路线的几个问题.pdf,primary,964628E2521276461DC5B878BE977AEAF63EE0350AFC6B302D9C3F19CEE0FF50,964628E2521276461DC5B878BE977AEAF63EE0350AFC6B302D9C3F19CEE0FF50,active,0,32,1,unknown,,,,,2026-08-18T00:06:15+08:00,210.9611111111111,598.0,1998
,,unknown,unknown,,,,2026-08-18T00:06:15+08:00,,0,0,,,0,,FORMAL,INELIGIBLE,,PROBLEM_PACKAGE,,,,,catalog/papers.csv; catalog/paper_files.csv; catalog/scale/g8_paper_status.csv,unknown,,,,0,,,,,,No analyzable PAPER PDF selected; identity retained in full corpus inventory.,UNKNOWN,,,,,,,,CUMCM-2014-B-003,,NOT_ANALYZED,B,B,,,,,,,,True,1,2014年数学建模国赛真题+优秀论文/2014年赛题/2014年国赛B题.doc,primary,AAC1F58CAF6ED65F061560B3D7FB01E7C64E3CF63B8B795CE7451A8C965AD98A,AAC1F58CAF6ED65F061560B3D7FB01E7C64E3CF63B8B795CE7451A8C965AD98A,active,,,0,unknown,,,,,2026-08-18T00:06:15+08:00,,,2014
,,unknown,unknown,,,,2026-08-18T00:06:15+08:00,,0,0,,,0,,FORMAL,INELIGIBLE,,PROBLEM_PACKAGE,,,,,catalog/papers.csv; catalog/paper_files.csv; catalog/scale/g8_paper_status.csv,unknown,,,,0,,,,,,No analyzable PAPER PDF selected; identity retained in full corpus inventory.,UNKNOWN,,,,,,,,CUMCM-2003-D-005,,NOT_ANALYZED,D,D,,,,,,,,True,1,2003年数学建模国赛真题+优秀论文/2003年赛题/2003年国赛D题.doc,primary,EA6337162495ED00043A22797E17CF934490F02931689E240BD5482848E01CF0,EA6337162495ED00043A22797E17CF934490F02931689E240BD5482848E01CF0,active,,,0,unknown,,,,,2026-08-18T00:06:15+08:00,,,2003
1,1,unknown,unknown,18.136,18.136,18.136,2026-08-18T00:06:15+08:00,KaiTi;MT-Extra;MicrosoftYaHei;MicrosoftYaHei-Bold;Monospace;SimHei;SimSun/Song;SymbolMT;Times New Roman;Wingdings-Regular,1,1,513,7,1,1,FORMAL,COMPLETE,Q2,PAPER,0,0,297.00361111111107,841.9,catalog/papers.csv; catalog/paper_files.csv; catalog/scale/g8_paper_status.csv,unknown,True,0,1,1,31.75,31.75,31.75,26,False,,PORTRAIT,27,,BOTTOM,1,,,,CUMCM-2018-C-003,1.0,text_based,C,C,------------------------------------;XEKKFX+SimHei;ESHXQI+TimesNewRomanPS-BoldMT;LNUHNF+SimSun;AUWCNV+TimesNewRomanPSMT;KaiTi;CSKSUK+Wingdings-Regular;TZCMBP+SymbolMT;TYEPLS+TimesNewRomanPS-ItalicMT;YWSWBG+MicrosoftYaHei-Bold;YMVEVT+MicrosoftYaHei;MUFUVC+MT-Extra;TYXLQB+CourierNewPSMT,52,1,31.595,30.092,31.74,,True,1,2018年数学建模国赛真题+优秀论文/2018年优秀论文/2018C：基于 RFMT 模型的百货商场会员画像描绘.pdf,primary,8C8AD6F12EB321A51291EC8616EC087A765BB177057B0EB4D0F7B7FE1C0032CE,8C8AD6F12EB321A51291EC8616EC087A765BB177057B0EB4D0F7B7FE1C0032CE,active,13,2438,1,unknown,基于RFMT模型的百货商场会员画像描绘 | 额和利润，零售运营商需完成对会员的管理与维系工作。完善会员画像，加强会,25.929,25.46,27.742,2026-08-18T00:06:15+08:00,210.00861111111107,595.3,2018
0,0,unknown,unknown,,,,2026-08-18T00:06:15+08:00,KaiTi,1,0,0,0,1,0,FORMAL,Q3_MANUAL_REQUIRED,Q3,PAPER,0,0,285.115,808.2,catalog/papers.csv; catalog/paper_files.csv; catalog/scale/g8_paper_status.csv,unknown,False,0,0,1,,,,0,False,font_or_text_layer_not_reliable,PORTRAIT,40,,UNKNOWN,0,"1,2,3,4,5,6,7,8,9,10,11,12,13,14,15,16,17,18,19,20,21,22,23,24,25,26,27,28,29,30,31,32,33,34,35,36,37,38,39,40",,,CUMCM-2020-C-003,0.8,image_based,C,C,------------------------------------;KaiTi,0,0,,,,,True,1,2020年数学建模国赛真题+优秀论文/2020年优秀论文/2020C：针对中小微企业最优信贷决策研究.pdf,primary,87A5D1DC04E3E45C17D13584B55DF4C5F45F3829C1904BBF2A75CCC28E36B61C,87A5D1DC04E3E45C17D13584B55DF4C5F45F3829C1904BBF2A75CCC28E36B61C,active,0,120,1,unknown,,,,,2026-08-18T00:06:15+08:00,201.549,571.32,2020
1,1,unknown,unknown,18.212,18.212,18.212,2026-08-18T00:06:15+08:00,KaiTi;Monospace;Symbol;Times New Roman,1,1,100,0,1,1,FORMAL,COMPLETE,Q2,PAPER,0,0,297.0106666666666,841.92,catalog/papers.csv; catalog/paper_files.csv; catalog/scale/g8_paper_status.csv,unknown,True,0,1,1,31.758,31.758,31.758,10,False,,PORTRAIT,11,,BOTTOM,1,,,,CUMCM-2010-B-004,1.0,text_based,B,B,------------------------------------;Times;Times;KaiTi;Symbol;ABCDEE+Courier,38,1,29.66,27.122,30.072,,True,1,2010年数学建模国赛真题+优秀论文/2010年优秀论文/2010B：世博会参观线路设计.pdf,primary,1ADCC76250C40CF4057EDBC71883F7290C4105D17D05381C742183DA15E80D24,1ADCC76250C40CF4057EDBC71883F7290C4105D17D05381C742183DA15E80D24,active,1,924,1,unknown,世博会参观线路设计 | 们选择了几个必去的场馆，算出去这几个馆的最优路线；对于组织者，他们安排,26.162,25.59,27.647,2026-08-18T00:06:15+08:00,210.01566666666668,595.32,2010
,,unknown,unknown,,,,2026-08-18T00:06:15+08:00,,0,0,,,0,,FORMAL,,,NOT_IN_G8_STATUS,,,,,catalog/papers.csv; catalog/paper_files.csv; catalog/scale/g8_paper_status.csv,unknown,,,,0,,,,,,No analyzable PAPER PDF selected; identity retained in full corpus inventory.,UNKNOWN,,,,,,,,CUMCM-2015-A-007,,NOT_ANALYZED,A,A,,,,,,,,True,1,2015年数学建模国赛真题+优秀论文/2015年优秀论文/2015A：太阳影子定位 (1).pdf,primary,F3D4B18A4D728686016DC5452CD59D787744190141D355AF865F2892AD34BC6D,F3D4B18A4D728686016DC5452CD59D787744190141D355AF865F2892AD34BC6D,active,,,0,unknown,,,,,2026-08-18T00:06:15+08:00,,,2015
,,unknown,unknown,,,,2026-08-18T00:06:15+08:00,,0,0,,,0,,FORMAL,COMPLETE,UNKNOWN,PAPER,,,,,catalog/papers.csv; catalog/paper_files.csv; catalog/scale/g8_paper_status.csv,unknown,,,,0,,,,,,No analyzable PAPER PDF selected; identity retained in full corpus inventory.,UNKNOWN,,,,,,,,CUMCM-2013-D-004,,NOT_ANALYZED,D,D,,,,,,,,True,1,2013年数学建模国赛真题+优秀论文/2013D：城市公共自行车服务系统运行状况和效率分析 (2)/赣南师范学院科技学院 D 赖铖、袁彦、舒敏.doc,primary,6BEC1C814F4638020F3DA17E90DC9EA483CAB5311CC4CA040F131629F9103ACE,6BEC1C814F4638020F3DA17E90DC9EA483CAB5311CC4CA040F131629F9103ACE,active,,,0,unknown,,,,,2026-08-18T00:06:15+08:00,,,2013
1,1,unknown,unknown,18.221,18.221,18.221,2026-08-18T00:06:15+08:00,KaiTi;SimHei;SimSun/Song;SymbolMT;Times New Roman,1,1,545,9,1,1,FORMAL,COMPLETE,Q2,PAPER,0,0,297.00361111111107,841.9,catalog/papers.csv; catalog/paper_files.csv; catalog/scale/g8_paper_status.csv,unknown,True,0,1,1,25.019,25.019,25.019,13,False,,PORTRAIT,14,,BOTTOM,1,,,,CUMCM-2010-C-004,1.0,text_based,C,C,------------------------------------;LNUHNF+SimSun;AUWCNV+TimesNewRomanPSMT;ESHXQI+TimesNewRomanPS-BoldMT;KaiTi;XEKKFX+SimHei;TZCMBP+SymbolMT;TYEPLS+TimesNewRomanPS-ItalicMT,30,1,22.895,22.853,25.012,,True,1,2010年数学建模国赛真题+优秀论文/2010年优秀论文/2010C：输油管布置问题的优化模型.pdf,primary,C5B80D92915BF6F03994B4CB054684A3F7F08293D8FDAD9268E9BCFD96183AE9,C5B80D92915BF6F03994B4CB054684A3F7F08293D8FDAD9268E9BCFD96183AE9,active,1,1698,1,unknown,,25.079,25.079,27.319,2026-08-18T00:06:15+08:00,210.00861111111107,595.3,2010
,,unknown,unknown,,,,2026-08-18T00:06:15+08:00,,0,0,,,0,,FORMAL,INELIGIBLE,,SUPPORTING_MATERIAL,,,,,catalog/papers.csv; catalog/paper_files.csv; catalog/scale/g8_paper_status.csv,unknown,,,,0,,,,,,No analyzable PAPER PDF selected; identity retained in full corpus inventory.,UNKNOWN,,,,,,,,CUMCM-2011-D-046,,NOT_ANALYZED,D,D,,,,,,,,True,1,2011年数学建模国赛真题+优秀论文/2011年优秀论文/2011D：天然肠衣搭配问题(1)/规格3步骤26.lg4,primary,A0C7DF9ACF8028E73911D515E934C0491899E1A1164E99A6801C2105F4B573A5,A0C7DF9ACF8028E73911D515E934C0491899E1A1164E99A6801C2105F4B573A5,active,,,0,unknown,,,,,2026-08-18T00:06:15+08:00,,,2011
,,unknown,unknown,,,,2026-08-18T00:06:15+08:00,,0,0,,,0,,FORMAL,INELIGIBLE,,PROBLEM_PACKAGE,,,,,catalog/papers.csv; catalog/paper_files.csv; catalog/scale/g8_paper_status.csv,unknown,,,,0,,,,,,No analyzable PAPER PDF selected; identity retained in full corpus inventory.,UNKNOWN,,,,,,,,CUMCM-2013-B-003,,NOT_ANALYZED,B,B,,,,,,,,True,1,2013年数学建模国赛真题+优秀论文/2013B：碎纸片的拼接复原 (2)/唐隽玉，孙雪清，胡文伟.pdf,primary,86BFA227684E80174D6A6AFCDDF138C1CF7D2D6E7B409657685D9C5871926916,86BFA227684E80174D6A6AFCDDF138C1CF7D2D6E7B409657685D9C5871926916,active,,,0,unknown,,,,,2026-08-18T00:06:15+08:00,,,2013
,,unknown,unknown,,,,2026-08-18T00:06:15+08:00,,0,0,,,0,,FORMAL,INELIGIBLE,,SUPPORTING_MATERIAL,,,,,catalog/papers.csv; catalog/paper_files.csv; catalog/scale/g8_paper_status.csv,unknown,,,,0,,,,,,No analyzable PAPER PDF selected; identity retained in full corpus inventory.,UNKNOWN,,,,,,,,CUMCM-2011-D-047,,NOT_ANALYZED,D,D,,,,,,,,True,1,2011年数学建模国赛真题+优秀论文/2011年优秀论文/2011D：天然肠衣搭配问题(1)/方案1规格10.lg4,primary,5A5AAEF411FA667763E967F9B9F1439C112D53B8731861A5C2439AE2B21E19B6,5A5AAEF411FA667763E967F9B9F1439C112D53B8731861A5C2439AE2B21E19B6,active,,,0,unknown,,,,,2026-08-18T00:06:15+08:00,,,2011
0,0,unknown,unknown,16.087,16.051,16.14,2026-08-18T00:06:15+08:00,KaiTi;SimSun/Song;Syntax;Times New Roman;cajcd-fntaa;cajcd-fntbd;cajcd-fntlt,1,1,570,0,1,1,FORMAL,COMPLETE,Q2,PAPER,0,1,248.70833333333334,705.0,catalog/papers.csv; catalog/paper_files.csv; catalog/scale/g8_paper_status.csv,unknown,False,0,0,1,12.594,12.383,12.841,7,False,,PORTRAIT,8,,BOTTOM,1,,,,CUMCM-2000-A-004,1.0,text_based,A,A,------------------------------------;STSong-Light;Times-Roman;cajcd-fntaa;Times-Bold;Times-Italic;KaiTi;Times-Italic;cajcd-fntbd;cajcd-fntlt;Syntax;Syntax;Syntax;Syntax;Syntax;Syntax;Syntax;Syntax;Syntax;Syntax;Syntax;Syntax;Syntax;Syntax;Syntax;Syntax;Syntax;Syntax;Syntax;Syntax;Syntax;Syntax;Syntax;Syntax;Syntax;Syntax;Syntax;Syntax;Syntax;Syntax;Syntax;Syntax;Syntax;Syntax;Syntax;Syntax;Syntax;Syntax;Syntax;Syntax;Syntax;Syntax;Syntax;Syntax;Syntax;Syntax;Syntax;Syntax;Syntax;Syntax;Syntax;Syntax;Syntax;Syntax;Syntax;Syntax;Syntax;Syntax;Syntax;Syntax;Syntax;Syntax;Syntax;Syntax;Syntax;Syntax;Syntax;Syntax;Syntax;Syntax;Syntax;Syntax;Syntax;Syntax;Syntax;Syntax;Syntax;Syntax;Syntax;Syntax;Syntax;Syntax;Syntax;Syntax;Syntax;Syntax;Syntax;Syntax;Syntax;Syntax;Syntax;Syntax;Syntax;Syntax;Syntax;Syntax;Syntax;Syntax;Syntax;Syntax;Syntax;Syntax;Syntax;Syntax;Syntax;Syntax;Syntax;Syntax;Syntax;Syntax;Syntax;Syntax;Syntax;Syntax;Syntax;Syntax;Syntax;Syntax;Syntax;Syntax;Syntax;Syntax;Syntax;Syntax;Syntax;Syntax;Syntax;Syntax;Syntax;Syntax;Syntax;Syntax;Syntax;Syntax;Syntax;Syntax;Syntax;Syntax;Syntax;Syntax;Syntax;Syntax;Syntax;Syntax;Syntax;Syntax;Syntax;Syntax;Syntax;Syntax;Syntax;Syntax;Syntax;Syntax;Syntax;Syntax;Syntax;Syntax;Syntax;Syntax;Syntax;Syntax;Syntax;Syntax;Syntax;Syntax;Syntax;Syntax;Syntax;Syntax;Syntax;Syntax;Syntax;Syntax;Syntax;Syntax;Syntax;Syntax;Syntax;Syntax;Syntax;Syntax;Syntax;Syntax;Syntax;Syntax;Syntax;Syntax;Syntax;Syntax;Syntax;Syntax;Syntax;Syntax;Syntax;Syntax;Syntax;Syntax;Syntax;Syntax;Syntax;Syntax;Syntax;Syntax;Syntax;Syntax;Syntax;Syntax;Syntax;Syntax;Syntax;Syntax;Syntax;Syntax;Syntax;Syntax;Syntax;Syntax;Syntax;Syntax;Syntax;Syntax;Syntax;Syntax;Syntax;Syntax;Syntax;Syntax;Syntax;Syntax;Syntax;Syntax;Syntax;Syntax;Syntax;Syntax;Syntax;Syntax;Syntax;Syntax;Syntax;Syntax;Syntax;Syntax;Syntax;Syntax;Syntax;Syntax;Syntax;Syntax;Syntax;Syntax;Syntax;Syntax;Syntax;Syntax;Syntax;Syntax;Syntax;Syntax;Syntax;Syntax;Syntax;Syntax;Syntax;Syntax;Syntax;Syntax;Syntax;Syntax;Syntax;Syntax;Syntax;Syntax;Syntax;Syntax;Syntax;Syntax;Syntax;Syntax;Syntax;Syntax;Syntax;Syntax;Syntax;Syntax;Syntax;Syntax;Syntax;Syntax;Syntax;Syntax;Syntax;Syntax;Syntax;Syntax;Syntax;Syntax;Syntax;Syntax;Syntax;Syntax;Syntax;Syntax;Syntax;Syntax;Syntax;Syntax;Syntax;Syntax;Syntax;Syntax;Syntax;Syntax;Syntax;Syntax;Syntax;Syntax;Syntax;Syntax;Syntax;Syntax;Syntax;Syntax;Syntax;Syntax;Syntax;Syntax;Syntax;Syntax;Syntax;Syntax;Syntax;Syntax;Syntax;Syntax;Syntax;Syntax;Syntax;Syntax;Syntax;Syntax;Syntax;Syntax;Syntax;Syntax;Syntax;Syntax;Syntax;Syntax;Syntax;Syntax;Syntax;Syntax;Syntax;Syntax;Syntax;Syntax;Syntax;Syntax;Syntax;Syntax;Syntax;Syntax;Syntax;Syntax;Syntax;Syntax;Syntax;Syntax;Syntax;Syntax;Syntax;Syntax;Syntax;Syntax;Syntax;Syntax;Syntax;Syntax;Syntax;Syntax;Syntax;Syntax;Syntax;Syntax;Syntax;Syntax;Syntax;Syntax;Syntax;Syntax;Syntax;Syntax;Syntax;Syntax;Syntax;Syntax;Syntax;Syntax;Syntax;Syntax;Syntax;Syntax;Syntax;Syntax;Syntax;Syntax;Syntax;Syntax;Syntax;Syntax;Syntax;Syntax;Syntax;Syntax;Syntax;Syntax;Syntax;Syntax;Syntax;Syntax;Syntax;Syntax;Syntax;Syntax;Syntax;Syntax;Syntax;Syntax;Syntax;Syntax;Syntax;Syntax;Syntax;Syntax;Syntax;Syntax;Syntax;Syntax;Syntax;Syntax;Syntax;Syntax;Syntax;Syntax;Syntax;Syntax;Syntax;Syntax;Syntax;Syntax;Syntax;Syntax;Syntax;Syntax;Syntax;Syntax;Syntax;Syntax;Syntax;Syntax;Syntax;Syntax;Syntax;Syntax;Syntax;Syntax;Syntax;Syntax;Syntax;Syntax;Syntax;Syntax;Syntax;Syntax;Syntax;Syntax;Syntax;Syntax;Syntax;Syntax;Syntax;Syntax;Syntax;Syntax;Syntax;Syntax;Syntax;Syntax;Syntax;Syntax;Syntax;Syntax;Syntax;Syntax;Syntax;Syntax;Syntax;Syntax;Syntax;Syntax;Syntax;Syntax;Syntax;Syntax;Syntax;Syntax;Syntax;Syntax;Syntax;Syntax;Syntax;Syntax;Syntax;Syntax;Syntax;Syntax;Syntax;Syntax;Syntax;Syntax;Syntax;Syntax;Syntax;Syntax;Syntax;Syntax;Syntax;Syntax;Syntax;Syntax;Syntax;Syntax;Syntax;Syntax;Syntax;Syntax;Syntax;Syntax;Syntax;Syntax;Syntax;Syntax;Syntax;Syntax;Syntax;Syntax;Syntax;Syntax;Syntax;Syntax;Syntax;Syntax;Syntax;Syntax;Syntax;Syntax;Syntax;Syntax;Syntax;Syntax;Syntax;Syntax;Syntax;Syntax;Syntax;Syntax;Syntax;Syntax;Syntax;Syntax;Syntax;Syntax;Syntax;Syntax;Syntax;Syntax;Syntax;Syntax;Syntax;Syntax;Syntax;Syntax;Syntax;Syntax;Syntax;Syntax;Syntax;Syntax;Syntax;Syntax;Syntax;Syntax;Syntax;Syntax;Syntax;Syntax;Syntax;Syntax;Syntax;Syntax;Syntax;Syntax;Syntax;Syntax;Syntax;Syntax;Syntax;Syntax;Syntax;Syntax;Syntax;Syntax;Syntax;Syntax;Syntax;Syntax;Syntax;Syntax;Syntax;Syntax;Syntax;Syntax;Syntax;Syntax;Syntax;Syntax;Syntax;Syntax;Syntax;Syntax;Syntax;Syntax;Syntax;Syntax;Syntax;Syntax;Syntax;Syntax;Syntax;Syntax;Syntax;Syntax;Syntax;Syntax;Syntax;Syntax;Syntax;Syntax;Syntax;Syntax;Syntax;Syntax;Syntax;Syntax;Syntax;Syntax;Syntax;Syntax;Syntax;Syntax;Syntax;Syntax;Syntax;Syntax;Syntax;Syntax;Syntax;Syntax;Syntax;Syntax;Syntax;Syntax;Syntax;Syntax;Syntax;Syntax;Syntax;Syntax;Syntax;Syntax;Syntax;Syntax;Syntax;Syntax;Syntax;Syntax;Syntax;Syntax;Syntax;Syntax;Syntax;Syntax;Syntax;Syntax;Syntax;Syntax;Syntax;Syntax;Syntax;Syntax;Syntax;Syntax;Syntax;Syntax;Syntax;Syntax;Syntax;Syntax;Syntax;Syntax;Syntax;Syntax;Syntax;Syntax;Syntax;Syntax;Syntax;Syntax;Syntax;Syntax;Syntax;Syntax;Syntax;Syntax;Syntax;Syntax;Syntax;Syntax;Syntax;Syntax;Syntax;Syntax;Syntax;Syntax;Syntax;Syntax;Syntax;Syntax;Syntax;Syntax;Syntax;Syntax;Syntax;Syntax;Syntax;Syntax;Syntax;Syntax;Syntax;Syntax;Syntax;Syntax;Syntax;Syntax;Syntax;Syntax;Syntax;Syntax;Syntax;Syntax;Syntax;Syntax;Syntax;Syntax;Syntax;Syntax;Syntax;Syntax;Syntax;Syntax;Syntax;Syntax;Syntax;Syntax;Syntax;Syntax;Syntax;Syntax;Syntax;Syntax;Syntax;Syntax;Syntax;Syntax;Syntax;Syntax;Syntax;Syntax;Syntax;Syntax;Syntax;Syntax;Syntax;Syntax;Syntax;Syntax;Syntax;Syntax;Syntax;Syntax;Syntax;Syntax;Syntax;Syntax;Syntax;Syntax;Syntax;Syntax;Syntax;Syntax;Syntax;Syntax;Syntax;Syntax;Syntax;Syntax;Syntax;Syntax;Syntax;Syntax;Syntax;Syntax;Syntax;Syntax;Syntax;Syntax;Syntax;Syntax;Syntax;Syntax;Syntax;Syntax;Syntax;Syntax;Syntax;Syntax;Syntax;Syntax;Syntax;Syntax;Syntax;Syntax;Syntax;Syntax;Syntax;Syntax;Syntax;Syntax;Syntax;Syntax;Syntax;Syntax;Syntax;Syntax;Syntax;Syntax;Syntax;Syntax;Syntax;Syntax;Syntax;Syntax;Syntax;Syntax;Syntax;Syntax;Syntax;Syntax;Syntax;Syntax;Syntax;Syntax;Syntax;Syntax;Syntax;Syntax;Syntax;Syntax;Syntax;Syntax;Syntax;Syntax;Syntax;Syntax;Syntax;Syntax;Syntax;Syntax;Syntax;Syntax;Syntax;Syntax;Syntax;Syntax;Syntax;Syntax;Syntax;Syntax;Syntax;Syntax;Syntax;Syntax;Syntax;Syntax;Syntax;Syntax;Syntax;Syntax;Syntax;Syntax;Syntax;Syntax;Syntax;Syntax;Syntax;Syntax;Syntax;Syntax;Syntax;Syntax;Syntax;Syntax;Syntax;Syntax;Syntax;Syntax;Syntax;Syntax;Syntax;Syntax;Syntax;Syntax;Syntax;Syntax;Syntax;Syntax;Syntax;Syntax;Syntax;Syntax;Syntax;Syntax;Syntax;Syntax;Syntax;Syntax;Syntax;Syntax;Syntax;Syntax;Syntax;Syntax;Syntax;Syntax;Syntax;Syntax;Syntax;Syntax;Syntax;Syntax;Syntax;Syntax;Syntax;Syntax;Syntax;Syntax;Syntax;Syntax;Syntax;Syntax;Syntax;Syntax;Syntax;Syntax;Syntax;Syntax;Syntax;Syntax;Syntax;Syntax;Syntax;Syntax;Syntax;Syntax;Syntax;Syntax;Syntax;Syntax;Syntax;Syntax;Syntax;Syntax;Syntax;Syntax;Syntax;Syntax;Syntax;Syntax;Syntax;Syntax;Syntax;Syntax;Syntax;Syntax;Syntax;Syntax;Syntax;Syntax;Syntax;Syntax;Syntax;Syntax;Syntax;Syntax;Syntax;Syntax;Syntax;Syntax;Syntax;Syntax;Syntax;Syntax;Syntax;Syntax;Syntax;Syntax;Syntax;Syntax;Syntax;Syntax;Syntax;Syntax;Syntax;Syntax;Syntax;Syntax;Syntax;Syntax;Syntax;Syntax;Syntax;Syntax;Syntax;Syntax;Syntax;Syntax;Syntax;Syntax;Syntax;Syntax;Syntax;Syntax;Syntax;Syntax;Syntax;Syntax;Syntax;Syntax;Syntax;Syntax;Syntax;Syntax;Syntax;Syntax;Syntax;Syntax;Syntax;Syntax;Syntax;Syntax;Syntax;Syntax;Syntax;Syntax;Syntax;Syntax;Syntax;Syntax;Syntax;Syntax;Syntax;Syntax;Syntax;Syntax;Syntax;Syntax;Syntax;Syntax;Syntax;Syntax;Syntax;Syntax;Syntax;Syntax;Syntax;Syntax;Syntax;Syntax;Syntax;Syntax;Syntax;Syntax;Syntax;Syntax;Syntax;Syntax;Syntax;Syntax;Syntax;Syntax;Syntax;Syntax;Syntax;Syntax;Syntax;Syntax;Syntax;Syntax;Syntax;Syntax;Syntax;Syntax;Syntax;Syntax;Syntax;Syntax;Syntax;Syntax;Syntax;Syntax;Syntax;Syntax;Syntax;Syntax;Syntax;Syntax;Syntax;Syntax;Syntax;Syntax;Syntax;Syntax;Syntax;Syntax;Syntax;Syntax;Syntax;Syntax;Syntax;Syntax;Syntax;Syntax;Syntax;Syntax;Syntax;Syntax;Syntax;Syntax;Syntax;Syntax;Syntax;Syntax;Syntax;Syntax;Syntax;Syntax;Syntax;Syntax;Syntax;Syntax;Syntax;Syntax;Syntax;Syntax;Syntax;Syntax;Syntax;Syntax;Syntax;Syntax;Syntax;Syntax;Syntax;Syntax;Syntax;Syntax;Syntax;Syntax;Syntax;Syntax;Syntax;Syntax;Syntax;Syntax;Syntax;Syntax;Syntax;Syntax;Syntax;Syntax;Syntax;Syntax;Syntax;Syntax;Syntax;Syntax;Syntax;Syntax;Syntax;Syntax;Syntax;Syntax;Syntax;Syntax;Syntax;Syntax;Syntax;Syntax;Syntax;Syntax;Syntax;Syntax;Syntax;Syntax;Syntax;Syntax;Syntax;Syntax;Syntax;Syntax;Syntax;Syntax;Syntax;Syntax;Syntax;Syntax;Syntax;Syntax;Syntax;Syntax;Syntax;Syntax;Syntax;Syntax;Syntax;Syntax;Syntax;Syntax;Syntax;Syntax;Syntax;Syntax;Syntax;Syntax;Syntax;Syntax;Syntax;Syntax;Syntax;Syntax;Syntax;Syntax;Syntax;Syntax;Syntax;Syntax;Syntax;Syntax;Syntax;Syntax;Syntax;Syntax;Syntax;Syntax;Syntax;Syntax;Syntax;Syntax;Syntax;Syntax;Syntax;Syntax;Syntax;Syntax;Syntax;Syntax;Syntax;Syntax;Syntax;Syntax;Syntax;Syntax;Syntax;Syntax;Syntax;Syntax;Syntax,11,0,10.16,10.16,10.195,,True,1,2000年数学建模国赛真题+优秀论文/2000年国赛优秀论文/2000A：DNA序列的分类.pdf,primary,D192D4A8AB1379DF1B76EC2747B54CD2681D89ABE93B325C4509BCD4774F6B70,D192D4A8AB1379DF1B76EC2747B54CD2681D89ABE93B325C4509BCD4774F6B70,active,0,1871,1,unknown,M A TH EM A T ICSINPRA CT ICE ANDTH EO R Y,14.146,14.146,14.146,2026-08-18T00:06:15+08:00,167.56944444444446,475.0,2000
1,0,unknown,unknown,20.921,20.921,20.921,2026-08-18T00:06:15+08:00,Arial;Calibri;Cambria;KaiTi;MS;SimSun/Song;Times New Roman,1,1,107,0,1,1,FORMAL,COMPLETE,Q2,PAPER,0,0,297.0106666666666,841.92,catalog/papers.csv; catalog/paper_files.csv; catalog/scale/g8_paper_status.csv,unknown,True,0,1,1,24.985,24.985,24.985,22,False,,PORTRAIT,23,,BOTTOM,1,,,,CUMCM-2009-B-006,1.0,text_based,B,B,------------------------------------;SimSun;KaiTi;ABCDEE+Calibri;ABCDEE+Cambria;Arial;ABCDEE+Cambria;ABCDEE+MS;Times,106,1,-64.634,-64.634,-64.634,,True,1,2009年数学建模国赛真题+优秀论文/2009年优秀论文/2009B：眼科病床的合理安排.pdf,primary,94D3FF32EFBE5DA31CF322E9702E3B1BE9A02AC012CBD6CAA3A2D9E0D85FCDCB,94D3FF32EFBE5DA31CF322E9702E3B1BE9A02AC012CBD6CAA3A2D9E0D85FCDCB,active,0,1498,1,unknown,眼科病床的合理安排 | 本文在研究眼科病床的安排时，首先分析病人实际情况和心理，采用余弦分布时间,26.254,24.984,31.418,2026-08-18T00:06:15+08:00,210.05800000000002,595.44,2009
,,unknown,unknown,,,,2026-08-18T00:06:15+08:00,,0,0,,,0,,FORMAL,,,NOT_IN_G8_STATUS,,,,,catalog/papers.csv; catalog/paper_files.csv; catalog/scale/g8_paper_status.csv,unknown,,,,0,,,,,,No analyzable PAPER PDF selected; identity retained in full corpus inventory.,UNKNOWN,,,,,,,,CUMCM-2015-A-008,,NOT_ANALYZED,A,A,,,,,,,,True,1,2015年数学建模国赛真题+优秀论文/2015年优秀论文/2015A：太阳影子定位 (3).pdf,primary,9ABD2C75F32DD636160BB9076B2CFC32AA6C82E4F37874C9AFAACFC04AB7617B,9ABD2C75F32DD636160BB9076B2CFC32AA6C82E4F37874C9AFAACFC04AB7617B,active,,,0,unknown,,,,,2026-08-18T00:06:15+08:00,,,2015
,,unknown,unknown,,,,2026-08-18T00:06:15+08:00,,,,,,0,,FORMAL,COMPLETE,Q2,PAPER,,,,,catalog/papers.csv; catalog/paper_files.csv; catalog/scale/g8_paper_status.csv,unknown,,,,0,,,,,,Source rendered and identified as a competition problem statement package; retained in full inventory but excluded from Paper format consensus.,UNKNOWN,,,,,,,,CUMCM-2024-C-001,,NOT_ANALYZED,C,C,,,,,,,PROBLEM_PACKAGE,True,1,2024年数学建模国赛真题+优秀论文/2024真题/C题/C题.pdf,primary,C7B5E58BFF4189B8AFBA5505F7BFF7D4F08280FC291C51EF3F46134EBBF74F9A,C7B5E58BFF4189B8AFBA5505F7BFF7D4F08280FC291C51EF3F46134EBBF74F9A,active,,,0,unknown,,,,,2026-08-18T00:06:15+08:00,,,2024
0,0,unknown,unknown,,,,2026-08-18T00:06:15+08:00,KaiTi;SimSun/Song,1,0,0,0,1,0,FORMAL,Q3_MANUAL_REQUIRED,Q3,PAPER,0,1,412.3972222222222,1169.0,catalog/papers.csv; catalog/paper_files.csv; catalog/scale/g8_paper_status.csv,unknown,False,0,0,1,,,,0,False,font_or_text_layer_not_reliable,PORTRAIT,24,,UNKNOWN,0,"1,2,3,4,5,6,7,8,9,10,11,12,13,14,15,16,17,18,19,20,21,22,23,24",,,CUMCM-2019-A-004,0.8,image_based,A,A,------------------------------------;AdobeSongStd-Light;KaiTi,0,0,,,,,True,1,2019年数学建模国赛真题+优秀论文/2019年优秀论文/2019A：高压油管压力波动的稳定控制.pdf,primary,4C2C4E7772ADDC4FBC9D153F263B82622CFEFA28619F6537FB6C5EEC1979DA50,4C2C4E7772ADDC4FBC9D153F263B82622CFEFA28619F6537FB6C5EEC1979DA50,active,0,120,1,unknown,,,,,2026-08-18T00:06:15+08:00,291.3944444444444,826.0,2019
0,0,unknown,unknown,,,,2026-08-18T00:06:15+08:00,KaiTi,1,0,0,0,1,0,FORMAL,Q3_MANUAL_REQUIRED,Q3,PAPER,0,0,274.81388888888887,779.0,catalog/papers.csv; catalog/paper_files.csv; catalog/scale/g8_paper_status.csv,unknown,False,0,0,1,,,,0,False,font_or_text_layer_not_reliable,PORTRAIT,10,,UNKNOWN,0,"1,2,3,4,5,6,7,8,9,10",,,CUMCM-2003-A-010,0.8,image_based,A,A,------------------------------------;KaiTi,0,0,,,,,True,1,2003年数学建模国赛真题+优秀论文/2003年优秀论文/2003A：SARS传播的研究 (2).pdf,primary,3BAC38062D1B5C4DC4B705D02DAE2318A9366CD537D86BD3FDCEE0439008EC11,3BAC38062D1B5C4DC4B705D02DAE2318A9366CD537D86BD3FDCEE0439008EC11,active,0,53,1,unknown,,,,,2026-08-18T00:06:15+08:00,208.13888888888889,590.0,2003
0,0,unknown,unknown,70.73,70.73,70.73,2026-08-18T00:06:15+08:00,KaiTi;SimSun/Song,1,0,0,0,1,0,FORMAL,Q3_MANUAL_REQUIRED,Q3,PAPER,0,0,297.0388888888889,842.0,catalog/papers.csv; catalog/paper_files.csv; catalog/scale/g8_paper_status.csv,unknown,True,0,0,1,38.059,38.059,38.059,20,False,font_or_text_layer_not_reliable,PORTRAIT,21,,UNKNOWN,0,"1,2,3,4,5,6,7,8,9,10,11,12,13,14,15,16,17,18,19,20,21",,,CUMCM-2009-D-005,0.8,image_based,D,D,------------------------------------;SimSun;KaiTi,0,0,-64.586,-64.586,-64.586,,True,1,2009年数学建模国赛真题+优秀论文/2009年优秀论文/2009D：会议筹备方案的优化设计模型.pdf,primary,CDAD73C32B35B9553C785FF7D0B3179CBCFD545A584B24A43A85916D0FC86EF5,CDAD73C32B35B9553C785FF7D0B3179CBCFD545A584B24A43A85916D0FC86EF5,active,0,105,1,unknown,,126.838,126.838,126.838,2026-08-18T00:06:15+08:00,209.90277777777777,595.0,2009
1,1,unknown,unknown,18.288,18.288,18.288,2026-08-18T00:06:15+08:00,KaiTi;MSMincho;MTExtra;SimSun/Song;Symbol;Times New Roman,1,1,2518,0,1,1,FORMAL,COMPLETE,Q2,PAPER,0,0,296.6861111111111,841.0,catalog/papers.csv; catalog/paper_files.csv; catalog/scale/g8_paper_status.csv,unknown,True,0,1,1,31.75,31.75,31.75,37,False,,PORTRAIT,38,,BOTTOM,1,,,,CUMCM-2009-B-007,1.0,text_based,B,B,------------------------------------;TimesNewRoman;SimSun;KaiTi;Symbol;BKQNVT+MTExtra;BKQNVT+MSMincho;BKQNVT+TimesNewRoman;MTExtra,74,1,-64.586,-64.586,-64.586,,True,1,2009年数学建模国赛真题+优秀论文/2009年优秀论文/2009B：眼科病床合理安排问题的模型探讨.pdf,primary,B2C462CA52FD6A06B1A15B3ADB6BB3DA875951A1BEA773CF9F3178E58E8F37B0,B2C462CA52FD6A06B1A15B3ADB6BB3DA875951A1BEA773CF9F3178E58E8F37B0,active,8,8381,1,unknown,眼科病床合理安排问题的模型探讨 | 排就属于此类排队现象，如果不能进行合理的安排，就会导致医院医疗资源利用,25.583,25.245,26.515,2026-08-18T00:06:15+08:00,209.90277777777777,595.0,2009
1,1,unknown,unknown,20.533,20.533,20.533,2026-08-18T00:06:15+08:00,Arial;KaiTi;MVBoli-Identity-H;PalatinoLinotype-Roman-Identity-H;SimHei;SimSun/Song;SymbolMT-Identity-H;Times New Roman;Wingdings-Regular-Identity-H,1,1,535,17,1,1,FORMAL,COMPLETE,Q2,PAPER,0,0,297.0388888888889,842.0,catalog/papers.csv; catalog/paper_files.csv; catalog/scale/g8_paper_status.csv,unknown,True,0,1,1,25.04,25.04,25.04,27,False,,PORTRAIT,28,,BOTTOM,1,,,,CUMCM-2010-B-005,1.0,text_based,B,B,------------------------------------;ZAHPAA+SimSun-Identity-H;ULLDQC+TimesNewRomanPS-BoldMT-Identity-H;WBVWAR+TimesNewRomanPSMT-Identity-H;KaiTi;GXKNNT+SimHei-Identity-H;SYEBQT+PalatinoLinotype-Roman-Identity-H;MVBoli-Identity-H;MBTJSU+ArialMT-Identity-H;GEPHPB+TimesNewRomanPS-ItalicMT-Identity-H;LZVDPL+SymbolMT-Identity-H;BUTYDJ+SymbolMT-Identity-H;PRFXTG+Wingdings-Regular-Identity-H;CQMYND+Arial-BoldMT-Identity-H,159,1,24.07,22.799,24.96,,True,1,2010年数学建模国赛真题+优秀论文/2010年优秀论文/2010B：世博会对上海旅游业的影响研究.pdf,primary,63064D423C44843DA905AEC4A0AC07A49A0ADA9D0CDB480495F4921A938457FA,63064D423C44843DA905AEC4A0AC07A49A0ADA9D0CDB480495F4921A938457FA,active,19,2439,1,unknown,上咨询等）与队外的任何人（包括指导教师）研究、讨论与赛题有关的问题。 | 资料（包括网上查到的资料），必须按照规定的参考文献的表述方式在正文引用处和参,25.032,25.032,25.731,2026-08-18T00:06:15+08:00,210.02625,595.35,2010
1,1,unknown,unknown,21.642,21.642,21.642,2026-08-18T00:06:15+08:00,Arial;KaiTi;MT-Extra-Identity-H;MicrosoftSansSerif-Identity-H;PalatinoLinotype-Bold-Identity-H;SimHei;SimSun/Song;SymbolMT-Identity-H;Times New Roman,1,1,694,5,1,0,FORMAL,COMPLETE,Q2,PAPER,0,0,297.00361111111107,841.9,catalog/papers.csv; catalog/paper_files.csv; catalog/scale/g8_paper_status.csv,unknown,True,0,1,1,31.768,31.768,31.768,30,False,,PORTRAIT,31,,BOTTOM,1,,,,CUMCM-2010-B-006,1.0,text_based,B,B,------------------------------------;DXLCJT+SimSun-Identity-H;ACWCDY+MicrosoftSansSerif-Identity-H;JNJEPA+MicrosoftSansSerif-Identity-H;KaiTi;UTVRJQ+SimHei-Identity-H;BLKPBH+ArialMT-Identity-H;YVAQCA+TimesNewRomanPS-ItalicMT-Identity-H;PHSVIF+TimesNewRomanPSMT-Identity-H;YXJXOQ+SymbolMT-Identity-H;YKPKKX+SymbolMT-Identity-H;QQDBUF+PalatinoLinotype-Bold-Identity-H;ZGDRMG+SimHei-Identity-H;OUFMKU+MT-Extra-Identity-H,96,1,31.348,30.077,31.602,,True,1,2010年数学建模国赛真题+优秀论文/2010年优秀论文/2010B：上海世博会于文化方面影响力评估.pdf,primary,F084DF33B5DED56E794A494305239DC534E981BA749E55138D56D1EB7FAA6C20,F084DF33B5DED56E794A494305239DC534E981BA749E55138D56D1EB7FAA6C20,active,15,3356,1,unknown,,25.556,25.541,27.066,2026-08-18T00:06:15+08:00,210.00861111111107,595.3,2010
1,1,unknown,unknown,29.337,27.284,55.718,2026-08-18T00:06:15+08:00,Arial;Cambria;KaiTi;MT;Monospace;Symbol;Times New Roman;Wingdings,1,1,367,5,1,1,FORMAL,COMPLETE,Q2,PAPER,0,0,297.0106666666666,841.92,catalog/papers.csv; catalog/paper_files.csv; catalog/scale/g8_paper_status.csv,unknown,True,0,1,1,31.758,31.758,38.116,36,False,,PORTRAIT,40,,BOTTOM,1,40,,,CUMCM-2018-D-004,0.76,mixed,D,D,------------------------------------;Times;KaiTi;ABCDEE+Cambria;ABCDEE+Wingdings;Arial;Times;Symbol;Times;ABCDEE+MT;ABCEEE+Consolas;ABCEEE+Courier;Times,43,1,34.452,32.058,37.196,,True,1,2018年数学建模国赛真题+优秀论文/2018年优秀论文/2018D：汽车总装线配置的优化模型研究.pdf,primary,6B9B3A408D9D55D049255A13BA2C14A078325897D7264DE3A719958346673D7C,6B9B3A408D9D55D049255A13BA2C14A078325897D7264DE3A719958346673D7C,active,8,5907,1,unknown,汽车总装线配置的优化模型研究 | 装线和喷涂线上的装配顺序各项提出了各种不同形式的要求，而且不同的装配,25.788,25.407,26.804,2026-08-18T00:06:15+08:00,210.01566666666668,595.32,2018
0,0,unknown,unknown,,,,2026-08-18T00:06:15+08:00,KaiTi,1,0,0,0,1,0,FORMAL,Q3_MANUAL_REQUIRED,Q3,PAPER,0,0,275.8722222222222,782.0,catalog/papers.csv; catalog/paper_files.csv; catalog/scale/g8_paper_status.csv,unknown,False,0,0,1,,,,0,False,font_or_text_layer_not_reliable,PORTRAIT,9,,UNKNOWN,0,"1,2,3,4,5,6,7,8,9",,,CUMCM-2002-A-014,0.8,image_based,A,A,------------------------------------;KaiTi,0,0,,,,,True,1,2002年数学建模国赛真题+优秀论文/2002年优秀论文/2002A：车灯线光源的优化设计问题 (2).pdf,primary,65B3EF4D427C379FCE2F7D42D2F97E14C8C98F05F7567511ACB4B47E89884DC7,65B3EF4D427C379FCE2F7D42D2F97E14C8C98F05F7567511ACB4B47E89884DC7,active,0,45,1,unknown,,,,,2026-08-18T00:06:15+08:00,208.13888888888889,590.0,2002
0,0,unknown,unknown,18.295,18.295,18.295,2026-08-18T00:06:15+08:00,Arial;KaiTi;SimHei;SimSun/Song;SymbolMT;Times New Roman,1,1,279,7,1,1,FORMAL,COMPLETE,Q2,PAPER,0,0,297.0388888888889,842.0,catalog/papers.csv; catalog/paper_files.csv; catalog/scale/g8_paper_status.csv,unknown,True,0,1,1,25.019,25.019,25.019,18,False,,PORTRAIT,19,,UNKNOWN,0,,,,CUMCM-2006-A-007,1.0,text_based,A,A,------------------------------------;TimesNewRomanPSMT;FLMIPK+SimHei;FLMJKG+SimSun;KaiTi;ArialMT;TimesNewRomanPS-ItalicMT;FLOKGJ+SymbolMT;Arial-BoldMT;TimesNewRomanPS-BoldMT,48,1,22.952,22.846,24.095,,True,1,2006年数学建模国赛真题+优秀论文/2006年优秀论文/2006A：出版社资源配置的问题研究.pdf,primary,5DA1C664C8BA938C77E93AAB4334AF736D04763AAA8129A33A9565F25494FC97,5DA1C664C8BA938C77E93AAB4334AF736D04763AAA8129A33A9565F25494FC97,active,18,1564,1,unknown,出版社资源配置的问题研究 | 数，以总社为分社的各个学科分配的书号数量为决策变量建立了非线性规划模型，并运,26.675,25.421,27.525,2026-08-18T00:06:15+08:00,209.98038888888888,595.22,2006
0,0,unknown,unknown,17.921,17.815,19.438,2026-08-18T00:06:15+08:00,KaiTi;SimSun/Song;Syntax;Times New Roman;cajcd-fntaa,1,1,223,0,1,1,FORMAL,COMPLETE,Q2,PAPER,0,1,259.9972222222222,737.0,catalog/papers.csv; catalog/paper_files.csv; catalog/scale/g8_paper_status.csv,unknown,False,0,0,1,14.146,14.146,14.146,5,False,,PORTRAIT,6,,BOTTOM,1,,,,CUMCM-2001-A-012,1.0,text_based,A,A,------------------------------------;STSong-Light;Times-Roman;cajcd-fntaa;Times-Italic;KaiTi;Times-Bold;Syntax;Syntax;Syntax;Syntax;Syntax;Syntax;Syntax;Syntax;Syntax;Syntax;Syntax;Syntax;Syntax;Syntax;Syntax;Syntax;Syntax;Syntax;Syntax;Syntax;Syntax;Syntax;Syntax;Syntax;Syntax;Syntax;Syntax;Syntax;Syntax;Syntax;Syntax;Syntax;Syntax;Syntax;Syntax;Syntax;Syntax;Syntax;Syntax;Syntax;Syntax;Syntax;Syntax;Syntax;Syntax;Syntax;Syntax;Syntax;Syntax;Syntax;Syntax;Syntax;Syntax;Syntax;Syntax;Syntax;Syntax;Syntax;Syntax;Syntax;Syntax;Syntax;Syntax;Syntax;Syntax;Syntax;Syntax;Syntax;Syntax;Syntax;Syntax;Syntax;Syntax;Syntax;Syntax;Syntax;Syntax;Syntax;Syntax;Syntax;Syntax;Syntax;Syntax;Syntax;Syntax;Syntax;Syntax;Syntax;Syntax;Syntax;Syntax;Syntax;Syntax;Syntax;Syntax;Syntax;Syntax;Syntax;Syntax;Syntax;Syntax;Syntax;Syntax;Syntax;Syntax;Syntax;Syntax;Syntax;Syntax;Syntax;Syntax;Syntax;Syntax;Syntax;Syntax;Syntax;Syntax;Syntax;Syntax;Syntax;Syntax;Syntax;Syntax;Syntax;Syntax;Syntax;Syntax;Syntax;Syntax;Syntax;Syntax;Syntax;Syntax;Syntax;Syntax;Syntax;Syntax;Syntax;Syntax;Syntax;Syntax;Syntax;Syntax;Syntax;Syntax;Syntax;Syntax;Syntax;Syntax;Syntax;Syntax;Syntax;Syntax;Syntax;Syntax;Syntax;Syntax;Syntax;Syntax;Syntax;Syntax;Syntax;Syntax;Syntax;Syntax;Syntax;Syntax;Syntax;Syntax;Syntax;Syntax;Syntax;Syntax;Syntax;Syntax;Syntax;Syntax;Syntax;Syntax;Syntax;Syntax;Syntax;Syntax;Syntax;Syntax;Syntax;Syntax;Syntax;Syntax;Syntax;Syntax;Syntax;Syntax;Syntax;Syntax;Syntax;Syntax;Syntax;Syntax;Syntax;Syntax;Syntax;Syntax;Syntax;Syntax;Syntax;Syntax;Syntax;Syntax;Syntax;Syntax;Syntax;Syntax;Syntax;Syntax;Syntax;Syntax;Syntax;Syntax;Syntax;Syntax;Syntax;Syntax;Syntax;Syntax;Syntax;Syntax;Syntax;Syntax;Syntax;Syntax;Syntax;Syntax;Syntax;Syntax;Syntax;Syntax;Syntax;Syntax;Syntax;Syntax;Syntax;Syntax;Syntax;Syntax;Syntax;Syntax;Syntax;Syntax;Syntax;Syntax;Syntax;Syntax;Syntax;Syntax;Syntax;Syntax;Syntax;Syntax;Syntax;Syntax;Syntax;Syntax;Syntax;Syntax;Syntax;Syntax;Syntax;Syntax;Syntax;Syntax;Syntax;Syntax;Syntax;Syntax;Syntax;Syntax;Syntax;Syntax;Syntax;Syntax;Syntax;Syntax;Syntax;Syntax;Syntax;Syntax;Syntax;Syntax;Syntax;Syntax;Syntax;Syntax;Syntax;Syntax;Syntax;Syntax;Syntax;Syntax;Syntax;Syntax;Syntax;Syntax;Syntax;Syntax;Syntax;Syntax;Syntax;Syntax;Syntax;Syntax;Syntax;Syntax;Syntax;Syntax;Syntax;Syntax;Syntax;Syntax;Syntax;Syntax;Syntax;Syntax;Syntax;Syntax;Syntax;Syntax;Syntax;Syntax;Syntax;Syntax;Syntax;Syntax;Syntax;Syntax;Syntax;Syntax;Syntax;Syntax;Syntax;Syntax;Syntax;Syntax;Syntax;Syntax;Syntax;Syntax;Syntax;Syntax;Syntax;Syntax;Syntax;Syntax;Syntax;Syntax;Syntax;Syntax;Syntax;Syntax;Syntax;Syntax;Syntax;Syntax;Syntax;Syntax;Syntax;Syntax;Syntax;Syntax;Syntax;Syntax;Syntax;Syntax;Syntax;Syntax;Syntax;Syntax;Syntax;Syntax;Syntax;Syntax;Syntax;Syntax;Syntax;Syntax;Syntax;Syntax;Syntax;Syntax;Syntax;Syntax;Syntax;Syntax;Syntax;Syntax;Syntax;Syntax;Syntax;Syntax;Syntax;Syntax;Syntax;Syntax;Syntax;Syntax;Syntax;Syntax;Syntax;Syntax;Syntax;Syntax;Syntax;Syntax;Syntax;Syntax;Syntax;Syntax;Syntax;Syntax;Syntax;Syntax;Syntax;Syntax;Syntax;Syntax;Syntax;Syntax;Syntax;Syntax;Syntax;Syntax;Syntax,7,0,13.97,13.441,13.983,,True,1,2001年数学建模国赛真题+优秀论文/2001年国赛优秀论文/2001A：血管的三维重建 (2).pdf,primary,B8901C32246F2042BF38A39F4668D6D1E186469C2F2A5610F765A676BA75FFBF,B8901C32246F2042BF38A39F4668D6D1E186469C2F2A5610F765A676BA75FFBF,active,0,818,1,unknown,J OU RNAL O F EN GIN EERIN G MA THEMA TICS,16.792,16.792,16.792,2026-08-18T00:06:15+08:00,176.0361111111111,499.0,2001
0,0,unknown,unknown,,,,2026-08-18T00:06:15+08:00,Times New Roman,1,1,0,0,1,0,FORMAL,COMPLETE,Q2,PAPER,0,1,259.9266666666666,736.8,catalog/papers.csv; catalog/paper_files.csv; catalog/scale/g8_paper_status.csv,unknown,False,0,0,1,,,,0,False,,PORTRAIT,9,,UNKNOWN,0,,,,CUMCM-2005-B-007,1.0,text_based,B,B,------------------------------------;Times-Roman,0,0,,,,,True,1,2005年数学建模国赛真题+优秀论文/2005年国赛优秀论文/2005B：DVD租赁问题的模型设计及求解.pdf,primary,B08ED8E84DB2A52D5AF734A27DD786BCFB4E242CAF72C2CC337BC09250B77FF6,B08ED8E84DB2A52D5AF734A27DD786BCFB4E242CAF72C2CC337BC09250B77FF6,active,0,36,1,unknown,,,,,2026-08-18T00:06:15+08:00,200.4906666666667,568.32,2005
,,unknown,unknown,,,,2026-08-18T00:06:15+08:00,,0,0,,,0,,FORMAL,INELIGIBLE,,PROBLEM_PACKAGE,,,,,catalog/papers.csv; catalog/paper_files.csv; catalog/scale/g8_paper_status.csv,unknown,,,,0,,,,,,No analyzable PAPER PDF selected; identity retained in full corpus inventory.,UNKNOWN,,,,,,,,CUMCM-2006-B-006,,NOT_ANALYZED,B,B,,,,,,,,True,1,2006年数学建模国赛真题+优秀论文/2006年赛题/2006年国赛B题.doc,primary,B0BCC2EF5ED88C23F23146388BDB92BD9AD05EFC78CFFECB90F6C18E36D077E3,B0BCC2EF5ED88C23F23146388BDB92BD9AD05EFC78CFFECB90F6C18E36D077E3,active,,,0,unknown,,,,,2026-08-18T00:06:15+08:00,,,2006
,,unknown,unknown,,,,2026-08-18T00:06:15+08:00,,0,0,,,0,,FORMAL,INELIGIBLE,,PROBLEM_PACKAGE,,,,,catalog/papers.csv; catalog/paper_files.csv; catalog/scale/g8_paper_status.csv,unknown,,,,0,,,,,,No analyzable PAPER PDF selected; identity retained in full corpus inventory.,UNKNOWN,,,,,,,,CUMCM-2001-D-001,,NOT_ANALYZED,D,D,,,,,,,,True,1,2001年数学建模国赛真题+优秀论文/2001年赛题/2001年国赛C、D题.doc,primary,C3115FB5FF68002AC7DEDFD3A54DD3DD3A2DE92850B5D066D14D4885F3297AFD,C3115FB5FF68002AC7DEDFD3A54DD3DD3A2DE92850B5D066D14D4885F3297AFD,active,,,0,unknown,,,,,2026-08-18T00:06:15+08:00,,,2001
,,unknown,unknown,,,,2026-08-18T00:06:15+08:00,,0,0,,,0,,FORMAL,INELIGIBLE,,PROBLEM_PACKAGE,,,,,catalog/papers.csv; catalog/paper_files.csv; catalog/scale/g8_paper_status.csv,unknown,,,,0,,,,,,No analyzable PAPER PDF selected; identity retained in full corpus inventory.,UNKNOWN,,,,,,,,CUMCM-2003-C-001,,NOT_ANALYZED,C,C,,,,,,,,True,1,2003年数学建模国赛真题+优秀论文/2003年赛题/2003年国赛C题 .doc,primary,2B211026EDFC656B1BFFCFB21A51E7EE84BB106F8966295CD4A05B42AC73440B,2B211026EDFC656B1BFFCFB21A51E7EE84BB106F8966295CD4A05B42AC73440B,active,,,0,unknown,,,,,2026-08-18T00:06:15+08:00,,,2003
0,0,unknown,unknown,70.73,70.73,70.73,2026-08-18T00:06:15+08:00,KaiTi;SimSun/Song,1,0,0,0,1,0,FORMAL,Q3_MANUAL_REQUIRED,Q3,PAPER,0,0,297.0388888888889,842.0,catalog/papers.csv; catalog/paper_files.csv; catalog/scale/g8_paper_status.csv,unknown,True,0,0,1,38.059,38.059,38.059,14,False,font_or_text_layer_not_reliable,PORTRAIT,15,,UNKNOWN,0,"1,2,3,4,5,6,7,8,9,10,11,12,13,14,15",,,CUMCM-2009-C-006,0.8,image_based,C,C,------------------------------------;SimSun;KaiTi,0,0,-64.586,-64.586,-64.586,,True,1,2009年数学建模国赛真题+优秀论文/2009年优秀论文/2009C：关于对卫星和飞船跟踪的测控站分布.pdf,primary,131F802F64C637B3D37223019BD313BE2764F5A7C74FB5D57B8F4E92F4FBEFAC,131F802F64C637B3D37223019BD313BE2764F5A7C74FB5D57B8F4E92F4FBEFAC,active,0,75,1,unknown,,126.838,126.838,126.838,2026-08-18T00:06:15+08:00,209.90277777777777,595.0,2009
1,1,unknown,unknown,22.995,22.995,22.995,2026-08-18T00:06:15+08:00,Arial;Cambria;DengXian;DengXian-Bold;KaiTi;SimHei;SimSun/Song;SymbolMT;Times New Roman;Wingdings-Regular,1,1,2397,13,1,0,FORMAL,COMPLETE,Q2,PAPER,0,0,297.0106666666666,841.92,catalog/papers.csv; catalog/paper_files.csv; catalog/scale/g8_paper_status.csv,unknown,True,0,1,1,25.027,25.027,25.027,98,False,,PORTRAIT,99,,BOTTOM,1,,,,CUMCM-2018-B-003,1.0,text_based,B,B,------------------------------------;BCDEEE+DengXian;BCDFEE+SimHei;TimesNewRomanPSMT;TimesNewRomanPSMT;BCDGEE+SimSun;TimesNewRomanPS-BoldMT;TimesNewRomanPS-BoldMT;KaiTi;BCDHEE+DengXian-Bold;BCDIEE+DengXian;TimesNewRomanPS-ItalicMT;SymbolMT;BCDJEE+CambriaMath;BCDKEE+Wingdings-Regular;ArialMT,61,1,37.196,24.973,37.196,,True,1,2018年数学建模国赛真题+优秀论文/2018年优秀论文/2018B：智能 RGV 的动态调度策略.pdf,primary,225D97F5F63CA088C2F83113F698C454D2AF9846F5BB4F79A6FB53CFE135C8D6,225D97F5F63CA088C2F83113F698C454D2AF9846F5BB4F79A6FB53CFE135C8D6,active,19,5747,1,unknown,智能 RGV 的动态调度策略 | 任何 CNC 的上料需求信号，RGV 将会根据调度模型立即判别执行一次移动指令，移动,25.061,25.061,25.061,2026-08-18T00:06:15+08:00,210.01566666666668,595.32,2018
,,unknown,unknown,,,,2026-08-18T00:06:15+08:00,,0,0,,,0,,FORMAL,INELIGIBLE,,SUPPORTING_MATERIAL,,,,,catalog/papers.csv; catalog/paper_files.csv; catalog/scale/g8_paper_status.csv,unknown,,,,0,,,,,,No analyzable PAPER PDF selected; identity retained in full corpus inventory.,UNKNOWN,,,,,,,,CUMCM-2011-D-048,,NOT_ANALYZED,D,D,,,,,,,,True,1,2011年数学建模国赛真题+优秀论文/2011年优秀论文/2011D：天然肠衣搭配问题(1)/规格3步骤25.lg4,primary,3F8C4774D2ECE7E47B01882DAEC368E6EDFECD1EF437DF0499C1C46B6A3731FA,3F8C4774D2ECE7E47B01882DAEC368E6EDFECD1EF437DF0499C1C46B6A3731FA,active,,,0,unknown,,,,,2026-08-18T00:06:15+08:00,,,2011
0,1,unknown,unknown,22.233,22.233,22.233,2026-08-18T00:06:15+08:00,Calibri;Monospace;Symbol;Times New Roman,1,1,168,11,1,0,FORMAL,COMPLETE,Q2,PAPER,0,0,297.0106666666666,841.92,catalog/papers.csv; catalog/paper_files.csv; catalog/scale/g8_paper_status.csv,unknown,True,0,1,1,31.758,30.531,31.758,25,False,,PORTRAIT,26,,BOTTOM,1,,,,CUMCM-2017-D-003,1.0,text_based,D,D,------------------------------------;ABCDEE+Calibri;Times;Times;Symbol;ABCDEE+Courier;ABCDEE+Courier,24,1,29.64,28.413,32.207,,True,1,2017年数学建模国赛真题+优秀论文/2017年优秀论文/2017D：巡检线路的排班 (1).pdf,primary,397CC22AEE381F5E884A61A90FB67C80D4A2FBAE6AB8F317C7C68DC40219BF5E,397CC22AEE381F5E884A61A90FB67C80D4A2FBAE6AB8F317C7C68DC40219BF5E,active,32,1555,1,unknown,化工厂巡检路径规划与建模 | 时上班、无休息时间、每条线路周期不超过 35min、每天三班制、每班 8 小时左,27.728,25.4,36.795,2026-08-18T00:06:15+08:00,210.01566666666668,595.32,2017
0,0,unknown,unknown,,,,2026-08-18T00:06:15+08:00,KaiTi,1,0,0,0,1,0,FORMAL,Q3_MANUAL_REQUIRED,Q3,PAPER,0,0,277.6361111111111,787.0,catalog/papers.csv; catalog/paper_files.csv; catalog/scale/g8_paper_status.csv,unknown,False,0,0,1,,,,0,False,font_or_text_layer_not_reliable,PORTRAIT,2,,UNKNOWN,0,"1,2",,,CUMCM-1995-A-008,0.8,image_based,A,A,------------------------------------;KaiTi,0,0,,,,,True,1,1995年数学建模国赛真题+优秀论文/1995年国赛优秀论文/1995A：空中防撞系统的设计.pdf,primary,08E67D226D2780023FD8E24D091F081C68FA0DE68868691EAB08BA0D88BBC89F,08E67D226D2780023FD8E24D091F081C68FA0DE68868691EAB08BA0D88BBC89F,active,0,8,1,unknown,,,,,2026-08-18T00:06:15+08:00,203.90555555555554,578.0,1995
,,unknown,unknown,,,,2026-08-18T00:06:15+08:00,,0,0,,,0,,FORMAL,INELIGIBLE,,PROBLEM_PACKAGE,,,,,catalog/papers.csv; catalog/paper_files.csv; catalog/scale/g8_paper_status.csv,unknown,,,,0,,,,,,No analyzable PAPER PDF selected; identity retained in full corpus inventory.,UNKNOWN,,,,,,,,CUMCM-2007-A-014,,NOT_ANALYZED,A,A,,,,,,,,True,1,2007年数学建模国赛真题+优秀论文/2007年赛题/2007年国赛A题.doc,primary,3DBFB70675EC349DBF8DB56C3B0563CEFC8F7C2F999A75F7BD7DF277480AEEF0,3DBFB70675EC349DBF8DB56C3B0563CEFC8F7C2F999A75F7BD7DF277480AEEF0,active,,,0,unknown,,,,,2026-08-18T00:06:15+08:00,,,2007
0,0,unknown,unknown,,,,2026-08-18T00:06:15+08:00,KaiTi;SimSun/Song,1,0,0,0,1,0,FORMAL,Q3_MANUAL_REQUIRED,Q3,PAPER,0,1,412.3972222222222,1169.0,catalog/papers.csv; catalog/paper_files.csv; catalog/scale/g8_paper_status.csv,unknown,False,0,0,1,,,,0,False,font_or_text_layer_not_reliable,PORTRAIT,32,,UNKNOWN,0,"1,2,3,4,5,6,7,8,9,10,11,12,13,14,15,16,17,18,19,20,21,22,23,24,25,26,27,28,29,30,31,32",,,CUMCM-2019-B-004,0.8,image_based,B,B,------------------------------------;AdobeSongStd-Light;KaiTi,0,0,,,,,True,1,2019年数学建模国赛真题+优秀论文/2019年优秀论文/2019B：同心鼓运动模型的理论分析与策略研究.pdf,primary,FDECE372D16A207FA7C4B3BD6DF08A459FF8F2BA9552DF4CA9AEDCC02D826E30,FDECE372D16A207FA7C4B3BD6DF08A459FF8F2BA9552DF4CA9AEDCC02D826E30,active,0,160,1,unknown,,,,,2026-08-18T00:06:15+08:00,291.3944444444444,826.0,2019
0,0,unknown,unknown,,,,2026-08-18T00:06:15+08:00,KaiTi,1,0,0,0,1,0,FORMAL,Q3_MANUAL_REQUIRED,Q3,PAPER,0,0,275.8722222222222,782.0,catalog/papers.csv; catalog/paper_files.csv; catalog/scale/g8_paper_status.csv,unknown,False,0,0,1,,,,0,False,font_or_text_layer_not_reliable,PORTRAIT,3,,UNKNOWN,0,"1,2,3",,,CUMCM-1996-A-007,0.8,image_based,A,A,------------------------------------;KaiTi,0,0,,,,,True,1,1996年数学建模国赛真题+优秀论文/1996年国赛优秀论文/1996A：最优捕鱼策略问题答卷评述.pdf,primary,2BD383B1BB38E93EC34C70DA8269EE0E7A883EEC93133823016B2E35DBEC6126,2BD383B1BB38E93EC34C70DA8269EE0E7A883EEC93133823016B2E35DBEC6126,active,0,12,1,unknown,,,,,2026-08-18T00:06:15+08:00,200.02499999999998,567.0,1996
0,0,unknown,unknown,,,,2026-08-18T00:06:15+08:00,KaiTi;SimSun/Song;Times New Roman,1,1,0,0,1,0,FORMAL,COMPLETE,Q2,PAPER,0,0,278.34166666666664,789.0,catalog/papers.csv; catalog/paper_files.csv; catalog/scale/g8_paper_status.csv,unknown,False,0,0,1,,,,0,False,,PORTRAIT,6,,UNKNOWN,0,,,,CUMCM-1997-B-007,1.0,text_based,B,B,------------------------------------;STSong-Light;Times-Roman;KaiTi,0,0,,,,,True,1,1997年数学建模国赛真题+优秀论文/1997年国赛优秀论文/1997B：长方体材料截断切割的优化设计.pdf,primary,E2A86C0188B188DB135A87DD41AF498679DC95D2D6931A2CF18E554CC05A6635,E2A86C0188B188DB135A87DD41AF498679DC95D2D6931A2CF18E554CC05A6635,active,0,24,1,unknown,,,,,2026-08-18T00:06:15+08:00,206.0222222222222,584.0,1997
0,0,unknown,unknown,,,,2026-08-18T00:06:15+08:00,KaiTi;SimSun/Song,1,0,0,0,1,0,FORMAL,Q3_MANUAL_REQUIRED,Q3,PAPER,0,1,412.3972222222222,1169.0,catalog/papers.csv; catalog/paper_files.csv; catalog/scale/g8_paper_status.csv,unknown,False,0,0,1,,,,0,False,font_or_text_layer_not_reliable,PORTRAIT,20,,UNKNOWN,0,"1,2,3,4,5,6,7,8,9,10,11,12,13,14,15,16,17,18,19,20",,,CUMCM-2019-E-004,0.8,image_based,E,E,------------------------------------;AdobeSongStd-Light;KaiTi,0,0,,,,,True,1,2019年数学建模国赛真题+优秀论文/2019年优秀论文/2019E：“薄利多销”分析.pdf,primary,6C4C3287FA48799B1A2DCC2AE38A384D99C58D599C3E4177DBD49929137B3576,6C4C3287FA48799B1A2DCC2AE38A384D99C58D599C3E4177DBD49929137B3576,active,0,100,1,unknown,,,,,2026-08-18T00:06:15+08:00,291.3944444444444,826.0,2019
1,1,unknown,unknown,20.712,20.712,20.712,2026-08-18T00:06:15+08:00,Arial;MicrosoftYaHei;SimHei;SimSun/Song;SymbolMT;Times New Roman,1,1,793,2,1,1,FORMAL,COMPLETE,Q2,PAPER,0,0,297.0388888888889,842.0,catalog/papers.csv; catalog/paper_files.csv; catalog/scale/g8_paper_status.csv,unknown,True,0,1,1,25.019,25.019,25.019,26,False,,PORTRAIT,27,,BOTTOM,1,,,,CUMCM-2014-C-010,1.0,text_based,C,C,------------------------------------;ABCDEF+TimesNewRomanPS-BoldMT;ABCDEF+SimSun;ABCDEF+TimesNewRomanPSMT;ABCDEF+SimHei;ABCDEF+TimesNewRomanPS-ItalicMT;ABCDEF+SymbolMT;ABCDEF+ArialMT;ABCDEF+MicrosoftYaHei,56,1,24.987,23.22,25.002,,True,1,2014年数学建模国赛真题+优秀论文/2014优秀论文/2014C：生猪养殖场经营管理的研究/论文正文.pdf,primary,EC1AE1437548ACC65AF1F32507E33368858B2FAA7CF0273FC18502CB9C405619,EC1AE1437548ACC65AF1F32507E33368858B2FAA7CF0273FC18502CB9C405619,active,0,2838,1,unknown,编号专用页 | 赛区评阅编号（由赛区组委会评阅前进行编号）：,25.883,25.683,25.883,2026-08-18T00:06:15+08:00,210.02625,595.35,2014
0,0,unknown,unknown,16.757,16.148,18.997,2026-08-18T00:06:15+08:00,KaiTi;SimSun/Song;Syntax;Times New Roman;cajcd-fntaa;cajcd-fntlt,1,1,201,0,1,1,FORMAL,COMPLETE,Q2,PAPER,0,1,248.70833333333334,705.0,catalog/papers.csv; catalog/paper_files.csv; catalog/scale/g8_paper_status.csv,unknown,False,0,0,1,12.629,12.347,12.912,8,False,,PORTRAIT,9,,TOP,1,,,,CUMCM-2000-A-005,1.0,text_based,A,A,------------------------------------;STSong-Light;Times-Roman;cajcd-fntaa;Times-Bold;Times-Italic;KaiTi;cajcd-fntlt;Syntax;Syntax;Syntax;Syntax;Syntax;Syntax;Syntax;Syntax;Syntax;Syntax;Syntax;Syntax;Syntax;Syntax;Syntax;Syntax;Syntax;Syntax;Syntax;Syntax;Syntax;Syntax;Syntax;Syntax;Syntax;Syntax;Syntax;Syntax;Syntax;Syntax;Syntax;Syntax;Syntax;Syntax;Syntax;Syntax;Syntax;Syntax;Syntax;Syntax;Syntax;Syntax;Syntax;Syntax;Syntax;Syntax;Syntax;Syntax;Syntax;Syntax;Syntax;Syntax;Syntax;Syntax;Syntax;Syntax;Syntax;Syntax;Syntax;Syntax;Syntax;Syntax;Syntax;Syntax;Syntax;Syntax;Syntax;Syntax;Syntax;Syntax;Syntax;Syntax;Syntax;Syntax;Syntax;Syntax;Syntax;Syntax;Syntax;Syntax;Syntax;Syntax;Syntax;Syntax;Syntax;Syntax;Syntax;Syntax;Syntax;Syntax;Syntax;Syntax;Syntax;Syntax;Syntax;Syntax;Syntax;Syntax;Syntax;Syntax;Syntax;Syntax;Syntax;Syntax;Syntax;Syntax;Syntax;Syntax;Syntax;Syntax;Syntax;Syntax;Syntax;Syntax;Syntax;Syntax;Syntax;Syntax;Syntax;Syntax;Syntax;Syntax;Syntax;Syntax;Syntax;Syntax;Syntax;Syntax;Syntax;Syntax;Syntax;Syntax;Syntax;Syntax;Syntax;Syntax;Syntax;Syntax;Syntax;Syntax;Syntax;Syntax;Syntax;Syntax;Syntax;Syntax;Syntax;Syntax;Syntax;Syntax;Syntax;Syntax;Syntax;Syntax;Syntax;Syntax;Syntax;Syntax;Syntax;Syntax;Syntax;Syntax;Syntax;Syntax;Syntax;Syntax;Syntax;Syntax;Syntax;Syntax;Syntax;Syntax;Syntax;Syntax;Syntax;Syntax;Syntax;Syntax;Syntax;Syntax;Syntax;Syntax;Syntax;Syntax;Syntax;Syntax;Syntax;Syntax;Syntax;Syntax;Syntax;Syntax;Syntax;Syntax;Syntax;Syntax;Syntax;Syntax;Syntax;Syntax;Syntax;Syntax;Syntax;Syntax;Syntax;Syntax;Syntax;Syntax;Syntax;Syntax;Syntax;Syntax;Syntax;Syntax;Syntax;Syntax;Syntax;Syntax;Syntax;Syntax;Syntax;Syntax;Syntax;Syntax;Syntax;Syntax;Syntax;Syntax;Syntax;Syntax;Syntax;Syntax;Syntax;Syntax;Syntax;Syntax;Syntax;Syntax;Syntax;Syntax;Syntax;Syntax;Syntax;Syntax;Syntax;Syntax;Syntax;Syntax;Syntax;Syntax;Syntax;Syntax;Syntax;Syntax;Syntax;Syntax;Syntax;Syntax;Syntax;Syntax;Syntax;Syntax;Syntax;Syntax;Syntax;Syntax;Syntax;Syntax;Syntax;Syntax;Syntax;Syntax;Syntax;Syntax;Syntax;Syntax;Syntax;Syntax;Syntax;Syntax;Syntax;Syntax;Syntax;Syntax;Syntax;Syntax;Syntax;Syntax;Syntax;Syntax;Syntax;Syntax;Syntax;Syntax;Syntax;Syntax;Syntax;Syntax;Syntax;Syntax;Syntax;Syntax;Syntax;Syntax;Syntax;Syntax;Syntax;Syntax;Syntax;Syntax;Syntax;Syntax;Syntax;Syntax;Syntax;Syntax;Syntax;Syntax;Syntax;Syntax;Syntax;Syntax;Syntax;Syntax;Syntax;Syntax;Syntax;Syntax;Syntax;Syntax;Syntax;Syntax;Syntax;Syntax;Syntax;Syntax;Syntax;Syntax;Syntax;Syntax;Syntax;Syntax;Syntax;Syntax;Syntax;Syntax;Syntax;Syntax;Syntax;Syntax;Syntax;Syntax;Syntax;Syntax;Syntax;Syntax;Syntax;Syntax;Syntax;Syntax;Syntax;Syntax;Syntax;Syntax;Syntax;Syntax;Syntax;Syntax;Syntax;Syntax;Syntax;Syntax;Syntax;Syntax;Syntax;Syntax;Syntax;Syntax;Syntax;Syntax;Syntax;Syntax;Syntax;Syntax;Syntax;Syntax;Syntax;Syntax;Syntax;Syntax;Syntax;Syntax;Syntax;Syntax;Syntax;Syntax;Syntax;Syntax;Syntax;Syntax;Syntax;Syntax;Syntax;Syntax;Syntax;Syntax;Syntax;Syntax;Syntax;Syntax;Syntax;Syntax;Syntax;Syntax;Syntax;Syntax;Syntax;Syntax;Syntax;Syntax;Syntax;Syntax;Syntax;Syntax;Syntax;Syntax;Syntax;Syntax;Syntax;Syntax;Syntax;Syntax;Syntax;Syntax;Syntax;Syntax;Syntax;Syntax;Syntax;Syntax;Syntax;Syntax;Syntax;Syntax;Syntax;Syntax;Syntax;Syntax;Syntax;Syntax;Syntax;Syntax;Syntax;Syntax;Syntax;Syntax;Syntax;Syntax;Syntax;Syntax;Syntax;Syntax;Syntax;Syntax;Syntax;Syntax;Syntax;Syntax;Syntax;Syntax;Syntax;Syntax;Syntax;Syntax;Syntax;Syntax;Syntax;Syntax;Syntax;Syntax;Syntax;Syntax;Syntax;Syntax;Syntax;Syntax;Syntax;Syntax;Syntax;Syntax;Syntax;Syntax;Syntax;Syntax;Syntax;Syntax;Syntax;Syntax;Syntax;Syntax;Syntax;Syntax;Syntax;Syntax;Syntax;Syntax;Syntax;Syntax;Syntax;Syntax;Syntax;Syntax;Syntax;Syntax;Syntax;Syntax;Syntax;Syntax;Syntax;Syntax;Syntax;Syntax;Syntax;Syntax;Syntax;Syntax;Syntax;Syntax;Syntax;Syntax;Syntax;Syntax;Syntax;Syntax;Syntax;Syntax;Syntax;Syntax;Syntax;Syntax;Syntax;Syntax;Syntax;Syntax;Syntax;Syntax;Syntax;Syntax;Syntax;Syntax;Syntax;Syntax;Syntax;Syntax;Syntax;Syntax;Syntax;Syntax;Syntax;Syntax;Syntax;Syntax;Syntax;Syntax;Syntax;Syntax;Syntax;Syntax;Syntax;Syntax;Syntax;Syntax;Syntax;Syntax;Syntax;Syntax;Syntax;Syntax;Syntax;Syntax;Syntax;Syntax;Syntax;Syntax;Syntax;Syntax;Syntax;Syntax;Syntax;Syntax;Syntax;Syntax;Syntax;Syntax;Syntax;Syntax;Syntax;Syntax;Syntax;Syntax;Syntax;Syntax;Syntax;Syntax;Syntax;Syntax;Syntax;Syntax;Syntax;Syntax;Syntax;Syntax;Syntax;Syntax;Syntax;Syntax;Syntax;Syntax;Syntax;Syntax;Syntax;Syntax;Syntax;Syntax;Syntax;Syntax;Syntax;Syntax;Syntax;Syntax;Syntax;Syntax;Syntax;Syntax;Syntax;Syntax;Syntax;Syntax;Syntax;Syntax;Syntax;Syntax;Syntax;Syntax;Syntax;Syntax;Syntax;Syntax;Syntax;Syntax;Syntax;Syntax;Syntax;Syntax;Syntax;Syntax;Syntax;Syntax;Syntax;Syntax;Syntax;Syntax;Syntax;Syntax;Syntax;Syntax;Syntax;Syntax;Syntax;Syntax;Syntax;Syntax;Syntax;Syntax;Syntax;Syntax;Syntax;Syntax;Syntax;Syntax;Syntax;Syntax;Syntax;Syntax;Syntax;Syntax;Syntax;Syntax;Syntax;Syntax;Syntax;Syntax;Syntax;Syntax;Syntax;Syntax;Syntax;Syntax;Syntax;Syntax;Syntax;Syntax;Syntax;Syntax;Syntax;Syntax;Syntax;Syntax;Syntax;Syntax;Syntax;Syntax;Syntax;Syntax;Syntax;Syntax;Syntax;Syntax;Syntax;Syntax;Syntax;Syntax;Syntax;Syntax;Syntax;Syntax;Syntax;Syntax;Syntax;Syntax;Syntax;Syntax;Syntax;Syntax;Syntax;Syntax;Syntax;Syntax;Syntax;Syntax;Syntax;Syntax;Syntax;Syntax;Syntax;Syntax;Syntax;Syntax;Syntax;Syntax;Syntax;Syntax;Syntax;Syntax;Syntax;Syntax;Syntax;Syntax;Syntax;Syntax;Syntax;Syntax;Syntax;Syntax;Syntax;Syntax;Syntax;Syntax;Syntax;Syntax;Syntax;Syntax;Syntax;Syntax;Syntax;Syntax;Syntax;Syntax;Syntax;Syntax;Syntax;Syntax;Syntax;Syntax;Syntax;Syntax;Syntax;Syntax;Syntax;Syntax;Syntax;Syntax;Syntax;Syntax;Syntax;Syntax;Syntax;Syntax;Syntax;Syntax;Syntax;Syntax;Syntax;Syntax;Syntax;Syntax;Syntax;Syntax;Syntax;Syntax;Syntax;Syntax;Syntax;Syntax;Syntax;Syntax;Syntax;Syntax;Syntax;Syntax;Syntax;Syntax;Syntax;Syntax;Syntax;Syntax;Syntax;Syntax;Syntax;Syntax;Syntax;Syntax;Syntax;Syntax;Syntax;Syntax;Syntax;Syntax;Syntax;Syntax;Syntax;Syntax;Syntax;Syntax;Syntax;Syntax;Syntax;Syntax;Syntax;Syntax;Syntax;Syntax;Syntax;Syntax;Syntax;Syntax;Syntax;Syntax;Syntax;Syntax;Syntax;Syntax;Syntax;Syntax,6,0,10.301,10.222,10.389,,True,1,2000年数学建模国赛真题+优秀论文/2000年国赛优秀论文/2000A：DNA分类模型.pdf,primary,FB22E1231902AA036AE4EA61EA9948CA636F2B780A29A5AD487B092251B25EA0,FB22E1231902AA036AE4EA61EA9948CA636F2B780A29A5AD487B092251B25EA0,active,0,1278,1,unknown,M A TH EM A T ICSINPRA CT ICE ANDTH EO R Y | ex tracted fromthe 20 uncla ssified a rtificia l sequence sam p les and 182 na tu ra l sequence sam p les,14.146,14.146,14.746,2026-08-18T00:06:15+08:00,167.56944444444446,475.0,2000
,,unknown,unknown,,,,2026-08-18T00:06:15+08:00,,0,0,,,0,,FORMAL,INELIGIBLE,,SUPPORTING_MATERIAL,,,,,catalog/papers.csv; catalog/paper_files.csv; catalog/scale/g8_paper_status.csv,unknown,,,,0,,,,,,No analyzable PAPER PDF selected; identity retained in full corpus inventory.,UNKNOWN,,,,,,,,CUMCM-2011-D-049,,NOT_ANALYZED,D,D,,,,,,,,True,1,2011年数学建模国赛真题+优秀论文/2011年优秀论文/2011D：天然肠衣搭配问题(1)/降级10.lg4,primary,A333DED03CEFB404A249BF93850F434CA6724917DF668409C912328351F19E05,A333DED03CEFB404A249BF93850F434CA6724917DF668409C912328351F19E05,active,,,0,unknown,,,,,2026-08-18T00:06:15+08:00,,,2011
1,1,unknown,unknown,18.661,18.661,18.661,2026-08-18T00:06:15+08:00,Arial;KaiTi;SimHei;SimSun/Song;SymbolMT-Identity-H;Times New Roman,1,1,348,0,1,1,FORMAL,COMPLETE,Q2,PAPER,0,0,297.00361111111107,841.9,catalog/papers.csv; catalog/paper_files.csv; catalog/scale/g8_paper_status.csv,unknown,True,0,1,1,20.98,20.98,20.98,31,False,,PORTRAIT,32,,BOTTOM,1,,,,CUMCM-2010-D-005,0.88,text_based,D,D,------------------------------------;IBOGFG+SimSun-Identity-H;LLDYYR+TimesNewRomanPS-BoldMT-Identity-H;KMOPBO+TimesNewRomanPSMT-Identity-H;KaiTi;FBPHXR+SimHei-Identity-H;YVJGTV+SimHei-Identity-H;HPMWVY+TimesNewRomanPS-ItalicMT-Identity-H;OVICEP+SymbolMT-Identity-H;CDHCLE+ArialMT-Identity-H;GJKVIN+SymbolMT-Identity-H,191,1,37.193,21.148,37.193,,True,1,2010年数学建模国赛真题+优秀论文/2010年优秀论文/2010D：学生宿舍设计方案的评价.pdf,primary,9D46A3D73FC99E838924785A04553909A97908E634CFAB6303AC4E2B45D353B2,9D46A3D73FC99E838924785A04553909A97908E634CFAB6303AC4E2B45D353B2,active,4,2126,1,unknown,,27.53,25.396,30.891,2026-08-18T00:06:15+08:00,210.00861111111107,595.3,2010
0,0,unknown,unknown,,,,2026-08-18T00:06:15+08:00,KaiTi;Times New Roman,1,0,0,0,1,1,FORMAL,Q3_MANUAL_REQUIRED,Q3,PAPER,0,0,275.8722222222222,782.0,catalog/papers.csv; catalog/paper_files.csv; catalog/scale/g8_paper_status.csv,unknown,False,0,0,1,,,,0,False,font_or_text_layer_not_reliable,PORTRAIT,9,,UNKNOWN,0,"1,2,3,4,5,6,7,8,9",,,CUMCM-2002-A-015,0.8,image_based,A,A,------------------------------------;Times-Italic;KaiTi,0,0,,,,,True,1,2002年数学建模国赛真题+优秀论文/2002年优秀论文/2002A：车灯线光源的优化设计模型 (2).pdf,primary,94A24F2364FFF56E6B7BDBB4DC0F4D73FC27EF9FDBAA70F8A5620D118D477740,94A24F2364FFF56E6B7BDBB4DC0F4D73FC27EF9FDBAA70F8A5620D118D477740,active,0,54,1,unknown,,,,,2026-08-18T00:06:15+08:00,208.13888888888889,590.0,2002
,,unknown,unknown,,,,2026-08-18T00:06:15+08:00,,0,0,,,0,,FORMAL,INELIGIBLE,,PROBLEM_PACKAGE,,,,,catalog/papers.csv; catalog/paper_files.csv; catalog/scale/g8_paper_status.csv,unknown,,,,0,,,,,,No analyzable PAPER PDF selected; identity retained in full corpus inventory.,UNKNOWN,,,,,,,,CUMCM-2010-C-005,,NOT_ANALYZED,C,C,,,,,,,,True,1,2010年数学建模国赛真题+优秀论文/2010年赛题/2010年国赛C题.doc,primary,8882D100E2DD210E1FDE90C11AE1DC89CDDE776BB101CD2DD2CDD553DF1A9626,8882D100E2DD210E1FDE90C11AE1DC89CDDE776BB101CD2DD2CDD553DF1A9626,active,,,0,unknown,,,,,2026-08-18T00:06:15+08:00,,,2010
1,0,unknown,unknown,18.221,18.221,18.221,2026-08-18T00:06:15+08:00,MS-Gothic;MT-Extra;SimHei;SimSun/Song;SymbolMT;Times New Roman,1,1,935,2,1,1,FORMAL,COMPLETE,Q2,PAPER,0,0,297.00361111111107,841.9,catalog/papers.csv; catalog/paper_files.csv; catalog/scale/g8_paper_status.csv,unknown,True,0,1,1,25.019,25.019,25.019,23,False,,PORTRAIT,25,,BOTTOM,1,,,,CUMCM-2011-A-009,1.0,text_based,A,A,------------------------------------;ESHXQI+TimesNewRomanPS-BoldMT;LNUHNF+SimSun;XEKKFX+SimHei;TYEPLS+TimesNewRomanPS-ItalicMT;TZCMBP+SymbolMT;AUWCNV+TimesNewRomanPSMT;DLGYVJ+MS-Gothic;MUFUVC+MT-Extra,40,1,24.123,22.895,25.012,,True,1,2011年数学建模国赛真题+优秀论文/2011年优秀论文/2011A：城市表层土壤重金属污染分析（2）.pdf,primary,61C217B57F5D8590D7E7FC13BA66E87282D21CDA4D3EF13D99F18B9E9EBE0816,61C217B57F5D8590D7E7FC13BA66E87282D21CDA4D3EF13D99F18B9E9EBE0816,active,1,2681,1,unknown,城市表层土壤重金属污染分析 | 首先，我们利用 Matlab 软件拟出该城区地势图（图 1），根据所给数据绘出该地区,27.196,25.079,27.401,2026-08-18T00:06:15+08:00,210.00861111111107,595.3,2011
,,unknown,unknown,,,,2026-08-18T00:06:15+08:00,,0,0,,,0,,FORMAL,INELIGIBLE,,SUPPORTING_MATERIAL,,,,,catalog/papers.csv; catalog/paper_files.csv; catalog/scale/g8_paper_status.csv,unknown,,,,0,,,,,,No analyzable PAPER PDF selected; identity retained in full corpus inventory.,UNKNOWN,,,,,,,,CUMCM-2012-A-005,,NOT_ANALYZED,A,A,,,,,,,,True,1,2012年数学建模国赛真题+优秀论文/2012年优秀论文/2012A：葡萄酒的评价/hdjay.sas,primary,9F0F737B653B119A1C15E46D218E025AF1C1E3F261E4C4E25AFF439FA33263D3,9F0F737B653B119A1C15E46D218E025AF1C1E3F261E4C4E25AFF439FA33263D3,active,,,0,unknown,,,,,2026-08-18T00:06:15+08:00,,,2012
1,1,unknown,unknown,18.295,18.295,18.295,2026-08-18T00:06:15+08:00,Arial;KaiTi;MT-Extra;SimHei;SimSun/Song;SymbolMT;Times New Roman,1,1,363,7,1,1,FORMAL,COMPLETE,Q2,PAPER,0,0,297.0388888888889,842.0,catalog/papers.csv; catalog/paper_files.csv; catalog/scale/g8_paper_status.csv,unknown,True,0,1,1,25.019,25.018,25.019,24,False,,PORTRAIT,25,,BOTTOM,1,,,,CUMCM-2007-B-011,1.0,text_based,B,B,------------------------------------;FOBENP+SimSun;FOBFIO+ArialUnicodeMS;TimesNewRomanPS-BoldMT;FOBFAA+TimesNewRomanPSMT;SimSun;KaiTi;FOBFNN+SimHei;FOBEPP+TimesNewRomanPSMT;FOBHDI+SymbolMT;TimesNewRomanPS-ItalicMT;ArialMT;FOBNAH+MT-Extra,17,1,-3.308,-3.308,-3.308,,True,1,2007年数学建模国赛真题+优秀论文/2007年优秀论文/2007B：《基于多种评价方案的公交线路选择优化模型》.pdf,primary,951DDC6AFABB3C693C09C9C9C92149827FA888E872439E3DD53A9E3FBE3A3794,951DDC6AFABB3C693C09C9C9C92149827FA888E872439E3DD53A9E3FBE3A3794,active,0,2620,1,unknown,,25.615,25.037,27.492,2026-08-18T00:06:15+08:00,209.98038888888888,595.22,2007
0,0,unknown,unknown,,,,2026-08-18T00:06:15+08:00,KaiTi;Times New Roman,1,0,0,0,1,1,FORMAL,Q3_MANUAL_REQUIRED,Q3,PAPER,0,0,275.8722222222222,782.0,catalog/papers.csv; catalog/paper_files.csv; catalog/scale/g8_paper_status.csv,unknown,False,0,0,1,,,,0,False,font_or_text_layer_not_reliable,PORTRAIT,4,,UNKNOWN,0,"1,2,3,4",,,CUMCM-1996-A-008,0.8,image_based,A,A,------------------------------------;Times-Italic;KaiTi,0,0,,,,,True,1,1996年数学建模国赛真题+优秀论文/1996年国赛优秀论文/1996A：最佳捕鱼策略的数学模型.pdf,primary,0FDBCFDBD66735D7FCBAC1CF309657AAB2C37FDC914E0818F2508B4C53F93455,0FDBCFDBD66735D7FCBAC1CF309657AAB2C37FDC914E0818F2508B4C53F93455,active,0,20,1,unknown,,,,,2026-08-18T00:06:15+08:00,200.02499999999998,567.0,1996
1,1,unknown,unknown,22.191,22.191,22.191,2026-08-18T00:06:15+08:00,Arial;Calibri;Cambria;DengXian;KaiTi;SimHei;SimSun/Song;Times New Roman,1,1,1356,8,1,0,FORMAL,COMPLETE,Q2,PAPER,0,0,297.0106666666666,841.92,catalog/papers.csv; catalog/paper_files.csv; catalog/scale/g8_paper_status.csv,unknown,True,0,1,1,31.716,31.716,31.716,55,False,,PORTRAIT,56,,BOTTOM,1,,,,CUMCM-2018-B-004,1.0,text_based,B,B,------------------------------------;BCDEEE+Calibri;BCDFEE+SimHei;BCDGEE+SimHei;BCDHEE+SimSun;BCDIEE+SimSun;TimesNewRomanPSMT;KaiTi;BCDJEE+CambriaMath;ArialMT;BCDKEE+DengXian;BCDLEE+Calibri,42,1,31.617,30.897,31.667,,True,1,2018年数学建模国赛真题+优秀论文/2018年优秀论文/2018B：基于 0-1 规划的单 RGV 动态调度模型.pdf,primary,FE929769CD2910351FF17517E814D2F238D45CA08A261CA9FAE9425C8791CC30,FE929769CD2910351FF17517E814D2F238D45CA08A261CA9FAE9425C8791CC30,active,11,4075,1,unknown,基于 0-1 规划的单 RGV 动态调度模型 | 于 RGV 型号多样、功能有简有繁，因此本文从 RGV 是否能预判 CNC 加工完成时,25.696,25.442,25.781,2026-08-18T00:06:15+08:00,210.01566666666668,595.32,2018
1,1,unknown,unknown,19.397,19.397,19.397,2026-08-18T00:06:15+08:00,Arial;Batang;Symbol;Times New Roman,1,1,956,0,1,1,FORMAL,COMPLETE,Q2,PAPER,0,0,297.053,842.04,catalog/papers.csv; catalog/paper_files.csv; catalog/scale/g8_paper_status.csv,unknown,True,0,1,1,30.996,30.996,30.996,35,False,,PORTRAIT,36,,BOTTOM,1,,,,CUMCM-2012-A-006,1.0,text_based,A,A,------------------------------------;Times;Times;Arial;ABCDEE+Batang;Symbol;Times;Times;Times,96,1,23.883,23.855,25.968,,True,1,2012年数学建模国赛真题+优秀论文/2012年优秀论文/2012A：葡萄酒的评价 (2).pdf,primary,7234E4BF2D7FC31811AB427D220CA427A48B95B37D549A9302CBE21EE1A9CB16,7234E4BF2D7FC31811AB427D220CA427A48B95B37D549A9302CBE21EE1A9CB16,active,15,5868,1,unknown,葡萄酒的质量分析与评价 | 析等方法和方差分析理论为基础，首先分析了两组评酒员评价结果，并确定可信的,25.019,25.019,25.484,2026-08-18T00:06:15+08:00,210.01566666666668,595.32,2012
,,unknown,unknown,,,,2026-08-18T00:06:15+08:00,,0,0,,,0,,FORMAL,INELIGIBLE,UNKNOWN,PROBLEM_PACKAGE,,,,,catalog/papers.csv; catalog/paper_files.csv; catalog/scale/g8_paper_status.csv,unknown,,,,0,,,,,,No analyzable PAPER PDF selected; identity retained in full corpus inventory.,UNKNOWN,,,,,,,,CUMCM-2013-A-006,,NOT_ANALYZED,A,A,,,,,,,,True,1,2013年数学建模国赛真题+优秀论文/2013年国赛A题附录.doc,primary,2E7FA8A775109A177ADB8CEF103BB1E1FE0B5D30EA7B08D5F68A98A051CD2DD8,2E7FA8A775109A177ADB8CEF103BB1E1FE0B5D30EA7B08D5F68A98A051CD2DD8,active,,,0,unknown,,,,,2026-08-18T00:06:15+08:00,,,2013
0,0,unknown,unknown,,,,2026-08-18T00:06:15+08:00,KaiTi;SimSun/Song,1,0,0,0,1,0,FORMAL,Q3_MANUAL_REQUIRED,Q3,PAPER,0,1,412.3972222222222,1169.0,catalog/papers.csv; catalog/paper_files.csv; catalog/scale/g8_paper_status.csv,unknown,False,0,0,1,,,,0,False,font_or_text_layer_not_reliable,PORTRAIT,30,,UNKNOWN,0,"1,2,3,4,5,6,7,8,9,10,11,12,13,14,15,16,17,18,19,20,21,22,23,24,25,26,27,28,29,30",,,CUMCM-2019-C-004,0.8,image_based,C,C,------------------------------------;AdobeSongStd-Light;KaiTi,0,0,,,,,True,1,2019年数学建模国赛真题+优秀论文/2019年优秀论文/2019C：机场出租车司机综合决策及机场出租车管理模型.pdf,primary,355FB07C5007B06EB0B6DAEC79244510C15F5C8B918F51808D6884B0DB13668F,355FB07C5007B06EB0B6DAEC79244510C15F5C8B918F51808D6884B0DB13668F,active,0,150,1,unknown,,,,,2026-08-18T00:06:15+08:00,291.3944444444444,826.0,2019
1,1,unknown,unknown,33.099,31.115,58.125,2026-08-18T00:06:15+08:00,Arial;Cambria;Monospace;Symbol;Times New Roman,1,1,377,4,1,0,FORMAL,COMPLETE,Q2,PAPER,0,0,297.1270833333333,842.25,catalog/papers.csv; catalog/paper_files.csv; catalog/scale/g8_paper_status.csv,unknown,True,0,1,1,25.171,25.171,25.171,19,False,,PORTRAIT,20,,UNKNOWN,0,,,,CUMCM-2016-C-003,1.0,text_based,C,C,------------------------------------;Times;Times;Times;Times;Symbol;ABCDEE+Cambria;Arial;ABCDEE+Courier;ABCDEE+Courier,16,1,24.514,22.735,24.774,,True,1,2016年数学建模国赛真题+优秀论文/2016年优秀论文/2016C：电池剩余放电时间预测 (1).pdf,primary,9871D6A49C88691D9244EDB2C048D649BABA4CE0EDA53F892DB987E8E7E568F3,9871D6A49C88691D9244EDB2C048D649BABA4CE0EDA53F892DB987E8E7E568F3,active,12,1064,1,unknown,电池剩余放电时间预测 | 度放电过程中，电压随放电时间单调下降，直到额定的最低保护电压（Um，本题中为 9V计,27.016,27.016,27.148,2026-08-18T00:06:15+08:00,210.07916666666665,595.5,2016
0,0,unknown,unknown,,,,2026-08-18T00:06:15+08:00,KaiTi,1,0,0,0,1,0,FORMAL,Q3_MANUAL_REQUIRED,Q3,PAPER,0,0,274.81388888888887,779.0,catalog/papers.csv; catalog/paper_files.csv; catalog/scale/g8_paper_status.csv,unknown,False,0,0,1,,,,0,False,font_or_text_layer_not_reliable,PORTRAIT,8,,UNKNOWN,0,"1,2,3,4,5,6,7,8",,,CUMCM-2003-B-011,0.8,image_based,B,B,------------------------------------;KaiTi,0,0,,,,,True,1,2003年数学建模国赛真题+优秀论文/2003年优秀论文/2003B：露天矿生产的车辆安排B.pdf,primary,FC6D6D5F62F5ED7FC676BE234FA904B617642FCA842586514F6A83DE6B0D4264,FC6D6D5F62F5ED7FC676BE234FA904B617642FCA842586514F6A83DE6B0D4264,active,0,40,1,unknown,,,,,2026-08-18T00:06:15+08:00,208.13888888888889,590.0,2003
0,0,unknown,unknown,,,,2026-08-18T00:06:15+08:00,KaiTi;Times New Roman,1,1,0,0,1,0,FORMAL,COMPLETE,Q2,PAPER,0,1,296.6861111111111,841.0,catalog/papers.csv; catalog/paper_files.csv; catalog/scale/g8_paper_status.csv,unknown,True,0,0,1,,,,0,False,,PORTRAIT,6,,UNKNOWN,0,,,,CUMCM-2002-B-008,1.0,text_based,B,B,------------------------------------;Times-Roman;KaiTi,0,0,,,,,True,1,2002年数学建模国赛真题+优秀论文/2002年优秀论文/2002B：彩票方案的合理性优化1.pdf,primary,BA2835F2FF6187D5F52CF41DD2BBA2CC41F3D45533B5DA4CFDD9E7A8D173BC2C,BA2835F2FF6187D5F52CF41DD2BBA2CC41F3D45533B5DA4CFDD9E7A8D173BC2C,active,0,30,1,unknown,,,,,2026-08-18T00:06:15+08:00,209.90277777777777,595.0,2002
1,1,unknown,unknown,,,,2026-08-18T00:06:15+08:00,Arial;MT-Extra-Identity-H;SimHei;SimSun/Song;SymbolMT-Identity-H;Times New Roman,1,0,882,10,0,1,FORMAL,COMPLETE,Q2,PAPER,0,0,297.00361111111107,841.9,catalog/papers.csv; catalog/paper_files.csv; catalog/scale/g8_paper_status.csv,unknown,True,0,1,1,,,,0,False,,PORTRAIT,31,,BOTTOM,1,,,,CUMCM-2011-B-003,1.0,text_based,B,B,------------------------------------;JSESZF+SimSun-Identity-H;ITFUAN+TimesNewRomanPSMT-Identity-H;AFXANL+SimHei-Identity-H;GXYWWT+TimesNewRomanPS-BoldMT-Identity-H;SAXJND+SymbolMT-Identity-H;HGDBPH+TimesNewRomanPS-ItalicMT-Identity-H;GPDUUD+Arial-BoldMT-Identity-H;KAKCXU+SymbolMT-Identity-H;KVWYPL+MT-Extra-Identity-H,60,1,,,,,False,1,2011年数学建模国赛真题+优秀论文/2011年优秀论文/2011B：交巡警服务平台的设置与调度（3）/交巡警服务平台的设置与调度.pdf,primary,E0C41FB5E5AE5DB3D0A87C40D1A49F6C188C539D3395F37D672C6CD1EBAFC9A0,E0C41FB5E5AE5DB3D0A87C40D1A49F6C188C539D3395F37D672C6CD1EBAFC9A0,active,0,9000,1,unknown,交巡警服务平台的设置与调度模型研究交巡警服务平台的设置与调度模型研究交巡警服务平台的设置与调度模型研究交巡警服务平台的设置与调度模型研究 | 在我国 13 年前就开始有了交巡警，现行的交巡警制度是在整合警力资源的基础上，,,,,2026-08-18T00:06:15+08:00,210.00861111111107,595.3,2011
1,1,unknown,unknown,22.233,22.233,22.233,2026-08-18T00:06:15+08:00,Calibri;Symbol;Times New Roman,1,1,558,19,1,0,FORMAL,COMPLETE,Q2,PAPER,0,0,297.0106666666666,841.92,catalog/papers.csv; catalog/paper_files.csv; catalog/scale/g8_paper_status.csv,unknown,True,0,1,1,25.027,25.027,25.027,25,False,,PORTRAIT,30,,BOTTOM,1,,,,CUMCM-2017-D-004,1.0,text_based,D,D,------------------------------------;ABCDEE+Calibri;Times;Symbol;Times,63,1,22.885,20.75,24.952,,True,1,2017年数学建模国赛真题+优秀论文/2017年优秀论文/2017D：巡检线路的排班 (3).pdf,primary,71AA15F0EA4EE6F196F1F1BBF38C1528C0C0A1E3FB10A917EDBCD291F8B417D9,71AA15F0EA4EE6F196F1F1BBF38C1528C0C0A1E3FB10A917EDBCD291F8B417D9,active,19,3333,1,unknown,研究巡检路线的排班状况及优化问题 | 分发挥且每名工人的工作量尽可能均衡，确定巡检人员数量，制定恰当的工作时间表和,27.051,25.019,28.455,2026-08-18T00:06:15+08:00,210.01566666666668,595.32,2017
1,1,unknown,unknown,18.898,18.898,18.898,2026-08-18T00:06:15+08:00,Arial;Calibri;MT-Extra;Monospace;SimHei;SimSun/Song;SymbolMT;Times New Roman,1,1,914,11,1,1,FORMAL,COMPLETE,Q2,PAPER,0,0,297.00361111111107,841.9,catalog/papers.csv; catalog/paper_files.csv; catalog/scale/g8_paper_status.csv,unknown,True,0,1,1,31.75,31.75,31.75,38,False,,PORTRAIT,39,,BOTTOM,1,,,,CUMCM-2016-A-006,1.0,text_based,A,A,------------------------------------;XEKKFX+SimHei;LNUHNF+SimSun;TYEPLS+TimesNewRomanPS-ItalicMT;AUWCNV+TimesNewRomanPSMT;TZCMBP+SymbolMT;ZLXSHE+Calibri;MUFUVC+MT-Extra;QSORMX+Arial-Black;TYXLQB+CourierNewPSMT,82,1,30.639,27.51,30.928,,True,1,2016年数学建模国赛真题+优秀论文/2016年优秀论文/2016A：基于极值系泊系统设计 (3).pdf,primary,8782CBFC3FE587AB513CBF29A72FA6B7F1C3A175831D16D906AF854D564CB3B0,8782CBFC3FE587AB513CBF29A72FA6B7F1C3A175831D16D906AF854D564CB3B0,active,2,2545,1,unknown,系泊系统的设计 | 使被系结构物具有抵御一定环境条件的能力，并在遭遇极端海况时保证结构物和,26.137,26.049,27.603,2026-08-18T00:06:15+08:00,210.00861111111107,595.3,2016
0,0,unknown,unknown,,,,2026-08-18T00:06:15+08:00,KaiTi,1,0,0,0,1,0,FORMAL,Q3_MANUAL_REQUIRED,Q3,PAPER,0,0,275.8722222222222,782.0,catalog/papers.csv; catalog/paper_files.csv; catalog/scale/g8_paper_status.csv,unknown,False,0,0,1,,,,0,False,font_or_text_layer_not_reliable,PORTRAIT,5,,UNKNOWN,0,"1,2,3,4,5",,,CUMCM-1996-B-004,0.8,image_based,B,B,------------------------------------;KaiTi,0,0,,,,,True,1,1996年数学建模国赛真题+优秀论文/1996年国赛优秀论文/1996B：洗衣机的节水优化模型.pdf,primary,907E9301526E62FC341CE96A0FA8832CF83824643CF528AACEE2EC4033E4A283,907E9301526E62FC341CE96A0FA8832CF83824643CF528AACEE2EC4033E4A283,active,0,20,1,unknown,,,,,2026-08-18T00:06:15+08:00,200.02499999999998,567.0,1996
,,unknown,unknown,,,,2026-08-18T00:06:15+08:00,,0,0,,,0,,FORMAL,INELIGIBLE,,PROBLEM_PACKAGE,,,,,catalog/papers.csv; catalog/paper_files.csv; catalog/scale/g8_paper_status.csv,unknown,,,,0,,,,,,No analyzable PAPER PDF selected; identity retained in full corpus inventory.,UNKNOWN,,,,,,,,CUMCM-2020-C-004,,NOT_ANALYZED,C,C,,,,,,,,True,1,2020年数学建模国赛真题+优秀论文/2020年赛题/2020年国赛C题.docx,primary,A540D0612422D2419AE34CACE2EE11A15B5F68E427E006EE7041842641EB7C69,A540D0612422D2419AE34CACE2EE11A15B5F68E427E006EE7041842641EB7C69,active,,,0,unknown,,,,,2026-08-18T00:06:15+08:00,,,2020
0,0,unknown,unknown,16.369,16.237,16.889,2026-08-18T00:06:15+08:00,KaiTi;SimSun/Song;Syntax;Times New Roman;cajcd-fntaa;cajcd-fntbd;cajcd-fntlt,1,1,511,0,1,1,FORMAL,COMPLETE,Q2,PAPER,0,1,248.70833333333334,705.0,catalog/papers.csv; catalog/paper_files.csv; catalog/scale/g8_paper_status.csv,unknown,False,0,0,1,12.876,12.347,12.912,8,False,,PORTRAIT,9,,BOTTOM,1,,,,CUMCM-2000-A-006,1.0,text_based,A,A,------------------------------------;STSong-Light;Times-Roman;cajcd-fntaa;Times-Bold;Times-Italic;cajcd-fntlt;Times-Italic;KaiTi;cajcd-fntbd;Syntax;Syntax;Syntax;Syntax;Syntax;Syntax;Syntax;Syntax;Syntax;Syntax;Syntax;Syntax;Syntax;Syntax;Syntax;Syntax;Syntax;Syntax;Syntax;Syntax;Syntax;Syntax;Syntax;Syntax;Syntax;Syntax;Syntax;Syntax;Syntax;Syntax;Syntax;Syntax;Syntax;Syntax;Syntax;Syntax;Syntax;Syntax;Syntax;Syntax;Syntax;Syntax;Syntax;Syntax;Syntax;Syntax;Syntax;Syntax;Syntax;Syntax;Syntax;Syntax;Syntax;Syntax;Syntax;Syntax;Syntax;Syntax;Syntax;Syntax;Syntax;Syntax;Syntax;Syntax;Syntax;Syntax;Syntax;Syntax;Syntax;Syntax;Syntax;Syntax;Syntax;Syntax;Syntax;Syntax;Syntax;Syntax;Syntax;Syntax;Syntax;Syntax;Syntax;Syntax;Syntax;Syntax;Syntax;Syntax;Syntax;Syntax;Syntax;Syntax;Syntax;Syntax;Syntax;Syntax;Syntax;Syntax;Syntax;Syntax;Syntax;Syntax;Syntax;Syntax;Syntax;Syntax;Syntax;Syntax;Syntax;Syntax;Syntax;Syntax;Syntax;Syntax;Syntax;Syntax;Syntax;Syntax;Syntax;Syntax;Syntax;Syntax;Syntax;Syntax;Syntax;Syntax;Syntax;Syntax;Syntax;Syntax;Syntax;Syntax;Syntax;Syntax;Syntax;Syntax;Syntax;Syntax;Syntax;Syntax;Syntax;Syntax;Syntax;Syntax;Syntax;Syntax;Syntax;Syntax;Syntax;Syntax;Syntax;Syntax;Syntax;Syntax;Syntax;Syntax;Syntax;Syntax;Syntax;Syntax;Syntax;Syntax;Syntax;Syntax;Syntax;Syntax;Syntax;Syntax;Syntax;Syntax;Syntax;Syntax;Syntax;Syntax;Syntax;Syntax;Syntax;Syntax;Syntax;Syntax;Syntax;Syntax;Syntax;Syntax;Syntax;Syntax;Syntax;Syntax;Syntax;Syntax;Syntax;Syntax;Syntax;Syntax;Syntax;Syntax;Syntax;Syntax;Syntax;Syntax;Syntax;Syntax;Syntax;Syntax;Syntax;Syntax;Syntax;Syntax;Syntax;Syntax;Syntax;Syntax;Syntax;Syntax;Syntax;Syntax;Syntax;Syntax;Syntax;Syntax;Syntax;Syntax;Syntax;Syntax;Syntax;Syntax;Syntax;Syntax;Syntax;Syntax;Syntax;Syntax;Syntax;Syntax;Syntax;Syntax;Syntax;Syntax;Syntax;Syntax;Syntax;Syntax;Syntax;Syntax;Syntax;Syntax;Syntax;Syntax;Syntax;Syntax;Syntax;Syntax;Syntax;Syntax;Syntax;Syntax;Syntax;Syntax;Syntax;Syntax;Syntax;Syntax;Syntax;Syntax;Syntax;Syntax;Syntax;Syntax;Syntax;Syntax;Syntax;Syntax;Syntax;Syntax;Syntax;Syntax;Syntax;Syntax;Syntax;Syntax;Syntax;Syntax;Syntax;Syntax;Syntax;Syntax;Syntax;Syntax;Syntax;Syntax;Syntax;Syntax;Syntax;Syntax;Syntax;Syntax;Syntax;Syntax;Syntax;Syntax;Syntax;Syntax;Syntax;Syntax;Syntax;Syntax;Syntax;Syntax;Syntax;Syntax;Syntax;Syntax;Syntax;Syntax;Syntax;Syntax;Syntax;Syntax;Syntax;Syntax;Syntax;Syntax;Syntax;Syntax;Syntax;Syntax;Syntax;Syntax;Syntax;Syntax;Syntax;Syntax;Syntax;Syntax;Syntax;Syntax;Syntax;Syntax;Syntax;Syntax;Syntax;Syntax;Syntax;Syntax;Syntax;Syntax;Syntax;Syntax;Syntax;Syntax;Syntax;Syntax;Syntax;Syntax;Syntax;Syntax;Syntax;Syntax;Syntax;Syntax;Syntax;Syntax;Syntax;Syntax;Syntax;Syntax;Syntax;Syntax;Syntax;Syntax;Syntax;Syntax;Syntax;Syntax;Syntax;Syntax;Syntax;Syntax;Syntax;Syntax;Syntax;Syntax;Syntax;Syntax;Syntax;Syntax;Syntax;Syntax;Syntax;Syntax;Syntax;Syntax;Syntax;Syntax;Syntax;Syntax;Syntax;Syntax;Syntax;Syntax;Syntax;Syntax;Syntax;Syntax;Syntax;Syntax;Syntax;Syntax;Syntax;Syntax;Syntax;Syntax;Syntax;Syntax;Syntax;Syntax;Syntax;Syntax;Syntax;Syntax;Syntax;Syntax;Syntax;Syntax;Syntax;Syntax;Syntax;Syntax;Syntax;Syntax;Syntax;Syntax;Syntax;Syntax;Syntax;Syntax;Syntax;Syntax;Syntax;Syntax;Syntax;Syntax;Syntax;Syntax;Syntax;Syntax;Syntax;Syntax;Syntax;Syntax;Syntax;Syntax;Syntax;Syntax;Syntax;Syntax;Syntax;Syntax;Syntax;Syntax;Syntax;Syntax;Syntax;Syntax;Syntax;Syntax;Syntax;Syntax;Syntax;Syntax;Syntax;Syntax;Syntax;Syntax;Syntax;Syntax;Syntax;Syntax;Syntax;Syntax;Syntax;Syntax;Syntax;Syntax;Syntax;Syntax;Syntax;Syntax;Syntax;Syntax;Syntax;Syntax;Syntax;Syntax;Syntax;Syntax;Syntax;Syntax;Syntax;Syntax;Syntax;Syntax;Syntax;Syntax;Syntax;Syntax;Syntax;Syntax;Syntax;Syntax;Syntax;Syntax;Syntax;Syntax;Syntax;Syntax;Syntax;Syntax;Syntax;Syntax;Syntax;Syntax;Syntax;Syntax;Syntax;Syntax;Syntax;Syntax;Syntax;Syntax;Syntax;Syntax;Syntax;Syntax;Syntax;Syntax;Syntax;Syntax;Syntax;Syntax;Syntax;Syntax;Syntax;Syntax;Syntax;Syntax;Syntax;Syntax;Syntax;Syntax;Syntax;Syntax;Syntax;Syntax;Syntax;Syntax;Syntax;Syntax;Syntax;Syntax;Syntax;Syntax;Syntax;Syntax;Syntax;Syntax;Syntax;Syntax;Syntax;Syntax;Syntax;Syntax;Syntax;Syntax;Syntax;Syntax;Syntax;Syntax;Syntax;Syntax;Syntax;Syntax;Syntax;Syntax;Syntax;Syntax;Syntax;Syntax;Syntax;Syntax;Syntax;Syntax;Syntax;Syntax;Syntax;Syntax;Syntax;Syntax;Syntax;Syntax;Syntax;Syntax;Syntax;Syntax;Syntax;Syntax;Syntax;Syntax;Syntax;Syntax;Syntax;Syntax;Syntax;Syntax;Syntax;Syntax;Syntax;Syntax;Syntax;Syntax;Syntax;Syntax;Syntax;Syntax;Syntax;Syntax;Syntax;Syntax;Syntax;Syntax;Syntax;Syntax;Syntax;Syntax;Syntax;Syntax;Syntax;Syntax;Syntax;Syntax;Syntax;Syntax;Syntax;Syntax;Syntax;Syntax;Syntax;Syntax;Syntax;Syntax;Syntax;Syntax;Syntax;Syntax;Syntax;Syntax;Syntax;Syntax;Syntax;Syntax;Syntax;Syntax;Syntax;Syntax;Syntax;Syntax;Syntax;Syntax;Syntax;Syntax;Syntax;Syntax;Syntax;Syntax;Syntax;Syntax;Syntax;Syntax;Syntax;Syntax;Syntax;Syntax;Syntax;Syntax;Syntax;Syntax;Syntax;Syntax;Syntax;Syntax;Syntax;Syntax;Syntax;Syntax;Syntax;Syntax;Syntax;Syntax;Syntax;Syntax;Syntax;Syntax;Syntax;Syntax;Syntax;Syntax;Syntax;Syntax;Syntax;Syntax;Syntax;Syntax;Syntax;Syntax;Syntax;Syntax;Syntax;Syntax;Syntax;Syntax;Syntax;Syntax;Syntax;Syntax;Syntax;Syntax;Syntax;Syntax;Syntax;Syntax;Syntax;Syntax;Syntax;Syntax;Syntax;Syntax;Syntax;Syntax;Syntax;Syntax;Syntax;Syntax;Syntax;Syntax;Syntax;Syntax;Syntax;Syntax;Syntax;Syntax;Syntax;Syntax;Syntax;Syntax;Syntax;Syntax;Syntax;Syntax;Syntax;Syntax;Syntax;Syntax;Syntax;Syntax;Syntax;Syntax;Syntax;Syntax;Syntax;Syntax;Syntax;Syntax;Syntax;Syntax;Syntax;Syntax;Syntax;Syntax;Syntax;Syntax;Syntax;Syntax;Syntax;Syntax;Syntax;Syntax;Syntax;Syntax;Syntax;Syntax;Syntax;Syntax;Syntax;Syntax;Syntax;Syntax;Syntax;Syntax;Syntax;Syntax;Syntax;Syntax;Syntax;Syntax;Syntax;Syntax;Syntax;Syntax;Syntax;Syntax;Syntax;Syntax;Syntax;Syntax;Syntax;Syntax;Syntax;Syntax;Syntax;Syntax;Syntax;Syntax;Syntax;Syntax;Syntax;Syntax;Syntax;Syntax;Syntax;Syntax;Syntax;Syntax;Syntax;Syntax;Syntax;Syntax;Syntax;Syntax;Syntax;Syntax;Syntax;Syntax;Syntax;Syntax;Syntax;Syntax;Syntax;Syntax;Syntax;Syntax;Syntax;Syntax;Syntax;Syntax;Syntax;Syntax;Syntax;Syntax;Syntax;Syntax;Syntax;Syntax;Syntax;Syntax;Syntax;Syntax;Syntax;Syntax;Syntax;Syntax;Syntax;Syntax;Syntax;Syntax;Syntax;Syntax;Syntax;Syntax;Syntax;Syntax;Syntax;Syntax;Syntax;Syntax;Syntax;Syntax;Syntax;Syntax;Syntax;Syntax;Syntax;Syntax;Syntax;Syntax;Syntax;Syntax;Syntax;Syntax;Syntax;Syntax;Syntax;Syntax;Syntax;Syntax;Syntax;Syntax;Syntax;Syntax;Syntax;Syntax;Syntax;Syntax;Syntax;Syntax;Syntax;Syntax;Syntax;Syntax;Syntax;Syntax;Syntax;Syntax;Syntax;Syntax;Syntax;Syntax;Syntax;Syntax;Syntax;Syntax;Syntax;Syntax;Syntax;Syntax;Syntax;Syntax;Syntax;Syntax;Syntax;Syntax;Syntax;Syntax;Syntax;Syntax;Syntax;Syntax;Syntax;Syntax;Syntax;Syntax;Syntax;Syntax;Syntax;Syntax;Syntax;Syntax;Syntax;Syntax;Syntax;Syntax;Syntax;Syntax;Syntax;Syntax;Syntax;Syntax;Syntax;Syntax;Syntax;Syntax;Syntax;Syntax;Syntax;Syntax;Syntax;Syntax;Syntax;Syntax;Syntax;Syntax;Syntax;Syntax;Syntax;Syntax;Syntax;Syntax;Syntax;Syntax;Syntax;Syntax;Syntax;Syntax;Syntax;Syntax;Syntax;Syntax;Syntax;Syntax;Syntax;Syntax;Syntax;Syntax;Syntax;Syntax;Syntax;Syntax;Syntax;Syntax;Syntax;Syntax;Syntax;Syntax;Syntax;Syntax;Syntax;Syntax;Syntax;Syntax;Syntax;Syntax;Syntax;Syntax;Syntax;Syntax;Syntax;Syntax;Syntax;Syntax;Syntax;Syntax;Syntax;Syntax;Syntax;Syntax;Syntax;Syntax;Syntax;Syntax;Syntax;Syntax;Syntax;Syntax;Syntax;Syntax;Syntax;Syntax;Syntax;Syntax;Syntax;Syntax;Syntax;Syntax;Syntax;Syntax;Syntax;Syntax;Syntax;Syntax;Syntax;Syntax;Syntax;Syntax;Syntax;Syntax;Syntax;Syntax;Syntax;Syntax;Syntax;Syntax;Syntax;Syntax;Syntax;Syntax;Syntax;Syntax;Syntax;Syntax;Syntax;Syntax;Syntax;Syntax;Syntax;Syntax;Syntax;Syntax;Syntax;Syntax;Syntax;Syntax;Syntax;Syntax;Syntax;Syntax;Syntax;Syntax;Syntax;Syntax;Syntax;Syntax;Syntax;Syntax;Syntax;Syntax;Syntax;Syntax;Syntax;Syntax;Syntax;Syntax;Syntax;Syntax;Syntax;Syntax;Syntax;Syntax;Syntax;Syntax;Syntax;Syntax;Syntax;Syntax;Syntax;Syntax;Syntax;Syntax;Syntax;Syntax;Syntax;Syntax;Syntax;Syntax;Syntax;Syntax;Syntax;Syntax;Syntax;Syntax;Syntax;Syntax;Syntax;Syntax;Syntax;Syntax;Syntax;Syntax;Syntax;Syntax;Syntax;Syntax;Syntax;Syntax;Syntax;Syntax;Syntax;Syntax;Syntax;Syntax;Syntax;Syntax;Syntax;Syntax;Syntax;Syntax;Syntax;Syntax;Syntax;Syntax;Syntax;Syntax;Syntax;Syntax;Syntax;Syntax;Syntax;Syntax;Syntax;Syntax;Syntax;Syntax;Syntax;Syntax;Syntax;Syntax;Syntax;Syntax;Syntax;Syntax;Syntax;Syntax;Syntax;Syntax;Syntax;Syntax;Syntax;Syntax;Syntax;Syntax;Syntax;Syntax;Syntax;Syntax;Syntax;Syntax;Syntax;Syntax;Syntax;Syntax;Syntax;Syntax;Syntax;Syntax;Syntax;Syntax;Syntax;Syntax;Syntax;Syntax;Syntax;Syntax;Syntax;Syntax;Syntax;Syntax;Syntax;Syntax;Syntax;Syntax;Syntax;Syntax;Syntax;Syntax;Syntax;Syntax;Syntax;Syntax;Syntax;Syntax;Syntax;Syntax;Syntax;Syntax;Syntax;Syntax;Syntax;Syntax;Syntax;Syntax;Syntax;Syntax;Syntax;Syntax;Syntax;Syntax;Syntax;Syntax;Syntax;Syntax;Syntax;Syntax;Syntax;Syntax;Syntax;Syntax;Syntax;Syntax;Syntax;Syntax;Syntax;Syntax;Syntax;Syntax;Syntax;Syntax;Syntax;Syntax;Syntax;Syntax;Syntax;Syntax;Syntax;Syntax;Syntax;Syntax;Syntax;Syntax;Syntax;Syntax;Syntax;Syntax;Syntax;Syntax;Syntax;Syntax;Syntax;Syntax;Syntax;Syntax;Syntax;Syntax;Syntax;Syntax;Syntax;Syntax;Syntax;Syntax;Syntax;Syntax;Syntax;Syntax;Syntax;Syntax;Syntax;Syntax;Syntax;Syntax;Syntax;Syntax;Syntax;Syntax;Syntax;Syntax;Syntax;Syntax;Syntax;Syntax;Syntax;Syntax;Syntax;Syntax;Syntax;Syntax;Syntax;Syntax;Syntax;Syntax;Syntax;Syntax;Syntax;Syntax;Syntax;Syntax;Syntax;Syntax;Syntax;Syntax;Syntax;Syntax;Syntax;Syntax;Syntax;Syntax;Syntax;Syntax;Syntax;Syntax;Syntax;Syntax;Syntax;Syntax;Syntax;Syntax;Syntax;Syntax;Syntax;Syntax;Syntax;Syntax;Syntax;Syntax;Syntax;Syntax;Syntax;Syntax;Syntax;Syntax;Syntax;Syntax;Syntax;Syntax;Syntax;Syntax;Syntax;Syntax;Syntax;Syntax;Syntax;Syntax;Syntax;Syntax;Syntax;Syntax;Syntax;Syntax;Syntax;Syntax;Syntax;Syntax;Syntax;Syntax;Syntax;Syntax;Syntax;Syntax;Syntax;Syntax;Syntax;Syntax;Syntax;Syntax;Syntax;Syntax;Syntax;Syntax;Syntax;Syntax;Syntax;Syntax;Syntax;Syntax;Syntax;Syntax;Syntax;Syntax;Syntax;Syntax;Syntax;Syntax;Syntax;Syntax;Syntax;Syntax;Syntax;Syntax;Syntax;Syntax;Syntax;Syntax;Syntax;Syntax;Syntax;Syntax;Syntax;Syntax;Syntax;Syntax;Syntax;Syntax;Syntax;Syntax;Syntax;Syntax;Syntax;Syntax;Syntax;Syntax;Syntax;Syntax;Syntax;Syntax;Syntax;Syntax;Syntax;Syntax;Syntax;Syntax;Syntax;Syntax;Syntax;Syntax;Syntax;Syntax;Syntax;Syntax;Syntax;Syntax;Syntax;Syntax;Syntax;Syntax;Syntax;Syntax;Syntax;Syntax;Syntax;Syntax;Syntax;Syntax;Syntax;Syntax;Syntax;Syntax;Syntax;Syntax;Syntax;Syntax;Syntax;Syntax;Syntax;Syntax;Syntax;Syntax;Syntax;Syntax;Syntax;Syntax;Syntax;Syntax;Syntax;Syntax;Syntax;Syntax;Syntax;Syntax;Syntax;Syntax;Syntax,27,0,10.16,10.151,10.195,,True,1,2000年数学建模国赛真题+优秀论文/2000年国赛优秀论文/2000A：DNA序列的分类模型.pdf,primary,5528D87476102142BB539FCAF2866194D573E2F569EDEE683AE1EA25131824CA,5528D87476102142BB539FCAF2866194D573E2F569EDEE683AE1EA25131824CA,active,0,1658,1,unknown,M A TH EM A T ICSINPRA CT ICE ANDTH EO R Y,14.146,14.146,14.746,2026-08-18T00:06:15+08:00,167.56944444444446,475.0,2000
0,0,unknown,unknown,70.73,70.73,70.73,2026-08-18T00:06:15+08:00,KaiTi;SimSun/Song,1,0,0,0,1,0,FORMAL,Q3_MANUAL_REQUIRED,Q3,PAPER,0,1,297.0388888888889,842.0,catalog/papers.csv; catalog/paper_files.csv; catalog/scale/g8_paper_status.csv,unknown,True,0,0,1,38.059,38.059,38.059,6,False,font_or_text_layer_not_reliable,PORTRAIT,7,,UNKNOWN,0,"1,2,3,4,5,6,7",,,CUMCM-2007-A-015,0.8,image_based,A,A,------------------------------------;AGZUHN+SimSun;SimSun;SimSun;KaiTi,0,0,-3.308,-3.308,-3.308,,True,1,2007年数学建模国赛真题+优秀论文/2007年优秀论文/2007A：《中国人口区域结构向量模型》.pdf,primary,3DF1A059C2CDBD8FC6D7C4B7333D66AC16A1F452C7527B24B785618D2411497D,3DF1A059C2CDBD8FC6D7C4B7333D66AC16A1F452C7527B24B785618D2411497D,active,0,63,1,unknown,http://www.madio.net | 数学中国www.madio.net,80.998,80.998,80.998,2026-08-18T00:06:15+08:00,209.90277777777777,595.0,2007
1,1,unknown,unknown,18.295,18.295,18.295,2026-08-18T00:06:15+08:00,KaiTi;MT-Extra;SimHei;SimSun/Song;SymbolMT;Times New Roman,1,1,519,4,1,1,FORMAL,COMPLETE,Q2,PAPER,0,0,297.0388888888889,842.0,catalog/papers.csv; catalog/paper_files.csv; catalog/scale/g8_paper_status.csv,unknown,True,0,1,1,25.018,25.017,25.019,17,False,,PORTRAIT,18,,BOTTOM,1,,,,CUMCM-2007-B-012,1.0,text_based,B,B,------------------------------------;MIPHGD+SimHei;MIPHPA+SimSun;MIPGOF+TimesNewRomanPSMT;SimSun;KaiTi;MIPJKJ+SymbolMT;MIPJMJ+MT-Extra;TimesNewRomanPS-ItalicMT;MIPGAJ+TimesNewRomanPSMT;TimesNewRomanPS-BoldMT;MJBGKN+FZSTK--GBK1-0,24,1,-3.308,-3.308,-3.308,,True,1,2007年数学建模国赛真题+优秀论文/2007年优秀论文/2007B：《公交线路的综合选择》.pdf,primary,14A15A05719CD6E28F81FCCD62C92ECC929776345A587DA5FF72A7E1E60F4EFD,14A15A05719CD6E28F81FCCD62C92ECC929776345A587DA5FF72A7E1E60F4EFD,active,1,2848,1,unknown,公交路线的综合选择 | 考虑到，针对全局最优解的经典算法的计算量太大，对于这个接近 4000 个点的实际问,25.04,25.038,25.209,2026-08-18T00:06:15+08:00,209.98038888888888,595.22,2007
1,1,unknown,unknown,18.221,18.221,18.221,2026-08-18T00:06:15+08:00,KaiTi;SimHei;SimSun/Song;SymbolMT;Times New Roman,1,1,264,0,1,1,FORMAL,COMPLETE,Q2,PAPER,0,0,297.00361111111107,841.9,catalog/papers.csv; catalog/paper_files.csv; catalog/scale/g8_paper_status.csv,unknown,True,0,1,1,25.019,25.019,25.019,11,False,,PORTRAIT,12,,BOTTOM,1,,,,CUMCM-2008-D-005,1.0,text_based,D,D,------------------------------------;XEKKFX+SimHei;LNUHNF+SimSun;AUWCNV+TimesNewRomanPSMT;KaiTi;TYEPLS+TimesNewRomanPS-ItalicMT;TZCMBP+SymbolMT,23,1,22.684,20.567,22.684,,True,1,2008年数学建模国赛真题+优秀论文/2008年优秀论文/2008D：《NBA赛程的分析与评价》 (2).pdf,primary,00788685A073E8589D096AB1AABAC95F95B787BA54A748D1BFDC163018CD2B28,00788685A073E8589D096AB1AABAC95F95B787BA54A748D1BFDC163018CD2B28,active,7,1688,1,unknown,NBA 赛程的分析与评价 | 本文首先综合考虑了 NBA 上个赛季的赛程、赛绩和本赛季的赛程确定出赛程对球队,25.414,25.225,26.731,2026-08-18T00:06:15+08:00,210.00861111111107,595.3,2008
,,unknown,unknown,,,,2026-08-18T00:06:15+08:00,,0,0,,,0,,FORMAL,INELIGIBLE,,SUPPORTING_MATERIAL,,,,,catalog/papers.csv; catalog/paper_files.csv; catalog/scale/g8_paper_status.csv,unknown,,,,0,,,,,,No analyzable PAPER PDF selected; identity retained in full corpus inventory.,UNKNOWN,,,,,,,,CUMCM-2012-D-015,,NOT_ANALYZED,D,D,,,,,,,,True,1,2012年数学建模国赛真题+优秀论文/2012年优秀论文/2012D：机器人避障问题 (1)/OA.fig,primary,307DA676A9CF2B1B567F06178EA3570F0BD5006BE2FC8B4331CDE75380845684,307DA676A9CF2B1B567F06178EA3570F0BD5006BE2FC8B4331CDE75380845684,active,,,0,unknown,,,,,2026-08-18T00:06:15+08:00,,,2012
,,unknown,unknown,,,,2026-08-18T00:06:15+08:00,,0,0,,,0,,FORMAL,INELIGIBLE,,PROBLEM_PACKAGE,,,,,catalog/papers.csv; catalog/paper_files.csv; catalog/scale/g8_paper_status.csv,unknown,,,,0,,,,,,No analyzable PAPER PDF selected; identity retained in full corpus inventory.,UNKNOWN,,,,,,,,CUMCM-2013-B-004,,NOT_ANALYZED,B,B,,,,,,,,True,1,2013年数学建模国赛真题+优秀论文/2013B：碎纸复原模型与算法.pdf,primary,1104B87268B500B922C95ED5B3D04840458AC1BF4E5D9031C1B3A45942B73806,1104B87268B500B922C95ED5B3D04840458AC1BF4E5D9031C1B3A45942B73806,active,,,0,unknown,,,,,2026-08-18T00:06:15+08:00,,,2013
0,0,unknown,unknown,,,,2026-08-18T00:06:15+08:00,KaiTi;Times New Roman,1,1,0,0,1,0,FORMAL,COMPLETE,Q2,PAPER,0,1,296.6861111111111,841.0,catalog/papers.csv; catalog/paper_files.csv; catalog/scale/g8_paper_status.csv,unknown,True,0,0,1,,,,0,False,,PORTRAIT,6,,UNKNOWN,0,,,,CUMCM-2002-B-009,1.0,text_based,B,B,------------------------------------;Times-Roman;KaiTi,0,0,,,,,True,1,2002年数学建模国赛真题+优秀论文/2002年优秀论文/2002B：彩票运行方案的合理性研究.pdf,primary,61C8C7D4F04E5208725BAB828918292D3FCF2B964D252F21A30EB0875E50D095,61C8C7D4F04E5208725BAB828918292D3FCF2B964D252F21A30EB0875E50D095,active,0,30,1,unknown,,,,,2026-08-18T00:06:15+08:00,209.90277777777777,595.0,2002
0,0,unknown,unknown,18.256,17.242,19.27,2026-08-18T00:06:15+08:00,KaiTi;SimSun/Song;Syntax;Times New Roman;cajcd-fntaa;cajcd-fntbd;cajcd-fntlt,1,1,92,0,1,1,FORMAL,COMPLETE,Q2,PAPER,0,1,248.70833333333334,705.0,catalog/papers.csv; catalog/paper_files.csv; catalog/scale/g8_paper_status.csv,unknown,False,0,0,1,12.629,12.488,12.771,2,False,,PORTRAIT,3,,BOTTOM,1,,,,CUMCM-2000-D-003,1.0,text_based,D,D,------------------------------------;STSong-Light;Times-Roman;cajcd-fntaa;Times-Bold;Times-Italic;cajcd-fntbd;cajcd-fntlt;KaiTi;Syntax;Syntax;Syntax;Syntax;Syntax;Syntax;Syntax;Syntax;Syntax;Syntax;Syntax;Syntax;Syntax;Syntax;Syntax;Syntax;Syntax;Syntax;Syntax;Syntax;Syntax;Syntax;Syntax;Syntax;Syntax;Syntax;Syntax;Syntax;Syntax;Syntax;Syntax;Syntax;Syntax;Syntax;Syntax;Syntax;Syntax;Syntax;Syntax;Syntax;Syntax;Syntax;Syntax;Syntax;Syntax;Syntax;Syntax;Syntax;Syntax;Syntax;Syntax;Syntax;Syntax;Syntax;Syntax;Syntax;Syntax;Syntax;Syntax;Syntax;Syntax;Syntax;Syntax;Syntax;Syntax;Syntax;Syntax;Syntax;Syntax;Syntax;Syntax;Syntax;Syntax;Syntax;Syntax;Syntax;Syntax;Syntax;Syntax;Syntax;Syntax;Syntax;Syntax;Syntax;Syntax;Syntax;Syntax;Syntax;Syntax;Syntax;Syntax;Syntax;Syntax;Syntax;Syntax;Syntax;Syntax;Syntax;Syntax;Syntax;Syntax;Syntax;Syntax;Syntax;Syntax;Syntax;Syntax;Syntax;Syntax;Syntax;Syntax;Syntax;Syntax;Syntax;Syntax;Syntax;Syntax;Syntax;Syntax;Syntax;Syntax;Syntax;Syntax;Syntax;Syntax;Syntax;Syntax;Syntax;Syntax;Syntax;Syntax;Syntax;Syntax;Syntax;Syntax;Syntax;Syntax;Syntax;Syntax;Syntax;Syntax;Syntax;Syntax;Syntax;Syntax;Syntax;Syntax;Syntax;Syntax;Syntax;Syntax;Syntax;Syntax;Syntax;Syntax;Syntax;Syntax;Syntax;Syntax;Syntax;Syntax;Syntax;Syntax;Syntax;Syntax;Syntax;Syntax;Syntax;Syntax;Syntax;Syntax;Syntax;Syntax;Syntax;Syntax;Syntax;Syntax;Syntax;Syntax;Syntax;Syntax;Syntax;Syntax;Syntax;Syntax;Syntax;Syntax;Syntax;Syntax;Syntax;Syntax;Syntax;Syntax;Syntax;Syntax;Syntax;Syntax;Syntax;Syntax;Syntax;Syntax;Syntax;Syntax;Syntax;Syntax;Syntax;Syntax;Syntax;Syntax;Syntax;Syntax;Syntax;Syntax;Syntax;Syntax;Syntax;Syntax;Syntax;Syntax;Syntax;Syntax;Syntax;Syntax;Syntax;Syntax;Syntax;Syntax;Syntax;Syntax;Syntax;Syntax;Syntax;Syntax;Syntax;Syntax;Syntax;Syntax;Syntax;Syntax;Syntax;Syntax;Syntax;Syntax;Syntax;Syntax;Syntax;Syntax;Syntax;Syntax;Syntax;Syntax;Syntax;Syntax;Syntax;Syntax;Syntax;Syntax;Syntax;Syntax;Syntax;Syntax;Syntax;Syntax;Syntax;Syntax;Syntax;Syntax;Syntax;Syntax;Syntax;Syntax;Syntax;Syntax;Syntax;Syntax;Syntax;Syntax;Syntax;Syntax;Syntax;Syntax;Syntax;Syntax;Syntax;Syntax;Syntax;Syntax;Syntax;Syntax;Syntax;Syntax;Syntax;Syntax;Syntax;Syntax;Syntax;Syntax;Syntax;Syntax;Syntax;Syntax;Syntax;Syntax;Syntax;Syntax;Syntax;Syntax;Syntax;Syntax;Syntax;Syntax;Syntax;Syntax;Syntax;Syntax;Syntax;Syntax;Syntax;Syntax;Syntax;Syntax;Syntax;Syntax;Syntax;Syntax;Syntax;Syntax;Syntax;Syntax;Syntax;Syntax;Syntax;Syntax;Syntax;Syntax;Syntax;Syntax;Syntax;Syntax;Syntax;Syntax;Syntax;Syntax;Syntax;Syntax;Syntax;Syntax;Syntax;Syntax;Syntax;Syntax;Syntax;Syntax;Syntax;Syntax;Syntax;Syntax;Syntax;Syntax;Syntax;Syntax;Syntax;Syntax;Syntax;Syntax;Syntax;Syntax;Syntax;Syntax;Syntax;Syntax;Syntax;Syntax;Syntax;Syntax;Syntax;Syntax;Syntax;Syntax;Syntax;Syntax;Syntax;Syntax;Syntax;Syntax;Syntax;Syntax;Syntax;Syntax;Syntax;Syntax;Syntax;Syntax;Syntax;Syntax;Syntax;Syntax;Syntax;Syntax;Syntax;Syntax;Syntax;Syntax;Syntax;Syntax;Syntax;Syntax;Syntax;Syntax;Syntax;Syntax;Syntax;Syntax;Syntax;Syntax;Syntax;Syntax;Syntax;Syntax;Syntax;Syntax;Syntax;Syntax;Syntax;Syntax;Syntax;Syntax;Syntax;Syntax;Syntax;Syntax;Syntax;Syntax;Syntax;Syntax;Syntax;Syntax;Syntax;Syntax;Syntax;Syntax;Syntax;Syntax;Syntax;Syntax;Syntax;Syntax;Syntax;Syntax;Syntax;Syntax;Syntax;Syntax;Syntax;Syntax;Syntax;Syntax;Syntax;Syntax;Syntax;Syntax;Syntax;Syntax;Syntax;Syntax;Syntax;Syntax;Syntax;Syntax;Syntax;Syntax;Syntax;Syntax;Syntax;Syntax;Syntax;Syntax;Syntax;Syntax;Syntax;Syntax;Syntax;Syntax;Syntax;Syntax;Syntax;Syntax;Syntax;Syntax;Syntax;Syntax;Syntax;Syntax;Syntax;Syntax;Syntax;Syntax;Syntax;Syntax;Syntax;Syntax;Syntax;Syntax;Syntax;Syntax;Syntax;Syntax;Syntax;Syntax;Syntax;Syntax;Syntax;Syntax;Syntax;Syntax;Syntax;Syntax;Syntax;Syntax;Syntax;Syntax;Syntax;Syntax;Syntax;Syntax;Syntax;Syntax;Syntax;Syntax;Syntax;Syntax;Syntax;Syntax;Syntax;Syntax;Syntax;Syntax;Syntax;Syntax;Syntax;Syntax;Syntax;Syntax;Syntax;Syntax;Syntax;Syntax;Syntax;Syntax;Syntax;Syntax;Syntax;Syntax;Syntax;Syntax;Syntax;Syntax;Syntax;Syntax;Syntax;Syntax;Syntax;Syntax;Syntax;Syntax;Syntax;Syntax;Syntax;Syntax;Syntax;Syntax;Syntax;Syntax;Syntax;Syntax;Syntax;Syntax;Syntax;Syntax;Syntax;Syntax;Syntax;Syntax;Syntax;Syntax;Syntax;Syntax;Syntax;Syntax;Syntax;Syntax;Syntax;Syntax;Syntax;Syntax;Syntax;Syntax;Syntax;Syntax;Syntax;Syntax;Syntax;Syntax;Syntax;Syntax;Syntax;Syntax;Syntax;Syntax;Syntax;Syntax;Syntax;Syntax;Syntax;Syntax;Syntax;Syntax;Syntax;Syntax;Syntax;Syntax;Syntax;Syntax;Syntax;Syntax;Syntax;Syntax;Syntax;Syntax;Syntax;Syntax;Syntax;Syntax;Syntax;Syntax;Syntax;Syntax;Syntax;Syntax;Syntax;Syntax;Syntax;Syntax;Syntax;Syntax;Syntax;Syntax;Syntax;Syntax;Syntax,14,0,10.195,10.195,10.195,,True,1,2000年数学建模国赛真题+优秀论文/2000年国赛优秀论文/2000D：空洞探测的最优解法.pdf,primary,730A766E1DF02D427CD8BACDF7B80B120ABEFE434290A4284E958EE9DD38D6EA,730A766E1DF02D427CD8BACDF7B80B120ABEFE434290A4284E958EE9DD38D6EA,active,0,438,1,unknown,M A TH EM A T ICSINPRA CT ICE ANDTH EO R Y,15.346,14.746,15.946,2026-08-18T00:06:15+08:00,167.56944444444446,475.0,2000
1,1,unknown,unknown,22.233,22.233,22.233,2026-08-18T00:06:15+08:00,Calibri;Cambria;Symbol;Times New Roman,1,1,58,9,1,1,FORMAL,COMPLETE,Q2,PAPER,0,0,297.0106666666666,841.92,catalog/papers.csv; catalog/paper_files.csv; catalog/scale/g8_paper_status.csv,unknown,True,0,1,1,31.758,31.758,31.758,15,False,,PORTRAIT,16,,BOTTOM,1,,,,CUMCM-2017-C-004,1.0,text_based,C,C,------------------------------------;ABCDEE+Calibri;ABCDEE+Cambria;Times;Times;Symbol,80,1,29.609,27.504,30.118,,True,1,2017年数学建模国赛真题+优秀论文/2017年优秀论文/2017C：颜色与物质浓度辨识 (2).pdf,primary,19BB25248431FEA02A220E7A08084753813D2573826A619D3F12572AF5C7296C,19BB25248431FEA02A220E7A08084753813D2573826A619D3F12572AF5C7296C,active,6,1206,1,unknown,颜色读数辨识物质浓度 | 关联。随后处理数据并用 EXCEL 绘出颜色读数与浓度的折线图，从图可观察出其,27.735,25.527,45.833,2026-08-18T00:06:15+08:00,210.01566666666668,595.32,2017
1,1,unknown,unknown,18.246,18.246,18.246,2026-08-18T00:06:15+08:00,Arial;MingLiU;Symbol;Times New Roman,1,1,263,9,1,1,FORMAL,COMPLETE,Q2,PAPER,0,0,297.0106666666666,841.92,catalog/papers.csv; catalog/paper_files.csv; catalog/scale/g8_paper_status.csv,unknown,True,0,1,1,31.715,31.715,31.715,19,False,,PORTRAIT,20,,BOTTOM,1,,,,CUMCM-2012-A-007,1.0,text_based,A,A,------------------------------------;Times;Times;Arial;Times;Symbol;ABCDEE+MingLiU,79,1,30.134,29.577,31.651,,True,1,2012年数学建模国赛真题+优秀论文/2012年优秀论文/2012A：葡萄酒的评价 (1).pdf,primary,949381E5CBA1B4DC27E278E804288D75B8213A555E4DA83F20ED99B4D5655352,949381E5CBA1B4DC27E278E804288D75B8213A555E4DA83F20ED99B4D5655352,active,17,1621,1,unknown,编号专用页 | 赛区评阅编号（由赛区组委会评阅前进行编号）：,25.421,25.421,25.516,2026-08-18T00:06:15+08:00,210.01566666666668,595.32,2012
1,1,unknown,unknown,22.267,22.267,22.267,2026-08-18T00:06:15+08:00,Arial;Calibri;Cambria;KaiTi;Monospace;SimHei;SimSun/Song,1,1,315,2,1,0,FORMAL,COMPLETE,Q2,PAPER,0,0,297.0388888888889,842.0,catalog/papers.csv; catalog/paper_files.csv; catalog/scale/g8_paper_status.csv,unknown,True,0,1,1,31.75,31.75,31.751,16,False,,PORTRAIT,17,,UNKNOWN,0,,,,CUMCM-2009-B-008,1.0,text_based,B,B,------------------------------------;ABCDEF+Calibri;ABCDEF+Calibri-Bold;ABCDEF+SimSun;SimSun;KaiTi;ABCDEF+Cambria-Bold;ABCDEF+CambriaMath;ABCDEF+Calibri-Italic;ABCDEF+Calibri-BoldItalic;ABCDEF+ArialMT;ABCDEF+SimHei;ABCDEF+Cambria;ABCDEF+CourierNewPSMT,75,1,-64.586,-64.586,-64.586,,True,1,2009年数学建模国赛真题+优秀论文/2009年优秀论文/2009B：眼科病床的合理安排模型.pdf,primary,025BCFD5A5FC8CBC1B01112EDA08FD0D270C67FB838D3B2BC11E4723BCD680D7,025BCFD5A5FC8CBC1B01112EDA08FD0D270C67FB838D3B2BC11E4723BCD680D7,active,1,1953,1,unknown,眼科病床的合理安排模型 | 离出一个非必要手术等待时间，运用层次分析法构造损失代价函数作为评价标准。,25.513,25.428,27.799,2026-08-18T00:06:15+08:00,209.90277777777777,595.0,2009
1,0,unknown,unknown,20.712,20.712,20.712,2026-08-18T00:06:15+08:00,MT-Extra;SimHei;SimSun/Song;SymbolMT;Times New Roman,1,1,289,5,1,1,FORMAL,COMPLETE,Q2,PAPER,0,0,297.0388888888889,842.0,catalog/papers.csv; catalog/paper_files.csv; catalog/scale/g8_paper_status.csv,unknown,True,0,1,1,25.019,25.019,25.019,18,False,,PORTRAIT,19,,BOTTOM,1,,,,CUMCM-2011-B-004,1.0,text_based,B,B,------------------------------------;LNUHNF+SimSun;AUWCNV+TimesNewRomanPSMT;ESHXQI+TimesNewRomanPS-BoldMT;XEKKFX+SimHei;TYEPLS+TimesNewRomanPS-ItalicMT;TZCMBP+SymbolMT;MUFUVC+MT-Extra,18,1,22.913,22.871,24.987,,True,1,2011年数学建模国赛真题+优秀论文/2011年优秀论文/2011B：交巡警服务平台的设置与调度（1）.pdf,primary,7A46613BBCC4B7884046B584E644D1B5D02105CCFA1F6C49D1FEFF947635B12C,7A46613BBCC4B7884046B584E644D1B5D02105CCFA1F6C49D1FEFF947635B12C,active,10,1859,1,unknown,上咨询等）与队外的任何人（包括指导教师）研究、讨论与赛题有关的问题。,25.037,25.037,25.598,2026-08-18T00:06:15+08:00,210.02625,595.35,2011
,,unknown,unknown,,,,2026-08-18T00:06:15+08:00,,0,0,,,0,,FORMAL,COMPLETE,Q2,PAPER,,,,,catalog/papers.csv; catalog/paper_files.csv; catalog/scale/g8_paper_status.csv,unknown,,,,0,,,,,,No analyzable PAPER PDF selected; identity retained in full corpus inventory.,UNKNOWN,,,,,,,,CUMCM-2021-B-B007,,NOT_ANALYZED,B,B,,,,,,,,False,1,2021年数学建模国赛真题+优秀论文/2021年国赛优秀论文B题-B007/B1.jpg,primary,C687EC4B8F274A3F2DD3D8DBDD4E93160FB869317A39769921949FD1D739CC28,C687EC4B8F274A3F2DD3D8DBDD4E93160FB869317A39769921949FD1D739CC28,active,,,0,unknown,,,,,2026-08-18T00:06:15+08:00,,,2021
,,unknown,unknown,,,,2026-08-18T00:06:15+08:00,,0,0,,,0,,FORMAL,COMPLETE,Q2,PAPER,,,,,catalog/papers.csv; catalog/paper_files.csv; catalog/scale/g8_paper_status.csv,unknown,,,,0,,,,,,No analyzable PAPER PDF selected; identity retained in full corpus inventory.,UNKNOWN,,,,,,,,CUMCM-2021-B-B026,,NOT_ANALYZED,B,B,,,,,,,,False,1,2021年数学建模国赛真题+优秀论文/2021年国赛优秀论文B题-B026/B1.jpg,primary,DCBBF4C7A13F3AED3BCB8815EF93EC3B6DEA5392AC4C2482D2BCA25310DAB906,DCBBF4C7A13F3AED3BCB8815EF93EC3B6DEA5392AC4C2482D2BCA25310DAB906,active,,,0,unknown,,,,,2026-08-18T00:06:15+08:00,,,2021
,,unknown,unknown,,,,2026-08-18T00:06:15+08:00,,0,0,,,0,,FORMAL,COMPLETE,Q2,PAPER,,,,,catalog/papers.csv; catalog/paper_files.csv; catalog/scale/g8_paper_status.csv,unknown,,,,0,,,,,,No analyzable PAPER PDF selected; identity retained in full corpus inventory.,UNKNOWN,,,,,,,,CUMCM-2021-B-B050,,NOT_ANALYZED,B,B,,,,,,,,False,1,2021年数学建模国赛真题+优秀论文/2021年国赛优秀论文B题-B050/B1.jpg,primary,C6BE943BF780B63CEB6604428FDA51945F454F1043F8D8CD0C9B755A938D8C17,C6BE943BF780B63CEB6604428FDA51945F454F1043F8D8CD0C9B755A938D8C17,active,,,0,unknown,,,,,2026-08-18T00:06:15+08:00,,,2021
,,unknown,unknown,,,,2026-08-18T00:06:15+08:00,,0,0,,,0,,FORMAL,COMPLETE,Q2,PAPER,,,,,catalog/papers.csv; catalog/paper_files.csv; catalog/scale/g8_paper_status.csv,unknown,,,,0,,,,,,No analyzable PAPER PDF selected; identity retained in full corpus inventory.,UNKNOWN,,,,,,,,CUMCM-2021-A-A115,,NOT_ANALYZED,A,A,,,,,,,,False,1,2021年数学建模国赛真题+优秀论文/2021年国赛优秀论文A题-A115/A1.jpg,primary,C4CCFAC9EAC03AD8B833E2E595A23E9F1A7EA0CBBF68A94205035C3A1CCF6B3D,C4CCFAC9EAC03AD8B833E2E595A23E9F1A7EA0CBBF68A94205035C3A1CCF6B3D,active,,,0,unknown,,,,,2026-08-18T00:06:15+08:00,,,2021
,,unknown,unknown,,,,2026-08-18T00:06:15+08:00,,0,0,,,0,,FORMAL,COMPLETE,Q2,PAPER,,,,,catalog/papers.csv; catalog/paper_files.csv; catalog/scale/g8_paper_status.csv,unknown,,,,0,,,,,,No analyzable PAPER PDF selected; identity retained in full corpus inventory.,UNKNOWN,,,,,,,,CUMCM-2021-E-E014,,NOT_ANALYZED,E,E,,,,,,,,False,1,2021年数学建模国赛真题+优秀论文/2021年国赛优秀论文E题-E014/E1.jpg,primary,5CD1E5B933E7BB2238C3CD4A48ADF250527F674AFB2F0DBC1263388519E615CE,5CD1E5B933E7BB2238C3CD4A48ADF250527F674AFB2F0DBC1263388519E615CE,active,,,0,unknown,,,,,2026-08-18T00:06:15+08:00,,,2021
,,unknown,unknown,,,,2026-08-18T00:06:15+08:00,,0,0,,,0,,FORMAL,COMPLETE,Q2,PAPER,,,,,catalog/papers.csv; catalog/paper_files.csv; catalog/scale/g8_paper_status.csv,unknown,,,,0,,,,,,No analyzable PAPER PDF selected; identity retained in full corpus inventory.,UNKNOWN,,,,,,,,CUMCM-2021-A-A028,,NOT_ANALYZED,A,A,,,,,,,,False,1,2021年数学建模国赛真题+优秀论文/2021年国赛优秀论文A题-A028/A1.jpg,primary,339F0E41B101537C5DFAE8A0BA9ECAA434948D8791724C671091E4DFAA7C1A27,339F0E41B101537C5DFAE8A0BA9ECAA434948D8791724C671091E4DFAA7C1A27,active,,,0,unknown,,,,,2026-08-18T00:06:15+08:00,,,2021
,,unknown,unknown,,,,2026-08-18T00:06:15+08:00,,0,0,,,0,,FORMAL,COMPLETE,Q2,PAPER,,,,,catalog/papers.csv; catalog/paper_files.csv; catalog/scale/g8_paper_status.csv,unknown,,,,0,,,,,,No analyzable PAPER PDF selected; identity retained in full corpus inventory.,UNKNOWN,,,,,,,,CUMCM-2021-C-C085,,NOT_ANALYZED,C,C,,,,,,,,False,1,2021年数学建模国赛真题+优秀论文/2021年国赛优秀论文C题-C085/C1.jpg,primary,24D7E77815731CDAD56457C691FB63EFD8A1ABD70A15FF6E9519549B6C008449,24D7E77815731CDAD56457C691FB63EFD8A1ABD70A15FF6E9519549B6C008449,active,,,0,unknown,,,,,2026-08-18T00:06:15+08:00,,,2021
,,unknown,unknown,,,,2026-08-18T00:06:15+08:00,,0,0,,,0,,FORMAL,COMPLETE,Q2,PAPER,,,,,catalog/papers.csv; catalog/paper_files.csv; catalog/scale/g8_paper_status.csv,unknown,,,,0,,,,,,No analyzable PAPER PDF selected; identity retained in full corpus inventory.,UNKNOWN,,,,,,,,CUMCM-2022-C-C229,,NOT_ANALYZED,C,C,,,,,,,,False,1,2022年数学建模国赛真题+优秀论文/2022年国赛优秀论文C题C229/8122397.jpg,primary,91A05808CCE3A469785B84B91F738760A6A40CECE36A099CE98E034F29E2FF1F,91A05808CCE3A469785B84B91F738760A6A40CECE36A099CE98E034F29E2FF1F,active,,,0,unknown,,,,,2026-08-18T00:06:15+08:00,,,2022
,,unknown,unknown,,,,2026-08-18T00:06:15+08:00,,0,0,,,0,,FORMAL,COMPLETE,Q2,PAPER,,,,,catalog/papers.csv; catalog/paper_files.csv; catalog/scale/g8_paper_status.csv,unknown,,,,0,,,,,,No analyzable PAPER PDF selected; identity retained in full corpus inventory.,UNKNOWN,,,,,,,,CUMCM-2021-A-A217,,NOT_ANALYZED,A,A,,,,,,,,False,1,2021年数学建模国赛真题+优秀论文/2021年国赛优秀论文A题-A217/A1.jpg,primary,161768AEB1E9D258E31A46F476DE676A22F57AE9AEA27978BA88DCB20CAC22D5,161768AEB1E9D258E31A46F476DE676A22F57AE9AEA27978BA88DCB20CAC22D5,active,,,0,unknown,,,,,2026-08-18T00:06:15+08:00,,,2021
,,unknown,unknown,,,,2026-08-18T00:06:15+08:00,,0,0,,,0,,FORMAL,COMPLETE,Q2,PAPER,,,,,catalog/papers.csv; catalog/paper_files.csv; catalog/scale/g8_paper_status.csv,unknown,,,,0,,,,,,No analyzable PAPER PDF selected; identity retained in full corpus inventory.,UNKNOWN,,,,,,,,CUMCM-2021-E-E025,,NOT_ANALYZED,E,E,,,,,,,,False,1,2021年数学建模国赛真题+优秀论文/2021年国赛优秀论文E题-E025/E1.jpg,primary,AA8D7B9FAD876342DB9A929AC349DD1C7C14C9AAB9508C2D655A4A8B95559692,AA8D7B9FAD876342DB9A929AC349DD1C7C14C9AAB9508C2D655A4A8B95559692,active,,,0,unknown,,,,,2026-08-18T00:06:15+08:00,,,2021
,,unknown,unknown,,,,2026-08-18T00:06:15+08:00,,0,0,,,0,,FORMAL,COMPLETE,Q2,PAPER,,,,,catalog/papers.csv; catalog/paper_files.csv; catalog/scale/g8_paper_status.csv,unknown,,,,0,,,,,,No analyzable PAPER PDF selected; identity retained in full corpus inventory.,UNKNOWN,,,,,,,,CUMCM-2021-D-D026,,NOT_ANALYZED,D,D,,,,,,,,False,1,2021年数学建模国赛真题+优秀论文/2021年国赛优秀论文D题-D026/D1.jpg,primary,BFD4A4CE494B06AF94DC8A19AC4FA2F58008238292B37643045C05CDD01D4BD8,BFD4A4CE494B06AF94DC8A19AC4FA2F58008238292B37643045C05CDD01D4BD8,active,,,0,unknown,,,,,2026-08-18T00:06:15+08:00,,,2021
,,unknown,unknown,,,,2026-08-18T00:06:15+08:00,,0,0,,,0,,FORMAL,COMPLETE,Q2,PAPER,,,,,catalog/papers.csv; catalog/paper_files.csv; catalog/scale/g8_paper_status.csv,unknown,,,,0,,,,,,No analyzable PAPER PDF selected; identity retained in full corpus inventory.,UNKNOWN,,,,,,,,CUMCM-2021-C-C066,,NOT_ANALYZED,C,C,,,,,,,,False,1,2021年数学建模国赛真题+优秀论文/2021年国赛优秀论文C题-C066/C1.jpg,primary,1CF669C857E11FD25958DCA7954A9C5F1A4F616DAFB6FD44E6275C73FA4CFCF3,1CF669C857E11FD25958DCA7954A9C5F1A4F616DAFB6FD44E6275C73FA4CFCF3,active,,,0,unknown,,,,,2026-08-18T00:06:15+08:00,,,2021
,,unknown,unknown,,,,2026-08-18T00:06:15+08:00,,0,0,,,0,,FORMAL,COMPLETE,Q2,PAPER,,,,,catalog/papers.csv; catalog/paper_files.csv; catalog/scale/g8_paper_status.csv,unknown,,,,0,,,,,,No analyzable PAPER PDF selected; identity retained in full corpus inventory.,UNKNOWN,,,,,,,,CUMCM-2021-D-D017,,NOT_ANALYZED,D,D,,,,,,,,False,1,2021年数学建模国赛真题+优秀论文/2021年国赛优秀论文D题-D017/D1.jpg,primary,ACA3B9486DC296F9380F9EF3E657C5DE2C718F62388AA96B89C70A457567DAA9,ACA3B9486DC296F9380F9EF3E657C5DE2C718F62388AA96B89C70A457567DAA9,active,,,0,unknown,,,,,2026-08-18T00:06:15+08:00,,,2021
,,unknown,unknown,,,,2026-08-18T00:06:15+08:00,,0,0,,,0,,FORMAL,COMPLETE,Q2,PAPER,,,,,catalog/papers.csv; catalog/paper_files.csv; catalog/scale/g8_paper_status.csv,unknown,,,,0,,,,,,No analyzable PAPER PDF selected; identity retained in full corpus inventory.,UNKNOWN,,,,,,,,CUMCM-2021-E-E037,,NOT_ANALYZED,E,E,,,,,,,,False,1,2021年数学建模国赛真题+优秀论文/2021年国赛优秀论文E题-E037/E1.jpg,primary,17AFC86E098AD0A88D6C75DC699EC70FD5C5848C68CBDB492F970D3DECBBFE27,17AFC86E098AD0A88D6C75DC699EC70FD5C5848C68CBDB492F970D3DECBBFE27,active,,,0,unknown,,,,,2026-08-18T00:06:15+08:00,,,2021
,,unknown,unknown,,,,2026-08-18T00:06:15+08:00,,0,0,,,0,,FORMAL,COMPLETE,Q2,PAPER,,,,,catalog/papers.csv; catalog/paper_files.csv; catalog/scale/g8_paper_status.csv,unknown,,,,0,,,,,,No analyzable PAPER PDF selected; identity retained in full corpus inventory.,UNKNOWN,,,,,,,,CUMCM-2022-E-E014,,NOT_ANALYZED,E,E,,,,,,,,False,1,2022年数学建模国赛真题+优秀论文/2022年国赛优秀论文E题E014/8122239.jpg,primary,DFA068914E29070A744E23D89E0A2AF25027025A945BF5B8F9C04756FB00EAA8,DFA068914E29070A744E23D89E0A2AF25027025A945BF5B8F9C04756FB00EAA8,active,,,0,unknown,,,,,2026-08-18T00:06:15+08:00,,,2022
,,unknown,unknown,,,,2026-08-18T00:06:15+08:00,,0,0,,,0,,FORMAL,COMPLETE,Q2,PAPER,,,,,catalog/papers.csv; catalog/paper_files.csv; catalog/scale/g8_paper_status.csv,unknown,,,,0,,,,,,No analyzable PAPER PDF selected; identity retained in full corpus inventory.,UNKNOWN,,,,,,,,CUMCM-2021-C-C283,,NOT_ANALYZED,C,C,,,,,,,,False,1,2021年数学建模国赛真题+优秀论文/2021年国赛优秀论文C题-C283/C1.jpg,primary,493F17CAAB4B2B076420C0FCB179CFAAE3A95E1F41E967F6F3827BD22C5F6BE4,493F17CAAB4B2B076420C0FCB179CFAAE3A95E1F41E967F6F3827BD22C5F6BE4,active,,,0,unknown,,,,,2026-08-18T00:06:15+08:00,,,2021
,,unknown,unknown,,,,2026-08-18T00:06:15+08:00,,0,0,,,0,,FORMAL,COMPLETE,Q2,PAPER,,,,,catalog/papers.csv; catalog/paper_files.csv; catalog/scale/g8_paper_status.csv,unknown,,,,0,,,,,,No analyzable PAPER PDF selected; identity retained in full corpus inventory.,UNKNOWN,,,,,,,,CUMCM-2021-D-D034,,NOT_ANALYZED,D,D,,,,,,,,False,1,2021年数学建模国赛真题+优秀论文/2021年国赛优秀论文D题-D034/D1.jpg,primary,E4B7ADA72E78AED02A11012DF408685A1658D47BDC9B4623A7BC239EAC20EBA0,E4B7ADA72E78AED02A11012DF408685A1658D47BDC9B4623A7BC239EAC20EBA0,active,,,0,unknown,,,,,2026-08-18T00:06:15+08:00,,,2021
,,unknown,unknown,,,,2026-08-18T00:06:15+08:00,,0,0,,,0,,FORMAL,COMPLETE,Q2,PAPER,,,,,catalog/papers.csv; catalog/paper_files.csv; catalog/scale/g8_paper_status.csv,unknown,,,,0,,,,,,No analyzable PAPER PDF selected; identity retained in full corpus inventory.,UNKNOWN,,,,,,,,CUMCM-2021-B-B106,,NOT_ANALYZED,B,B,,,,,,,,False,1,2021年数学建模国赛真题+优秀论文/2021年国赛优秀论文B题-B106/B1.jpg,primary,C2006CC92DDDA31601271F31FAC56DC2C53D04B5A30215E7B08A0555DED45718,C2006CC92DDDA31601271F31FAC56DC2C53D04B5A30215E7B08A0555DED45718,active,,,0,unknown,,,,,2026-08-18T00:06:15+08:00,,,2021
,,unknown,unknown,,,,2026-08-18T00:06:15+08:00,,0,0,,,0,,FORMAL,COMPLETE,Q2,PAPER,,,,,catalog/papers.csv; catalog/paper_files.csv; catalog/scale/g8_paper_status.csv,unknown,,,,0,,,,,,No analyzable PAPER PDF selected; identity retained in full corpus inventory.,UNKNOWN,,,,,,,,CUMCM-2021-C-C169,,NOT_ANALYZED,C,C,,,,,,,,False,1,2021年数学建模国赛真题+优秀论文/2021年国赛优秀论文C题-C169/C1.jpg,primary,733C555ACDE12B8E8FEAA88A1AEFE199E696DB16BF0C565C58D25D2AD3FBCD8D,733C555ACDE12B8E8FEAA88A1AEFE199E696DB16BF0C565C58D25D2AD3FBCD8D,active,,,0,unknown,,,,,2026-08-18T00:06:15+08:00,,,2021
,,unknown,unknown,,,,2026-08-18T00:16:24+08:00,,0,0,,,0,,FORMAL,INELIGIBLE,,PROBLEM_PACKAGE,,,,,catalog/papers.csv; catalog/paper_files.csv; catalog/scale/g8_paper_status.csv,unknown,,,,0,,,,,,No analyzable PAPER PDF selected; identity retained in full corpus inventory.,UNKNOWN,,,,,,,,CUMCM-2013-B-005,,NOT_ANALYZED,B,B,,,,,,,,False,1,2013年数学建模国赛真题+优秀论文/2013年国赛B题附件/000.bmp,primary,4C221C340B036E6A5181191CF15B8CFEB4F935611137BBE52C0C8AD7A7233E34,4C221C340B036E6A5181191CF15B8CFEB4F935611137BBE52C0C8AD7A7233E34,active,,,0,unknown,,,,,2026-08-18T00:16:24+08:00,,,2013
,,unknown,unknown,,,,2026-08-18T00:16:24+08:00,,0,0,,,0,,FORMAL,INELIGIBLE,,PROBLEM_PACKAGE,,,,,catalog/papers.csv; catalog/paper_files.csv; catalog/scale/g8_paper_status.csv,unknown,,,,0,,,,,,No analyzable PAPER PDF selected; identity retained in full corpus inventory.,UNKNOWN,,,,,,,,CUMCM-2013-B-006,,NOT_ANALYZED,B,B,,,,,,,,False,1,2013年数学建模国赛真题+优秀论文/2013年国赛B题附件 (5)/000a.bmp,primary,EC6FA63614765F323A881677A72D6D0F37802C0BB3F80632229588C555AABDE5,EC6FA63614765F323A881677A72D6D0F37802C0BB3F80632229588C555AABDE5,active,,,0,unknown,,,,,2026-08-18T00:16:24+08:00,,,2013
,,unknown,unknown,,,,2026-08-21T01:41:51+08:00,,0,0,,,0,,FORMAL,,,NOT_IN_G8_STATUS,,,,,catalog/papers.csv; catalog/paper_files.csv; catalog/scale/g8_paper_status.csv,unknown,,,,0,,,,,,No analyzable PAPER PDF selected; identity retained in full corpus inventory.,UNKNOWN,,,,,,,,CUMCM-2025-A-A066,,NOT_ANALYZED,A,A,,,,,,,,True,1,2025年数学建模国赛真题+优秀论文/2025数学建模国赛优秀论文/A066.pdf,primary,9C14EAB19304FE45A36E45A965FA740E2636690630ECD8528335D4E4AEC3E2D4,9C14EAB19304FE45A36E45A965FA740E2636690630ECD8528335D4E4AEC3E2D4,active,,,0,unknown,,,,,2026-08-21T01:41:51+08:00,,,2025
,,unknown,unknown,,,,2026-08-21T01:41:51+08:00,,0,0,,,0,,FORMAL,,,NOT_IN_G8_STATUS,,,,,catalog/papers.csv; catalog/paper_files.csv; catalog/scale/g8_paper_status.csv,unknown,,,,0,,,,,,No analyzable PAPER PDF selected; identity retained in full corpus inventory.,UNKNOWN,,,,,,,,CUMCM-2025-A-A196,,NOT_ANALYZED,A,A,,,,,,,,True,1,2025年数学建模国赛真题+优秀论文/2025数学建模国赛优秀论文/A196.pdf,primary,B5FB5FE4B2D06998BC85BB9276CF16AFC1755913D91F18C01D5209F8F13ADA92,B5FB5FE4B2D06998BC85BB9276CF16AFC1755913D91F18C01D5209F8F13ADA92,active,,,0,unknown,,,,,2026-08-21T01:41:51+08:00,,,2025
,,unknown,unknown,,,,2026-08-21T01:41:51+08:00,,0,0,,,0,,FORMAL,,,NOT_IN_G8_STATUS,,,,,catalog/papers.csv; catalog/paper_files.csv; catalog/scale/g8_paper_status.csv,unknown,,,,0,,,,,,No analyzable PAPER PDF selected; identity retained in full corpus inventory.,UNKNOWN,,,,,,,,CUMCM-2025-B-B060,,NOT_ANALYZED,B,B,,,,,,,,True,1,2025年数学建模国赛真题+优秀论文/2025数学建模国赛优秀论文/B060.pdf,primary,17C1B7E255DCBB8E8AC34C0A750E39D7DF1EE4A5ED0D0323B46388F168090330,17C1B7E255DCBB8E8AC34C0A750E39D7DF1EE4A5ED0D0323B46388F168090330,active,,,0,unknown,,,,,2026-08-21T01:41:51+08:00,,,2025
,,unknown,unknown,,,,2026-08-21T01:41:51+08:00,,0,0,,,0,,FORMAL,,,NOT_IN_G8_STATUS,,,,,catalog/papers.csv; catalog/paper_files.csv; catalog/scale/g8_paper_status.csv,unknown,,,,0,,,,,,No analyzable PAPER PDF selected; identity retained in full corpus inventory.,UNKNOWN,,,,,,,,CUMCM-2025-C-C023,,NOT_ANALYZED,C,C,,,,,,,,True,1,2025年数学建模国赛真题+优秀论文/2025数学建模国赛优秀论文/C023.pdf,primary,515FD73059B427606FFD099781A124D34BAC3306BEE87C61D47259622351EB17,515FD73059B427606FFD099781A124D34BAC3306BEE87C61D47259622351EB17,active,,,0,unknown,,,,,2026-08-21T01:41:51+08:00,,,2025
,,unknown,unknown,,,,2026-08-21T01:41:51+08:00,,0,0,,,0,,FORMAL,,,NOT_IN_G8_STATUS,,,,,catalog/papers.csv; catalog/paper_files.csv; catalog/scale/g8_paper_status.csv,unknown,,,,0,,,,,,No analyzable PAPER PDF selected; identity retained in full corpus inventory.,UNKNOWN,,,,,,,,CUMCM-2025-C-C132,,NOT_ANALYZED,C,C,,,,,,,,True,1,2025年数学建模国赛真题+优秀论文/2025数学建模国赛优秀论文/C132.pdf,primary,08EC307CDC65A673E6838E2E3D00B2337DA414E7891284617E10F370E5F246B5,08EC307CDC65A673E6838E2E3D00B2337DA414E7891284617E10F370E5F246B5,active,,,0,unknown,,,,,2026-08-21T01:41:51+08:00,,,2025
,,unknown,unknown,,,,2026-08-21T01:41:51+08:00,,0,0,,,0,,FORMAL,,,NOT_IN_G8_STATUS,,,,,catalog/papers.csv; catalog/paper_files.csv; catalog/scale/g8_paper_status.csv,unknown,,,,0,,,,,,No analyzable PAPER PDF selected; identity retained in full corpus inventory.,UNKNOWN,,,,,,,,CUMCM-2025-D-D037,,NOT_ANALYZED,D,D,,,,,,,,True,1,2025年数学建模国赛真题+优秀论文/2025数学建模国赛优秀论文/D037.pdf,primary,BDBED46FF5D5841AF82FA6441C8AB3D83A62658672857E445DEADFD8DAD1F0AC,BDBED46FF5D5841AF82FA6441C8AB3D83A62658672857E445DEADFD8DAD1F0AC,active,,,0,unknown,,,,,2026-08-21T01:41:51+08:00,,,2025
,,unknown,unknown,,,,2026-08-21T01:41:51+08:00,,0,0,,,0,,FORMAL,,,NOT_IN_G8_STATUS,,,,,catalog/papers.csv; catalog/paper_files.csv; catalog/scale/g8_paper_status.csv,unknown,,,,0,,,,,,No analyzable PAPER PDF selected; identity retained in full corpus inventory.,UNKNOWN,,,,,,,,CUMCM-2025-E-E030,,NOT_ANALYZED,E,E,,,,,,,,True,1,2025年数学建模国赛真题+优秀论文/2025数学建模国赛优秀论文/E030.pdf,primary,7270DACAB35167E998141D5D34C34D12A912B3620249A892697211F24D009E0D,7270DACAB35167E998141D5D34C34D12A912B3620249A892697211F24D009E0D,active,,,0,unknown,,,,,2026-08-21T01:41:51+08:00,,,2025
