{
  "logical_document_id": "logical_0fc2c8b253dd53a0",
  "page_number_basis": "carrier-local, 1-based",
  "pages": [
    {
      "height": 736.7999877929688,
      "image_count": 2,
      "page": 1,
      "rotation": 0,
      "text_chars": 1243,
      "width": 568.3200073242188
    },
    {
      "height": 736.7999877929688,
      "image_count": 2,
      "page": 2,
      "rotation": 0,
      "text_chars": 1370,
      "width": 568.3200073242188
    },
    {
      "height": 736.7999877929688,
      "image_count": 2,
      "page": 3,
      "rotation": 0,
      "text_chars": 1839,
      "width": 568.3200073242188
    },
    {
      "height": 736.7999877929688,
      "image_count": 2,
      "page": 4,
      "rotation": 0,
      "text_chars": 1273,
      "width": 568.3200073242188
    }
  ],
  "representation_id": "representation_2e879bbdecea7579"
}
